ts,open,high,low,close,volume
1782898200000,745,745.1799926757812,742.5,742.6300048828125,2388004
1782898500000,742.6300048828125,743.4099731445312,742.375,743.072509765625,912760
1782898800000,743.1199951171875,743.75,742.780029296875,743.2100219726562,1153801
1782899100000,743.219970703125,744.119873046875,742.8599853515625,743.6900024414062,913819
1782899400000,743.6900024414062,744.9199829101562,743.6099853515625,744.75,846149
1782899700000,744.739990234375,745.3400268554688,744.4801025390625,745.3200073242188,828006
1782900000000,745.3400268554688,745.6300048828125,745,745.3900146484375,483830
1782900300000,745.405029296875,746.3049926757812,745.3300170898438,746.094970703125,543302
1782900600000,746.0900268554688,746.8900146484375,746.02001953125,746.6099853515625,628072
1782900900000,746.64501953125,746.8300170898438,746.3499755859375,746.75,750140
1782901200000,746.739990234375,746.989990234375,746.6300048828125,746.8099975585938,454617
1782901500000,746.8099975585938,747.02001953125,746.6699829101562,746.8200073242188,300827
1782901800000,746.8200073242188,746.9000244140625,746.02001953125,746.3049926757812,419233
1782902100000,746.2899780273438,746.9299926757812,746,746.9199829101562,487713
1782902400000,746.8930053710938,747.1099853515625,746.469970703125,746.6400146484375,546225
1782902700000,746.6099853515625,746.6400146484375,745.6900024414062,746.4600219726562,481804
1782903000000,746.489990234375,747.0700073242188,746.41748046875,746.8599853515625,379682
1782903300000,746.8800048828125,746.969970703125,746.3800048828125,746.9600219726562,306704
1782903600000,746.989990234375,747.9149780273438,746.9000244140625,747.780029296875,506271
1782903900000,747.7849731445312,748.0700073242188,747.3900146484375,747.6599731445312,718027
1782904200000,747.6699829101562,748.0900268554688,747.4708862304688,748.0700073242188,407140
1782904500000,748.0900268554688,748.6400146484375,748.030029296875,748.47998046875,573080
1782904800000,748.47998046875,749.0499877929688,748.47998046875,748.8900146484375,527674
1782905100000,748.8699951171875,749.3200073242188,748.8099975585938,749.2899780273438,768037
1782905400000,749.280029296875,749.364990234375,748.6400146484375,748.6599731445312,320244
1782905700000,748.6500244140625,748.8800048828125,748.3400268554688,748.6300048828125,360520
1782906000000,748.6599731445312,748.9099731445312,748.5,748.8099975585938,248668
1782906300000,748.780029296875,748.9099731445312,748.3599853515625,748.4600219726562,336484
1782906600000,748.469970703125,748.8400268554688,748.3499755859375,748.52001953125,193883
1782906900000,748.52001953125,748.8800048828125,748.3599853515625,748.7899780273438,286282
1782907200000,748.8109741210938,749.1400146484375,748.6900024414062,748.8099975585938,262549
1782907500000,748.7999877929688,749.0900268554688,748.6699829101562,748.8800048828125,152324
1782907800000,748.8800048828125,749.1400146484375,748.72998046875,749.0900268554688,177492
1782908100000,749.0800170898438,749.1699829101562,748.8599853515625,749.0800170898438,385667
1782908400000,749.0800170898438,749.4349975585938,748.97998046875,749.239990234375,236481
1782908700000,749.25,749.3599853515625,748.969970703125,748.9700927734375,204706
1782909000000,748.97998046875,749.2100219726562,748.969970703125,749.0399780273438,137705
1782909300000,749.02001953125,749.030029296875,748.52001953125,748.5599975585938,250109
1782909600000,748.5399780273438,748.6799926757812,748.2899780273438,748.5999755859375,295509
1782909900000,748.6099853515625,748.8300170898438,748.3200073242188,748.3200073242188,283186
1782910200000,748.3250122070312,748.5549926757812,747.89501953125,748.0599975585938,313846
1782910500000,748.0800170898438,748.1300048828125,747.322509765625,747.52001953125,318935
1782910800000,747.510009765625,747.9299926757812,747.3900146484375,747.5150146484375,250031
1782911100000,747.510009765625,747.569091796875,747.0399780273438,747.47998046875,456779
1782911400000,747.5,747.8699951171875,747.27001953125,747.8201293945312,178588
1782911700000,747.8200073242188,748.1199951171875,747.720703125,748.0700073242188,321515
1782912000000,748.0900268554688,748.3099975585938,748.0499877929688,748.2100219726562,179773
1782912300000,748.2398071289062,748.4199829101562,747.9199829101562,747.9299926757812,271513
1782912600000,747.9400024414062,748.1799926757812,747.6799926757812,747.8200073242188,210559
1782912900000,747.8400268554688,748.0499877929688,747.6500244140625,747.9400024414062,218628
1782913200000,747.9500122070312,747.97998046875,747.469970703125,747.489990234375,119831
1782913500000,747.47998046875,747.6400146484375,747.2899780273438,747.4199829101562,225530
1782913800000,747.4199829101562,747.7399291992188,747.239990234375,747.5999755859375,184187
1782914100000,747.6099853515625,747.6199951171875,747.1599731445312,747.1950073242188,234030
1782914400000,747.2000122070312,747.6900024414062,747.14501953125,747.6900024414062,420904
1782914700000,747.6799926757812,747.6799926757812,747.2899780273438,747.530029296875,194348
1782915000000,747.510009765625,747.5499877929688,747.0900268554688,747.0999755859375,184084
1782915300000,747.0900268554688,747.260009765625,746.7100219726562,747.2100219726562,339707
1782915600000,747.219970703125,747.4400024414062,747.1199951171875,747.4400024414062,338516
1782915900000,747.4299926757812,747.5349731445312,747.1300048828125,747.1400146484375,204926
1782916200000,747.1300048828125,747.2698974609375,747,747.219970703125,233101
1782916500000,747.2000122070312,747.3800048828125,747.0900268554688,747.280029296875,212911
1782916800000,747.27001953125,747.3300170898438,747.0499877929688,747.1799926757812,232956
1782917100000,747.1799926757812,747.2000122070312,746.6801147460938,746.9299926757812,372970
1782917400000,746.9349975585938,746.9949951171875,746.4500122070312,746.4801025390625,435589
1782917700000,746.47998046875,746.9299926757812,746.4500122070312,746.8499755859375,284593
1782918000000,746.8599853515625,747.3300170898438,746.780029296875,747.2750244140625,441118
1782918300000,747.260009765625,747.6900024414062,747.239990234375,747.6099853515625,412872
1782918600000,747.5999755859375,747.6199951171875,747.219970703125,747.3499755859375,441600
1782918900000,747.3200073242188,747.5900268554688,747.27001953125,747.4000244140625,225077
1782919200000,747.4099731445312,747.530029296875,747.280029296875,747.489990234375,254844
1782919500000,747.5,747.5,746.9400024414062,746.9400024414062,601085
1782919800000,746.9400024414062,747.3099975585938,746.9299926757812,747.1500244140625,546729
1782920100000,747.1400146484375,747.1599731445312,746.77001953125,746.8400268554688,426906
1782920400000,746.8300170898438,746.8699951171875,746.4600219726562,746.6500244140625,953912
1782920700000,746.6500244140625,746.6799926757812,746.3300170898438,746.52001953125,673954
1782921000000,746.530029296875,746.7999877929688,745.9199829101562,746.239990234375,1424220
1782921300000,746.22998046875,746.25,745.1599731445312,745.7000122070312,4176329
1782984600000,747.4000244140625,748.719970703125,747.0999755859375,748.5599975585938,2508520
1782984900000,748.5399780273438,749.1900024414062,747.989990234375,748.780029296875,539873
1782985200000,748.8099975585938,750.25,748.6300048828125,749.7999877929688,706026
1782985500000,749.760009765625,750.7362060546875,749.510009765625,750.405029296875,474360
1782985800000,750.4190063476562,751.2449951171875,750.1799926757812,750.469970703125,707106
1782986100000,750.489990234375,750.77001953125,750.030029296875,750.760009765625,435326
1782986400000,750.780029296875,751.0900268554688,750.4000244140625,750.7794799804688,387736
1782986700000,750.780029296875,751.3099975585938,750.1199951171875,750.2449951171875,505269
1782987000000,750.260009765625,751.239990234375,749.6699829101562,750.9600219726562,578904
1782987300000,750.969970703125,751.219970703125,750.1400146484375,750.6699829101562,390691
1782987600000,750.6599731445312,750.77001953125,749.52001953125,749.6500244140625,628550
1782987900000,749.6599731445312,749.7999877929688,747.6099853515625,747.9400024414062,986129
1782988200000,747.9500122070312,749.3800048828125,747.5599975585938,748.27001953125,701328
1782988500000,748.2750244140625,749.1400146484375,747.8040161132812,748.4550170898438,417189
1782988800000,748.4500122070312,748.6300048828125,746.3499755859375,746.8800048828125,636437
1782989100000,746.8900146484375,747.6799926757812,746.3200073242188,747.27001953125,489508
1782989400000,747.2849731445312,747.7100219726562,746.02001953125,746.5,459111
1782989700000,746.47998046875,747.6699829101562,746.4299926757812,747.6599731445312,266821
1782990000000,747.6500244140625,747.8280029296875,746.0399780273438,746.0700073242188,526444
1782990300000,746.0900268554688,746.3699951171875,744.2000122070312,745.3624877929688,915252
1782990600000,745.3800048828125,746.530029296875,745.010009765625,746.0599975585938,405388
1782990900000,746.0599975585938,746.3400268554688,744.4400024414062,744.6300048828125,523939
1782991200000,744.6900024414062,745.9400024414062,744.3300170898438,745.8800048828125,448169
1782991500000,745.9099731445312,746.02001953125,744.8900146484375,744.9099731445312,406656
1782991800000,744.8800048828125,746.2650146484375,744.8699951171875,746.0800170898438,379207
1782992100000,746.0999755859375,746.7100219726562,745.9600219726562,746.2349853515625,483631
1782992400000,746.22998046875,746.5499877929688,745.2861938476562,745.2861938476562,348866
1782992700000,745.2899780273438,745.718994140625,744.739990234375,744.8599853515625,166238
1782993000000,744.8800048828125,744.8800048828125,744.0499877929688,744.614990234375,311294
1782993300000,744.5999755859375,744.9400024414062,744.0700073242188,744.64501953125,324263
1782993600000,744.6500244140625,744.8699951171875,743.6699829101562,744.3200073242188,728464
1782993900000,744.3099975585938,744.594970703125,743.7999877929688,743.906005859375,193043
1782994200000,743.9500122070312,744.669921875,743.8099975585938,744.5,211939
1782994500000,744.5,744.614990234375,743.969970703125,744.0499877929688,219089
1782994800000,744.0499877929688,744.0750122070312,743.3699951171875,743.4500122070312,333837
1782995100000,743.4400024414062,744.02001953125,743.4199829101562,743.5399780273438,266933
1782995400000,743.5599975585938,743.5700073242188,742.8300170898438,742.8300170898438,734008
1782995700000,742.8200073242188,743.1099853515625,742.1099853515625,742.6699829101562,479644
1782996000000,742.6799926757812,743.3599853515625,742.5999755859375,743.2449951171875,523397
1782996300000,743.22998046875,743.27001953125,742.77001953125,742.989990234375,241683
1782996600000,742.989990234375,743.3599853515625,742.5700073242188,742.9000244140625,289710
1782996900000,742.9099731445312,742.9199829101562,741.8099975585938,742.1799926757812,340170
1782997200000,742.2000122070312,742.280029296875,740.52001953125,740.85498046875,475859
1782997500000,740.8499755859375,741.9500122070312,740.3699951171875,741.52001953125,513056
1782997800000,741.510009765625,741.9400024414062,741.219970703125,741.75,340622
1782998100000,741.75,742.1699829101562,741.3800048828125,741.4600219726562,1007248
1782998400000,741.469970703125,741.9000244140625,741.280029296875,741.3657836914062,859947
1782998700000,741.3699951171875,741.6500244140625,741.1400146484375,741.530029296875,688107
1782999000000,741.5399780273438,742.0999755859375,741.4299926757812,741.4299926757812,263261
1782999300000,741.4299926757812,741.5700073242188,740.6500244140625,740.75,513240
1782999600000,740.7449951171875,741.2100219726562,740.4299926757812,741.1199951171875,259671
1782999900000,741.0800170898438,741.1500244140625,740.22998046875,740.6400146484375,336425
1783000200000,740.6300048828125,741.1099853515625,740.3499755859375,740.9409790039062,255859
1783000500000,740.9400024414062,741.02001953125,740.030029296875,740.239990234375,476222
1783000800000,740.260009765625,740.989990234375,740.0499877929688,740.9400024414062,462007
1783001100000,740.9400024414062,742.469970703125,740.9000244140625,742.4400024414062,548620
1783001400000,742.4400024414062,742.9000244140625,742.1300048828125,742.219970703125,287109
1783001700000,742.25,742.3800048828125,741.4000244140625,741.6900024414062,302712
1783002000000,741.6699829101562,742.2899780273438,741.6649780273438,742.155029296875,218599
1783002300000,742.155029296875,742.72998046875,741.9600219726562,742.719970703125,224082
1783002600000,742.7100219726562,743.3400268554688,742.6599731445312,742.9299926757812,397918
1783002900000,742.9600219726562,743.280029296875,742.8499755859375,743.1599731445312,263336
1783003200000,743.1649780273438,743.3300170898438,742.969970703125,743.0399780273438,239079
1783003500000,743.0549926757812,743.2899780273438,742.530029296875,743.2374877929688,345624
1783003800000,743.219970703125,743.510009765625,742.8599853515625,742.8599853515625,510746
1783004100000,742.8699951171875,743.0999755859375,742.5800170898438,742.989501953125,223207
1783004400000,742.989990234375,743.1301879882812,741.5599975585938,741.648193359375,316834
1783004700000,741.6400146484375,742.0999755859375,741.27001953125,741.8599853515625,465790
1783005000000,741.875,742.22998046875,741.530029296875,742.0399780273438,272595
1783005300000,742.0499877929688,742.1500244140625,741.52001953125,741.7999877929688,286971
1783005600000,741.8200073242188,741.8900146484375,741.52001953125,741.5999755859375,728011
1783005900000,741.5900268554688,742.6400146484375,741.4600219726562,742.3099975585938,628453
1783006200000,742.3400268554688,742.8900146484375,742.1699829101562,742.8400268554688,484616
1783006500000,742.8499755859375,743.1500244140625,742.5800170898438,743.1099853515625,464160
1783006800000,743.1099853515625,743.375,742.77001953125,743.25,614894
1783007100000,743.260009765625,743.3800048828125,742.989990234375,743.27001953125,899053
1783007400000,743.280029296875,744.510009765625,743.2750244140625,744.47998046875,2388157
1783007700000,744.5,745.5800170898438,744.280029296875,744.8400268554688,5949984
1783330200000,748.739990234375,749.4849853515625,748.1199951171875,749.1599731445312,1901032
1783330500000,749.1599731445312,749.1599731445312,747.4099731445312,748.2916870117188,667148
1783330800000,748.3099975585938,748.6599731445312,747.719970703125,748.6400146484375,683589
1783331100000,748.6199951171875,749.0999755859375,748.2999877929688,748.9400024414062,796538
1783331400000,748.9500122070312,749.5399780273438,748.25,748.875,807576
1783331700000,748.8699951171875,748.9650268554688,748.3099975585938,748.5,440195
1783332000000,748.5399780273438,749.010009765625,747.969970703125,748.3800048828125,369303
1783332300000,748.3400268554688,749.0499877929688,748.0499877929688,748.8099975585938,335369
1783332600000,748.8090209960938,749.4500122070312,748.5999755859375,749.4000244140625,432665
1783332900000,749.4000244140625,749.47998046875,748.9600219726562,749.1799926757812,1553172
1783333200000,749.1900024414062,749.8400268554688,749.0399780273438,749.6500244140625,813372
1783333500000,749.6699829101562,749.97998046875,749.5599975585938,749.9400024414062,702714
1783333800000,749.9299926757812,750.1699829101562,749.6199951171875,749.7000122070312,539237
1783334100000,749.7000122070312,749.8599853515625,749.4400024414062,749.6668090820312,459219
1783334400000,749.6500244140625,749.7550048828125,749.0999755859375,749.6699829101562,356776
1783334700000,749.6500244140625,749.8699951171875,749.5,749.75,259281
1783335000000,749.75,750.0399780273438,749.5999755859375,749.8900146484375,439754
1783335300000,749.8599853515625,750.2750244140625,749.7000122070312,750.2750244140625,387027
1783335600000,750.280029296875,750.4199829101562,749.9500122070312,750.1799926757812,407756
1783335900000,750.1749877929688,750.2999877929688,749.9949951171875,750.25,308518
1783336200000,750.260009765625,750.4000244140625,749.8200073242188,750.1099853515625,427011
1783336500000,750.094970703125,750.094970703125,749.6099853515625,749.989990234375,275695
1783336800000,749.989990234375,750.3699951171875,749.760009765625,750.369873046875,369123
1783337100000,750.3300170898438,750.8099975585938,750.219970703125,750.760009765625,777787
1783337400000,750.780029296875,750.9600219726562,750.5900268554688,750.6199951171875,388160
1783337700000,750.6199951171875,750.7050170898438,750.3499755859375,750.6300048828125,324331
1783338000000,750.6300048828125,750.8499755859375,750.5599975585938,750.8099975585938,309989
1783338300000,750.8099975585938,750.9299926757812,750.6508178710938,750.8699951171875,318060
1783338600000,750.8800048828125,750.969970703125,750.6099853515625,750.6300048828125,351942
1783338900000,750.6400146484375,750.9500122070312,750.6199951171875,750.8400268554688,307064
1783339200000,750.8300170898438,750.8699951171875,750.6599731445312,750.7999877929688,196362
1783339500000,750.8049926757812,751.030029296875,750.72998046875,750.9400024414062,335347
1783339800000,750.9249877929688,751.1099853515625,750.8800048828125,750.989990234375,410148
1783340100000,750.97998046875,751.0700073242188,750.8499755859375,750.989990234375,337273
1783340400000,750.989990234375,751.1199951171875,750.8200073242188,750.9000244140625,285370
1783340700000,750.8699951171875,750.9199829101562,750.5499877929688,750.6500244140625,293745
1783341000000,750.6500244140625,750.77001953125,750.469970703125,750.6300048828125,394515
1783341300000,750.6300048828125,750.6599731445312,750.3900146484375,750.5999755859375,268717
1783341600000,750.60009765625,750.760009765625,750.5800170898438,750.719970703125,181265
1783341900000,750.719970703125,751.030029296875,750.5499877929688,751.010009765625,320021
1783342200000,751.02001953125,751.0800170898438,750.6099853515625,750.6099853515625,233763
1783342500000,750.6199951171875,750.7299194335938,750.3699951171875,750.4600219726562,451795
1783342800000,750.47998046875,750.9749755859375,750.405029296875,750.8756713867188,268503
1783343100000,750.8701171875,751.530029296875,750.8699951171875,751.3900146484375,455392
1783343400000,751.3800048828125,751.469970703125,751.1898803710938,751.3499755859375,222312
1783343700000,751.3400268554688,751.4400024414062,750.97998046875,751.0850219726562,560672
1783344000000,751.0800170898438,751.1199951171875,750.8150024414062,750.969970703125,202340
1783344300000,750.969970703125,751.0999755859375,750.6099853515625,750.7000122070312,447552
1783344600000,750.7000122070312,750.75,750.25,750.3494873046875,315372
1783344900000,750.3350219726562,750.530029296875,750.1799926757812,750.344970703125,218173
1783345200000,750.3400268554688,750.3400268554688,749.6300048828125,750.0850219726562,478553
1783345500000,750.0850219726562,750.4099731445312,749.8499755859375,750.296875,178229
1783345800000,750.3099975585938,750.52001953125,750.0499877929688,750.0695190429688,190389
1783346100000,750.0800170898438,750.14501953125,749.9299926757812,750.1298828125,164282
1783346400000,750.1300048828125,750.77001953125,750.1300048828125,750.7100219726562,376150
1783346700000,750.7100219726562,751.1099853515625,750.6199951171875,750.9600219726562,408703
1783347000000,750.9600219726562,751.0599975585938,750.8250122070312,751.010009765625,322665
1783347300000,751.0399780273438,751.52001953125,751.02001953125,751.3699951171875,357395
1783347600000,751.3599853515625,751.5,751.25,751.47998046875,296442
1783347900000,751.47998046875,751.6063842773438,751.280029296875,751.3300170898438,264314
1783348200000,751.3300170898438,751.5180053710938,751.0900268554688,751.1300048828125,328390
1783348500000,751.1199951171875,751.2899780273438,751.010009765625,751.0650024414062,622291
1783348800000,751.0700073242188,751.3599853515625,751.0700073242188,751.239990234375,235840
1783349100000,751.25,751.6680297851562,751.2100219726562,751.5900268554688,260397
1783349400000,751.5900268554688,751.8200073242188,751.530029296875,751.8012084960938,269865
1783349700000,751.8099975585938,752.0250244140625,751.6799926757812,751.9299926757812,393445
1783350000000,751.9400024414062,752.1300048828125,751.6799926757812,751.8599853515625,344140
1783350300000,751.8699951171875,751.97998046875,751.6900024414062,751.77001953125,831736
1783350600000,751.77001953125,751.9299926757812,751.6900024414062,751.7899780273438,365360
1783350900000,751.7999877929688,752.1400146484375,751.6599731445312,752.114990234375,876464
1783351200000,752.1099853515625,752.4099731445312,752.0001220703125,752.2999877929688,684081
1783351500000,752.3099975585938,752.359375,752.1099853515625,752.2899780273438,548469
1783351800000,752.280029296875,752.2899780273438,751.9349975585938,752.0399780273438,632983
1783352100000,752.0449829101562,752.1500244140625,751.739990234375,751.9600219726562,1458343
1783352400000,751.9500122070312,752.0449829101562,751.780029296875,752.030029296875,444293
1783352700000,752.0399780273438,752.219970703125,751.8800048828125,751.9600219726562,925725
1783353000000,751.9600219726562,751.97998046875,751.2000122070312,751.2100219726562,2227157
1783353300000,751.219970703125,751.4000244140625,750.77001953125,751.3099975585938,5168682
1783416600000,750.219970703125,750.9600219726562,749.3800048828125,749.47998046875,2008176
1783416900000,749.4600219726562,749.9199829101562,749.1599731445312,749.510009765625,633195
1783417200000,749.47998046875,750.22998046875,749.1599731445312,750.1500854492188,682340
1783417500000,750.1599731445312,750.2100219726562,749.5,749.6199951171875,622507
1783417800000,749.5900268554688,749.9000244140625,748.739990234375,748.9400024414062,580944
1783418100000,748.9400024414062,749.0499877929688,748.25,748.8499755859375,750127
1783418400000,748.8504028320312,749.2000122070312,748.22998046875,748.5599975585938,448314
1783418700000,748.5900268554688,748.969970703125,748.1199951171875,748.280029296875,383710
1783419000000,748.27001953125,748.2899780273438,746.9600219726562,747.030029296875,777076
1783419300000,747.0108032226562,747.5050048828125,746.469970703125,747.5050048828125,743850
1783419600000,747.5,747.7100219726562,746.6199951171875,746.6400146484375,421552
1783419900000,746.6699829101562,746.719970703125,746.0900268554688,746.7000122070312,838358
1783420200000,746.6799926757812,747.010009765625,746.2899780273438,746.3800048828125,687134
1783420500000,746.3699951171875,746.5499877929688,745.8699951171875,745.8800048828125,632548
1783420800000,745.8800048828125,746.1400146484375,745.2100219726562,745.7899780273438,775993
1783421100000,745.7949829101562,746.4849853515625,745.7000122070312,746.1799926757812,496856
1783421400000,746.1900024414062,746.7650146484375,745.97998046875,746.6199951171875,490024
1783421700000,746.6199951171875,746.9199829101562,746.4299926757812,746.4450073242188,408609
1783422000000,746.4600219726562,746.5700073242188,745.9400024414062,746.3699951171875,482982
1783422300000,746.3699951171875,746.6699829101562,746.1799926757812,746.5650024414062,335094
1783422600000,746.5650024414062,746.6799926757812,746.0700073242188,746.0701293945312,364875
1783422900000,746.0700073242188,746.1099853515625,745.760009765625,745.9500122070312,299834
1783423200000,745.9500122070312,746.3300170898438,745.780029296875,745.8900146484375,230533
1783423500000,745.9199829101562,746.3690185546875,745.77001953125,746.3690185546875,232311
1783423800000,746.3599853515625,746.4400024414062,745.9299926757812,745.9299926757812,224539
1783424100000,745.9400024414062,746.219970703125,745.6400146484375,745.6649780273438,245432
1783424400000,745.6599731445312,746.4279174804688,745.4299926757812,746.4279174804688,259401
1783424700000,746.4199829101562,747.2100219726562,746.4000244140625,746.630126953125,517932
1783425000000,746.6300048828125,747.2999877929688,746.6199951171875,747.02001953125,325676
1783425300000,747.010009765625,747.4500122070312,746.780029296875,747.3599853515625,262281
1783425600000,747.3800048828125,747.7899780273438,747.2600708007812,747.6500244140625,332994
1783425900000,747.6699829101562,748.0700073242188,747.25,747.489990234375,345258
1783426200000,747.489990234375,748.1599731445312,747.489990234375,748.0399780273438,270305
1783426500000,748.0499877929688,748.2000122070312,747.8400268554688,748.0399780273438,394558
1783426800000,748.0399780273438,748.8400268554688,748.02001953125,748.5399169921875,533271
1783427100000,748.5349731445312,748.989990234375,748.47998046875,748.77001953125,366371
1783427400000,748.7650146484375,749.0198974609375,748.4299926757812,748.60498046875,424389
1783427700000,748.6099853515625,748.8400268554688,748.239990234375,748.8150024414062,223593
1783428000000,748.8200073242188,748.9400024414062,748.5700073242188,748.8699951171875,406224
1783428300000,748.8599853515625,749.1300048828125,748.8499755859375,749.0399780273438,443469
1783428600000,749.0599975585938,749.1199951171875,748.75,748.7899780273438,288795
1783428900000,748.8099975585938,748.9600219726562,748.5,748.9600219726562,323810
1783429200000,748.9600219726562,749.1699829101562,748.8599853515625,749.1699829101562,201021
1783429500000,749.1400146484375,749.3400268554688,749.0900268554688,749.1599731445312,490250
1783429800000,749.155029296875,749.1799926757812,748.740478515625,748.8099975585938,190037
1783430100000,748.8300170898438,748.8599853515625,748.4199829101562,748.6099853515625,235662
1783430400000,748.6300048828125,749.1502075195312,748.5499877929688,748.9990844726562,235895
1783430700000,748.989990234375,749.0800170898438,748.7999877929688,748.8400268554688,228833
1783431000000,748.8499755859375,749.1799926757812,748.8300170898438,749.0599975585938,221909
1783431300000,749.0399780273438,749.219970703125,748.7999877929688,749.10498046875,250926
1783431600000,749.1099853515625,749.27001953125,748.9400024414062,749.125,198795
1783431900000,749.1300048828125,749.1400146484375,748.739990234375,748.8800048828125,311444
1783432200000,748.9000244140625,749.030029296875,748.6500244140625,748.8073120117188,160103
1783432500000,748.7999877929688,749.1799926757812,748.72998046875,749.1799926757812,190357
1783432800000,749.1799926757812,749.27001953125,748.8900146484375,749.0900268554688,305510
1783433100000,749.094970703125,749.2000122070312,748.8300170898438,748.9400024414062,178724
1783433400000,748.969970703125,749.2000122070312,748.9000244140625,748.9949951171875,346659
1783433700000,749.010009765625,749.1900024414062,748.8900146484375,749.0499877929688,406214
1783434000000,749.0499877929688,749.2999877929688,748.9299926757812,749.1400146484375,214625
1783434300000,749.1500244140625,749.260009765625,748.8699951171875,748.989990234375,189553
1783434600000,749,749.0700073242188,748.5700073242188,748.7100219726562,418308
1783434900000,748.6900024414062,749.0399780273438,748.5399780273438,748.9099731445312,257120
1783435200000,748.9099731445312,748.9600219726562,748.4000244140625,748.7266235351562,408160
1783435500000,748.72998046875,748.8400268554688,747.6599731445312,748.155029296875,446637
1783435800000,748.1699829101562,748.239990234375,747.469970703125,747.7899780273438,633556
1783436100000,747.780029296875,747.9000244140625,747.4199829101562,747.510009765625,505309
1783436400000,747.5,747.7000122070312,746.8200073242188,747.2000122070312,878388
1783436700000,747.2100219726562,747.5700073242188,746.6699829101562,746.7794799804688,701270
1783437000000,746.780029296875,747.030029296875,746.5499877929688,746.8201293945312,770342
1783437300000,746.7999877929688,746.8699951171875,746,746.6900024414062,943688
1783437600000,746.665771484375,747.0599975585938,746.4299926757812,747.0399780273438,564601
1783437900000,747.0399780273438,747.0599975585938,746.5499877929688,746.7000122070312,460710
1783438200000,746.6699829101562,747.27001953125,746.6599731445312,747.1925048828125,606140
1783438500000,747.2000122070312,747.2000122070312,746.6699829101562,746.77001953125,525934
1783438800000,746.760009765625,746.8200073242188,746.3800048828125,746.52001953125,704955
1783439100000,746.530029296875,747.0599975585938,746.5,746.989990234375,990271
1783439400000,747.010009765625,747.77001953125,747.010009765625,747.7449951171875,1271051
1783439700000,747.719970703125,747.969970703125,747.1400146484375,747.7000122070312,2942974
1783503000000,743.1599731445312,744.0850219726562,742.6400146484375,743.6599731445312,3113957
1783503300000,743.6599731445312,744.169921875,743.0399780273438,743.9749755859375,835165
1783503600000,743.9500122070312,744.75,743.8099975585938,744.3400268554688,603095
1783503900000,744.3099975585938,744.9249877929688,743.5,743.6400146484375,1008334
1783504200000,743.6300048828125,744.4600219726562,743.3499755859375,743.6599731445312,589677
1783504500000,743.6599731445312,744.6300048828125,743.22998046875,744.02001953125,703915
1783504800000,744.030029296875,744.47998046875,743.5900268554688,743.8098754882812,549242
1783505100000,743.7899780273438,744.7000122070312,743.77001953125,744.260009765625,556244
1783505400000,744.239990234375,744.4299926757812,743.0599975585938,743.219970703125,595716
1783505700000,743.2000122070312,743.5999755859375,742.6799926757812,743.2000122070312,578912
1783506000000,743.1799926757812,744.5399780273438,742.9804077148438,743.7899780273438,632267
1783506300000,743.780029296875,744.4299926757812,742.760009765625,743.1099853515625,468132
1783506600000,743.0900268554688,743.6900024414062,742.72998046875,743.3099975585938,478327
1783506900000,743.2999877929688,743.2999877929688,742.2337036132812,742.3200073242188,580585
1783507200000,742.27001953125,742.72998046875,741.9500122070312,742.4400024414062,505123
1783507500000,742.4299926757812,742.47998046875,741.2899780273438,741.2899780273438,582546
1783507800000,741.2899780273438,742.8363037109375,740.9299926757812,742.1199951171875,812582
1783508100000,742.0999755859375,742.7100219726562,741.56201171875,741.8400268554688,325792
1783508400000,741.8300170898438,742.030029296875,741.4199829101562,741.5399780273438,235469
1783508700000,741.5349731445312,741.9299926757812,741.3900146484375,741.5050048828125,342367
1783509000000,741.5,741.8400268554688,740.9500122070312,741.1199951171875,351963
1783509300000,741.0999755859375,741.5125122070312,740.3800048828125,741.3200073242188,597418
1783509600000,741.2999877929688,741.5599975585938,740.0499877929688,740.1500244140625,560931
1783509900000,740.1400146484375,740.3300170898438,739.5499877929688,739.9400024414062,698137
1783510200000,739.9600219726562,740.7576293945312,739.510009765625,740.7399291992188,572448
1783510500000,740.7100219726562,741.27001953125,740.4099731445312,740.5900268554688,396502
1783510800000,740.5999755859375,741.1900024414062,740.5599975585938,740.739990234375,232555
1783511100000,740.719970703125,741.010009765625,740.3200073242188,740.5,290627
1783511400000,740.4949951171875,740.5900268554688,740.0198974609375,740.47998046875,476006
1783511700000,740.47998046875,740.7999877929688,740.1699829101562,740.6400146484375,430967
1783512000000,740.6799926757812,741.260009765625,740.6099853515625,741.25,390387
1783512300000,741.239990234375,741.75,741.0900268554688,741.6599731445312,322584
1783512600000,741.6599731445312,742.3499755859375,741.6400146484375,742.27001953125,348047
1783512900000,742.27001953125,742.684326171875,741.97998046875,742.5800170898438,437682
1783513200000,742.5800170898438,743.22998046875,742.5399780273438,742.72998046875,400624
1783513500000,742.739990234375,743.469970703125,742.6699829101562,743.0999755859375,264525
1783513800000,743.0900268554688,743.8270263671875,742.97998046875,743.0250244140625,328898
1783514100000,743.02001953125,743.5399780273438,742.4500122070312,743.219970703125,507501
1783514400000,743.1900024414062,744.2177124023438,742.8900146484375,743.9400024414062,431671
1783514700000,743.9299926757812,744.280029296875,743.5800170898438,744.27001953125,417133
1783515000000,744.2899780273438,744.6099853515625,744.0900268554688,744.4000244140625,366260
1783515300000,744.4000244140625,744.75,744.22998046875,744.6799926757812,300279
1783515600000,744.6599731445312,744.7000122070312,744.1099853515625,744.2899780273438,322369
1783515900000,744.2899780273438,744.75,744.1699829101562,744.280029296875,309047
1783516200000,744.2899780273438,744.6300048828125,743.9849853515625,744.280029296875,352487
1783516500000,744.2899780273438,744.989990234375,744.280029296875,744.9400024414062,277739
1783516800000,744.9299926757812,745.4600219726562,744.8699951171875,745.4400024414062,352432
1783517100000,745.4500122070312,745.780029296875,745.22998046875,745.719970703125,256535
1783517400000,745.72998046875,746.0900268554688,745.5499877929688,745.5499877929688,313575
1783517700000,745.5499877929688,745.719970703125,745.2550048828125,745.260009765625,362237
1783518000000,745.27001953125,745.3200073242188,744.7000122070312,744.9500122070312,349507
1783518300000,744.9400024414062,744.97998046875,744.260009765625,744.3599853515625,303764
1783518600000,744.3800048828125,744.8800048828125,744.2324829101562,744.4299926757812,208058
1783518900000,744.4299926757812,744.469970703125,743.9500122070312,744.3900146484375,250451
1783519200000,744.3800048828125,745.4500122070312,744,745.2899780273438,653580
1783519500000,745.239990234375,745.3800048828125,744.8699951171875,745.27001953125,222634
1783519800000,745.25,745.510009765625,744.9199829101562,745.280029296875,287744
1783520100000,745.2999877929688,745.4099731445312,744.7224731445312,745.1799926757812,283448
1783520400000,745.1599731445312,745.3099975585938,744.8800048828125,744.9099731445312,191908
1783520700000,744.9400024414062,745.22998046875,744.6699829101562,744.6699829101562,230637
1783521000000,744.6699829101562,744.7797241210938,744.260009765625,744.4400024414062,263695
1783521300000,744.4600219726562,745.25,744.3300170898438,745.1799926757812,268681
1783521600000,745.1699829101562,745.3099975585938,744.5698852539062,745.0399780273438,214897
1783521900000,745.0800170898438,745.3300170898438,744.7999877929688,745.27001953125,189434
1783522200000,745.260009765625,745.5,745.030029296875,745.1400146484375,389759
1783522500000,745.1500244140625,745.3300170898438,744.780029296875,745.3300170898438,201555
1783522800000,745.3400268554688,745.7249755859375,745.0499877929688,745.260009765625,362839
1783523100000,745.25,745.4099731445312,744.989990234375,745.2999877929688,240649
1783523400000,745.3200073242188,745.3400268554688,744.7999877929688,744.8900146484375,327549
1783523700000,744.8900146484375,745.1500244140625,744.6799926757812,744.8300170898438,251633
1783524000000,744.8400268554688,745.27001953125,744.8099975585938,745.030029296875,241820
1783524300000,745.030029296875,745.3599853515625,744.9400024414062,745.1900024414062,251953
1783524600000,745.2000122070312,745.3400268554688,744.8300170898438,744.9199829101562,277760
1783524900000,744.9249877929688,745.3900146484375,744.8350219726562,745.239990234375,365064
1783525200000,745.219970703125,745.3699951171875,744.8900146484375,745.3300170898438,385543
1783525500000,745.3300170898438,745.3699951171875,744.4099731445312,744.7999877929688,850847
1783525800000,744.780029296875,745.7000122070312,744.5999755859375,745.6599731445312,851758
1783526100000,745.739990234375,746.1500244140625,745.27001953125,745.2899780273438,3054338
1783589400000,747.3499755859375,747.5,745.6799926757812,747.3499755859375,2486544
1783589700000,747.3599853515625,748.3579711914062,747.0999755859375,748.1199951171875,704785
1783590000000,748.1500244140625,748.510009765625,747.489990234375,748.4000244140625,461671
1783590300000,748.4000244140625,748.760009765625,747.739990234375,748.1099853515625,475555
1783590600000,748.0999755859375,749.1099853515625,747.8150024414062,748.9500122070312,1449695
1783590900000,748.97998046875,749.22998046875,748.5599975585938,748.6699829101562,457388
1783591200000,748.6900024414062,749.02001953125,748.5009765625,748.6900024414062,329240
1783591500000,748.6699829101562,748.8499755859375,747.969970703125,747.969970703125,423110
1783591800000,747.9600219726562,748,747.27001953125,747.5499877929688,471240
1783592100000,747.5599975585938,747.5599975585938,745.9299926757812,746.2586059570312,1456170
1783592400000,746.260009765625,746.989990234375,745.5900268554688,746.9500122070312,703987
1783592700000,746.9299926757812,748.1900024414062,746.75,747.8798828125,697765
1783593000000,747.8599853515625,748.0650024414062,747.0999755859375,747.6500244140625,225965
1783593300000,747.6500244140625,748.47998046875,747.5499877929688,748.4000244140625,212739
1783593600000,748.4000244140625,748.47998046875,747.8099975585938,747.8800048828125,192076
1783593900000,747.9099731445312,748.3800048828125,747.8400268554688,748.0499877929688,226563
1783594200000,748.0599975585938,748.0599975585938,747.25,747.969970703125,411178
1783594500000,747.9600219726562,748.9199829101562,747.9600219726562,748.72998046875,314693
1783594800000,748.719970703125,748.9400024414062,748.5999755859375,748.860107421875,297352
1783595100000,748.8800048828125,749.5599975585938,748.8400268554688,749.489990234375,369154
1783595400000,749.5,749.5800170898438,749.0999755859375,749.2000122070312,293939
1783595700000,749.1900024414062,749.5900268554688,748.97998046875,749.219970703125,316150
1783596000000,749.239990234375,749.9600219726562,749.2100219726562,749.9000244140625,215873
1783596300000,749.9080200195312,749.97998046875,749.719970703125,749.7999877929688,324864
1783596600000,749.780029296875,749.7999877929688,749.4849853515625,749.5800170898438,215318
1783596900000,749.5499877929688,749.8800048828125,749.52001953125,749.8699951171875,182820
1783597200000,749.8699951171875,750.25,749.80078125,750.1099853515625,263604
1783597500000,750.0999755859375,750.25,749.9299926757812,750.1599731445312,163099
1783597800000,750.1699829101562,750.2000122070312,749.8699951171875,749.9199829101562,185723
1783598100000,749.9199829101562,750.0850219726562,749.7999877929688,749.8699951171875,193083
1783598400000,749.8800048828125,750.4400024414062,749.8699951171875,750.3300170898438,258866
1783598700000,750.3200073242188,750.5700073242188,750.3200073242188,750.4400024414062,225574
1783599000000,750.4600219726562,750.5499877929688,750.3499755859375,750.5250244140625,183901
1783599300000,750.510009765625,750.6699829101562,750.3800048828125,750.5593872070312,201571
1783599600000,750.5399780273438,750.8200073242188,750.4500122070312,750.7999877929688,280654
1783599900000,750.7899780273438,750.8099975585938,750.573974609375,750.6400146484375,1491905
1783600200000,750.6400146484375,750.89990234375,750.47998046875,750.47998046875,266054
1783600500000,750.4749755859375,750.5900268554688,750.3300170898438,750.5800170898438,279523
1783600800000,750.5900268554688,750.7899780273438,750.5900268554688,750.6900024414062,183015
1783601100000,750.6900024414062,750.75,750.3699951171875,750.47998046875,181236
1783601400000,750.47998046875,750.60498046875,750.3599853515625,750.4199829101562,200371
1783601700000,750.4100952148438,750.4949951171875,750.239990234375,750.4400024414062,663809
1783602000000,750.4500122070312,750.8400268554688,750.4000244140625,750.719970703125,174654
1783602300000,750.7000122070312,751.2200927734375,750.6400146484375,751.125,304715
1783602600000,751.1199951171875,751.3900146484375,751.0800170898438,751.22998046875,246238
1783602900000,751.22998046875,751.5850219726562,751.219970703125,751.5399780273438,168952
1783603200000,751.5499877929688,751.6699829101562,751.3800048828125,751.4500122070312,250581
1783603500000,751.4550170898438,751.7899780273438,751.4500122070312,751.7550048828125,244090
1783603800000,751.760009765625,751.8300170898438,751.4500122070312,751.6300048828125,300959
1783604100000,751.6104736328125,751.9000244140625,751.5900268554688,751.7100219726562,211758
1783604400000,751.719970703125,751.7999877929688,751.510009765625,751.7000122070312,182383
1783604700000,751.7100219726562,751.969970703125,751.6900024414062,751.8400268554688,272284
1783605000000,751.8499755859375,751.9099731445312,751.6799926757812,751.72998046875,235938
1783605300000,751.719970703125,751.75,751.1799926757812,751.6300048828125,322261
1783605600000,751.625,751.72998046875,751.4400024414062,751.5250244140625,292088
1783605900000,751.5250244140625,751.8099975585938,751.510009765625,751.7000122070312,288164
1783606200000,751.7000122070312,751.8300170898438,751.6300048828125,751.739990234375,243271
1783606500000,751.739990234375,751.864990234375,751.5499877929688,751.6300048828125,219393
1783606800000,751.64501953125,751.64501953125,751.3400268554688,751.344970703125,317386
1783607100000,751.3499755859375,751.4505004882812,751.239990234375,751.4505004882812,309616
1783607400000,751.4500122070312,751.5894775390625,751.22998046875,751.27001953125,282941
1783607700000,751.260009765625,751.3499755859375,751.1027221679688,751.14501953125,293451
1783608000000,751.14501953125,751.3300170898438,751.0399780273438,751.2999877929688,488916
1783608300000,751.2899780273438,751.3400268554688,751.1099853515625,751.2899780273438,354478
1783608600000,751.2899780273438,751.3400268554688,751.1099853515625,751.1265869140625,515492
1783608900000,751.1099853515625,751.1300048828125,750.8599853515625,751.0499267578125,382493
1783609200000,751.0499877929688,751.0700073242188,750.72998046875,750.8300170898438,407176
1783609500000,750.8201293945312,751.010009765625,750.6600952148438,750.780029296875,307281
1783609800000,750.77001953125,751.030029296875,750.6699829101562,750.9000244140625,296623
1783610100000,750.9000244140625,751.469970703125,750.8400268554688,751.2999877929688,386727
1783610400000,751.2999877929688,751.4299926757812,751.1400146484375,751.1799926757812,370584
1783610700000,751.1900024414062,751.260009765625,751.0499877929688,751.0999755859375,305276
1783611000000,751.0900268554688,751.1199951171875,750.9299926757812,751.094970703125,435133
1783611300000,751.0999755859375,751.3699951171875,751.0900268554688,751.27001953125,338426
1783611600000,751.280029296875,751.47998046875,751.1400146484375,751.405029296875,423006
1783611900000,751.4000244140625,751.469970703125,751.25,751.25,666632
1783612200000,751.25,751.25,750.8300170898438,750.8300170898438,1824225
1783612500000,750.8499755859375,751.6699829101562,750.8400268554688,751.6500244140625,2520041
1783675800000,752.0499877929688,752.8599853515625,752.010009765625,752.5900268554688,1607405
1783676100000,752.5999755859375,753.219970703125,752.47998046875,752.6099853515625,391046
1783676400000,752.5900268554688,752.6400146484375,751.7999877929688,752.219970703125,489799
1783676700000,752.219970703125,753.1599731445312,752.0850219726562,753.030029296875,343826
1783677000000,753.0150146484375,753.1900024414062,752.6599731445312,752.885009765625,401390
1783677300000,752.8699951171875,753.2349853515625,752.6099853515625,752.9149780273438,375957
1783677600000,752.9199829101562,753.3499755859375,752.780029296875,753.1199951171875,310003
1783677900000,753.1199951171875,753.25,752.4909057617188,753.0700073242188,308962
1783678200000,753.0900268554688,753.1400146484375,752.6201171875,752.6849975585938,286316
1783678500000,752.697021484375,752.969970703125,752.3400268554688,752.6799926757812,339067
1783678800000,752.6699829101562,752.8300170898438,752.1099853515625,752.5399780273438,338961
1783679100000,752.530029296875,753.135009765625,752.1500244140625,752.586181640625,362496
1783679400000,752.5858764648438,753.25,748.0999755859375,750.9000244140625,2744953
1783679700000,750.97998046875,752.0599975585938,750.4299926757812,751.6900024414062,744224
1783680000000,751.7000122070312,752.2899780273438,751.3099975585938,752.1099853515625,463649
1783680300000,752.0999755859375,752.469970703125,751.614990234375,752.4099731445312,210520
1783680600000,752.4099731445312,752.6199951171875,751.9199829101562,751.9500122070312,342414
1783680900000,751.9299926757812,752.03857421875,751.0800170898438,751.2199096679688,342347
1783681200000,751.1799926757812,751.4400024414062,750.8900146484375,750.97998046875,290927
1783681500000,751,751.760009765625,750.6519775390625,751.760009765625,223687
1783681800000,751.75,752.0297241210938,751.6199951171875,751.9400024414062,156974
1783682100000,751.9299926757812,753.1599731445312,751.9299926757812,752.6900024414062,338334
1783682400000,752.7000122070312,753.0850219726562,752.4199829101562,753.030029296875,208873
1783682700000,753.0499877929688,753.4199829101562,753.030029296875,753.25,311585
1783683000000,753.25,753.3900146484375,752.8800048828125,753,313342
1783683300000,753.0499877929688,753.0499877929688,752.3300170898438,752.4299926757812,244694
1783683600000,752.4398803710938,752.510009765625,751.3800048828125,752.030029296875,330081
1783683900000,752.0399780273438,752.6799926757812,751.5936889648438,752.469970703125,518279
1783684200000,752.4500122070312,752.9349975585938,752.364013671875,752.8499755859375,152020
1783684500000,752.8499755859375,752.9099731445312,752.510009765625,752.8175048828125,159677
1783684800000,752.8099975585938,753.3499755859375,752.8099975585938,753.1599731445312,253414
1783685100000,753.1799926757812,753.2100219726562,752.8499755859375,752.9600219726562,205122
1783685400000,752.969970703125,753.280029296875,752.8400268554688,753.2100219726562,184791
1783685700000,753.239990234375,753.6900024414062,753.22998046875,753.5800170898438,367214
1783686000000,753.5800170898438,753.6375122070312,753.1599731445312,753.3800048828125,240851
1783686300000,753.3900146484375,753.4299926757812,753.1699829101562,753.2100219726562,209731
1783686600000,753.2100219726562,753.590087890625,753.2100219726562,753.47998046875,313520
1783686900000,753.489990234375,753.5900268554688,753.030029296875,753.2899780273438,245833
1783687200000,753.2899780273438,753.6500244140625,753.25,753.6199951171875,180911
1783687500000,753.6099853515625,753.9299926757812,753.5900268554688,753.8200073242188,342896
1783687800000,753.8150024414062,754.0499877929688,753.780029296875,753.97998046875,448965
1783688100000,753.9702758789062,754.1400146484375,753.8499755859375,754.010009765625,211146
1783688400000,754.010009765625,754.030029296875,753.6099853515625,753.7100219726562,181495
1783688700000,753.719970703125,753.8300170898438,753.6300048828125,753.6400146484375,134399
1783689000000,753.6456298828125,753.8400268554688,753.47998046875,753.8040161132812,139771
1783689300000,753.780029296875,754.0399780273438,753.760009765625,753.8599853515625,2138956
1783689600000,753.8599853515625,754,753.8400268554688,753.969970703125,145929
1783689900000,753.969970703125,754.0599975585938,753.8966064453125,754.010009765625,192008
1783690200000,754.02001953125,754.1649780273438,753.875,754.0198974609375,222825
1783690500000,754.0150146484375,754.4099731445312,753.97998046875,754.2459716796875,309887
1783690800000,754.22998046875,754.3200073242188,754.0800170898438,754.114990234375,225041
1783691100000,754.1199951171875,754.3300170898438,754.1099853515625,754.2899780273438,169081
1783691400000,754.2999877929688,754.3800048828125,754.239990234375,754.27001953125,161166
1783691700000,754.260009765625,754.2999877929688,753.9299926757812,753.989990234375,200422
1783692000000,754,754.1799926757812,753.9299926757812,754.0599975585938,453796
1783692300000,754.0599975585938,754.3200073242188,754.0599975585938,754.239990234375,267686
1783692600000,754.25,754.5999755859375,754.2100219726562,754.2899780273438,309509
1783692900000,754.280029296875,754.3400268554688,754.1199951171875,754.219970703125,219111
1783693200000,754.2100219726562,754.3900146484375,754.0800170898438,754.3150024414062,245144
1783693500000,754.3150024414062,754.719970703125,754.3150024414062,754.4299926757812,380133
1783693800000,754.4199829101562,754.5800170898438,754.3599853515625,754.510009765625,230429
1783694100000,754.52001953125,754.530029296875,754.3099975585938,754.4099731445312,196853
1783694400000,754.4199829101562,754.6199951171875,754.3699951171875,754.5075073242188,246786
1783694700000,754.489990234375,754.5999755859375,754.469970703125,754.510009765625,214333
1783695000000,754.5158081054688,754.6199951171875,754.4500122070312,754.5700073242188,210078
1783695300000,754.5499877929688,754.6599731445312,754.469970703125,754.4949951171875,284786
1783695600000,754.4949951171875,755.0499877929688,754.4550170898438,754.969970703125,1099158
1783695900000,754.97998046875,755.1699829101562,754.8599853515625,754.9199829101562,412594
1783696200000,754.9199829101562,755.1500244140625,754.9099731445312,755.1199951171875,459634
1783696500000,755.1199951171875,755.1799926757812,754.9219970703125,755.02001953125,461031
1783696800000,755.02001953125,755.0599975585938,754.8800048828125,754.9450073242188,378636
1783697100000,754.9299926757812,755.1099853515625,754.9299926757812,754.9600219726562,529890
1783697400000,754.9600219726562,755.1699829101562,754.786376953125,754.9400024414062,1047153
1783697700000,754.9500122070312,755.1400146484375,754.8599853515625,755.030029296875,578388
1783698000000,755.0399780273438,755.219970703125,755.02001953125,755.030029296875,688105
1783698300000,755.02001953125,755.1699829101562,754.9400024414062,755.0999755859375,1494252
1783698600000,755.1099853515625,755.4199829101562,755.02001953125,755.0999755859375,1727368
1783698900000,755.0800170898438,755.1900024414062,754.5700073242188,754.9000244140625,2320555
1783935000000,752.469970703125,753.9099731445312,752.4000244140625,753.4249877929688,1766189
1783935300000,753.4299926757812,753.780029296875,753.0399780273438,753.219970703125,739583
1783935600000,753.219970703125,753.219970703125,752.5399780273438,752.989990234375,670022
1783935900000,753.010009765625,753.1300048828125,752.280029296875,752.8699951171875,459487
1783936200000,752.9000244140625,752.9600219726562,751.9199829101562,752.6099853515625,627458
1783936500000,752.5900268554688,753.739990234375,752.4199829101562,753.6199951171875,402162
1783936800000,753.6300048828125,753.9105224609375,752.6599731445312,752.7899780273438,610120
1783937100000,752.77001953125,752.969970703125,752.27001953125,752.8200073242188,377173
1783937400000,752.8099975585938,753.3300170898438,752.6699829101562,753.27001953125,302173
1783937700000,753.27001953125,753.3699951171875,750.2999877929688,751.9299926757812,1718968
1783938000000,751.9199829101562,752.9099731445312,751.4600219726562,752.780029296875,513811
1783938300000,752.7449951171875,753.1900024414062,752.530029296875,753.0900268554688,418865
1783938600000,753.0900268554688,753.2999877929688,752.5700073242188,752.6400146484375,371113
1783938900000,752.6500244140625,752.6849975585938,751.969970703125,752.1900024414062,298941
1783939200000,752.2000122070312,752.2100219726562,751.25,751.5,300779
1783939500000,751.510009765625,752.4550170898438,751,752.3800048828125,470823
1783939800000,752.380126953125,752.469970703125,751.530029296875,751.72998046875,560864
1783940100000,751.72998046875,752.7899780273438,751.56201171875,752.7401123046875,254720
1783940400000,752.739990234375,753.0549926757812,752.3078002929688,752.3319702148438,288482
1783940700000,752.3400268554688,752.5900268554688,752.1599731445312,752.25,140544
1783941000000,752.2550048828125,752.5549926757812,751.9199829101562,752.0850219726562,210377
1783941300000,752.0800170898438,752.3250122070312,751.8812255859375,752.25,129290
1783941600000,752.25,752.5679931640625,752.1099853515625,752.447509765625,152214
1783941900000,752.4400024414062,752.489990234375,751.9650268554688,752.3800048828125,185614
1783942200000,752.3900146484375,752.5250244140625,752,752.1500244140625,183639
1783942500000,752.1599731445312,752.2899780273438,751.8499755859375,752.1300048828125,194743
1783942800000,752.1099853515625,752.1699829101562,751.6900024414062,751.72998046875,183891
1783943100000,751.719970703125,751.7880249023438,751.489990234375,751.7150268554688,332289
1783943400000,751.7150268554688,751.760009765625,751.155029296875,751.5499877929688,311812
1783943700000,751.5599975585938,751.5700073242188,751.094482421875,751.2349853515625,198778
1783944000000,751.22998046875,751.469970703125,750.9500122070312,751.169921875,218598
1783944300000,751.1300048828125,751.5499877929688,751.0599975585938,751.47998046875,217999
1783944600000,751.47998046875,751.8099975585938,751.2537231445312,751.4299926757812,241111
1783944900000,751.4199829101562,751.4400024414062,750.6699829101562,750.85498046875,406017
1783945200000,750.8599853515625,750.8800048828125,750.5900268554688,750.6400146484375,358544
1783945500000,750.6300048828125,750.6799926757812,749.9299926757812,750.2899780273438,419345
1783945800000,750.27001953125,750.280029296875,749.5900268554688,749.6199951171875,468099
1783946100000,749.6300048828125,750.260009765625,748.9299926757812,749.993408203125,728131
1783946400000,749.969970703125,750.52001953125,749.5750122070312,750.3599853515625,357078
1783946700000,750.3900146484375,750.6599731445312,749.9600219726562,749.97998046875,393010
1783947000000,749.9600219726562,750.0399780273438,749.1799926757812,749.4500122070312,379829
1783947300000,749.4400024414062,750.1199951171875,749.2838745117188,749.8699951171875,318317
1783947600000,749.9000244140625,750.2899780273438,749.75,749.8400268554688,236198
1783947900000,749.8400268554688,750.5,749.7849731445312,750.4199829101562,186998
1783948200000,750.4199829101562,750.6400146484375,749.9301147460938,750.0599975585938,379093
1783948500000,750.0499877929688,750.2899780273438,749.6400146484375,750.1599731445312,245888
1783948800000,750.1400146484375,750.3499755859375,749.7000122070312,749.7100219726562,297597
1783949100000,749.719970703125,749.969970703125,749.530029296875,749.8099975585938,305821
1783949400000,749.8099975585938,750.1199951171875,749.6599731445312,749.9500122070312,211126
1783949700000,749.9199829101562,749.9199829101562,749.4609985351562,749.7083740234375,184001
1783950000000,749.7000122070312,750.1300048828125,749.489990234375,749.9849853515625,268269
1783950300000,750,750.260009765625,749.5999755859375,749.6300048828125,223742
1783950600000,749.6400146484375,749.7100219726562,749.219970703125,749.4600219726562,287485
1783950900000,749.4650268554688,749.5499877929688,749.2100219726562,749.2349853515625,229884
1783951200000,749.260009765625,749.8699951171875,749.1900024414062,749.6699829101562,296300
1783951500000,749.6599731445312,750.2100219726562,749.5919799804688,749.6400146484375,317834
1783951800000,749.6500244140625,749.8099975585938,749.1300048828125,749.760009765625,318911
1783952100000,749.75,749.8200073242188,749.0399780273438,749.2100219726562,523341
1783952400000,749.219970703125,749.5399780273438,749.0499877929688,749.5,299846
1783952700000,749.5,749.5599975585938,749.1599731445312,749.239990234375,441428
1783953000000,749.239990234375,749.530029296875,748.97021484375,749.219970703125,427713
1783953300000,749.219970703125,749.75,749.1900024414062,749.6799926757812,433754
1783953600000,749.6699829101562,750.0399780273438,749.5599975585938,749.8499755859375,1249524
1783953900000,749.8499755859375,749.9199829101562,749.510009765625,749.760009765625,716289
1783954200000,749.75,750.0700073242188,749.5250244140625,749.7899780273438,277476
1783954500000,749.780029296875,749.9099731445312,749.4600219726562,749.5599975585938,362792
1783954800000,749.5800170898438,749.9000244140625,749.1799926757812,749.8499755859375,325046
1783955100000,749.8599853515625,749.969970703125,749.5,749.510009765625,269781
1783955400000,749.5,749.530029296875,749.0999755859375,749.2899780273438,431612
1783955700000,749.2899780273438,749.4400024414062,749.1300048828125,749.2550048828125,857684
1783956000000,749.260009765625,749.2999877929688,748.7000122070312,748.9149780273438,590732
1783956300000,748.9099731445312,748.9600219726562,748.1699829101562,748.3800048828125,772061
1783956600000,748.3900146484375,748.9000244140625,748.3099975585938,748.655029296875,809967
1783956900000,748.6500244140625,748.6500244140625,748,748.260009765625,643633
1783957200000,748.27001953125,749,748.1749877929688,748.9400024414062,799858
1783957500000,748.9400024414062,749.0499877929688,748.5700073242188,748.8800048828125,1496325
1783957800000,748.8900146484375,749.4500122070312,748.8699951171875,749.030029296875,2128159
1783958100000,749.0599975585938,749.6099853515625,748.9299926757812,749.0999755859375,3520350
1784021400000,750.9099731445312,751.0399780273438,749.5443115234375,749.6400146484375,3082389
1784021700000,749.6799926757812,751.3599853515625,749.4400024414062,751.1699829101562,746974
1784022000000,751.1799926757812,751.52001953125,750.5700073242188,751.3099975585938,446418
1784022300000,751.3049926757812,751.7899780273438,750.5800170898438,750.989990234375,519379
1784022600000,750.969970703125,751.5999755859375,750.6300048828125,751.0900268554688,506535
1784022900000,751.1099853515625,751.5700073242188,750.719970703125,751.3099975585938,382569
1784023200000,751.3200073242188,751.47998046875,750.2100219726562,750.4400024414062,444625
1784023500000,750.4400024414062,750.6900024414062,749.8800048828125,750.239501953125,382671
1784023800000,750.219970703125,750.489990234375,749.7799072265625,750.4299926757812,400013
1784024100000,750.4199829101562,750.4199829101562,748.6599731445312,749.85498046875,554982
1784024400000,749.8483276367188,750.8800048828125,749.780029296875,750.1300048828125,391420
1784024700000,750.1099853515625,751.2999877929688,749.9600219726562,750.7100219726562,376221
1784025000000,750.7100219726562,753.3099975585938,750.47998046875,752.02001953125,1053181
1784025300000,752.0399780273438,752.1500244140625,751.5399780273438,751.9299926757812,503256
1784025600000,751.9099731445312,752.2849731445312,750.9600219726562,751.094970703125,301720
1784025900000,751.1099243164062,751.4600219726562,750.77001953125,750.8900146484375,285252
1784026200000,750.8599853515625,751.594970703125,750.469970703125,751.5900268554688,231046
1784026500000,751.6099853515625,751.9600219726562,751.510009765625,751.7100219726562,272376
1784026800000,751.7100219726562,753.0700073242188,751.280029296875,752.3200073242188,656361
1784027100000,752.3300170898438,753.0499877929688,752.1400146484375,752.77001953125,573488
1784027400000,752.7999877929688,753,752.3599853515625,752.5499877929688,263606
1784027700000,752.5900268554688,752.64501953125,751.72998046875,751.9500122070312,289094
1784028000000,751.9400024414062,752.530029296875,751.6500244140625,752.52001953125,206966
1784028300000,752.52001953125,752.7100219726562,752.2999877929688,752.6599731445312,219382
1784028600000,752.6400146484375,752.9000244140625,751.8499755859375,751.97998046875,427144
1784028900000,751.969970703125,752.0449829101562,751.530029296875,751.8599853515625,213412
1784029200000,751.8499755859375,751.8499755859375,750.760009765625,751.5599975585938,839263
1784029500000,751.5599975585938,751.9500122070312,751.530029296875,751.6300048828125,195864
1784029800000,751.5900268554688,751.6699829101562,750.9099731445312,751,227158
1784030100000,751.010009765625,751.1699829101562,750.6199951171875,750.97998046875,201199
1784030400000,750.989990234375,751.0499877929688,750,750.3200073242188,324296
1784030700000,750.3400268554688,750.7000122070312,750.02001953125,750.4500122070312,271227
1784031000000,750.4600219726562,750.72998046875,750.02001953125,750.5399780273438,363862
1784031300000,750.530029296875,750.7100219726562,750.02001953125,750.4299926757812,187051
1784031600000,750.4299926757812,750.5612182617188,750,750.3300170898438,248993
1784031900000,750.3499755859375,750.9099731445312,750.239990234375,750.780029296875,327748
1784032200000,750.780029296875,751.1099853515625,750.6199951171875,751.0599975585938,215746
1784032500000,751.0499877929688,751.3300170898438,750.9506225585938,751.2349853515625,246418
1784032800000,751.2138061523438,751.739990234375,751.0700073242188,751.4650268554688,273026
1784033100000,751.4600219726562,751.739990234375,750.9600219726562,751.4000244140625,192444
1784033400000,751.3900146484375,751.6599731445312,751.280029296875,751.4758911132812,123836
1784033700000,751.47998046875,751.8499755859375,751.4400024414062,751.8499755859375,136622
1784034000000,751.8699951171875,752.0499877929688,751.6500244140625,751.7150268554688,241857
1784034300000,751.719970703125,752.2000122070312,751.5599975585938,752.119873046875,141361
1784034600000,752.0999755859375,752.2100219726562,751.8099975585938,751.8099975585938,260806
1784034900000,751.8099975585938,752.1300048828125,751.5,752.0700073242188,223187
1784035200000,752.0850219726562,752.6099853515625,752.0850219726562,752.4299926757812,205631
1784035500000,752.4400024414062,752.5599975585938,752.239990234375,752.2999877929688,143521
1784035800000,752.3200073242188,752.489990234375,752,752.010009765625,137820
1784036100000,752.0050048828125,752.1300048828125,751.7999877929688,752.1201171875,164530
1784036400000,752.135009765625,752.1900024414062,751.9000244140625,752.0399780273438,137379
1784036700000,752.0599975585938,752.25,751.760009765625,752.0800170898438,138101
1784037000000,752.0800170898438,752.3099975585938,752.0700073242188,752.2260131835938,123216
1784037300000,752.219970703125,752.3099975585938,752.1300048828125,752.2750244140625,143473
1784037600000,752.280029296875,752.47998046875,751.9299926757812,752.4400024414062,229483
1784037900000,752.4500122070312,752.5,752.260009765625,752.4000244140625,143498
1784038200000,752.4000244140625,752.6300048828125,752.3400268554688,752.5999755859375,149750
1784038500000,752.5994873046875,752.77001953125,752.4500122070312,752.6199951171875,197275
1784038800000,752.60498046875,752.760009765625,752.4099731445312,752.4400024414062,174450
1784039100000,752.4598999023438,752.6099853515625,752.2999877929688,752.5,261376
1784039400000,752.4849853515625,752.5595092773438,752.3300170898438,752.4600219726562,196639
1784039700000,752.469970703125,752.5999755859375,752,752.3499755859375,311116
1784040000000,752.3400268554688,752.3400268554688,751.6599731445312,752.010009765625,409466
1784040300000,752.010009765625,752.239990234375,751.9000244140625,751.9500122070312,236819
1784040600000,751.969970703125,752.3200073242188,751.8599853515625,752.239990234375,1189488
1784040900000,752.2100219726562,752.27001953125,752.0800170898438,752.1704711914062,211229
1784041200000,752.1900024414062,752.27001953125,751.8699951171875,751.969970703125,388032
1784041500000,751.9500122070312,752.1099853515625,751.8400268554688,751.9025268554688,342304
1784041800000,751.8900146484375,752.1400146484375,751.77001953125,752.0599975585938,312246
1784042100000,752.0800170898438,752.25,751.7999877929688,752.0900268554688,802910
1784042400000,752.1099853515625,752.4400024414062,752.0588989257812,752.4149780273438,245238
1784042700000,752.4000244140625,752.4500122070312,752.1199951171875,752.1500244140625,263064
1784043000000,752.1599731445312,752.1699829101562,751.7100219726562,752.02001953125,538087
1784043300000,752.02001953125,752.3200073242188,751.8800048828125,751.9600219726562,423156
1784043600000,751.9600219726562,752.4000244140625,751.9099731445312,752.2899780273438,365949
1784043900000,752.280029296875,752.52001953125,752.25,752.4749755859375,576226
1784044200000,752.47998046875,752.52001953125,752.0900268554688,752.094970703125,1178683
1784044500000,752.0999755859375,752.489990234375,751.7899780273438,751.8699951171875,2436651
1784107800000,754.239990234375,755.260009765625,754.2000122070312,755.1900024414062,1860971
1784108100000,755.2000122070312,755.5800170898438,754.510009765625,754.8400268554688,635841
1784108400000,754.8599853515625,754.8599853515625,754.280029296875,754.3599853515625,488224
1784108700000,754.3599853515625,754.47998046875,753.3499755859375,753.5599975585938,605047
1784109000000,753.5800170898438,754.0800170898438,753.1799926757812,754.0800170898438,833149
1784109300000,754.0599975585938,754.6099853515625,753.9199829101562,754.4500122070312,462875
1784109600000,754.52001953125,755.1799926757812,754.5,754.77001953125,660710
1784109900000,754.8099975585938,755.3200073242188,754.6400146484375,755.0499877929688,516448
1784110200000,755.0599975585938,755.2150268554688,754.6400146484375,754.739990234375,345983
1784110500000,754.760009765625,755.5599975585938,754.7100219726562,755.3200073242188,351336
1784110800000,755.3300170898438,755.3699951171875,753.3499755859375,753.8049926757812,925807
1784111100000,753.7999877929688,754.7225952148438,753.3800048828125,754.6199951171875,714426
1784111400000,754.6400146484375,754.8699951171875,753.9500122070312,754.5999755859375,490534
1784111700000,754.6300048828125,754.7899780273438,753.5150146484375,753.669921875,420871
1784112000000,753.6699829101562,753.97998046875,752.8200073242188,753.5299072265625,471107
1784112300000,753.5050048828125,753.8300170898438,752.9099731445312,753.7899780273438,461978
1784112600000,753.7999877929688,753.8250122070312,752.7410278320312,753.0499877929688,412255
1784112900000,753.0800170898438,753.530029296875,752.8400268554688,753.460693359375,287590
1784113200000,753.47998046875,753.6799926757812,753.0599975585938,753.2100219726562,246355
1784113500000,753.2100219726562,754.1500244140625,752.989990234375,754.0349731445312,272481
1784113800000,754.030029296875,754.1599731445312,753.0800170898438,753.1400146484375,346951
1784114100000,753.135009765625,753.364990234375,752.2000122070312,753.280029296875,491451
1784114400000,753.27001953125,753.27001953125,752.469970703125,752.9199829101562,289074
1784114700000,752.9199829101562,753.6199951171875,752.780029296875,753.60498046875,389621
1784115000000,753.5999755859375,753.8400268554688,753.1500244140625,753.5700073242188,333737
1784115300000,753.530029296875,753.780029296875,753.030029296875,753.6799926757812,268186
1784115600000,753.6900024414062,753.760009765625,753.0399780273438,753.1500244140625,192917
1784115900000,753.1500244140625,753.239990234375,752.780029296875,752.8200073242188,296635
1784116200000,752.8099975585938,752.8300170898438,752.3300170898438,752.7100219726562,352785
1784116500000,752.6900024414062,752.780029296875,752.280029296875,752.6694946289062,188506
1784116800000,752.6400146484375,752.8280029296875,751.760009765625,752.0800170898438,442535
1784117100000,752.0900268554688,752.1099853515625,751.3900146484375,751.9500122070312,418461
1784117400000,751.9500122070312,752.0700073242188,751.1400146484375,751.219970703125,302078
1784117700000,751.2000122070312,751.3800048828125,750.9099731445312,751.0399780273438,408972
1784118000000,751.030029296875,751.1699829101562,750.4400024414062,750.5399780273438,474285
1784118300000,750.530029296875,750.8997192382812,750.4400024414062,750.8300170898438,351428
1784118600000,750.8099975585938,751.1900024414062,750.4500122070312,750.5499877929688,330946
1784118900000,750.5700073242188,750.6199951171875,750.219970703125,750.4400024414062,312851
1784119200000,750.4400024414062,750.9400024414062,750.2000122070312,750.9099731445312,329120
1784119500000,750.9199829101562,752.3200073242188,750.72998046875,751.3300170898438,769995
1784119800000,751.3300170898438,751.8400268554688,751.2899780273438,751.4299926757812,325864
1784120100000,751.4199829101562,751.6799926757812,750.9603271484375,751.6699829101562,310052
1784120400000,751.6799926757812,752.0700073242188,751.5800170898438,751.9199829101562,331458
1784120700000,751.9249877929688,752.4025268554688,751.8400268554688,752.0999755859375,671669
1784121000000,752.10498046875,752.260009765625,751.780029296875,751.7999877929688,281877
1784121300000,751.8099975585938,752.530029296875,751.760009765625,752.4000244140625,301258
1784121600000,752.405029296875,752.5900268554688,752.22998046875,752.4500122070312,137027
1784121900000,752.4500122070312,752.8499755859375,752.3499755859375,752.8099975585938,291833
1784122200000,752.8099975585938,753.2100219726562,752.8099975585938,753.0900268554688,412691
1784122500000,753.1090087890625,753.4500122070312,753.010009765625,753.3900146484375,300636
1784122800000,753.4000244140625,753.4400024414062,753.2000122070312,753.3300170898438,222664
1784123100000,753.3300170898438,754.0750122070312,753.25,754.0399780273438,310038
1784123400000,754.0349731445312,754.5499877929688,753.8499755859375,754.469970703125,386878
1784123700000,754.4600219726562,754.4600219726562,754.010009765625,754.1901245117188,458575
1784124000000,754.2000122070312,754.5499877929688,754.1400146484375,754.3400268554688,285025
1784124300000,754.3400268554688,754.6500244140625,754.280029296875,754.5499877929688,288219
1784124600000,754.5650024414062,754.75,754.5349731445312,754.5499877929688,391860
1784124900000,754.5549926757812,754.5599975585938,754.219970703125,754.3250122070312,528603
1784125200000,754.3250122070312,754.8400268554688,754.3150024414062,754.7000122070312,315746
1784125500000,754.7000122070312,754.7999877929688,754.5800170898438,754.635009765625,460728
1784125800000,754.635009765625,754.9199829101562,754.530029296875,754.8200073242188,462961
1784126100000,754.8099975585938,754.8200073242188,754.4400024414062,754.489990234375,264606
1784126400000,754.489990234375,754.5800170898438,754,754.02001953125,284690
1784126700000,754.030029296875,754.0399780273438,753.3800048828125,753.6300048828125,461585
1784127000000,753.6500244140625,753.7349853515625,753.1599731445312,753.3699951171875,495806
1784127300000,753.3400268554688,753.530029296875,753.0999755859375,753.1900024414062,281419
1784127600000,753.1900024414062,753.72998046875,753.0499877929688,753.6599731445312,352061
1784127900000,753.6699829101562,753.8300170898438,753.489990234375,753.5700073242188,329593
1784128200000,753.5399780273438,753.9299926757812,753.469970703125,753.780029296875,371501
1784128500000,753.780029296875,753.8400268554688,753.52001953125,753.530029296875,250645
1784128800000,753.530029296875,753.5599975585938,753.1699829101562,753.3400268554688,395568
1784129100000,753.3300170898438,753.77001953125,753.1699829101562,753.6300048828125,383228
1784129400000,753.6300048828125,753.9299926757812,753.0900268554688,753.260009765625,924330
1784129700000,753.280029296875,753.9000244140625,753.1300048828125,753.8499755859375,598236
1784130000000,753.8400268554688,754.2100219726562,753.77001953125,754.094970703125,642535
1784130300000,754.0800170898438,754.1500244140625,753.5,753.6300048828125,779156
1784130600000,753.6300048828125,754.1799926757812,753.6300048828125,754.1599731445312,1454644
1784130900000,754.1599731445312,754.7999877929688,754.1599731445312,754.72998046875,2213854
1784194200000,752.760009765625,753.52001953125,752.0900268554688,752.2000122070312,2043117
1784194500000,752.2000122070312,752.52001953125,751.6400146484375,751.7100219726562,556064
1784194800000,751.719970703125,752.2899780273438,751.0900268554688,751.260009765625,660254
1784195100000,751.2999877929688,751.7000122070312,750.6699829101562,751.0499877929688,704345
1784195400000,751.0449829101562,752.260009765625,750.989990234375,751.47998046875,569436
1784195700000,751.47998046875,752.1199951171875,751,751.905029296875,356333
1784196000000,751.9000244140625,752.8201904296875,751.6400146484375,752.719970703125,660715
1784196300000,752.739990234375,753.5499877929688,752.5900268554688,753.3905029296875,524923
1784196600000,753.3900146484375,753.6099853515625,753.2000122070312,753.3599853515625,399437
1784196900000,753.3599853515625,753.9299926757812,753.2050170898438,753.8599853515625,316165
1784197200000,753.8599853515625,753.9299926757812,753.0700073242188,753.6699829101562,516302
1784197500000,753.6400146484375,754.3880004882812,753.2899780273438,754.3499755859375,507544
1784197800000,754.3400268554688,754.4400024414062,753.9849853515625,754.189208984375,373892
1784198100000,754.1699829101562,754.52001953125,753.8200073242188,753.9400024414062,294450
1784198400000,753.9299926757812,754.4298706054688,753.75,754.3699951171875,342619
1784198700000,754.3699951171875,754.5700073242188,754.1500244140625,754.1900024414062,368465
1784199000000,754.1699829101562,754.260009765625,753.530029296875,753.6790771484375,362500
1784199300000,753.6500244140625,754.2000122070312,753.3400268554688,754.1699829101562,452264
1784199600000,754.2000122070312,754.3800048828125,753.6099853515625,753.6599731445312,234055
1784199900000,753.6300048828125,753.7999877929688,753.0800170898438,753.530029296875,390780
1784200200000,753.52001953125,753.780029296875,753.0800170898438,753.3250122070312,224791
1784200500000,753.3300170898438,753.6397705078125,752.97998046875,753.6300048828125,336034
1784200800000,753.6199951171875,753.6500244140625,753.030029296875,753.6199951171875,309732
1784201100000,753.6199951171875,754.4400024414062,753.5599975585938,753.8001098632812,302836
1784201400000,753.8200073242188,754.22998046875,753.27001953125,754.2000122070312,294692
1784201700000,754.1900024414062,754.4000244140625,753.8300170898438,754.3200073242188,195474
1784202000000,754.3098754882812,754.405029296875,753.52001953125,753.6599731445312,225776
1784202300000,753.6599731445312,753.6599731445312,753.030029296875,753.5399780273438,240122
1784202600000,753.510009765625,754.0999755859375,753.510009765625,753.7899780273438,362195
1784202900000,753.780029296875,753.7899780273438,753.3099975585938,753.5700073242188,203375
1784203200000,753.5999755859375,753.5999755859375,752.72998046875,752.75,158344
1784203500000,752.7449951171875,753.0499877929688,752.3599853515625,752.8900146484375,643228
1784203800000,752.8900146484375,752.9000244140625,751.9600219726562,752.0399780273438,494795
1784204100000,752.030029296875,752.544921875,751.8900146484375,752.219970703125,319281
1784204400000,752.219970703125,752.219970703125,751.5399780273438,751.6599731445312,441782
1784204700000,751.6300048828125,752.1198120117188,751.4500122070312,751.9299926757812,199395
1784205000000,751.9400024414062,752.5399780273438,751.9099731445312,752.1900024414062,222424
1784205300000,752.1900024414062,752.3599853515625,751.8599853515625,751.9000244140625,171786
1784205600000,751.9000244140625,752.219970703125,751.780029296875,751.969970703125,251292
1784205900000,751.969970703125,752.2064819335938,751.5900268554688,752.010009765625,283777
1784206200000,752.010009765625,752.6699829101562,751.8699951171875,752.6099853515625,226146
1784206500000,752.5999755859375,752.969970703125,752.5999755859375,752.8599853515625,513213
1784206800000,752.8800048828125,752.9099731445312,752.2000122070312,752.5999755859375,260222
1784207100000,752.5800170898438,752.8200073242188,752.2000122070312,752.7000122070312,198029
1784207400000,752.6699829101562,752.780029296875,752.1300048828125,752.1900024414062,197377
1784207700000,752.1900024414062,752.530029296875,752.1099853515625,752.4199829101562,146370
1784208000000,752.4000244140625,752.52001953125,752.0399780273438,752.0399780273438,903887
1784208300000,752.0499877929688,752.8499755859375,752.030029296875,752.7050170898438,179454
1784208600000,752.7100219726562,752.8099975585938,752.0399169921875,752.1099853515625,147944
1784208900000,752.1199951171875,752.2001953125,751.5399780273438,751.6500244140625,377853
1784209200000,751.6400146484375,751.6400146484375,751.0999755859375,751.4199829101562,664324
1784209500000,751.4299926757812,751.8900146484375,751.0800170898438,751.6799926757812,345693
1784209800000,751.6950073242188,751.8900146484375,751.3699951171875,751.5800170898438,154170
1784210100000,751.5700073242188,751.5800170898438,751.0850219726562,751.3099975585938,197753
1784210400000,751.3300170898438,751.47998046875,750.8900146484375,750.8900146484375,298249
1784210700000,750.9000244140625,750.9450073242188,750.4600219726562,750.739990234375,549605
1784211000000,750.739990234375,751.4500122070312,750.7100219726562,750.72998046875,426432
1784211300000,750.7000122070312,751.3400268554688,750.4600219726562,751.2000122070312,427658
1784211600000,751.1900024414062,751.7100219726562,751.1400146484375,751.3400268554688,337512
1784211900000,751.3599853515625,751.5,750.8699951171875,750.9099731445312,389898
1784212200000,750.9199829101562,750.9299926757812,750.5499877929688,750.719970703125,208525
1784212500000,750.6799926757812,750.6799926757812,750.3499755859375,750.3599853515625,262718
1784212800000,750.3599853515625,750.7000122070312,749.9199829101562,750.52001953125,515040
1784213100000,750.5,750.9000244140625,750.2999877929688,750.77001953125,286190
1784213400000,750.760009765625,750.9299926757812,750.219970703125,750.219970703125,264072
1784213700000,750.219970703125,750.47998046875,750.1099853515625,750.22998046875,597119
1784214000000,750.219970703125,750.7000122070312,750.0900268554688,750.530029296875,297832
1784214300000,750.510009765625,750.6799926757812,749.760009765625,749.77001953125,393706
1784214600000,749.75,749.8499755859375,749.5800170898438,749.760009765625,355767
1784214900000,749.739990234375,749.8800048828125,749.4000854492188,749.760009765625,701998
1784215200000,749.760009765625,750.010009765625,749.5,749.510009765625,913161
1784215500000,749.5150146484375,749.6300048828125,748.8599853515625,749.0999755859375,632627
1784215800000,749.0800170898438,749.1599731445312,748.4299926757812,748.6900024414062,751215
1784216100000,748.6799926757812,749.1500244140625,748.4000244140625,749.030029296875,626528
1784216400000,749.02001953125,749.1599731445312,748.47998046875,748.52001953125,1807922
1784216700000,748.510009765625,748.6300048828125,747.8800048828125,748.2100219726562,1519249
1784217000000,748.2100219726562,750.0499877929688,748.1900024414062,749.97998046875,2764428
1784217300000,749.989990234375,751.0399780273438,749.989990234375,750.760009765625,3634040
1784280600000,742.0800170898438,742.6199951171875,741.010009765625,741.032470703125,3646013
1784280900000,741.0399780273438,741.6599731445312,740.7999877929688,741.52001953125,2254283
1784281200000,741.5,742.6699829101562,740.840087890625,741.0349731445312,1285131
1784281500000,741.0499877929688,743.1400146484375,740.9500122070312,743.030029296875,1050322
1784281800000,743.010009765625,744.2000122070312,743,743.88671875,640475
1784282100000,743.8800048828125,744.8300170898438,743.5999755859375,744.8101196289062,707927
1784282400000,744.8099975585938,745.7725219726562,744.6701049804688,745.3400268554688,799754
1784282700000,745.3200073242188,746.4600219726562,745.2999877929688,746.3200073242188,712291
1784283000000,746.3200073242188,746.7999877929688,745.9099731445312,746.280029296875,788566
1784283300000,746.2661743164062,747.2899780273438,746.1699829101562,746.5700073242188,721960
1784283600000,746.564208984375,747.0599975585938,746.2100219726562,746.8699951171875,564846
1784283900000,746.8699951171875,747.2100219726562,746.1699829101562,746.3350219726562,2399160
1784284200000,746.3400268554688,746.5999755859375,745.5999755859375,745.989990234375,576136
1784284500000,745.9949951171875,746.7899780273438,745.7337036132812,746.72998046875,478420
1784284800000,746.719970703125,746.7750244140625,745.75,745.8800048828125,510674
1784285100000,745.8599853515625,746.5900268554688,745.260009765625,745.6849975585938,744414
1784285400000,745.6900024414062,745.8300170898438,745.2000122070312,745.4199829101562,314683
1784285700000,745.3900146484375,746.1900024414062,744.8499755859375,745.0499877929688,416999
1784286000000,745.0499877929688,745.2235107421875,744.1400146484375,744.22998046875,832834
1784286300000,744.22998046875,745.010009765625,744.1484985351562,744.8699951171875,393491
1784286600000,744.8800048828125,745.2100219726562,744.1099853515625,744.3200073242188,394536
1784286900000,744.3599853515625,744.8499755859375,743.97998046875,744.5399780273438,447458
1784287200000,744.5499877929688,744.9000244140625,743.9600219726562,744.2908935546875,496269
1784287500000,744.3099975585938,745.5700073242188,744.280029296875,745.4450073242188,332841
1784287800000,745.4400024414062,745.9000244140625,744.8599853515625,745.0399780273438,811194
1784288100000,745.010009765625,745.77001953125,744.4401245117188,745.6599731445312,345546
1784288400000,745.6400146484375,745.9000244140625,744.97998046875,745.5,314654
1784288700000,745.489990234375,745.6099853515625,744.8099975585938,745.5709838867188,505214
1784289000000,745.5800170898438,746.0908813476562,745.1699829101562,746.0908813476562,245141
1784289300000,746.0900268554688,747.0599975585938,746.0018920898438,746.8699951171875,436523
1784289600000,746.8800048828125,747.0999755859375,745.1799926757812,745.5499877929688,845719
1784289900000,745.5499877929688,745.9600219726562,744.8300170898438,745.9500122070312,2514622
1784290200000,745.9450073242188,746.3699951171875,745.7000122070312,746.27001953125,308586
1784290500000,746.2899780273438,746.5700073242188,746.010009765625,746.364990234375,295906
1784290800000,746.3599853515625,746.52001953125,745.2100219726562,745.239990234375,405591
1784291100000,745.27001953125,746.5,745.1420288085938,745.9400024414062,333302
1784291400000,745.9500122070312,746.1760864257812,745.5399780273438,745.5599975585938,328325
1784291700000,745.60498046875,746.0499877929688,745.5599975585938,745.9099731445312,197300
1784292000000,745.9000244140625,746.4500122070312,745.5999755859375,746.4099731445312,227125
1784292300000,746.4299926757812,747.010009765625,746.22998046875,746.8685302734375,299535
1784292600000,746.8599853515625,747.27001953125,746.5800170898438,746.8510131835938,445804
1784292900000,746.8599853515625,746.9500122070312,746.1300048828125,746.3200073242188,259543
1784293200000,746.3699951171875,747.1699829101562,746.219970703125,746.6900024414062,346995
1784293500000,746.6599731445312,747,746.4500122070312,746.9600219726562,228704
1784293800000,746.969970703125,747.1199951171875,746.3900146484375,746.4199829101562,265228
1784294100000,746.4000244140625,746.97998046875,746.2338256835938,746.280029296875,297175
1784294400000,746.27001953125,746.4400024414062,745.969970703125,746.2899780273438,434477
1784294700000,746.2999877929688,747.02001953125,746.27001953125,746.8699951171875,1326653
1784295000000,746.8800048828125,746.989990234375,746.5399780273438,746.6099853515625,259241
1784295300000,746.6199951171875,746.6799926757812,745.9099731445312,746.02001953125,578118
1784295600000,746.010009765625,746.0599975585938,745.510009765625,745.5999755859375,307718
1784295900000,745.5999755859375,745.8909301757812,745.4000244140625,745.5700073242188,285280
1784296200000,745.5700073242188,745.6400146484375,744.760009765625,744.9000244140625,294086
1784296500000,744.8905029296875,744.9995727539062,744.3800048828125,744.5800170898438,353606
1784296800000,744.5800170898438,745.1400146484375,744.3800048828125,744.6475219726562,516377
1784297100000,744.6400146484375,744.6400146484375,744.1599731445312,744.3300170898438,416314
1784297400000,744.3099975585938,744.489990234375,744.0900268554688,744.1099853515625,301115
1784297700000,744.1199951171875,744.2030029296875,743.5859985351562,743.8300170898438,355599
1784298000000,743.8499755859375,744.1699829101562,743.5499877929688,743.739990234375,954726
1784298300000,743.72998046875,743.75,743.239990234375,743.7100219726562,469769
1784298600000,743.6900024414062,744.3400268554688,743.4199829101562,743.6611938476562,395985
1784298900000,743.6699829101562,743.9500122070312,743.510009765625,743.72998046875,199582
1784299200000,743.75,743.7999877929688,743.0999755859375,743.260009765625,316384
1784299500000,743.239990234375,744.25,743.094970703125,743.8905029296875,795556
1784299800000,743.8995971679688,744.5798950195312,743.6799926757812,744.5599975585938,397373
1784300100000,744.5650024414062,744.6599731445312,744.1599731445312,744.3699951171875,336557
1784300400000,744.3900146484375,744.469970703125,743.739990234375,743.8599853515625,408602
1784300700000,743.8699951171875,743.989990234375,743.3800048828125,743.4099731445312,238804
1784301000000,743.4099731445312,743.47998046875,742.719970703125,742.760009765625,768193
1784301300000,742.739990234375,742.97998046875,742.5700073242188,742.9199829101562,477727
1784301600000,742.9000244140625,742.9000244140625,742.3400268554688,742.3599853515625,447454
1784301900000,742.330078125,743.280029296875,742.1300048828125,743.1599731445312,746844
1784302200000,743.1699829101562,743.6199951171875,742.77001953125,743.030029296875,1127405
1784302500000,743.030029296875,743.530029296875,742.72998046875,742.8300170898438,844183
1784302800000,742.8300170898438,743.6199951171875,742.5999755859375,743.47998046875,736663
1784303100000,743.47998046875,744.0399780273438,743.3699951171875,744.0399780273438,1120911
1784303400000,744.030029296875,744.2899780273438,743.47998046875,743.969970703125,1759257
1784303700000,744,744.4000244140625,742.9199829101562,743.155029296875,3182293
1784539800000,747.0599975585938,748.0499877929688,746.7999877929688,748.0499877929688,1851776
1784540100000,748.030029296875,748.7100219726562,747.72998046875,748.1699829101562,833394
1784540400000,748.1699829101562,748.5900268554688,748.0599975585938,748.5599975585938,511709
1784540700000,748.5700073242188,748.72998046875,747.530029296875,747.5800170898438,805592
1784541000000,747.5800170898438,747.8400268554688,746.25,746.4550170898438,874876
1784541300000,746.4500122070312,746.489990234375,745.52001953125,745.6900024414062,671795
1784541600000,745.6799926757812,746.3599853515625,745.3900146484375,745.885009765625,524174
1784541900000,745.9000244140625,746.1199951171875,745.27001953125,745.4000244140625,475704
1784542200000,745.3400268554688,745.3800048828125,744.7650146484375,744.989990234375,414066
1784542500000,745.02001953125,745.47998046875,744.6300048828125,744.9000244140625,420432
1784542800000,744.8499755859375,745.2100219726562,744.260009765625,744.969970703125,561519
1784543100000,744.969970703125,745.739990234375,744.9099731445312,745.6799926757812,355120
1784543400000,745.6900024414062,745.9600219726562,745.0399780273438,745.260009765625,475390
1784543700000,745.260009765625,745.530029296875,744.9598999023438,745.3300170898438,453223
1784544000000,745.3499755859375,745.7899780273438,744.7520141601562,744.8900146484375,258874
1784544300000,744.8800048828125,745.739990234375,744.4901123046875,744.6400146484375,323848
1784544600000,744.6199951171875,744.9400024414062,744.1500244140625,744.3250122070312,539597
1784544900000,744.3200073242188,744.489990234375,743.6900024414062,744.1099853515625,429824
1784545200000,744.1400146484375,744.8800048828125,743.8049926757812,744.5800170898438,297794
1784545500000,744.5599975585938,745.4849853515625,743.8499755859375,745.4099731445312,502571
1784545800000,745.4000244140625,745.4600219726562,744.6699829101562,744.7999877929688,226403
1784546100000,744.7999877929688,745.530029296875,744.6099853515625,745.27001953125,295430
1784546400000,745.260009765625,745.969970703125,745.0700073242188,745.75,316075
1784546700000,745.719970703125,745.969970703125,745.219970703125,745.8699951171875,503848
1784547000000,745.8900146484375,746.02001953125,745.77001953125,745.8800048828125,192342
1784547300000,745.9000244140625,745.9299926757812,745.3900146484375,745.4600219726562,214063
1784547600000,745.469970703125,745.969970703125,745.280029296875,745.969970703125,214146
1784547900000,745.97998046875,745.989990234375,745.0999755859375,745.2999877929688,254897
1784548200000,745.2899780273438,746.3599853515625,745.1300048828125,746.219970703125,400298
1784548500000,746.22998046875,746.4400024414062,745.9400024414062,745.989990234375,310885
1784548800000,746,746.25,745.5800170898438,746.1599731445312,407969
1784549100000,746.1599731445312,746.8350219726562,746.1599731445312,746.7999877929688,588741
1784549400000,746.780029296875,747.0050048828125,746.6400146484375,746.7899780273438,297597
1784549700000,746.8300170898438,746.844970703125,746.3099975585938,746.6799926757812,314922
1784550000000,746.7000122070312,746.8800048828125,746.6199951171875,746.780029296875,227319
1784550300000,746.780029296875,746.8300170898438,746.1699829101562,746.5,323898
1784550600000,746.489990234375,746.780029296875,745.7999877929688,745.8300170898438,328389
1784550900000,745.8200073242188,746.3699951171875,745.8099975585938,746.3499755859375,240742
1784551200000,746.3300170898438,746.52001953125,744.5,745.4299926757812,1044388
1784551500000,745.4099731445312,746.1799926757812,745.2100219726562,746.1300048828125,420926
1784551800000,746.1199951171875,746.155029296875,744.9099731445312,744.969970703125,316124
1784552100000,744.969970703125,745.1900024414062,744.72998046875,745,481423
1784552400000,745.010009765625,745.2100219726562,744.5499877929688,744.552490234375,307945
1784552700000,744.5399780273438,744.6500244140625,744.1300048828125,744.5900268554688,288703
1784553000000,744.5900268554688,744.6400146484375,743.8400268554688,743.9000244140625,294244
1784553300000,743.8900146484375,744.260009765625,743.5599975585938,744.1199951171875,383022
1784553600000,744.114990234375,744.489990234375,743.969970703125,744.1099853515625,228512
1784553900000,744.0999755859375,744.3699951171875,743.8900146484375,744.1199951171875,258856
1784554200000,744.1300048828125,744.4201049804688,743.9500122070312,744.3250122070312,243517
1784554500000,744.2999877929688,744.5399780273438,743.989990234375,744.010009765625,267253
1784554800000,744.030029296875,744.0499877929688,743.5900268554688,743.760009765625,344669
1784555100000,743.77001953125,744.3499755859375,743.6300048828125,744.25,281957
1784555400000,744.219970703125,744.9199829101562,744.2100219726562,744.6500244140625,290349
1784555700000,744.6500244140625,744.6900024414062,744.2100830078125,744.5499877929688,261761
1784556000000,744.5499877929688,745.1699829101562,744.5499877929688,744.8499755859375,363635
1784556300000,744.8400268554688,744.9400024414062,744.530029296875,744.875,239896
1784556600000,744.9000244140625,745.219970703125,744.7100219726562,745.030029296875,219433
1784556900000,745.02001953125,745.3800048828125,744.8800048828125,745.239990234375,387343
1784557200000,745.219970703125,745.2899780273438,744.25,744.280029296875,618991
1784557500000,744.2899780273438,744.7999877929688,744.1300048828125,744.469970703125,343916
1784557800000,744.469970703125,744.489990234375,743.47998046875,743.6649780273438,473873
1784558100000,743.6599731445312,744.2949829101562,743.4400024414062,743.5750122070312,340647
1784558400000,743.5750122070312,743.6199951171875,742.530029296875,742.5449829101562,546380
1784558700000,742.5499877929688,743.0499877929688,742.4299926757812,742.7000122070312,685176
1784559000000,742.7100219726562,743.22998046875,742.5599975585938,743.0999755859375,302428
1784559300000,743.094970703125,743.1400146484375,742.47998046875,742.719970703125,308207
1784559600000,742.760009765625,743.1900024414062,742.4199829101562,742.5900268554688,616940
1784559900000,742.5900268554688,742.8209838867188,742.25,742.6950073242188,525097
1784560200000,742.6994018554688,743.0999755859375,741.7000122070312,741.7000122070312,591743
1784560500000,741.7100219726562,742.2100219726562,741.5103149414062,741.9199829101562,970049
1784560800000,741.9299926757812,742.4299926757812,741.7899780273438,742.2999877929688,614806
1784561100000,742.3200073242188,742.9199829101562,741.8599853515625,742.72998046875,683468
1784561400000,742.739990234375,743.2000122070312,742.3400268554688,742.97998046875,709918
1784561700000,742.9600219726562,743.1300048828125,742.510009765625,742.97998046875,647393
1784562000000,742.969970703125,743.3400268554688,742.7999877929688,742.989990234375,568417
1784562300000,743,743.25,742.7000122070312,743.0800170898438,993664
1784562600000,743.0700073242188,743.0700073242188,741.760009765625,742.2000122070312,1894670
1784562900000,742.1799926757812,742.239990234375,741.6099853515625,742.1400146484375,4361321
1784626200000,746.2899780273438,746.6799926757812,745.1199951171875,745.5999755859375,1901011
1784626500000,745.6099853515625,746.231689453125,745.27001953125,745.280029296875,824912
1784626800000,745.260009765625,745.3099975585938,744.2708740234375,744.510009765625,600352
1784627100000,744.52001953125,745,744.1799926757812,744.9500122070312,420126
1784627400000,744.969970703125,745.3499755859375,744.260009765625,745.0700073242188,386215
1784627700000,745.0499877929688,745.364990234375,744.6099853515625,745.3599853515625,344126
1784628000000,745.3699951171875,745.869873046875,744.9600219726562,745.4199829101562,348723
1784628300000,745.4199829101562,745.77001953125,745.02001953125,745.1950073242188,212358
1784628600000,745.1900024414062,745.8599853515625,744.9500122070312,745.7449951171875,284660
1784628900000,745.719970703125,746.1699829101562,744.7899780273438,746.02001953125,302137
1784629200000,746.0150146484375,746.1900024414062,745.4550170898438,745.97998046875,224452
1784629500000,745.9600219726562,746.989990234375,745.9299926757812,746.8699951171875,450689
1784629800000,746.8499755859375,747.25,746.5800170898438,746.7999877929688,340012
1784630100000,746.7949829101562,747.02001953125,746.0900268554688,746.2999877929688,301549
1784630400000,746.2999877929688,746.635009765625,745.77001953125,746.5999755859375,298164
1784630700000,746.6099853515625,747.260009765625,746.4500122070312,746.9099731445312,401228
1784631000000,746.9099731445312,746.9600219726562,746.5,746.6900024414062,166050
1784631300000,746.6799926757812,746.7899780273438,746.260009765625,746.739990234375,202701
1784631600000,746.77001953125,746.8900146484375,745.8300170898438,746.0009765625,310493
1784631900000,746,747.0700073242188,745.8499755859375,746.97998046875,292853
1784632200000,746.97998046875,747.52001953125,746.9400024414062,747.2097778320312,337144
1784632500000,747.2100219726562,747.5499877929688,747.1588134765625,747.4099731445312,202955
1784632800000,747.4099731445312,747.97998046875,747.3200073242188,747.656005859375,426494
1784633100000,747.6544189453125,748.010009765625,747.6099853515625,748,191435
1784633400000,747.97998046875,748,747.4099731445312,747.7750244140625,364371
1784633700000,747.7899780273438,747.9299926757812,747.4299926757812,747.5800170898438,267226
1784634000000,747.5599975585938,747.8588256835938,747.5198974609375,747.594970703125,235112
1784634300000,747.580322265625,747.9199829101562,747.530029296875,747.8115234375,165894
1784634600000,747.8200073242188,747.97998046875,747.7000122070312,747.719970703125,270841
1784634900000,747.77001953125,747.9000244140625,747.469970703125,747.52001953125,178981
1784635200000,747.52001953125,748.22998046875,747.489990234375,748.219970703125,235413
1784635500000,748.2255249023438,748.3099975585938,748.0700073242188,748.1500244140625,157808
1784635800000,748.1497802734375,748.27001953125,748.0399780273438,748.22998046875,163585
1784636100000,748.239990234375,748.530029296875,748.219970703125,748.469970703125,456214
1784636400000,748.47998046875,748.75,748.4099731445312,748.5800170898438,202970
1784636700000,748.5800170898438,748.7000122070312,748.4400024414062,748.6599731445312,119457
1784637000000,748.6400146484375,748.780029296875,748.4801025390625,748.6849975585938,186951
1784637300000,748.680908203125,748.719970703125,748.489990234375,748.6699829101562,101468
1784637600000,748.6699829101562,748.739990234375,748.5,748.6099853515625,120496
1784637900000,748.6300048828125,748.6500244140625,748.4000244140625,748.489990234375,125200
1784638200000,748.489990234375,748.9949951171875,748.4500122070312,748.9598999023438,215362
1784638500000,748.9600219726562,749.0399780273438,748.6799926757812,748.6900024414062,620830
1784638800000,748.6884155273438,748.8300170898438,748.5805053710938,748.6199951171875,170343
1784639100000,748.6199951171875,748.85498046875,748.5800170898438,748.7100219726562,356355
1784639400000,748.719970703125,748.739990234375,748.530029296875,748.5999755859375,478893
1784639700000,748.6099853515625,748.6599731445312,748.3300170898438,748.35498046875,335585
1784640000000,748.3499755859375,748.47998046875,748.25,748.4000244140625,192939
1784640300000,748.4199829101562,748.47998046875,748.239990234375,748.3599853515625,175614
1784640600000,748.3599853515625,748.5700073242188,748.2150268554688,748.3599853515625,225080
1784640900000,748.3499755859375,748.7999877929688,748.3400268554688,748.7000122070312,247679
1784641200000,748.7000122070312,748.72998046875,748.510009765625,748.669921875,142384
1784641500000,748.6599731445312,748.8599853515625,748.5499877929688,748.8200073242188,161776
1784641800000,748.8400268554688,748.9299926757812,748.6599731445312,748.6799926757812,306097
1784642100000,748.6749877929688,748.719970703125,748.4400024414062,748.5900268554688,232952
1784642400000,748.5900268554688,748.77001953125,748.260009765625,748.3200073242188,295577
1784642700000,748.2999877929688,748.5499877929688,748.27001953125,748.4550170898438,163057
1784643000000,748.4400024414062,748.5490112304688,748.1199951171875,748.1599731445312,245581
1784643300000,748.1699829101562,748.27001953125,748.0900268554688,748.2100219726562,219304
1784643600000,748.1900024414062,748.4000244140625,748.1099853515625,748.2999877929688,200541
1784643900000,748.2899780273438,748.2999877929688,748.0650024414062,748.2100219726562,316580
1784644200000,748.219970703125,748.260009765625,747.9400024414062,747.969970703125,218286
1784644500000,747.969970703125,748.27001953125,747.9600219726562,748.1500244140625,227217
1784644800000,748.1500244140625,748.6099853515625,748.02001953125,748.5399780273438,215354
1784645100000,748.530029296875,748.6400146484375,748.3800048828125,748.4500122070312,161869
1784645400000,748.469970703125,748.510009765625,748.25,748.25927734375,185937
1784645700000,748.25,748.5700073242188,748.22998046875,748.3699951171875,314496
1784646000000,748.3800048828125,748.469970703125,748.1500244140625,748.27001953125,225750
1784646300000,748.25,748.4199829101562,748.1199951171875,748.135009765625,277072
1784646600000,748.1400146484375,748.4299926757812,748.0900268554688,748.239990234375,308319
1784646900000,748.25,748.4600219726562,748.1900024414062,748.3099975585938,190314
1784647200000,748.3099975585938,748.3900146484375,748.1900024414062,748.3099975585938,183500
1784647500000,748.2899780273438,748.4600219726562,748.219970703125,748.260009765625,375104
1784647800000,748.25,748.3900146484375,748.1500244140625,748.1799926757812,361485
1784648100000,748.1699829101562,748.5700073242188,748.1199951171875,748.4099731445312,332389
1784648400000,748.4005126953125,748.5880126953125,748.239990234375,748.530029296875,742764
1784648700000,748.530029296875,748.6400146484375,748.2449951171875,748.60498046875,605051
1784649000000,748.5900268554688,748.7000122070312,748.2899780273438,748.3800048828125,1277177
1784649300000,748.3800048828125,748.5800170898438,748.0900268554688,748.3300170898438,1743645
1784712600000,746.6199951171875,747.5700073242188,746.3699951171875,747.3150024414062,1723196
1784712900000,747.3099975585938,747.489990234375,747.02001953125,747.4000244140625,398272
1784713200000,747.4099731445312,747.7000122070312,747.0900268554688,747.5700073242188,386033
1784713500000,747.5999755859375,748.0599975585938,747.5700073242188,747.760009765625,387195
1784713800000,747.739990234375,748.1799926757812,747.39501953125,748.1500244140625,499544
1784714100000,748.1300048828125,748.7849731445312,748.02001953125,748.780029296875,496342
1784714400000,748.77001953125,748.969970703125,748.52001953125,748.969970703125,393130
1784714700000,748.969970703125,749.3800048828125,748.510009765625,748.5401000976562,386190
1784715000000,748.5399780273438,748.7750244140625,748.110107421875,748.239990234375,289947
1784715300000,748.260009765625,748.3200073242188,747.77001953125,748.1300048828125,251758
1784715600000,748.1400146484375,748.4299926757812,747.3800048828125,747.5999755859375,390741
1784715900000,747.6300048828125,747.8099975585938,747.0900268554688,747.2999877929688,311511
1784716200000,747.2899780273438,747.7899780273438,747.1699829101562,747.239990234375,405856
1784716500000,747.260009765625,747.4500122070312,747.05078125,747.3099975585938,396475
1784716800000,747.2999877929688,747.4500122070312,746.760009765625,746.780029296875,250611
1784717100000,746.7899780273438,747.469970703125,746.6799926757812,747.3699951171875,297686
1784717400000,747.3800048828125,747.6500244140625,747.0900268554688,747.4199829101562,348917
1784717700000,747.3900146484375,747.9769897460938,747.1500244140625,747.9349975585938,280430
1784718000000,747.9299926757812,748.4400024414062,747.8900146484375,748.3049926757812,277938
1784718300000,748.2999877929688,748.75,748.2000122070312,748.6099853515625,333941
1784718600000,748.6099853515625,749.039306640625,748.5900268554688,748.875,275844
1784718900000,748.8800048828125,748.9849853515625,748.52001953125,748.8599853515625,382048
1784719200000,748.8699951171875,749.4000244140625,748.8300170898438,749.3099975585938,177372
1784719500000,749.3200073242188,749.6799926757812,749.2606811523438,749.4099731445312,274008
1784719800000,749.4199829101562,749.510009765625,748.9199829101562,748.9600219726562,258364
1784720100000,748.9849853515625,749.1400146484375,748.7506713867188,748.9149780273438,184888
1784720400000,748.9149780273438,749.2100219726562,748.8499755859375,749,123396
1784720700000,749.02001953125,749.3800048828125,749.02001953125,749.3800048828125,251782
1784721000000,749.3800048828125,749.5900268554688,749.22998046875,749.280029296875,154286
1784721300000,749.260009765625,749.7899780273438,749.1799926757812,749.760009765625,157530
1784721600000,749.760009765625,749.8200073242188,749.489990234375,749.6849975585938,191780
1784721900000,749.6900024414062,749.9099731445312,749.5399780273438,749.7449951171875,230076
1784722200000,749.739990234375,749.7899780273438,749.5999755859375,749.7100219726562,200353
1784722500000,749.7100219726562,750.02001953125,749.6799926757812,749.9749755859375,195351
1784722800000,749.969970703125,749.969970703125,749.780029296875,749.8699951171875,234835
1784723100000,749.8699951171875,749.9400024414062,749.6799926757812,749.8499755859375,242635
1784723400000,749.8599853515625,750.0048217773438,749.75,749.9299926757812,178756
1784723700000,749.9199829101562,749.9600219726562,749.7899780273438,749.8699951171875,313848
1784724000000,749.8900146484375,749.8900146484375,749.6400146484375,749.7550048828125,179533
1784724300000,749.760009765625,749.9000244140625,749.52001953125,749.60498046875,179344
1784724600000,749.6099853515625,749.6799926757812,749.47998046875,749.52001953125,132286
1784724900000,749.510009765625,749.9500122070312,749.5,749.8300170898438,146439
1784725200000,749.8350219726562,749.9600219726562,749.3699951171875,749.5,233695
1784725500000,749.5,749.75,749.47998046875,749.6099853515625,580307
1784725800000,749.5999755859375,749.6199951171875,749.25,749.3200073242188,361788
1784726100000,749.3099975585938,749.4299926757812,749.1900024414062,749.25,502612
1784726400000,749.239990234375,749.260009765625,748.9500122070312,749.1749877929688,195943
1784726700000,749.1699829101562,749.3900146484375,749,749.0444946289062,196990
1784727000000,749.0499877929688,749.2899780273438,748.8599853515625,748.8800048828125,244761
1784727300000,748.8800048828125,749.4099731445312,748.8499755859375,749.3599853515625,210400
1784727600000,749.3599853515625,749.3699951171875,749.0499877929688,749.1199951171875,175551
1784727900000,749.1300048828125,749.22998046875,749.0150146484375,749.0499877929688,126164
1784728200000,749.0399780273438,749.1500244140625,748.6920166015625,748.7100219726562,166578
1784728500000,748.7000122070312,748.7000122070312,748.3900146484375,748.52001953125,645620
1784728800000,748.5150146484375,748.7100219726562,748.2000122070312,748.3800048828125,297919
1784729100000,748.3800048828125,748.6900024414062,748.27001953125,748.3289794921875,295069
1784729400000,748.2999877929688,748.4000244140625,748.010009765625,748.0399780273438,232207
1784729700000,748.030029296875,748.3900146484375,748.0250244140625,748.22998046875,203582
1784730000000,748.25,748.5900268554688,748.1599731445312,748.2225952148438,238646
1784730300000,748.22998046875,748.5499877929688,748.2100219726562,748.489990234375,188785
1784730600000,748.489990234375,748.489990234375,748.0499877929688,748.2000122070312,276360
1784730900000,748.1900024414062,748.469970703125,748.1599731445312,748.4099731445312,188524
1784731200000,748.4299926757812,748.469970703125,748.22998046875,748.2901000976562,288221
1784731500000,748.2899780273438,748.5999755859375,748.2048950195312,748.2224731445312,216078
1784731800000,748.219970703125,748.5798950195312,748.1099853515625,748.52001953125,245576
1784732100000,748.5,748.5900268554688,748.37890625,748.4099731445312,183536
1784732400000,748.4400024414062,748.4600219726562,748.1500244140625,748.239990234375,208281
1784732700000,748.2449951171875,748.3499755859375,748.1500244140625,748.1900024414062,162600
1784733000000,748.2000122070312,748.239990234375,747.8300170898438,747.8900146484375,248523
1784733300000,747.9000244140625,748.1900024414062,747.8300170898438,748.1099853515625,189199
1784733600000,748.1099853515625,748.1199951171875,747.7999877929688,747.8499755859375,205636
1784733900000,747.8499755859375,748.0999755859375,747.6500244140625,748,415094
1784734200000,748,748,747.6699829101562,747.7100219726562,616066
1784734500000,747.7100219726562,747.7999877929688,747.3599853515625,747.4099731445312,522654
1784734800000,747.4215087890625,747.9199829101562,747.4199829101562,747.7899780273438,556526
1784735100000,747.7949829101562,748.0700073242188,747.7550048828125,747.97998046875,742707
1784735400000,747.989990234375,748.2999877929688,747.6900024414062,747.8099975585938,870972
1784735700000,747.8200073242188,748.239990234375,747.2949829101562,747.3300170898438,3100017
1784799000000,739.3699951171875,741.3699951171875,738.469970703125,741.3200073242188,4201871
1784799300000,741.2999877929688,741.8699951171875,740.8499755859375,741.4450073242188,793095
1784799600000,741.4199829101562,742.5599975585938,741.4199829101562,741.8200073242188,612613
1784799900000,741.8499755859375,741.9949951171875,740.1699829101562,740.4000244140625,807521
1784800200000,740.3699951171875,740.9450073242188,739.719970703125,740.9299926757812,1031948
1784800500000,740.9500122070312,741.280029296875,739.2999877929688,739.5750122070312,676870
1784800800000,739.5800170898438,740.6300048828125,739.5800170898438,740.344970703125,531714
1784801100000,740.3599853515625,740.9299926757812,738.8699951171875,739.3599853515625,443580
1784801400000,739.344970703125,740.5399780273438,739.2100219726562,739.6900024414062,445606
1784801700000,739.6599731445312,740.3599853515625,739.4099731445312,739.510009765625,449562
1784802000000,739.52001953125,740.4349975585938,739.1699829101562,739.4400024414062,577693
1784802300000,739.4000244140625,739.9099731445312,738.989990234375,739.7999877929688,545442
1784802600000,739.739990234375,740.0399780273438,738.6599731445312,738.969970703125,449770
1784802900000,738.97998046875,740.510009765625,738.5900268554688,740.3800048828125,780782
1784803200000,740.3800048828125,740.6400146484375,738.6699829101562,738.8699951171875,432500
1784803500000,738.8599853515625,739.469970703125,738.6699829101562,738.8300170898438,422993
1784803800000,738.8400268554688,739.0700073242188,738.010009765625,738.1400146484375,527804
1784804100000,738.155029296875,738.5800170898438,738.0700073242188,738.3099975585938,354913
1784804400000,738.3200073242188,738.47998046875,737.5,737.6599731445312,456987
1784804700000,737.6699829101562,737.7000122070312,736.9400024414062,737.155029296875,831070
1784805000000,737.1599731445312,737.4099731445312,736.4500122070312,736.6500244140625,985434
1784805300000,736.6199951171875,737.2750244140625,736.5800170898438,737.1799926757812,637201
1784805600000,737.2000122070312,737.6900024414062,735.97998046875,736.669921875,1020234
1784805900000,736.6699829101562,736.7203979492188,735.8099975585938,735.9298706054688,857021
1784806200000,735.9099731445312,736.4199829101562,735.2100219726562,736.4099731445312,810901
1784806500000,736.4099731445312,737.4400024414062,736.3800048828125,737.3480224609375,696790
1784806800000,737.3400268554688,737.6599731445312,736.6400146484375,736.6400146484375,544099
1784807100000,736.6400146484375,736.969970703125,736.3599853515625,736.8961791992188,352859
1784807400000,736.8900146484375,737.3300170898438,736.5900268554688,737.3200073242188,320277
1784807700000,737.3300170898438,737.9000244140625,737.1199951171875,737.844970703125,333004
1784808000000,737.844970703125,738.3099975585938,737.530029296875,738.0349731445312,421746
1784808300000,738.0399780273438,738.469970703125,737.5499877929688,738.469970703125,343277
1784808600000,738.469970703125,738.8350219726562,738.4199829101562,738.6199951171875,409071
1784808900000,738.6199951171875,738.8300170898438,738.219970703125,738.5700073242188,1292232
1784809200000,738.5828247070312,739.6599731445312,738.5700073242188,739.4600219726562,484093
1784809500000,739.4500122070312,739.6199951171875,739.1500244140625,739.4500122070312,378385
1784809800000,739.4500122070312,739.489990234375,739.0599975585938,739.1199951171875,328174
1784810100000,739.0999755859375,739.719970703125,738.9400024414062,739.6998901367188,333622
1784810400000,739.7000122070312,739.7100219726562,738.969970703125,738.969970703125,222903
1784810700000,738.9600219726562,738.9600219726562,738.010009765625,738.0250244140625,351531
1784811000000,738.02001953125,738.3400268554688,737.75,737.97998046875,299219
1784811300000,737.97998046875,738.7100219726562,737.97998046875,738.6599731445312,271435
1784811600000,738.6699829101562,738.9400024414062,738.2000122070312,738.2100219726562,175458
1784811900000,738.219970703125,738.489990234375,737.7899780273438,738.489990234375,423821
1784812200000,738.4600219726562,738.8400268554688,738.4299926757812,738.6099853515625,405299
1784812500000,738.5599975585938,738.9000244140625,738.1599731445312,738.5250244140625,519411
1784812800000,738.5650024414062,739.030029296875,738.4000244140625,738.989990234375,1506693
1784813100000,738.97998046875,739.2000122070312,738.739990234375,738.75,374258
1784813400000,738.739990234375,738.7999877929688,738.0499877929688,738.0900268554688,647896
1784813700000,738.0549926757812,738.1199951171875,737.4650268554688,737.6199951171875,154118
1784814000000,737.6199951171875,737.8599853515625,737.27001953125,737.7100219726562,189087
1784814300000,737.7000122070312,738.2899780273438,737.5,738.1599731445312,179442
1784814600000,738.1699829101562,738.2399291992188,737.7000122070312,737.7100219726562,140875
1784814900000,737.6500244140625,737.7098999023438,737.1300048828125,737.1900024414062,149773
1784815200000,737.1599731445312,737.3099975585938,736.9000244140625,736.97998046875,212506
1784815500000,736.969970703125,737.1599731445312,736.8001098632812,736.8619995117188,209211
1784815800000,736.8900146484375,737.3699951171875,736.8699951171875,737.02978515625,593695
1784816100000,736.9719848632812,737.3599853515625,736.8200073242188,737,281077
1784816400000,737.02001953125,737.4400024414062,736.9400024414062,737.4099731445312,183660
1784816700000,737.4199829101562,737.489990234375,737.0349731445312,737.4199829101562,218263
1784817000000,737.4149780273438,737.6599731445312,737.3200073242188,737.5999755859375,279276
1784817300000,737.5800170898438,737.6900024414062,736.8300170898438,736.9299926757812,327191
1784817600000,736.9299926757812,737.02001953125,736.6099853515625,736.8400268554688,415699
1784817900000,736.8300170898438,737.4500122070312,736.8300170898438,737.2999877929688,583968
1784818200000,737.2999877929688,737.3699951171875,736.6868286132812,736.719970703125,295039
1784818500000,736.7100219726562,737.0599975585938,736.6300048828125,737.0499877929688,491634
1784818800000,737.0800170898438,737.3900146484375,736.780029296875,736.7999877929688,340647
1784819100000,736.7999877929688,736.9600219726562,736.7000122070312,736.72998046875,257690
1784819400000,736.719970703125,736.875,736.469970703125,736.5999755859375,201871
1784819700000,736.5999755859375,737.1599731445312,736.5900268554688,736.9500122070312,339486
1784820000000,736.969970703125,737.6300048828125,736.9500122070312,737.6199951171875,451009
1784820300000,737.6199951171875,737.9000244140625,737.3200073242188,737.47998046875,493815
1784820600000,737.489990234375,737.739990234375,736.6799926757812,737.1500244140625,580631
1784820900000,737.14501953125,737.219970703125,736.8300170898438,736.8900146484375,702327
1784821200000,736.8699951171875,736.97998046875,736.25,736.25,1754270
1784821500000,736.260009765625,736.4000244140625,735.719970703125,735.9249877929688,988958
1784821800000,735.9299926757812,736.97998046875,735.9299926757812,736.7100219726562,2437408
1784822100000,736.72998046875,738.6400146484375,736.72998046875,738.1699829101562,5113800
1784885400000,738.510009765625,739.5,738.4199829101562,739.277099609375,1467113
1784885700000,739.2899780273438,739.6599731445312,738.8800048828125,739.1099853515625,415105
1784886000000,739.0999755859375,739.1400756835938,738.6599731445312,738.8101196289062,406628
1784886300000,738.8099975585938,739.8800048828125,738.5700073242188,739.8200073242188,482528
1784886600000,739.8099975585938,739.8099975585938,737.6900024414062,737.8400268554688,758616
1784886900000,737.8300170898438,738.2000122070312,737.4299926757812,737.530029296875,480275
1784887200000,737.5,738.6701049804688,737.3330078125,737.7440185546875,777067
1784887500000,737.7899780273438,739.489990234375,737.5700073242188,739.2999877929688,489734
1784887800000,739.2650146484375,739.905029296875,738.8250122070312,739.5394897460938,932941
1784888100000,739.5399780273438,739.7100219726562,738,738.5349731445312,993924
1784888400000,738.530029296875,739.9500122070312,738.1599731445312,739.5399780273438,401286
1784888700000,739.5599975585938,739.719970703125,738.969970703125,739.1799926757812,390349
1784889000000,739.1900024414062,739.22998046875,738.3300170898438,738.3400268554688,412680
1784889300000,738.3350219726562,738.8200073242188,737.9099731445312,738.0599975585938,331563
1784889600000,738.030029296875,738.3499755859375,737.8400268554688,737.905029296875,667881
1784889900000,737.8900146484375,738.5499877929688,737.4299926757812,738.530029296875,341313
1784890200000,738.5349731445312,739.3200073242188,738.530029296875,739.010009765625,368611
1784890500000,739.010009765625,740.7000122070312,739.010009765625,740.5900268554688,457825
1784890800000,740.5900268554688,740.9600219726562,740.2100219726562,740.239990234375,1066983
1784891100000,740.22998046875,740.6400146484375,739.6599731445312,739.6998901367188,310429
1784891400000,739.6900024414062,742.1699829101562,739.5800170898438,741.8800048828125,772738
1784891700000,741.8599853515625,743,741.3400268554688,741.4774780273438,736171
1784892000000,741.4949951171875,742.6500244140625,741.4099731445312,742.3699951171875,453802
1784892300000,742.39501953125,743.1300048828125,742.3300170898438,742.6099853515625,413289
1784892600000,742.5999755859375,742.9000244140625,742.0499877929688,742.0800170898438,242596
1784892900000,742.0449829101562,743.1580200195312,742.030029296875,743.0700073242188,318123
1784893200000,743.0599975585938,743.25,742.0289916992188,742.2899780273438,273038
1784893500000,742.2899780273438,742.6500244140625,742,742.1300048828125,215877
1784893800000,742.135009765625,742.7899780273438,742.1300048828125,742.5599975585938,351940
1784894100000,742.5599975585938,743.1099853515625,742.52001953125,743.0150146484375,310650
1784894400000,743.0399780273438,743.239990234375,742.6400146484375,743.2100219726562,667546
1784894700000,743.2000122070312,743.5499877929688,742.9400024414062,743.280029296875,454257
1784895000000,743.2999877929688,743.719970703125,742.8499755859375,742.969970703125,340403
1784895300000,743,743.3200073242188,742.8099975585938,743.1347045898438,255553
1784895600000,743.1448974609375,743.5,743.0999755859375,743.3599243164062,200917
1784895900000,743.3599853515625,743.5700073242188,743.1799926757812,743.1900024414062,178237
1784896200000,743.1699829101562,743.1900024414062,742.3599853515625,742.5,390307
1784896500000,742.5150146484375,742.739990234375,742.22998046875,742.27001953125,210497
1784896800000,742.260009765625,742.260009765625,741.6400146484375,741.6500244140625,236074
1784897100000,741.6400146484375,741.8099975585938,740.9500122070312,741.1898803710938,405413
1784897400000,741.1900024414062,741.27001953125,740.739990234375,741.0700073242188,279526
1784897700000,741.0490112304688,741.760009765625,740.8699951171875,741.4500122070312,199361
1784898000000,741.469970703125,741.5999755859375,741.010009765625,741.1749877929688,182715
1784898300000,741.1699829101562,741.3300170898438,740.3800048828125,740.4182739257812,386540
1784898600000,740.4000244140625,741.0599975585938,740.2301025390625,740.9299926757812,255564
1784898900000,740.9500122070312,741.469970703125,740.6599731445312,741.4099731445312,184125
1784899200000,741.41650390625,741.489990234375,740.9072265625,741.2999877929688,327532
1784899500000,741.2899780273438,741.8400268554688,740.989990234375,741.7100219726562,196903
1784899800000,741.75,742.169189453125,741.530029296875,742.11181640625,156146
1784900100000,742.1099853515625,742.1199951171875,741.4299926757812,741.510009765625,162452
1784900400000,741.52001953125,741.5399780273438,741.0700073242188,741.0800170898438,184684
1784900700000,741.0700073242188,741.3900146484375,740.9199829101562,741.3099975585938,162181
1784901000000,741.3099975585938,741.5349731445312,740.969970703125,741.27001953125,270661
1784901300000,741.2899780273438,741.3900146484375,740.969970703125,740.97998046875,244499
1784901600000,740.989990234375,741.2899780273438,740.77001953125,740.8900146484375,188906
1784901900000,740.8800048828125,741.27001953125,740.75,740.969970703125,338674
1784902200000,741.02001953125,741.0750122070312,740.47998046875,740.5900268554688,257613
1784902500000,740.594970703125,740.6500244140625,740.1400146484375,740.22998046875,387838
1784902800000,740.1900024414062,740.2000122070312,739.719970703125,739.8099975585938,433579
1784903100000,739.7999877929688,739.8800048828125,739,739.0349731445312,473174
1784903400000,739.0499877929688,739.1599731445312,738.0700073242188,738.173828125,593684
1784903700000,738.1900024414062,738.6300048828125,737.8300170898438,738.27001953125,879485
1784904000000,738.27001953125,738.27001953125,737.6400146484375,737.8499755859375,439073
1784904300000,737.8699951171875,738.7000122070312,737.7899780273438,738.3099975585938,392359
1784904600000,738.2899780273438,738.5,738.030029296875,738.2050170898438,417134
1784904900000,738.1900024414062,738.7100219726562,738.1400146484375,738.3800048828125,302475
1784905200000,738.3900146484375,738.89501953125,738.2100219726562,738.280029296875,895698
1784905500000,738.25,738.6500244140625,737.5599975585938,737.60498046875,779209
1784905800000,737.6099853515625,738.22998046875,737.469970703125,737.5999755859375,705769
1784906100000,737.5999755859375,737.8300170898438,737.4099731445312,737.7999877929688,1036183
1784906400000,737.8200073242188,738.02001953125,737.2899780273438,737.4299926757812,521023
1784906700000,737.4400024414062,737.8699951171875,737.2999877929688,737.6500244140625,459031
1784907000000,737.719970703125,738.3800048828125,737.6599731445312,738.0900268554688,822160
1784907300000,738.0800170898438,738.6599731445312,737.989990234375,738.1099853515625,1074359
1784907600000,738.1099853515625,738.3400268554688,737.7899780273438,738.280029296875,800742
1784907900000,738.2999877929688,738.4400024414062,737.75,738.3399047851562,1069183
1784908200000,738.3400268554688,738.5800170898438,737.6400146484375,738.469970703125,1055109
1784908500000,738.489990234375,739.0999755859375,738.0499877929688,738.8599853515625,3826336
1785144600000,744.9099731445312,745.1699829101562,743.9425048828125,744.655029296875,1905497
1785144900000,744.6599731445312,745.530029296875,744.5700073242188,744.969970703125,673895
1785145200000,744.969970703125,745.0650024414062,743.4400024414062,743.4500122070312,563061
1785145500000,743.47998046875,744.1500244140625,743.2000122070312,743.7999877929688,584594
1785145800000,743.8499755859375,744.1699829101562,743.3699951171875,743.4500122070312,404221
1785146100000,743.4299926757812,743.4600219726562,741.5999755859375,741.5999755859375,587019
1785146400000,741.5999755859375,742.1300048828125,741.219970703125,741.6599731445312,1099633
1785146700000,741.6500244140625,742.0399780273438,741.22998046875,741.75,612508
1785147000000,741.75,741.77001953125,740.4600219726562,740.9650268554688,653122
1785147300000,740.969970703125,741.5650024414062,740.52001953125,740.989990234375,610851
1785147600000,740.9450073242188,740.9450073242188,739.6300048828125,739.8250122070312,539015
1785147900000,739.8250122070312,740,738.2000122070312,738.3150024414062,1004967
1785148200000,738.3300170898438,738.5549926757812,737.72998046875,737.969970703125,902868
1785148500000,737.9450073242188,738.2999877929688,737.1400146484375,738.0800170898438,720749
1785148800000,738.0750122070312,738.27001953125,736.5399780273438,736.7899780273438,636446
1785149100000,736.7899780273438,738.1599731445312,736.7899780273438,738,542379
1785149400000,737.989990234375,738.8250122070312,737.9299926757812,738.5900268554688,597315
1785149700000,738.5900268554688,739.8800048828125,738.3699951171875,739.6901245117188,566206
1785150000000,739.719970703125,739.969970703125,739.3400268554688,739.760009765625,442765
1785150300000,739.739990234375,740.3099975585938,739.1901245117188,739.219970703125,910063
1785150600000,739.27001953125,739.9349975585938,739.0999755859375,739.3900146484375,360377
1785150900000,739.3599853515625,739.52001953125,737.9400024414062,738.8049926757812,363940
1785151200000,738.8099975585938,739.2999877929688,738.02001953125,738.1799926757812,265057
1785151500000,738.1649780273438,738.5399780273438,737.8800048828125,738.2899780273438,433314
1785151800000,738.27001953125,738.27001953125,737.2999877929688,737.4099731445312,264012
1785152100000,737.4199829101562,737.5,736.3350219726562,736.9400024414062,409638
1785152400000,736.9299926757812,737.469970703125,736.5911865234375,737.4400024414062,334033
1785152700000,737.4299926757812,737.5499877929688,736.6900024414062,736.8900146484375,243039
1785153000000,736.9199829101562,737.3599853515625,736.7100219726562,737.0599975585938,183387
1785153300000,737.0599975585938,737.6500244140625,736.9600219726562,737.4849853515625,217265
1785153600000,737.4924926757812,738.1599731445312,737.3900146484375,738.1500244140625,221283
1785153900000,738.1500244140625,738.3699951171875,737.718017578125,738.2999877929688,196164
1785154200000,738.3099975585938,738.6900024414062,737.3856811523438,737.4500122070312,226422
1785154500000,737.4400024414062,737.47998046875,736.8599853515625,737.2999877929688,543560
1785154800000,737.3099975585938,737.8300170898438,737.0700073242188,737.77001953125,156681
1785155100000,737.77001953125,739.6799926757812,737.7100219726562,738.719970703125,763317
1785155400000,738.719970703125,739.3099975585938,738.4000244140625,738.909912109375,183224
1785155700000,738.8900146484375,739.3499755859375,738.4500122070312,738.969970703125,218445
1785156000000,738.97998046875,739.102294921875,738.0800170898438,738.3400268554688,162992
1785156300000,738.3499755859375,738.7999877929688,738.0999755859375,738.0999755859375,138429
1785156600000,738.0800170898438,738.0800170898438,737,737.1500244140625,209793
1785156900000,737.1500244140625,737.1599731445312,736.6400146484375,737.0570068359375,188221
1785157200000,737.0700073242188,737.0999755859375,736.0999755859375,736.1810302734375,289830
1785157500000,736.1799926757812,736.5800170898438,736.0700073242188,736.3800048828125,201760
1785157800000,736.3699951171875,736.77001953125,736.1799926757812,736.6500244140625,343362
1785158100000,736.6400146484375,736.760009765625,735.8699951171875,736.2150268554688,231599
1785158400000,736.219970703125,736.760009765625,736.0999755859375,736.385009765625,266710
1785158700000,736.39501953125,736.6500244140625,736.1900024414062,736.2000122070312,195724
1785159000000,736.219970703125,737.2000122070312,736.1799926757812,737.1599731445312,231267
1785159300000,737.14501953125,737.280029296875,736.5599975585938,736.7100219726562,171705
1785159600000,736.6900024414062,736.9099731445312,736.5,736.7999877929688,114163
1785159900000,736.8200073242188,737.135009765625,736.5700073242188,736.760009765625,125647
1785160200000,736.72998046875,737.5499877929688,736.6799926757812,737.4982299804688,141067
1785160500000,737.5399780273438,737.8499755859375,737.280029296875,737.7999877929688,184185
1785160800000,737.8400268554688,737.9600219726562,737.5399780273438,737.6099853515625,212283
1785161100000,737.5999755859375,737.969970703125,737.47998046875,737.6799926757812,299969
1785161400000,737.6699829101562,737.9299926757812,737.6199951171875,737.75,216631
1785161700000,737.75,737.8300170898438,737.030029296875,737.25,250125
1785162000000,737.219970703125,737.6900024414062,737.0800170898438,737.5501098632812,163252
1785162300000,737.5499877929688,737.7999877929688,737.4199829101562,737.6199951171875,244690
1785162600000,737.6400146484375,737.6500244140625,736.8599853515625,736.905029296875,198582
1785162900000,736.8599853515625,737.0800170898438,736.7000122070312,736.7899780273438,226540
1785163200000,736.7899780273438,737.5900268554688,736.6199951171875,737.469970703125,682693
1785163500000,737.4849853515625,737.75,737.3599853515625,737.3699951171875,236413
1785163800000,737.3800048828125,738.6500244140625,737.3699951171875,738.5499877929688,328213
1785164100000,738.5599975585938,739.25,738.510009765625,739.0599975585938,485661
1785164400000,739.0599975585938,739.1699829101562,738.552001953125,738.5750122070312,417093
1785164700000,738.5700073242188,739.4000244140625,738.489990234375,739.3200073242188,422423
1785165000000,739.2999877929688,739.5800170898438,738.9500122070312,739.0900268554688,283609
1785165300000,739.0999755859375,739.5,739.0900268554688,739.4949951171875,257850
1785165600000,739.52001953125,739.77001953125,739.3499755859375,739.614990234375,409953
1785165900000,739.6199951171875,739.719970703125,739.3400268554688,739.6500244140625,268266
1785166200000,739.6500244140625,739.8499755859375,739.469970703125,739.5700073242188,448729
1785166500000,739.5499877929688,739.6900024414062,738.9199829101562,738.989990234375,650122
1785166800000,738.989990234375,739.2199096679688,738.8200073242188,738.969970703125,627623
1785167100000,738.9600219726562,739.0700073242188,738.6199951171875,739.0399780273438,1084314
1785167400000,739.0499877929688,739.22998046875,738.5823974609375,738.77001953125,1543745
1785167700000,738.77001953125,739.1099853515625,738.5,739.02001953125,4015323
1785231000000,739.1900024414062,739.47998046875,738.030029296875,738.155029296875,2837977
1785231300000,738.1599731445312,739.0650024414062,737.760009765625,737.7899780273438,824055
1785231600000,737.7899780273438,738.3400268554688,736.5599975585938,737.0499877929688,1041103
1785231900000,737.0499877929688,737.6099853515625,735.97998046875,737.530029296875,893500
1785232200000,737.530029296875,738.1749877929688,736.72998046875,737.0598754882812,748968
1785232500000,737.0399780273438,737.25,736.1599731445312,736.5,520934
1785232800000,736.489990234375,737.7100219726562,736.4500122070312,737.260009765625,402300
1785233100000,737.239990234375,738.2150268554688,736.8800048828125,737.0900268554688,500278
1785233400000,737.0399780273438,737.8099975585938,736.27001953125,736.5900268554688,454557
1785233700000,736.6099853515625,737.1599731445312,736.4400024414062,736.6099853515625,789147
1785234000000,736.6300048828125,737.8779907226562,736.3699951171875,737.3049926757812,483313
1785234300000,737.3099975585938,737.75,737.1500244140625,737.7000122070312,463346
1785234600000,737.719970703125,738,737.2100219726562,737.2449951171875,548219
1785234900000,737.239990234375,738.6199951171875,737.1500244140625,737.530029296875,535883
1785235200000,737.5399780273438,738.6099853515625,737.4000244140625,738.27001953125,676154
1785235500000,738.25,739.4099731445312,737.8599853515625,739.3099975585938,660577
1785235800000,739.2999877929688,739.7849731445312,739.1500244140625,739.4199829101562,626397
1785236100000,739.4299926757812,739.8200073242188,738.5800170898438,738.6400146484375,364229
1785236400000,738.7000122070312,739.1799926757812,738.1400146484375,738.1500244140625,677367
1785236700000,738.1599731445312,738.8400268554688,738.010009765625,738.7999877929688,254071
1785237000000,738.77001953125,739.7100219726562,738.4600219726562,739.3400268554688,420180
1785237300000,739.3800048828125,740.5700073242188,739.1901245117188,740.5700073242188,658227
1785237600000,740.5700073242188,741.3800048828125,740.5449829101562,741.3800048828125,702554
1785237900000,741.3599853515625,741.9000244140625,741.0399780273438,741.2000122070312,664777
1785238200000,741.1699829101562,741.47998046875,740.9910278320312,741.25,233448
1785238500000,741.3099975585938,741.9000244140625,741.239990234375,741.6199951171875,249016
1785238800000,741.5999755859375,742.0900268554688,741.4199829101562,742.0700073242188,288552
1785239100000,742.0700073242188,742.4500122070312,741.9600219726562,742.3200073242188,347047
1785239400000,742.3200073242188,742.4099731445312,741.7899780273438,742.0599975585938,326561
1785239700000,742.0700073242188,742.3900146484375,741.7999877929688,742.2150268554688,198277
1785240000000,742.2050170898438,742.3499755859375,741.9400024414062,742.02001953125,433367
1785240300000,742.02001953125,742.2000122070312,741.5599975585938,741.5700073242188,298787
1785240600000,741.5700073242188,741.8400268554688,741.47998046875,741.6199951171875,270948
1785240900000,741.6099853515625,741.9199829101562,741.3200073242188,741.9000244140625,244630
1785241200000,741.9080200195312,742.0900268554688,741.3099975585938,741.489990234375,209637
1785241500000,741.47998046875,741.5999755859375,741.2100219726562,741.2100219726562,176750
1785241800000,741.22998046875,741.3900146484375,740.9199829101562,741.1099853515625,180477
1785242100000,741.1199951171875,741.7999877929688,741.0800170898438,741.7799072265625,173601
1785242400000,741.780029296875,742.1500244140625,741.7100219726562,741.9400024414062,353730
1785242700000,741.9400024414062,742.0800170898438,741.3900146484375,741.7899780273438,309539
1785243000000,741.7899780273438,742.6599731445312,741.760009765625,742.6099853515625,383824
1785243300000,742.6199951171875,742.7901000976562,742.47998046875,742.6099853515625,167506
1785243600000,742.6099853515625,742.780029296875,742.0850219726562,742.1400146484375,297007
1785243900000,742.1500244140625,742.3200073242188,741.4500122070312,741.5299072265625,228247
1785244200000,741.5,741.8200073242188,741.1799926757812,741.3400268554688,343721
1785244500000,741.3350219726562,741.530029296875,741.0800170898438,741.3099975585938,175637
1785244800000,741.3200073242188,742.1900024414062,741.2100219726562,741.3499755859375,357005
1785245100000,741.3350219726562,741.719970703125,741.1300048828125,741.3099975585938,124272
1785245400000,741.2999877929688,741.8300170898438,741.1099853515625,741.7000122070312,189957
1785245700000,741.719970703125,741.9199829101562,741.3400268554688,741.4000244140625,125230
1785246000000,741.3800048828125,741.6599731445312,740.6500244140625,740.7999877929688,323917
1785246300000,740.7949829101562,741.3900146484375,740.6400146484375,741.2999877929688,273765
1785246600000,741.2849731445312,741.2849731445312,740.6799926757812,740.7609252929688,136456
1785246900000,740.739990234375,741.219970703125,740.510009765625,741.1900024414062,222469
1785247200000,741.2000122070312,741.52001953125,741.010009765625,741.22998046875,273418
1785247500000,741.2000122070312,741.2899780273438,740.739990234375,740.8499755859375,233917
1785247800000,740.8499755859375,740.9318237304688,740.4199829101562,740.4550170898438,380289
1785248100000,740.4600219726562,740.844970703125,740.4299926757812,740.760009765625,292465
1785248400000,740.75,740.9600219726562,740.510009765625,740.5401000976562,165059
1785248700000,740.5499877929688,740.6900024414062,740.4299926757812,740.5900268554688,250657
1785249000000,740.5900268554688,741.0499877929688,740.5,740.9349975585938,265820
1785249300000,740.9049072265625,741.1199951171875,740.739990234375,740.8200073242188,170009
1785249600000,740.8400268554688,740.8800048828125,740.5499877929688,740.77001953125,255894
1785249900000,740.7899780273438,741.4099731445312,740.6900024414062,741.25,338437
1785250200000,741.25,741.52001953125,741.1500244140625,741.25,229256
1785250500000,741.25,741.614990234375,741.0700073242188,741.4500122070312,237145
1785250800000,741.4500122070312,741.9600219726562,741.4299926757812,741.9099731445312,375364
1785251100000,741.8800048828125,741.9550170898438,741.3900146484375,741.4199829101562,1364659
1785251400000,741.4299926757812,741.6500244140625,741.3300170898438,741.469970703125,221720
1785251700000,741.4600219726562,741.719970703125,741.3099975585938,741.64990234375,345562
1785252000000,741.6199951171875,741.8400268554688,741.530029296875,741.8099975585938,1094845
1785252300000,741.8200073242188,741.8499755859375,741.3499755859375,741.7000122070312,398036
1785252600000,741.7100219726562,741.72998046875,741.4600219726562,741.532470703125,690086
1785252900000,741.530029296875,741.5549926757812,740.9299926757812,741.010009765625,391016
1785253200000,741.010009765625,741.3099975585938,740.989990234375,741.2999877929688,476767
1785253500000,741.2999877929688,741.3400268554688,740.8900146484375,741.1099853515625,919399
1785253800000,741.0999755859375,741.6699829101562,740.8499755859375,741.6400146484375,1198938
1785254100000,741.6300048828125,741.6300048828125,740.4299926757812,740.760009765625,5045104
1785317400000,739.969970703125,740.3900146484375,738.719970703125,740.030029296875,2005035
1785317700000,740.02001953125,740.239990234375,739.1749877929688,739.9000244140625,395710
1785318000000,739.8900146484375,740.0399780273438,739.3200073242188,739.6799926757812,838844
1785318300000,739.6599731445312,740.219970703125,738.8800048828125,739.155029296875,525174
1785318600000,739.1599731445312,739.2100219726562,737.4299926757812,737.8099975585938,613806
1785318900000,737.780029296875,737.780029296875,736.6099853515625,737.3599853515625,627156
1785319200000,737.4299926757812,738.0900268554688,737.3499755859375,737.7999877929688,917628
1785319500000,737.7849731445312,738.3300170898438,736.7100219726562,736.8099975585938,415704
1785319800000,736.780029296875,737.0399780273438,735.0401000976562,735.4099731445312,727128
1785320100000,735.4099731445312,736.27001953125,735.3599853515625,735.8900146484375,540169
1785320400000,735.8900146484375,736.469970703125,735.3099975585938,735.489990234375,520529
1785320700000,735.469970703125,735.52001953125,734.260009765625,734.9199829101562,838779
1785321000000,734.9099731445312,735.8400268554688,734.8099975585938,735.3200073242188,86016
1785321300000,735.3200073242188,735.4600219726562,734.6599731445312,734.8099975585938,657612
1785321600000,734.780029296875,734.7999877929688,733.7899780273438,734.219970703125,577499
1785321900000,734.2100219726562,734.7899780273438,733.8900146484375,734.4299926757812,442505
1785322200000,734.4249877929688,735.3400268554688,734.260009765625,735.030029296875,479301
1785322500000,735.02001953125,735.0900268554688,734.27001953125,734.8200073242188,281205
1785322800000,734.8200073242188,735.54931640625,734.4299926757812,735.3200073242188,373832
1785323100000,735.3200073242188,735.6190795898438,734.6699829101562,735.5900268554688,345938
1785323400000,735.6300048828125,735.6599731445312,734.530029296875,734.6400146484375,354996
1785323700000,734.6500244140625,735.489990234375,734.530029296875,734.5599975585938,303515
1785324000000,734.5700073242188,735.0499877929688,734.3699951171875,735.02001953125,284631
1785324300000,735.010009765625,735.2150268554688,734.3499755859375,734.4403076171875,209233
1785324600000,734.4199829101562,734.989990234375,734.280029296875,734.5700073242188,204830
1785324900000,734.5800170898438,734.9699096679688,734.030029296875,734.030029296875,232836
1785325200000,734.02001953125,734.4199829101562,733.719970703125,733.989990234375,263869
1785325500000,733.97998046875,734.469970703125,733.7899780273438,734.4400024414062,217372
1785325800000,734.4299926757812,734.5399780273438,733.469970703125,733.47998046875,235884
1785326100000,733.510009765625,733.8800048828125,733.02001953125,733.72998046875,406160
1785326400000,733.760009765625,734.030029296875,732.739990234375,732.8099975585938,327099
1785326700000,732.8400268554688,732.8400268554688,732.219970703125,732.7100219726562,472886
1785327000000,732.7000122070312,732.760009765625,732.02001953125,732.02001953125,325022
1785327300000,732.02001953125,732.3599853515625,731.72998046875,732.22998046875,660736
1785327600000,732.239990234375,733.5999755859375,732.1099853515625,733.3499755859375,399286
1785327900000,733.3499755859375,733.9199829101562,733.280029296875,733.8499755859375,356148
1785328200000,733.8400268554688,734.3200073242188,733.394775390625,733.394775390625,393943
1785328500000,733.4000244140625,733.6799926757812,732.97998046875,733.5700073242188,663020
1785328800000,733.5499877929688,733.7100219726562,732.8800048828125,733.2299194335938,303600
1785329100000,733.219970703125,733.9600219726562,733.030029296875,733.9299926757812,274572
1785329400000,733.9500122070312,734.5,733.7100219726562,734.2899780273438,254201
1785329700000,734.260009765625,734.8699951171875,734.1400756835938,734.8699951171875,220409
1785330000000,734.8800048828125,735.989990234375,734.739990234375,735.8599853515625,362702
1785330300000,735.89501953125,735.9299926757812,735.3400268554688,735.39501953125,353415
1785330600000,735.4000244140625,736.6199951171875,735.3300170898438,736.5999755859375,429716
1785330900000,736.6099853515625,736.864990234375,736.2949829101562,736.72998046875,384861
1785331200000,736.72998046875,737.239990234375,736.2899780273438,736.3400268554688,368551
1785331500000,736.3300170898438,736.4600219726562,735.72998046875,735.739990234375,388325
1785331800000,735.75,736.3499755859375,735.27001953125,735.8400268554688,374541
1785332100000,735.8099975585938,735.969970703125,735.3499755859375,735.6400146484375,222045
1785332400000,735.6400146484375,735.9199829101562,735.3900146484375,735.75,231375
1785332700000,735.760009765625,736.030029296875,735.3900146484375,735.97802734375,217402
1785333000000,735.97998046875,736.4000244140625,735.9500122070312,736.1900024414062,369375
1785333300000,736.1900024414062,736.4199829101562,735.6099853515625,736.407470703125,330588
1785333600000,736.3699951171875,739.5499877929688,736.3699951171875,738.1400146484375,1893154
1785333900000,738.1099853515625,739.0399780273438,737.6799926757812,738.0900268554688,665191
1785334200000,738.0599975585938,738.3800048828125,736.9600219726562,737.3900146484375,613643
1785334500000,737.4199829101562,738.260009765625,736.8200073242188,737.02001953125,481252
1785334800000,737.010009765625,737.1099853515625,736.3182983398438,736.6599731445312,396281
1785335100000,736.6900024414062,737.3599853515625,736.4600219726562,737.3099975585938,490315
1785335400000,737.3599853515625,738.0800170898438,735.9500122070312,736.9099731445312,834015
1785335700000,736.9299926757812,739.2899780273438,736.3400268554688,738.9400024414062,532500
1785336000000,738.9345703125,741.02001953125,738.8499755859375,740.719970703125,906270
1785336300000,740.719970703125,742.1199951171875,740.469970703125,741.9299926757812,1062438
1785336600000,741.9199829101562,742.64501953125,741.27001953125,742.5900268554688,924783
1785336900000,742.6099853515625,742.6799926757812,741.5499877929688,741.9500122070312,608207
1785337200000,741.9450073242188,742.5900268554688,740.0999755859375,740.5399780273438,862845
1785337500000,740.52001953125,740.5599975585938,738.4199829101562,738.4299926757812,878279
1785337800000,738.4099731445312,739.25,737.9500122070312,738.91259765625,711858
1785338100000,738.89501953125,739.77001953125,737.3800048828125,737.5899047851562,868891
1785338400000,737.5900268554688,737.6699829101562,735.3300170898438,735.3699951171875,1214289
1785338700000,735.3699951171875,735.7100219726562,734.2805786132812,735.1500244140625,1201050
1785339000000,735.2100219726562,735.739990234375,732.6950073242188,733.5899047851562,2836755
1785339300000,733.5800170898438,734.02001953125,731.52001953125,731.60498046875,1571024
1785339600000,731.594970703125,732.27001953125,730.9000244140625,731.2999877929688,1726730
1785339900000,731.2999877929688,732.0900268554688,730.4099731445312,731.909912109375,2456951
1785340200000,731.8900146484375,731.8900146484375,730.1699829101562,730.8300170898438,2247582
1785340500000,730.8200073242188,730.8200073242188,729.0999755859375,729.5399780273438,8906932
1785403800000,736.0499877929688,736.27001953125,734.969970703125,735.4451293945312,3476633
1785404100000,735.4400024414062,736.0499877929688,734.97998046875,735.3400268554688,1026329
1785404400000,735.3099975585938,736.7899780273438,734.6300048828125,736.39501953125,1100592
1785404700000,736.3900146484375,737.4299926757812,736.3499755859375,737.4000244140625,1294931
1785405000000,737.3900146484375,738.3640747070312,737.0700073242188,737.8699951171875,1047074
1785405300000,737.864990234375,738.6599731445312,737.5900268554688,738.625,963366
1785405600000,738.625,738.989990234375,738.0800170898438,738.5800170898438,1379841
1785405900000,738.5800170898438,738.905029296875,737.5499877929688,737.7672119140625,792218
1785406200000,737.760009765625,738.155029296875,737.4400024414062,737.97998046875,670183
1785406500000,737.97998046875,738.47998046875,737.3800048828125,737.7899780273438,539046
1785406800000,737.7899780273438,738.5700073242188,737.6199951171875,737.969970703125,489609
1785407100000,737.969970703125,739.2999877929688,737.72998046875,738.5797729492188,683208
1785407400000,738.6400146484375,738.8800048828125,738.0549926757812,738.3599853515625,817739
1785407700000,738.3209838867188,738.9398803710938,738.0371704101562,738.6849975585938,301325
1785408000000,738.6900024414062,739.1099853515625,737.6799926757812,737.8400268554688,454847
1785408300000,737.8499145507812,738.1500244140625,736.8300170898438,737.219970703125,592163
1785408600000,737.219970703125,737.35498046875,736.0850219726562,736.2100219726562,1178122
1785408900000,736.2000122070312,736.5700073242188,735.6099243164062,736.22998046875,956670
1785409200000,736.22998046875,736.5900268554688,735.260009765625,736.2650146484375,712620
1785409500000,736.219970703125,736.8200073242188,735.3900146484375,736.75,702778
1785409800000,736.7401123046875,736.77001953125,734.8300170898438,734.8900146484375,633889
1785410100000,734.8699951171875,735.72998046875,734.5900268554688,735.469970703125,615652
1785410400000,735.47998046875,736.1649780273438,735.2100219726562,735.4299926757812,514103
1785410700000,735.4249877929688,735.8200073242188,734.6300048828125,734.7999877929688,560256
1785411000000,734.8400268554688,736.0800170898438,734.6799926757812,736.0800170898438,392420
1785411300000,736.0900268554688,736.4600219726562,735.4500122070312,735.9299926757812,333094
1785411600000,735.9199829101562,736.969970703125,735.780029296875,736.6229858398438,399337
1785411900000,736.6500244140625,737.3200073242188,736.6500244140625,737.0750122070312,815781
1785412200000,737.0800170898438,737.25,736.3800048828125,737.22998046875,524660
1785412500000,737.22998046875,737.6699829101562,737.0601196289062,737.1300048828125,590600
1785412800000,737.1500244140625,738.345703125,736.8699951171875,738.280029296875,768816
1785413100000,738.27001953125,738.4299926757812,737.8800048828125,738.1900024414062,385370
1785413400000,738.1799926757812,738.97998046875,738.1300048828125,738.864990234375,745890
1785413700000,738.8699951171875,739.219970703125,738.8200073242188,738.9500122070312,285061
1785414000000,738.9500122070312,739.1300048828125,738.5800170898438,738.6649780273438,409762
1785414300000,738.6500244140625,738.969970703125,738.5402221679688,738.760009765625,208936
1785414600000,738.77001953125,738.8900146484375,738.3599853515625,738.739990234375,308487
1785414900000,738.7650146484375,739.0499877929688,738.4807739257812,738.510009765625,232896
1785415200000,738.510009765625,738.5449829101562,737.7550048828125,738.030029296875,409450
1785415500000,738.0399780273438,738.75,738,738.5599975585938,291951
1785415800000,738.5900268554688,739.1699829101562,738.27001953125,738.969970703125,254477
1785416100000,738.969970703125,739.1699829101562,738.7800903320312,738.9849853515625,203497
1785416400000,738.97998046875,740.0499877929688,738.9799194335938,739.9500122070312,534185
1785416700000,739.9600219726562,740.1300048828125,739.6195068359375,739.780029296875,327734
1785417000000,739.7899780273438,739.989990234375,739.530029296875,739.7000122070312,579955
1785417300000,739.7000122070312,740.239990234375,739.6400146484375,740.1799926757812,240039
1785417600000,740.1699829101562,740.1799926757812,739.76123046875,739.97998046875,232907
1785417900000,739.9600219726562,739.989990234375,739.6500244140625,739.760009765625,463383
1785418200000,739.7650146484375,740.010009765625,739.3800048828125,739.530029296875,320664
1785418500000,739.5399780273438,739.9299926757812,739.1900024414062,739.2999877929688,482773
1785418800000,739.3499755859375,740.1599731445312,739.3499755859375,739.9099731445312,439077
1785419100000,739.9099731445312,740.1599731445312,739.8599853515625,739.8703002929688,460648
1785419400000,739.8699951171875,740.3800048828125,739.8200073242188,739.8699951171875,264502
1785419700000,739.8599853515625,739.989990234375,739.6511840820312,739.780029296875,174042
1785420000000,739.7849731445312,740.2999877929688,739.719970703125,739.760009765625,587491
1785420300000,739.739990234375,740.219970703125,739.7050170898438,740.0850219726562,350183
1785420600000,740.1199951171875,740.2999877929688,739.97998046875,740.2000122070312,379776
1785420900000,740.219970703125,740.3599853515625,740.0599975585938,740.1699829101562,258804
1785421200000,740.1500244140625,740.4400024414062,740.0599975585938,740.3099975585938,271499
1785421500000,740.2999877929688,740.4099731445312,740.1199951171875,740.3800048828125,220586
1785421800000,740.4000244140625,740.5900268554688,740.2000122070312,740.3200073242188,461007
1785422100000,740.3099975585938,740.3800048828125,740.030029296875,740.1199951171875,362920
1785422400000,740.1099853515625,740.3900146484375,740.072509765625,740.3300170898438,447102
1785422700000,740.3400268554688,740.5800170898438,740.3099975585938,740.510009765625,286530
1785423000000,740.5,740.6900024414062,740.3900146484375,740.5,396608
1785423300000,740.489990234375,740.8300170898438,740.3900146484375,740.77001953125,300577
1785423600000,740.75,741.35498046875,740.739990234375,741.2150268554688,486213
1785423900000,741.22998046875,741.8099975585938,741.1400146484375,741.7750244140625,587863
1785424200000,741.780029296875,742.2999877929688,741.760009765625,742.0700073242188,562828
1785424500000,742.0599975585938,742.4500122070312,741.8099975585938,742.2899780273438,459565
1785424800000,742.3095703125,742.3099975585938,741.9600219726562,742.0399780273438,853964
1785425100000,742.030029296875,742.2100219726562,741.739990234375,741.780029296875,539449
1785425400000,741.77001953125,741.989990234375,741.6500244140625,741.7650146484375,573565
1785425700000,741.77001953125,741.9000244140625,741.4299926757812,741.72998046875,1137061
1785426000000,741.72998046875,741.9099731445312,741.52001953125,741.7899780273438,840977
1785426300000,741.7999877929688,741.8800048828125,741.3099975585938,741.6099853515625,2424614
1785426600000,741.5900268554688,741.6500244140625,741.1400146484375,741.3900146484375,2223414
1785426900000,741.4099731445312,742.0999755859375,741,741.72998046875,5384123
1785490200000,744.6799926757812,746.301025390625,744.5800170898438,746,2361327
1785490500000,745.97998046875,746.260009765625,744.1099853515625,744.1220092773438,1141953
1785490800000,744.1300048828125,744.2100219726562,742.8400268554688,743.0999755859375,1343432
1785491100000,743.0999755859375,743.5999755859375,741.989990234375,742.2750244140625,1072726
1785491400000,742.2849731445312,742.6799926757812,741.5499877929688,742,928049
1785491700000,742.010009765625,742.8300170898438,741.6900024414062,741.9400024414062,719610
1785492000000,741.9400024414062,742.364990234375,740.2899780273438,740.322509765625,846677
1785492300000,740.2949829101562,740.75,738.4299926757812,739.1400146484375,1217952
1785492600000,739.1500244140625,739.3900146484375,737.969970703125,738.47802734375,1280307
1785492900000,738.469970703125,739.5,737.6799926757812,738.6300048828125,1235745
1785493200000,738.6099853515625,740.1199951171875,738.3800048828125,739.510009765625,945580
1785493500000,739.510009765625,740.5700073242188,739.280029296875,740.489990234375,755236
1785493800000,740.47998046875,741.1799926757812,740.1300048828125,740.489990234375,679280
1785494100000,740.47998046875,741.4099731445312,740.4500122070312,741.2249755859375,539441
1785494400000,741.2100219726562,741.6599731445312,740.5800170898438,741.625,505040
1785494700000,741.5999755859375,742.4970092773438,741.4400024414062,742.4229125976562,562833
1785495000000,742.4199829101562,742.9500122070312,742.0488891601562,742.1900024414062,528639
1785495300000,742.1900024414062,742.6900024414062,741.510009765625,742.5,410682
1785495600000,742.530029296875,742.7050170898438,741.760009765625,742.5050048828125,325179
1785495900000,742.5200805664062,742.8200073242188,741.4600219726562,741.8300170898438,379746
1785496200000,741.8400268554688,742.489990234375,741.1237182617188,742.1500244140625,315476
1785496500000,742.1400146484375,743.0999755859375,741.510009765625,741.9500122070312,388881
1785496800000,741.9199829101562,742.1699829101562,741,741.0800170898438,387515
1785497100000,741.02001953125,741.211181640625,740.0900268554688,740.2999877929688,606756
1785497400000,740.2899780273438,741,739.8099975585938,740.739990234375,471108
1785497700000,740.75,742.3350219726562,740.6799926757812,742.0650024414062,665735
1785498000000,742.0599975585938,742.3400268554688,740.9700927734375,741.8200073242188,268217
1785498300000,741.8300170898438,741.97998046875,741.10498046875,741.4299926757812,257942
1785498600000,741.4199829101562,742.9400024414062,741.2899780273438,742.8049926757812,322510
1785498900000,742.780029296875,743.3300170898438,742.5499877929688,743.0908203125,412576
1785499200000,743.0900268554688,743.5599975585938,742.9199829101562,743.25,378058
1785499500000,743.239990234375,743.3900146484375,742.4600219726562,743.0399780273438,495945
1785499800000,743.0449829101562,743.6599731445312,743,743.5499877929688,393988
1785500100000,743.52001953125,743.5999755859375,742.780029296875,743.3049926757812,277585
1785500400000,743.2899780273438,744.4299926757812,743.25,744.285888671875,397448
1785500700000,744.2899780273438,744.4199829101562,743.7999877929688,744.4199829101562,244371
1785501000000,744.4299926757812,744.8298950195312,744.280029296875,744.780029296875,373165
1785501300000,744.780029296875,745.030029296875,744.3499755859375,744.5499877929688,308507
1785501600000,744.530029296875,744.77001953125,744.0900268554688,744.1699829101562,269195
1785501900000,744.1599731445312,744.5999755859375,743.989990234375,744.530029296875,238591
1785502200000,744.5700073242188,745.02001953125,744.4299926757812,744.592529296875,216358
1785502500000,744.5800170898438,744.8599853515625,744.5250244140625,744.6199951171875,193880
1785502800000,744.6199951171875,745.3060302734375,744.5,745.0599975585938,387170
1785503100000,745.030029296875,745.260009765625,744.5499877929688,744.8099975585938,268677
1785503400000,744.7899780273438,745.2899780273438,744.6300048828125,745.2249755859375,478960
1785503700000,745.219970703125,745.510009765625,745.0999755859375,745.4500122070312,259359
1785504000000,745.4400024414062,746.0999755859375,745.2000122070312,746.0399780273438,354634
1785504300000,746.0399780273438,746.4000244140625,745.9099731445312,746.2899780273438,724209
1785504600000,746.2999877929688,746.4400024414062,746.0599975585938,746.364990234375,349311
1785504900000,746.3499755859375,746.5,745.75,745.7899169921875,541313
1785505200000,745.77001953125,746.030029296875,745.6099853515625,745.842529296875,340151
1785505500000,745.8599853515625,746.1099853515625,745.22998046875,745.2899780273438,772408
1785505800000,745.27001953125,745.8599853515625,745.1900024414062,745.5900268554688,350266
1785506100000,745.5850219726562,745.77001953125,745.4099731445312,745.4400024414062,278582
1785506400000,745.4400024414062,746.0198974609375,745.2949829101562,745.6400146484375,421654
1785506700000,745.6400146484375,746.0399780273438,745.469970703125,745.8900146484375,275172
1785507000000,745.8900146484375,746.030029296875,745.52001953125,745.719970703125,241354
1785507300000,745.6900024414062,746.260009765625,745.6300048828125,746.0850219726562,322018
1785507600000,746.0800170898438,746.4299926757812,746.010009765625,746.3300170898438,391030
1785507900000,746.3400268554688,746.3599853515625,745.9099731445312,746.010009765625,1032930
1785508200000,746.0399780273438,746.2750244140625,746.030029296875,746.0900268554688,295203
1785508500000,746.0700073242188,746.0999755859375,745.75,745.8200073242188,588344
1785508800000,745.8099975585938,746.1799926757812,745.6699829101562,746.0650024414062,397597
1785509100000,746.0800170898438,746.3699951171875,745.9199829101562,746.3400268554688,442739
1785509400000,746.3300170898438,746.5399780273438,746.1900024414062,746.239990234375,498599
1785509700000,746.239990234375,746.3699951171875,745.9000244140625,746.155029296875,435798
1785510000000,746.1400146484375,746.5700073242188,745.8800048828125,745.8800048828125,384081
1785510300000,745.9199829101562,746.239990234375,745.7899780273438,746.1599731445312,540213
1785510600000,746.1599731445312,746.530029296875,746.1199951171875,746.3300170898438,628266
1785510900000,746.3250122070312,747.5549926757812,746.260009765625,747.52001953125,1294128
1785511200000,747.52001953125,747.9199829101562,747.4099731445312,747.4949951171875,1001378
1785511500000,747.489990234375,747.6699829101562,747.3300170898438,747.489990234375,1336398
1785511800000,747.489990234375,747.510009765625,746.8699951171875,747.1699829101562,952697
1785512100000,747.1799926757812,747.64501953125,747.1500244140625,747.5599975585938,974739
1785512400000,747.5399780273438,748.1099853515625,747.2999877929688,748.094970703125,1014375
1785512700000,748.0999755859375,748.510009765625,748.0700073242188,748.5,1566180
1785513000000,748.489990234375,748.89501953125,747.8400268554688,748.594970703125,1539906
1785513300000,748.5800170898438,748.6900024414062,746.3400268554688,746.8099975585938,4267686
