ts,open,high,low,close,volume
1788255000000,762.010009765625,762.1395263671875,761.1799926757812,761.9299926757812,2402466
1788255300000,761.9400024414062,762.39990234375,761.6099853515625,761.7698974609375,586625
1788255600000,761.760009765625,762.1199951171875,761.4299926757812,761.9600219726562,476228
1788255900000,761.9600219726562,762.2000122070312,761.6799926757812,762.2000122070312,484559
1788256200000,762.1799926757812,762.47998046875,761.5946044921875,761.8099975585938,398859
1788256500000,761.8200073242188,762.094970703125,761.4749755859375,762.0150146484375,410744
1788256800000,762.02001953125,762.5599975585938,761.739990234375,762.1699829101562,426329
1788257100000,762.1699829101562,762.9600219726562,762.1699829101562,762.9000244140625,353248
1788257400000,762.9202270507812,763.083984375,762.4931030273438,763,341229
1788257700000,762.989990234375,763.52001953125,762.9000244140625,763.3099975585938,402467
1788258000000,763.3200073242188,764,763.3200073242188,763.6799926757812,360586
1788258300000,763.6900024414062,764,763.6199951171875,763.7694702148438,336408
1788258600000,763.760009765625,764.4998779296875,763.75,764.4500122070312,512464
1788258900000,764.4509887695312,764.5499877929688,764.0700073242188,764.27001953125,401985
1788259200000,764.27001953125,764.3400268554688,763.8961791992188,764.1599731445312,308914
1788259500000,764.1599731445312,764.3599853515625,763.9199829101562,763.9199829101562,352920
1788259800000,763.9299926757812,763.9299926757812,763.5,763.5900268554688,262548
1788260100000,763.5900268554688,763.6998901367188,763.35009765625,763.5399780273438,348913
1788260400000,763.5599975585938,763.6599731445312,763.010009765625,763.1099853515625,259723
1788260700000,763.0700073242188,763.1699829101562,762.6699829101562,762.7999877929688,412531
1788261000000,762.7825927734375,763.1701049804688,762.7100219726562,762.9255981445312,285042
1788261300000,762.9400024414062,763.3499755859375,762.8499755859375,763.2899780273438,215011
1788261600000,763.289794921875,763.469970703125,763.0700073242188,763.4500122070312,222401
1788261900000,763.4299926757812,763.6099853515625,763.2100219726562,763.5900268554688,235867
1788262200000,763.5900268554688,763.780029296875,763.4400024414062,763.6199951171875,238973
1788262500000,763.6199951171875,764.1094970703125,763.47998046875,764.0999755859375,237135
1788262800000,764.0900268554688,764.27001953125,763.989990234375,764.22998046875,260867
1788263100000,764.219970703125,764.5999755859375,764.1300048828125,764.5599975585938,335095
1788263400000,764.5599975585938,764.6699829101562,764.280029296875,764.5499877929688,283491
1788263700000,764.5449829101562,764.5800170898438,764.1199951171875,764.2899780273438,307879
1788264000000,764.2899780273438,764.3400268554688,764.0599975585938,764.260009765625,315458
1788264300000,764.22998046875,764.2999877929688,763.8099975585938,763.8900146484375,222141
1788264600000,763.9099731445312,764.0999755859375,763.510009765625,763.5399780273438,242293
1788264900000,763.5349731445312,763.6199951171875,762.9600219726562,763.02001953125,310203
1788265200000,763.0050048828125,763.0900268554688,762.4000244140625,762.8699951171875,568958
1788265500000,762.8499755859375,762.9400024414062,762.2899780273438,762.5399169921875,495920
1788265800000,762.5399780273438,762.6300048828125,761.5800170898438,761.69921875,594124
1788266100000,761.7100219726562,762.22998046875,761.6900024414062,762.2100219726562,303533
1788266400000,762.22998046875,762.3699951171875,761.6599731445312,761.7100219726562,299538
1788266700000,761.7000122070312,762.02001953125,761.6400146484375,761.9600219726562,188674
1788267000000,761.9500122070312,762.0800170898438,761.739990234375,761.8800048828125,170145
1788267300000,761.9000244140625,762.3900146484375,761.9000244140625,762.260009765625,215350
1788267600000,762.260009765625,762.2899780273438,761.6900024414062,761.7100219726562,205705
1788267900000,761.7100219726562,761.8300170898438,761.5,761.7000122070312,273568
1788268200000,761.7000122070312,762.0900268554688,761.6199951171875,761.9650268554688,275642
1788268500000,761.9600219726562,762.1500244140625,761.5,761.60498046875,291021
1788268800000,761.6199951171875,761.780029296875,761.489990234375,761.5999755859375,183689
1788269100000,761.6199951171875,761.739990234375,760.72998046875,761.6799926757812,532099
1788269400000,761.6799926757812,762.0499877929688,761.6199951171875,761.989990234375,278948
1788269700000,761.9949951171875,762.2000122070312,761.780029296875,761.9149780273438,489639
1788270000000,761.9199829101562,762.22998046875,761.8599853515625,762.0700073242188,175555
1788270300000,762.0499877929688,762.1400146484375,761.5599975585938,761.5750122070312,218659
1788270600000,761.5750122070312,761.8400268554688,761.47998046875,761.5599975585938,256975
1788270900000,761.5650024414062,761.8800048828125,761.4600219726562,761.8200073242188,203629
1788271200000,761.8099975585938,762.0399780273438,761.5565185546875,761.60009765625,313717
1788271500000,761.5999755859375,761.6900024414062,761.4218139648438,761.655029296875,291646
1788271800000,761.64501953125,761.7100219726562,761.30322265625,761.3800048828125,193232
1788272100000,761.3699951171875,761.8200073242188,761.280029296875,761.7550048828125,421555
1788272400000,761.760009765625,761.8300170898438,761.5,761.6599731445312,201808
1788272700000,761.6400146484375,761.6400146484375,761.0700073242188,761.2100219726562,293422
1788273000000,761.2199096679688,761.2449951171875,760.6699829101562,760.75,340205
1788273300000,760.75,760.9099731445312,760.5,760.5399780273438,998670
1788273600000,760.5399780273438,760.6199951171875,759.7100219726562,759.739990234375,524835
1788273900000,759.7249755859375,760.260009765625,759.47998046875,760.1900024414062,554686
1788274200000,760.2000122070312,760.3900146484375,760.030029296875,760.25,302891
1788274500000,760.219970703125,760.8900146484375,760.1699829101562,760.7294921875,355619
1788274800000,760.719970703125,761.2000122070312,760.6199951171875,761.1400146484375,430144
1788275100000,761.1599731445312,761.1699829101562,760.8405151367188,761.094970703125,305716
1788275400000,761.0800170898438,761.47998046875,761.0499877929688,761.4600219726562,373222
1788275700000,761.4600219726562,761.6099853515625,761.1099853515625,761.4000244140625,392104
1788276000000,761.3800048828125,761.47998046875,761.0700073242188,761.280029296875,402465
1788276300000,761.2899780273438,761.4400024414062,761.1799926757812,761.3599853515625,393790
1788276600000,761.39990234375,761.39990234375,760.760009765625,761.1400756835938,661009
1788276900000,761.1400146484375,761.3400268554688,760.8300170898438,760.8499755859375,428622
1788277200000,760.8699951171875,761.2598876953125,760.739990234375,761.0499877929688,869539
1788277500000,761.0599975585938,761.4450073242188,760.969970703125,761.260009765625,898002
1788277800000,761.25,761.2899780273438,760.5800170898438,760.9299926757812,1079394
1788278100000,760.9500122070312,761.75,760.594970703125,761.7000122070312,2640618
1788341400000,762.4500122070312,762.52001953125,761.739990234375,762.3800048828125,1569469
1788341700000,762.4000244140625,762.47998046875,761.72998046875,762.469970703125,371901
1788342000000,762.4500122070312,762.8300170898438,762.260009765625,762.7999877929688,562336
1788342300000,762.8099975585938,762.9000244140625,761.9609985351562,762.0900268554688,509124
1788342600000,762.0800170898438,762.6110229492188,762.0499877929688,762.4600219726562,251949
1788342900000,762.4600219726562,763.0650024414062,762.1799926757812,763.0650024414062,336212
1788343200000,763.030029296875,763.739990234375,762.8599853515625,763.739990234375,412591
1788343500000,763.739990234375,764.1400146484375,763.6300048828125,763.72998046875,529703
1788343800000,763.72998046875,764.2899780273438,763.6500244140625,764.25,301881
1788344100000,764.260009765625,764.989990234375,764.0850219726562,764.8599853515625,475220
1788344400000,764.8599853515625,765.3350219726562,764.77001953125,765.2092895507812,531779
1788344700000,765.2100219726562,765.5850219726562,765.0399780273438,765.27001953125,328278
1788345000000,765.2750244140625,765.5900268554688,764.9299926757812,765.5800170898438,332397
1788345300000,765.6099853515625,765.8800048828125,765.489990234375,765.8800048828125,329724
1788345600000,765.8699951171875,766.3400268554688,765.7899780273438,766.2999877929688,337667
1788345900000,766.2899780273438,766.3099975585938,765.6199951171875,765.8200073242188,281696
1788346200000,765.8099975585938,765.8150024414062,765.3200073242188,765.4299926757812,333784
1788346500000,765.4099731445312,765.6300048828125,765.1599731445312,765.3099975585938,258783
1788346800000,765.3099975585938,765.6699829101562,765.1400146484375,765.4299926757812,239119
1788347100000,765.4400024414062,765.6300048828125,765.2150268554688,765.4400024414062,233056
1788347400000,765.4299926757812,765.7799072265625,765.22998046875,765.5280151367188,223916
1788347700000,765.530029296875,766.02001953125,765.4000244140625,765.9749755859375,170105
1788348000000,765.989990234375,766.0399780273438,765.7100219726562,765.8800048828125,207631
1788348300000,765.8900146484375,766.4000244140625,765.8699951171875,766.2949829101562,151733
1788348600000,766.3250122070312,766.4299926757812,766.010009765625,766.02001953125,270772
1788348900000,766.02001953125,766.1400146484375,765.77001953125,765.85498046875,236576
1788349200000,765.8699951171875,765.97998046875,765.644287109375,765.6500244140625,191837
1788349500000,765.6599731445312,765.6599731445312,765,765.0399780273438,247425
1788349800000,765.0499877929688,765.5798950195312,764.969970703125,765.2550048828125,191562
1788350100000,765.2650146484375,765.9600219726562,765.1599731445312,765.9249877929688,143575
1788350400000,765.9199829101562,765.9199829101562,765.5499877929688,765.7999877929688,134800
1788350700000,765.8400268554688,765.8900146484375,765.6300048828125,765.739990234375,106702
1788351000000,765.739990234375,765.8499755859375,765.625,765.6900024414062,89799
1788351300000,765.6950073242188,765.6950073242188,765.3150024414062,765.4498901367188,115240
1788351600000,765.4500122070312,765.5599975585938,764.969970703125,764.9849853515625,111155
1788351900000,764.9849853515625,765.14501953125,764.6900024414062,764.8499755859375,158043
1788352200000,764.8499755859375,765.3200073242188,764.8099975585938,765.0999755859375,184910
1788352500000,765.1099853515625,765.27001953125,765,765.0872802734375,102128
1788352800000,765.0700073242188,765.0999755859375,764.7000122070312,764.7000122070312,128712
1788353100000,764.72998046875,764.97998046875,764.719970703125,764.8499755859375,81412
1788353400000,764.8599853515625,765.2000122070312,764.7100219726562,765.1400146484375,128133
1788353700000,765.1599731445312,765.25,764.8800048828125,764.9199829101562,100758
1788354000000,764.9199829101562,765.47998046875,764.9199829101562,765.468505859375,130166
1788354300000,765.4500122070312,765.47802734375,764.6099853515625,764.6799926757812,181148
1788354600000,764.6614990234375,765.0599975585938,764.6599731445312,764.9000244140625,98043
1788354900000,764.9202880859375,764.9500122070312,764.52001953125,764.5999755859375,176779
1788355200000,764.5900268554688,764.780029296875,764.4600219726562,764.6199951171875,150357
1788355500000,764.6375732421875,764.864990234375,764.5999755859375,764.7100219726562,143218
1788355800000,764.75,764.7899780273438,764.3900146484375,764.3900146484375,123498
1788356100000,764.39501953125,764.5800170898438,764.3699951171875,764.4600219726562,130768
1788356400000,764.4550170898438,764.9400024414062,764.3499755859375,764.9000244140625,170531
1788356700000,764.9099731445312,765.27001953125,764.9000244140625,764.989990234375,190390
1788357000000,764.9998779296875,765.0800170898438,764.8300170898438,764.989990234375,126805
1788357300000,764.9758911132812,765.2899780273438,764.739990234375,765.1799926757812,132615
1788357600000,765.1799926757812,765.3300170898438,764.72998046875,765.2899780273438,460628
1788357900000,765.27001953125,765.4099731445312,765.0700073242188,765.0800170898438,181129
1788358200000,765.0800170898438,765.2899780273438,765.0599975585938,765.1799926757812,172143
1788358500000,765.1900024414062,766.0899047851562,765.1500244140625,765.5999755859375,498093
1788358800000,765.5999755859375,765.719970703125,765.4000244140625,765.489990234375,233237
1788359100000,765.489990234375,765.5399780273438,765.2100219726562,765.3200073242188,169936
1788359400000,765.3400268554688,765.5252075195312,765.260009765625,765.2899780273438,172653
1788359700000,765.280029296875,765.3699951171875,764.7899780273438,764.8099975585938,337466
1788360000000,764.8300170898438,764.8889770507812,764.6400146484375,764.719970703125,157215
1788360300000,764.739990234375,764.97998046875,764.5900268554688,764.8699951171875,182633
1788360600000,764.8900146484375,764.989990234375,764.6699829101562,764.8099975585938,346314
1788360900000,764.8049926757812,765,764.6799926757812,764.8099975585938,733951
1788361200000,764.7899780273438,764.97998046875,764.6699829101562,764.885009765625,330667
1788361500000,764.9000244140625,765.22998046875,764.8900146484375,765.2100219726562,164375
1788361800000,765.219970703125,765.4799194335938,765.219970703125,765.3900146484375,340201
1788362100000,765.385009765625,765.4199829101562,765.2000122070312,765.4099731445312,177394
1788362400000,765.4000244140625,765.4099731445312,765.0700073242188,765.239990234375,298344
1788362700000,765.239990234375,765.52001953125,765.1599731445312,765.47998046875,558394
1788363000000,765.469970703125,765.47998046875,765.1500244140625,765.3049926757812,261957
1788363300000,765.3099975585938,765.3599853515625,765.0800170898438,765.0800170898438,269145
1788363600000,765.0999755859375,765.3900146484375,765.030029296875,765.364990234375,397059
1788363900000,765.3599853515625,765.4849853515625,765.219970703125,765.375,552016
1788364200000,765.3699951171875,765.4500122070312,764.9500122070312,765.219970703125,774152
1788364500000,765.219970703125,765.260009765625,764.75,765.1500244140625,1604251
1788427800000,767.9000244140625,769.2349853515625,767.8499755859375,768.969970703125,2112896
1788428100000,768.969970703125,769.7999877929688,768.510009765625,769.72998046875,762218
1788428400000,769.739990234375,769.8900146484375,769.3499755859375,769.7899780273438,478156
1788428700000,769.8099975585938,769.9600219726562,769.4299926757812,769.6400146484375,1706469
1788429000000,769.6400146484375,770.0449829101562,769.3099975585938,769.5900268554688,717790
1788429300000,769.5800170898438,769.6099853515625,769.1099853515625,769.5599975585938,337533
1788429600000,769.530029296875,769.5700073242188,768.1099853515625,768.125,704241
1788429900000,768.1199951171875,768.3400268554688,767.6099853515625,767.8099975585938,1018043
1788430200000,767.8300170898438,768.3800048828125,767.530029296875,768.3599853515625,479518
1788430500000,768.3599853515625,768.8800048828125,768.22021484375,768.8499755859375,278402
1788430800000,768.8499755859375,769.0700073242188,768.5,768.8599853515625,264295
1788431100000,768.8800048828125,768.9598999023438,768.510009765625,768.6699829101562,244802
1788431400000,768.6699829101562,768.969970703125,767.8300170898438,767.9000244140625,357312
1788431700000,767.8800048828125,768.52001953125,767.8400268554688,768.1500244140625,248848
1788432000000,768.155029296875,768.6599731445312,768.030029296875,768.2000122070312,200507
1788432300000,768.1699829101562,768.7750244140625,768.030029296875,768.719970703125,252163
1788432600000,768.72998046875,768.8300170898438,768.2000122070312,768.6099853515625,249777
1788432900000,768.6199951171875,769.3300170898438,767.469970703125,769.280029296875,990788
1788433200000,769.260009765625,770.489990234375,769.25,770.4450073242188,594653
1788433500000,770.4600219726562,770.8900146484375,770.4299926757812,770.72998046875,668816
1788433800000,770.7315063476562,771.52001953125,770.6699829101562,771.52001953125,529425
1788434100000,771.5399780273438,772.0399780273438,771.489990234375,772.0100708007812,815434
1788434400000,772.010009765625,772.2249755859375,771.469970703125,772.0599975585938,572291
1788434700000,772.0800170898438,772.9500122070312,772.010009765625,772.9400024414062,519605
1788435000000,772.9400024414062,773.2100219726562,772.5,772.8558959960938,625247
1788435300000,772.8599853515625,772.97998046875,772.4199829101562,772.4650268554688,383967
1788435600000,772.469970703125,772.8400268554688,772.2750244140625,772.5800170898438,307075
1788435900000,772.5850219726562,773,772.5800170898438,772.9349975585938,293714
1788436200000,772.9400024414062,773.260009765625,772.9199829101562,773.14501953125,339859
1788436500000,773.14501953125,773.3200073242188,772.9500122070312,773.3200073242188,286583
1788436800000,773.3099975585938,773.3099975585938,772.780029296875,772.7999877929688,369949
1788437100000,772.7999267578125,772.8699951171875,772.469970703125,772.530029296875,437318
1788437400000,772.510009765625,772.7100219726562,772.375,772.6799926757812,343372
1788437700000,772.6900024414062,772.8699951171875,772.5399780273438,772.72998046875,219124
1788438000000,772.75,772.8099975585938,772.4849853515625,772.510009765625,242002
1788438300000,772.510009765625,772.510009765625,772.2100219726562,772.4349975585938,209582
1788438600000,772.4500122070312,772.6099853515625,772.2999877929688,772.4600219726562,324485
1788438900000,772.4600219726562,773.0599975585938,772.3699951171875,772.9600219726562,238637
1788439200000,772.969970703125,773.2000122070312,772.9199829101562,773.1400146484375,194848
1788439500000,773.1300048828125,773.22998046875,773.0150146484375,773.0900268554688,216038
1788439800000,773.1099853515625,773.1300048828125,772.72998046875,772.8400268554688,174753
1788440100000,772.8300170898438,773.010009765625,772.739990234375,772.8800048828125,162155
1788440400000,772.9000244140625,773,772.6599731445312,772.7899780273438,136158
1788440700000,772.7999877929688,772.8900146484375,772.4199829101562,772.4299926757812,216400
1788441000000,772.4199829101562,772.510009765625,772.3300170898438,772.4349975585938,180852
1788441300000,772.4400024414062,772.5700073242188,772.3300170898438,772.3350219726562,152291
1788441600000,772.3300170898438,772.3300170898438,772.1199951171875,772.2750244140625,149498
1788441900000,772.280029296875,772.6799926757812,772.260009765625,772.668701171875,159902
1788442200000,772.6500244140625,772.9400024414062,772.6475219726562,772.8599853515625,164085
1788442500000,772.8400268554688,773.1400146484375,772.8300170898438,773.010009765625,307313
1788442800000,773.0399780273438,773.1900024414062,773.010009765625,773.0599975585938,159017
1788443100000,773.0599975585938,773.1900024414062,772.9199829101562,772.97998046875,171149
1788443400000,773.02001953125,773.4550170898438,773,773.4400024414062,230685
1788443700000,773.403076171875,773.47998046875,773.219970703125,773.2750244140625,239274
1788444000000,773.260009765625,773.9400024414062,773.260009765625,773.77001953125,372756
1788444300000,773.760009765625,773.9099731445312,773.6599731445312,773.7949829101562,386301
1788444600000,773.7949829101562,773.9199829101562,773.719970703125,773.8150024414062,187218
1788444900000,773.8300170898438,774.030029296875,773.6594848632812,773.719970703125,390712
1788445200000,773.72998046875,773.8200073242188,773.5599975585938,773.75,208865
1788445500000,773.75,773.8599853515625,773.6400146484375,773.72998046875,163178
1788445800000,773.7589721679688,773.8800048828125,773.5499877929688,773.8599853515625,200435
1788446100000,773.8599243164062,773.9000244140625,773.760009765625,773.8200073242188,241823
1788446400000,773.8200073242188,773.8200073242188,773.5097045898438,773.5999755859375,217196
1788446700000,773.5999145507812,773.7999877929688,773.5900268554688,773.7550048828125,225737
1788447000000,773.77001953125,773.8499755859375,773.5499877929688,773.6199951171875,274984
1788447300000,773.6199951171875,773.6699829101562,773.4000244140625,773.6699829101562,332034
1788447600000,773.6649780273438,773.7050170898438,773.4400024414062,773.5599975585938,569241
1788447900000,773.5900268554688,773.6900024414062,773.47900390625,773.5599975585938,383697
1788448200000,773.5800170898438,773.6300048828125,773.3104248046875,773.3800048828125,246635
1788448500000,773.375,773.5999755859375,773.2999877929688,773.5999755859375,334128
1788448800000,773.5999755859375,773.5999755859375,773.1300048828125,773.1799926757812,793525
1788449100000,773.1849975585938,773.4199829101562,773.1400146484375,773.4099731445312,446759
1788449400000,773.4149780273438,773.5349731445312,773.27001953125,773.3099975585938,765286
1788449700000,773.3049926757812,773.5499877929688,773.2999877929688,773.4390258789062,424468
1788450000000,773.4500122070312,773.530029296875,773.2050170898438,773.22998046875,772818
1788450300000,773.219970703125,773.4199829101562,773.1400146484375,773.239990234375,793691
1788450600000,773.260009765625,773.3699951171875,773.0800170898438,773.22998046875,942875
1788450900000,773.239990234375,773.25,772.7000122070312,773.1099853515625,3714208
1788514200000,772.010009765625,772.8300170898438,771.8900146484375,772.7100219726562,2320462
1788514500000,772.7100219726562,772.8699951171875,772.25048828125,772.4650268554688,461007
1788514800000,772.469970703125,772.489990234375,771.8499755859375,772.169921875,744330
1788515100000,772.1649780273438,772.6199951171875,771.8099975585938,772.5150146484375,488907
1788515400000,772.510009765625,772.510009765625,771.969970703125,772.385009765625,425739
1788515700000,772.385009765625,772.5784912109375,772.1199951171875,772.3099975585938,434785
1788516000000,772.3200073242188,772.3599853515625,771.8200073242188,771.989990234375,495033
1788516300000,772.02001953125,772.1500244140625,771.5250244140625,771.5250244140625,302228
1788516600000,771.530029296875,771.659912109375,770.8400268554688,771.6300048828125,552988
1788516900000,771.6300048828125,771.6892700195312,770.9400024414062,770.9650268554688,346972
1788517200000,770.9650268554688,771.239990234375,770.8499755859375,771.0800170898438,347613
1788517500000,771.0800170898438,771.260009765625,770.760009765625,771.2100219726562,209779
1788517800000,771.2050170898438,771.2899780273438,770.72998046875,770.7999877929688,247223
1788518100000,770.8250122070312,771.1619873046875,770.77001953125,771.1300048828125,176748
1788518400000,771.1300048828125,771.1300048828125,770.27001953125,770.2999877929688,265491
1788518700000,770.3099975585938,770.489990234375,769.75,769.780029296875,355108
1788519000000,769.7799072265625,770.1596069335938,769.547607421875,769.5900268554688,326746
1788519300000,769.5900268554688,769.7650146484375,769.2999877929688,769.4500122070312,447607
1788519600000,769.469970703125,769.6300048828125,769.0499877929688,769.489990234375,359925
1788519900000,769.5,769.760009765625,769.3599853515625,769.6998901367188,330518
1788520200000,769.6950073242188,769.9400024414062,769.4199829101562,769.9400024414062,338139
1788520500000,769.9500122070312,769.989990234375,769.260009765625,769.3599853515625,498148
1788520800000,769.3400268554688,769.4500122070312,769.1099853515625,769.2999877929688,482387
1788521100000,769.3099975585938,769.4993286132812,769.14501953125,769.4299926757812,306137
1788521400000,769.47998046875,769.489990234375,769,769.239990234375,250511
1788521700000,769.239990234375,769.5499877929688,769.2100219726562,769.5399780273438,207379
1788522000000,769.5399780273438,770.0499877929688,769.489990234375,769.9974975585938,211426
1788522300000,769.989990234375,770.0599975585938,769.6199951171875,769.8099975585938,206011
1788522600000,769.8200073242188,769.97998046875,769.7100219726562,769.9099731445312,228700
1788522900000,769.9099731445312,770.0399780273438,769.6649780273438,769.95751953125,156009
1788523200000,769.9550170898438,770.1300048828125,769.8300170898438,770.0900268554688,184128
1788523500000,770.094970703125,770.4299926757812,769.9099731445312,770.35498046875,209465
1788523800000,770.3400268554688,770.739990234375,770.280029296875,770.72998046875,185912
1788524100000,770.7249755859375,770.8800048828125,770.5599975585938,770.8499755859375,313217
1788524400000,770.8599853515625,771.1500244140625,770.7650146484375,770.8900146484375,275973
1788524700000,770.8800048828125,770.8800048828125,770.6099853515625,770.6599731445312,142972
1788525000000,770.6599731445312,770.9249877929688,770.5551147460938,770.9249877929688,216009
1788525300000,770.9199829101562,770.9199829101562,770.6799926757812,770.7894897460938,129825
1788525600000,770.780029296875,770.97998046875,770.7100219726562,770.9400024414062,146231
1788525900000,770.9500122070312,771.239990234375,770.8900146484375,771.219970703125,190173
1788526200000,771.219970703125,771.3200073242188,771.0800170898438,771.0999755859375,166851
1788526500000,771.0800170898438,771.1600952148438,770.8800048828125,770.8900146484375,148980
1788526800000,770.9000244140625,770.969970703125,770.3699951171875,770.4600219726562,195504
1788527100000,770.4500122070312,770.6699829101562,770.3400268554688,770.3499755859375,203464
1788527400000,770.35498046875,770.5,770.3099975585938,770.3499755859375,159752
1788527700000,770.369873046875,770.47998046875,770.219970703125,770.280029296875,161796
1788528000000,770.27001953125,770.3699951171875,770.0800170898438,770.0800170898438,155159
1788528300000,770.0999755859375,770.219970703125,769.7999877929688,769.8519897460938,163518
1788528600000,769.8499755859375,769.8699951171875,769.469970703125,769.6500244140625,232672
1788528900000,769.64501953125,769.7550048828125,769.530029296875,769.6900024414062,183720
1788529200000,769.6898803710938,769.7000122070312,769.2899780273438,769.3200073242188,223426
1788529500000,769.3200073242188,769.52001953125,769.1300048828125,769.385009765625,247062
1788529800000,769.385009765625,769.52001953125,769.280029296875,769.3900146484375,462630
1788530100000,769.3900146484375,769.5399780273438,769.2980346679688,769.458984375,240046
1788530400000,769.4400024414062,769.6099853515625,769.22998046875,769.3200073242188,259734
1788530700000,769.3400268554688,769.5999755859375,769.2100830078125,769.5800170898438,199670
1788531000000,769.5900268554688,769.739990234375,769.530029296875,769.6599731445312,216126
1788531300000,769.6599731445312,769.8300170898438,769.5599975585938,769.7899780273438,130021
1788531600000,769.7899780273438,769.989990234375,769.72998046875,769.9099731445312,178324
1788531900000,769.8900146484375,769.9741821289062,769.75048828125,769.8800048828125,149608
1788532200000,769.8900146484375,770.030029296875,769.8400268554688,770,423547
1788532500000,770,770.02001953125,769.7899780273438,769.8900146484375,133087
1788532800000,769.8800048828125,770.1900024414062,769.7830810546875,770.1500244140625,204947
1788533100000,770.1599731445312,770.239990234375,770.0800170898438,770.2249755859375,139905
1788533400000,770.22998046875,770.2999877929688,770.1500244140625,770.219970703125,184309
1788533700000,770.2100219726562,770.3699951171875,770.1500244140625,770.25,193194
1788534000000,770.260009765625,770.3800048828125,769.6699829101562,769.7150268554688,385979
1788534300000,769.719970703125,769.8150024414062,769.6300048828125,769.6849975585938,628252
1788534600000,769.6900024414062,769.8300170898438,769.5900268554688,769.6199951171875,261089
1788534900000,769.6199951171875,769.760009765625,769.5900268554688,769.6500244140625,385942
1788535200000,769.6599731445312,769.8400268554688,769.6199951171875,769.760009765625,366945
1788535500000,769.77001953125,770.0700073242188,769.77001953125,770.010009765625,417107
1788535800000,770,770.0700073242188,769.8499755859375,769.9849853515625,309117
1788536100000,769.97998046875,770,769.6300048828125,769.72998046875,589058
1788536400000,769.72998046875,769.9500122070312,769.6599731445312,769.9000244140625,557561
1788536700000,769.8900146484375,770.2000122070312,769.8699951171875,770.1099853515625,620026
1788537000000,770.1199951171875,770.4199829101562,770.0399780273438,770.39501953125,809057
1788537300000,770.4000244140625,770.47998046875,769.7999877929688,770.239990234375,2998905
1788537600000,770.1900024414062,770.1900024414062,770.1900024414062,770.1900024414062,0
1788859800000,769.0700073242188,769.6900024414062,768.6699829101562,768.8049926757812,2234251
1788860100000,768.7999877929688,768.8200073242188,768.1199951171875,768.1400146484375,495132
1788860400000,768.1199951171875,768.1300048828125,767.0900268554688,767.2899780273438,588050
1788860700000,767.3049926757812,767.8099975585938,767.2000122070312,767.719970703125,789904
1788861000000,767.72998046875,767.75,766.8200073242188,767.3699951171875,662823
1788861300000,767.35498046875,768.0800170898438,767.2899780273438,767.4600219726562,472362
1788861600000,767.4500122070312,767.6300048828125,766.530029296875,766.9500122070312,459341
1788861900000,766.9600219726562,767.0700073242188,766.3900146484375,766.4199829101562,435467
1788862200000,766.4199829101562,766.77001953125,765.989990234375,766.4600219726562,505895
1788862500000,766.4500122070312,766.72998046875,766.1199951171875,766.5599975585938,580319
1788862800000,766.5650024414062,767.1298828125,766.3499755859375,767.0999755859375,601233
1788863100000,767.0999145507812,767.1494750976562,766.4099731445312,766.7000122070312,288926
1788863400000,766.7000122070312,767.0399780273438,766.4400024414062,767.0050048828125,284680
1788863700000,767.02001953125,767.0800170898438,766.6400146484375,766.8900146484375,336865
1788864000000,766.9000244140625,767.22998046875,766.780029296875,767.1199951171875,211263
1788864300000,767.1400146484375,767.2999877929688,766.6699829101562,767.260009765625,197440
1788864600000,767.25,767.719970703125,767.2100219726562,767.6199951171875,331391
1788864900000,767.6400146484375,767.948974609375,767.3400268554688,767.6500244140625,255375
1788865200000,767.6699829101562,767.8699951171875,767.489990234375,767.6950073242188,218496
1788865500000,767.6900024414062,767.8300170898438,767.469970703125,767.6799926757812,204706
1788865800000,767.6699829101562,768.3099975585938,767.6599731445312,768.0399780273438,408665
1788866100000,768.0399780273438,768.3400268554688,767.9199829101562,768.0800170898438,288265
1788866400000,768.0800170898438,768.0800170898438,767.3499755859375,768,340333
1788866700000,767.989990234375,768.3699951171875,767.8049926757812,767.8049926757812,713177
1788867000000,767.7999877929688,768.0800170898438,767.6199951171875,767.7899780273438,273459
1788867300000,767.7899780273438,767.8099975585938,767.3400268554688,767.510009765625,228802
1788867600000,767.510009765625,768.02001953125,767.4099731445312,767.97998046875,201733
1788867900000,767.9949951171875,768.0399780273438,767.469970703125,767.5399780273438,321756
1788868200000,767.5599975585938,767.7849731445312,767.510009765625,767.5700073242188,399772
1788868500000,767.5599975585938,767.7100219726562,767.3499755859375,767.3900146484375,303327
1788868800000,767.4000244140625,767.6599731445312,767.1950073242188,767.6599731445312,535808
1788869100000,767.6599731445312,767.7899780273438,767.3200073242188,767.3300170898438,136517
1788869400000,767.3200073242188,767.3400268554688,767.030029296875,767.219970703125,231640
1788869700000,767.219970703125,767.22998046875,766.8099975585938,766.9149780273438,311809
1788870000000,766.9199829101562,767.4199829101562,766.8099975585938,767.3900756835938,292911
1788870300000,767.4099731445312,767.6500244140625,767.0800170898438,767.0999755859375,171878
1788870600000,767.0999755859375,767.3200073242188,767,767.2000122070312,248713
1788870900000,767.1799926757812,767.24169921875,766.9400024414062,766.989990234375,145248
1788871200000,766.9998779296875,767.1400146484375,766.8099975585938,767.010009765625,154919
1788871500000,767.02001953125,767.25,766.9149780273438,767.1710205078125,131345
1788871707000,767.239990234375,767.239990234375,767.239990234375,767.239990234375,0
1788871800000,767.25,767.6099853515625,767.0900268554688,767.155029296875,175767
1788872022000,767.2899780273438,767.2899780273438,767.2899780273438,767.2899780273438,0
1788872100000,767.25,767.2999877929688,766.5499877929688,766.9400024414062,826900
1788872400000,766.92919921875,767.9000244140625,766.92919921875,767.9000244140625,200642
1788872700000,767.9000244140625,768.1199951171875,767.5399780273438,767.5399780273438,237571
1788873000000,767.5700073242188,767.72998046875,767.52001953125,767.635009765625,149182
1788873300000,767.6400146484375,767.719970703125,767.52001953125,767.60498046875,195500
1788873600000,767.5999755859375,767.708984375,767.4199829101562,767.590087890625,122933
1788873900000,767.5999755859375,767.6099853515625,767.1900024414062,767.4749755859375,133884
1788874200000,767.489990234375,767.8200073242188,767.4400024414062,767.6900024414062,164313
1788874500000,767.6799926757812,767.7899780273438,767.6300048828125,767.7100219726562,32623
1788874637000,767.739990234375,767.739990234375,767.739990234375,767.739990234375,0
1788874800000,767.6900024414062,767.6900024414062,767.3200073242188,767.344970703125,216441
1788875100000,767.3400268554688,767.4550170898438,767.3400268554688,767.3699951171875,52130
1788875190000,767.4349975585938,767.4349975585938,767.4349975585938,767.4349975585938,0
1788875400000,767.5700073242188,767.8499755859375,767.47998046875,767.7999877929688,185875
1788875700000,767.760009765625,767.77001953125,767.4600219726562,767.4600219726562,145364
1788876000000,767.47998046875,767.6500244140625,767.4600219726562,767.6199951171875,211316
1788876017000,767.6500244140625,767.6500244140625,767.6500244140625,767.6500244140625,0
1788876300000,767.6099853515625,767.8300170898438,767.5399780273438,767.77001953125,221605
1788876600000,767.7750244140625,767.8800048828125,767.6749877929688,767.77001953125,155807
1788876900000,767.780029296875,767.8800048828125,767.6799926757812,767.8049926757812,179618
1788877200000,767.7999877929688,767.8900146484375,767.5800170898438,767.5999755859375,188283
1788877500000,767.5900268554688,767.7999877929688,767.5250244140625,767.7650146484375,178343
1788877527000,767.5900268554688,767.5900268554688,767.5900268554688,767.5900268554688,0
1788877800000,767.77001953125,767.7899780273438,767.52001953125,767.530029296875,168947
1788878100000,767.5399780273438,767.5499877929688,767.1400146484375,767.2000122070312,221348
1788878400000,767.1900024414062,767.5399780273438,767.0700073242188,767.52001953125,198628
1788878700000,767.52001953125,767.6199951171875,765.6699829101562,766.260009765625,850175
1788879000000,766.280029296875,767.0380249023438,766.2000122070312,766.969970703125,840808
1788879300000,766.9749755859375,767.0800170898438,766.740478515625,766.77001953125,323560
1788879600000,766.780029296875,766.9400024414062,766.4849853515625,766.6171875,281507
1788879900000,766.6300048828125,766.97998046875,766.5499877929688,766.8400268554688,183294
1788880200000,766.8201293945312,767.0999755859375,766.7899780273438,766.9000244140625,371685
1788880500000,766.9099731445312,767.030029296875,766.6099853515625,766.7000122070312,327761
1788880800000,766.7050170898438,766.8699951171875,766.510009765625,766.5700073242188,414412
1788881100000,766.5700073242188,767.0399780273438,766.510009765625,766.97998046875,339686
1788881400000,766.969970703125,767.1500244140625,766.7000122070312,767.0900268554688,452310
1788881700000,767.0900268554688,767.1199951171875,766.77001953125,766.9600219726562,472835
1788882000000,766.9749755859375,767.0800170898438,766.6799926757812,766.8099975585938,714200
1788882300000,766.8200073242188,766.8800048828125,766.3200073242188,766.5399780273438,714029
1788882600000,766.5599975585938,766.6300048828125,765.52001953125,765.6849975585938,1757909
1788882900000,765.72998046875,766.1400146484375,765.1400146484375,765.989990234375,3928473
1788883200000,765.9600219726562,765.9600219726562,765.9600219726562,765.9600219726562,0
1788946200000,764.0800170898438,764.3800048828125,763.239990234375,764.1199951171875,1528226
1788946500000,764.1199951171875,764.1900024414062,763.6099853515625,763.7999877929688,510819
1788946800000,763.8300170898438,764.030029296875,763.4199829101562,763.75,261008
1788947100000,763.7000122070312,764.219970703125,763.4299926757812,763.8699951171875,466114
1788947400000,763.8800048828125,763.969970703125,763.4600219726562,763.7849731445312,314399
1788947700000,763.7750244140625,764.2000122070312,763.6599731445312,764.0999755859375,247683
1788948000000,764.0900268554688,764.2000122070312,763.4000244140625,763.8400268554688,322423
1788948300000,763.8499755859375,764.1500244140625,763.7700805664062,764.0700073242188,286557
1788948600000,764.0601196289062,764.1300048828125,763.6099853515625,763.8775024414062,287288
1788948900000,763.8800048828125,763.8800048828125,762.7999877929688,763.0549926757812,479030
1788949200000,763.0401000976562,763.1500244140625,762.489990234375,762.510009765625,523999
1788949500000,762.510009765625,764.0700073242188,762.5,763.97998046875,493929
1788949800000,763.969970703125,764.010009765625,763.4199829101562,763.489990234375,254961
1788950100000,763.489990234375,763.7999877929688,763.25,763.60498046875,282439
1788950400000,763.5900268554688,763.8699951171875,763.4600219726562,763.77001953125,157614
1788950700000,763.7534790039062,763.780029296875,763.4099731445312,763.7249755859375,112604
1788951000000,763.72998046875,763.9400024414062,763.530029296875,763.6500244140625,150881
1788951300000,763.6649780273438,763.9099731445312,763.4600219726562,763.780029296875,150988
1788951600000,763.7899780273438,764.469970703125,762.7000122070312,762.8400268554688,564768
1788951900000,762.8800048828125,763.0399780273438,762.1599731445312,762.239990234375,466396
1788952200000,762.25,762.280029296875,761.39501953125,761.6300048828125,618359
1788952500000,761.6400146484375,762.169921875,761.5,762.0501098632812,434599
1788952800000,762.030029296875,762.1300048828125,761,761.0499877929688,406933
1788953100000,761.0499877929688,761.5750122070312,760.9400024414062,761.5399780273438,420870
1788953400000,761.5401000976562,762.1500244140625,761.47998046875,762.1500244140625,695993
1788953700000,762.1500244140625,762.9794921875,761.760009765625,762.9099731445312,310344
1788954000000,762.9199829101562,763.095703125,761.989990234375,762.239990234375,415793
1788954300000,762.260009765625,762.3585815429688,762.02001953125,762.27001953125,133563
1788954600000,762.2899780273438,762.6199951171875,762.2899780273438,762.5499877929688,159786
1788954900000,762.52001953125,762.52001953125,761.8400268554688,762.1699829101562,226597
1788955200000,762.1699829101562,762.4099731445312,762.0499877929688,762.3699951171875,185090
1788955500000,762.3599853515625,762.3699951171875,761.5150146484375,761.5150146484375,296852
1788955800000,761.52001953125,761.8900146484375,761.4299926757812,761.64501953125,204389
1788956100000,761.64501953125,761.6599731445312,761.3599853515625,761.4500122070312,146801
1788956400000,761.4450073242188,761.739990234375,761.3200073242188,761.719970703125,205313
1788956700000,761.72998046875,761.8099975585938,761.4299926757812,761.6300048828125,157041
1788957000000,761.614990234375,762.2349853515625,761.5800170898438,762.0999755859375,420127
1788957300000,762.0900268554688,762.27001953125,761.9201049804688,762.25,158467
1788957600000,762.239990234375,762.4600219726562,762.1099853515625,762.4600219726562,146269
1788957900000,762.469970703125,762.530029296875,762.1900024414062,762.469970703125,139756
1788958200000,762.47998046875,762.8599853515625,762.469970703125,762.760009765625,151676
1788958394000,762.7899780273438,762.7899780273438,762.7899780273438,762.7899780273438,0
1788958500000,762.6300048828125,762.77001953125,762.510009765625,762.5659790039062,93496
1788958539000,762.5999755859375,762.5999755859375,762.5999755859375,762.5999755859375,0
1788958800000,762.5750122070312,763.02001953125,762.3720092773438,762.4000244140625,276679
1788959100000,762.39990234375,762.77001953125,762.3900146484375,762.5900268554688,245444
1788959400000,762.5800170898438,763.219970703125,762.5499877929688,763.1500244140625,203272
1788959700000,763.1500244140625,763.2899780273438,762.8599853515625,762.8701171875,222962
1788960000000,762.8699951171875,763.1900024414062,762.780029296875,763.1900024414062,132228
1788960300000,763.1900024414062,763.2100219726562,762.8599853515625,762.9199829101562,148209
1788960600000,762.9299926757812,763.0499877929688,762.7000122070312,762.8200073242188,154173
1788960900000,762.7899780273438,762.8900146484375,762.3800048828125,762.4400024414062,110526
1788961200000,762.4500122070312,762.969970703125,762.4400024414062,762.9000244140625,106650
1788961500000,762.9099731445312,763.1599731445312,762.8800048828125,763.0700073242188,160958
1788961800000,763.0700073242188,763.3200073242188,762.9299926757812,763.27001953125,144408
1788962100000,763.260009765625,763.3150024414062,763.02001953125,763.0250244140625,111456
1788962400000,763.02001953125,763.1699829101562,762.97998046875,763.10498046875,172515
1788962700000,763.094970703125,763.1099853515625,762.719970703125,762.75,191351
1788963000000,762.760009765625,762.7899780273438,762.3900146484375,762.3900146484375,417812
1788963300000,762.4000244140625,762.6799926757812,762.280029296875,762.5599975585938,449564
1788963600000,762.5700073242188,763.010009765625,762.5700073242188,762.989990234375,102694
1788963889000,762.969970703125,762.969970703125,762.969970703125,762.969970703125,0
1788963900000,762.9500122070312,763.0399780273438,762.72998046875,762.8400268554688,222033
1788964200000,762.844970703125,762.9000244140625,762.5900268554688,762.780029296875,165114
1788964500000,762.77001953125,763.0296020507812,762.719970703125,763,109094
1788964800000,763.0150146484375,763.2999877929688,763,763.1900024414062,161685
1788965100000,763.1799926757812,763.2100219726562,762.9600219726562,763.010009765625,172106
1788965400000,763.02001953125,763.355224609375,763.010009765625,763.27001953125,180294
1788965700000,763.260009765625,763.3900146484375,762.8800048828125,762.9000244140625,174577
1788966000000,762.9199829101562,763.0800170898438,762.6400146484375,762.6900024414062,286844
1788966300000,762.6900024414062,763.1300048828125,762.6519775390625,763.0900268554688,354565
1788966600000,763.0800170898438,763.1400146484375,762.9600219726562,762.9600219726562,600146
1788966900000,762.967529296875,763.3400268554688,762.9600219726562,763.27001953125,272317
1788967200000,763.2799072265625,763.3300170898438,763.0999755859375,763.219970703125,374906
1788967500000,763.219970703125,763.4097290039062,763.0900268554688,763.0999755859375,244897
1788967800000,763.0999755859375,763.2100219726562,762.9099731445312,763.02001953125,323748
1788968100000,763.02001953125,763.0999755859375,762.77001953125,762.780029296875,367055
1788968400000,762.77001953125,762.8400268554688,762.60498046875,762.7999877929688,497079
1788968700000,762.8099975585938,762.9249877929688,762.6300048828125,762.8300170898438,620927
1788969000000,762.8400268554688,762.8400268554688,762.2000122070312,762.4249877929688,1156206
1788969300000,762.4299926757812,762.510009765625,762.0999755859375,762.3900146484375,4415251
1788969600000,762.4000244140625,762.4000244140625,762.4000244140625,762.4000244140625,0
1789032600000,758.030029296875,758.4000244140625,757.6099853515625,757.760009765625,3091654
1789032900000,757.7999877929688,758.5549926757812,757.5499877929688,758.4299926757812,546462
1789033200000,758.4199829101562,758.739990234375,758.0700073242188,758.1400146484375,922645
1789033500000,758.135009765625,758.97998046875,758.0999755859375,758.64501953125,1958780
1789033800000,758.6400146484375,758.8599853515625,757.260986328125,757.3200073242188,822530
1789034100000,757.3499755859375,757.3599853515625,756.7022094726562,756.780029296875,813561
1789034400000,756.7520141601562,757.77001953125,756.739990234375,757.280029296875,765413
1789034700000,757.2899780273438,757.3900146484375,756.6400146484375,756.82470703125,814897
1789035000000,756.8350219726562,757.7750244140625,756.75,757.4199829101562,598746
1789035300000,757.39501953125,758.0800170898438,757.1500244140625,758.02001953125,393903
1789035600000,758.02001953125,760.1099853515625,757.9500122070312,759.4124145507812,1324122
1789035900000,759.3800048828125,759.875,758.5599975585938,758.7100219726562,1036400
1789036200000,758.7150268554688,759.22998046875,758.64501953125,758.8900146484375,444910
1789036500000,758.875,759.5999755859375,758.875,759.2999877929688,398360
1789036800000,759.2999877929688,759.4000244140625,758.6699829101562,758.844970703125,451963
1789037100000,758.8300170898438,759.0399780273438,758.4304809570312,758.7999877929688,463779
1789037400000,758.7899780273438,759.1799926757812,758.5,759.1599731445312,329988
1789037700000,759.1799926757812,759.5,758.8800048828125,759.3994750976562,841893
1789038000000,759.4000244140625,759.4199829101562,758.5499877929688,758.8599853515625,507133
1789038300000,758.8497924804688,759.4349975585938,758.8497924804688,759,423314
1789038600000,758.989990234375,759.469970703125,758.9299926757812,759.0599975585938,254160
1789038900000,759.0499877929688,759.239990234375,758.8704833984375,759.094970703125,321166
1789039200000,759.0900268554688,759.3400268554688,758.6300048828125,759.302490234375,940536
1789039500000,759.3099975585938,759.5599975585938,759.1400146484375,759.1849975585938,204033
1789039800000,759.1900024414062,759.5800170898438,759.02001953125,759.4500122070312,238896
1789040100000,759.4575805664062,759.969970703125,759.0599975585938,759.2100219726562,434782
1789040400000,759.239990234375,759.4600219726562,759.0800170898438,759.4000244140625,170467
1789040700000,759.4299926757812,759.5150146484375,758.760009765625,759.1489868164062,311284
1789041000000,759.1099853515625,759.3300170898438,758.6099853515625,758.6099853515625,311200
1789041300000,758.5999755859375,758.6950073242188,758.219970703125,758.5399780273438,314824
1789041600000,758.5499877929688,759.0791015625,758.4500122070312,758.5399780273438,459360
1789041900000,758.5499877929688,758.6400146484375,758.0700073242188,758.094970703125,199982
1789042200000,758.0800170898438,758.3400268554688,757.8300170898438,758.094970703125,351837
1789042500000,758.0999755859375,758.4349975585938,757.9000244140625,758.030029296875,200431
1789042800000,758.0499877929688,758.2899780273438,758.010009765625,758.0499877929688,155791
1789043100000,758.0399780273438,758.0999755859375,757.7899780273438,758.0850219726562,148850
1789043400000,758.0800170898438,758.4000244140625,757.530029296875,757.5349731445312,560747
1789043700000,757.530029296875,758.25,757.260009765625,758.1901245117188,234101
1789044000000,758.1900024414062,758.5700073242188,758.1199951171875,758.5,101002
1789044044000,758.1998901367188,758.1998901367188,758.1998901367188,758.1998901367188,0
1789044225000,758.5250244140625,758.5250244140625,758.5250244140625,758.5250244140625,0
1789044300000,758.8300170898438,759.3300170898438,758.7999877929688,758.7999877929688,338907
1789044600000,758.8400268554688,759.1799926757812,758.7000122070312,759.1599731445312,255445
1789044900000,759.155029296875,759.344970703125,759.0499877929688,759.2050170898438,344828
1789045200000,759.2000122070312,759.8499755859375,758.7899780273438,759.0250244140625,461261
1789045500000,759.0401000976562,759.27001953125,758.8499755859375,758.969970703125,164211
1789045800000,758.9500122070312,759.4400024414062,758.9450073242188,759.02001953125,241450
1789046100000,759.010009765625,759.1998901367188,758.8599853515625,758.9949951171875,93713
1789046400000,758.989990234375,759.0999755859375,758.6099853515625,758.6799926757812,143875
1789046700000,758.6599731445312,758.7150268554688,758.510009765625,758.5900268554688,287214
1789047000000,758.5800170898438,758.77001953125,758.3499755859375,758.5999755859375,171278
1789047300000,758.5599975585938,758.77001953125,758.0399780273438,758.0800170898438,175589
1789047600000,758.0549926757812,758.4600219726562,758.030029296875,758.4450073242188,254469
1789047900000,758.4500122070312,758.489990234375,758.1900024414062,758.260009765625,87430
1789048200000,758.239990234375,758.5399780273438,758.1799926757812,758.4000244140625,142499
1789048500000,758.3800048828125,758.5250244140625,758.2100219726562,758.2750244140625,207985
1789048800000,758.27001953125,758.5598754882812,757.8350219726562,757.9550170898438,297049
1789049100000,757.9400024414062,758.1699829101562,757.6602172851562,757.7349853515625,243787
1789049400000,757.72998046875,757.8099975585938,757.47998046875,757.7650146484375,224601
1789049651000,757.8699951171875,757.8699951171875,757.8699951171875,757.8699951171875,0
1789049700000,757.6799926757812,757.75,757.469970703125,757.6799926757812,214756
1789050000000,757.6900024414062,758.0399780273438,757.6900024414062,757.7999877929688,355815
1789050300000,757.8099975585938,757.9199829101562,757.5900268554688,757.6900024414062,226822
1789050600000,757.6699829101562,757.7000122070312,757.2598876953125,757.6099853515625,246687
1789050900000,757.6199951171875,757.8679809570312,757.47998046875,757.8400268554688,157185
1789051200000,757.8499755859375,757.9099731445312,757.6849975585938,757.8150024414062,165644
1789051500000,757.7999877929688,758.0900268554688,757.4099731445312,757.77001953125,237906
1789051800000,757.75,758.3900146484375,757.5499877929688,757.9650268554688,574101
1789052100000,757.9650268554688,758.119873046875,757.6699829101562,757.7750244140625,207139
1789052400000,757.7750244140625,757.7750244140625,757.3099975585938,757.3350219726562,341448
1789052700000,757.3309936523438,758.030029296875,757.3099975585938,758,394179
1789053000000,757.9600219726562,757.9600219726562,757.530029296875,757.8099975585938,404593
1789053300000,757.8099975585938,757.9600219726562,757.3699951171875,757.5499877929688,419344
1789053600000,757.52001953125,757.7150268554688,757.3599853515625,757.6799926757812,454711
1789053900000,757.6799926757812,757.7899780273438,757.510009765625,757.614990234375,567088
1789054200000,757.6099853515625,758,757.4400024414062,757.9498901367188,461172
1789054500000,757.9299926757812,758.1300048828125,757.6500244140625,758.010009765625,314857
1789054800000,757.989990234375,758.2750244140625,757.97998046875,758.02001953125,819948
1789055100000,758.030029296875,758.219970703125,757.77001953125,758.0999755859375,832936
1789055400000,758.0800170898438,758.2899780273438,757.6099853515625,757.8499755859375,1068297
1789055700000,757.8699951171875,758.030029296875,757.6300048828125,757.8800048828125,2980952
1789056000000,757.8300170898438,757.8300170898438,757.8300170898438,757.8300170898438,0
1789119000000,764.719970703125,765.8599853515625,764.2249755859375,765.77001953125,4205683
1789119300000,765.760009765625,765.989990234375,765.3800048828125,765.5599975585938,769423
1789119600000,765.5599975585938,765.8099975585938,764.6699829101562,765.4600219726562,829435
1789119900000,765.47998046875,765.9299926757812,764.7999877929688,764.969970703125,762224
1789120200000,764.989990234375,765.2899169921875,764.7000122070312,765.1300048828125,443437
1789120500000,765.1300048828125,766.3800048828125,765.0250244140625,766.3099975585938,445940
1789120800000,766.3099975585938,766.3300170898438,765.3800048828125,765.4500122070312,542787
1789121100000,765.4500122070312,765.5999755859375,764.9400024414062,765.4099731445312,372761
1789121400000,765.4099731445312,765.6900024414062,764.780029296875,764.9000244140625,405671
1789121700000,764.9000244140625,765.75,764.6300048828125,765.719970703125,488857
1789122000000,765.719970703125,766.0250244140625,765.5800170898438,765.760009765625,343584
1789122300000,765.760009765625,766.0999755859375,765.5700073242188,765.72998046875,286702
1789122600000,765.75,765.780029296875,764.6900024414062,764.72998046875,429465
1789122900000,764.72998046875,764.72998046875,764.0399780273438,764.2999877929688,546936
1789123200000,764.2999877929688,764.739990234375,763.8800048828125,764.0499877929688,407838
1789123500000,764.0399780273438,764.7999877929688,763.5999755859375,764.6900024414062,754627
1789123800000,764.7150268554688,764.8499755859375,764,764.0700073242188,280128
1789124100000,764.0750122070312,764.2100219726562,763.7000122070312,763.969970703125,773529
1789124400000,763.9537963867188,764.6680297851562,763.8099975585938,764.6680297851562,194568
1789124700000,764.6500244140625,765.25,764.6033935546875,764.9000244140625,261249
1789125000000,764.9099731445312,764.9600219726562,764.1199951171875,764.6099853515625,252479
1789125300000,764.6099853515625,765.5499877929688,764.6099853515625,765.4000244140625,273070
1789125600000,765.3900146484375,765.8900146484375,765.3400268554688,765.8350219726562,189265
1789125900000,765.8699951171875,766.239990234375,765.6849975585938,766,287743
1789126200000,765.97998046875,766.1900024414062,765.760009765625,765.9000244140625,168884
1789126500000,765.8900146484375,766.0499877929688,765.6199951171875,765.9500122070312,686844
1789126800000,765.9401245117188,766.27001953125,765.8599853515625,766.1199951171875,204618
1789127100000,766.1199951171875,766.1400146484375,765.760009765625,765.8800048828125,198972
1789127400000,765.8798828125,765.9600219726562,765.4249877929688,765.52099609375,390945
1789127700000,765.5399780273438,765.8049926757812,765.3820190429688,765.7100219726562,234935
1789128000000,765.719970703125,766.2000122070312,765.719970703125,766.1400756835938,1518720
1789128300000,766.1400146484375,766.1799926757812,765.739990234375,765.9000244140625,308945
1789128600000,765.9099731445312,765.989990234375,765.530029296875,765.5800170898438,142257
1789128900000,765.5850219726562,765.6500244140625,765.4000244140625,765.489990234375,160955
1789129200000,765.52001953125,765.5999755859375,765.260009765625,765.3599853515625,210740
1789129500000,765.3599853515625,765.5900268554688,764.8699951171875,764.9299926757812,305240
1789129800000,764.9600219726562,765.760009765625,764.8099975585938,765.580078125,299899
1789130100000,765.5800170898438,765.5800170898438,764.9199829101562,764.9500122070312,358464
1789130400000,764.9400024414062,765.1998901367188,764.85498046875,765.1900024414062,74172
1789130515000,765.130126953125,765.130126953125,765.130126953125,765.130126953125,0
1789130700000,765.4400024414062,765.60498046875,765.3499755859375,765.5599975585938,80502
1789130885000,765.530029296875,765.530029296875,765.530029296875,765.530029296875,0
1789131000000,765.3250122070312,765.5499877929688,765.2705078125,765.4099731445312,232614
1789131300000,765.4099731445312,765.6699829101562,765.3800048828125,765.6099853515625,500946
1789131600000,765.6699829101562,765.840087890625,765.5499877929688,765.6400146484375,1361689
1789131900000,765.6400146484375,766.0800170898438,765.5999755859375,765.72998046875,139289
1789132146000,765.72998046875,765.72998046875,765.72998046875,765.72998046875,0
1789132200000,765.7349853515625,765.8699951171875,765.510009765625,765.5582885742188,183128
1789132500000,765.5599975585938,765.9201049804688,765.5599975585938,765.9199829101562,262400
1789132800000,765.9199829101562,766.25,765.8699951171875,766.239501953125,208368
1789133100000,766.22998046875,766.3300170898438,765.9099731445312,765.9949951171875,269591
1789133400000,765.9949951171875,766.260009765625,765.9149780273438,765.9794921875,172407
1789133700000,765.97998046875,766.0499877929688,765.780029296875,765.8099975585938,454293
1789134000000,765.8099975585938,766,765.7899780273438,765.8599853515625,406972
1789134300000,765.8599853515625,765.9400024414062,765.719970703125,765.905029296875,349285
1789134600000,765.9099731445312,765.97998046875,765.8200073242188,765.8499755859375,160600
1789134900000,765.8599853515625,765.8800048828125,765.6400146484375,765.739990234375,164816
1789135200000,765.739990234375,765.969970703125,765.6900024414062,765.8599853515625,156470
1789135500000,765.8499755859375,765.8499755859375,765.5994873046875,765.7000122070312,189782
1789135800000,765.7000122070312,765.72998046875,765.5084838867188,765.5700073242188,251962
1789136100000,765.5499877929688,765.6500244140625,765.530029296875,765.6300048828125,184735
1789136283000,765.6199951171875,765.6199951171875,765.6199951171875,765.6199951171875,0
1789136400000,765.5900268554688,765.60498046875,765.1400146484375,765.3400268554688,593144
1789136700000,765.3699951171875,765.5399780273438,765.1950073242188,765.4099731445312,461589
1789137000000,765.4199829101562,765.5800170898438,765.1500244140625,765.4450073242188,212652
1789137300000,765.4600219726562,765.5599975585938,765.25,765.2999877929688,127680
1789137600000,765.2999877929688,765.4099731445312,765.0974731445312,765.1500244140625,378014
1789137900000,765.1500244140625,765.3200073242188,764.9600219726562,765.0399780273438,240617
1789138200000,765.0399780273438,765.1699829101562,765.030029296875,765.0599975585938,299921
1789138500000,765.0399780273438,765.260009765625,764.9400024414062,765.0250244140625,311427
1789138800000,765.0399780273438,765.1900024414062,765,765.1400146484375,428806
1789139100000,765.1300048828125,765.1400146484375,764.719970703125,764.760009765625,511995
1789139400000,764.75,764.9199829101562,764.5499877929688,764.9000244140625,475037
1789139700000,764.9000244140625,765.0999755859375,764.8800048828125,764.989990234375,225774
1789140000000,765,765.219970703125,764.9000244140625,765.2000122070312,371497
1789140300000,765.2000122070312,765.2999877929688,765.010009765625,765.02001953125,482925
1789140600000,765.0250244140625,765.1300048828125,764.9000244140625,764.97998046875,510203
1789140900000,764.97998046875,765.030029296875,764.8699951171875,764.9349975585938,459681
1789141200000,764.9299926757812,765.0499877929688,764.8800048828125,765.010009765625,640436
1789141500000,765.010009765625,765.0399780273438,764.719970703125,764.75,1015795
1789141800000,764.739990234375,764.8200073242188,764.4199829101562,764.6599731445312,1537156
1789142100000,764.6599731445312,764.7000122070312,764.0399780273438,764.1799926757812,4353192
1789142400000,764.2899780273438,764.2899780273438,764.2899780273438,764.2899780273438,0
1789378200000,758.75,759.114990234375,758.6099853515625,758.6849975585938,2425372
1789378500000,758.6849975585938,758.89990234375,758.5700073242188,758.7650146484375,125573
1789378585000,758.6699829101562,758.6699829101562,758.6699829101562,758.6699829101562,0
1789378800000,758.5800170898438,759.0599975585938,758.47998046875,758.989990234375,147346
1789378901000,759,759,759,759,0
1789379100000,759.4299926757812,759.7100219726562,759.4299926757812,759.52001953125,135876
1789379216000,759.610107421875,759.610107421875,759.610107421875,759.610107421875,0
1789379400000,760.2824096679688,760.5800170898438,760.0900268554688,760.0999755859375,156263
1789379531000,760.3699951171875,760.3699951171875,760.3699951171875,760.3699951171875,0
1789379700000,760.1799926757812,760.239990234375,759.8499755859375,760.0599975585938,194505
1789379844000,759.8300170898438,759.8300170898438,759.8300170898438,759.8300170898438,0
1789380000000,759.9863891601562,760.5900268554688,759.469970703125,760.5549926757812,225399
1789380161000,760.3300170898438,760.3300170898438,760.3300170898438,760.3300170898438,0
1789380300000,760.4613037109375,760.8499755859375,760.3200073242188,760.7550048828125,161148
1789380477000,760.9099731445312,760.9099731445312,760.9099731445312,760.9099731445312,0
1789380600000,760.8699951171875,761,760.4199829101562,760.4650268554688,282229
1789380793000,760.4550170898438,760.4550170898438,760.4550170898438,760.4550170898438,0
1789380900000,760.469970703125,760.6500244140625,760.0499877929688,760.0993041992188,187136
1789381108000,760.030029296875,760.030029296875,760.030029296875,760.030029296875,0
1789381200000,759.8499755859375,759.8499755859375,759.1799926757812,759.3057250976562,364539
1789381423000,759.219970703125,759.219970703125,759.219970703125,759.219970703125,0
1789381500000,758.8200073242188,758.8699951171875,758.22998046875,758.8400268554688,613192
1789381800000,758.8250122070312,759.135009765625,758.530029296875,759.0999755859375,390303
1789382100000,759.0999755859375,759.0999755859375,758.2999877929688,758.5,398387
1789382400000,758.47998046875,758.6799926757812,758.1199951171875,758.6799926757812,407536
1789382700000,758.6799926757812,759.030029296875,758.4600219726562,758.6199951171875,324806
1789383000000,758.639892578125,758.655029296875,758.1099853515625,758.219970703125,436256
1789383300000,758.219970703125,758.5900268554688,757.9299926757812,758.5700073242188,486267
1789383600000,758.5900268554688,758.60498046875,758.1500244140625,758.1799926757812,247181
1789383900000,758.1799926757812,759.8800048828125,758.1699829101562,759.1099853515625,1247075
1789384200000,759.1300048828125,759.2100219726562,758.6300048828125,758.630126953125,241672
1789384500000,758.6199951171875,759.1699829101562,758.52001953125,759.0701293945312,181481
1789384800000,759.0900268554688,759.5800170898438,758.989990234375,759.5449829101562,241692
1789385100000,759.5399780273438,759.8952026367188,759.3200073242188,759.594970703125,258921
1789385400000,759.5499877929688,759.780029296875,759.5499877929688,759.7296142578125,80004
1789385507000,759.4949951171875,759.4949951171875,759.4949951171875,759.4949951171875,0
1789385700000,760.8070068359375,761.0499877929688,760.4600219726562,760.5750122070312,288887
1789385826000,760.7700805664062,760.7700805664062,760.7700805664062,760.7700805664062,0
1789386000000,761.219970703125,761.6500244140625,760.969970703125,761.6373291015625,267000
1789386140000,761.75,761.75,761.75,761.75,0
1789386300000,762.0999755859375,762.1500244140625,761.5999755859375,761.72998046875,188770
1789386454000,761.625,761.625,761.625,761.625,0
1789386600000,761.4749755859375,761.5750122070312,761.2899780273438,761.5499877929688,138796
1789386768000,761.7100219726562,761.7100219726562,761.7100219726562,761.7100219726562,0
1789386900000,761.8200073242188,761.9000244140625,761.6900024414062,761.85498046875,141509
1789387082000,761.8900146484375,761.8900146484375,761.8900146484375,761.8900146484375,0
1789387200000,761.7650146484375,761.9000244140625,761.3499755859375,761.4000244140625,142311
1789387396000,761.4000244140625,761.4000244140625,761.4000244140625,761.4000244140625,0
1789387500000,761.3200073242188,761.52001953125,761.2249755859375,761.4199829101562,125112
1789387710000,761.2999877929688,761.2999877929688,761.2999877929688,761.2999877929688,0
1789387800000,761.4000244140625,761.6699829101562,761.3599853515625,761.60498046875,100766
1789388026000,761.530029296875,761.530029296875,761.530029296875,761.530029296875,0
1789388100000,761.47998046875,762.4199829101562,761.47998046875,762.37109375,282869
1789388341000,762.3699951171875,762.3699951171875,762.3699951171875,762.3699951171875,0
1789388400000,762.3499755859375,762.5999755859375,762.02001953125,762.4000244140625,254832
1789388700000,762.4099731445312,762.4600219726562,761.8800048828125,762.02001953125,273563
1789389000000,762.010009765625,762.4500122070312,761.9500122070312,761.9500122070312,280539
1789389300000,761.969970703125,762.1300048828125,761.8300170898438,762.0499877929688,157961
1789389600000,762.0499877929688,762.3099975585938,761.9199829101562,762.3099975585938,143809
1789389900000,762.3200073242188,763.5,762.0499877929688,763.263916015625,605816
1789390200000,763.280029296875,763.52001953125,763.02001953125,763.0599975585938,254748
1789390500000,763.0599975585938,763.1099853515625,762.5700073242188,762.9000244140625,291218
1789390800000,762.9000244140625,763.0599975585938,762.530029296875,762.6599731445312,200411
1789391100000,762.6699829101562,762.8099975585938,762.3400268554688,762.4500122070312,185673
1789391400000,762.4550170898438,762.8599853515625,762.1799926757812,762.1799926757812,349782
1789391700000,762.1807250976562,762.27001953125,761.9039916992188,762.0499877929688,175150
1789392000000,762.0700073242188,762.4199829101562,762.0399780273438,762.2899780273438,131624
1789392300000,762.3200073242188,762.719970703125,762.1900024414062,762.6799926757812,143667
1789392600000,762.7150268554688,762.8300170898438,762.489990234375,762.6400146484375,176537
1789392900000,762.6500244140625,762.8699951171875,762.510009765625,762.8099975585938,216462
1789393200000,762.8300170898438,762.8345947265625,762.5399780273438,762.5999755859375,281589
1789393500000,762.6500244140625,762.8499755859375,762.5499877929688,762.6300048828125,182983
1789393800000,762.6400146484375,762.869873046875,762.5750122070312,762.7899780273438,175566
1789394100000,762.780029296875,762.8499755859375,762.3400268554688,762.3499755859375,184587
1789394400000,762.35498046875,762.8300170898438,762.2100219726562,762.239990234375,485520
1789394700000,762.2531127929688,762.5880126953125,762.125,762.4299926757812,313520
1789395000000,762.4299926757812,762.4400024414062,762.1599731445312,762.3099975585938,146988
1789395300000,762.3499755859375,762.47998046875,762.2498168945312,762.3200073242188,50799
1789395478000,762.25,762.25,762.25,762.25,0
1789395600000,762.27001953125,762.3300170898438,762.1099853515625,762.1799926757812,210704
1789395789000,762.1799926757812,762.1799926757812,762.1799926757812,762.1799926757812,0
1789395900000,762.1300048828125,762.1900024414062,762,762.010009765625,223257
1789396105000,761.9299926757812,761.9299926757812,761.9299926757812,761.9299926757812,0
1789396200000,762.0599975585938,762.1400146484375,761.969970703125,762.0999755859375,101791
1789396417000,762.27001953125,762.27001953125,762.27001953125,762.27001953125,0
1789396500000,762.219970703125,762.4699096679688,762.2000122070312,762.3800048828125,90955
1789396730000,762.375,762.375,762.375,762.375,0
1789396800000,762.3200073242188,762.52001953125,762.25,762.4500122070312,243265
1789397041000,762.4500122070312,762.4500122070312,762.4500122070312,762.4500122070312,0
1789397100000,762.3499755859375,762.52001953125,762.1140747070312,762.52001953125,276705
1789397355000,762.47998046875,762.47998046875,762.47998046875,762.47998046875,0
1789397400000,762.5,762.5399780273438,762.3300170898438,762.4099731445312,134503
1789397668000,762.3599853515625,762.3599853515625,762.3599853515625,762.3599853515625,0
1789397700000,762.3099975585938,762.469970703125,762.0900268554688,762.1500244140625,234095
1789397980000,762.1500244140625,762.1500244140625,762.1500244140625,762.1500244140625,0
1789398000000,762.1400146484375,762.2100219726562,761.9099731445312,762.0067749023438,219766
1789398292000,761.9400024414062,761.9400024414062,761.9400024414062,761.9400024414062,0
1789398300000,761.9400024414062,761.97998046875,761.6099853515625,761.8300170898438,269220
1789398600000,761.8499755859375,762.0900268554688,761.8200073242188,762.030029296875,325500
1789398900000,762.0250244140625,762.0250244140625,761.77001953125,761.873779296875,280779
1789399200000,761.8599853515625,761.9299926757812,761.6489868164062,761.8099975585938,1419679
1789399500000,761.7899780273438,761.8599853515625,761.6900024414062,761.7249755859375,221021
1789399800000,761.7249755859375,761.9299926757812,761.6599731445312,761.6900024414062,263215
1789400100000,761.7000122070312,761.72998046875,761.5499877929688,761.5999755859375,388332
1789400400000,761.60498046875,761.719970703125,761.5399780273438,761.5999755859375,484226
1789400700000,761.5902099609375,761.7100219726562,761.5499877929688,761.7050170898438,338048
1789400814000,761.72998046875,761.72998046875,761.72998046875,761.72998046875,0
1789401000000,761.7100219726562,761.7999877929688,761.3499755859375,761.4000244140625,552991
1789401130000,761.4400024414062,761.4400024414062,761.4400024414062,761.4400024414062,0
1789401300000,761.25,761.2650146484375,760.8049926757812,761.0050048828125,925170
1789401445000,761.0900268554688,761.0900268554688,761.0900268554688,761.0900268554688,0
1789401600000,760.8099975585938,760.8099975585938,760.8099975585938,760.8099975585938,0
1789464600000,760.1170043945312,760.3400268554688,758.72998046875,758.9199829101562,1766259
1789464900000,758.9199829101562,759.8699951171875,758.9199829101562,759.8099975585938,445082
1789465200000,759.7999877929688,760.02001953125,759.4000244140625,759.9500122070312,323265
1789465500000,759.9500122070312,760.1900024414062,759.219970703125,759.3499755859375,355533
1789465800000,759.3499755859375,759.77001953125,759.1799926757812,759.6699829101562,343980
1789466100000,759.6599731445312,759.6799926757812,759.364990234375,759.510009765625,225770
1789466400000,759.5405883789062,759.9099731445312,759.02001953125,759.0349731445312,200006
1789466623000,759.0399780273438,759.0399780273438,759.0399780273438,759.0399780273438,0
1789466700000,758.8104858398438,759.0700073242188,758.52001953125,758.530029296875,1235061
1789466939000,758.530029296875,758.530029296875,758.530029296875,758.530029296875,0
1789467000000,758.489990234375,758.5170288085938,757.9299926757812,757.9299926757812,490005
1789467255000,757.9199829101562,757.9199829101562,757.9199829101562,757.9199829101562,0
1789467300000,757.969970703125,758.4299926757812,757.9299926757812,758.2000122070312,336064
1789467572000,758.25,758.25,758.25,758.25,0
1789467600000,758.22998046875,758.3400268554688,757.1900024414062,757.1900024414062,324063
1789467887000,757.6300048828125,757.6300048828125,757.6300048828125,757.6300048828125,0
1789467900000,757.6699829101562,757.739990234375,757.469970703125,757.47998046875,272033
1789468200000,757.469970703125,757.6500244140625,757.1099853515625,757.3300170898438,542750
1789468201000,757.47998046875,757.47998046875,757.47998046875,757.47998046875,0
1789468500000,757.3499755859375,757.5999755859375,757.0499877929688,757.1400146484375,501892
1789468515000,757.3699951171875,757.3699951171875,757.3699951171875,757.3699951171875,0
1789468800000,757.1400146484375,757.22998046875,756.881591796875,757.2000122070312,330571
1789468833000,757.0800170898438,757.0800170898438,757.0800170898438,757.0800170898438,0
1789469100000,757.2000122070312,757.3699951171875,756.9099731445312,756.9099731445312,376818
1789469150000,757.280029296875,757.280029296875,757.280029296875,757.280029296875,0
1789469400000,756.8931884765625,756.9000244140625,756.6790161132812,756.7199096679688,105949
1789469465000,756.4500122070312,756.4500122070312,756.4500122070312,756.4500122070312,0
1789469700000,756.5599975585938,756.8599853515625,756.3502807617188,756.4400024414062,443115
1789470000000,756.4500122070312,757.1900024414062,756.4349975585938,757.1900024414062,325099
1789470300000,757.1900024414062,757.27001953125,756.7999877929688,756.8699951171875,337258
1789470600000,756.864990234375,757.0499877929688,756.7000122070312,756.97998046875,436788
1789470900000,756.969970703125,757.3599853515625,756.8099975585938,757.25,553762
1789471200000,757.25,757.5,756.9827880859375,757.448974609375,293243
1789471500000,757.4500122070312,757.489990234375,757.1900024414062,757.47998046875,224242
1789471800000,757.47998046875,757.5549926757812,756.9299926757812,757.3099975585938,408689
1789472100000,757.3300170898438,757.510009765625,757.1599731445312,757.2899780273438,192302
1789472400000,757.3049926757812,757.75,757.2999877929688,757.52001953125,381439
1789472700000,757.52001953125,757.5700073242188,756.926025390625,757,137069
1789473000000,756.9749755859375,757.5900268554688,756.9749755859375,757.1099853515625,503794
1789473300000,757.1300048828125,757.7000122070312,756.97998046875,757.114990234375,317750
1789473600000,757.114990234375,757.35498046875,757.0123291015625,757.3300170898438,183657
1789473900000,757.291015625,757.3099975585938,756.6300048828125,756.739990234375,253588
1789474200000,756.739990234375,756.8499755859375,756.6699829101562,756.780029296875,168102
1789474500000,756.77001953125,757.0900268554688,756.7100219726562,757.0800170898438,201479
1789474800000,757.0800170898438,757.6900024414062,757.0599975585938,757.655029296875,210041
1789475100000,757.6599731445312,757.8699951171875,757.47998046875,757.5750122070312,198188
1789475400000,757.5800170898438,757.8200073242188,757.3200073242188,757.6699829101562,858791
1789475700000,757.6699829101562,757.72998046875,757.4600219726562,757.5499877929688,103668
1789476000000,757.5499877929688,757.6799926757812,757.4600219726562,757.6099853515625,113361
1789476300000,757.60498046875,757.72998046875,757.3200073242188,757.4600219726562,171720
1789476600000,757.4500122070312,758.010009765625,757.4199829101562,757.9749755859375,229184
1789476900000,757.97998046875,758.0599975585938,757.5599975585938,757.739990234375,216808
1789477200000,757.739990234375,757.8499755859375,757.1799926757812,757.1799926757812,315434
1789477500000,757.1699829101562,757.4500122070312,757.0499877929688,757.22998046875,312112
1789477800000,757.1900024414062,757.530029296875,757.0800170898438,757.0850219726562,106801
1789478100000,757.080078125,757.1099853515625,756.8599853515625,757,165616
1789478400000,756.989990234375,757.0599975585938,756.6500244140625,756.6500244140625,183273
1789478700000,756.6500244140625,756.9099731445312,756.5999755859375,756.875,175567
1789478743000,756.7000122070312,756.7000122070312,756.7000122070312,756.7000122070312,0
1789479000000,756.8599853515625,756.989990234375,756.8198852539062,756.8300170898438,27180
1789479060000,756.831298828125,756.831298828125,756.831298828125,756.831298828125,0
1789479300000,757.010009765625,757.1699829101562,756.9500122070312,757.1099853515625,29875
1789479377000,757.0549926757812,757.0549926757812,757.0549926757812,757.0549926757812,0
1789479600000,757.0999755859375,757.2449951171875,757.030029296875,757.219970703125,25108
1789479691000,757.1099853515625,757.1099853515625,757.1099853515625,757.1099853515625,0
1789479900000,757.1300048828125,757.2100219726562,757.1300048828125,757.2000122070312,22501
1789480009000,757.1400146484375,757.1400146484375,757.1400146484375,757.1400146484375,0
1789480200000,756.9650268554688,757.1199951171875,756.9600219726562,757.0850219726562,41378
1789480326000,757.0800170898438,757.0800170898438,757.0800170898438,757.0800170898438,0
1789480500000,757.27001953125,757.3900756835938,757.1400146484375,757.3699951171875,44592
1789480642000,757.3400268554688,757.3400268554688,757.3400268554688,757.3400268554688,0
1789480800000,757.2999877929688,757.405029296875,757.142578125,757.3800048828125,51413
1789480956000,757.47998046875,757.47998046875,757.47998046875,757.47998046875,0
1789481100000,757.5050048828125,757.6199951171875,757.4099731445312,757.5900268554688,81322
1789481269000,757.5599975585938,757.5599975585938,757.5599975585938,757.5599975585938,0
1789481400000,757.6900024414062,757.8099975585938,757.5650024414062,757.8099975585938,94933
1789481587000,757.760009765625,757.760009765625,757.760009765625,757.760009765625,0
1789481700000,757.7750244140625,757.8300170898438,757.47998046875,757.5567016601562,221510
1789482000000,757.5700073242188,757.6517944335938,757.4199829101562,757.4799194335938,162811
1789482300000,757.47998046875,757.6900024414062,757.3599853515625,757.6699829101562,141779
1789482600000,757.6599731445312,757.6599731445312,757.1300048828125,757.219970703125,188737
1789482900000,757.2050170898438,757.3200073242188,757.1599731445312,757.239990234375,642230
1789483200000,757.260009765625,757.5999755859375,757.1300048828125,757.1900024414062,1453375
1789483500000,757.2100219726562,757.2150268554688,756.8350219726562,756.8800048828125,293802
1789483760000,756.8300170898438,756.8300170898438,756.8300170898438,756.8300170898438,0
1789483800000,756.8400268554688,757.1500244140625,756.8400268554688,757.0700073242188,321761
1789484078000,757.10009765625,757.10009765625,757.10009765625,757.10009765625,0
1789484100000,757.0700073242188,757.3900146484375,757.0399780273438,757.3200073242188,141614
1789484396000,757.47998046875,757.47998046875,757.47998046875,757.47998046875,0
1789484400000,757.469970703125,757.6199951171875,757.27001953125,757.3397216796875,332120
1789484700000,757.3300170898438,757.4000244140625,757.219970703125,757.3300170898438,164949
1789484712000,757.364990234375,757.364990234375,757.364990234375,757.364990234375,0
1789485000000,757.3300170898438,757.3599853515625,757.0900268554688,757.1699829101562,232514
1789485028000,757.3099975585938,757.3099975585938,757.3099975585938,757.3099975585938,0
1789485300000,757.1500244140625,757.2899780273438,757.0800170898438,757.2100219726562,482212
1789485343000,757.1500244140625,757.1500244140625,757.1500244140625,757.1500244140625,0
1789485600000,757.205078125,757.22998046875,757.0999755859375,757.1099853515625,63352
1789485661000,757.094970703125,757.094970703125,757.094970703125,757.094970703125,0
1789485900000,757.0999755859375,757.0999755859375,756.9400024414062,756.9600219726562,49417
1789485978000,757.02001953125,757.02001953125,757.02001953125,757.02001953125,0
1789486200000,756.97998046875,757.0250244140625,756.9199829101562,756.969970703125,104457
1789486294000,756.969970703125,756.969970703125,756.969970703125,756.969970703125,0
1789486500000,756.9199829101562,756.9199829101562,756.8204956054688,756.851318359375,263740
1789486610000,756.8699951171875,756.8699951171875,756.8699951171875,756.8699951171875,0
1789486800000,756.6599731445312,756.8049926757812,756.510009765625,756.7150268554688,570086
1789487100000,756.7100219726562,757,756.6199951171875,756.9600830078125,1075372
1789487400000,756.9600219726562,757.0399780273438,756.5399780273438,756.9849853515625,970967
1789487700000,756.97998046875,757.4600219726562,756.8300170898438,757.4199829101562,2522995
1789488000000,757.3900146484375,757.3900146484375,757.3900146484375,757.3900146484375,0
1789551000000,759.5399780273438,759.6649780273438,759.1400146484375,759.2100219726562,1391527
1789551300000,759.2100219726562,759.489990234375,758.75,758.8099975585938,715762
1789551600000,758.8200073242188,759.139892578125,758.7230224609375,758.7899780273438,537697
1789551900000,758.7999877929688,759.9290161132812,758.760009765625,759.8900146484375,642847
1789552200000,759.8900146484375,760.4299926757812,759.8499755859375,760.2371215820312,338133
1789552500000,760.2210083007812,760.4000244140625,760.0700073242188,760.1281127929688,94234
1789552634000,760.1950073242188,760.1950073242188,760.1950073242188,760.1950073242188,0
1789552800000,760.22998046875,760.4199829101562,758.8599853515625,760.0800170898438,114131
1789552952000,760.02001953125,760.02001953125,760.02001953125,760.02001953125,0
1789553100000,759.6900024414062,759.6950073242188,759.3499755859375,759.4400024414062,191677
1789553269000,759.614990234375,759.614990234375,759.614990234375,759.614990234375,0
1789553400000,759.6900024414062,759.780029296875,759.2999877929688,759.3150024414062,225160
1789553587000,759.27099609375,759.27099609375,759.27099609375,759.27099609375,0
1789553700000,759.5698852539062,759.7150268554688,759.4000244140625,759.5449829101562,123270
1789553904000,759.5750122070312,759.5750122070312,759.5750122070312,759.5750122070312,0
1789554000000,759.280029296875,759.3499755859375,758.9815063476562,759.0197143554688,273337
1789554220000,759.030029296875,759.030029296875,759.030029296875,759.030029296875,0
1789554300000,758.9533081054688,759.02001953125,758.760009765625,758.8499755859375,91262
1789554537000,758.8699951171875,758.8699951171875,758.8699951171875,758.8699951171875,0
1789554600000,758.9738159179688,759.2150268554688,758.8099975585938,759.1749877929688,222037
1789554856000,759.1298828125,759.1298828125,759.1298828125,759.1298828125,0
1789554900000,759.1599731445312,759.4957275390625,758.9199829101562,759.4650268554688,225286
1789555172000,759.4299926757812,759.4299926757812,759.4299926757812,759.4299926757812,0
1789555200000,759.3699951171875,759.8499755859375,759.3400268554688,759.8109741210938,195271
1789555490000,759.8200073242188,759.8200073242188,759.8200073242188,759.8200073242188,0
1789555500000,759.8400268554688,759.9500122070312,759.5999755859375,759.6199951171875,226024
1789555800000,759.6199951171875,759.8800048828125,759.5900268554688,759.6799926757812,168133
1789556100000,759.6900024414062,760.25,759.6799926757812,760.2100219726562,213192
1789556400000,760.2150268554688,760.6099853515625,760.1599731445312,760.530029296875,460498
1789556700000,760.5150146484375,761.030029296875,760.27001953125,760.9099731445312,391450
1789557000000,760.9099731445312,761,760.4805297851562,760.7401123046875,670681
1789557300000,760.75,760.7899780273438,760.3699951171875,760.60498046875,757493
1789557600000,760.5999755859375,760.6300048828125,760.4000244140625,760.5399780273438,356425
1789557900000,760.5399780273438,760.8300170898438,760.2899780273438,760.340087890625,175817
1789558200000,760.3699951171875,760.469970703125,760.010009765625,760.130126953125,201215
1789558500000,760.1699829101562,760.5601196289062,760.1599731445312,760.3900146484375,190363
1789558800000,760.4000244140625,760.5999755859375,760.3200073242188,760.5650024414062,339309
1789559100000,760.5599975585938,761.6699829101562,760.489990234375,761.0499877929688,413337
1789559400000,761.0599975585938,761.0999755859375,760.6799926757812,760.7899780273438,211304
1789559700000,760.780029296875,760.8599853515625,760.6500244140625,760.6900024414062,176949
1789560000000,760.6900024414062,760.739990234375,760.3300170898438,760.3419799804688,162994
1789560300000,760.3499755859375,760.510009765625,760.2800903320312,760.47998046875,110005
1789560600000,760.4840087890625,760.52001953125,760.1699829101562,760.3699951171875,373625
1789560900000,760.3972778320312,760.4749755859375,760.280029296875,760.3300170898438,144359
1789560902000,760.3699951171875,760.3699951171875,760.3699951171875,760.3699951171875,0
1789561200000,760.3200073242188,760.3200073242188,759.9400024414062,759.97998046875,278680
1789561219000,760.2086181640625,760.2086181640625,760.2086181640625,760.2086181640625,0
1789561500000,760,760.1799926757812,759.8699951171875,760.1400146484375,406955
1789561533000,760.0050048828125,760.0050048828125,760.0050048828125,760.0050048828125,0
1789561800000,760.1300048828125,760.219970703125,759.6699829101562,759.6900024414062,136752
1789561847000,760.1099853515625,760.1099853515625,760.1099853515625,760.1099853515625,0
1789562100000,759.7000122070312,759.8499755859375,759.7000122070312,759.7999877929688,31960
1789562165000,759.7899780273438,759.7899780273438,759.7899780273438,759.7899780273438,0
1789562400000,759.9000244140625,759.969970703125,759.8800048828125,759.9517822265625,28305
1789562480000,759.8507080078125,759.8507080078125,759.8507080078125,759.8507080078125,0
1789562700000,759.9199829101562,760.0900268554688,759.9199829101562,760.0900268554688,30158
1789562797000,760.1199951171875,760.1199951171875,760.1199951171875,760.1199951171875,0
1789563000000,760.094970703125,760.1500244140625,759.905029296875,759.905029296875,28060
1789563110000,759.8499755859375,759.8499755859375,759.8499755859375,759.8499755859375,0
1789563300000,759.8905029296875,760.010009765625,759.8800048828125,759.8900146484375,69942
1789563427000,759.9099731445312,759.9099731445312,759.9099731445312,759.9099731445312,0
1789563600000,759.7750244140625,759.7849731445312,759.405029296875,759.4349975585938,74550
1789563744000,759.4000244140625,759.4000244140625,759.4000244140625,759.4000244140625,0
1789563900000,759.4099731445312,759.5900268554688,759.3909912109375,759.5700073242188,233028
1789564200000,759.5700073242188,759.8099975585938,759.4299926757812,759.7349853515625,242043
1789564500000,759.72998046875,759.8400268554688,759.6699829101562,759.760009765625,149008
1789564800000,759.7550048828125,759.9199829101562,759.5399780273438,759.635009765625,243854
1789565100000,759.6400146484375,759.9400024414062,759.6345825195312,759.9299926757812,109475
1789565400000,759.9349975585938,760.0599975585938,759.6599731445312,759.7899780273438,310508
1789565700000,759.7999877929688,759.8900146484375,759.635009765625,759.635009765625,117300
1789566000000,759.630126953125,759.6400146484375,759.3150024414062,759.3400268554688,166791
1789566300000,759.3400268554688,759.760009765625,759.3400268554688,759.5499877929688,175389
1789566600000,759.5800170898438,759.8599853515625,759.5,759.7899780273438,189953
1789566616000,759.5599975585938,759.5599975585938,759.5599975585938,759.5599975585938,0
1789566900000,759.780029296875,760.260009765625,759.6599731445312,760.22998046875,244653
1789566930000,759.7694702148438,759.7694702148438,759.7694702148438,759.7694702148438,0
1789567200000,760.1815795898438,760.9788818359375,758.7750244140625,760.1900024414062,1803854
1789567250000,759.739990234375,759.739990234375,759.739990234375,759.739990234375,0
1789567500000,760.219970703125,760.5700073242188,760.1300048828125,760.4650268554688,98133
1789567566000,760.4400024414062,760.4400024414062,760.4400024414062,760.4400024414062,0
1789567800000,760.6900024414062,760.847900390625,760.1400146484375,760.3800048828125,152849
1789567882000,760.3499755859375,760.3499755859375,760.3499755859375,760.3499755859375,0
1789568100000,760,760.1199951171875,759.864990234375,759.89501953125,39528
1789568199000,759.9000244140625,759.9000244140625,759.9000244140625,759.9000244140625,0
1789568400000,759.9400024414062,759.9500122070312,759.6099853515625,759.77001953125,60263
1789568514000,759.9249877929688,759.9249877929688,759.9249877929688,759.9249877929688,0
1789568700000,759.844970703125,759.9849853515625,759.3800048828125,759.4849853515625,177968
1789568831000,759.4099731445312,759.4099731445312,759.4099731445312,759.4099731445312,0
1789569000000,759.6400146484375,759.8900146484375,758.63232421875,758.8195190429688,178445
1789569147000,758.239990234375,758.239990234375,758.239990234375,758.239990234375,0
1789569300000,757.6400146484375,757.6900024414062,756.0700073242188,756.114990234375,660036
1789569465000,756.280029296875,756.280029296875,756.280029296875,756.280029296875,0
1789569600000,757.8900146484375,760.2100219726562,757.7999877929688,759,967804
1789569900000,758.989990234375,759.5460205078125,758.7949829101562,759.1099243164062,161109
1789570003000,758.9600219726562,758.9600219726562,758.9600219726562,758.9600219726562,0
1789570200000,757.5850219726562,757.8300170898438,756.7249755859375,757.25,370528
1789570320000,757.14501953125,757.14501953125,757.14501953125,757.14501953125,0
1789570500000,755.1599731445312,755.760009765625,754.57373046875,754.6400146484375,539311
1789570635000,754.3599853515625,754.3599853515625,754.3599853515625,754.3599853515625,0
1789570800000,753.9000244140625,755.1799926757812,753.75,754.3900146484375,858760
1789570953000,754.2979736328125,754.2979736328125,754.2979736328125,754.2979736328125,0
1789571100000,754.7451782226562,754.77001953125,753.9400024414062,754.3499755859375,348421
1789571270000,754.1649780273438,754.1649780273438,754.1649780273438,754.1649780273438,0
1789571400000,753.2000122070312,753.3400268554688,751.5700073242188,751.72998046875,961492
1789571587000,751.8438110351562,751.8438110351562,751.8438110351562,751.8438110351562,0
1789571700000,751.3350219726562,752.1199951171875,751.0599975585938,751.1699829101562,1204494
1789571903000,751.240478515625,751.240478515625,751.240478515625,751.240478515625,0
1789572000000,750.9299926757812,751.3400268554688,750.1900024414062,750.25,978689
1789572219000,750.4600219726562,750.4600219726562,750.4600219726562,750.4600219726562,0
1789572300000,750.6900024414062,750.8599853515625,749.5999755859375,750.330078125,1001614
1789572537000,750.1690063476562,750.1690063476562,750.1690063476562,750.1690063476562,0
1789572600000,751.239990234375,752.3200073242188,751.1099853515625,752.0300903320312,1367228
1789572853000,752.0399780273438,752.0399780273438,752.0399780273438,752.0399780273438,0
1789572900000,752.5599975585938,752.6500244140625,751.469970703125,752.4249877929688,1295713
1789573200000,752.4299926757812,752.8200073242188,751.7750244140625,752.0900268554688,1597146
1789573500000,752.0900268554688,753.6500244140625,752.0399780273438,753.4600219726562,2400160
1789573800000,753.489990234375,754.22998046875,753.3499755859375,754.0850219726562,1896297
1789574100000,754.0599975585938,754.3699951171875,753.75,754.0700073242188,4148308
1789574400000,754.0499877929688,754.0499877929688,754.0499877929688,754.0499877929688,0
1789637400000,763.1500244140625,763.4099731445312,761.3699951171875,761.3699951171875,3515147
1789637700000,761.3699951171875,761.5499877929688,761.010009765625,761.125,968485
1789638000000,761.125,761.25,760.4000244140625,760.9299926757812,614507
1789638300000,760.9400024414062,762.760009765625,760.72998046875,761.3900146484375,785627
1789638600000,761.3900146484375,761.739990234375,761.0399780273438,761.0399780273438,625996
1789638900000,761.0599975585938,761.2694702148438,760.760009765625,761.25,300488
1789639200000,761.25,761.25,760.280029296875,760.60009765625,608076
1789639237000,760.75,760.75,760.75,760.75,0
1789639500000,760.6199951171875,760.64990234375,759.9600219726562,760.25,482355
1789639555000,760.4500122070312,760.4500122070312,760.4500122070312,760.4500122070312,0
1789639800000,760.219970703125,760.469970703125,760.1799926757812,760.4000244140625,74444
1789639870000,760.2899780273438,760.2899780273438,760.2899780273438,760.2899780273438,0
1789640100000,761.1400146484375,761.22998046875,761.0499877929688,761.0750122070312,112000
1789640187000,761.280029296875,761.280029296875,761.280029296875,761.280029296875,0
1789640400000,761.47998046875,761.5549926757812,761.27001953125,761.4149780273438,87569
1789640504000,761.6699829101562,761.6699829101562,761.6699829101562,761.6699829101562,0
1789640700000,761.969970703125,762.1099853515625,761.8499755859375,762.1099853515625,198409
1789640819000,762.1099853515625,762.1099853515625,762.1099853515625,762.1099853515625,0
1789641000000,761.6707763671875,761.989990234375,761.6201171875,761.7249755859375,147266
1789641135000,761.7449951171875,761.7449951171875,761.7449951171875,761.7449951171875,0
1789641300000,762,762.0599975585938,761.72998046875,761.844970703125,137678
1789641450000,761.8900146484375,761.8900146484375,761.8900146484375,761.8900146484375,0
1789641600000,761.6599731445312,762.1799926757812,761.6500244140625,762.1649780273438,107130
1789641767000,762.1300048828125,762.1300048828125,762.1300048828125,762.1300048828125,0
1789641900000,761.8900146484375,761.9299926757812,761.0999755859375,761.2000122070312,220992
1789642082000,761.219970703125,761.219970703125,761.219970703125,761.219970703125,0
1789642200000,761.25,761.280029296875,760.530029296875,760.6099853515625,342764
1789642500000,760.6182861328125,761.1099853515625,760.4400024414062,760.7849731445312,394055
1789642800000,760.7899780273438,761,760.5800170898438,760.6199951171875,364979
1789643100000,760.6199951171875,760.8699951171875,760.3599853515625,760.760009765625,820112
1789643400000,760.760009765625,761.239990234375,760.6500244140625,761.1400146484375,186568
1789643700000,761.1500244140625,761.5,760.9299926757812,761.4400024414062,267834
1789644000000,761.4500122070312,761.4600219726562,761.0700073242188,761.2899780273438,199427
1789644300000,761.2899780273438,761.72998046875,761.2849731445312,761.5700073242188,342459
1789644600000,761.5700073242188,761.7899780273438,761.4849853515625,761.719970703125,233126
1789644900000,761.75,762.0399780273438,761.7000122070312,762.0198974609375,225972
1789645200000,762.010009765625,762.52001953125,762,762.260009765625,341874
1789645500000,762.2650146484375,762.4199829101562,762.1900024414062,762.3300170898438,489394
1789645800000,762.3699951171875,762.4561767578125,762.0900268554688,762.3800048828125,233750
1789646100000,762.3900146484375,762.5599975585938,762.0700073242188,762.5399780273438,172695
1789646400000,762.5499877929688,762.6199951171875,762.3400268554688,762.3416748046875,145194
1789646700000,762.3400268554688,762.530029296875,762.0549926757812,762.47998046875,296146
1789647000000,762.47998046875,762.510009765625,762.1500244140625,762.2999877929688,176613
1789647300000,762.2999877929688,762.4099731445312,762.2000122070312,762.3099975585938,421441
1789647600000,762.2999877929688,762.5800170898438,762.22998046875,762.489990234375,161779
1789647900000,762.47998046875,762.6300048828125,762.4000244140625,762.530029296875,274693
1789648200000,762.510009765625,762.6524047851562,761.97998046875,762.0900268554688,217095
1789648500000,762.0999755859375,762.2999877929688,762.010009765625,762.2000122070312,193095
1789648800000,762.1900024414062,762.6199951171875,762.0999755859375,762.614990234375,189242
1789649100000,762.6400146484375,762.6599731445312,762.4099731445312,762.4400024414062,145688
1789649400000,762.4550170898438,762.5499877929688,762.3800048828125,762.4099731445312,155674
1789649700000,762.3900146484375,762.4600219726562,761.6099853515625,762.4550170898438,423421
1789650000000,762.4550170898438,762.739990234375,762.3101196289062,762.6400146484375,177102
1789650300000,762.6500244140625,762.7999267578125,762.3599853515625,762.4000244140625,126934
1789650600000,762.3900146484375,762.4299926757812,762.1799926757812,762.22998046875,447083
1789650900000,762.2449951171875,762.3300170898438,762.1099853515625,762.1799926757812,186496
1789651200000,762.1799926757812,762.239990234375,761.9500122070312,762.0399780273438,135467
1789651438000,762.1599731445312,762.1599731445312,762.1599731445312,762.1599731445312,0
1789651500000,761.9099731445312,762.0999755859375,761.8295288085938,761.989990234375,137568
1789651756000,761.9899291992188,761.9899291992188,761.9899291992188,761.9899291992188,0
1789651800000,762.0700073242188,762.1950073242188,761.9099731445312,762.1599731445312,137336
1789652071000,762.2081909179688,762.2081909179688,762.2081909179688,762.2081909179688,0
1789652100000,762.3099975585938,762.3800048828125,762.1699829101562,762.2349853515625,97153
1789652388000,762.260009765625,762.260009765625,762.260009765625,762.260009765625,0
1789652400000,762.239990234375,762.469970703125,762.239990234375,762.4299926757812,160491
1789652700000,762.4063720703125,762.6400146484375,762.3800048828125,762.4600219726562,148080
1789652702000,762.4066772460938,762.4066772460938,762.4066772460938,762.4066772460938,0
1789653000000,762.4500122070312,762.4500122070312,762.2899780273438,762.375,151142
1789653020000,762.4099731445312,762.4099731445312,762.4099731445312,762.4099731445312,0
1789653300000,762.375,762.6389770507812,762.375,762.6300048828125,236278
1789653335000,762.4550170898438,762.4550170898438,762.4550170898438,762.4550170898438,0
1789653600000,762.6199951171875,762.8099975585938,762.530029296875,762.7609252929688,308984
1789653651000,762.5499877929688,762.5499877929688,762.5499877929688,762.5499877929688,0
1789653900000,762.760009765625,762.8499755859375,762.72998046875,762.7849731445312,39504
1789653966000,762.8099975585938,762.8099975585938,762.8099975585938,762.8099975585938,0
1789654200000,762.5150146484375,762.5800170898438,762.4598999023438,762.5800170898438,24397
1789654283000,762.6199951171875,762.6199951171875,762.6199951171875,762.6199951171875,0
1789654500000,762.739990234375,762.9500122070312,762.6199951171875,762.8699951171875,269415
1789654800000,762.8699951171875,762.9199829101562,762.5399780273438,762.5900268554688,393178
1789655100000,762.5800170898438,762.8099975585938,762.510009765625,762.72998046875,185662
1789655400000,762.72998046875,762.8499755859375,762.469970703125,762.47998046875,317795
1789655700000,762.47998046875,762.510009765625,762.1699829101562,762.2100219726562,328013
1789656000000,762.2050170898438,762.390380859375,762.1400146484375,762.3499755859375,183792
1789656300000,762.3599853515625,762.6400146484375,762.2899780273438,762.4650268554688,315476
1789656600000,762.4650268554688,762.52001953125,762.1900024414062,762.3200073242188,255499
1789656900000,762.3104858398438,762.4500122070312,762.25,762.4099731445312,121902
1789657166000,762.4099731445312,762.4099731445312,762.4099731445312,762.4099731445312,0
1789657200000,762.4550170898438,762.8099975585938,762.4450073242188,762.7899780273438,251261
1789657486000,762.8599853515625,762.8599853515625,762.8599853515625,762.8599853515625,0
1789657500000,762.8599853515625,763.0599975585938,762.75,762.7849731445312,341074
1789657800000,762.7849731445312,762.7849731445312,762.7849731445312,762.7849731445312,0
1789658100000,762.760009765625,762.9400024414062,762.6699829101562,762.9000244140625,609577
1789658114000,762.7794799804688,762.7794799804688,762.7794799804688,762.7794799804688,0
1789658400000,762.905029296875,762.9099731445312,762.6099853515625,762.6400146484375,610322
1789658429000,762.889892578125,762.889892578125,762.889892578125,762.889892578125,0
1789658700000,762.6199951171875,762.77001953125,762.5499877929688,762.6099243164062,438780
1789658744000,762.7249755859375,762.7249755859375,762.7249755859375,762.7249755859375,0
1789659000000,762.5999755859375,762.8200073242188,762.5999755859375,762.8200073242188,71427
1789659058000,762.8099975585938,762.8099975585938,762.8099975585938,762.8099975585938,0
1789659300000,762.8400268554688,762.9299926757812,762.8200073242188,762.9099731445312,101605
1789659374000,762.969970703125,762.969970703125,762.969970703125,762.969970703125,0
1789659600000,762.97998046875,763.010009765625,762.8800048828125,762.885009765625,181608
1789659688000,762.9249877929688,762.9249877929688,762.9249877929688,762.9249877929688,0
1789659900000,763.1099853515625,763.1300048828125,762.9199829101562,763.00048828125,183635
1789660003000,762.9149780273438,762.9149780273438,762.9149780273438,762.9149780273438,0
1789660200000,762.8200073242188,763.5700073242188,762.7741088867188,763.1300048828125,1993886
1789660500000,763.1400146484375,763.27001953125,762.4299926757812,762.6799926757812,3030287
1789660800000,762.5999755859375,762.5999755859375,762.5999755859375,762.5999755859375,0
1789723800000,761.3800048828125,761.760009765625,760.9500122070312,761.510009765625,2380005
1789723995000,761.3599853515625,761.3599853515625,761.3599853515625,761.3599853515625,0
1789724100000,761.0599975585938,761.09619140625,760.5900268554688,761.0499877929688,2722575
1789724310000,761.1749877929688,761.1749877929688,761.1749877929688,761.1749877929688,0
1789724400000,760.9000244140625,761.4199829101562,760.8800048828125,761.10498046875,475504
1789724624000,761.0900268554688,761.0900268554688,761.0900268554688,761.0900268554688,0
1789724700000,760.9199829101562,761.3400268554688,760.72998046875,760.7449951171875,364321
1789724939000,760.5999755859375,760.5999755859375,760.5999755859375,760.5999755859375,0
1789725000000,760.47998046875,760.530029296875,760.1400146484375,760.2349853515625,401629
1789725253000,760.2050170898438,760.2050170898438,760.2050170898438,760.2050170898438,0
1789725300000,759.9249877929688,760.1199951171875,759.7000122070312,759.75,638886
1789725568000,759.6099853515625,759.6099853515625,759.6099853515625,759.6099853515625,0
1789725600000,759.7100219726562,760.969970703125,758.969970703125,759.0189819335938,634953
1789725882000,759.0399780273438,759.0399780273438,759.0399780273438,759.0399780273438,0
1789725900000,759.0800170898438,759.4400024414062,758.8499755859375,759.4246215820312,638498
1789726200000,759.4299926757812,759.9099731445312,759.1799926757812,759.2100219726562,562261
1789726500000,759.219970703125,759.3699951171875,758.75,759.3693237304688,492519
1789726800000,759.3499755859375,759.6199951171875,759.1099853515625,759.1599731445312,403452
1789727100000,759.1699829101562,759.64501953125,759.0800170898438,759.3399047851562,327893
1789727400000,759.3200073242188,759.4400024414062,759.0700073242188,759.2249755859375,249950
1789727700000,759.25,759.760009765625,758.97998046875,759.4949951171875,313569
1789728000000,759.489990234375,759.52001953125,758.8499755859375,758.989990234375,414973
1789728300000,759,759.52001953125,758.8699951171875,759.4299926757812,383226
1789728600000,759.4600219726562,759.9600219726562,759.3200073242188,759.8200073242188,371603
1789728900000,759.8400268554688,759.9500122070312,759.6199951171875,759.9299926757812,354064
1789729200000,759.9500122070312,760,759.4199829101562,759.6799926757812,256803
1789729500000,759.6799926757812,760.0408935546875,759.6300048828125,759.75,173511
1789729800000,759.760009765625,759.9500122070312,759.5,759.5599975585938,248259
1789730100000,759.5800170898438,759.7999877929688,759.4500122070312,759.780029296875,9145723
1789730400000,759.760009765625,759.875,759.6400146484375,759.8099975585938,4128232
1789730700000,759.7999877929688,760.0598754882812,759.77001953125,759.97998046875,193656
1789731000000,759.969970703125,760.0700073242188,759.5,759.780029296875,303376
1789731300000,759.780029296875,759.8900146484375,759.22998046875,759.2899780273438,271002
1789731600000,759.27001953125,759.3900146484375,759.10498046875,759.2949829101562,217011
1789731900000,759.2999877929688,759.3900146484375,759.0900268554688,759.1400146484375,370393
1789732200000,759.1400146484375,759.3300170898438,758.9000244140625,758.9450073242188,180856
1789732500000,758.9600219726562,759.2000122070312,758.8499755859375,759,332597
1789732800000,758.989990234375,759.010009765625,758.6799926757812,758.8400268554688,181559
1789733100000,758.8400268554688,759.2276000976562,758.7899780273438,759.14501953125,451937
1789733400000,759.1500244140625,759.2000122070312,758.9500122070312,759.010009765625,300229
1789733700000,759.030029296875,759.1738891601562,758.8800048828125,759.0900268554688,139517
1789734000000,759.0900268554688,759.0999755859375,758.2100219726562,758.2698974609375,216278
1789734300000,758.25,758.9149780273438,757.9710083007812,758.780029296875,894725
1789734600000,758.760009765625,759.2999877929688,758.5700073242188,759.1099853515625,241486
1789734900000,759.1500244140625,759.25,758.8200073242188,758.9600219726562,214040
1789735200000,758.969970703125,759.27001953125,758.8405151367188,759.0850219726562,127089
1789735500000,759.0900268554688,759.1900024414062,758.780029296875,759.1699829101562,160383
1789735800000,759.1599731445312,759.260009765625,759.1599731445312,759.1900024414062,24318
1789735911000,759.2999877929688,759.2999877929688,759.2999877929688,759.2999877929688,0
1789736100000,759.4600219726562,759.47998046875,759.3499755859375,759.39501953125,39686
1789736229000,759.4349975585938,759.4349975585938,759.4349975585938,759.4349975585938,0
1789736400000,759.39501953125,759.39501953125,759.1799926757812,759.280029296875,43338
1789736537000,759.282470703125,759.282470703125,759.282470703125,759.282470703125,0
1789736700000,759.35498046875,759.5299072265625,759.3499755859375,759.4100952148438,44133
1789736851000,759.459716796875,759.459716796875,759.459716796875,759.459716796875,0
1789737000000,759.3200073242188,759.330078125,759.1300048828125,759.1900024414062,119539
1789737170000,759.0700073242188,759.0700073242188,759.0700073242188,759.0700073242188,0
1789737300000,759.3099975585938,759.469970703125,759.260009765625,759.469970703125,81429
1789737485000,759.4400024414062,759.4400024414062,759.4400024414062,759.4400024414062,0
1789737600000,759.3699951171875,759.4400024414062,759.27001953125,759.4400024414062,4590151
1789737801000,759.469970703125,759.469970703125,759.469970703125,759.469970703125,0
1789737900000,759.489990234375,759.5700073242188,759.4500122070312,759.5399780273438,63168
1789738115000,759.530029296875,759.530029296875,759.530029296875,759.530029296875,0
1789738200000,759.405029296875,759.4299926757812,759.260009765625,759.3300170898438,70036
1789738428000,759.3001098632812,759.3001098632812,759.3001098632812,759.3001098632812,0
1789738500000,759.4299926757812,759.75,759.4299926757812,759.6500244140625,229615
1789738744000,759.6400146484375,759.6400146484375,759.6400146484375,759.6400146484375,0
1789738800000,759.697998046875,759.780029296875,759.5601196289062,759.760986328125,154541
1789739100000,759.780029296875,759.7999877929688,759.6199951171875,759.6500244140625,191503
1789739400000,759.6500244140625,759.8599853515625,759.6500244140625,759.7949829101562,174154
1789739700000,759.7899780273438,759.9000244140625,759.719970703125,759.8300170898438,119254
1789740000000,759.8300170898438,759.9650268554688,759.6799926757812,759.8909301757812,325507
1789740300000,759.89501953125,759.9400024414062,759.739990234375,759.7899780273438,215787
1789740600000,759.7999877929688,759.8499755859375,759.6599731445312,759.7999877929688,105620
1789740806000,759.780029296875,759.780029296875,759.780029296875,759.780029296875,0
1789740900000,759.7899780273438,759.9891967773438,759.7899780273438,759.8900146484375,221624
1789741128000,759.969970703125,759.969970703125,759.969970703125,759.969970703125,0
1789741200000,760.0905151367188,760.6099853515625,760.0800170898438,760.3800048828125,478320
1789741445000,760.344970703125,760.344970703125,760.344970703125,760.344970703125,0
1789741500000,760.3250122070312,760.4099731445312,760.2105712890625,760.27001953125,164478
1789741765000,760.4099731445312,760.4099731445312,760.4099731445312,760.4099731445312,0
1789741800000,760.4819946289062,760.5,760.260009765625,760.4000244140625,203558
1789742083000,760.4299926757812,760.4299926757812,760.4299926757812,760.4299926757812,0
1789742100000,760.510986328125,760.5250244140625,760.2338256835938,760.3599853515625,208369
1789742400000,760.3621826171875,760.3621826171875,760.3621826171875,760.3621826171875,0
1789742700000,760.5499877929688,761.4799194335938,760.5499877929688,761.27001953125,766670
1789742718000,760.6400146484375,760.6400146484375,760.6400146484375,760.6400146484375,0
1789743000000,761.2899780273438,761.8300170898438,761.1900024414062,761.4849853515625,424737
1789743038000,761.3099975585938,761.3099975585938,761.3099975585938,761.3099975585938,0
1789743300000,761.4874877929688,761.5,761.1699829101562,761.22998046875,227348
1789743354000,761.3300170898438,761.3300170898438,761.3300170898438,761.3300170898438,0
1789743600000,761.260009765625,761.3400268554688,761.1799926757812,761.3099975585938,31589
1789743676000,761.22998046875,761.22998046875,761.22998046875,761.22998046875,0
1789743900000,761.3300170898438,761.469970703125,761.0900268554688,761.2150268554688,214077
1789744200000,761.219970703125,761.3900146484375,761.0599975585938,761.1849975585938,389513
1789744500000,761.1900024414062,761.2349853515625,761.0200805664062,761.1699829101562,309361
1789744800000,761.1699829101562,761.27001953125,761.0197143554688,761.0800170898438,307581
1789745100000,761.0800170898438,761.1300048828125,760.8350219726562,760.8599853515625,266464
1789745400000,760.8699951171875,760.9199829101562,760.6900024414062,760.7000122070312,594231
1789745700000,760.7100219726562,761.219970703125,760.6799926757812,761.1699829101562,551694
1789746000000,761.1749877929688,761.4400024414062,761.041015625,761.4299926757812,637100
1789746300000,761.4249877929688,761.6599731445312,761.2999877929688,761.6500244140625,917750
1789746600000,761.6400146484375,761.7899780273438,761.1799926757812,761.4099731445312,1686788
1789746900000,761.4099731445312,762,761.3900146484375,761.6300048828125,4095457
1789747200000,761.6900024414062,761.6900024414062,761.6900024414062,761.6900024414062,0
1789983000000,766.3099975585938,766.6500244140625,766.030029296875,766.4349975585938,2562719
1789983300000,766.4299926757812,766.72998046875,766.3599853515625,766.6649780273438,759209
1789983307000,766.4500122070312,766.4500122070312,766.4500122070312,766.4500122070312,0
1789983600000,766.6701049804688,766.85498046875,766.47998046875,766.85498046875,401016
1789983625000,766.7005004882812,766.7005004882812,766.7005004882812,766.7005004882812,0
1789983900000,766.8800048828125,767.14501953125,766.530029296875,767,545441
1789983941000,767.0599975585938,767.0599975585938,767.0599975585938,767.0599975585938,0
1789984200000,767.0001220703125,767.5499267578125,766.969970703125,767.52001953125,542222
1789984257000,767.0399780273438,767.0399780273438,767.0399780273438,767.0399780273438,0
1789984500000,767.4949951171875,767.4949951171875,767.3400268554688,767.4099731445312,131477
1789984573000,767.3499755859375,767.3499755859375,767.3499755859375,767.3499755859375,0
1789984800000,767.6849975585938,767.7000122070312,766.8599853515625,767.5800170898438,125802
1789984888000,767.64501953125,767.64501953125,767.64501953125,767.64501953125,0
1789985100000,767.4801025390625,767.510009765625,767.1099853515625,767.1900024414062,94700
1789985204000,767.2050170898438,767.2050170898438,767.2050170898438,767.2050170898438,0
1789985400000,767.385009765625,767.6599731445312,767.385009765625,767.5399780273438,131401
1789985521000,767.5250244140625,767.5250244140625,767.5250244140625,767.5250244140625,0
1789985700000,767.7999877929688,768.3200073242188,767.7999877929688,768.2750244140625,200819
1789985836000,768.2999877929688,768.2999877929688,768.2999877929688,768.2999877929688,0
1789986000000,768.4299926757812,768.8499755859375,768.27001953125,768.8400268554688,274658
1789986152000,768.9199829101562,768.9199829101562,768.9199829101562,768.9199829101562,0
1789986300000,769.030029296875,769.2899780273438,768.9400024414062,769.0333251953125,1821319
1789986600000,769.0150146484375,769.3599853515625,768.8800048828125,769.1699829101562,987673
1789986900000,769.1599731445312,769.5499877929688,769.1400146484375,769.27001953125,484629
1789987200000,769.280029296875,769.52001953125,768.8800048828125,768.989990234375,556513
1789987500000,768.989990234375,769.3099975585938,768.72998046875,768.9949951171875,532921
1789987800000,768.989990234375,769.219970703125,768.8699951171875,769.1699829101562,384601
1789988100000,769.1900024414062,769.4400024414062,768.989990234375,769.219970703125,534444
1789988400000,769.219970703125,769.5399780273438,769.114990234375,769.530029296875,452959
1789988700000,769.530029296875,769.6300048828125,769.3499755859375,769.5499877929688,265080
1789989000000,769.5599975585938,769.8200073242188,769.3900146484375,769.7999877929688,289428
1789989300000,769.8099975585938,770.1799926757812,769.8099975585938,770.1500244140625,264603
1789989600000,770.1500244140625,770.1699829101562,769.8900146484375,769.9349975585938,296189
1789989900000,769.9299926757812,770.0800170898438,769.8200073242188,769.8599853515625,257931
1789990200000,769.8699951171875,770,769.8499755859375,769.9199829101562,87391
1789990333000,769.989990234375,769.989990234375,769.989990234375,769.989990234375,0
1789990500000,769.8800048828125,770.2000122070312,769.8699951171875,770.1400146484375,108393
1789990650000,770.1900024414062,770.1900024414062,770.1900024414062,770.1900024414062,0
1789990800000,770.5,770.5399780273438,770.3699951171875,770.4600219726562,107239
1789990964000,770.4099731445312,770.4099731445312,770.4099731445312,770.4099731445312,0
1789991100000,770.719970703125,771.1900024414062,770.719970703125,771.1699829101562,296504
1789991280000,771.173095703125,771.173095703125,771.173095703125,771.173095703125,0
1789991400000,770.9600219726562,771.3599853515625,770.8200073242188,770.8300170898438,312332
1789991591000,770.9000244140625,770.9000244140625,770.9000244140625,770.9000244140625,0
1789991700000,770.6900024414062,770.7899780273438,770.5349731445312,770.6199951171875,635964
1789991907000,770.5750122070312,770.5750122070312,770.5750122070312,770.5750122070312,0
1789992000000,770.7349853515625,770.8900146484375,770.5189819335938,770.8900146484375,261248
1789992223000,770.9749755859375,770.9749755859375,770.9749755859375,770.9749755859375,0
1789992300000,771.0599975585938,771.52001953125,770.869873046875,771.260009765625,339115
1789992537000,771.3499755859375,771.3499755859375,771.3499755859375,771.3499755859375,0
1789992600000,771.6699829101562,771.8400268554688,771.489990234375,771.489990234375,306837
1789992852000,771.4400024414062,771.4400024414062,771.4400024414062,771.4400024414062,0
1789992900000,771.5999755859375,771.7999877929688,771.4299926757812,771.4949951171875,237690
1789993166000,771.5900268554688,771.5900268554688,771.5900268554688,771.5900268554688,0
1789993200000,771.6099243164062,771.719970703125,771.4498901367188,771.655029296875,271569
1789993500000,771.6599731445312,772.0399780273438,771.6099853515625,771.8200073242188,274803
1789993800000,771.8400268554688,772.6500244140625,771.8099975585938,772.4099731445312,430219
1789994100000,772.4199829101562,772.5399780273438,771.880126953125,771.8900146484375,364010
1789994400000,771.9000244140625,772.1599731445312,771.7999877929688,772,415638
1789994700000,772,772.3300170898438,772,772.22998046875,221095
1789995000000,772.25,772.3400268554688,771.97998046875,772.155029296875,231562
1789995300000,772.1599731445312,772.3400268554688,772.0499877929688,772.3200073242188,227082
1789995600000,772.3400268554688,772.5,772.1900024414062,772.2650146484375,216620
1789995900000,772.27001953125,772.52001953125,772.27001953125,772.3800048828125,200932
1789996200000,772.3900146484375,772.9000244140625,772.35498046875,772.8200073242188,1232387
1789996500000,772.8099975585938,772.969970703125,772.6199951171875,772.8400268554688,311582
1789996800000,772.85498046875,772.97998046875,772.52001953125,772.5900268554688,306108
1789997100000,772.5999755859375,772.8049926757812,772.4199829101562,772.8049926757812,402600
1789997400000,772.8200073242188,772.8400268554688,772.3200073242188,772.364990234375,297855
1789997700000,772.3699951171875,772.5399780273438,772.25,772.2849731445312,273997
1789998000000,772.2899780273438,772.9099731445312,772.239990234375,772.8699951171875,790070
1789998300000,772.8800048828125,773.1699829101562,772.719970703125,772.7899780273438,454483
1789998600000,772.7899780273438,773.0399780273438,772.75,772.9400024414062,179615
1789998900000,772.9400024414062,772.969970703125,772.7349853515625,772.89501953125,337611
1789999200000,772.9000244140625,773.2000122070312,772.9000244140625,773.1799926757812,283368
1789999500000,773.2000122070312,773.3599853515625,773.131103515625,773.1799926757812,207317
1789999800000,773.1799926757812,773.4000244140625,773.094970703125,773.2650146484375,340632
1790000100000,773.2700805664062,773.4199829101562,773.1699829101562,773.3300170898438,298810
1790000400000,773.3300170898438,773.8400268554688,773.2999877929688,773.8400268554688,265782
1790000690000,773.8200073242188,773.8200073242188,773.8200073242188,773.8200073242188,0
1790000700000,773.8200073242188,773.989990234375,773.719970703125,773.85498046875,396320
1790001000000,773.8599853515625,773.97998046875,773.5850219726562,773.719970703125,416749
1790001005000,773.8499755859375,773.8499755859375,773.8499755859375,773.8499755859375,0
1790001300000,773.72998046875,773.9400024414062,773.5999755859375,773.9099731445312,300907
1790001319000,773.8200073242188,773.8200073242188,773.8200073242188,773.8200073242188,0
1790001600000,773.9199829101562,774.1400146484375,773.8599853515625,774.1199951171875,553627
1790001632000,773.9199829101562,773.9199829101562,773.9199829101562,773.9199829101562,0
1790001900000,774.1400146484375,774.3599853515625,774.0650024414062,774.3499755859375,578698
1790001947000,774.25,774.25,774.25,774.25,0
1790002200000,774.344970703125,774.5599975585938,774.344970703125,774.4400024414062,112384
1790002260000,774.4299926757812,774.4299926757812,774.4299926757812,774.4299926757812,0
1790002500000,774.4600219726562,774.5399780273438,774.3800048828125,774.4000244140625,176991
1790002574000,774.385009765625,774.385009765625,774.385009765625,774.385009765625,0
1790002800000,774.3099975585938,774.47998046875,774.22998046875,774.239990234375,69822
1790002886000,774.3300170898438,774.3300170898438,774.3300170898438,774.3300170898438,0
1790003100000,774.1599731445312,774.1599731445312,774.04052734375,774.04052734375,75636
1790003202000,774.0549926757812,774.0549926757812,774.0549926757812,774.0549926757812,0
1790003400000,774.1900024414062,774.1900024414062,773.9650268554688,774.0499877929688,74361
1790003516000,774.1799926757812,774.1799926757812,774.1799926757812,774.1799926757812,0
1790003700000,774.4500122070312,774.4650268554688,774.25,774.3699951171875,515664
1790004000000,774.3599853515625,774.3900146484375,774.0800170898438,774.0999755859375,454545
1790004300000,774.10498046875,774.3200073242188,774.02001953125,774.0999755859375,709873
1790004600000,774.0999755859375,774.5499877929688,774.0599975585938,774.489990234375,911127
1790004900000,774.489990234375,774.8900146484375,774.4199829101562,774.77001953125,977491
1790005200000,774.77001953125,774.8300170898438,774.2899780273438,774.4550170898438,738216
1790005500000,774.4500122070312,774.5499877929688,774.0999755859375,774.219970703125,1068670
1790005800000,774.2100219726562,774.2100219726562,773.6900024414062,773.7000122070312,1508177
1790006100000,773.719970703125,773.9199829101562,773.4099731445312,773.530029296875,3004774
1790006112000,773.6749877929688,773.6749877929688,773.6749877929688,773.6749877929688,0
1790006400000,773.510009765625,773.510009765625,773.510009765625,773.510009765625,0
1790069400000,774.030029296875,775.02001953125,773.8900146484375,774.7999877929688,1437379
1790069700000,774.8099975585938,775.1400146484375,774.6400146484375,774.9600219726562,594582
1790070000000,774.9600219726562,774.9600219726562,774.4000244140625,774.6099853515625,435412
1790070300000,774.5999755859375,774.6199951171875,773.9238891601562,774,212172
1790070523000,774.0700073242188,774.0700073242188,774.0700073242188,774.0700073242188,0
1790070600000,774.271728515625,774.4199829101562,774.1400146484375,774.2100830078125,162594
1790070835000,774.1199951171875,774.1199951171875,774.1199951171875,774.1199951171875,0
1790070900000,774.0673217773438,774.0999755859375,773.6500244140625,773.9110107421875,345124
1790071151000,773.8599853515625,773.8599853515625,773.8599853515625,773.8599853515625,0
1790071200000,773.8250122070312,774.5499877929688,773.77001953125,774.0800170898438,264974
1790071466000,774.0750122070312,774.0750122070312,774.0750122070312,774.0750122070312,0
1790071500000,774.0800170898438,774.1699829101562,773.8400268554688,773.8800048828125,168540
1790071778000,773.8599853515625,773.8599853515625,773.8599853515625,773.8599853515625,0
1790071800000,773.7899780273438,774.9099731445312,773.7899780273438,774.4149780273438,377429
1790072092000,774.2899780273438,774.2899780273438,774.2899780273438,774.2899780273438,0
1790072100000,774.3400268554688,774.4500122070312,773.5499877929688,773.8300170898438,423765
1790072400000,773.8206176757812,773.9650268554688,773.5999755859375,773.75,324605
1790072406000,773.8300170898438,773.8300170898438,773.8300170898438,773.8300170898438,0
1790072700000,773.72998046875,773.8599853515625,773.5,773.5399169921875,780118
1790072721000,773.7249755859375,773.7249755859375,773.7249755859375,773.7249755859375,0
1790073000000,773.530029296875,774.0599975585938,773.5,773.72998046875,245293
1790073035000,773.5999755859375,773.5999755859375,773.5999755859375,773.5999755859375,0
1790073300000,773.72998046875,774.4199829101562,773.27001953125,773.47998046875,474569
1790073350000,773.3499755859375,773.3499755859375,773.3499755859375,773.3499755859375,0
1790073600000,773.5,773.5599975585938,773.0050048828125,773.27001953125,508993
1790073900000,773.27001953125,773.697998046875,772.969970703125,773.6900024414062,384703
1790074200000,773.6787109375,773.8699951171875,773.2999877929688,773.5399780273438,175541
1790074500000,773.5499877929688,773.739990234375,773.260009765625,773.4099731445312,136926
1790074800000,773.3800048828125,773.7000122070312,773.3200073242188,773.5,177857
1790075100000,773.510009765625,773.7899780273438,773.33642578125,773.3699951171875,2478764
1790075400000,773.364990234375,773.5999755859375,773.1799926757812,773.5599975585938,224377
1790075700000,773.5615234375,773.7100219726562,773.3900146484375,773.5349731445312,171833
1790076000000,773.52001953125,773.6500244140625,773.3900146484375,773.47998046875,146210
1790076300000,773.4749755859375,773.7100219726562,773.2899780273438,773.3499755859375,713166
1790076600000,773.3400268554688,773.3400268554688,772.9099731445312,772.97998046875,238240
1790076900000,772.97998046875,773.010009765625,772.6500244140625,772.7598876953125,296825
1790077200000,772.7061157226562,772.9099731445312,772.5700073242188,772.8300170898438,278113
1790077500000,772.8300170898438,773.1099853515625,772.75,772.9400024414062,249288
1790077800000,772.9000244140625,772.9876708984375,772.7899780273438,772.8200073242188,148513
1790078100000,772.8099975585938,773.0499877929688,772.6500244140625,773.0349731445312,153375
1790078400000,773.0349731445312,773.2349853515625,772.875,773.030029296875,168187
1790078700000,773.02001953125,773.4000244140625,772.8809814453125,773.27001953125,235289
1790079000000,773.27001953125,773.3800048828125,773.1799926757812,773.3599853515625,144002
1790079300000,773.3790283203125,773.3790283203125,773.030029296875,773.0700073242188,163681
1790079600000,773.0645751953125,773.2100219726562,772.72998046875,772.760009765625,227071
1790079900000,772.75,772.9400024414062,772.6900024414062,772.9199829101562,247919
1790080200000,772.9099731445312,773.25,772.8800048828125,773.219970703125,146149
1790080500000,773.2449951171875,773.2449951171875,772.8400268554688,773.030029296875,115565
1790080800000,773.030029296875,773.0599975585938,772.7899780273438,773.0499877929688,143652
1790081100000,773.0599975585938,773.7100219726562,773.010009765625,773.6500244140625,314222
1790081400000,773.6500244140625,773.719970703125,773.4500122070312,773.52001953125,376157
1790081700000,773.5275268554688,773.6300048828125,773.3699951171875,773.5800170898438,122634
1790082000000,773.5700073242188,773.6400146484375,773.3300170898438,773.3300170898438,104811
1790082300000,773.3300170898438,773.6599731445312,773.2550048828125,773.3699951171875,225329
1790082600000,773.3800048828125,773.4500122070312,773.22998046875,773.2899780273438,324520
1790082900000,773.3099975585938,773.3400268554688,773.1699829101562,773.25,107677
1790083200000,773.27001953125,773.27001953125,773.0900268554688,773.2000122070312,134562
1790083500000,773.2000122070312,773.4199829101562,773.1599731445312,773.4199829101562,64888
1790083720000,773.4500122070312,773.4500122070312,773.4500122070312,773.4500122070312,0
1790083800000,773.5499877929688,773.5770263671875,773.340087890625,773.3499755859375,63293
1790084034000,773.3699951171875,773.3699951171875,773.3699951171875,773.3699951171875,0
1790084100000,773.3599853515625,773.4000244140625,773.239990234375,773.27001953125,82518
1790084353000,773.219970703125,773.219970703125,773.219970703125,773.219970703125,0
1790084400000,773.2000122070312,773.4400024414062,773.0999755859375,773.4400024414062,92881
1790084667000,773.458984375,773.458984375,773.458984375,773.458984375,0
1790084700000,773.5,773.5900268554688,773.3499755859375,773.4299926757812,387374
1790084985000,773.4299926757812,773.4299926757812,773.4299926757812,773.4299926757812,0
1790085000000,773.4600219726562,774.25,773.3599853515625,774.1099853515625,506702
1790085298000,774.1099853515625,774.1099853515625,774.1099853515625,774.1099853515625,0
1790085300000,774.0999755859375,774.22998046875,773.969970703125,774.0999755859375,199942
1790085600000,774.1199951171875,774.1900024414062,773.719970703125,773.9199829101562,406367
1790085615000,774.1300048828125,774.1300048828125,774.1300048828125,774.1300048828125,0
1790085900000,773.9199829101562,774.1300048828125,773.8699951171875,774.1199951171875,143491
1790085929000,773.989990234375,773.989990234375,773.989990234375,773.989990234375,0
1790086200000,774.114990234375,774.1599731445312,773.9000244140625,773.9500122070312,210068
1790086246000,774.1400146484375,774.1400146484375,774.1400146484375,774.1400146484375,0
1790086500000,773.9500122070312,774.0599975585938,773.9500122070312,774.030029296875,40071
1790086560000,774.030029296875,774.030029296875,774.030029296875,774.030029296875,0
1790086800000,774.0549926757812,774.4099731445312,774.0399780273438,774.2899780273438,277095
1790087100000,774.280029296875,774.3400268554688,774.1199951171875,774.135009765625,137554
1790087400000,774.1400146484375,774.25,774.010009765625,774.0289916992188,262177
1790087700000,774.0700073242188,774.0800170898438,773.719970703125,773.9000244140625,421116
1790088000000,773.9099731445312,773.9099731445312,773.9099731445312,773.9099731445312,0
1790088300000,774.1300048828125,774.2100219726562,774.0700073242188,774.1599731445312,136519
1790088319000,774.1599731445312,774.1599731445312,774.1599731445312,774.1599731445312,0
1790088600000,774.1500244140625,774.1799926757812,774.030029296875,774.0700073242188,140695
1790088633000,774.0700073242188,774.0700073242188,774.0700073242188,774.0700073242188,0
1790088900000,774.0650024414062,774.0700073242188,773.6799926757812,773.760009765625,195361
1790088948000,774.030029296875,774.030029296875,774.030029296875,774.030029296875,0
1790089200000,773.77001953125,773.8599853515625,773.77001953125,773.8209838867188,44703
1790089262000,773.8300170898438,773.8300170898438,773.8300170898438,773.8300170898438,0
1790089500000,773.885009765625,773.8900146484375,773.8300170898438,773.8599853515625,53260
1790089579000,773.9149780273438,773.9149780273438,773.9149780273438,773.9149780273438,0
1790089800000,773.9000244140625,773.989990234375,773.8699951171875,773.9500122070312,34357
1790089893000,773.989990234375,773.989990234375,773.989990234375,773.989990234375,0
1790090100000,774.0549926757812,774.0999755859375,774.010009765625,774.0499877929688,40947
1790090209000,774.169921875,774.169921875,774.169921875,774.169921875,0
1790090400000,774.280029296875,774.280029296875,774.1441040039062,774.1901245117188,124424
1790090524000,774.1900024414062,774.1900024414062,774.1900024414062,774.1900024414062,0
1790090700000,774.22998046875,774.489990234375,774.2100219726562,774.4299926757812,158079
1790090841000,774.4000244140625,774.4000244140625,774.4000244140625,774.4000244140625,0
1790091000000,774.3800048828125,774.8800048828125,774.3099975585938,774.8599853515625,581466
1790091300000,774.8599853515625,774.9400024414062,774.7000122070312,774.8200073242188,865274
1790091600000,774.8300170898438,774.8499755859375,774.25,774.4500122070312,621379
1790091900000,774.469970703125,774.75,774.469970703125,774.72998046875,445184
1790092200000,774.72998046875,774.9000244140625,774.3499755859375,774.3599853515625,999641
1790092500000,774.3599853515625,774.3599853515625,773.2979736328125,773.4400024414062,1885115
1790092800000,773.3800048828125,773.3800048828125,773.3800048828125,773.3800048828125,0
1790155800000,772.7899780273438,773.0499877929688,772.4400024414062,772.4500122070312,1176853
1790156100000,772.4299926757812,772.4400024414062,772.0399780273438,772.1599731445312,436338
1790156400000,772.155029296875,772.25,771.8900146484375,771.9149780273438,272065
1790156700000,771.9000244140625,772.6099853515625,771,771.1500244140625,445574
1790157000000,771.1099853515625,771.2999877929688,770.6900024414062,770.75,426039
1790157300000,770.739990234375,770.9099731445312,770.4600219726562,770.7949829101562,1152189
1790157585000,770.655029296875,770.655029296875,770.655029296875,770.655029296875,0
1790157600000,770.6799926757812,771.8699951171875,770.3599853515625,770.469970703125,417012
1790157900000,770.489990234375,770.5753173828125,769.9199829101562,769.9949951171875,480951
1790157901000,770.530029296875,770.530029296875,770.530029296875,770.530029296875,0
1790158200000,770.010009765625,770.0999755859375,769.2799072265625,769.6099853515625,852903
1790158221000,770,770,770,770,0
1790158500000,769.5999755859375,769.899169921875,769.0999755859375,769.139892578125,569741
1790158536000,769.8400268554688,769.8400268554688,769.8400268554688,769.8400268554688,0
1790158800000,769.1099853515625,769.3400268554688,768.5,768.864990234375,587138
1790158851000,769.25,769.25,769.25,769.25,0
1790159100000,768.8599853515625,769.010009765625,768.5499877929688,768.719970703125,153581
1790159166000,768.7150268554688,768.7150268554688,768.7150268554688,768.7150268554688,0
1790159400000,768.8599853515625,769.27001953125,768.8599853515625,769.0399780273438,120973
1790159481000,769.094970703125,769.094970703125,769.094970703125,769.094970703125,0
1790159700000,769.4038696289062,769.844970703125,769.375,769.776611328125,155405
1790159795000,769.655029296875,769.655029296875,769.655029296875,769.655029296875,0
1790160000000,768.8599853515625,769.1599731445312,768.6799926757812,769.1599731445312,148003
1790160112000,769.0999755859375,769.0999755859375,769.0999755859375,769.0999755859375,0
1790160300000,769.1699829101562,769.344970703125,769.0399780273438,769.27001953125,153257
1790160425000,769.2100219726562,769.2100219726562,769.2100219726562,769.2100219726562,0
1790160600000,769.22998046875,770.5999755859375,768.8577270507812,770.3800048828125,905085
1790160900000,770.3699951171875,770.489990234375,769.8499755859375,770.25,440803
1790161200000,770.239990234375,770.27001953125,769.5700073242188,769.8275756835938,344267
1790161500000,769.8300170898438,770.02001953125,769.5800170898438,769.9299926757812,186259
1790161800000,769.9600219726562,770.010009765625,769.5900268554688,769.6400146484375,265810
1790162100000,769.6400146484375,769.8250122070312,769.3200073242188,769.6400146484375,159950
1790162400000,769.60302734375,769.9600219726562,769.469970703125,769.8800048828125,156742
1790162700000,769.875,769.989990234375,768.9450073242188,769.02001953125,251947
1790163000000,769.02001953125,769.0999755859375,768.8300170898438,768.9500122070312,231834
1790163300000,768.9199829101562,769.0800170898438,768.77001953125,768.9400024414062,297277
1790163600000,768.9400024414062,769.27001953125,768.6500244140625,769.1900024414062,395245
1790163900000,769.1900024414062,769.25,768.4500122070312,768.5100708007812,269696
1790164200000,768.510009765625,768.719970703125,768.22998046875,768.719970703125,420294
1790164500000,768.7205200195312,768.8599853515625,768.5341796875,768.6300048828125,198899
1790164800000,768.6300048828125,768.6300048828125,768.25,768.4099731445312,194390
1790165100000,768.4099731445312,768.6649780273438,768.2800903320312,768.489990234375,245723
1790165400000,768.489990234375,768.7000122070312,768.4099731445312,768.6199951171875,165728
1790165700000,768.5800170898438,768.739990234375,768.1599731445312,768.375,291282
1790166000000,768.3699951171875,768.409912109375,768.1400146484375,768.3800048828125,188452
1790166300000,768.3800048828125,768.47998046875,768.2316284179688,768.4199829101562,270968
1790166600000,768.4099731445312,768.72998046875,768.3800048828125,768.4299926757812,291845
1790166900000,768.4199829101562,768.530029296875,768.1900024414062,768.2999877929688,192644
1790167200000,768.2999877929688,768.3040161132812,767.7999877929688,767.7999877929688,254074
1790167500000,767.8099975585938,768.0700073242188,767.5250244140625,767.5700073242188,283437
1790167800000,767.5800170898438,767.5900268554688,767.02001953125,767.0599975585938,320782
1790168100000,767.030029296875,767.5250244140625,767.02001953125,767.4199829101562,383425
1790168400000,767.4099731445312,767.7000122070312,766.5,766.739990234375,446300
1790168700000,766.739990234375,767.1900024414062,766.5900268554688,767.1190185546875,371334
1790169000000,767.1199951171875,767.260009765625,766.8200073242188,767.1099853515625,248070
1790169300000,767.0999755859375,767.9199829101562,766.9400024414062,767.875,208610
1790169600000,767.8900146484375,767.9299926757812,767.1799926757812,767.1799926757812,1224536
1790169900000,767.1699829101562,767.3994750976562,767.1099853515625,767.27001953125,169059
1790170200000,767.260009765625,767.5750122070312,767.0700073242188,767.5499877929688,132210
1790170500000,767.5499877929688,767.5599975585938,767.280029296875,767.4550170898438,63553
1790170669000,767.530029296875,767.530029296875,767.530029296875,767.530029296875,0
1790170800000,767.3641967773438,768.125,767.1699829101562,768.1099853515625,272857
1790170989000,768.4699096679688,768.4699096679688,768.4699096679688,768.4699096679688,0
1790171100000,768.469970703125,768.8400268554688,768.4199829101562,768.47998046875,253327
1790171304000,768.2949829101562,768.2949829101562,768.2949829101562,768.2949829101562,0
1790171400000,768.4199829101562,768.5499877929688,768.3209838867188,768.489990234375,170605
1790171619000,768.47998046875,768.47998046875,768.47998046875,768.47998046875,0
1790171700000,768.4949951171875,768.8250122070312,768.3699951171875,768.8099975585938,198130
1790171932000,768.9450073242188,768.9450073242188,768.9450073242188,768.9450073242188,0
1790172000000,768.9849853515625,769.0087890625,768.3300170898438,768.4099731445312,301979
1790172249000,768.3200073242188,768.3200073242188,768.3200073242188,768.3200073242188,0
1790172300000,768.1799926757812,768.4749755859375,768.0499877929688,768.3900146484375,250460
1790172566000,768.3300170898438,768.3300170898438,768.3300170898438,768.3300170898438,0
1790172600000,768.4149780273438,768.5399780273438,768.2899780273438,768.369873046875,166590
1790172882000,768.47998046875,768.47998046875,768.47998046875,768.47998046875,0
1790172900000,768.4699096679688,768.6799926757812,768.27001953125,768.6749877929688,143768
1790173197000,768.510009765625,768.510009765625,768.510009765625,768.510009765625,0
1790173200000,768.5,768.5800170898438,768.3099975585938,768.5150146484375,245608
1790173500000,768.52001953125,768.5999755859375,768.1900024414062,768.27001953125,276754
1790173514000,768.5900268554688,768.5900268554688,768.5900268554688,768.5900268554688,0
1790173800000,768.280029296875,768.3499755859375,767.9199829101562,768.0999755859375,173631
1790174100000,768.0900268554688,768.1699829101562,767.5800170898438,767.6799926757812,170322
1790174400000,767.6900024414062,768.0399780273438,767.6900024414062,767.8323974609375,191012
1790174700000,767.8699951171875,768.10498046875,767.7899780273438,768.0999755859375,217686
1790175000000,768.0999755859375,768.1699829101562,767.7899780273438,767.9299926757812,170986
1790175300000,767.8909912109375,768.1500244140625,767.8599853515625,768.1500244140625,273705
1790175366000,768.219970703125,768.219970703125,768.219970703125,768.219970703125,0
1790175600000,768.1900024414062,768.22998046875,768.0549926757812,768.219970703125,75695
1790175684000,768.280029296875,768.280029296875,768.280029296875,768.280029296875,0
1790175900000,767.7999877929688,767.8800048828125,767.7100219726562,767.8499755859375,69679
1790176000000,767.9600219726562,767.9600219726562,767.9600219726562,767.9600219726562,0
1790176200000,768.125,768.1799926757812,768.0499877929688,768.0700073242188,37015
1790176317000,768.1500244140625,768.1500244140625,768.1500244140625,768.1500244140625,0
1790176500000,767.9500122070312,768,767.5999755859375,767.719970703125,143390
1790176633000,767.7150268554688,767.7150268554688,767.7150268554688,767.7150268554688,0
1790176800000,767.7899780273438,767.7899780273438,767.5599975585938,767.6304931640625,170171
1790176950000,767.6176147460938,767.6176147460938,767.6176147460938,767.6176147460938,0
1790177100000,767.6749877929688,767.8150024414062,767.4400024414062,767.4450073242188,268251
1790177265000,767.5800170898438,767.5800170898438,767.5800170898438,767.5800170898438,0
1790177400000,767.6599731445312,767.8499755859375,767.5399780273438,767.7999877929688,261688
1790177583000,767.7999877929688,767.7999877929688,767.7999877929688,767.7999877929688,0
1790177700000,767.989990234375,768,767.8200073242188,767.875,290565
1790177899000,767.85498046875,767.85498046875,767.85498046875,767.85498046875,0
1790178000000,768.02001953125,768.1500244140625,767.4625244140625,767.4650268554688,253152
1790178216000,767.39501953125,767.39501953125,767.39501953125,767.39501953125,0
1790178300000,767.5399780273438,768.010009765625,767.52001953125,767.97998046875,938820
1790178600000,767.9600219726562,767.989990234375,766.5700073242188,766.8400268554688,2305766
1790178900000,766.8400268554688,767.97998046875,766.8200073242188,767.780029296875,5590838
1790179200000,767.8099975585938,767.8099975585938,767.8099975585938,767.8099975585938,0
1790242200000,764.0650024414062,764.8499755859375,763.6199951171875,764.7000122070312,2594516
1790242500000,764.70361328125,765.0599975585938,764.47998046875,765.0120239257812,464830
1790242800000,765.0150146484375,765.030029296875,764.3599853515625,764.6400146484375,386770
1790243100000,764.6400146484375,765.3599853515625,763.75,764.9600219726562,386764
1790243400000,764.9650268554688,765.22998046875,764.75048828125,764.9199829101562,211067
1790243700000,764.9000244140625,765.1099853515625,764.85498046875,764.85498046875,52316
1790243799000,764.8400268554688,764.8400268554688,764.8400268554688,764.8400268554688,0
1790244000000,765.3699951171875,765.7000122070312,764.6900024414062,765.52001953125,157964
1790244121000,765.47998046875,765.47998046875,765.47998046875,765.47998046875,0
1790244300000,765.969970703125,766.1500244140625,765.942626953125,766.0750122070312,143424
1790244440000,766.260009765625,766.260009765625,766.260009765625,766.260009765625,0
1790244600000,766.2100219726562,766.21142578125,765.840087890625,765.9000244140625,243347
1790244760000,765.8599853515625,765.8599853515625,765.8599853515625,765.8599853515625,0
1790244900000,766.0150146484375,766.1799926757812,765.6199951171875,765.9863891601562,161446
1790245079000,766,766,766,766,0
1790245200000,766.2100219726562,766.2299194335938,765.8204956054688,765.9600219726562,231055
1790245400000,765.9949951171875,765.9949951171875,765.9949951171875,765.9949951171875,0
1790245500000,765.8400268554688,766.3200073242188,765.6599731445312,766.3200073242188,249636
1790245718000,766.1599731445312,766.1599731445312,766.1599731445312,766.1599731445312,0
1790245800000,766.0850219726562,766.0999755859375,765.52001953125,765.6699829101562,162676
1790246040000,765.6900024414062,765.6900024414062,765.6900024414062,765.6900024414062,0
1790246100000,765.9299926757812,766.1380004882812,765.7000122070312,765.989990234375,203389
1790246362000,765.9349975585938,765.9349975585938,765.9349975585938,765.9349975585938,0
1790246400000,765.9199829101562,766.0250244140625,765.3720092773438,765.3900146484375,181402
1790246687000,765.2000122070312,765.2000122070312,765.2000122070312,765.2000122070312,0
1790246700000,765.260009765625,765.52001953125,764.969970703125,765.2999877929688,302680
1790247000000,765.2899780273438,765.6699829101562,764.8049926757812,764.8800048828125,359730
1790247300000,764.8800048828125,764.9000244140625,764.1799926757812,764.489990234375,878025
1790247600000,764.5,764.77001953125,764.3150024414062,764.3699951171875,338327
1790247900000,764.3699951171875,764.4600219726562,764.02001953125,764.0800170898438,353315
1790248200000,764.0999755859375,764.2650146484375,763.2449951171875,763.364990234375,384839
1790248500000,763.364990234375,764.1599731445312,763.260009765625,763.85498046875,518942
1790248800000,763.85498046875,764.5599975585938,763.6699829101562,764.4650268554688,315307
1790249100000,764.4699096679688,764.47998046875,763.530029296875,763.6400146484375,300996
1790249400000,763.5999755859375,763.760009765625,763.3900146484375,763.510009765625,252520
1790249700000,763.510009765625,764.0399780273438,763.510009765625,763.77001953125,260720
1790250000000,763.7401123046875,764.1749877929688,763.5650024414062,764.0499877929688,183316
1790250300000,764.0650024414062,764.2999877929688,763.4299926757812,763.5700073242188,199527
1790250600000,763.5700073242188,764.4299926757812,763.5050048828125,764.2899780273438,196796
1790250900000,764.2999877929688,764.3800048828125,763.9600219726562,764.2849731445312,112698
1790251200000,764.27001953125,764.3150024414062,763.7000122070312,764.1099853515625,172798
1790251500000,764.0999755859375,764.1900024414062,763.75,763.8900146484375,205882
1790251800000,763.8800048828125,764.6699829101562,763.6500244140625,764.6199951171875,114756
1790252100000,764.6199951171875,768.4000244140625,764.5499877929688,766.8499755859375,1236406
1790252400000,766.8499755859375,767.3300170898438,766.5999755859375,766.97998046875,517251
1790252700000,767.02001953125,767.3579711914062,766.280029296875,767.135009765625,243246
1790253000000,767.1502075195312,767.2550048828125,766.594970703125,766.594970703125,86512
1790253161000,766.5750122070312,766.5750122070312,766.5750122070312,766.5750122070312,0
1790253300000,766.89501953125,767.619873046875,766.77001953125,767.6099243164062,103242
1790253477000,767.6099853515625,767.6099853515625,767.6099853515625,767.6099853515625,0
1790253600000,767.780029296875,768.8800048828125,767.5999755859375,768.8200073242188,262800
1790253790000,768.8200073242188,768.8200073242188,768.8200073242188,768.8200073242188,0
1790253900000,767.635009765625,767.760009765625,767.2150268554688,767.7000122070312,426953
1790254105000,768.1500244140625,768.1500244140625,768.1500244140625,768.1500244140625,0
1790254200000,768.5499877929688,768.739990234375,767.9299926757812,767.989990234375,203300
1790254417000,767.9949951171875,767.9949951171875,767.9949951171875,767.9949951171875,0
1790254500000,768.094970703125,768.9500122070312,768.0399780273438,768.5900268554688,423957
1790254732000,768.555419921875,768.555419921875,768.555419921875,768.555419921875,0
1790254800000,768.260009765625,768.6599731445312,767.530029296875,768.3200073242188,398208
1790255048000,768.02001953125,768.02001953125,768.02001953125,768.02001953125,0
1790255100000,768.260009765625,768.6599731445312,768.030029296875,768.3400268554688,481255
1790255361000,768.22998046875,768.22998046875,768.22998046875,768.22998046875,0
1790255400000,768.219970703125,768.219970703125,767.6500244140625,768.2000122070312,396095
1790255674000,768.5250244140625,768.5250244140625,768.5250244140625,768.5250244140625,0
1790255700000,768.3800048828125,768.4199829101562,768.030029296875,768.2100219726562,155000
1790255986000,767.6500244140625,767.6500244140625,767.6500244140625,767.6500244140625,0
1790256000000,767.5,767.8599853515625,767.25,767.3624877929688,317229
1790256300000,767.3499755859375,767.3800048828125,766.5999755859375,767.2249755859375,205618
1790256600000,767.219970703125,767.6599731445312,766.8099975585938,766.8499755859375,281180
1790256900000,766.8400268554688,767.010009765625,766.530029296875,766.8499755859375,246159
1790257200000,766.8800048828125,767.0700073242188,766.85498046875,766.9400024414062,35159
1790257271000,766.6799926757812,766.6799926757812,766.6799926757812,766.6799926757812,0
1790257500000,766.2100219726562,766.31787109375,766.0250244140625,766.3099975585938,78392
1790257586000,766.5700073242188,766.5700073242188,766.5700073242188,766.5700073242188,0
1790257800000,766.6400146484375,766.8099975585938,766.5599975585938,766.6400146484375,42758
1790257901000,766.532470703125,766.532470703125,766.532470703125,766.532470703125,0
1790258100000,766.5349731445312,766.686279296875,766.4400024414062,766.4400024414062,36324
1790258215000,766.8699951171875,766.8699951171875,766.8699951171875,766.8699951171875,0
1790258400000,766.9400024414062,767.010009765625,766.2100219726562,766.3699951171875,123301
1790258531000,766.1599731445312,766.1599731445312,766.1599731445312,766.1599731445312,0
1790258700000,765.7000122070312,766.47998046875,765.6849975585938,766.4299926757812,155206
1790258846000,766.5050048828125,766.5050048828125,766.5050048828125,766.5050048828125,0
1790259000000,766.77001953125,767.1099853515625,766.5999755859375,766.8599853515625,100630
1790259160000,766.8300170898438,766.8300170898438,766.8300170898438,766.8300170898438,0
1790259300000,767,767.3800048828125,766.8599853515625,767.25,94835
1790259473000,767.27001953125,767.27001953125,767.27001953125,767.27001953125,0
1790259600000,767.239990234375,767.3099975585938,766.8300170898438,767.0399780273438,100779
1790259788000,766.9802856445312,766.9802856445312,766.9802856445312,766.9802856445312,0
1790259900000,767.1799926757812,768.030029296875,767.1500244140625,767.6804809570312,328461
1790260103000,767.760009765625,767.760009765625,767.760009765625,767.760009765625,0
1790260200000,767.5999755859375,767.6900024414062,767.0999755859375,767.1119995117188,209811
1790260500000,767.0999755859375,768.3800048828125,766.9099731445312,767.8200073242188,430822
1790260800000,767.7999877929688,767.7999877929688,767.1799926757812,767.489990234375,174228
1790261100000,767.5,767.6749877929688,767.4299926757812,767.52001953125,279872
1790261400000,767.52001953125,768.0599975585938,767.4849853515625,767.7349853515625,323904
1790261700000,767.760009765625,767.969970703125,767.72998046875,767.9299926757812,45801
1790261765000,767.905029296875,767.905029296875,767.905029296875,767.905029296875,0
1790262000000,767.9400024414062,768.0399780273438,767.77001953125,767.8900146484375,99800
1790262079000,767.77001953125,767.77001953125,767.77001953125,767.77001953125,0
1790262300000,767.2000122070312,767.39501953125,767.1799926757812,767.39501953125,32698
1790262391000,767.4000244140625,767.4000244140625,767.4000244140625,767.4000244140625,0
1790262600000,767.4500122070312,767.5599975585938,767.239990234375,767.25,29819
1790262704000,767.260009765625,767.260009765625,767.260009765625,767.260009765625,0
