ts,open,high,low,close,volume
1785749400000,749.4400024414062,751.3200073242188,749.0999755859375,750.780029296875,2814090
1785749700000,750.760009765625,751.9400024414062,750.739990234375,751.719970703125,1182383
1785750000000,751.7000122070312,751.8300170898438,750.969970703125,751.5800170898438,779930
1785750300000,751.5900268554688,752.3300170898438,751.3699951171875,751.9099731445312,989041
1785750600000,751.9199829101562,752.9500122070312,751.5999755859375,752.760009765625,1051955
1785750900000,752.7650146484375,753.638671875,752.6500854492188,753.5999755859375,865548
1785751200000,753.6199951171875,753.9500122070312,753,753.4099731445312,687378
1785751500000,753.4099731445312,753.6400146484375,753.1699829101562,753.5800170898438,569103
1785751800000,753.5701293945312,754.0499877929688,753.5499877929688,753.9000244140625,756162
1785752100000,753.8900146484375,754.5399780273438,753.8300170898438,754.1826782226562,705702
1785752400000,754.1900024414062,754.780029296875,754.1599731445312,754.619873046875,855195
1785752700000,754.6199951171875,754.77001953125,754.3619995117188,754.5,917643
1785753000000,754.5,754.6400146484375,754.3099975585938,754.510009765625,856562
1785753300000,754.52001953125,754.9349975585938,754.4301147460938,754.7949829101562,622383
1785753600000,754.7899780273438,755.1649780273438,754.75,754.9000244140625,728742
1785753900000,754.9099731445312,754.9600219726562,754.7050170898438,754.8699951171875,546306
1785754200000,754.8699951171875,755.1400146484375,754.8150024414062,754.9199829101562,714168
1785754500000,754.9149780273438,755.405517578125,754.9149780273438,755.3701171875,552651
1785754800000,755.3800048828125,755.4299926757812,755.094970703125,755.239990234375,761862
1785755100000,755.239990234375,755.25,754.7899780273438,754.9500122070312,416538
1785755400000,754.9400024414062,755.1300048828125,754.7999877929688,755.0549926757812,536919
1785755700000,755.0549926757812,755.4000244140625,755.0499877929688,755.3900146484375,574404
1785756000000,755.4000244140625,755.6900024414062,755.3800048828125,755.5800170898438,525449
1785756300000,755.5750122070312,755.7000122070312,755.02001953125,755.1099853515625,700928
1785756600000,755.1199951171875,755.469970703125,755.0750122070312,755.2999877929688,546004
1785756900000,755.2899780273438,755.6199951171875,755.2000122070312,755.5599975585938,1677014
1785757200000,755.5449829101562,755.8300170898438,755.530029296875,755.6400756835938,425499
1785757500000,755.6500244140625,756.0700073242188,755.6500244140625,756.02001953125,683205
1785757800000,756.030029296875,756.2100219726562,755.969970703125,756.1799926757812,315176
1785758100000,756.1699829101562,756.1900024414062,755.8214111328125,755.9550170898438,392424
1785758400000,755.9600219726562,756.1699829101562,755.9301147460938,756,297262
1785758700000,756.0025024414062,756.0900268554688,755.864990234375,756.0291137695312,536475
1785759000000,756.0499267578125,756.0499877929688,755.760009765625,755.989990234375,388291
1785759300000,755.989990234375,756.27001953125,755.9600219726562,756.2349853515625,587120
1785759600000,756.2349853515625,756.2899780273438,756.0750122070312,756.260009765625,268717
1785759900000,756.260009765625,756.5999755859375,756.1799926757812,756.5700073242188,433356
1785760200000,756.5700073242188,756.6199951171875,756.3217163085938,756.4349975585938,704767
1785760500000,756.4299926757812,756.4299926757812,756.2100219726562,756.2899780273438,399778
1785760800000,756.2899780273438,756.5050048828125,756.22998046875,756.469970703125,360899
1785761100000,756.47998046875,756.5,756.2999877929688,756.3099975585938,370115
1785761400000,756.3200073242188,756.3800048828125,756.030029296875,756.0499877929688,431609
1785761700000,756.0499877929688,756.3499755859375,756.0150146484375,756.219970703125,282492
1785762000000,756.219970703125,756.2999877929688,756.030029296875,756.2100219726562,416913
1785762300000,756.2100219726562,756.2999877929688,755.97998046875,756.2150268554688,492900
1785762600000,756.2100219726562,756.6099853515625,756.2100219726562,756.510009765625,303766
1785762900000,756.51171875,756.7899780273438,756.4949951171875,756.77001953125,375228
1785763200000,756.77001953125,757.0150146484375,756.6699829101562,756.9650268554688,380249
1785763500000,756.9650268554688,757.155029296875,756.8400268554688,757.0850219726562,412070
1785763800000,757.083984375,757.3599853515625,757.010009765625,757.35498046875,386141
1785764100000,757.3499755859375,757.469970703125,757.1199951171875,757.2100219726562,462426
1785764400000,757.22998046875,757.3400268554688,757.1599731445312,757.3300170898438,187564
1785764700000,757.3200073242188,757.52001953125,757.3200073242188,757.4400024414062,568490
1785765000000,757.4500122070312,757.6199951171875,757.4099731445312,757.5999755859375,1919089
1785765300000,757.5999755859375,757.780029296875,757.5599975585938,757.6450805664062,506377
1785765600000,757.64501953125,758.1400146484375,757.6400146484375,758.1400146484375,585793
1785765900000,758.135009765625,758.3200073242188,758.0800170898438,758.3049926757812,589387
1785766200000,758.3099975585938,758.3300170898438,757.8635864257812,758.010009765625,498353
1785766500000,758.0150146484375,758.3099975585938,757.9000244140625,757.9600219726562,469204
1785766800000,757.969970703125,758.1699829101562,757.7999877929688,757.9500122070312,331124
1785767100000,757.9400024414062,758.0499877929688,757.47998046875,757.5700073242188,399077
1785767400000,757.5800170898438,757.8200073242188,757.3400268554688,757.510009765625,611117
1785767700000,757.52001953125,757.8099975585938,757.47998046875,757.6699829101562,565082
1785768000000,757.6799926757812,758.1099853515625,757.5800170898438,758.0850219726562,395689
1785768300000,758.0900268554688,758.1900024414062,757.760009765625,758.10498046875,559451
1785768600000,758.10498046875,758.2899780273438,757.9199829101562,758.0800170898438,385601
1785768900000,758.0800170898438,758.22998046875,757.9199829101562,757.9349975585938,344276
1785769200000,757.9400024414062,758.5800170898438,757.9400024414062,758.5,433642
1785769500000,758.5004272460938,758.5399780273438,758.0700073242188,758.1900024414062,388446
1785769800000,758.1950073242188,758.4099731445312,758.0850219726562,758.1799926757812,373906
1785770100000,758.1810302734375,758.4400024414062,758.1799926757812,758.3400268554688,451729
1785770400000,758.3499755859375,758.4500122070312,758.219970703125,758.4149780273438,419583
1785770700000,758.4149780273438,758.5499877929688,758.260009765625,758.3400268554688,495251
1785771000000,758.3499755859375,758.510009765625,758.2000122070312,758.3406982421875,719106
1785771300000,758.3599853515625,758.4600219726562,757.9600219726562,758,821114
1785771600000,758.010009765625,758.1649780273438,757.8599853515625,758.0700073242188,1008223
1785771900000,758.0700073242188,758.25,757.9299926757812,758.1400146484375,1089275
1785772200000,758.1500244140625,758.4099731445312,757.6400146484375,757.780029296875,1585858
1785772500000,757.77001953125,757.9849853515625,757.4400024414062,757.6699829101562,3196714
1785835800000,760.6300048828125,761.8800048828125,760.52001953125,761.8499755859375,2403799
1785836100000,761.8300170898438,762.1900024414062,761.5399780273438,761.9500122070312,853271
1785836400000,761.9600219726562,762.2100219726562,761.6199951171875,761.8524780273438,645544
1785836700000,761.8599853515625,762.5349731445312,761.8599853515625,762.530029296875,868173
1785837000000,762.5399780273438,763.47998046875,762.4000244140625,763.4199829101562,838596
1785837300000,763.4400024414062,763.4400024414062,762.6651000976562,763.3900146484375,792816
1785837600000,763.3699951171875,764.1300048828125,763.0900268554688,763.8699951171875,1027586
1785837900000,763.8800048828125,764.5499877929688,763.7999877929688,764.3400268554688,757078
1785838200000,764.3400268554688,764.8599853515625,764.3099975585938,764.85498046875,522181
1785838500000,764.8499755859375,765.3828125,764.77001953125,765.2449951171875,671630
1785838800000,765.25,765.280029296875,764.1699829101562,764.3300170898438,916082
1785839100000,764.3300170898438,764.8499755859375,764.3198852539062,764.489990234375,596876
1785839400000,764.489990234375,765.02001953125,764.0999755859375,764.9349975585938,643452
1785839700000,764.9299926757812,765.719970703125,764.760009765625,765.1599731445312,734396
1785840000000,765.1672973632812,765.8599853515625,765.094970703125,765.7899780273438,737613
1785840300000,765.780029296875,765.9600219726562,765.5900268554688,765.9199829101562,632872
1785840600000,765.9199829101562,766.030029296875,765.6400146484375,765.9000244140625,491238
1785840900000,765.9000244140625,766.4199829101562,765.8099975585938,766.2999877929688,905205
1785841200000,766.3300170898438,766.8900146484375,766.1699829101562,766.8499755859375,540916
1785841500000,766.8599853515625,766.8699951171875,766.3900146484375,766.8499755859375,698891
1785841800000,766.85498046875,767.1599731445312,766.719970703125,766.9099731445312,418177
1785842100000,766.9199829101562,767.3499755859375,766.8900146484375,767.3250122070312,639315
1785842400000,767.3300170898438,767.7514038085938,767.2050170898438,767.739990234375,576418
1785842700000,767.75,767.8699951171875,767.280029296875,767.3499755859375,734509
1785843000000,767.3400268554688,767.5700073242188,767.1599731445312,767.260009765625,459242
1785843300000,767.27001953125,768.0899047851562,767.2249755859375,767.7999877929688,620918
1785843600000,767.780029296875,768.3400268554688,767.7349853515625,768.280029296875,1316760
1785843900000,768.280029296875,768.7000122070312,768.260009765625,768.64990234375,599127
1785844200000,768.6400146484375,768.9000244140625,768.1799926757812,768.27001953125,639140
1785844500000,768.260009765625,768.6400146484375,768.1900024414062,768.4400024414062,359098
1785844800000,768.4450073242188,768.8599853515625,768.4149780273438,768.7249755859375,508135
1785845100000,768.7249755859375,768.9400024414062,768.3400268554688,768.3800048828125,485229
1785845400000,768.3995971679688,768.52001953125,768.1400146484375,768.2550048828125,936859
1785845700000,768.2650146484375,768.7899780273438,768.239990234375,768.75,697184
1785846000000,768.760009765625,769.280029296875,768.719970703125,769.219970703125,385414
1785846300000,769.2150268554688,769.3400268554688,769.02001953125,769.239990234375,520302
1785846600000,769.219970703125,769.5999755859375,769,769.4749755859375,597144
1785846900000,769.47998046875,769.6799926757812,769.239990234375,769.4849853515625,828303
1785847200000,769.4849853515625,770.010009765625,769.3900146484375,769.97998046875,634595
1785847500000,769.989990234375,770.2249755859375,769.97998046875,770.1950073242188,437651
1785847800000,770.1898803710938,770.3200073242188,770.0549926757812,770.1900024414062,360572
1785848100000,770.1900024414062,770.27001953125,770.0499877929688,770.2650146484375,313627
1785848400000,770.27001953125,771.030029296875,770.1649780273438,771.0089721679688,777474
1785848700000,771.010009765625,771.2849731445312,770.72998046875,771.0499877929688,822525
1785849000000,771.0399780273438,771.22998046875,770.9199829101562,771.219970703125,542050
1785849300000,771.22998046875,771.60498046875,771.219970703125,771.3699951171875,696042
1785849600000,771.375,771.4099731445312,770.9500122070312,771.2050170898438,394203
1785849900000,771.2050170898438,771.47998046875,771.1300048828125,771.280029296875,388198
1785850200000,771.2899780273438,771.4000244140625,770.9650268554688,771.3800048828125,443758
1785850500000,771.3599853515625,771.905029296875,771.3400268554688,771.8599853515625,412817
1785850800000,771.8599853515625,772.344970703125,771.8599853515625,772.3300170898438,732752
1785851100000,772.3250122070312,773.0850219726562,772.3250122070312,772.72998046875,857661
1785851400000,772.7150268554688,772.7150268554688,771.64501953125,771.8699951171875,975625
1785851700000,771.8800048828125,772.1500244140625,771.5700073242188,771.5700073242188,599267
1785852000000,771.5700073242188,771.989990234375,771.0800170898438,771.330078125,742742
1785852300000,771.3400268554688,771.989990234375,771.27001953125,771.8499755859375,509851
1785852600000,771.844970703125,772.239990234375,771.7100219726562,772.1799926757812,541494
1785852900000,772.1981201171875,772.3699951171875,771.97998046875,772.1099853515625,330958
1785853200000,772.1099853515625,772.4500122070312,772.0499877929688,772.1300048828125,585209
1785853500000,772.1199951171875,772.3800048828125,772.010009765625,772.3699951171875,326080
1785853800000,772.3798828125,772.4797973632812,772.125,772.1699829101562,563294
1785854100000,772.1649780273438,772.3200073242188,771.7899780273438,771.8900146484375,729539
1785854400000,771.8800048828125,771.9000244140625,771.4099731445312,771.719970703125,450817
1785854700000,771.72998046875,772.280029296875,771.719970703125,772.0700073242188,806972
1785855000000,772.0499877929688,772.2899780273438,771.9210205078125,771.989990234375,422817
1785855300000,771.9949951171875,772.1300048828125,771.9299926757812,772.0700073242188,364367
1785855600000,772.0850219726562,772.9600219726562,772.0499877929688,772.780029296875,745681
1785855900000,772.77001953125,773.02001953125,772.5499877929688,773.0198974609375,1289457
1785856200000,773,773.0391235351562,772.719970703125,772.8800048828125,513920
1785856500000,772.8800048828125,773.0800170898438,772.7520141601562,773,552704
1785856800000,773,773.1199951171875,772.7000122070312,772.8250122070312,540114
1785857100000,772.8300170898438,772.9199829101562,772.1199951171875,772.3200073242188,625520
1785857400000,772.3099975585938,772.6300048828125,772.1199951171875,772.5900268554688,853642
1785857700000,772.5900268554688,772.9099731445312,772.3200073242188,772.780029296875,704223
1785858000000,772.780029296875,773.3300170898438,772.760009765625,773.25,703836
1785858300000,773.2550048828125,773.4099731445312,772.739990234375,772.9099731445312,1200912
1785858600000,772.9099731445312,773.030029296875,771.7418212890625,771.7418212890625,2794903
1785858900000,771.75,772.3099975585938,770.9600219726562,771.280029296875,4757221
1785922200000,775.8499755859375,776.7899780273438,775.260009765625,776.1998901367188,2356246
1785922500000,776.1900024414062,776.8499755859375,775.3040161132812,776.510009765625,2059541
1785922800000,776.530029296875,776.8099975585938,775.8599853515625,776.47998046875,566173
1785923100000,776.5399780273438,776.6599731445312,775.3400268554688,775.3900146484375,716822
1785923400000,775.39501953125,775.889892578125,774.3900146484375,775.889892578125,921681
1785923700000,775.8800048828125,776.70361328125,775.364990234375,776.70361328125,646807
1785924000000,776.6699829101562,776.7000122070312,774.9500122070312,775.7899780273438,704641
1785924300000,775.8099975585938,776.5499267578125,775.6199951171875,776.0599975585938,580664
1785924600000,776.0700073242188,776.510009765625,775.7999877929688,776.1599731445312,344032
1785924900000,776.1799926757812,776.4600219726562,775.6599731445312,775.6699829101562,268012
1785925200000,775.6799926757812,775.8200073242188,774.77001953125,775.7550048828125,429630
1785925500000,775.760009765625,776.1799926757812,774.75,774.7808837890625,494368
1785925800000,774.780029296875,775.0200805664062,774.22998046875,774.5999755859375,617880
1785926100000,774.5700073242188,774.8300170898438,773.8400268554688,773.9199829101562,774546
1785926400000,773.9199829101562,774.4299926757812,773.6199951171875,774.0349731445312,595251
1785926700000,774.030029296875,774.719970703125,773.844970703125,774.5750122070312,435589
1785927000000,774.6046752929688,774.8400268554688,772.5700073242188,773.1300048828125,720034
1785927300000,773.1599731445312,773.7598876953125,772.72998046875,773.469970703125,518821
1785927600000,773.4600219726562,773.9500122070312,773.3499755859375,773.6300048828125,378838
1785927900000,773.6300048828125,773.864990234375,773.1649780273438,773.6300048828125,413264
1785928200000,773.6300048828125,773.9149780273438,773.010009765625,773.0599975585938,298736
1785928500000,773.0700073242188,773.1599731445312,771,772.4199829101562,1022215
1785928800000,772.409912109375,772.6699829101562,772.0800170898438,772.2691040039062,339239
1785929100000,772.1500854492188,772.25,771.52001953125,771.7100219726562,530737
1785929400000,771.7000122070312,772.52001953125,771.6799926757812,771.875,300651
1785929700000,771.8800048828125,772.2999877929688,771.8099975585938,772.14501953125,317439
1785930000000,772.1500244140625,772.260009765625,771.6749877929688,772.010009765625,279873
1785930300000,772.02001953125,772.030029296875,771.25,771.340576171875,299266
1785930600000,771.3375244140625,771.5750122070312,771.1300048828125,771.25,350842
1785930900000,771.25,771.25,770.3300170898438,770.64501953125,644598
1785931200000,770.6300048828125,771.02001953125,770.0800170898438,770.8400268554688,677692
1785931500000,770.8400268554688,770.8699951171875,769.9099731445312,770.239990234375,536649
1785931800000,770.239990234375,770.469970703125,769.9298095703125,770.4400024414062,392332
1785932100000,770.4500122070312,771.1199951171875,770.22998046875,770.6099853515625,499198
1785932400000,770.614990234375,771.760009765625,770.5599975585938,771.0800170898438,564366
1785932700000,771.0750122070312,772.1199951171875,771.0599975585938,772.0999755859375,567115
1785933000000,772.0900268554688,772.219970703125,771.2000122070312,771.6900024414062,427057
1785933300000,771.6900024414062,771.8394775390625,771.3400268554688,771.5599975585938,247331
1785933600000,771.5499877929688,772,771.3770751953125,771.5900268554688,324240
1785933900000,771.5800170898438,771.75,771.2899780273438,771.4249877929688,195315
1785934200000,771.4000244140625,772.0800170898438,771.385009765625,772.010009765625,449350
1785934500000,772.010009765625,772.1699829101562,771.7050170898438,771.8524780273438,304185
1785934800000,771.8900146484375,772.1599731445312,771.2999877929688,771.405029296875,237862
1785935100000,771.405029296875,771.5999755859375,771.0700073242188,771.3200073242188,245234
1785935400000,771.3300170898438,771.75,771.0399780273438,771.5,687575
1785935700000,771.4801025390625,771.8049926757812,771.22998046875,771.3800048828125,245593
1785936000000,771.4099731445312,771.4600219726562,771.010009765625,771.4249877929688,175531
1785936300000,771.4298706054688,771.802490234375,771.260009765625,771.3400268554688,154836
1785936600000,771.3300170898438,771.7296752929688,771.0700073242188,771.5900268554688,171307
1785936900000,771.5900268554688,771.780029296875,771.4605102539062,771.6599731445312,182867
1785937200000,771.6599731445312,772.010009765625,771.6599731445312,771.7017822265625,187951
1785937500000,771.7000122070312,771.9249877929688,771.3300170898438,771.8300170898438,134714
1785937800000,771.8300170898438,771.9600219726562,771.5900268554688,771.6400146484375,269325
1785938100000,771.6300048828125,771.8400268554688,771.4600219726562,771.5549926757812,170417
1785938400000,771.5599975585938,772.1699829101562,771.5399780273438,772.1201171875,511807
1785938700000,772.1199951171875,772.25,771.6799926757812,771.9099731445312,319230
1785939000000,771.9600219726562,772.10498046875,771.760986328125,771.7899780273438,441258
1785939300000,771.7999877929688,772.0999755859375,771.6699829101562,772.0399780273438,235339
1785939600000,772.0399780273438,772.0549926757812,771.7401123046875,771.8599853515625,229902
1785939900000,771.8499755859375,772.1199951171875,771.8099975585938,771.9400024414062,341463
1785940200000,771.9299926757812,771.9400024414062,771.2000122070312,771.3599853515625,400700
1785940500000,771.3599853515625,771.7098999023438,771.3400268554688,771.4600219726562,359926
1785940800000,771.469970703125,771.6699829101562,771.3972778320312,771.5800170898438,293527
1785941100000,771.5700073242188,771.9500122070312,771.5150146484375,771.8099975585938,280759
1785941400000,771.8099975585938,771.9600219726562,771.6300048828125,771.72998046875,254521
1785941700000,771.72998046875,771.7750244140625,771.3400268554688,771.3909912109375,433572
1785942000000,771.4000244140625,771.6300048828125,771.239990234375,771.6298828125,346157
1785942300000,771.6099853515625,771.8499755859375,771.52001953125,771.6904907226562,269928
1785942600000,771.7000122070312,771.780029296875,771.5399780273438,771.72998046875,350175
1785942900000,771.739990234375,771.9190063476562,771.6599731445312,771.8200073242188,304657
1785943200000,771.8300170898438,771.989013671875,771.6500244140625,771.869873046875,532595
1785943500000,771.8599853515625,771.969970703125,771.760009765625,771.7999267578125,495459
1785943800000,771.780029296875,771.8900146484375,771.364990234375,771.5399780273438,453945
1785944100000,771.5399780273438,771.5399780273438,771.2537841796875,771.3051147460938,584306
1785944400000,771.2999877929688,771.6298828125,771.27001953125,771.4949951171875,482574
1785944700000,771.47998046875,771.6500244140625,771.2000122070312,771.489990234375,719357
1785945000000,771.489990234375,771.7000122070312,771.3599853515625,771.5,711237
1785945300000,771.510009765625,771.5900268554688,769.510009765625,769.739990234375,3030101
1786008600000,770.2100219726562,770.7899780273438,769.0576171875,769.9199829101562,1913009
1786008900000,769.9000244140625,770.8699951171875,769.5999755859375,769.719970703125,578769
1786009200000,769.7050170898438,770.9000244140625,769.5050048828125,770.5,314301
1786009500000,770.47998046875,771.52001953125,770.47998046875,771.3099975585938,344237
1786009800000,771.3099975585938,771.5250244140625,770.780029296875,770.9199829101562,360772
1786010100000,770.9249877929688,771.260009765625,770.5399780273438,770.9199829101562,312956
1786010400000,770.9500122070312,771.3499755859375,770.614990234375,771.1300048828125,270466
1786010700000,771.1500244140625,771.510009765625,770.8900146484375,771.4299926757812,250838
1786011000000,771.4349975585938,771.77001953125,771.380126953125,771.5499877929688,399828
1786011300000,771.530029296875,771.8099975585938,771.1199951171875,771.7050170898438,230239
1786011600000,771.7239990234375,771.8200073242188,771.1699829101562,771.22998046875,279760
1786011900000,771.22998046875,771.27001953125,770.0700073242188,770.4500122070312,384013
1786012200000,770.4500122070312,770.8800048828125,770.1649780273438,770.7949829101562,476066
1786012500000,770.7949829101562,770.9600219726562,769.760009765625,769.760009765625,485367
1786012800000,769.75,770.72998046875,769.6400146484375,770.14501953125,283552
1786013100000,770.135009765625,770.2150268554688,769.6500244140625,769.6699829101562,351513
1786013400000,769.6599731445312,770.47998046875,769.530029296875,770.4500122070312,387204
1786013700000,770.47998046875,771.0599975585938,770.2899780273438,770.9849853515625,256400
1786014000000,771,771.2100219726562,770.1099853515625,770.2899780273438,908147
1786014300000,770.280029296875,770.8099975585938,770.27001953125,770.5700073242188,225382
1786014600000,770.5700073242188,770.739990234375,769.9099731445312,769.9600219726562,210453
1786014900000,769.9600219726562,770.1199951171875,768.9600219726562,768.9600219726562,612056
1786015200000,768.9749755859375,769.239990234375,768.6199951171875,768.9299926757812,381693
1786015500000,768.9299926757812,769.2999877929688,768.6500244140625,769.239990234375,289608
1786015800000,769.239990234375,769.4400024414062,768.530029296875,768.530029296875,287297
1786016100000,768.530029296875,768.9000244140625,768.3300170898438,768.7000122070312,364377
1786016400000,768.6900024414062,768.969970703125,768.3300170898438,768.3300170898438,458842
1786016700000,768.3300170898438,769.5800170898438,768.3200073242188,769.2000732421875,363673
1786017000000,769.2100219726562,769.780029296875,768.0800170898438,768.1300048828125,517615
1786017300000,768.125,768.5599975585938,767.9500122070312,768.125,457255
1786017600000,768.1599731445312,768.3200073242188,767.75,768.0549926757812,433878
1786017900000,768.0482177734375,768.510009765625,767.9099731445312,768.3400268554688,317306
1786018200000,768.3200073242188,768.5399780273438,767.8200073242188,767.97998046875,269314
1786018500000,767.97998046875,768.5,767.4600219726562,768.2150268554688,447162
1786018800000,768.219970703125,768.35498046875,767.8800048828125,768.27001953125,1189073
1786019100000,768.280029296875,768.489990234375,768,768.260009765625,488835
1786019400000,768.27001953125,768.8200073242188,768.1300048828125,768.3099975585938,265709
1786019700000,768.3300170898438,768.8699951171875,768.2100219726562,768.8699951171875,259145
1786020000000,768.8800048828125,768.9000244140625,768.0700073242188,768.0800170898438,288107
1786020300000,768.0700073242188,768.4163208007812,767.9080810546875,768.4149780273438,205713
1786020600000,768.4199829101562,768.6599731445312,768.22998046875,768.3499755859375,207398
1786020900000,768.3499755859375,769.0399780273438,768.3400268554688,768.9600219726562,150600
1786021200000,768.989990234375,769.1799926757812,768.6900024414062,768.77001953125,286134
1786021500000,768.760009765625,769.1400146484375,768.1900024414062,768.3400268554688,363159
1786021800000,768.3300170898438,768.5800170898438,768.0900268554688,768.1699829101562,162088
1786022100000,768.1400146484375,768.4600219726562,768.030029296875,768.3400268554688,199311
1786022400000,768.3400268554688,768.4099731445312,767.9005126953125,767.969970703125,227981
1786022700000,767.969970703125,768.27001953125,767.8099975585938,767.8300170898438,254712
1786023000000,767.8300170898438,768.2100219726562,767.719970703125,768.0999755859375,197360
1786023300000,768.1099853515625,768.280029296875,767.969970703125,768.02001953125,178647
1786023600000,768.0399780273438,768.1400146484375,767.8250122070312,768.1400146484375,363757
1786023900000,768.1500244140625,768.375,767.9835815429688,767.9835815429688,206530
1786024200000,767.989990234375,768.510009765625,767.9600219726562,768.432861328125,315523
1786024500000,768.4600219726562,768.6400146484375,768.2750854492188,768.6303100585938,368849
1786024800000,768.6500244140625,768.9000244140625,768.5,768.8947143554688,380717
1786025100000,768.8900146484375,768.97998046875,768.6599731445312,768.8599853515625,311812
1786025400000,768.8699951171875,769.239990234375,768.7000122070312,769.1799926757812,254657
1786025700000,769.19140625,769.72998046875,768.4500122070312,769.3300170898438,591778
1786026000000,769.3250122070312,769.6199951171875,769.2999877929688,769.5599975585938,319553
1786026300000,769.5549926757812,769.614990234375,769.1900024414062,769.4299926757812,298281
1786026600000,769.4299926757812,769.469970703125,769.0700073242188,769.114990234375,232178
1786026900000,769.1099853515625,769.2899780273438,768.7999877929688,768.8300170898438,260758
1786027200000,768.844970703125,768.9349975585938,768.5150146484375,768.780029296875,222400
1786027500000,768.7849731445312,769.1699829101562,768.719970703125,768.8800048828125,344433
1786027800000,768.875,769.010009765625,768.739990234375,768.885009765625,218040
1786028100000,768.8699951171875,769.0800170898438,768.8099975585938,768.9600219726562,245763
1786028400000,768.969970703125,769.5789794921875,768.9500122070312,769.5789794921875,477380
1786028700000,769.5599975585938,769.7100219726562,769.2636108398438,769.7000122070312,248781
1786029000000,769.7100219726562,769.7899780273438,769.2800903320312,769.3300170898438,269217
1786029300000,769.3250122070312,769.3499145507812,769.051025390625,769.1599731445312,360889
1786029600000,769.1699829101562,769.489990234375,768.8200073242188,768.8200073242188,441472
1786029900000,768.8300170898438,768.989990234375,768.5700073242188,768.6599731445312,549048
1786030200000,768.655029296875,769,768.4099731445312,768.9600219726562,472779
1786030500000,768.9600219726562,768.989990234375,768.530029296875,768.530029296875,474387
1786030800000,768.5369262695312,768.6099853515625,768.0999755859375,768.3099975585938,423734
1786031100000,768.3099975585938,768.52001953125,767.9600219726562,768.4400024414062,830017
1786031400000,768.4299926757812,768.7730102539062,767.7000122070312,768.6400146484375,1720823
1786031700000,768.6199951171875,768.8900146484375,768.1300048828125,768.530029296875,2485588
1786095000000,771.02001953125,771.6199951171875,770.6199951171875,771.47998046875,2853922
1786095300000,771.5,771.5474853515625,770.6799926757812,771.13037109375,529092
1786095600000,771.125,772.0900268554688,770.8804931640625,771.989990234375,498047
1786095900000,771.989990234375,772.3699951171875,771.1348876953125,771.7301025390625,485208
1786096200000,771.72998046875,772.2349853515625,771.5999755859375,771.97998046875,367189
1786096500000,771.97998046875,772.1300048828125,770.4600219726562,771.040283203125,524553
1786096800000,771.0700073242188,771.6099853515625,770.4000244140625,770.4349975585938,375913
1786097100000,770.400390625,771.0700073242188,770.3699951171875,770.4949951171875,335775
1786097400000,770.47998046875,770.7899780273438,769.6199951171875,769.844970703125,650116
1786097700000,769.8699951171875,771.8289184570312,769.6799926757812,771.8200073242188,675465
1786098000000,771.8300170898438,772.280029296875,771.530029296875,772.0399780273438,446551
1786098300000,772.0449829101562,773.2899780273438,772.0449829101562,773.1900024414062,430651
1786098600000,773.1599731445312,773.3499755859375,772.3930053710938,772.6099853515625,473336
1786098900000,772.6099853515625,772.7999877929688,771.719970703125,771.9000244140625,360704
1786099200000,771.8900146484375,772.4400024414062,771.7100219726562,771.97998046875,373525
1786099500000,771.9500122070312,772.7050170898438,771.9500122070312,772.3900146484375,314230
1786099800000,772.3900146484375,772.510009765625,771.8699951171875,772.2100219726562,237498
1786100100000,772.2100219726562,773,772.1599731445312,772.8800048828125,285701
1786100400000,772.8800048828125,772.89990234375,772.3699951171875,772.760009765625,255311
1786100700000,772.780029296875,773.030029296875,772.7100219726562,772.9600219726562,985747
1786101000000,772.96630859375,773.3975219726562,772.6500244140625,773.0900268554688,440029
1786101300000,773.0900268554688,773.1599731445312,772.7849731445312,772.8800048828125,252251
1786101600000,772.8699951171875,773.6099853515625,772.8400268554688,773.5349731445312,330541
1786101900000,773.530029296875,773.8900146484375,773.47998046875,773.6500244140625,428634
1786102200000,773.6599731445312,773.9149780273438,773.4000244140625,773.4199829101562,703196
1786102500000,773.4550170898438,773.5499877929688,773.2100219726562,773.3900146484375,320907
1786102800000,773.4000244140625,773.6300048828125,772.892822265625,773.1649780273438,252931
1786103100000,773.1799926757812,773.5900268554688,773.0399780273438,773.5750122070312,208770
1786103400000,773.5499877929688,773.6400146484375,773.0499877929688,773.2999877929688,236401
1786103700000,773.3099975585938,773.3300170898438,772.8300170898438,773.030029296875,251081
1786104000000,773.0399780273438,773.1599731445312,772.7449951171875,773.155029296875,401586
1786104300000,773.1599731445312,773.3800048828125,773.030029296875,773.1649780273438,208248
1786104600000,773.1699829101562,773.35498046875,772.9949951171875,773.010009765625,271262
1786104900000,772.989990234375,773.219970703125,772.8699951171875,772.969970703125,301270
1786105200000,772.97998046875,773.3300170898438,772.239990234375,772.25,304859
1786105500000,772.260009765625,772.3300170898438,771.333984375,771.7249755859375,436150
1786105800000,771.7349853515625,771.969970703125,771.0615234375,771.9301147460938,1275956
1786106100000,771.9400024414062,772.3300170898438,771.7100219726562,772.2949829101562,408761
1786106400000,772.281494140625,772.6300048828125,772.239990234375,772.5900268554688,198371
1786106700000,772.5999755859375,772.75,772.4199829101562,772.6400146484375,285979
1786107000000,772.6300048828125,772.8599853515625,772.0850219726562,772.1950073242188,189549
1786107300000,772.2100219726562,772.3900146484375,771.9500122070312,771.9650268554688,609854
1786107600000,771.9600830078125,772.2999267578125,771.77001953125,772.0399780273438,223605
1786107900000,772.0349731445312,772.2999877929688,772.030029296875,772.260009765625,168889
1786108200000,772.260009765625,772.3699951171875,771.989990234375,772.0549926757812,142993
1786108500000,772.0549926757812,772.3800048828125,771.989990234375,772.3049926757812,164223
1786108800000,772.2899780273438,772.4099731445312,771.9000244140625,771.9000244140625,204177
1786109100000,771.8900146484375,772.22998046875,771.739990234375,772.0900268554688,163027
1786109400000,772.1099853515625,772.22998046875,771.72998046875,771.9299926757812,231652
1786109700000,771.9299926757812,772.3900146484375,771.8800048828125,772.3699951171875,144880
1786110000000,772.3900146484375,772.4199829101562,772.1300048828125,772.1699829101562,137361
1786110300000,772.1799926757812,772.4400024414062,772.0900268554688,772.2899780273438,178812
1786110600000,772.2775268554688,772.4600219726562,771.989990234375,772.2999877929688,156607
1786110900000,772.3099975585938,772.4000244140625,772.1699829101562,772.1699829101562,128891
1786111200000,772.1649780273438,772.2849731445312,772.0800170898438,772.1400146484375,283862
1786111500000,772.1500244140625,772.1799926757812,771.8300170898438,772.0399169921875,334083
1786111800000,772.0499877929688,772.1199951171875,771.4500122070312,771.5750122070312,562177
1786112100000,771.5805053710938,771.8099975585938,771.469970703125,771.72998046875,326722
1786112400000,771.719970703125,771.7999877929688,771.5399780273438,771.6599731445312,169024
1786112700000,771.6599731445312,771.760009765625,771.4500122070312,771.47998046875,195297
1786113000000,771.4749755859375,771.6400146484375,771.3350219726562,771.3900146484375,263426
1786113300000,771.3900146484375,771.510009765625,771.1900024414062,771.2999877929688,420610
1786113600000,771.2999877929688,771.3800048828125,770.8900146484375,770.9600219726562,284861
1786113900000,770.969970703125,771.280029296875,770.9099731445312,771.25,190814
1786114200000,771.25,771.489990234375,771.219970703125,771.3200073242188,444613
1786114500000,771.3300170898438,771.8099975585938,771.2100219726562,771.7100219726562,316460
1786114800000,771.6799926757812,772.469970703125,771.6599731445312,772.0499877929688,572579
1786115100000,772.0499877929688,772.6799926757812,772.0349731445312,772.6500244140625,528850
1786115400000,772.6649780273438,773.0599975585938,772.6649780273438,772.9000244140625,494134
1786115700000,772.9099731445312,773.4500122070312,772.7999877929688,772.8400268554688,598593
1786116000000,772.8599853515625,773.219970703125,772.8400268554688,772.9000244140625,320971
1786116300000,772.9099731445312,773.1199951171875,772.8599853515625,773.0750122070312,475399
1786116600000,773.0800170898438,773.0900268554688,772.6599731445312,772.719970703125,544858
1786116900000,772.739990234375,773.0999755859375,772.60498046875,772.9099731445312,581500
1786117200000,772.9199829101562,772.9598999023438,772.52001953125,772.5700073242188,569447
1786117500000,772.5700073242188,772.97998046875,772.5499877929688,772.8699951171875,658932
1786117800000,772.8499755859375,773.0549926757812,772.6500244140625,772.8499755859375,1143195
1786118100000,772.8599853515625,773.8300170898438,772.8200073242188,773.1199951171875,2978910
1786354200000,772.5999755859375,773.6300048828125,772.5499877929688,772.6400146484375,1394672
1786354500000,772.6300048828125,773.1199951171875,772.5,772.7999877929688,580217
1786354800000,772.7899780273438,773.1099853515625,772.52001953125,772.6599731445312,512584
1786355100000,772.6500244140625,773.260009765625,772.6199951171875,773.1300048828125,570720
1786355400000,773.1300048828125,773.4099731445312,772.5,773.1300048828125,604359
1786355700000,773.125,773.52001953125,773.010009765625,773.468994140625,365858
1786356000000,773.4199829101562,773.8499755859375,773.3900146484375,773.719970703125,1022823
1786356300000,773.6799926757812,774.030029296875,773.5700073242188,774.0250244140625,411551
1786356600000,774.0250244140625,774.260009765625,773.8900146484375,774.2150268554688,536935
1786356900000,774.219970703125,774.3499755859375,773.969970703125,774.2899780273438,352830
1786357200000,774.2899780273438,774.375,773.8300170898438,773.969970703125,624972
1786357500000,773.9650268554688,774.4600219726562,773.7650146484375,774.35498046875,407563
1786357800000,774.35498046875,774.6900024414062,774.27001953125,774.3599853515625,616342
1786358100000,774.35498046875,774.6199951171875,774.1746826171875,774.3400268554688,384364
1786358400000,774.3400268554688,774.6400146484375,774.3049926757812,774.5999755859375,378768
1786358700000,774.60498046875,775.0499877929688,774.5999755859375,774.9199829101562,830372
1786359000000,774.9299926757812,774.9500122070312,773.7999877929688,773.8800048828125,618461
1786359300000,773.8499755859375,774.1099853515625,773.5,773.5150146484375,473579
1786359600000,773.510009765625,773.9500122070312,773.3099975585938,773.7100219726562,435586
1786359900000,773.7100219726562,774.030029296875,773.5800170898438,773.5800170898438,341452
1786360200000,773.5499877929688,773.9199829101562,773.4500122070312,773.8200073242188,302087
1786360500000,773.8200073242188,774.1900024414062,773.760009765625,773.9199829101562,283525
1786360800000,773.9199829101562,774.0999755859375,773.7999877929688,773.9199829101562,267595
1786361100000,773.9199829101562,773.989990234375,773.4199829101562,773.739990234375,197255
1786361400000,773.760009765625,773.8699951171875,773.3599853515625,773.3900146484375,216002
1786361700000,773.405029296875,773.5999755859375,773.22998046875,773.280029296875,354915
1786362000000,773.27001953125,773.8049926757812,773.1599731445312,773.7899780273438,189257
1786362300000,773.8099975585938,773.8800048828125,773.5100708007812,773.5499877929688,172417
1786362600000,773.5650024414062,774.3400268554688,773.4949951171875,774.2100219726562,248757
1786362900000,774.1900024414062,774.4099731445312,774.030029296875,774.3099975585938,335269
1786363200000,774.3400268554688,774.4349975585938,774.0399780273438,774.1649780273438,242067
1786363500000,774.1699829101562,774.2000122070312,773.875,773.989990234375,219466
1786363800000,774,774.1400146484375,773.780029296875,773.780029296875,282665
1786364100000,773.780029296875,773.7899780273438,773.4500122070312,773.6900024414062,240699
1786364400000,773.6699829101562,773.8599853515625,773.47998046875,773.7650146484375,183608
1786364700000,773.7550048828125,773.9199829101562,773.3499755859375,773.3699951171875,233503
1786365000000,773.3699951171875,773.4879760742188,771.6199951171875,772.6799926757812,936642
1786365300000,772.739990234375,773.0700073242188,772.52001953125,772.5700073242188,396668
1786365600000,772.5700073242188,772.6400146484375,771.9749755859375,772.159912109375,399488
1786365900000,772.1599731445312,772.6300048828125,771.9299926757812,772.6099853515625,343625
1786366200000,772.6300048828125,772.6400146484375,772.260009765625,772.530029296875,163277
1786366500000,772.530029296875,772.9600219726562,772.52001953125,772.9500122070312,217374
1786366800000,772.9400024414062,773.0499877929688,772.5,772.6799926757812,313484
1786367100000,772.6799926757812,773.0900268554688,772.5800170898438,773.0900268554688,194299
1786367400000,773.0700073242188,773.25,772.9000244140625,773.1099853515625,222041
1786367700000,773.114990234375,773.280029296875,772.9852294921875,773.1400146484375,199345
1786368000000,773.147705078125,773.2100219726562,772.989990234375,773.1500244140625,196008
1786368300000,773.1400146484375,773.1799926757812,772.8599853515625,773.1094970703125,156557
1786368600000,773.1099853515625,773.260009765625,773.0599975585938,773.1300048828125,176726
1786368900000,773.1199951171875,773.1599731445312,772.7000122070312,772.844970703125,176600
1786369200000,772.8400268554688,772.969970703125,772.6099853515625,772.6500244140625,159893
1786369500000,772.6599731445312,772.760009765625,772.5499877929688,772.6799926757812,154297
1786369800000,772.6799926757812,772.75,772.489990234375,772.6199951171875,209840
1786370100000,772.6099853515625,772.8200073242188,772.510009765625,772.739013671875,240959
1786370400000,772.72998046875,772.8800048828125,772.6599731445312,772.739990234375,232718
1786370700000,772.739990234375,773.02001953125,772.6500244140625,772.9400024414062,265829
1786371000000,772.9349975585938,773.0599975585938,772.6400146484375,772.6799926757812,249045
1786371300000,772.6699829101562,772.75,772.530029296875,772.5599975585938,567494
1786371600000,772.5800170898438,772.75,772.5,772.5499877929688,223977
1786371900000,772.5499877929688,772.7100219726562,772.510009765625,772.530029296875,280755
1786372200000,772.52001953125,772.6699829101562,772.3599853515625,772.5449829101562,520433
1786372500000,772.5399780273438,772.7100219726562,772.3200073242188,772.5599975585938,314908
1786372800000,772.5599975585938,772.9299926757812,772.5499877929688,772.885009765625,723242
1786373100000,772.8800048828125,772.9299926757812,772.739990234375,772.8499755859375,357552
1786373400000,772.8400268554688,773.1500244140625,772.8400268554688,773.1099853515625,214897
1786373700000,773.114990234375,773.3300170898438,773,773.1900024414062,330679
1786374000000,773.2000122070312,773.3200073242188,773.0499877929688,773.1900024414062,380984
1786374300000,773.1849975585938,773.4000244140625,773.1099853515625,773.3900146484375,229464
1786374600000,773.3900146484375,773.3900146484375,773.219970703125,773.2999877929688,315994
1786374900000,773.2999877929688,773.4400024414062,773.2100219726562,773.2999877929688,265632
1786375200000,773.3099975585938,773.4000244140625,773.1817016601562,773.3701171875,338157
1786375500000,773.3900146484375,773.3900146484375,772.8800048828125,772.9299926757812,285647
1786375800000,772.9450073242188,773.0007934570312,772.72998046875,772.8900146484375,337947
1786376100000,772.8800048828125,773.2899780273438,772.780029296875,773.1701049804688,381510
1786376400000,773.1900024414062,773.2000122070312,772.9400024414062,773.0850219726562,319656
1786376700000,773.0800170898438,773.219970703125,772.89501953125,773.1699829101562,951188
1786377000000,773.1599731445312,773.1599731445312,772.35498046875,772.3800048828125,1210259
1786377300000,772.4000244140625,773.1599731445312,772.3150024414062,773.0700073242188,2364437
1786440600000,774.530029296875,774.5399780273438,773.22998046875,773.469970703125,1428648
1786440900000,773.4600219726562,773.5399780273438,772.864990234375,773.1099853515625,424993
1786441200000,773.1198120117188,773.7100219726562,773.0999755859375,773.2999877929688,324717
1786441500000,773.2999877929688,773.4849853515625,772.5800170898438,772.8400268554688,532137
1786441800000,772.8350219726562,773.1400146484375,772.5900268554688,772.9199829101562,298670
1786442100000,772.8800048828125,773.6400146484375,772.7999877929688,773.614990234375,380944
1786442400000,773.614990234375,774.0800170898438,773.489990234375,773.8699951171875,453452
1786442700000,773.85498046875,773.969970703125,773.5499877929688,773.7899780273438,329331
1786443000000,773.8018188476562,773.9761962890625,773.5900268554688,773.780029296875,251067
1786443300000,773.7999877929688,773.9500122070312,773.3800048828125,773.6300048828125,160206
1786443600000,773.6400146484375,773.8699951171875,773.3800048828125,773.405029296875,291938
1786443900000,773.3900146484375,773.9498901367188,773.3300170898438,773.8699951171875,406585
1786444200000,773.8800048828125,773.9299926757812,773.4600219726562,773.6699829101562,243033
1786444500000,773.6699829101562,773.7750244140625,773.2100219726562,773.344970703125,383084
1786444800000,773.3699951171875,773.6199951171875,773.280029296875,773.369873046875,201888
1786445100000,773.3599853515625,773.9299926757812,773.3499755859375,773.9000244140625,542338
1786445400000,773.8800048828125,774.0349731445312,773.4600219726562,773.8900146484375,260399
1786445700000,773.8900146484375,774.030029296875,773.5449829101562,773.6199951171875,271133
1786446000000,773.6300048828125,773.8099975585938,773.375,773.5,207831
1786446300000,773.5050048828125,773.5098876953125,772.719970703125,772.8049926757812,460078
1786446600000,772.7899780273438,772.9450073242188,772.5499877929688,772.6599731445312,361674
1786446900000,772.6599731445312,772.6799926757812,772.2000122070312,772.4500122070312,401588
1786447200000,772.4500122070312,772.8400268554688,772.4000244140625,772.510009765625,296732
1786447500000,772.52001953125,772.7000122070312,772.4000244140625,772.4010009765625,200505
1786447800000,772.4099731445312,772.5599975585938,771.8049926757812,771.9450073242188,336602
1786448100000,771.9500122070312,772.1300048828125,771.75,771.8599853515625,395830
1786448400000,771.85498046875,772.2100219726562,771.780029296875,772.1799926757812,295888
1786448700000,772.1699829101562,772.1763916015625,771.8905029296875,771.9949951171875,214007
1786449000000,772,772.2479858398438,771.77001953125,771.8399047851562,246644
1786449300000,771.8400268554688,772.1400146484375,771.7899780273438,772,315282
1786449600000,772.030029296875,772.3099975585938,772.010009765625,772.0399780273438,212708
1786449900000,772.030029296875,772.3900146484375,771.969970703125,772.3099975585938,592824
1786450200000,772.318115234375,772.3300170898438,771.9299926757812,771.9550170898438,306205
1786450500000,771.969970703125,772.4500122070312,771.9661865234375,772.0800170898438,986294
1786450800000,772.0800170898438,772.2000122070312,771.6300048828125,771.7050170898438,296802
1786451100000,771.7000122070312,771.8900146484375,771.3800048828125,771.8189697265625,681860
1786451400000,771.8175048828125,771.9199829101562,771.4600219726562,771.5599975585938,295572
1786451700000,771.5549926757812,772.010009765625,771.52001953125,771.8699951171875,216327
1786452000000,771.8599853515625,771.8599853515625,771.5499877929688,771.5800170898438,290232
1786452300000,771.5800170898438,771.5999755859375,771.280029296875,771.4299926757812,599549
1786452600000,771.4400024414062,771.5599975585938,771.3001098632812,771.3800048828125,178651
1786452900000,771.3800048828125,771.4099731445312,771.0399780273438,771.1400146484375,464586
1786453200000,771.1500244140625,771.260009765625,770.780029296875,770.7849731445312,268966
1786453500000,770.780029296875,771.0999755859375,770.760009765625,770.8800048828125,198827
1786453800000,770.8800048828125,770.8800048828125,770.2999877929688,770.3265991210938,245008
1786454100000,770.3099975585938,770.8399047851562,770.260009765625,770.7550048828125,285392
1786454400000,770.760009765625,771,770.5999755859375,770.9000244140625,191635
1786454700000,770.8900146484375,771.010009765625,770.6599731445312,770.8499755859375,158315
1786455000000,770.8499755859375,770.9500122070312,770.72998046875,770.9400024414062,156705
1786455300000,770.9450073242188,771.1300048828125,770.77001953125,770.875,235620
1786455600000,770.8900146484375,771.3099975585938,770.7899780273438,771.27001953125,230686
1786455900000,771.260009765625,771.35498046875,771.1199951171875,771.1702880859375,140117
1786456200000,771.1950073242188,771.3300170898438,771.1500244140625,771.2949829101562,150583
1786456500000,771.3099975585938,771.3099975585938,771.1099853515625,771.2399291992188,168385
1786456800000,771.219970703125,771.239501953125,770.9000244140625,771.0650024414062,288249
1786457100000,771.0700073242188,771.1599731445312,770.6699829101562,770.6900024414062,192607
1786457400000,770.7000122070312,770.9099731445312,770.6500244140625,770.8350219726562,284970
1786457700000,770.8400268554688,770.9400024414062,770.6400146484375,770.75,189412
1786458000000,770.739990234375,770.75,770.280029296875,770.489990234375,275517
1786458300000,770.5,770.5599975585938,769.2000122070312,769.5,469509
1786458600000,769.52001953125,770.0499877929688,769.5150146484375,770,831651
1786458900000,770.0050048828125,770.219970703125,769.9299926757812,770.010009765625,308649
1786459200000,770,770,769.6599731445312,769.7899780273438,386285
1786459500000,769.780029296875,770.3499755859375,769.780029296875,770.3400268554688,239434
1786459800000,770.3250122070312,770.4650268554688,770.1400146484375,770.3699951171875,287103
1786460100000,770.35498046875,770.3800048828125,770.0599975585938,770.0750122070312,163546
1786460400000,770.0900268554688,770.2100219726562,769.8900146484375,770.094970703125,208970
1786460700000,770.094970703125,770.1699829101562,769.8499755859375,770.0800170898438,301661
1786461000000,770.0900268554688,770.3800048828125,770.02001953125,770.239990234375,215690
1786461300000,770.27001953125,770.4901123046875,770.1699829101562,770.4400024414062,319523
1786461600000,770.4400024414062,770.6699829101562,770.3699951171875,770.6400146484375,276727
1786461900000,770.6389770507812,770.6900024414062,770.4500122070312,770.6300048828125,434929
1786462200000,770.6300048828125,770.8400268554688,770.5499877929688,770.7999877929688,500789
1786462500000,770.7899780273438,771.094970703125,770.7000122070312,771.0499877929688,320188
1786462800000,771.0700073242188,771.0700073242188,770.6799926757812,770.7150268554688,377306
1786463100000,770.719970703125,770.719970703125,770.2899780273438,770.3800048828125,798025
1786463400000,770.3900146484375,770.469970703125,769.7899780273438,770.4000244140625,610583
1786463700000,770.4099731445312,770.5499877929688,769.8400268554688,770.47998046875,2662022
1786527000000,774.7100219726562,774.9000244140625,772.719970703125,773.0650024414062,2473063
1786527300000,773.0499877929688,773.5150146484375,772.8049926757812,772.8800048828125,545687
1786527600000,772.8900146484375,773.1199951171875,772.4550170898438,772.8095092773438,541526
1786527900000,772.8200073242188,773.6500244140625,772.3619995117188,773.5399780273438,681812
1786528200000,773.5399780273438,773.5399780273438,772.5650024414062,772.614990234375,475100
1786528500000,772.614990234375,772.780029296875,772.0900268554688,772.5900268554688,420109
1786528800000,772.594970703125,772.8200073242188,771.9299926757812,771.9400024414062,502816
1786529100000,771.9400024414062,772.510009765625,771.8800048828125,772.4000244140625,468985
1786529400000,772.4199829101562,772.719970703125,772.1599731445312,772.3800048828125,329490
1786529700000,772.3599853515625,773.02001953125,772.22998046875,772.5,397238
1786530000000,772.5,773.030029296875,772.1799926757812,772.9650268554688,308692
1786530300000,772.9400024414062,773.3049926757812,772.5900268554688,772.7949829101562,350688
1786530600000,772.7899780273438,772.9807739257812,771.2899780273438,772.0700073242188,941071
1786530900000,772.0599975585938,772.7899780273438,771.9199829101562,772.7899780273438,327442
1786531200000,772.7799072265625,773.0900268554688,772.6799926757812,773.0599975585938,357018
1786531500000,773.0599975585938,773.2000122070312,772.4199829101562,772.6799926757812,247235
1786531800000,772.6799926757812,772.7100219726562,771.989990234375,772.0599975585938,270283
1786532100000,772.0399780273438,772.3400268554688,771.8200073242188,772.219970703125,311084
1786532400000,772.2208862304688,772.2899780273438,771.760009765625,771.8699951171875,217138
1786532700000,771.864990234375,772.2100219726562,771.7100219726562,772.0900268554688,281952
1786533000000,772.1199951171875,772.4099731445312,771.77001953125,772.1699829101562,234332
1786533300000,772.1300048828125,772.3198852539062,771.9400024414062,772.0999755859375,143342
1786533600000,772.1220092773438,772.1900024414062,771.719970703125,771.9089965820312,539655
1786533900000,771.8900146484375,772.3699951171875,771.844970703125,772.3699951171875,116530
1786534200000,772.4000244140625,772.469970703125,771.6649780273438,771.9000244140625,235675
1786534500000,771.8900146484375,772.1900024414062,771.6649780273438,771.6849975585938,186942
1786534800000,771.6699829101562,771.969970703125,771.5599975585938,771.7999877929688,555093
1786535100000,771.7999877929688,772.1699829101562,771.7698974609375,772.1699829101562,131275
1786535400000,772.1900024414062,772.1900024414062,771.8400268554688,771.97998046875,155260
1786535700000,771.9400024414062,772.0800170898438,771.8699951171875,772.030029296875,160609
1786536000000,772.0150146484375,772.4299926757812,771.969970703125,772.219970703125,187168
1786536300000,772.219970703125,772.3599853515625,771.97998046875,772.3499755859375,174934
1786536600000,772.3699951171875,772.6199951171875,772.2000122070312,772.5198974609375,407843
1786536900000,772.530029296875,772.6199951171875,772.3599853515625,772.434326171875,245911
1786537200000,772.435302734375,772.6400146484375,772.3200073242188,772.5700073242188,209073
1786537500000,772.5800170898438,772.6699829101562,772.4099731445312,772.4500122070312,181309
1786537800000,772.4500122070312,772.530029296875,772.1799926757812,772.2000122070312,269932
1786538100000,772.2000122070312,772.77001953125,772.1799926757812,772.760009765625,190220
1786538400000,772.760009765625,772.9099731445312,772.6599731445312,772.739990234375,204084
1786538700000,772.760009765625,772.8870239257812,772.5599975585938,772.8499755859375,185898
1786539000000,772.8499755859375,773.2000122070312,772.8400268554688,773.0650024414062,264200
1786539300000,773.0599975585938,773.0800170898438,772.8099975585938,772.905029296875,222871
1786539600000,772.9099731445312,773.0999755859375,772.8400268554688,773.0499877929688,206060
1786539900000,773.0549926757812,773.2899780273438,773,773.010009765625,223812
1786540200000,773.0198974609375,773.0700073242188,772.77001953125,773.030029296875,166664
1786540500000,773.030029296875,773.030029296875,772.6099853515625,772.77001953125,300930
1786540800000,772.77001953125,772.905029296875,772.6599731445312,772.7899780273438,153404
1786541100000,772.780029296875,773.0250244140625,772.72998046875,772.780029296875,175028
1786541400000,772.8300170898438,773,772.7000122070312,772.9000244140625,307687
1786541700000,772.9000244140625,772.9500122070312,772.760009765625,772.864990234375,161672
1786542000000,772.8599853515625,772.969970703125,772.719970703125,772.8800048828125,175230
1786542300000,772.8599853515625,772.9600219726562,772.760009765625,772.7999877929688,145350
1786542600000,772.7899780273438,772.97998046875,772.72998046875,772.75,203119
1786542900000,772.75,772.89501953125,772.6414184570312,772.8101196289062,134379
1786543200000,772.8099975585938,772.9600219726562,772.780029296875,772.9099731445312,195541
1786543500000,772.8900146484375,772.97998046875,772.8099975585938,772.8900146484375,154186
1786543800000,772.8887329101562,773.2100219726562,772.8887329101562,773.1099853515625,219976
1786544100000,773.1099853515625,773.1300048828125,772.97998046875,773.1300048828125,323123
1786544400000,773.1199951171875,773.22998046875,772.9600219726562,773.2249755859375,208122
1786544700000,773.22998046875,773.3099975585938,773.0700073242188,773.0900268554688,189330
1786545000000,773.0900268554688,773.468994140625,773.0900268554688,773.344970703125,198769
1786545300000,773.3300170898438,773.489990234375,773.3300170898438,773.4249877929688,213080
1786545600000,773.4199829101562,773.6300048828125,773.4199829101562,773.510009765625,222541
1786545900000,773.5150146484375,773.5499877929688,773.3800048828125,773.5250244140625,248126
1786546200000,773.530029296875,773.6300048828125,773.4400024414062,773.4400024414062,198072
1786546500000,773.4500122070312,773.4500122070312,773.0399780273438,773.0599975585938,299380
1786546800000,773.0349731445312,773.3250122070312,773.02001953125,773.2503051757812,222436
1786547100000,773.2559814453125,773.3800048828125,773.2100219726562,773.22998046875,490028
1786547400000,773.22998046875,773.280029296875,773,773.0700073242188,204145
1786547700000,773.0700073242188,773.219970703125,773.0549926757812,773.14501953125,400179
1786548000000,773.1400146484375,773.1599731445312,772.7999877929688,772.8699951171875,256993
1786548300000,772.8699951171875,772.989990234375,772.8099975585938,772.97998046875,338557
1786548600000,772.97998046875,773.02001953125,772.7999877929688,772.8800048828125,322257
1786548900000,772.8699951171875,773,772.8400268554688,772.8900146484375,369107
1786549200000,772.8800048828125,772.9099731445312,772.5599975585938,772.864990234375,301466
1786549500000,772.8599853515625,773,772.7000122070312,772.8800048828125,452702
1786549800000,772.8800048828125,772.9000244140625,772.1699829101562,772.239990234375,838012
1786550100000,772.260009765625,772.719970703125,772,772.52001953125,1530781
1786613400000,774.8699951171875,775.489990234375,774.1199951171875,775.3807983398438,1376104
1786613700000,775.3900146484375,776.469970703125,775.3599853515625,776.4400024414062,709923
1786614000000,776.4400024414062,776.4400024414062,775.5499877929688,775.7100219726562,478545
1786614300000,775.719970703125,776.9603271484375,775.6199951171875,776.8400268554688,560229
1786614600000,776.8400268554688,777.1699829101562,776.6699829101562,777.1500244140625,516829
1786614900000,777.135009765625,777.6900024414062,776.9299926757812,777.6099853515625,518195
1786615200000,777.5999755859375,778.25,777.52001953125,778.2249755859375,529056
1786615500000,778.2249755859375,778.3900146484375,777.9299926757812,778.1400146484375,448939
1786615800000,778.1500244140625,778.5499877929688,778.1300048828125,778.510009765625,353311
1786616100000,778.5250244140625,778.6599731445312,778.023193359375,778.530029296875,348225
1786616400000,778.5399780273438,779.2100219726562,778.3900146484375,779.0294799804688,453879
1786616700000,779.030029296875,779.25,778.9099731445312,779.1900024414062,271731
1786617000000,779.1900024414062,779.3699951171875,778.97998046875,779.219970703125,464862
1786617300000,779.219970703125,779.3699951171875,778.75,779.0650024414062,416718
1786617600000,779.0650024414062,779.1099853515625,778.5695190429688,778.5695190429688,391491
1786617900000,778.5399780273438,778.5499877929688,777.530029296875,777.6799926757812,489939
1786618200000,777.6900024414062,777.9349975585938,777.5700073242188,777.8400268554688,628299
1786618500000,777.8400268554688,777.969970703125,777.3800048828125,777.760009765625,299201
1786618800000,777.77001953125,778.22998046875,777.3200073242188,777.3800048828125,292865
1786619100000,777.3699951171875,777.60498046875,776.9650268554688,777.2349853515625,364453
1786619400000,777.239990234375,777.3699951171875,777.02001953125,777.1199951171875,379276
1786619700000,777.125,777.25,776.7213134765625,777.1749877929688,269694
1786620000000,777.1500244140625,777.260009765625,776.8250122070312,776.9149780273438,311149
1786620300000,776.9199829101562,776.9299926757812,775.9199829101562,776.1699829101562,783714
1786620600000,776.1799926757812,776.3099975585938,775.7100219726562,775.72998046875,364892
1786620900000,775.739990234375,776.1500244140625,775.5800170898438,775.9600219726562,843741
1786621200000,775.9500122070312,776.3699951171875,775.7000122070312,775.9650268554688,345484
1786621500000,775.9600219726562,776.1300048828125,775.7000122070312,775.909912109375,237331
1786621800000,775.89501953125,775.9299926757812,775.52001953125,775.6599731445312,194043
1786622100000,775.6599731445312,775.9299926757812,775.3800048828125,775.489990234375,263486
1786622400000,775.47998046875,776.0499877929688,775.4600219726562,775.89990234375,207585
1786622700000,775.9099731445312,776.2899780273438,775.8900146484375,775.9650268554688,204513
1786623000000,775.9650268554688,776.1199951171875,775.6749877929688,775.6900024414062,154007
1786623300000,775.6923217773438,775.8800048828125,775.5999755859375,775.8499755859375,198565
1786623600000,775.8499755859375,776.0900268554688,775.760009765625,776.0599975585938,207324
1786623900000,776.0650024414062,776.52001953125,776.0449829101562,776.52001953125,543639
1786624200000,776.5250244140625,776.7100219726562,776.405029296875,776.6400146484375,278306
1786624500000,776.6400146484375,776.7000122070312,776.2199096679688,776.2899780273438,258151
1786624800000,776.2857055664062,776.510009765625,776.2050170898438,776.4400024414062,159458
1786625100000,776.4146728515625,776.6699829101562,776.4146728515625,776.6099853515625,180286
1786625400000,776.6099853515625,776.7999877929688,776.594970703125,776.6900024414062,160969
1786625700000,776.6799926757812,776.760009765625,776.5850219726562,776.7000122070312,126149
1786626000000,776.7100219726562,777.0499877929688,776.7100219726562,776.989990234375,156097
1786626300000,777,777.3800048828125,776.9299926757812,777.25,168554
1786626600000,777.25,777.2999877929688,777.0900268554688,777.1900024414062,121079
1786626900000,777.1699829101562,777.4000244140625,777.1699829101562,777.4000244140625,139804
1786627200000,777.405029296875,777.47998046875,777.1699829101562,777.280029296875,122761
1786627500000,777.2899780273438,777.3099975585938,777.0900268554688,777.1099853515625,134965
1786627800000,777.0999755859375,777.239990234375,776.8300170898438,776.9299926757812,139366
1786628100000,776.9299926757812,776.9349975585938,776.6649780273438,776.7899780273438,170159
1786628400000,776.7864990234375,776.9000244140625,776.6199951171875,776.6199951171875,115385
1786628700000,776.6199951171875,776.9199829101562,776.6199951171875,776.8300170898438,109112
1786629000000,776.8400268554688,776.9299926757812,776.739990234375,776.77001953125,86696
1786629300000,776.780029296875,776.9400024414062,776.6699829101562,776.7449951171875,148652
1786629600000,776.75,776.9400024414062,776.739990234375,776.9099731445312,137327
1786629900000,776.9299926757812,777.0399780273438,776.7999877929688,776.8300170898438,335929
1786630200000,776.8200073242188,777.1400146484375,776.6599731445312,777.0800170898438,201122
1786630500000,777.0750122070312,777.1699829101562,776.8900146484375,776.9500122070312,468879
1786630800000,776.9299926757812,776.989990234375,776.6799926757812,776.719970703125,225428
1786631100000,776.72998046875,777.0449829101562,776.7100219726562,776.97998046875,253739
1786631400000,776.989990234375,777.260009765625,776.989990234375,777.2368774414062,236949
1786631700000,777.25,777.4199829101562,777.2000122070312,777.4000244140625,252989
1786632000000,777.4099731445312,777.739990234375,777.3599853515625,777.6174926757812,251157
1786632300000,777.614990234375,777.760009765625,777.6055297851562,777.75,166152
1786632600000,777.75,777.9299926757812,777.6300048828125,777.8699951171875,244315
1786632900000,777.8699951171875,777.9199829101562,777.6699829101562,777.739990234375,176845
1786633200000,777.75,777.9301147460938,777.719970703125,777.8800048828125,292028
1786633500000,777.8800048828125,778.4299926757812,777.7999877929688,778.35498046875,309207
1786633800000,778.3599853515625,778.3599853515625,777.8400268554688,777.9600219726562,399339
1786634100000,777.9500122070312,778.1500244140625,777.7899780273438,778.1500244140625,470137
1786634400000,778.14501953125,778.3300170898438,778.1300048828125,778.2949829101562,318573
1786634700000,778.2899780273438,778.3699951171875,777.97998046875,778.0300903320312,312743
1786635000000,778.030029296875,778.239990234375,777.9500122070312,778.0399780273438,648879
1786635300000,778.0399780273438,778.0599975585938,777.72998046875,777.9550170898438,1055543
1786635600000,777.9600219726562,778.030029296875,777.6900024414062,777.719970703125,394536
1786635900000,777.7100219726562,777.8200073242188,777.6400146484375,777.77001953125,715586
1786636200000,777.75,777.75,777.3499755859375,777.5150146484375,1408773
1786636500000,777.530029296875,777.9349975585938,777.364990234375,777.780029296875,2781625
1786699800000,778.5399780273438,778.5800170898438,777.9199829101562,778.1900024414062,1160934
1786700100000,778.1649780273438,778.280029296875,777.6599731445312,778.02001953125,478796
1786700400000,778.0399780273438,778.4849853515625,777.8200073242188,778.3800048828125,509871
1786700700000,778.3900146484375,778.5999755859375,777.88037109375,777.9500122070312,335338
1786701000000,777.9600219726562,778.5999755859375,777.8099975585938,778.469970703125,384936
1786701300000,778.469970703125,778.510009765625,778.0999755859375,778.4299926757812,228278
1786701600000,778.4199829101562,778.5900268554688,778.1599731445312,778.5499877929688,232658
1786701900000,778.5499877929688,778.7999877929688,778.469970703125,778.52001953125,274925
1786702200000,778.530029296875,778.6799926757812,778.280029296875,778.280029296875,205626
1786702500000,778.2750244140625,778.3400268554688,777.7650146484375,777.8101196289062,353296
1786702800000,777.8099975585938,777.9099731445312,777.3800048828125,777.530029296875,414251
1786703100000,777.527099609375,777.619873046875,777.1300048828125,777.4099731445312,381514
1786703400000,777.4000244140625,777.47998046875,776.8200073242188,776.8699951171875,435292
1786703700000,776.8599853515625,777.4400024414062,776.8400268554688,777.4000244140625,277615
1786704000000,777.375,777.375,777.010009765625,777.1300048828125,225269
1786704300000,777.1199951171875,777.4299926757812,777.030029296875,777.260009765625,298480
1786704600000,777.2449951171875,777.4392700195312,776.9880981445312,777.0150146484375,253978
1786704900000,777.02001953125,777.1500244140625,776.739990234375,776.739990234375,199305
1786705200000,776.7449951171875,777.1099853515625,776.7100219726562,776.9400024414062,186300
1786705500000,776.9299926757812,777.0599975585938,776.5700073242188,776.6599731445312,223936
1786705800000,776.6699829101562,776.780029296875,776.4199829101562,776.4550170898438,238187
1786706100000,776.4500122070312,776.6900024414062,776.4299926757812,776.5900268554688,265969
1786706400000,776.5900268554688,776.6500244140625,775.989990234375,776.0017700195312,463188
1786706700000,776,776.2999877929688,775.8599853515625,776.2999877929688,485454
1786707000000,776.2899780273438,776.4149780273438,776.010009765625,776.1699829101562,430442
1786707300000,776.1799926757812,776.4600219726562,776.0599975585938,776.0618286132812,381075
1786707600000,776.0900268554688,776.1300048828125,775.8499755859375,776.0499877929688,349847
1786707900000,776.0549926757812,776.3699951171875,775.8599853515625,775.8900146484375,346623
1786708200000,775.8800048828125,776.2100219726562,775.8099975585938,776.114990234375,358905
1786708500000,776.1199951171875,776.3499755859375,776.02001953125,776.219970703125,218846
1786708800000,776.22998046875,776.5900268554688,776.22998046875,776.4398803710938,283320
1786709100000,776.4099731445312,776.510009765625,776.0999755859375,776.239990234375,189294
1786709400000,776.236328125,776.5599975585938,776.1699829101562,776.5499877929688,359889
1786709700000,776.5499877929688,776.75,776.530029296875,776.5900268554688,463051
1786710000000,776.5900268554688,776.7000122070312,776.4400024414062,776.6699829101562,208944
1786710300000,776.6749877929688,776.8200073242188,776.6199951171875,776.7100219726562,206619
1786710600000,776.7000122070312,776.7349853515625,776.2999877929688,776.375,266514
1786710900000,776.3800048828125,776.6300048828125,776.3400268554688,776.469970703125,202947
1786711200000,776.489990234375,776.489990234375,776.135009765625,776.135009765625,183890
1786711500000,776.1300048828125,776.2100219726562,775.9805297851562,776.1375122070312,180390
1786711800000,776.1199951171875,776.1199951171875,775.8250122070312,775.9237060546875,180647
1786712100000,775.9299926757812,776.010009765625,775.6599731445312,775.7000122070312,233654
1786712400000,775.7000122070312,775.8800048828125,775.6300048828125,775.7899780273438,183720
1786712700000,775.7899780273438,775.969970703125,775.780029296875,775.9000244140625,169827
1786713000000,775.9099731445312,776.114990234375,775.8300170898438,776.0599975585938,224927
1786713300000,776.0499877929688,776.1099853515625,775.7899780273438,775.9650268554688,138172
1786713600000,775.9600219726562,776.1300048828125,775.780029296875,775.8300170898438,206717
1786713900000,775.8200073242188,775.8300170898438,775.653076171875,775.77001953125,134375
1786714200000,775.780029296875,775.97998046875,775.739990234375,775.8300170898438,172892
1786714500000,775.8200073242188,775.8200073242188,775.4301147460938,775.5750122070312,148579
1786714800000,775.5499877929688,775.6599731445312,775.469970703125,775.5999755859375,238174
1786715100000,775.5999755859375,775.719970703125,775.5399780273438,775.6099853515625,188872
1786715400000,775.5999755859375,775.8099975585938,775.4650268554688,775.7550048828125,154521
1786715700000,775.7550048828125,775.9299926757812,775.6400146484375,775.8300170898438,124476
1786716000000,775.8350219726562,776.1099853515625,775.72998046875,776.02001953125,490127
1786716300000,776.02001953125,776.1599731445312,775.9500122070312,776.155029296875,195210
1786716600000,776.1500244140625,776.2999877929688,776.0700073242188,776.1599731445312,236277
1786716900000,776.1500244140625,776.3300170898438,776.1199951171875,776.2050170898438,504091
1786717200000,776.2100219726562,776.3200073242188,776.0800170898438,776.1749877929688,200261
1786717500000,776.1799926757812,776.27001953125,775.8900146484375,775.9249877929688,131096
1786717800000,775.9299926757812,776.1099853515625,775.8200073242188,775.9000244140625,182489
1786718100000,775.9000244140625,776.0399780273438,775.8200073242188,776.0050048828125,311403
1786718400000,776.0050048828125,776.27001953125,775.9500122070312,776.2100219726562,220569
1786718700000,776.2100219726562,776.260009765625,776.0399780273438,776.2550048828125,165278
1786719000000,776.260009765625,776.4918823242188,776.260009765625,776.3599853515625,279514
1786719300000,776.3599853515625,776.3599853515625,776.1500244140625,776.1900024414062,123002
1786719600000,776.1900024414062,776.219970703125,775.8900146484375,775.989990234375,212320
1786719900000,775.9849853515625,776.1900024414062,775.9500122070312,776.1599731445312,109170
1786720200000,776.1699829101562,776.1849975585938,776.0399780273438,776.0499877929688,406662
1786720500000,776.0499877929688,776.1300048828125,775.8300170898438,775.9949951171875,478012
1786720800000,775.9949951171875,776.1199951171875,775.8699951171875,776.1099853515625,375563
1786721100000,776.1099853515625,776.3300170898438,776.1099853515625,776.155029296875,218832
1786721400000,776.155029296875,776.3088989257812,776.0999755859375,776.2349853515625,314674
1786721700000,776.239990234375,776.3200073242188,776.030029296875,776.1699829101562,643297
1786722000000,776.1699829101562,776.3049926757812,776.114990234375,776.1649780273438,290616
1786722300000,776.1599731445312,776.219970703125,775.969970703125,776.2000122070312,398764
1786722600000,776.1900024414062,776.4099731445312,776.0999755859375,776.2000122070312,620968
1786722900000,776.2100219726562,776.4199829101562,775.9199829101562,776.2999877929688,1512056
1786959000000,776.1799926757812,776.7750244140625,775.4620971679688,775.510009765625,1534766
1786959300000,775.5098876953125,775.8900146484375,775.3200073242188,775.4398803710938,495067
1786959600000,775.4500122070312,775.8400268554688,775.3200073242188,775.5650024414062,234312
1786959900000,775.5599975585938,776.0100708007812,775.1900024414062,775.969970703125,491370
1786960200000,775.9749755859375,776,775.5599975585938,775.8099975585938,256324
1786960500000,775.8300170898438,775.8300170898438,775.1799926757812,775.29052734375,272021
1786960800000,775.2650146484375,775.5999755859375,775.02001953125,775.4099731445312,352408
1786961100000,775.4099731445312,775.5,775.0900268554688,775.4349975585938,324799
1786961400000,775.4400024414062,775.77001953125,775.3599853515625,775.6599731445312,267380
1786961700000,775.6599731445312,775.6599731445312,775.2349853515625,775.3300170898438,250538
1786962000000,775.3499755859375,775.3599853515625,775.02001953125,775.25,208298
1786962300000,775.260009765625,775.469970703125,775,775.4600219726562,303355
1786962600000,775.4500122070312,775.5899047851562,775.3400268554688,775.5601196289062,262806
1786962900000,775.5700073242188,775.5700073242188,774.9299926757812,775.0599975585938,247573
1786963200000,775.0700073242188,775.3400268554688,775.030029296875,775.1212158203125,249271
1786963500000,775.1400146484375,775.3699951171875,775.1300048828125,775.2849731445312,254667
1786963800000,775.2899780273438,775.47998046875,774.9000244140625,774.9600219726562,461284
1786964100000,774.9600219726562,775.2899780273438,774.8900146484375,775.27001953125,327036
1786964400000,775.27001953125,775.5999755859375,775.1500244140625,775.5,260821
1786964700000,775.5,775.5999755859375,775.2999877929688,775.3800048828125,202964
1786965000000,775.3699951171875,775.5700073242188,775.3200073242188,775.3300170898438,171675
1786965300000,775.3300170898438,775.760009765625,775.2999877929688,775.7000122070312,200356
1786965600000,775.7000122070312,775.8599853515625,775.6199951171875,775.6699829101562,233700
1786965900000,775.7000122070312,775.7899780273438,775.530029296875,775.7150268554688,171067
1786966200000,775.7150268554688,775.8200073242188,775.219970703125,775.2210083007812,208647
1786966500000,775.239990234375,775.3250122070312,774.969970703125,775.02001953125,265539
1786966800000,775.010009765625,775.1099853515625,774.7100219726562,775.0999755859375,412020
1786967100000,775.0999755859375,775.239990234375,775.0150146484375,775.0999755859375,210075
1786967400000,775.0700073242188,775.4099731445312,775.02001953125,775.3300170898438,250662
1786967700000,775.3300170898438,775.4400024414062,775.280029296875,775.2999877929688,161832
1786968000000,775.2949829101562,775.375,775.135009765625,775.219970703125,152249
1786968300000,775.219970703125,775.3200073242188,775.0599975585938,775.1300048828125,200896
1786968600000,775.1500244140625,775.4600219726562,775.1300048828125,775.3800048828125,218467
1786968900000,775.3800048828125,775.5900268554688,775.3599853515625,775.5,142448
1786969200000,775.510009765625,775.6099853515625,775.3699951171875,775.4199829101562,138618
1786969500000,775.4000244140625,775.4299926757812,775.2050170898438,775.2899780273438,119019
1786969800000,775.2999877929688,775.4099731445312,775.0900268554688,775.1099853515625,153351
1786970100000,775.1099853515625,775.2899780273438,775.0900268554688,775.2899780273438,129886
1786970400000,775.2899780273438,775.2899780273438,774.9299926757812,774.9400024414062,162965
1786970700000,774.9450073242188,775.0700073242188,774.8499755859375,775.0050048828125,213328
1786971000000,775.010009765625,775.0499877929688,774.6500244140625,774.8699951171875,180503
1786971300000,774.8699951171875,774.9099731445312,774.6099853515625,774.6799926757812,205635
1786971600000,774.6699829101562,774.780029296875,774.5599975585938,774.6799926757812,203950
1786971900000,774.6799926757812,774.6799926757812,774.489990234375,774.5599975585938,242930
1786972200000,774.5599975585938,774.6500244140625,774.2999877929688,774.3099975585938,294702
1786972500000,774.2899780273438,774.4450073242188,774.0700073242188,774.239990234375,349125
1786972800000,774.239990234375,774.3200073242188,773.6599731445312,773.75,438645
1786973100000,773.75,773.7899780273438,773.469970703125,773.5800170898438,357085
1786973400000,773.5700073242188,773.8599853515625,773.4199829101562,773.4400024414062,401629
1786973700000,773.4299926757812,773.530029296875,773.14501953125,773.14501953125,274573
1786974000000,773.1300048828125,773.8400268554688,773.0999755859375,773.780029296875,426708
1786974300000,773.760986328125,773.844970703125,773.4749755859375,773.5050048828125,209291
1786974600000,773.510009765625,773.6699829101562,773.4000244140625,773.5549926757812,243333
1786974900000,773.5598754882812,773.5700073242188,773.3200073242188,773.4099731445312,179368
1786975200000,773.4199829101562,773.5900268554688,773.280029296875,773.4500122070312,416637
1786975500000,773.4500122070312,773.6300048828125,773.2999877929688,773.3900146484375,309578
1786975800000,773.3599853515625,773.75,773.3300170898438,773.6900024414062,260321
1786976100000,773.6950073242188,773.7999877929688,773.510009765625,773.5789794921875,237162
1786976400000,773.5599975585938,773.739990234375,773.3900146484375,773.7100219726562,297506
1786976700000,773.7000122070312,773.7999877929688,773.4199829101562,773.5900268554688,230399
1786977000000,773.5800170898438,773.6300048828125,773.22998046875,773.260009765625,387643
1786977300000,773.260009765625,773.489990234375,773.260009765625,773.4799194335938,193441
1786977600000,773.4500122070312,773.7000122070312,773.4000244140625,773.5999755859375,239373
1786977900000,773.60498046875,773.780029296875,773.5549926757812,773.719970703125,286347
1786978200000,773.7150268554688,773.8200073242188,773.5449829101562,773.5999755859375,222482
1786978500000,773.594970703125,773.635009765625,773.5,773.5349731445312,170976
1786978800000,773.5349731445312,773.5900268554688,773.2999877929688,773.3200073242188,298525
1786979100000,773.3300170898438,773.4299926757812,773.260009765625,773.2949829101562,303874
1786979400000,773.2949829101562,773.4149780273438,773.155029296875,773.2100219726562,579610
1786979700000,773.2100219726562,773.510009765625,773.1599731445312,773.3800048828125,285425
1786980000000,773.3900146484375,773.469970703125,773.25,773.280029296875,258956
1786980300000,773.27001953125,773.4099731445312,773.1199951171875,773.1199951171875,295472
1786980600000,773.1300048828125,773.1599731445312,772.72998046875,772.9749755859375,624398
1786980900000,772.97998046875,773.1199951171875,772.8626708984375,773.0150146484375,604289
1786981200000,773.010009765625,773.0700073242188,772.8099975585938,772.97998046875,583838
1786981500000,772.97998046875,773.3400268554688,772.969970703125,773.3150024414062,842549
1786981800000,773.3150024414062,773.3599853515625,772.6199951171875,772.7550048828125,1025199
1786982100000,772.75,772.9500122070312,772.510009765625,772.6799926757812,4905007
1787045400000,768.7000122070312,769.4600219726562,767.9099731445312,768.5499877929688,2622640
1787045700000,768.5499877929688,769.19970703125,768.3099975585938,769.1300048828125,756092
1787046000000,769.10498046875,769.5,768.719970703125,768.75,636495
1787046300000,768.72998046875,769.0800170898438,768.3599853515625,768.4500122070312,689642
1787046600000,768.4600219726562,768.8099975585938,768.2150268554688,768.5599975585938,472300
1787046900000,768.5800170898438,768.8499755859375,768.1199951171875,768.469970703125,373690
1787047200000,768.489990234375,769.27001953125,768.1799926757812,768.969970703125,485647
1787047500000,768.9600219726562,769.2100219726562,768.4450073242188,768.5399780273438,541217
1787047800000,768.5399780273438,768.5700073242188,767.6300048828125,768.0900268554688,806006
1787048100000,768.1099853515625,768.8200073242188,767.989990234375,768.5499877929688,508100
1787048400000,768.5499877929688,768.97998046875,768.0900268554688,768.8099975585938,456557
1787048700000,768.8200073242188,769.0800170898438,768.5358276367188,768.6599731445312,444417
1787049000000,768.6400146484375,769.25,768.5700073242188,768.77001953125,387090
1787049300000,768.77001953125,769.1699829101562,768.72998046875,769.0900268554688,546474
1787049600000,769.0900268554688,769.2100219726562,768.3800048828125,768.4000244140625,404735
1787049900000,768.3900146484375,768.5850219726562,768.1799926757812,768.469970703125,375061
1787050200000,768.4749755859375,768.8049926757812,767.9099731445312,767.9400024414062,497885
1787050500000,767.9400024414062,768.1300048828125,767.7100219726562,767.9199829101562,469333
1787050800000,767.9299926757812,768.2949829101562,767.4199829101562,768.219970703125,462120
1787051100000,768.219970703125,768.3800048828125,767.719970703125,767.77001953125,342508
1787051400000,767.780029296875,767.9249877929688,767.6400146484375,767.719970703125,301549
1787051700000,767.72998046875,767.8900146484375,767.469970703125,767.47998046875,348711
1787052000000,767.4500122070312,767.718017578125,767.3300170898438,767.5499877929688,326194
1787052300000,767.5399780273438,768.0313720703125,767.4199829101562,767.8400268554688,263936
1787052600000,767.85498046875,768.1900024414062,767.7349853515625,767.8900146484375,386741
1787052900000,767.8900146484375,767.9000244140625,767.5999755859375,767.8250122070312,260768
1787053200000,767.8350219726562,768.2650146484375,767.6900024414062,768.0599975585938,398746
1787053500000,768.0700073242188,768.5700073242188,768.0700073242188,768.39501953125,416330
1787053800000,768.3699951171875,768.6300048828125,768.0999755859375,768.489990234375,194237
1787054100000,768.47998046875,768.5,768.0700073242188,768.3499755859375,229765
1787054400000,768.3499755859375,768.6500244140625,768.2750244140625,768.5700073242188,198610
1787054700000,768.5549926757812,768.7100219726562,768.219970703125,768.3699951171875,185821
1787055000000,768.3699951171875,768.72998046875,768.3699951171875,768.5499877929688,122339
1787055300000,768.5700073242188,768.6400146484375,768.2210083007812,768.3099975585938,166128
1787055600000,768.3099975585938,768.8699951171875,768.3099975585938,768.6799926757812,155592
1787055900000,768.6699829101562,768.7299194335938,768.1400146484375,768.2100219726562,240325
1787056200000,768.1900024414062,768.4299926757812,768.0700073242188,768.3099975585938,155634
1787056500000,768.3200073242188,768.5800170898438,768.1649780273438,768.4550170898438,202447
1787056800000,768.4600219726562,768.5999755859375,768.1900024414062,768.3699951171875,113118
1787057100000,768.3800048828125,768.8400268554688,768.2000122070312,768.77001953125,168244
1787057400000,768.77001953125,768.8699951171875,768.64501953125,768.8298950195312,149309
1787057700000,768.8200073242188,768.8300170898438,768.6199951171875,768.6300048828125,412159
1787058000000,768.6199951171875,768.6900024414062,768.3699951171875,768.5499877929688,257158
1787058300000,768.5599975585938,768.760009765625,768.4500122070312,768.760009765625,208302
1787058600000,768.760009765625,768.8200073242188,768.489990234375,768.6199951171875,126300
1787058900000,768.6199951171875,768.6400146484375,768.27001953125,768.2999877929688,123137
1787059200000,768.2999877929688,768.5449829101562,768.239990234375,768.260009765625,149089
1787059500000,768.260009765625,768.3300170898438,768.0800170898438,768.2999877929688,148242
1787059800000,768.2899780273438,768.3900146484375,768.0938720703125,768.1900024414062,302759
1787060100000,768.198974609375,768.3925170898438,768.010009765625,768.219970703125,138634
1787060400000,768.219970703125,768.2899780273438,768.0599975585938,768.0900268554688,121558
1787060700000,768.0700073242188,768.2100219726562,767.989990234375,768.010009765625,104516
1787061000000,768.02001953125,768.1799926757812,767.9500122070312,768.0700073242188,100285
1787061300000,768.0650024414062,768.0700073242188,767.6099853515625,767.6199951171875,203563
1787061600000,767.6199951171875,767.72998046875,767.530029296875,767.635009765625,373405
1787061900000,767.6400146484375,767.760009765625,767.4500122070312,767.489990234375,1146482
1787062200000,767.5,768.0999755859375,767.4600219726562,768.0599975585938,332283
1787062500000,768.0700073242188,768.4400024414062,768.0399169921875,768.4099731445312,402236
1787062800000,768.405029296875,768.5650024414062,768.2100219726562,768.27001953125,250132
1787063100000,768.2650146484375,768.405029296875,768.10498046875,768.3599853515625,230834
1787063400000,768.35498046875,768.4099731445312,768.1400146484375,768.2949829101562,225951
1787063700000,768.3200073242188,768.4299926757812,768.2899780273438,768.3200073242188,177403
1787064000000,768.3200073242188,768.3599853515625,768.0800170898438,768.0900268554688,221217
1787064300000,768.0999755859375,768.2000122070312,768.02001953125,768.0599975585938,281604
1787064600000,768.0499877929688,768.0900268554688,767.7999877929688,767.8099975585938,291691
1787064900000,767.7999877929688,767.9149780273438,767.6799926757812,767.7000122070312,264171
1787065200000,767.6900024414062,767.8699951171875,767.6199951171875,767.7449951171875,384418
1787065500000,767.75,767.9500122070312,767.6500244140625,767.8300170898438,218237
1787065800000,767.8300170898438,767.9199829101562,767.5599975585938,767.6199951171875,262138
1787066100000,767.6199951171875,767.8599853515625,767.6099853515625,767.8499755859375,227850
1787066400000,767.85498046875,768.1500244140625,767.760009765625,768.1500244140625,373300
1787066700000,768.1300048828125,768.1799926757812,768.0050048828125,768.02001953125,269239
1787067000000,768.0150146484375,768.219970703125,767.8499755859375,767.8900146484375,418605
1787067300000,767.8956298828125,768.0599975585938,767.8499755859375,767.9500122070312,351624
1787067600000,767.9500122070312,767.969970703125,767.719970703125,767.89501953125,562829
1787067900000,767.8900146484375,767.9600219726562,767.6500244140625,767.8900146484375,986099
1787068200000,767.8900146484375,767.9400024414062,767.27001953125,767.4149780273438,1662877
1787068500000,767.4199829101562,767.6699829101562,766.9249877929688,767.3900146484375,5893584
1787131800000,770.3599853515625,770.6300048828125,769.8599853515625,770.02099609375,2772579
1787132100000,770.030029296875,770.22998046875,769.4099731445312,769.510009765625,576086
1787132400000,769.530029296875,770.2999877929688,769.2501220703125,770.0999755859375,491390
1787132700000,770.1099853515625,770.5999755859375,768.3599853515625,768.543701171875,654143
1787133000000,768.5598754882812,769.72998046875,768.0999755859375,769.6749877929688,710671
1787133300000,769.6699829101562,770.375,769.3800048828125,769.989990234375,365577
1787133600000,770.02001953125,770.260009765625,769.5599975585938,769.64501953125,357200
1787133900000,769.6300048828125,770.02001953125,769.47998046875,769.7866821289062,301719
1787134200000,769.7999877929688,769.9697265625,768.72998046875,768.739990234375,531369
1787134500000,768.739990234375,770.1300048828125,768.72998046875,769.7650146484375,409215
1787134800000,769.77001953125,770.1699829101562,769.3800048828125,769.5800170898438,230384
1787135100000,769.5700073242188,770.0650024414062,769.2100219726562,770.030029296875,317779
1787135400000,769.97998046875,770.4580078125,769.8101806640625,770.1898803710938,318762
1787135700000,770.1799926757812,771.2999877929688,770.1500244140625,771.1400146484375,505359
1787136000000,771.155029296875,771.3300170898438,770.8300170898438,771.0595092773438,401978
1787136300000,771.0700073242188,771.2899780273438,770.6699829101562,770.760009765625,343048
1787136600000,770.7487182617188,771.6099853515625,770.72998046875,771.3499755859375,295702
1787136900000,771.364990234375,772.2399291992188,771.3099975585938,772.2000122070312,416878
1787137200000,772.1950073242188,772.469970703125,772.0147094726562,772.1749877929688,328587
1787137500000,772.1799926757812,772.260009765625,771.489990234375,771.52001953125,242869
1787137800000,771.5,771.9500122070312,771.489990234375,771.8200073242188,233858
1787138100000,771.8150024414062,771.8499755859375,771.4000244140625,771.5050048828125,189957
1787138400000,771.5,771.594970703125,771.1799926757812,771.182373046875,209185
1787138700000,771.1900024414062,771.25,770.8800048828125,771.1087036132812,429972
1787139000000,771.1300048828125,771.1799926757812,770.75,770.7899780273438,205650
1787139300000,770.8099975585938,770.919921875,770.3900146484375,770.5349731445312,259272
1787139600000,770.5300903320312,770.5300903320312,770.0700073242188,770.4998779296875,753451
1787139900000,770.5,770.8800048828125,770.3800048828125,770.3875122070312,223318
1787140200000,770.4000244140625,770.5399780273438,770.0800170898438,770.1400146484375,309116
1787140500000,770.1099853515625,770.6400146484375,770.0700073242188,770.6209106445312,172805
1787140800000,770.6400146484375,771.3200073242188,770.4000244140625,771.2999877929688,215066
1787141100000,771.3101196289062,771.60498046875,771.2100219726562,771.52001953125,203134
1787141400000,771.52001953125,771.6599731445312,771.4650268554688,771.5499877929688,160110
1787141700000,771.5499877929688,771.989990234375,771.4400024414062,771.8300170898438,252767
1787142000000,771.8300170898438,771.8499755859375,771.3599853515625,771.4199829101562,166996
1787142300000,771.4199829101562,771.4299926757812,770.6699829101562,770.6699829101562,195941
1787142600000,770.6799926757812,770.7550048828125,770.4199829101562,770.739990234375,592691
1787142900000,770.72998046875,770.7349853515625,770.2781982421875,770.52001953125,376918
1787143200000,770.52001953125,770.5399780273438,770.25,770.39501953125,188831
1787143500000,770.3900146484375,770.4500122070312,770.1199951171875,770.1799926757812,320128
1787143800000,770.1799926757812,770.1799926757812,769.739990234375,769.885009765625,281749
1787144100000,769.8800048828125,769.8800048828125,769.5,769.6799926757812,266580
1787144400000,769.6900024414062,770.1099853515625,769.5999755859375,769.9099731445312,299283
1787144700000,769.9099731445312,770.22900390625,769.4600219726562,769.489990234375,197155
1787145000000,769.530029296875,770.0700073242188,769.5250854492188,769.8250122070312,188068
1787145300000,769.8250122070312,769.969970703125,769.4600219726562,769.4600219726562,133715
1787145600000,769.469970703125,769.530029296875,769.02001953125,769.2899780273438,462496
1787145900000,769.25,769.6699829101562,769.2150268554688,769.5700073242188,138959
1787146200000,769.5800170898438,769.6599731445312,769.2000122070312,769.2050170898438,226553
1787146500000,769.2000122070312,769.469970703125,769.1599731445312,769.2449951171875,179273
1787146800000,769.25,769.7598876953125,769.22998046875,769.5889892578125,232366
1787147100000,769.5999755859375,769.7999877929688,769.510009765625,769.5300903320312,153701
1787147400000,769.5599975585938,769.8900146484375,769.469970703125,769.6099853515625,131694
1787147700000,769.6199951171875,769.6300048828125,769.3800048828125,769.5076293945312,214806
1787148000000,769.530029296875,770.5499877929688,769.4000244140625,770.1300048828125,344237
1787148300000,770.1099853515625,770.25,768.9600219726562,769.0009765625,355048
1787148600000,768.97998046875,769.7100219726562,768.97998046875,769.4299926757812,219193
1787148900000,769.4450073242188,769.489990234375,769.0499877929688,769.3099975585938,359299
1787149200000,769.2899780273438,769.47998046875,769.1737060546875,769.3099975585938,219192
1787149500000,769.2899780273438,769.6099853515625,769.239990234375,769.5800170898438,169152
1787149800000,769.5800170898438,770.02001953125,769.5800170898438,769.9199829101562,246735
1787150100000,769.9298706054688,769.9400024414062,769.6799926757812,769.7899780273438,112470
1787150400000,769.7650146484375,770.0900268554688,769.7100219726562,769.8099975585938,274173
1787150700000,769.8099975585938,769.8400268554688,769.5848999023438,769.8250122070312,169729
1787151000000,769.8250122070312,769.8699951171875,769.47998046875,769.6506958007812,424967
1787151300000,769.6699829101562,769.739990234375,769.4849853515625,769.5150146484375,163110
1787151600000,769.530029296875,769.7999877929688,769.4299926757812,769.6099853515625,205676
1787151900000,769.614990234375,769.989990234375,769.5,769.9000244140625,290410
1787152200000,769.9000244140625,769.9500122070312,769.6849975585938,769.7100219726562,130313
1787152500000,769.7100219726562,770.0194702148438,769.5999755859375,770.010009765625,607852
1787152800000,770.010009765625,770.02001953125,769.6799926757812,769.9400024414062,553735
1787153100000,769.9299926757812,770.02001953125,769.5800170898438,769.6300048828125,637699
1787153400000,769.6500244140625,770.3800048828125,769.6099853515625,770.1799926757812,457266
1787153700000,770.1799926757812,770.1900024414062,769.1699829101562,769.1749877929688,789867
1787154000000,769.1699829101562,769.389404296875,768.9849853515625,769,361742
1787154300000,769,769.1199951171875,768.530029296875,768.760009765625,649946
1787154600000,768.760009765625,768.8599853515625,768.2899780273438,768.719970703125,937871
1787154900000,768.7100219726562,769.0999755859375,768.2000122070312,769.0900268554688,4596251
1787218200000,765.9600219726562,767.0999755859375,765.8599853515625,767.0499877929688,1861245
1787218500000,767.0599975585938,767.719970703125,766.6599731445312,767.2999877929688,936615
1787218800000,767.3200073242188,767.75,766.6400146484375,767.364990234375,448531
1787219100000,767.3699951171875,767.5,766.6099853515625,767.1500244140625,619548
1787219400000,767.1500244140625,767.260009765625,766.4400024414062,766.9600219726562,482422
1787219700000,766.97998046875,767.3200073242188,766.1599731445312,766.5499877929688,415264
1787220000000,766.5,766.9199829101562,765.97998046875,765.9801025390625,346518
1787220300000,765.989990234375,766.6599731445312,765.8699951171875,766.64501953125,445379
1787220600000,766.6799926757812,766.760009765625,765.9299926757812,765.9956665039062,399204
1787220900000,765.969970703125,766.135009765625,765.3900146484375,765.4400024414062,532728
1787221200000,765.4398803710938,766.9500122070312,765.3599853515625,766.75,491794
1787221500000,766.7691040039062,766.8300170898438,765.969970703125,766.219970703125,264369
1787221800000,766.2050170898438,766.8200073242188,766.010009765625,766.10498046875,250402
1787222100000,766.1099853515625,767.1649780273438,765.9299926757812,766.969970703125,241881
1787222400000,766.9600219726562,767.260009765625,766.5700073242188,767.1699829101562,538852
1787222700000,767.1599731445312,767.47998046875,766.6199951171875,766.72998046875,374604
1787223000000,766.739990234375,767.25,766.5999755859375,766.7000122070312,245764
1787223300000,766.719970703125,767.2349853515625,766.47998046875,767.1500244140625,266129
1787223600000,767.1699829101562,768.1500244140625,767.1220703125,767.9199829101562,903821
1787223900000,767.8800048828125,767.9000244140625,766.3599853515625,766.5599975585938,708991
1787224200000,766.52001953125,767,766.0599975585938,766.7899780273438,657901
1787224500000,766.7750244140625,767.0800170898438,766.4000244140625,766.77001953125,348262
1787224800000,766.72998046875,766.780029296875,765.969970703125,766.2899780273438,556408
1787225100000,766.2750244140625,766.7999877929688,766,766.75,361681
1787225400000,766.739990234375,766.8699951171875,765.8300170898438,765.97998046875,260742
1787225700000,765.989990234375,766.1300048828125,765.5499877929688,765.5549926757812,580915
1787226000000,765.5499877929688,765.8499755859375,765.3099975585938,765.3599853515625,308538
1787226300000,765.3499755859375,765.719970703125,765.22998046875,765.530029296875,334990
1787226600000,765.5399780273438,766.030029296875,765.4299926757812,765.8499755859375,387050
1787226900000,765.8699951171875,766.0050048828125,765.6199951171875,765.8400268554688,290791
1787227200000,765.8400268554688,766.0900268554688,765.47998046875,765.5899047851562,302130
1787227500000,765.5800170898438,766.02001953125,765.530029296875,766.02001953125,176474
1787227800000,766.0098876953125,766.0800170898438,765.4650268554688,765.5150146484375,193733
1787228100000,765.489990234375,765.665283203125,765.4500122070312,765.6099853515625,156878
1787228400000,765.6099853515625,766.0800170898438,765.4600219726562,765.9299926757812,342804
1787228700000,765.9099731445312,766.0349731445312,765.6300048828125,765.7449951171875,159033
1787229000000,765.739990234375,766.1199951171875,765.3599853515625,766.0800170898438,168451
1787229300000,766.0900268554688,766.3800048828125,766,766.2999877929688,193454
1787229600000,766.2899780273438,766.6400146484375,766.280029296875,766.6400146484375,264812
1787229900000,766.6300048828125,766.6300048828125,766.3099975585938,766.3699951171875,302471
1787230200000,766.375,766.6199951171875,766.1199951171875,766.1799926757812,198469
1787230500000,766.1699829101562,766.5,766.02001953125,766.4199829101562,240863
1787230800000,766.3900146484375,766.4299926757812,765.9600219726562,766.0700073242188,203595
1787231100000,766.0399780273438,766.0499877929688,765.5999755859375,765.6799926757812,264638
1787231400000,765.6799926757812,765.8300170898438,765.489990234375,765.52001953125,312538
1787231700000,765.530029296875,765.5399780273438,764.8400268554688,764.8599853515625,416957
1787232000000,764.8499755859375,765.260009765625,764.7899780273438,765.02001953125,354371
1787232300000,765,765.0900268554688,764.7100219726562,764.780029296875,274481
1787232600000,764.780029296875,764.8900146484375,764.5599975585938,764.606689453125,275149
1787232900000,764.6099853515625,764.780029296875,764.2999877929688,764.4749755859375,281544
1787233200000,764.4600219726562,764.52001953125,764.22998046875,764.4500122070312,285937
1787233500000,764.4500122070312,764.8400268554688,764.4000244140625,764.719970703125,295092
1787233800000,764.7100830078125,765.010009765625,764.6900024414062,764.7689819335938,252014
1787234100000,764.77001953125,764.8400268554688,764.52001953125,764.5399780273438,232520
1787234400000,764.5499877929688,764.5499877929688,764.02001953125,764.0999755859375,372938
1787234700000,764.0999755859375,764.1500244140625,763.5850219726562,763.7249755859375,384327
1787235000000,763.719970703125,763.7750244140625,763.3499755859375,763.5800170898438,506521
1787235300000,763.5800170898438,763.7100219726562,763.1500244140625,763.6799926757812,556079
1787235600000,763.6900024414062,763.9450073242188,763.590087890625,763.6199951171875,331078
1787235900000,763.6199951171875,763.719970703125,763.4400024414062,763.5599975585938,234431
1787236200000,763.5650024414062,763.6300048828125,763.25,763.3200073242188,305119
1787236500000,763.3099975585938,763.6199951171875,763.2899780273438,763.4199829101562,285566
1787236800000,763.4099731445312,763.6199951171875,763.2100219726562,763.5527954101562,277240
1787237100000,763.5599975585938,763.8499755859375,763.4099731445312,763.7100219726562,400838
1787237400000,763.7100219726562,763.7750244140625,763.510009765625,763.6060180664062,488047
1787237700000,763.5900268554688,763.760009765625,763.239990234375,763.239990234375,388955
1787238000000,763.25,763.4600219726562,763.1699829101562,763.4199829101562,424049
1787238300000,763.4000244140625,763.7150268554688,763.2899780273438,763.6199951171875,417845
1787238600000,763.6400146484375,763.6699829101562,763.3900146484375,763.5399780273438,378938
1787238900000,763.530029296875,763.7999877929688,763.260009765625,763.3400268554688,395078
1787239200000,763.3499755859375,763.760009765625,763.22998046875,763.6500244140625,498238
1787239500000,763.6199951171875,763.72998046875,763.4400024414062,763.489990234375,477204
1787239800000,763.47998046875,763.510009765625,763.0399780273438,763.1900024414062,938372
1787240100000,763.1900024414062,763.6500244140625,763.0999755859375,763.5,878204
1787240400000,763.5,763.5698852539062,762.969970703125,763.0999755859375,875171
1787240700000,763.0999755859375,763.4000244140625,762.8099975585938,763.3699951171875,1420528
1787241000000,763.3699951171875,763.4199829101562,762.760009765625,762.9099731445312,1367383
1787241300000,762.9199829101562,763,762.0399780273438,762.6400146484375,5284942
1787304600000,766.0499877929688,766.1400146484375,764.8300170898438,764.8599243164062,2183133
1787304900000,764.8699951171875,765.1900024414062,764.6199951171875,765.0900268554688,936515
1787305200000,765.1199951171875,765.27001953125,764.780029296875,765.1599731445312,694462
1787305500000,765.1599731445312,765.4199829101562,764.6799926757812,764.9600219726562,636844
1787305800000,764.969970703125,765.2449951171875,764.1699829101562,764.4199829101562,409975
1787306100000,764.4199829101562,764.8300170898438,764.2899780273438,764.5123901367188,338253
1787306400000,764.530029296875,764.9600219726562,764.530029296875,764.9299926757812,266966
1787306700000,764.9398803710938,765.530029296875,764.9099731445312,765.239990234375,394655
1787307000000,765.260009765625,765.4550170898438,764.5999755859375,764.7100219726562,271319
1787307300000,764.7000122070312,765.0599975585938,764.5700073242188,764.6300048828125,373509
1787307600000,764.6300048828125,765.2050170898438,764.4500122070312,764.7501220703125,1395844
1787307900000,764.7550048828125,765.0999755859375,764.5999755859375,764.6500244140625,295025
1787308200000,764.6500244140625,764.8800048828125,764.47998046875,764.5,202029
1787308500000,764.489990234375,764.64501953125,764.219970703125,764.3800048828125,307472
1787308800000,764.364990234375,764.8699951171875,764.2150268554688,764.6199951171875,256214
1787309100000,764.5900268554688,765.0900268554688,764.5300903320312,765.030029296875,258973
1787309400000,765.0399780273438,765.2999877929688,764.8699951171875,765.0637817382812,204246
1787309700000,765.0499877929688,765.8350219726562,764.9500122070312,765.8151245117188,314945
1787310000000,765.8099975585938,766.4000244140625,765.739990234375,766.239990234375,828488
1787310300000,766.25,766.4099731445312,765.7999877929688,765.8400268554688,426005
1787310600000,765.85498046875,766.0401000976562,765.6799926757812,765.7000122070312,184850
1787310900000,765.7050170898438,765.969970703125,765.5399780273438,765.60498046875,311709
1787311200000,765.5999755859375,765.8699951171875,765.4550170898438,765.510009765625,271128
1787311500000,765.510009765625,766.02001953125,765.4550170898438,765.9550170898438,366942
1787311800000,765.9600219726562,766.489990234375,765.8200073242188,766.489990234375,3359717
1787312100000,766.47998046875,767.0584106445312,766.4400024414062,767.0584106445312,369121
1787312400000,767.0499877929688,767.4400024414062,766.9199829101562,767.2999877929688,356768
1787312700000,767.3099975585938,767.4500122070312,766.9400024414062,767.010009765625,326336
1787313000000,767.0206298828125,767.8499755859375,767.00048828125,767.6734008789062,242298
1787313300000,767.6699829101562,767.6900024414062,767.0798950195312,767.2000122070312,330383
1787313600000,767.2000122070312,767.3298950195312,766.6400146484375,766.739990234375,421378
1787313900000,766.75,766.75,766.2899780273438,766.3499755859375,442629
1787314200000,766.3400268554688,766.5900268554688,766.239990234375,766.239990234375,258800
1787314500000,766.239990234375,766.6599731445312,765.9099731445312,766.02001953125,1156821
1787314800000,766.010009765625,767.0050048828125,765.8699951171875,766.1950073242188,510661
1787315100000,766.2000122070312,766.5800170898438,766.1300048828125,766.5150146484375,149120
1787315400000,766.510009765625,766.530029296875,766.030029296875,766.030029296875,181668
1787315700000,766.030029296875,766.5700073242188,766.0250244140625,766.5499877929688,289266
1787316000000,766.5499877929688,766.5599975585938,766.2849731445312,766.375,160418
1787316300000,766.3699951171875,766.3699951171875,766.0999755859375,766.1699829101562,171097
1787316600000,766.1599731445312,766.1799926757812,765.8099975585938,766.02001953125,497354
1787316900000,766.010009765625,766.4299926757812,765.9550170898438,766.3900146484375,222703
1787317200000,766.3900146484375,766.4650268554688,766.22998046875,766.27001953125,166320
1787317500000,766.280029296875,766.530029296875,766.1599731445312,766.3699951171875,192721
1787317800000,766.3699951171875,766.3699951171875,766.0999755859375,766.2188720703125,140492
1787318100000,766.219970703125,766.2999877929688,766.0900268554688,766.1599731445312,251335
1787318400000,766.1500244140625,766.2000122070312,765.72998046875,765.8400268554688,457856
1787318700000,765.843994140625,766.010009765625,765.7050170898438,765.7999877929688,211275
1787319000000,765.8200073242188,765.9000244140625,765.5394897460938,765.5394897460938,193141
1787319300000,765.52001953125,765.8150024414062,765.5,765.5750122070312,133709
1787319600000,765.5750122070312,765.7100219726562,765.469970703125,765.655029296875,134439
1787319900000,765.7000122070312,765.8800048828125,765.5850219726562,765.7100219726562,144525
1787320200000,765.697998046875,765.760009765625,765.510009765625,765.5800170898438,137048
1787320500000,765.5800170898438,765.5800170898438,765.4299926757812,765.4299926757812,173800
1787320800000,765.4400024414062,765.7349853515625,765.3499755859375,765.6699829101562,289550
1787321100000,765.6699829101562,765.6799926757812,765.2999877929688,765.3150024414062,153182
1787321400000,765.3099975585938,765.5499877929688,765.2849731445312,765.3400268554688,175619
1787321700000,765.3499755859375,765.530029296875,765.3099975585938,765.469970703125,179232
1787322000000,765.4600219726562,765.614990234375,765.4099731445312,765.4949951171875,121496
1787322300000,765.5,765.530029296875,765.260009765625,765.2849731445312,125743
1787322600000,765.27001953125,765.3699951171875,765.0599975585938,765.1749877929688,241643
1787322900000,765.1799926757812,765.3400268554688,765.1799926757812,765.2301025390625,146811
1787323200000,765.2349853515625,765.52001953125,765.2100219726562,765.3900146484375,208006
1787323500000,765.39501953125,765.7000122070312,765.3150024414062,765.6561279296875,271561
1787323800000,765.6599731445312,765.97998046875,765.6599731445312,765.8900146484375,409399
1787324100000,765.8900146484375,766.22998046875,765.7899780273438,766.197509765625,365782
1787324400000,766.2000122070312,766.364990234375,766.010009765625,766.0302734375,587367
1787324700000,766.0349731445312,766.3300170898438,766,766.0999755859375,297398
1787325000000,766.0900268554688,766.0999755859375,765.8699951171875,766.0449829101562,237724
1787325300000,766.0449829101562,766.1199951171875,765.8499755859375,765.969970703125,518302
1787325600000,765.9650268554688,766.22998046875,765.8699951171875,766.2000732421875,250765
1787325900000,766.2050170898438,766.2100219726562,765.9500122070312,766.0499877929688,225112
1787326200000,766.0499877929688,766.3150024414062,766.02001953125,766.0845947265625,324330
1787326500000,766.0900268554688,766.3699951171875,765.9749755859375,766.2750244140625,403725
1787326800000,766.27001953125,766.4849853515625,766.0900268554688,766.469970703125,725547
1787327100000,766.4600219726562,766.7999877929688,766.3800048828125,766.6699829101562,969624
1787327400000,766.6500244140625,766.6599731445312,765.8499755859375,765.9000244140625,898459
1787327700000,765.8900146484375,766.2349853515625,765.3400268554688,765.6500244140625,2638693
1787563800000,764.780029296875,764.8099975585938,763.2000122070312,763.4500122070312,2161631
1787564100000,763.510009765625,763.8200073242188,762.969970703125,763.3599853515625,468492
1787564400000,763.3699951171875,763.72998046875,762.1900024414062,762.1900024414062,577255
1787564700000,762.1900024414062,763.5900268554688,762.0800170898438,763.10498046875,842395
1787565000000,763.1099853515625,763.530029296875,762.739990234375,763.47998046875,409135
1787565300000,763.469970703125,763.6599731445312,763.2399291992188,763.3900146484375,395002
1787565600000,763.4099731445312,763.9450073242188,762.7999877929688,762.969970703125,555214
1787565900000,762.97998046875,763.2000122070312,762.6199951171875,762.8900146484375,226955
1787566200000,762.9099731445312,763.02001953125,762.5,762.97998046875,243334
1787566500000,762.97998046875,763.0599975585938,762.6500244140625,762.8699951171875,211854
1787566800000,762.8599853515625,763.5089721679688,762.7999877929688,762.8499755859375,578408
1787567100000,762.8699951171875,763.14501953125,762.6699829101562,762.9199829101562,1048163
1787567400000,762.9199829101562,763.75,762.780029296875,763.6199951171875,301253
1787567700000,763.6199951171875,763.885009765625,763.5599975585938,763.7000122070312,193939
1787568000000,763.7000122070312,764.1099853515625,763.50341796875,763.7000122070312,2476986
1787568300000,763.6849975585938,763.8800048828125,763.469970703125,763.8800048828125,378023
1787568600000,763.8699951171875,763.9299926757812,763.4249877929688,763.6199951171875,211239
1787568900000,763.625,763.9600219726562,763.52001953125,763.6400146484375,310423
1787569200000,763.6400146484375,763.8200073242188,763.02001953125,763.0599975585938,232119
1787569500000,763.0599975585938,763.0800170898438,762.780029296875,762.989990234375,230631
1787569800000,762.97998046875,763.1751098632812,762.7000122070312,762.75,218279
1787570100000,762.739990234375,762.8198852539062,762.6307983398438,762.6799926757812,138358
1787570400000,762.6749877929688,763.1900024414062,762.3699951171875,763.1500244140625,408099
1787570700000,763.1500854492188,764.0062255859375,763.0700073242188,763.7401123046875,480586
1787571000000,763.739990234375,764,763.4000244140625,763.8400268554688,356346
1787571300000,763.85498046875,764.1599731445312,763.7000122070312,764.0250244140625,264624
1787571600000,764.030029296875,764.4199829101562,764.0200805664062,764.253173828125,274454
1787571900000,764.27001953125,764.72998046875,764.2650146484375,764.280029296875,303002
1787572200000,764.2899780273438,764.6099853515625,764.2849731445312,764.3099975585938,157315
1787572500000,764.2999877929688,764.530029296875,764.1799926757812,764.5200805664062,272226
1787572800000,764.52001953125,765.1300048828125,764.4299926757812,764.9500122070312,428076
1787573100000,764.9500122070312,764.989990234375,764.4600219726562,764.469970703125,163853
1787573400000,764.4849853515625,764.6599731445312,764.4299926757812,764.6488037109375,108004
1787573700000,764.6400146484375,765.1588134765625,764.6099853515625,765.0499877929688,245039
1787574000000,765.0499267578125,765.219970703125,764.7999877929688,764.8699951171875,245677
1787574300000,764.8699951171875,765.0018920898438,764.7999877929688,764.8900146484375,174251
1787574600000,764.9099731445312,765,764.5003051757812,764.5701293945312,274900
1787574900000,764.5800170898438,764.7100219726562,764.3350219726562,764.3499755859375,143081
1787575200000,764.3499755859375,764.4099731445312,764.1900024414062,764.3099975585938,287270
1787575500000,764.3300170898438,764.4000244140625,764.1400146484375,764.3499755859375,143128
1787575800000,764.3599853515625,764.469482421875,764.1300048828125,764.2100219726562,129084
1787576100000,764.2299194335938,764.3200073242188,764.1199951171875,764.1900024414062,131861
1787576400000,764.2000122070312,764.2100219726562,763.8699951171875,764.010009765625,135437
1787576700000,763.989990234375,764.655029296875,763.9500122070312,764.4500122070312,194862
1787577000000,764.4500122070312,764.780029296875,764.3099975585938,764.52001953125,314038
1787577300000,764.5,764.5999755859375,764.0499877929688,764.1199951171875,164433
1787577600000,764.1300048828125,764.1599731445312,763.5,763.5650024414062,337394
1787577900000,763.5700073242188,763.719970703125,763.3350219726562,763.4000244140625,193172
1787578200000,763.3800048828125,763.5700073242188,763.27001953125,763.3001098632812,192457
1787578500000,763.2999877929688,763.3900146484375,763.1400146484375,763.3900146484375,161284
1787578800000,763.4000244140625,763.4500122070312,763.10498046875,763.10498046875,221499
1787579100000,763.1099853515625,763.2899780273438,763.0499877929688,763.239990234375,173204
1787579400000,763.239990234375,763.510009765625,763.1300048828125,763.2000122070312,168380
1787579700000,763.2050170898438,763.3800048828125,763.1201171875,763.2899780273438,226742
1787580000000,763.3099975585938,763.6599731445312,763.280029296875,763.5599975585938,190948
1787580300000,763.530029296875,763.989990234375,763.489990234375,763.9199829101562,203890
1787580600000,763.9000244140625,764.260009765625,763.8200073242188,764.260009765625,213906
1787580900000,764.2550048828125,764.469970703125,764.1300048828125,764.2349853515625,213948
1787581200000,764.22998046875,764.6900024414062,764.2000122070312,764.614990234375,345017
1787581500000,764.614990234375,764.8400268554688,764.5599975585938,764.7999877929688,324066
1787581800000,764.7999877929688,765.1099853515625,764.6599731445312,764.6699829101562,261335
1787582100000,764.6849975585938,764.75,764.1199951171875,764.239501953125,229992
1787582400000,764.22998046875,764.405029296875,764.1500244140625,764.3300170898438,233608
1787582700000,764.3339233398438,764.4199829101562,764.1099853515625,764.3200073242188,196161
1787583000000,764.3200073242188,764.4299926757812,764.0700073242188,764.1400146484375,150055
1787583300000,764.1400146484375,764.25,763.969970703125,764,197493
1787583600000,763.969970703125,764.0499877929688,763.8099975585938,763.9199829101562,204008
1787583900000,763.9199829101562,764.0900268554688,763.8499755859375,763.9000244140625,172444
1787584200000,763.9000244140625,764.2000122070312,763.8599853515625,764.1099853515625,148121
1787584500000,764.1099853515625,764.22998046875,763.9199829101562,764.0999755859375,189753
1787584800000,764.0700073242188,764.1900024414062,763.9600219726562,764.02001953125,192402
1787585100000,764.0150146484375,764.1699829101562,763.9199829101562,763.9600219726562,200097
1787585400000,763.9600219726562,764.239990234375,763.739990234375,763.739990234375,255565
1787585700000,763.739990234375,763.8499755859375,763.6400146484375,763.655029296875,276731
1787586000000,763.6500244140625,763.75,763.5399780273438,763.6599731445312,344874
1787586300000,763.6599731445312,763.780029296875,763.47998046875,763.77001953125,608012
1787586600000,763.780029296875,763.9500122070312,763.3499755859375,763.739990234375,685812
1787586900000,763.760009765625,763.9500122070312,763.3800048828125,763.47998046875,2331037
1787650200000,766.1599731445312,766.780029296875,765.9299926757812,766.72998046875,1531753
1787650500000,766.6900024414062,766.7000122070312,766.1300048828125,766.135009765625,346646
1787650800000,766.1500244140625,766.6500244140625,765.8699951171875,766.1649780273438,311712
1787651100000,766.1500244140625,766.719970703125,766.1199951171875,766.4600219726562,323890
1787651400000,766.4600219726562,766.530029296875,766,766,484134
1787651700000,766.030029296875,766.0751953125,765.5001220703125,765.6900024414062,375118
1787652000000,765.6900024414062,765.8099975585938,765.22998046875,765.4550170898438,385077
1787652300000,765.4600219726562,765.5599975585938,765.1199951171875,765.3400268554688,371268
1787652600000,765.3400268554688,765.53369140625,765.0999755859375,765.1849975585938,311307
1787652900000,765.1699829101562,765.6300048828125,765.0499877929688,765.4199829101562,372009
1787653200000,765.4400024414062,765.489990234375,764.8400268554688,765.0999755859375,341315
1787653500000,765.1099853515625,765.1699829101562,764.6799926757812,764.7000122070312,359484
1787653800000,764.7000122070312,764.8800048828125,763.0501098632812,764.3300170898438,1112263
1787654100000,764.3400268554688,765.0599975585938,764.3300170898438,765.02001953125,552248
1787654400000,765.0103759765625,765.030029296875,764.1599731445312,764.3499755859375,329732
1787654700000,764.3499755859375,764.489990234375,764.1699829101562,764.2249755859375,277883
1787655000000,764.1900024414062,764.8099975585938,764.031005859375,764.6599731445312,227423
1787655300000,764.6599731445312,764.8499755859375,764.47998046875,764.719970703125,265460
1787655600000,764.72998046875,764.77001953125,764.2999877929688,764.4500122070312,154049
1787655900000,764.4500122070312,764.780029296875,764.39501953125,764.60498046875,172782
1787656200000,764.6199951171875,764.7999877929688,764.3800048828125,764.5899047851562,117091
1787656500000,764.5900268554688,764.9349975585938,764.489990234375,764.9000244140625,176392
1787656800000,764.9199829101562,765.1599731445312,764.6799926757812,764.77001953125,206458
1787657100000,764.77001953125,765.3900146484375,764.6500244140625,765.3099975585938,280575
1787657400000,765.3200073242188,765.7899780273438,765.030029296875,765.0850219726562,302084
1787657700000,765.0800170898438,765.8499755859375,765.0604858398438,765.0999755859375,256493
1787658000000,765.1099853515625,765.22998046875,764.9099731445312,765.1699829101562,216396
1787658300000,765.1799926757812,765.1799926757812,764.5999755859375,764.7100219726562,141450
1787658600000,764.7050170898438,765.3101196289062,764.614990234375,765.2255859375,250704
1787658900000,765.2100219726562,765.5999755859375,765.2100219726562,765.4400024414062,185520
1787659200000,765.4600219726562,765.8499755859375,765.4199829101562,765.5599975585938,388840
1787659500000,765.5700073242188,765.6500244140625,765.3212890625,765.3499755859375,133742
1787659800000,765.3599853515625,765.5800170898438,765.3300170898438,765.52001953125,163347
1787660100000,765.52001953125,765.5999755859375,765.4099731445312,765.5,237051
1787660400000,765.510009765625,765.6500244140625,765.3699951171875,765.6199951171875,430987
1787660700000,765.6217041015625,765.7999877929688,765.5599975585938,765.760009765625,111754
1787661000000,765.75,765.8599853515625,765.67431640625,765.72998046875,113569
1787661300000,765.739990234375,765.9500122070312,765.5900268554688,765.9000244140625,126282
1787661600000,765.905029296875,765.9099731445312,765.510009765625,765.5800170898438,109315
1787661900000,765.5900268554688,765.7949829101562,765.4099731445312,765.625,154720
1787662200000,765.6300048828125,765.6400146484375,765.3300170898438,765.4290161132812,100659
1787662500000,765.4299926757812,765.89990234375,765.4000244140625,765.760009765625,104137
1787662800000,765.760009765625,765.8400268554688,765.3499755859375,765.3599853515625,138537
1787663100000,765.3499755859375,765.4000244140625,764.9400024414062,765.1099853515625,178066
1787663400000,765.1199951171875,765.3300170898438,764.9600219726562,765.27001953125,318957
1787663700000,765.280029296875,765.4199829101562,765.161376953125,765.4000244140625,74882
1787664000000,765.4099731445312,765.4099731445312,765.030029296875,765.030029296875,122697
1787664300000,765.02001953125,765.02001953125,764.6300048828125,764.8200073242188,337552
1787664600000,764.8200073242188,764.9500122070312,764.739990234375,764.8300170898438,150576
1787664900000,764.8200073242188,765.0050048828125,764.760009765625,764.9199829101562,1130602
1787665200000,764.919921875,765.0349731445312,764.8400268554688,764.8699951171875,82982
1787665500000,764.8699951171875,765.0599975585938,764.8400268554688,764.9199829101562,142516
1787665800000,764.9199829101562,765.1500244140625,764.8400268554688,765.1099853515625,174975
1787666100000,765.1071166992188,765.1599731445312,764.9199829101562,765.0399780273438,111072
1787666400000,765.030029296875,765.030029296875,764.8099975585938,764.8300170898438,200372
1787666700000,764.7999877929688,765.030029296875,764.7999877929688,764.9199829101562,132198
1787667000000,764.9099731445312,765.0900268554688,764.7869873046875,764.7999877929688,170947
1787667300000,764.7899780273438,764.8599853515625,764.719970703125,764.8300170898438,163510
1787667600000,764.8350219726562,764.989990234375,764.8200073242188,764.905029296875,190635
1787667900000,764.9000244140625,765.010009765625,764.7999877929688,764.969970703125,164895
1787668200000,764.969970703125,765.4000244140625,764.969970703125,765.3599853515625,204141
1787668500000,765.3499755859375,765.4000244140625,765.2349853515625,765.2999877929688,224387
1787668800000,765.3099975585938,765.5900268554688,765.2899780273438,765.5399780273438,142607
1787669100000,765.5499877929688,765.8699951171875,765.5449829101562,765.8099975585938,347738
1787669400000,765.8200073242188,765.8400268554688,765.6309814453125,765.6900024414062,336027
1787669700000,765.6900024414062,765.7899780273438,765.5399780273438,765.6400146484375,326416
1787670000000,765.6500244140625,765.8499755859375,765.4500122070312,765.469970703125,256437
1787670300000,765.4754028320312,765.5499877929688,765.2899780273438,765.3699951171875,282020
1787670600000,765.3800048828125,765.3900146484375,765.0900268554688,765.1174926757812,545118
1787670900000,765.1199951171875,765.1799926757812,764.9400024414062,764.9981079101562,365534
1787671200000,765,765.0800170898438,764.8699951171875,765.0599975585938,278849
1787671500000,765.0700073242188,765.1900024414062,765.010009765625,765.1500244140625,192156
1787671800000,765.1699829101562,765.2449951171875,765.010009765625,765.1300048828125,250291
1787672100000,765.0999755859375,765.3599853515625,765.0900268554688,765.260009765625,578069
1787672400000,765.25,765.6300048828125,765.239990234375,765.3699951171875,358867
1787672700000,765.3900146484375,765.5399780273438,765.2634887695312,765.4749755859375,566282
1787673000000,765.4749755859375,766.1699829101562,765.239990234375,766.1400146484375,750870
1787673300000,766.1400146484375,766.219970703125,765.6900024414062,765.8350219726562,1898464
1787736600000,764.72998046875,765.7999877929688,764.6799926757812,765.6749877929688,1144518
1787736900000,765.6749877929688,765.8200073242188,764.8099975585938,765.5750122070312,429945
1787737200000,765.530029296875,766.6099853515625,765.4299926757812,766.2999877929688,420779
1787737500000,766.3200073242188,766.6799926757812,765.9199829101562,765.9199829101562,373090
1787737800000,765.9249877929688,766.6099853515625,765.6400146484375,766.5800170898438,297119
1787738100000,766.6199951171875,766.89990234375,766.4550170898438,766.8900146484375,293775
1787738400000,766.8800048828125,766.9600219726562,766.614990234375,766.8499755859375,204963
1787738700000,766.8800048828125,766.9199829101562,766.469970703125,766.6099853515625,240176
1787739000000,766.6099853515625,766.6300048828125,766.0700073242188,766.1699829101562,264544
1787739300000,766.1699829101562,766.3499755859375,765.9299926757812,765.9650268554688,221140
1787739600000,765.958984375,766.0599975585938,765.3800048828125,765.4249877929688,193323
1787739900000,765.4099731445312,765.5,764.8300170898438,765.0800170898438,397863
1787740200000,765.0700073242188,765.2949829101562,764.9199829101562,765.1300048828125,253224
1787740500000,765.1300048828125,765.5999755859375,765.0001220703125,765.219970703125,210121
1787740800000,765.239990234375,765.5349731445312,765.1749877929688,765.3900146484375,181698
1787741100000,765.4000244140625,765.5700073242188,765.0999755859375,765.5599975585938,201711
1787741400000,765.5650024414062,765.9400024414062,765.530029296875,765.6400146484375,227712
1787741700000,765.6400146484375,765.9000244140625,765.5399780273438,765.8499755859375,174692
1787742000000,765.8699951171875,766.4400024414062,765.8400268554688,766.1900024414062,205272
1787742300000,766.2100219726562,766.469970703125,766.1699829101562,766.3499755859375,178368
1787742600000,766.3499755859375,766.4450073242188,766.1099853515625,766.280029296875,415345
1787742900000,766.27001953125,766.2899780273438,765.5599975585938,765.7833862304688,259550
1787743200000,765.77001953125,766.030029296875,765.719970703125,765.77001953125,169433
1787743500000,765.760009765625,766.0599975585938,765.7000122070312,765.8499755859375,142136
1787743800000,765.8400268554688,765.9000244140625,765.1400146484375,765.25,193551
1787744100000,765.2598876953125,765.5499877929688,765.2598876953125,765.4600219726562,181729
1787744400000,765.469970703125,766.1400146484375,765.4000244140625,766.0700073242188,165128
1787744700000,766.0650024414062,766.27001953125,765.9600219726562,766.22998046875,165291
1787745000000,766.25,766.3099975585938,765.3099975585938,765.3900146484375,394460
1787745300000,765.3900146484375,765.7698974609375,765.3099975585938,765.3200073242188,225334
1787745600000,765.3300170898438,765.3499755859375,764.8800048828125,765.1799926757812,327388
1787745900000,765.1599731445312,765.4400024414062,765.030029296875,765.1500244140625,187752
1787746200000,765.1599731445312,765.3099975585938,764.969970703125,765.030029296875,143823
1787746500000,765.0399780273438,765.1400146484375,764.8300170898438,764.989990234375,276896
1787746800000,764.989990234375,765.1099853515625,764.8699951171875,764.9299926757812,178243
1787747100000,764.9498901367188,765.0050048828125,764.72998046875,764.7999877929688,171838
1787747400000,764.7949829101562,764.97998046875,764.760009765625,764.8800048828125,170029
1787747700000,764.8400268554688,764.8900146484375,764.1599731445312,764.1599731445312,383983
1787748000000,764.1500244140625,764.4000244140625,763.9299926757812,764.0120239257812,296818
1787748300000,764.010009765625,764.35498046875,763.9500122070312,764.0700073242188,253226
1787748600000,764.0800170898438,764.3200073242188,764.0499877929688,764.2000122070312,173927
1787748900000,764.1799926757812,764.7999877929688,764.1799926757812,764.719970703125,324047
1787749200000,764.7000122070312,764.96240234375,764.5701293945312,764.8889770507812,152710
1787749500000,764.8699951171875,765.1099853515625,764.7100219726562,765.0499877929688,155219
1787749800000,765.0499877929688,765.1400146484375,764.989990234375,765.1400146484375,177797
1787750100000,765.1492919921875,765.5,765.1492919921875,765.3350219726562,199620
1787750400000,765.3350219726562,765.6599731445312,765.3300170898438,765.6500244140625,214656
1787750700000,765.6500244140625,765.719970703125,765.4299926757812,765.6500244140625,277001
1787751000000,765.6500244140625,765.7999877929688,765.530029296875,765.760009765625,212724
1787751300000,765.77001953125,765.8400268554688,765.5999755859375,765.6099853515625,162198
1787751600000,765.60498046875,765.760009765625,765.469970703125,765.6799926757812,212544
1787751900000,765.6900024414062,765.7100219726562,765.4400024414062,765.4600219726562,231353
1787752200000,765.469970703125,765.780029296875,765.4409790039062,765.7620239257812,121755
1787752500000,765.7650146484375,765.8699951171875,765.6400146484375,765.6799926757812,109454
1787752800000,765.6699829101562,765.6900024414062,765.469970703125,765.510009765625,251503
1787753100000,765.52001953125,765.8599853515625,765.510009765625,765.77001953125,189514
1787753400000,765.780029296875,765.7899780273438,765.3800048828125,765.4099731445312,190451
1787753700000,765.4099731445312,765.77001953125,765.3499755859375,765.7349853515625,177850
1787754000000,765.739990234375,765.97998046875,765.5650024414062,765.5650024414062,215818
1787754300000,765.5700073242188,765.72802734375,765.47998046875,765.6099853515625,191404
1787754600000,765.6099853515625,765.9000244140625,765.52001953125,765.75,243282
1787754900000,765.7550048828125,765.8300170898438,765.6099853515625,765.739990234375,230244
1787755200000,765.7257690429688,765.89501953125,765.6699829101562,765.8599853515625,421512
1787755500000,765.8699951171875,766.4500122070312,765.8499755859375,766.3200073242188,336781
1787755800000,766.3099975585938,766.5800170898438,766.219970703125,766.469970703125,402036
1787756100000,766.47998046875,766.6400146484375,766.3300170898438,766.510009765625,263941
1787756400000,766.530029296875,767.3499755859375,766.469970703125,767.27001953125,465035
1787756700000,767.260009765625,767.2894287109375,766.8800048828125,766.9500122070312,150152
1787757000000,766.9550170898438,767.0999755859375,766.8699951171875,766.969970703125,305193
1787757300000,766.9600219726562,767.27001953125,766.9400024414062,767.1900024414062,287064
1787757600000,767.1900024414062,767.2000122070312,766.8200073242188,767.030029296875,275185
1787757900000,767.02001953125,767.1300048828125,766.8300170898438,766.8900146484375,293639
1787758200000,766.9000244140625,766.9149780273438,766.75,766.8599853515625,373935
1787758500000,766.8599853515625,766.8800048828125,766.5900268554688,766.6649780273438,418674
1787758800000,766.6649780273438,766.8699951171875,766.5999755859375,766.6900024414062,684352
1787759100000,766.7000122070312,767.1300048828125,766.6300048828125,767.1199951171875,755475
1787759400000,767.1199951171875,767.2100219726562,766.010009765625,766.1799926757812,1217561
1787759700000,766.1799926757812,766.4400024414062,765.489990234375,766.010009765625,1630545
1787823000000,768.5,768.8099975585938,767.1599731445312,767.47998046875,2348700
1787823300000,767.47998046875,768.27001953125,767.1599731445312,768.219970703125,525672
1787823600000,768.22998046875,769.2000122070312,767.9600219726562,769.1900024414062,717668
1787823900000,769.219970703125,769.6900024414062,767.7150268554688,768.0599975585938,994450
1787824200000,768.0700073242188,769.3699951171875,768.0700073242188,769.1849975585938,722341
1787824500000,769.1699829101562,769.2487182617188,767.6199951171875,768.4055786132812,588090
1787824800000,768.4000244140625,769.010009765625,768.2120971679688,768.7899780273438,580218
1787825100000,768.7899780273438,769.0900268554688,768.0499877929688,768.4299926757812,304076
1787825400000,768.4503173828125,768.989990234375,768.4500122070312,768.655029296875,315771
1787825700000,768.6599731445312,769.3400268554688,768.6599731445312,769.1599731445312,470757
1787826000000,769.1599731445312,769.5900268554688,769.0499877929688,769.4600219726562,304222
1787826300000,769.469970703125,769.8800048828125,769.260009765625,769.6749877929688,375978
1787826600000,769.6998901367188,769.739990234375,769.0599975585938,769.3699951171875,208017
1787826900000,769.4000244140625,770.0399780273438,769.3200073242188,769.3400268554688,291257
1787827200000,769.3499755859375,769.6699829101562,769.3250122070312,769.6199951171875,144726
1787827500000,769.6099853515625,770.2899780273438,769.35498046875,770.239990234375,282886
1787827800000,770.219970703125,770.4400024414062,769.8900146484375,770.1300048828125,285754
1787828100000,770.125,770.4000244140625,769.7349853515625,770.39501953125,211617
1787828400000,770.4099731445312,770.6599731445312,770.2280883789062,770.6300048828125,351905
1787828700000,770.6199951171875,770.7100219726562,770.3250122070312,770.5401000976562,264591
1787829000000,770.5399780273438,770.8400268554688,770.5,770.8200073242188,174918
1787829300000,770.8298950195312,771.0999755859375,770.7999877929688,770.9600219726562,243951
1787829600000,770.97998046875,771.0800170898438,770.7449951171875,770.780029296875,248394
1787829900000,770.7899780273438,770.7999877929688,770.22998046875,770.3150024414062,203770
1787830200000,770.3099975585938,770.6199951171875,770.0900268554688,770.2150268554688,544965
1787830500000,770.22998046875,770.3300170898438,769.8150024414062,769.9099731445312,248213
1787830800000,769.9299926757812,770.3599853515625,769.614990234375,769.6500244140625,463270
1787831100000,769.6599731445312,769.72998046875,769.3900146484375,769.6799926757812,238609
1787831400000,769.6699829101562,770.8800048828125,769.6649780273438,770.8599853515625,245185
1787831700000,770.8599853515625,770.8599853515625,770.530029296875,770.6400146484375,238924
1787832000000,770.6400146484375,770.969970703125,770.5499877929688,770.8400268554688,201115
1787832300000,770.8300170898438,770.8499755859375,770.4400024414062,770.5399780273438,203359
1787832600000,770.510009765625,770.7550048828125,770.4199829101562,770.6298828125,119828
1787832900000,770.5999755859375,770.8107299804688,770.510009765625,770.6099853515625,101617
1787833200000,770.5999755859375,770.6300048828125,770.3400268554688,770.5374755859375,123570
1787833500000,770.530029296875,770.9099731445312,770.4299926757812,770.9099731445312,241088
1787833800000,770.9099731445312,771.1699829101562,770.8200073242188,771.1599731445312,193918
1787834100000,771.1599731445312,771.5250244140625,771.1199951171875,771.510009765625,226517
1787834400000,771.5499877929688,771.7899780273438,771.510009765625,771.6900024414062,226714
1787834700000,771.6900024414062,771.9400024414062,771.6599731445312,771.7050170898438,190693
1787835000000,771.72998046875,772.010009765625,771.6099853515625,771.9299926757812,241641
1787835300000,771.9299926757812,772.030029296875,771.719970703125,771.989990234375,208420
1787835600000,772.02001953125,772.1500244140625,771.9600219726562,772.030029296875,202343
1787835900000,772.0399780273438,772.25,771.75,772.219970703125,217071
1787836200000,772.22998046875,772.35498046875,772.0999755859375,772.1900024414062,143701
1787836500000,772.2100219726562,772.280029296875,772.0380249023438,772.1300048828125,225144
1787836800000,772.125,772.2700805664062,772.0499877929688,772.1799926757812,303960
1787837100000,772.1799926757812,772.1799926757812,771.5999755859375,771.75,478660
1787837400000,771.75,772.0599975585938,771.6849975585938,771.77001953125,203362
1787837700000,771.77001953125,771.8800048828125,771.6851196289062,771.72998046875,126804
1787838000000,771.739990234375,771.959716796875,771.5900268554688,771.6400146484375,264748
1787838300000,771.6300048828125,771.669921875,771.2999877929688,771.3900146484375,273019
1787838600000,771.405029296875,771.4500122070312,771.2100219726562,771.3499755859375,208262
1787838900000,771.3699951171875,771.4500122070312,771.0999755859375,771.2249755859375,278355
1787839200000,771.2249755859375,771.3900146484375,770.5,770.5250244140625,453717
1787839500000,770.5250244140625,771,770.3499755859375,770.489990234375,254651
1787839800000,770.52001953125,770.5499877929688,769.9849853515625,770.260009765625,346669
1787840100000,770.27001953125,770.5194702148438,770.0700073242188,770.2750244140625,194327
1787840400000,770.27001953125,770.4500122070312,770.010009765625,770.0900268554688,192404
1787840700000,770.0900268554688,770.1099853515625,769.260009765625,769.4600219726562,411160
1787841000000,769.469970703125,769.9349975585938,769.4299926757812,769.5399780273438,420777
1787841300000,769.5499877929688,770.0599975585938,769.47998046875,770.0499877929688,310402
1787841600000,770.0449829101562,770.1199951171875,769.7899780273438,769.8800048828125,122501
1787841900000,769.8900146484375,770.0800170898438,769.5,769.5040283203125,219319
1787842200000,769.52001953125,769.6199951171875,769.3099975585938,769.3300170898438,293598
1787842500000,769.3350219726562,769.77001953125,769.1599731445312,769.6500244140625,397264
1787842800000,769.6500244140625,770.0399780273438,769.52001953125,769.9400024414062,427887
1787843100000,769.9500122070312,770.2000122070312,769.7100219726562,770.1400146484375,604997
1787843400000,770.1300048828125,770.22998046875,769.8900146484375,769.8900146484375,219694
1787843700000,769.9000244140625,770.22998046875,769.9000244140625,770.1900024414062,351737
1787844000000,770.1749877929688,770.280029296875,769.97998046875,770.0150146484375,277348
1787844300000,770.0100708007812,770.0800170898438,769.760009765625,769.9400024414062,386174
1787844600000,769.9450073242188,770.47998046875,769.8699951171875,770.4400024414062,269612
1787844900000,770.4600219726562,770.6099853515625,770.4000244140625,770.5499877929688,341980
1787845200000,770.5399780273438,770.6790161132812,770.3900146484375,770.6500244140625,454321
1787845500000,770.6400146484375,770.8800048828125,770.5599975585938,770.7899780273438,572686
1787845800000,770.7899780273438,771.3300170898438,770.4000244140625,771.2150268554688,773924
1787846100000,771.219970703125,771.3599853515625,770.9199829101562,771.0399780273438,3081226
1787909400000,771.760009765625,772.0900268554688,771.469970703125,772,1185700
1787909700000,772.0250244140625,772.4400024414062,771.72998046875,772.239990234375,359329
1787910000000,772.260009765625,772.8400268554688,772.1599731445312,772.5800170898438,283565
1787910300000,772.5800170898438,772.8699951171875,771.989990234375,772.1400146484375,367203
1787910600000,772.1900024414062,772.1900024414062,771.6699829101562,771.719970703125,366210
1787910900000,771.72998046875,772.3699951171875,771.6300048828125,771.780029296875,326392
1787911200000,771.7899780273438,773.1300048828125,771.25,771.7482299804688,930125
1787911500000,771.7380981445312,771.7949829101562,770.6199951171875,771,735377
1787911800000,770.989990234375,771.0999755859375,769.77001953125,770.280029296875,692198
1787912100000,770.239990234375,771.739990234375,770.1199951171875,771.4299926757812,725171
1787912400000,771.4099731445312,772.22998046875,770.97998046875,771.5800170898438,500677
1787912700000,771.5900268554688,771.6900024414062,770.5900268554688,771.2999877929688,498738
1787913000000,771.2999877929688,772.1599731445312,770.9000244140625,772.1400146484375,371897
1787913300000,772.14501953125,772.719970703125,772,772.3300170898438,324347
1787913600000,772.3300170898438,773.5599975585938,772.2999877929688,773.3900146484375,374829
1787913900000,773.4299926757812,773.8599853515625,773.2000122070312,773.85498046875,549211
1787914200000,773.8599853515625,774.7000122070312,773.780029296875,774.5399780273438,578937
1787914500000,774.5349731445312,775.0399780273438,774.4600219726562,774.9600830078125,644611
1787914800000,774.97998046875,775.2999877929688,774.760009765625,774.9099731445312,545947
1787915100000,774.9000244140625,775.0399780273438,774.1024780273438,774.239990234375,505790
1787915400000,774.239990234375,774.4400024414062,773.8200073242188,774.1950073242188,364453
1787915700000,774.1900024414062,774.6699829101562,774.1900024414062,774.2999877929688,221236
1787916000000,774.3099975585938,774.9000244140625,774.3049926757812,774.8250122070312,217533
1787916300000,774.8200073242188,775.219970703125,774.7318725585938,774.9500122070312,388341
1787916600000,774.969970703125,775,774.4500122070312,774.4600219726562,236755
1787916900000,774.4600219726562,774.6099853515625,773.5700073242188,773.6500244140625,286963
1787917200000,773.6599731445312,773.6599731445312,772.6699829101562,772.8200073242188,665456
1787917500000,772.8200073242188,773.030029296875,772.1699829101562,772.2899780273438,461804
1787917800000,772.2899780273438,772.489990234375,771.469970703125,772.0999145507812,476354
1787918100000,772.0999755859375,772.1300048828125,770.8300170898438,771.0700073242188,436442
1787918400000,771.0850219726562,771.22998046875,770.4600219726562,770.8099975585938,581209
1787918700000,770.8049926757812,771.6500244140625,770.75,771.5587768554688,456579
1787919000000,771.5413818359375,771.5900268554688,770.9500122070312,770.97998046875,335237
1787919300000,770.989990234375,771.22998046875,769.7550048828125,770.1799926757812,369719
1787919600000,770.1799926757812,770.3599853515625,769.1400146484375,769.5,456257
1787919900000,769.469970703125,769.8800048828125,769.3101196289062,769.5999755859375,261618
1787920200000,769.5999755859375,770.52001953125,769.5750122070312,769.6400146484375,324747
1787920500000,769.6450805664062,770.6199951171875,769.6400146484375,770.3400268554688,252162
1787920800000,770.3300170898438,770.3599853515625,769.5399780273438,769.6699829101562,201958
1787921100000,769.6799926757812,770.60498046875,769.6500244140625,770.4199829101562,735803
1787921400000,770.4099731445312,770.7000122070312,769.8300170898438,769.9400024414062,237594
1787921700000,769.9299926757812,770.0999755859375,769.6799926757812,769.6900024414062,296481
1787922000000,769.6799926757812,769.7100219726562,768.6599731445312,768.9949951171875,381643
1787922300000,769,769.010009765625,768.469970703125,768.489990234375,302494
1787922600000,768.47998046875,769.3499755859375,768.3076171875,769.3499755859375,304153
1787922900000,769.3499755859375,769.4099731445312,768.9400024414062,769.1300048828125,272741
1787923200000,769.1300048828125,769.219970703125,768.5800170898438,768.9749755859375,247381
1787923500000,768.97998046875,769.3250122070312,768.77001953125,768.8200073242188,176927
1787923800000,768.8400268554688,769.4600219726562,768.719970703125,769.3200073242188,165108
1787924100000,769.3400268554688,769.5,768.5999755859375,768.6599731445312,234228
1787924400000,768.6589965820312,769.1599731445312,768.6400146484375,769.0700073242188,187361
1787924700000,769.0499877929688,769.72998046875,768.8900146484375,769.6599731445312,164535
1787925000000,769.6599731445312,769.739990234375,769.4249877929688,769.5,146107
1787925300000,769.5,769.5800170898438,769.0800170898438,769.5399169921875,140284
1787925600000,769.5599975585938,769.7999877929688,769.3400268554688,769.52001953125,192034
1787925900000,769.5,769.75,769.3400268554688,769.5700073242188,153586
1787926200000,769.5800170898438,769.780029296875,769.2000122070312,769.219970703125,198963
1787926500000,769.22998046875,769.5299072265625,769.1400146484375,769.4149780273438,146788
1787926800000,769.4099731445312,769.5700073242188,768.9299926757812,769.0700073242188,191276
1787927100000,769.0599975585938,769.3300170898438,768.8900146484375,769.0599975585938,157562
1787927400000,769.0499877929688,769.47998046875,769,769.3699951171875,178395
1787927700000,769.3800048828125,769.5800170898438,769.0599975585938,769.1099853515625,293078
1787928000000,769.1099853515625,769.3900146484375,769.030029296875,769.3150024414062,217427
1787928300000,769.27001953125,769.3049926757812,768.719970703125,768.77001953125,138564
1787928600000,768.760009765625,768.760009765625,768.3099975585938,768.5599975585938,307478
1787928900000,768.52001953125,768.7899780273438,768.3699951171875,768.6799926757812,207462
1787929200000,768.6799926757812,768.9500122070312,768.469970703125,768.7999877929688,177222
1787929500000,768.7899780273438,769.3699951171875,768.7100830078125,769.3499755859375,364153
1787929800000,769.3400268554688,769.3800048828125,768.989990234375,769.236328125,373847
1787930100000,769.219970703125,769.280029296875,768.9967041015625,769.2100219726562,298514
1787930400000,769.219970703125,769.52001953125,769.1500244140625,769.3200073242188,495071
1787930700000,769.3099975585938,769.5900268554688,769.2899780273438,769.5150146484375,260564
1787931000000,769.510009765625,769.5100708007812,769.1799926757812,769.4000244140625,395715
1787931300000,769.4000244140625,769.5750122070312,769.1300048828125,769.5449829101562,389938
1787931600000,769.5499877929688,769.7899780273438,769.530029296875,769.6199951171875,701539
1787931900000,769.5999755859375,769.6900024414062,769.02001953125,769.239990234375,802394
1787932200000,769.25,769.780029296875,769.1099853515625,769.3599853515625,1057313
1787932500000,769.3499755859375,769.8800048828125,769.0700073242188,769.3800048828125,2670344
1788168600000,767.3300170898438,767.6199951171875,766.3049926757812,766.3800048828125,2007748
1788168900000,766.3699951171875,766.52001953125,765.75,766.2750244140625,559315
1788169200000,766.25,766.6400146484375,765.780029296875,765.8049926757812,440840
1788169500000,765.8300170898438,766.6300048828125,765.5,766.114990234375,596028
1788169800000,766.1199951171875,766.530029296875,765.780029296875,766.52001953125,335539
1788170100000,766.47998046875,766.7100219726562,766.0800170898438,766.1799926757812,357326
1788170400000,766.1900024414062,766.2999877929688,765.7000122070312,765.7999877929688,369270
1788170700000,765.7899780273438,766.0800170898438,765.4600219726562,765.5,317612
1788171000000,765.4749755859375,765.864990234375,765.3400268554688,765.8101196289062,262560
1788171300000,765.7999877929688,766.0399780273438,765.5599975585938,765.9500122070312,300984
1788171600000,765.9550170898438,765.9749755859375,765,765.0098876953125,291138
1788171900000,765.010009765625,765.0900268554688,764.7150268554688,764.9299926757812,421453
1788172200000,764.885009765625,765.1500244140625,764.7999877929688,764.9000244140625,266103
1788172500000,764.8900146484375,765.7899780273438,764.8250122070312,765.6400146484375,309293
1788172800000,765.6199951171875,766.0700073242188,765.5800170898438,765.8200073242188,282020
1788173100000,765.8300170898438,765.8300170898438,765.3699951171875,765.4199829101562,215483
1788173400000,765.4395141601562,765.8599853515625,765.3499755859375,765.8400268554688,168835
1788173700000,765.8433837890625,766.3989868164062,765.72998046875,765.9500122070312,290970
1788174000000,765.9500122070312,766.4600219726562,765.6704711914062,765.760009765625,361583
1788174300000,765.760009765625,766.2000122070312,765.6104736328125,765.6799926757812,175330
1788174600000,765.6900024414062,765.969970703125,765.5499877929688,765.739990234375,291550
1788174900000,765.7349853515625,765.9199829101562,765.3800048828125,765.77001953125,181202
1788175200000,765.780029296875,766.0650024414062,765.5800170898438,766.0349731445312,189790
1788175500000,766.030029296875,766.1799926757812,765.8200073242188,765.9400024414062,154133
1788175800000,765.9500122070312,766,765.4400024414062,765.7598876953125,251352
1788176100000,765.739990234375,765.844970703125,765.4299926757812,765.5900268554688,212571
1788176400000,765.5963745117188,765.8699951171875,765.4000244140625,765.8350219726562,146851
1788176700000,765.8499755859375,766.010009765625,765.6599731445312,765.851806640625,118165
1788177000000,765.8599853515625,766.3400268554688,765.8599853515625,766.0800170898438,246037
1788177300000,766.0599975585938,766.1199951171875,765.3099975585938,765.419921875,169298
1788177600000,765.4199829101562,765.4199829101562,765.0599975585938,765.1599731445312,233605
1788177900000,765.1400146484375,765.2100219726562,764.97998046875,765.135009765625,251338
1788178200000,765.1300048828125,765.77001953125,765.0800170898438,765.7100219726562,201127
1788178500000,765.7150268554688,765.760009765625,765.27001953125,765.580078125,205946
1788178800000,765.6099853515625,765.6900024414062,765.27001953125,765.469970703125,184921
1788179100000,765.489990234375,765.9500122070312,765.469970703125,765.9000244140625,185065
1788179400000,765.8948974609375,765.9500122070312,765.6300048828125,765.8049926757812,272440
1788179700000,765.8200073242188,765.9299926757812,765.2150268554688,765.219970703125,160154
1788180000000,765.22998046875,765.75,765.1900024414062,765.4149780273438,283496
1788180300000,765.4199829101562,765.8599853515625,765.4199829101562,765.75,177902
1788180600000,765.739990234375,765.9600219726562,765.6799926757812,765.8099975585938,162079
1788180900000,765.7999877929688,765.97998046875,765.760009765625,765.8400268554688,133980
1788181200000,765.8499755859375,765.8900146484375,765.5700073242188,765.6500244140625,154882
1788181500000,765.6900024414062,765.8400268554688,765.5399780273438,765.5850219726562,119731
1788181800000,765.5800170898438,765.9398803710938,765.5700073242188,765.9199829101562,103713
1788182100000,765.9099731445312,766.0599975585938,765.7000122070312,765.8599853515625,142761
1788182400000,765.8499755859375,765.9400024414062,765.7100219726562,765.7999877929688,112812
1788182700000,765.7899780273438,765.8200073242188,765.3900146484375,765.4199829101562,149256
1788183000000,765.4249877929688,765.5499877929688,765.1699829101562,765.2899780273438,227087
1788183300000,765.3200073242188,765.8400268554688,765.3049926757812,765.8400268554688,96701
1788183600000,765.8400268554688,766.239990234375,765.780029296875,766.239990234375,153606
1788183900000,766.260009765625,766.4500122070312,766.1400146484375,766.3250122070312,158956
1788184200000,766.3200073242188,766.7698974609375,766.3150024414062,766.7698974609375,210208
1788184500000,766.75,766.8099975585938,766.3800048828125,766.52001953125,254319
1788184800000,766.5,766.64990234375,766.1799926757812,766.5999755859375,262456
1788185100000,766.5900268554688,766.7000122070312,766.469970703125,766.6699829101562,111087
1788185400000,766.6699829101562,766.72998046875,766.4500122070312,766.719970703125,150759
1788185700000,766.7000122070312,766.780029296875,766.5499877929688,766.6950073242188,255706
1788186000000,766.6950073242188,766.8400268554688,766.5,766.614990234375,201499
1788186300000,766.6199951171875,766.639892578125,766.280029296875,766.2999877929688,178821
1788186600000,766.2999877929688,766.4199829101562,766,766.030029296875,648554
1788186900000,766.010009765625,766.0800170898438,765.27001953125,765.4550170898438,443699
1788187200000,765.4550170898438,765.5700073242188,765.0499877929688,765.3499145507812,375543
1788187500000,765.3499755859375,765.4400024414062,765.1900024414062,765.4246215820312,168128
1788187800000,765.4299926757812,765.719970703125,765.22998046875,765.6500244140625,303154
1788188100000,765.6400146484375,765.89501953125,765.5499877929688,765.6699829101562,243168
1788188400000,765.6699829101562,766.0499877929688,765.6699829101562,765.8099975585938,287123
1788188700000,765.7899780273438,766.0399780273438,765.6799926757812,766.0150146484375,444544
1788189000000,766.030029296875,766.2164916992188,765.9409790039062,766.1799926757812,214565
1788189300000,766.1799926757812,766.25,765.97998046875,766.0349731445312,170588
1788189600000,766.030029296875,766.489990234375,765.989990234375,766.4099731445312,227803
1788189900000,766.4199829101562,766.75,766.27001953125,766.635009765625,292548
1788190200000,766.6199951171875,766.6300048828125,766.1799926757812,766.4400024414062,272201
1788190500000,766.4600219726562,766.7000122070312,766.3900146484375,766.6400146484375,399217
1788190800000,766.6300048828125,767.2050170898438,766.5999755859375,767.010009765625,555216
1788191100000,767,767.1599731445312,766.5999755859375,766.8499755859375,1090556
1788191400000,766.8699951171875,767.6500244140625,766.8699951171875,767.3825073242188,3108863
1788191700000,767.3599853515625,767.9949951171875,766.5800170898438,766.9500122070312,5474019
