ts,open,high,low,close,volume
1788220800000,78653.9296875,78714.5,78653.9296875,78657.0078125,98189312
1788221100000,78657.0078125,78738.4375,78635.40625,78723.5078125,0
1788221400000,78739.6875,78769.3515625,78619.578125,78643.59375,0
1788221700000,78643.59375,78733.7421875,78643.5,78687.40625,142139392
1788222000000,78687.40625,78778.8203125,78685.0703125,78778.8125,12210176
1788222300000,78778.8125,78870.0625,78778.8125,78801.6171875,0
1788222600000,78801.6171875,78835.78125,78717.6484375,78727.84375,0
1788222900000,78700.0078125,78725.8203125,78686.8125,78702.8203125,0
1788223200000,78708.359375,78728.3828125,78689.0234375,78690.53125,0
1788223500000,78690.5390625,78754.296875,78690.5390625,78754.296875,38529024
1788223800000,78755.296875,78755.296875,78665.796875,78717.5390625,0
1788224100000,78718.4296875,78738.0234375,78655.9765625,78704.4921875,44271616
1788224400000,78710.46875,78882,78710.46875,78882,0
1788224700000,78888.8984375,78950,78851.7734375,78911.34375,3751936
1788225000000,78911.34375,78911.34375,78817.5,78837.5625,140218368
1788225300000,78843.6015625,78875.1171875,78810.7421875,78810.7421875,0
1788225600000,78807.3125,78807.3125,78768.5625,78786.578125,20756480
1788225900000,78786.578125,78979.3671875,78786.5703125,78974.2734375,0
1788226200000,78978.1875,79048.421875,78945,79047.1171875,0
1788226500000,79048.1328125,79109.6796875,79025.109375,79069.9765625,0
1788226800000,79069.9765625,79155.7890625,79013.828125,79147.8828125,382976
1788227100000,79146.3125,79165.078125,79066.6328125,79165.078125,70443008
1788227400000,79159.7890625,79163.0234375,79065.71875,79163.0234375,88432640
1788227700000,79181.1015625,79195.3125,79121.8984375,79159.078125,31418368
1788228000000,79121.8984375,79121.8984375,79050.0234375,79076.1171875,0
1788228300000,79076.8203125,79080.1484375,78963.3515625,78973.2265625,0
1788228600000,78977.75,79007.1484375,78955,79003.7421875,0
1788228900000,78993.796875,78993.796875,78865.5390625,78875.40625,120788992
1788229200000,78875.40625,78896.640625,78810.71875,78814.3671875,0
1788229500000,78814.359375,78895.671875,78789.359375,78863.1171875,45590528
1788229800000,78863.1171875,78921.2109375,78863.1171875,78893.4609375,0
1788230100000,78911.0078125,78919.140625,78840.0078125,78898.359375,0
1788230400000,78898.359375,78898.359375,78834.0234375,78852.109375,60016640
1788230700000,78852.109375,78855.7734375,78765.7109375,78806.2421875,0
1788231000000,78808.2109375,78823.84375,78758.90625,78772.5234375,0
1788231300000,78768.2578125,78772.5078125,78709.2890625,78709.2890625,171997184
1788231600000,78702.0234375,78759.953125,78687.7109375,78759.953125,0
1788231900000,78760.078125,78778.9375,78727.5234375,78746.8125,0
1788232200000,78738.6875,78738.6875,78691.078125,78698.046875,0
1788232500000,78710.9765625,78748.5703125,78710.9765625,78748.5703125,0
1788232800000,78748.890625,78770.4921875,78721.796875,78728.703125,0
1788233100000,78730.6796875,78772.0234375,78681.828125,78758.890625,0
1788233400000,78765.890625,78765.890625,78732.8984375,78765.453125,0
1788233700000,78766.9765625,78774.40625,78522.7421875,78556.34375,0
1788234000000,78532.1484375,78599.6171875,78480.609375,78599.609375,0
1788234300000,78599.609375,78644.9765625,78565.3125,78629.578125,189444096
1788234600000,78629.9296875,78657.5703125,78609.7421875,78622.7578125,0
1788234900000,78622.7734375,78659.9765625,78597.0234375,78609.9296875,0
1788235200000,78616.96875,78631.671875,78531.3203125,78557.9375,0
1788235500000,78557.9296875,78599.0234375,78266.2578125,78284.171875,0
1788235800000,78306.671875,78328.1796875,78248.1796875,78286.5703125,179509248
1788236100000,78286.9921875,78317.9375,78117.8203125,78190.203125,23353344
1788236400000,78208.7265625,78266.9921875,78082.109375,78115.03125,133347328
1788236700000,78078.171875,78115.03125,77859.71875,77859.71875,0
1788237000000,77878.7265625,77981.796875,77820.2109375,77981.796875,0
1788237300000,77970.671875,78020.453125,77924.0078125,77925.2578125,61833216
1788237600000,77925.2578125,77957.2421875,77840.2109375,77951.796875,984754176
1788237900000,77936.5078125,78001.2734375,77875.6015625,77899.4921875,45565952
1788238200000,77893.1328125,77931.46875,77802.9296875,77895.2109375,130396160
1788238500000,77880.0078125,77912.5625,77858.359375,77858.359375,41347072
1788238800000,77858.3671875,77897.3671875,77776.2265625,77846.1171875,0
1788239100000,77854.5390625,77890.09375,77760.109375,77858.9921875,0
1788239400000,77859,77880.03125,77800,77800,0
1788239700000,77793.1328125,77861.6875,77789.9921875,77827.140625,38008832
1788240000000,77827.0390625,77953.2109375,77823.0234375,77953.2109375,0
1788240300000,77946.359375,77951.78125,77904.0234375,77906.8984375,119214080
1788240600000,77908.2734375,77946.390625,77871.0078125,77932.5390625,211507200
1788240900000,77938.5078125,77938.5078125,77832.078125,77890.078125,30298112
1788241200000,77891.078125,78031.5,77890.578125,78031.5,46563328
1788241500000,78031.5078125,78037.390625,77930.28125,77935.546875,90761216
1788241800000,77916.4609375,77957.9921875,77908.953125,77908.953125,175431680
1788242100000,77908.953125,77926.203125,77883.453125,77886.0078125,0
1788242400000,77885.359375,77979.9609375,77872.34375,77899.96875,0
1788242700000,77896.78125,77934.03125,77835.46875,77835.46875,0
1788243000000,77832.0078125,77956.953125,77789.5234375,77869.109375,0
1788243300000,77862.78125,77889.5703125,77740.8671875,77852.8515625,0
1788243600000,77854.3671875,77999.9921875,77854.3671875,77999.9921875,78856192
1788243900000,78003.90625,78027.5625,77941.3671875,77989.65625,56680448
1788244200000,77991.546875,78142.703125,77991.546875,78074.328125,32636928
1788244500000,78076.84375,78152.390625,78038.78125,78152.3828125,0
1788244800000,78153.4765625,78174.7734375,78099.1484375,78117.75,117635072
1788245100000,78110.9921875,78142,78037.7109375,78037.7109375,0
1788245400000,78043.296875,78068.75,77962.1484375,77986.140625,0
1788245700000,77983.2109375,78013.40625,77956.3984375,77989.078125,4857856
1788246000000,77990.578125,78019.5234375,77893.4375,78008.9375,0
1788246300000,78008.9609375,78019.5078125,77902.2890625,77941,0
1788246600000,77949.9765625,77966.296875,77931,77953.5625,0
1788246900000,77965.9921875,77986.5625,77935.7734375,77954.25,13729792
1788247200000,77954.25,77956.28125,77852.15625,77933.421875,0
1788247500000,77933.40625,77967.6328125,77903.1171875,77967.6171875,12937216
1788247800000,77941.4375,78053.0390625,77909.7421875,78033.7734375,2641920
1788248100000,78045.75,78151.34375,78045.75,78151.34375,0
1788248400000,78150.6328125,78170.0703125,78069.8125,78069.859375,0
1788248700000,78097.6796875,78122.7265625,78066,78072.578125,723625984
1788249000000,78072.578125,78167.6171875,78066.0234375,78126.2421875,286748672
1788249300000,78126.2734375,78134.3828125,78020.953125,78061.71875,0
1788249600000,78057.859375,78057.859375,77920.796875,77993.4375,0
1788249900000,77993.96875,78118.046875,77969.3828125,78051.1875,0
1788250200000,78055.203125,78105.7734375,77977.5625,78000.1328125,26263552
1788250500000,78013.8671875,78068.453125,77938.078125,77940.203125,19234816
1788250800000,77945.703125,77987.8203125,77880.03125,77930.59375,0
1788251100000,77959.5625,78014.5234375,77953.5234375,77957.46875,0
1788251400000,77948.28125,77948.28125,77816.671875,77846.3515625,36188160
1788251700000,77838.28125,77854.4765625,77719.328125,77782.5234375,0
1788252000000,77800.4921875,77933.390625,77715.71875,77933.390625,0
1788252300000,77933.3984375,78047.546875,77900.2109375,77965.5703125,0
1788252600000,77954.0625,78031.46875,77949.0234375,77980.7578125,0
1788252900000,77985.9921875,78015.8125,77964.1484375,77968.9765625,244449280
1788253200000,77959.2734375,77986.59375,77798.53125,77809.71875,0
1788253500000,77819.0234375,77878.671875,77562.9375,77703.75,0
1788253800000,77697.703125,77885,77697.703125,77791.03125,379953152
1788254100000,77769.7578125,77858.8828125,77721.078125,77766.9921875,80678912
1788254400000,77778.1875,77799.828125,77713.1171875,77730.828125,0
1788254700000,77700.90625,77861.21875,77700.90625,77850.4765625,0
1788255000000,77841.1484375,77988.8125,77761.2890625,77804.3984375,77158400
1788255300000,77798.09375,77811.8828125,77524.359375,77608.3203125,38850560
1788255600000,77601.6484375,77908.6484375,77487.25,77893.6015625,77930496
1788255900000,77889.9375,78105.5234375,77820.2578125,78064.5,0
1788256200000,78079.109375,78179.3828125,77962.2109375,78015.15625,0
1788256500000,78006.453125,78038.90625,77962.53125,78038.90625,683134976
1788256800000,78075.84375,78243.96875,78024,78114.140625,0
1788257100000,78150.171875,78391.09375,78086.3984375,78334.7421875,54460416
1788257400000,78344.6796875,78355.9609375,78190.03125,78241.8828125,29786112
1788257700000,78237.25,78328.8671875,78136.0234375,78182.609375,0
1788258000000,78175,78250.390625,78114.796875,78250.390625,58796032
1788258300000,78275.9375,78385.5078125,78214.15625,78233.7890625,62879744
1788258600000,78224.7109375,78328.8515625,78202.046875,78313.921875,47915008
1788258900000,78328.8515625,78378.78125,78281.3203125,78299.84375,0
1788259200000,78302.3203125,78364.0078125,78255.0234375,78364.0078125,0
1788259500000,78394.921875,78397.0234375,78290,78290,0
1788259800000,78292.5703125,78322.53125,78230.2734375,78260.609375,0
1788260100000,78178.3828125,78205.171875,78110.453125,78133.7109375,0
1788260400000,78138.7734375,78138.7734375,77784.75,77817.8125,0
1788260700000,77814.703125,77861.5625,77739,77751.3828125,0
1788261000000,77752.859375,77807.9765625,77695.9765625,77787,0
1788261300000,77787.0078125,77833.7734375,77725.65625,77789.71875,28876800
1788261600000,77775.328125,77838.9296875,77768.8125,77813.5234375,0
1788261900000,77823.9375,77839,77762.4296875,77829.21875,0
1788262200000,77838.0078125,77898.046875,77765.0234375,77879.2734375,0
1788262500000,77858.78125,77923.1171875,77853.9921875,77874.9296875,0
1788262800000,77872.0078125,77953.53125,77872.0078125,77953.53125,103235584
1788263100000,77965.6875,78012.421875,77921.0078125,78012.421875,0
1788263400000,78031.2578125,78063.9609375,77970.3671875,77975,0
1788263700000,78002.7578125,78007.34375,77879.90625,77881.421875,0
1788264000000,77893,77917.0234375,77804.4921875,77881.03125,0
1788264300000,77882.59375,77948,77773.90625,77773.90625,0
1788264600000,77771.7421875,77812.4765625,77617.9375,77634.5703125,0
1788264900000,77657.9375,77710.3125,77533.8828125,77577.34375,0
1788265200000,77570.671875,77570.671875,77439.15625,77470.59375,0
1788265500000,77475.5078125,77647.2734375,77475.5078125,77592.9296875,75169792
1788265800000,77585.5625,77585.5625,77458.2578125,77458.2578125,16343040
1788266100000,77458.8828125,77528.90625,77292.359375,77528.90625,47022080
1788266400000,77535.640625,77568.4765625,77396.703125,77414.5,339279872
1788266700000,77406.6015625,77567.9765625,77394.046875,77561.453125,11046912
1788267000000,77569.359375,77608.3203125,77520.5390625,77608.3203125,0
1788267300000,77623.0625,77626.453125,77553.703125,77565.4375,0
1788267600000,77566.859375,77630,77544.8203125,77544.8203125,0
1788267900000,77541.0703125,77569.34375,77487.7109375,77530.3984375,0
1788268200000,77530.3984375,77530.3984375,77472.34375,77491.4921875,0
1788268500000,77471.96875,77521,77380.28125,77521,0
1788268800000,77540.140625,77599.4296875,77525.40625,77537.5234375,33275904
1788269100000,77537.5078125,77537.5078125,77434.7265625,77493.140625,52133888
1788269400000,77496.59375,77694.203125,77476.6796875,77644.2421875,0
1788269700000,77637.546875,77657.0234375,77560.9375,77561.2734375,61507584
1788270000000,77559.6171875,77599.9921875,77484.046875,77491.328125,33185792
1788270300000,77491.3203125,77494.3984375,77317.28125,77390.2109375,0
1788270600000,77421.9375,77426.34375,77313.3671875,77341.2421875,97241088
1788270900000,77347.9609375,77351.1484375,77227.203125,77229.7890625,4755456
1788271200000,77254.796875,77297.75,77149.3828125,77222.796875,8855552
1788271500000,77216.9921875,77234.703125,77105.328125,77120.8671875,79849472
1788271800000,77099,77195.8984375,77099,77195.8984375,18542592
1788272100000,77207.1875,77207.1875,77048.0234375,77053.6171875,0
1788272400000,77058.6875,77121.3125,77042.171875,77084.828125,815532032
1788272700000,77063.390625,77096.390625,76720.8125,77009.6875,13408256
1788273000000,77014.296875,77070.921875,76877.3203125,76908.5390625,413270016
1788273300000,76902.0625,76923.9296875,76589.1328125,76648.3984375,213456896
1788273600000,76664.71875,76755.4375,76550.0078125,76550.0078125,70230016
1788273900000,76558.3125,76747.9296875,76389.9296875,76747.9296875,254433280
1788274200000,76763.3125,76947.6328125,76763.28125,76914.7890625,144492544
1788274500000,76896.6015625,77125.59375,76896.6015625,77125.59375,128684032
1788274800000,77126.8671875,77251.296875,77087.703125,77251.296875,0
1788275100000,77276.9921875,77276.9921875,77118.21875,77140.8125,140736512
1788275400000,77140.8125,77212.078125,77138.8828125,77179.1875,86382592
1788275700000,77174.28125,77258.7890625,77106.4609375,77192.2734375,81956864
1788276000000,77189.078125,77377.09375,77189.078125,77294.7734375,0
1788276300000,77304.09375,77427.0078125,77304.09375,77324.2109375,46319616
1788276600000,77319.453125,77350.28125,77281.796875,77302.3671875,50110464
1788276900000,77307.953125,77340.7421875,77259.2734375,77263.6796875,7553024
1788277200000,77263.8828125,77329.96875,77260.171875,77270.28125,0
1788277500000,77279.90625,77298.75,77219.8984375,77256.828125,111249408
1788277800000,77256.4765625,77275.421875,77152.21875,77171.5390625,0
1788278100000,77199.2421875,77269.5390625,77189.5,77269.5390625,68931584
1788278400000,77279.3671875,77296.6328125,77199.3828125,77267.421875,0
1788278700000,77286.90625,77364.578125,77238.203125,77243.5234375,93388800
1788279000000,77238.9921875,77391.4921875,77238.9921875,77391.4921875,11913216
1788279300000,77391.5,77429.5234375,77296.640625,77384.296875,0
1788279600000,77384.2890625,77402.0078125,77335.6015625,77350.0234375,845824
1788279900000,77350.0234375,77367.5234375,77316.1171875,77364.796875,13213696
1788280200000,77385.65625,77388.1015625,77321.6328125,77338.96875,23851008
1788280500000,77338.421875,77440.859375,77338.421875,77400.7265625,0
1788280800000,77390.2109375,77390.2109375,77300.0078125,77354.34375,81414144
1788281100000,77372.4296875,77372.4296875,77299.78125,77310.359375,13494272
1788281400000,77350,77394.546875,77307.5625,77386.4609375,0
1788281700000,77385.5234375,77431.65625,77382.5,77404.8515625,0
1788282000000,77405.3203125,77482.28125,77326.40625,77340.6875,0
1788282300000,77333.6015625,77333.6015625,77202.859375,77212.75,0
1788282600000,77208.9921875,77208.9921875,77038.3828125,77070.90625,1794048
1788282900000,77072.4765625,77098.546875,76872.2109375,76994.703125,0
1788283200000,76981.9296875,77176.7578125,76981.9296875,77176.7578125,45197312
1788283500000,77187.53125,77228.90625,77115.46875,77153.25,20025344
1788283800000,77152.671875,77152.671875,76984.96875,77004.0234375,90347520
1788284100000,77011.6171875,77121.3125,77011.6171875,77121.3125,46845952
1788284400000,77119.4921875,77167.6484375,77093.171875,77109.25,62244864
1788284700000,77098.03125,77142.0078125,77086.8125,77137.546875,10182656
1788285000000,77139.1796875,77227.03125,77128.7734375,77197.890625,0
1788285300000,77194.9921875,77233.6875,77165.921875,77166.59375,0
1788285600000,77150.546875,77267.421875,77138.453125,77252.1015625,0
1788285900000,77239.3125,77264.4765625,77166.9375,77235.390625,72808448
1788286200000,77235.390625,77269.59375,77235.3828125,77256.3984375,0
1788286500000,77256.3984375,77256.3984375,77164.671875,77197.1015625,0
1788286800000,77197.109375,77197.109375,77052.2734375,77166.4296875,0
1788287100000,77121.4609375,77145.8515625,77023.3984375,77023.3984375,0
1788287400000,77023.40625,77047.359375,76984.4375,77041.40625,72732672
1788287700000,77056.109375,77140,77045.2734375,77072.7109375,108392448
1788288000000,77072.7109375,77127.2109375,77043.3984375,77108.7421875,27277312
1788288300000,77115.9765625,77286.75,77115.9765625,77286.75,10862592
1788288600000,77296.2734375,77328.8125,77247.84375,77247.84375,32813056
1788288900000,77247.84375,77278.7109375,77222.8671875,77224.9765625,0
1788289200000,77231.78125,77253.9765625,77182.296875,77182.296875,19787776
1788289500000,77164.9609375,77282.671875,77164.9609375,77238.390625,0
1788289800000,77249.6796875,77255.7578125,77208.9765625,77211.2578125,0
1788290100000,77219.203125,77277.15625,77219.203125,77273.7109375,126318592
1788290400000,77262.34375,77277.140625,77216.0703125,77277.140625,0
1788290700000,77286.4609375,77345.203125,77242.1796875,77345.203125,35424256
1788291000000,77349.2265625,77430.5,77329.4609375,77397.359375,0
1788291300000,77409.9921875,77528.859375,77392.0625,77469.75,0
1788291600000,77465.5390625,77546.7421875,77465.5390625,77497.8671875,0
1788291900000,77504.796875,77558.203125,77445.25,77526.203125,842131456
1788292200000,77546.03125,77547.359375,77425.703125,77433.421875,46991360
1788292500000,77430.828125,77430.828125,77377.3671875,77398.6171875,0
1788292800000,77426.2421875,77471.953125,77370.5703125,77406.3828125,110307328
1788293100000,77405.9765625,77433.578125,77359.359375,77362.2265625,0
1788293400000,77350.78125,77367.640625,77316.1328125,77351.59375,0
1788293700000,77351.59375,77431.5625,77345.3515625,77351.3671875,4575232
1788294000000,77359.53125,77407.6484375,77303.53125,77352.921875,0
1788294300000,77358.1015625,77358.1015625,77223.28125,77223.28125,913031168
1788294600000,77218.203125,77302.859375,77196.8984375,77213.328125,0
1788294900000,77213.328125,77241.28125,77121.90625,77170.0078125,24647680
1788295200000,77160.9921875,77224.9921875,77088.453125,77197.3828125,0
1788295500000,77207.5625,77220.828125,77164.203125,77199.2109375,19548160
1788295800000,77209.8984375,77209.8984375,77136.6015625,77136.6015625,98473984
1788296100000,77138.421875,77232.859375,77138.421875,77171.5625,10819584
1788296400000,77152.453125,77203.71875,77145.0234375,77169.5,0
1788296700000,77168.140625,77179.7734375,77104.2421875,77179.7734375,0
1788297000000,77191.7890625,77317.4609375,77191.78125,77301.4765625,0
1788297300000,77280.640625,77304.5390625,77189.5,77272.71875,0
1788297600000,77272.71875,77287.3828125,77220.1015625,77287.3828125,0
1788297900000,77287.3828125,77287.3828125,77095.4921875,77095.4921875,92925952
1788298200000,77088.453125,77121.1171875,77020.0078125,77020.0078125,0
1788298500000,77015.0390625,77019.8203125,76936.8203125,76936.8203125,0
1788298800000,76936.8125,76973.9921875,76808.53125,76832.640625,227112960
1788299100000,76853.3125,76925.1328125,76777,76777,0
1788299400000,76766.0078125,76787.7109375,76680.6875,76769.40625,197937152
1788299700000,76745.9609375,76988.4609375,76745.9609375,76965.7421875,41959424
1788300000000,76962.3671875,77005.46875,76901.140625,76945.25,0
1788300300000,76932.7109375,77170.3671875,76897.3125,77016.21875,3258368
1788300600000,77013.21875,77116.25,76994.7109375,77027.421875,107249664
1788300900000,77028.96875,77145.703125,77026.28125,77108.703125,56195072
1788301200000,77108.6875,77219.4375,77108.6875,77199.453125,0
1788301500000,77199.453125,77292.203125,77157.5390625,77266.1484375,0
1788301800000,77254.03125,77254.03125,77163.8984375,77222.21875,257751040
1788302100000,77222.21875,77237.359375,77133.59375,77159.65625,764194816
1788302400000,77160.2890625,77175.3828125,77112.7578125,77164.046875,0
1788302700000,77155.6484375,77204.171875,77138.15625,77187.2109375,0
1788303000000,77187.2109375,77230.9609375,77179.7734375,77187.7109375,58955776
1788303300000,77180.1796875,77277.15625,77175.0078125,77277.15625,0
1788303600000,77277.15625,77427.6484375,77255.546875,77427.6484375,0
1788303900000,77439.8671875,77439.8671875,77370,77386.3671875,112947200
1788304200000,77401.3984375,77545.75,77401.3984375,77456.359375,8226816
1788304500000,77464.4921875,77582.546875,77440.2421875,77513.6328125,25245696
1788304800000,77513.6171875,77557.1796875,77475.109375,77498.8828125,0
1788305100000,77513.5,77750,77505.0078125,77612.2734375,294311936
1788305400000,77598.578125,77598.578125,77483.4609375,77486.4296875,0
1788305700000,77488.171875,77597.0078125,77457.1875,77597.0078125,23658496
1788306000000,77608.3203125,77608.3203125,77470.6796875,77502.328125,0
1788306300000,77485.9609375,77596.65625,77485.9609375,77592.546875,31983616
1788306600000,77586.1171875,77586.1171875,77505.078125,77539.46875,0
1788306900000,77549.8671875,77549.8828125,77458.1015625,77512.453125,0
1788307200000,77501.8828125,77501.8828125,77445.921875,77464.53125,206602240
1788307500000,77464.53125,77464.5390625,77327.390625,77327.390625,17723392
1788307800000,77335.1484375,77352.046875,77308.0625,77320.0078125,0
1788308100000,77320.0078125,77359.078125,77239.7109375,77359.078125,43436032
1788308400000,77355.1875,77384.2890625,77326.8671875,77384.2890625,0
1788308700000,77378.859375,77404.046875,77344.8671875,77389.7109375,96946176
1788309000000,77395.3203125,77466.8515625,77388.1484375,77466.8515625,0
1788309300000,77467.09375,77497.328125,77431.6875,77495,0
1788309600000,77509.6328125,77556.4609375,77467.5078125,77550.71875,149405696
1788309900000,77558.671875,77573.0234375,77525.828125,77544.4765625,20985856
1788310200000,77544.4765625,77544.4765625,77507.796875,77507.8125,20977664
1788310500000,77507.796875,77530.140625,77491.7734375,77516.75,10543104
1788310800000,77516.75,77530.6015625,77419.0703125,77443.0625,0
1788311100000,77433,77455.3125,77392.8671875,77437.1171875,0
1788311400000,77436.9296875,77563.640625,77435.09375,77563.640625,98705408
1788311700000,77563.640625,77666.7734375,77563.6328125,77621.7890625,0
1788312000000,77624.0234375,77712.1484375,77609.34375,77705.8203125,0
1788312300000,77722.71875,77722.71875,77646.0234375,77694.859375,142063616
1788312600000,77708.3515625,77708.3515625,77630.7890625,77630.7890625,0
1788312900000,77630.7890625,77668.1171875,77621.421875,77638.21875,20371456
1788313200000,77640,77686.2421875,77640,77654.03125,0
1788313500000,77659.9375,77710.6328125,77659.9375,77710.59375,0
1788313800000,77710.59375,77710.59375,77655.9296875,77673.25,0
1788314100000,77680.8828125,77680.8828125,77545,77605.3984375,2103296
1788314400000,77625.4765625,77678.0625,77603.171875,77643.2265625,0
1788314700000,77652.5234375,77667.8828125,77609.0078125,77644.9921875,0
1788315000000,77641.2578125,77663.9921875,77536.6796875,77541.6328125,20117504
1788315300000,77568.1171875,77606.421875,77547.28125,77547.28125,36796416
1788315600000,77547.2890625,77573.421875,77520.65625,77549.8671875,0
1788315900000,77549.8828125,77623.890625,77505.0078125,77505.0078125,0
1788316200000,77505.0078125,77505.0078125,77421.6328125,77481.0625,0
1788316500000,77472.21875,77510.15625,77464.7578125,77503.8203125,0
1788316800000,77510.921875,77639.78125,77510.921875,77582.7109375,0
1788317100000,77579.1015625,77590.3984375,77541.390625,77553.046875,72048640
1788317400000,77557.6796875,77559.6171875,77476.453125,77487.5625,136718336
1788317700000,77479.546875,77573.6875,77459.3671875,77573.6875,0
1788318000000,77573.6796875,77617.3125,77563.421875,77592.4765625,23787520
1788318300000,77592.4765625,77607.2578125,77559.6171875,77604.296875,10395648
1788318600000,77613.7109375,77716.921875,77613.7109375,77637.5390625,0
1788318900000,77637.53125,77637.53125,77566.65625,77594.96875,0
1788319200000,77594.96875,77655.0625,77586.7265625,77610.796875,180942848
1788319500000,77588.84375,77594.96875,77548.7578125,77559.6328125,20617216
1788319800000,77561.1875,77597.359375,77515.9609375,77543.90625,0
1788320100000,77543.921875,77564.6015625,77530.3984375,77560.53125,0
1788320400000,77560.53125,77598.75,77519.2578125,77519.2734375,0
1788320700000,77512.8828125,77559.609375,77496.1171875,77521.390625,0
1788321000000,77521.421875,77549.8828125,77468.7421875,77469.4609375,0
1788321300000,77469.46875,77490.0625,77435.109375,77436.2265625,50739200
1788321600000,77447.4296875,77466.6015625,77345.34375,77449.9375,0
1788321900000,77452.4765625,77510.90625,77423.2578125,77472.4921875,0
1788322200000,77481.6875,77496.359375,77343.25,77378.7734375,25575424
1788322500000,77394.0390625,77445.0703125,77327.3515625,77327.3515625,7325696
1788322800000,77316.1796875,77326.15625,77242.2890625,77280.3125,0
1788323100000,77268.7109375,77300.6875,77210.3984375,77212.34375,0
1788323400000,77214.4765625,77214.4765625,77053.453125,77084.2734375,93628416
1788323700000,77094.40625,77112.4296875,77027.78125,77063.9921875,0
1788324000000,77053.7109375,77053.7109375,76899.7734375,76920.703125,0
1788324300000,76897.4296875,76993.0078125,76813,76816.828125,0
1788324600000,76812.640625,76813.1796875,76701.4921875,76745,0
1788324900000,76765,76827.2734375,76701.578125,76797.640625,53383168
1788325200000,76809.25,77013.2890625,76809.25,76948.2265625,0
1788325500000,76948.2265625,77006.1796875,76948.2265625,76986.25,0
1788325800000,76982.140625,76988.921875,76896.4296875,76896.4296875,32307200
1788326100000,76908.7890625,76932.171875,76840.921875,76851.078125,0
1788326400000,76838.25,76881.46875,76618.9921875,76709.09375,25575424
1788326700000,76743.3828125,76858.09375,76729.75,76858.09375,0
1788327000000,76830.6875,76830.6875,76604.3828125,76670,23504896
1788327300000,76672.359375,76672.359375,76510.0078125,76549.2578125,0
1788327600000,76550.8125,76614.859375,76482.3125,76519.8515625,123934720
1788327900000,76536.71875,76672.59375,76449.09375,76647.03125,0
1788328200000,76631.8515625,76718.90625,76631.8515625,76634.15625,65912832
1788328500000,76642.4765625,76714.1796875,76637.3125,76711.0703125,158953472
1788328800000,76708,76716.703125,76567.1484375,76567.3515625,89118720
1788329100000,76567.1484375,76617.828125,76529.8671875,76569.5,0
1788329400000,76565,76607.6796875,76527.75,76595.890625,208496640
1788329700000,76595.890625,76658.046875,76557,76658.046875,0
1788330000000,76653.8671875,76658.3984375,76608.5390625,76616.3203125,0
1788330300000,76608.0078125,76627.96875,76527.4921875,76529.2421875,94642176
1788330600000,76542.1875,76574.453125,76430.9296875,76452.0234375,10043392
1788330900000,76490,76552.8515625,76438.859375,76438.859375,0
1788331200000,76438.8515625,76566.6171875,76431.109375,76556.5078125,43982848
1788331500000,76543.21875,76556.5078125,76392.65625,76413.96875,93980672
1788331800000,76413.96875,76473.65625,76232.53125,76473.65625,0
1788332100000,76462.8515625,76655.046875,76462.8515625,76636.7734375,414513152
1788332400000,76629.7734375,76663.6171875,76516.453125,76520.859375,0
1788332700000,76520.859375,76643.140625,76469.7734375,76643.140625,257533952
1788333000000,76636.9296875,76668.5390625,76554.890625,76668.53125,79374336
1788333300000,76660.9609375,76703.4609375,76499.0390625,76499.0390625,39956480
1788333600000,76512.921875,76512.921875,76366.0234375,76377.9375,60092416
1788333900000,76379.4609375,76455.6015625,76305.78125,76455.6015625,20533248
1788334200000,76465.7265625,76623.140625,76442.3515625,76611.7421875,31291392
1788334500000,76618.6328125,76692.0703125,76580,76665,0
1788334800000,76651.796875,76667.1328125,76567.8828125,76592.8671875,94679040
1788335100000,76594.2421875,76606.8671875,76559.78125,76572.5703125,11954176
1788335400000,76557,76668.5390625,76547.5078125,76655.3828125,9984000
1788335700000,76663.703125,76800.2265625,76663.703125,76778.4921875,54398976
1788336000000,76754.9921875,76779.9921875,76673.7734375,76673.7734375,0
1788336300000,76685.7265625,76773,76639.578125,76743.3984375,94631936
1788336600000,76745.3125,76793.8984375,76708.40625,76790.2890625,44349440
1788336900000,76729.3828125,76881.4765625,76729.3828125,76815.53125,114274304
1788337200000,76800.359375,77003.15625,76796.109375,76936.578125,0
1788337500000,76942.3828125,76993.0234375,76932.1875,76950.2734375,180623360
1788337800000,76938.90625,76948.890625,76841.9609375,76862.421875,6539264
1788338100000,76862.421875,76875.84375,76749.7734375,76772.328125,0
1788338400000,76772.328125,76812.53125,76756.171875,76780.078125,0
1788338700000,76787.5078125,76787.5078125,76710.2578125,76726.5,0
1788339000000,76710.2734375,76723.28125,76672.953125,76692.1015625,109367296
1788339300000,76690.421875,76709.09375,76567.03125,76567.9375,0
1788339600000,76565.2734375,76760.3203125,76565.2734375,76734.2578125,0
1788339900000,76750,76840.921875,76691.34375,76728.859375,0
1788340200000,76727.3203125,76776.2890625,76695.328125,76695.328125,0
1788340500000,76699.328125,76795,76698.3203125,76766.3203125,0
1788340800000,76769.953125,76784.6328125,76655.828125,76738.0390625,0
1788341100000,76697.4921875,76916.78125,76697.4921875,76838.1015625,0
1788341400000,76824.8671875,76824.8671875,76651.96875,76728.2421875,0
1788341700000,76722.9765625,76722.9765625,76572.078125,76655.40625,0
1788342000000,76690.8671875,77362.84375,76658.7109375,77314.6484375,0
1788342300000,77341.4765625,77375,77053.859375,77055.421875,0
1788342600000,77053.5703125,77248.7265625,77053.5703125,77085.28125,112439296
1788342900000,77079.7734375,77139.859375,76959.953125,77112.640625,0
1788343200000,77085,77165.390625,76965.1484375,77048.671875,0
1788343500000,77046.8203125,77263.2734375,77028.4609375,77150.828125,0
1788343800000,77175.5078125,77303.4921875,77161.28125,77298.90625,16222208
1788344100000,77294.453125,77332.859375,77195.8203125,77256.03125,190713856
1788344400000,77262.953125,77449.0625,77200.0078125,77227.7421875,0
1788344700000,77207.9765625,77323.6015625,77189.96875,77297.2421875,18233344
1788345000000,77290.3984375,77290.3984375,77067,77167.5,0
1788345300000,77159.71875,77172.46875,77068.671875,77145.1171875,238278656
1788345600000,77154.6328125,77347.921875,77134.9765625,77278.3984375,0
1788345900000,77287.40625,77287.40625,77134.9765625,77183.046875,26580992
1788346200000,77172.140625,77193.890625,77055.328125,77077.453125,53663744
1788346500000,77085.71875,77178.7578125,77020.4765625,77025.328125,0
1788346800000,77016.75,77133.21875,76820.640625,77036.15625,0
1788347100000,77036.1484375,77103.921875,76774.9609375,76802.4765625,117721088
1788347400000,76780.078125,76802.046875,76700.5234375,76771.8125,0
1788347700000,76773.171875,77104.546875,76771.859375,77082.546875,115240960
1788348000000,77064.3828125,77064.921875,76902.9921875,76954.8828125,0
1788348300000,76942.3203125,77074.0625,76936.7734375,76998.1796875,0
1788348600000,77010,77321.59375,76952.46875,77263.90625,294832128
1788348900000,77259.84375,77302.46875,77097.9921875,77107.9375,10215424
1788349200000,77103.5078125,77349.5234375,77079.3671875,77332.0234375,135270400
1788349500000,77329.546875,77329.546875,77123.359375,77140.34375,6121472
1788349800000,77158.4765625,77199.3203125,77084.28125,77178.59375,63817728
1788350100000,77193.8515625,77260.1484375,77185.0078125,77253.0390625,28555264
1788350400000,77244.5234375,77253.1875,77171.21875,77253.1875,0
1788350700000,77265.3984375,77293.609375,77200.0625,77258.0234375,23826432
1788351000000,77262.09375,77357.21875,77225.2421875,77311.90625,0
1788351300000,77320.28125,77459.28125,77285,77435.3125,217561088
1788351600000,77445.453125,77525.4609375,77400.890625,77503.0625,0
1788351900000,77496.3984375,77538.578125,77403.546875,77421.171875,146208768
1788352200000,77426.8203125,77534.9765625,77426.8203125,77495.2265625,105025536
1788352500000,77477.75,77477.78125,77350,77374.921875,43872256
1788352800000,77372.421875,77372.421875,77250.2265625,77253.46875,0
1788353100000,77229,77299.9921875,77200,77256.6796875,0
1788353400000,77246.6875,77273.65625,77226.2421875,77233.640625,82644992
1788353700000,77233.640625,77255.84375,77139.9375,77139.9375,375183360
1788354000000,77137,77214.0390625,77102.078125,77155.2578125,0
1788354300000,77162.609375,77174.7890625,77025.0625,77067.9296875,0
1788354600000,77067.9296875,77134.9296875,77043.7265625,77086.7734375,52080640
1788354900000,77089.609375,77133.21875,76968.78125,77004.7265625,0
1788355200000,77008.0078125,77045.9609375,76922.046875,77025.140625,238737408
1788355500000,77013.2890625,77058.7734375,77003.171875,77054.6328125,97783808
1788355800000,77070.1796875,77189.1328125,77043.7265625,77159.0234375,0
1788356100000,77145.796875,77170.140625,77094.4296875,77107.359375,463601664
1788356400000,77125.8984375,77276.5078125,77115.7578125,77276.5078125,0
1788356700000,77284.9609375,77368.9296875,77284.9609375,77348.09375,0
1788357000000,77348.1015625,77355.4296875,77307.359375,77307.3671875,322396160
1788357300000,77307.3671875,77357.1484375,77287.2734375,77351.4609375,75864064
1788357600000,77351.4609375,77351.4609375,77289.078125,77321.171875,0
1788357900000,77322.6875,77400,77293.953125,77400,0
1788358200000,77396.1875,77408.828125,77344.953125,77380.0390625,0
1788358500000,77386.9765625,77493.7890625,77368.2109375,77411.7578125,0
1788358800000,77423.359375,77431.609375,77356.25,77423.3828125,2666496
1788359100000,77423.3828125,77450.078125,77407.4375,77417.4921875,0
1788359400000,77423.5234375,77426.2421875,77363.609375,77364.1484375,0
1788359700000,77375.453125,77394.59375,77287.2578125,77287.2578125,0
1788360000000,77282.46875,77313.359375,77264.421875,77282.0078125,0
1788360300000,77292.421875,77388.703125,77267.28125,77375.25,0
1788360600000,77370.7578125,77378.1875,77284.59375,77333.8828125,263559168
1788360900000,77336.8671875,77351.9765625,77301.703125,77348.28125,0
1788361200000,77339.7734375,77351.5,77297.3125,77345.84375,0
1788361500000,77335.8203125,77374.5,77317.5078125,77367.7734375,0
1788361800000,77376.4921875,77376.4921875,77297.2265625,77359,0
1788362100000,77359.0078125,77395.1796875,77264.7265625,77276.7421875,0
1788362400000,77267.78125,77267.78125,77198.2890625,77207.9375,182114304
1788362700000,77214.4375,77234.0390625,77150.0078125,77150.0078125,20404224
1788363000000,77125.6796875,77149.9921875,77095.0078125,77109.953125,0
1788363300000,77109.953125,77155.2578125,77090.0078125,77155.2578125,0
1788363600000,77155.25,77223.53125,77152.53125,77206.75,468578304
1788363900000,77203.59375,77226.2265625,77165.40625,77192.9296875,0
1788364200000,77179.0390625,77254,77152.4921875,77160.7578125,87226368
1788364500000,77160.75,77310.953125,77115.3515625,77310,0
1788364800000,77329.5625,77450.1171875,77287.09375,77450.1171875,0
1788365100000,77449.3984375,77495.65625,77354.8515625,77363.328125,0
1788365400000,77363.34375,77365.5234375,77241.453125,77335.6015625,79595520
1788365700000,77303.5078125,77307.921875,77177.7265625,77233.453125,0
1788366000000,77247.921875,77436.5234375,77247.921875,77419.171875,0
1788366300000,77419.1796875,77419.1796875,77347.9296875,77349.6796875,0
1788366600000,77340.8203125,77436.859375,77340.8203125,77436,29157376
1788366900000,77435.9765625,77455.5390625,77400.4375,77409.2265625,573526016
1788367200000,77409.2265625,77409.2265625,77289.1171875,77350.21875,0
1788367500000,77327.6484375,77402.140625,77279.9296875,77368.65625,0
1788367800000,77343.9609375,77453.859375,77335.2890625,77400.71875,330258432
1788368100000,77408.1796875,77428.3828125,77363.4765625,77378.109375,86013952
1788368400000,77378.109375,77378.109375,77286.8828125,77307.3671875,116240384
1788368700000,77302.5078125,77323.6015625,77287.078125,77287.1015625,0
1788369000000,77287.09375,77337.5234375,77287.09375,77299.3515625,0
1788369300000,77302.859375,77310,77219.9765625,77243.8125,0
1788369600000,77242.359375,77294.5,77241.890625,77287.1796875,0
1788369900000,77287.4375,77287.4375,77237.6484375,77260.0390625,0
1788370200000,77253.8515625,77264.1328125,77216.140625,77218.28125,0
1788370500000,77217.9609375,77356.921875,77217.9609375,77356.8515625,27375616
1788370800000,77327.640625,77404.25,77327.640625,77404.25,292339712
1788371100000,77401.1484375,77404.2578125,77250.203125,77252.0703125,0
1788371400000,77259.0078125,77308.2421875,77252.078125,77304.4765625,97392640
1788371700000,77304.4765625,77329.53125,77262.5,77264.8828125,0
1788372000000,77266.2265625,77266.2265625,77165.40625,77165.8203125,273551360
1788372300000,77152.1484375,77152.1484375,77094.4296875,77098.2109375,0
1788372600000,77098.2109375,77163.3828125,77053.453125,77126.8203125,35926016
1788372900000,77138.8203125,77148.9609375,77061.1484375,77062.671875,0
1788373200000,77062.671875,77062.671875,77023.4375,77031.6875,73199616
1788373500000,77031.703125,77036.453125,76989.640625,76989.640625,380370944
1788373800000,76993.6875,77078.6328125,76993.6875,77064.203125,0
1788374100000,77067.6875,77125.4375,77046.4921875,77105,9865216
1788374400000,77105.171875,77134.96875,77084.28125,77094.4296875,0
1788374700000,77094.4296875,77094.4296875,77027.890625,77039.4765625,0
1788375000000,77023.4375,77058.1328125,76994.4296875,77015.890625,0
1788375300000,77022.9609375,77022.9609375,76999.2265625,77003.6015625,0
1788375600000,77007.4921875,77118.90625,76988.2109375,77115.421875,302047232
1788375900000,77116.9765625,77192.9609375,77116.9765625,77184.828125,0
1788376200000,77184.828125,77197.5078125,77172.1484375,77193.2265625,36038656
1788376500000,77193.2421875,77193.2421875,77114.7109375,77114.7109375,0
1788376800000,77122.25,77159.5703125,77104.5703125,77134.9765625,374300672
1788377100000,77134.9765625,77175.3125,77121.9921875,77164,0
1788377400000,77155.6875,77227.296875,77110,77116.046875,20844544
1788377700000,77109.65625,77115.890625,77098.8125,77101.2734375,53223424
1788378000000,77101.28125,77118.453125,77081.296875,77118.453125,0
1788378300000,77118.8984375,77199.7109375,77118.8984375,77199.7109375,0
1788378600000,77212.296875,77309.0234375,77205.28125,77251.6015625,0
1788378900000,77251.6015625,77347.3515625,77249.7890625,77307.359375,0
1788379200000,77302.1875,77357.6484375,77284.7890625,77325.0234375,29493248
1788379500000,77325.0234375,77347.5625,77148.2109375,77171.2578125,0
1788379800000,77171.2578125,77223.9609375,77134.9921875,77134.9921875,0
1788380100000,77134.9921875,77134.9921875,77069.1796875,77107.046875,94187520
1788380400000,77107.046875,77107.046875,77039.828125,77087.640625,0
1788380700000,77086.09375,77086.09375,77003.171875,77008.25,396261376
1788381000000,77006.2109375,77033.6484375,76977.03125,76977.03125,0
1788381300000,76977.03125,77083.2109375,76960.0078125,77064,0
1788381600000,77064,77105.46875,77047.203125,77070.4921875,93253632
1788381900000,77077.40625,77111.90625,77044.640625,77058.0078125,0
1788382200000,77050.0078125,77089.9765625,77032.578125,77048.7890625,99690496
1788382500000,77052.4921875,77113.0390625,76998.7578125,77029.1015625,0
1788382800000,77028.109375,77115.34375,76945.890625,77078.890625,316407808
1788383100000,77109.109375,77289.8828125,77109.109375,77230.0234375,0
1788383400000,77237.0234375,77400.3984375,77205.96875,77383.921875,94345216
1788383700000,77368.2109375,77368.2109375,77267.453125,77267.453125,96481280
1788384000000,77255,77406.5390625,77255,77353.9609375,67436544
1788384300000,77350.953125,77395,77309.7578125,77395,4929536
1788384600000,77415.0078125,77491.96875,77370.7578125,77491.96875,0
1788384900000,77491.96875,77512.4765625,77290.2734375,77423.671875,0
1788385200000,77424.2109375,77452.2890625,77307.359375,77307.3671875,479703040
1788385500000,77310.8828125,77323.2890625,77284.2578125,77294.296875,0
1788385800000,77294.2890625,77428.1171875,77256.6796875,77359.4375,0
1788386100000,77355.0078125,77411.4921875,77321.2734375,77321.2734375,0
1788386400000,77319.71875,77343.0078125,77250,77258.96875,0
1788386700000,77258.96875,77306.9375,77200.8203125,77229.0625,664436736
1788387000000,77243.9921875,77458.4765625,77243.9921875,77458.4765625,35475456
1788387300000,77458.4609375,77471.4375,77410.671875,77416.9765625,0
1788387600000,77400.3515625,77534.9765625,77400.3515625,77489.890625,0
1788387900000,77489.8828125,77585.25,77451.3828125,77569.75,0
1788388200000,77567.890625,77859.78125,77528.8828125,77859.78125,75038720
1788388500000,77793.546875,77874.046875,77667.7734375,77721.59375,27774976
1788388800000,77714.8828125,77821.828125,77712.03125,77754.6484375,265732096
1788389100000,77739.0234375,77822.21875,77711.4765625,77816.2109375,49797120
1788389400000,77798.96875,77850.8828125,77775.671875,77833.828125,26628096
1788389700000,77814.3671875,77850.6328125,77768.421875,77783.09375,127170560
1788390000000,77758,77760.3125,77682.546875,77682.546875,0
1788390300000,77676.1171875,77710.7578125,77672.3984375,77682.546875,54632448
1788390600000,77682.546875,77834.671875,77670.84375,77799,11241472
1788390900000,77786.0078125,77853,77680.0078125,77846.3515625,512180224
1788391200000,77847.359375,77847.359375,77724.28125,77733.5078125,0
1788391500000,77727.40625,77781.7890625,77712.96875,77712.96875,17516544
1788391800000,77712.96875,77751,77676.7578125,77676.7734375,0
1788392100000,77675.0078125,77675.0078125,77618.5390625,77633.171875,0
1788392400000,77633.1796875,77650.6171875,77613.7734375,77631.7734375,0
1788392700000,77638.7578125,77660.53125,77606.4296875,77655.0625,5298176
1788393000000,77655.0703125,77714.46875,77655.0625,77713.640625,50667520
1788393300000,77697.0234375,77714.9765625,77672.40625,77673.9609375,0
1788393600000,77678.453125,77737.859375,77678.453125,77710.5078125,0
1788393900000,77694.7578125,77750.9921875,77694.7578125,77734.8671875,0
1788394200000,77726.953125,77808.4375,77599.0234375,77614.078125,17698816
1788394500000,77608.59375,77615.9375,77535,77557.8828125,0
1788394800000,77557.8671875,77608.1015625,77515.453125,77599.7109375,0
1788395100000,77591.5234375,77598.390625,77526.40625,77548.546875,65349632
1788395400000,77548.5390625,77594.9921875,77548.5390625,77570.0078125,0
1788395700000,77570.0078125,77580.2578125,77556.109375,77565.3984375,37421056
1788396000000,77565.390625,77565.3984375,77509.4375,77524.8828125,0
1788396300000,77546.4296875,77616.2734375,77546.4296875,77603.953125,0
1788396600000,77614.7578125,77764.078125,77603.9375,77758.421875,10403840
1788396900000,77758.421875,77758.421875,77678.1171875,77740.703125,0
1788397200000,77753.5234375,77798.328125,77719.640625,77719.640625,0
1788397500000,77719.6484375,77723.65625,77641.9921875,77663.5390625,127578112
1788397800000,77677.6015625,77705.1484375,77572.8515625,77603.1328125,10825728
1788398100000,77607.75,77621.453125,77448.390625,77463.84375,0
1788398400000,77469.609375,77469.609375,77182.9296875,77245.859375,0
1788398700000,77237.78125,77237.78125,77056.84375,77166.1484375,86231040
1788399000000,77140.7734375,77322.75,77140.7734375,77309.078125,0
1788399300000,77315.8984375,77433.8828125,77315.890625,77405.8203125,28514304
1788399600000,77406.796875,77485.53125,77368.2109375,77452.9921875,695373824
1788399900000,77452.9921875,77497.3125,77385.6015625,77473.1875,1746944
1788400200000,77489.46875,77680.8125,77479.75,77642.0234375,153157632
1788400500000,77656.6171875,77796.421875,77656.6171875,77781.09375,0
1788400800000,77798.328125,77798.328125,77692.6796875,77697.6875,73414656
1788401100000,77697.703125,77750,77669.84375,77687.8203125,0
1788401400000,77687.8203125,77724.0703125,77664.078125,77678.75,201048064
1788401700000,77678.75,77749.15625,77671.7265625,77749.15625,0
1788402000000,77744.5625,77749.90625,77707.9296875,77713.578125,0
1788402300000,77714.5703125,77747.7578125,77692.6875,77723.0390625,0
1788402600000,77710,77757,77685.796875,77757,72230912
1788402900000,77763.65625,77763.65625,77726.859375,77735.8203125,0
1788403200000,77727,77793.671875,77723.1015625,77793.671875,0
1788403500000,77791.578125,77804.21875,77743.5078125,77787.5,0
1788403800000,77785.0078125,77818.046875,77741.6015625,77742.2265625,107745280
1788404100000,77748.7421875,77797.9921875,77748.7421875,77797.9921875,0
1788404400000,77791.390625,78105.796875,77776.0234375,78100.046875,0
1788404700000,78102.2265625,78148.96875,77971.2109375,77975.8203125,134506496
1788405000000,77971.2109375,78077.6484375,77940.15625,78025.3828125,22323200
1788405300000,78028.4921875,78028.7109375,77900.7421875,77927.7890625,72019968
1788405600000,77920,77989.890625,77886.7578125,77925.046875,59729920
1788405900000,77918.4765625,77954.15625,77844.78125,77915.7734375,71206912
1788406200000,77905.6328125,77917.2421875,77824.390625,77885.34375,12634112
1788406500000,77885.328125,77933.53125,77863.2109375,77933.53125,25085952
1788406800000,77946.171875,78037.4296875,77867.5390625,77874.140625,53815296
1788407100000,77865.0703125,77912.859375,77708.9375,77712.671875,0
1788407400000,77701.0234375,77701.0234375,77620,77643.0234375,0
1788407700000,77638.5234375,77649,77560.8671875,77621.7109375,753756160
1788408000000,77639.703125,77859.9296875,77639.703125,77823.3203125,0
1788408300000,77838.3828125,78037.3984375,77838.3828125,77895.4921875,0
1788408600000,77899.6796875,77969.5078125,77838.7734375,77896.40625,149041152
1788408900000,77893.3984375,77898.3671875,77834.921875,77895.5390625,0
1788409200000,77896.5625,77924.2578125,77791.5234375,77834.640625,0
1788409500000,77828.9921875,77943,77804.2421875,77938.3984375,21477376
1788409800000,77951.2421875,77963.53125,77901,77915.2421875,0
1788410100000,77913.8984375,77945.9921875,77889.9765625,77889.9765625,0
1788410400000,77884.921875,77919.4296875,77825.0234375,77837.578125,146620416
1788410700000,77855,77876.6328125,77741.953125,77775.5078125,0
1788411000000,77754.4296875,77794,77725.2109375,77783.9765625,0
1788411300000,77781.3984375,77825.2265625,77781.3984375,77803.1328125,0
1788411600000,77803.8203125,77805.3203125,77767.5390625,77791.5078125,0
1788411900000,77792.609375,77865.59375,77768.2265625,77849.78125,0
1788412200000,77846.1015625,77924.359375,77809.5234375,77830.0625,0
1788412500000,77830.0625,77883.7734375,77795.8671875,77803.8828125,104499200
1788412800000,77821.0703125,77838.3671875,77776.0703125,77806.0078125,5259264
1788413100000,77783.640625,77803.03125,77712.0078125,77712.0078125,0
1788413400000,77712.0078125,77734.9375,77699.21875,77717.28125,0
1788413700000,77715.78125,77747.96875,77700.4921875,77700.4921875,0
1788414000000,77686.25,77707.4375,77630.0625,77697.453125,0
1788414300000,77697.453125,77744.2265625,77590.8125,77590.8125,0
1788414600000,77603.859375,77650,77584.4921875,77621.171875,0
1788414900000,77617.546875,77623.9921875,77572.9375,77572.9375,0
1788415200000,77571,77615.640625,77553.453125,77608.8203125,0
1788415500000,77598.9609375,77647.7890625,77549.890625,77617.609375,0
1788415800000,77609.7734375,77629.4921875,77500,77529.6796875,0
1788416100000,77529.6796875,77588.3671875,77499.0234375,77577.5234375,0
1788416400000,77589.140625,77674.453125,77589.140625,77609.6875,0
1788416700000,77609.5390625,77628.6796875,77569.3671875,77602.859375,0
1788417000000,77595.6171875,77617.796875,77458.34375,77458.34375,522270720
1788417300000,77473,77512.6484375,77462.21875,77510.21875,0
1788417600000,77488.203125,77498.84375,77436.28125,77476.5078125,54056960
1788417900000,77470,77562.390625,77470,77547.28125,0
1788418200000,77547.28125,77745.578125,77542.4609375,77690.28125,0
1788418500000,77705.7109375,77743.1171875,77670.0078125,77708.609375,0
1788418800000,77715.1015625,77758.203125,77675.203125,77717.2421875,0
1788419100000,77717.2421875,77782.921875,77703.7578125,77782.921875,0
1788419400000,77773.6328125,77792.9765625,77728.5,77789.2421875,0
1788419700000,77789.2421875,77908.3203125,77789.2421875,77892.6015625,44924928
1788420000000,77897.9609375,77910.25,77816.4765625,77873.609375,0
1788420300000,77876.6875,77924.703125,77869.7421875,77894.7109375,0
1788420600000,77900.5078125,77929.6796875,77809.953125,77899.90625,0
1788420900000,77888.2421875,77915.0234375,77842.09375,77914.796875,138489856
1788421200000,77916.6484375,77946.359375,77885.3671875,77890,30928896
1788421500000,77899.859375,77971.6015625,77842.09375,77861.328125,0
1788421800000,77862.1171875,77907.0078125,77857,77868.0234375,3524608
1788422100000,77868.0234375,77942.9921875,77861.5703125,77910.2734375,2957312
1788422400000,77901.8515625,77910.2578125,77860.53125,77907.9609375,0
1788422700000,77913.90625,77921.9921875,77852.890625,77921.7890625,0
1788423000000,77921.78125,78059.21875,77913.4296875,78049.3515625,0
1788423300000,78039.9375,78108.7421875,77913.0390625,77970.2890625,0
1788423600000,77939.4921875,77984.890625,77905.3125,77953.28125,91725824
1788423900000,77953.28125,77963.6796875,77916.1015625,77935.9375,28604416
1788424200000,77957.5625,78403.2578125,77957.5625,78263.3125,30695424
1788424500000,78245,78373.5390625,78172,78327.6328125,198688768
1788424800000,78305.6796875,78375.2421875,78233.2578125,78288.953125,96747520
1788425100000,78265,78361.0625,78232.5234375,78329.7109375,78596096
1788425400000,78358.1875,78567.0625,78320.890625,78523.890625,24459264
1788425700000,78538.1171875,78759.2734375,78531.6328125,78621.2890625,167979008
1788426000000,78651.0078125,78680.140625,78520,78580.046875,219910144
1788426300000,78581.9609375,78581.9609375,78486,78500.9921875,96161792
1788426600000,78489.0234375,78572.546875,78488.21875,78525.671875,79794176
1788426900000,78525.671875,78539.9296875,78434.0625,78467.8203125,45219840
1788427200000,78467.828125,78578.9765625,78423.7421875,78556.921875,59189248
1788427500000,78523.8828125,78538.796875,78459.7578125,78466.9296875,39933952
1788427800000,78434.9921875,78661.4921875,78434.9921875,78597.5234375,0
1788428100000,78603.3671875,78835.140625,78493.046875,78834.2890625,120172544
1788428400000,78866.109375,78905.96875,78743.9921875,78890.7109375,0
1788428700000,78865.140625,78971.8984375,78780.6484375,78810.171875,0
1788429000000,78836.21875,78952.4609375,78763.796875,78774.4921875,70973440
1788429300000,78756.46875,78845.7890625,78715,78815.7421875,0
1788429600000,78805.15625,78908.453125,78691.71875,78869.890625,3561472
1788429900000,78872.140625,78941.2265625,78840.671875,78855.65625,21719040
1788430200000,78858.390625,78988.90625,78781.796875,78977.0625,2160640
1788430500000,78977.640625,79128.75,78977.640625,79006.296875,77416448
1788430800000,79005.90625,79371.0078125,79005.90625,79360.8671875,78669824
1788431100000,79365.796875,79658,79365.796875,79658,51435520
1788431400000,79622.9921875,79865.4609375,79618.6328125,79756.9921875,524185600
1788431700000,79754.1875,79856.9765625,79648.421875,79648.421875,222679040
1788432000000,79635.21875,79868.1484375,79596.140625,79745.4609375,220233728
1788432300000,79750.9609375,80464.0234375,79750.9609375,80425.1484375,238530560
1788432600000,80421.9921875,80462.90625,80100,80252.3984375,449566720
1788432900000,80215.390625,80550.0078125,80128.84375,80550.0078125,306231296
1788433200000,80535,80963,80515.28125,80812.4296875,557373440
1788433500000,80726.1328125,80875.953125,80580.71875,80580.71875,524224512
1788433800000,80552.2734375,80639.40625,80361.078125,80559.1171875,510164992
1788434100000,80569.1171875,80654.046875,80466.6796875,80610.703125,599674880
1788434400000,80615.09375,80778.2734375,80543.0390625,80755.0078125,225294336
1788434700000,80748.7734375,80782.890625,80630,80740.421875,378834944
1788435000000,80749.3671875,80890.1875,80706.0234375,80879.90625,0
1788435300000,80864.15625,80980.7890625,80779.6796875,80980.7890625,0
1788435600000,80965.7109375,80999.8515625,80861.5,80861.5,401356800
1788435900000,80885.6875,80895.5703125,80733.1796875,80787.5078125,190273536
1788436200000,80797.21875,81287.609375,80797.21875,81271.671875,0
1788436500000,81289.8125,81390.046875,81174.4375,81358.2109375,350851072
1788436800000,81377.71875,81377.71875,80816.3203125,80849.9921875,0
1788437100000,80846.890625,81075.5703125,80832.2578125,80998.1328125,352073728
1788437400000,80980.4765625,81069.2109375,80909.7265625,80964.8671875,215662592
1788437700000,80957.8515625,80963.3828125,80706.4609375,80707.34375,920295424
1788438000000,80711.046875,80872.3671875,80696.1015625,80739.9921875,0
1788438300000,80723.0703125,80769.6875,80632.2578125,80763.6796875,45103104
1788438600000,80771.8125,80945.5,80760,80928.53125,0
1788438900000,80952.40625,80952.40625,80800,80835.3203125,131776512
1788439200000,80830.296875,80873.1328125,80765.1171875,80811.2890625,54243328
1788439500000,80793.1171875,81033.6015625,80788.84375,81005.203125,52942848
1788439800000,81006.59375,81042.0078125,80904.03125,80975.3984375,58214400
1788440100000,80979.9609375,81011.6484375,80914.4921875,80973.953125,181475328
1788440400000,80970.59375,80986.6796875,80891.7734375,80985.46875,0
1788440700000,80974.671875,81028.6484375,80880.8125,81004.671875,14231552
1788441000000,80991.90625,81110.5,80956.2734375,81090.9765625,220047360
1788441300000,81113.8125,81146.6015625,81044.4296875,81050.2734375,0
1788441600000,81037.3828125,81078.15625,80930,80999.28125,183152640
1788441900000,81001.34375,81074.0703125,80958.0234375,81025.59375,148529152
1788442200000,81005.46875,81133.0703125,80997.1015625,81121.078125,22427648
1788442500000,81131.65625,81170.9921875,81072.953125,81166.078125,172855296
1788442800000,81179.578125,81179.578125,81080.8515625,81080.8515625,0
1788443100000,81056.7734375,81197.9765625,81051.65625,81164.71875,31911936
1788443400000,81112.53125,81144.671875,81027,81033.25,184145920
1788443700000,81026.2265625,81077.9921875,81012.1171875,81052.4921875,0
1788444000000,81059.3984375,81244.390625,81033.8125,81177.1328125,36820992
1788444300000,81193.6015625,81343.1015625,81154.9921875,81328.2734375,159700992
1788444600000,81307.2890625,81307.2890625,81173.7109375,81284.1796875,73846784
1788444900000,81260.0078125,81288.0234375,81139.4921875,81139.5,100032512
1788445200000,81159.1796875,81174.46875,81022.2109375,81088.0390625,0
1788445500000,81073.34375,81073.34375,80943.0234375,80948.03125,0
1788445800000,80948.7109375,80997.7421875,80904.0234375,80951.9765625,782088192
1788446100000,80971.359375,81040.09375,80961.8984375,81015.953125,107634688
1788446400000,81024.203125,81058.2734375,80961.6015625,80994.09375,66469888
1788446700000,80994.1328125,81055.84375,80963.640625,81055.84375,47689728
1788447000000,81049.078125,81197.9609375,81043.03125,81171.2734375,27635712
1788447300000,81173.5,81278.4765625,81173.5,81268.421875,46014464
1788447600000,81254.578125,81421.2578125,81216.2890625,81421.2578125,0
1788447900000,81446.3984375,81593.828125,81174.7109375,81288.7109375,144715776
1788448200000,81293.9765625,81311.9765625,81184.84375,81215.71875,417116160
1788448500000,81209.203125,81379.59375,81180.0078125,81369.2578125,0
1788448800000,81389.2265625,81602.640625,81383.03125,81531.2578125,0
1788449100000,81537.453125,81573.2265625,81404.578125,81550.359375,215986176
1788449400000,81550.390625,81567.296875,81396.953125,81427.4296875,55713792
1788449700000,81425.15625,81530.9765625,81395.90625,81522.2890625,0
1788450000000,81511.96875,81613.2734375,81504,81554.28125,164073472
1788450300000,81554.28125,81642.140625,81459.2578125,81473.25,149139456
1788450600000,81526.7734375,81711.59375,81498.9765625,81707.9765625,105656320
1788450900000,81671.7734375,81812.3125,81671.7734375,81760.1796875,0
1788451200000,81776.703125,81786.84375,81417.421875,81621.8515625,424775680
1788451500000,81620.78125,81719.59375,81537.296875,81660.0078125,218853376
1788451800000,81654,81654,81428.640625,81428.640625,169775104
1788452100000,81456.140625,81565.8984375,81406.0078125,81473.2578125,11825152
1788452400000,81478.7890625,81495.84375,81400.5078125,81434.3671875,89309184
1788452700000,81434.3671875,81605.9765625,81404.90625,81547.28125,20549632
1788453000000,81554.7734375,81598.40625,81476.3125,81476.3125,0
1788453300000,81496.8984375,81648.3984375,81425.0078125,81582.6015625,254242816
1788453600000,81551.171875,81569.9921875,81470.3125,81475.7421875,0
1788453900000,81475.7421875,81587.2578125,81434.3203125,81549.3515625,0
1788454200000,81542.546875,81592.0625,81438.546875,81454.5078125,15044608
1788454500000,81475.5,81515.90625,81425,81482.8515625,135778304
1788454800000,81468.796875,81487.1328125,81357.4921875,81380.21875,0
1788455100000,81385.859375,81406.2890625,81312.7734375,81404.6484375,12718080
1788455400000,81428.671875,81639.7734375,81428.671875,81604.578125,75685888
1788455700000,81615.140625,81615.140625,81524.2890625,81567.6015625,73797632
1788456000000,81577.53125,81648.3984375,81521.0234375,81543.9296875,102617088
1788456300000,81549.03125,81779.4609375,81528.8125,81739.2421875,83566592
1788456600000,81789.0390625,82272,81789.0390625,82115.4375,52195328
1788456900000,82068.953125,82068.953125,81651.9765625,81660.7578125,684929024
1788457200000,81698.890625,81698.890625,81527.921875,81530.828125,0
1788457500000,81542.078125,81690.4765625,81444.59375,81690.4765625,161783808
1788457800000,81689.90625,81759.0078125,81645.09375,81749.390625,34967552
1788458100000,81668.421875,81668.421875,81626.6328125,81626.6328125,1564921856
1788458400000,81587.8125,81627.203125,81405.3671875,81568.828125,0
1788458700000,81568.34375,81608.7109375,81444,81448.4765625,0
1788459000000,81447.8203125,81451.609375,81291.09375,81396.4921875,0
1788459300000,81405.2890625,81424.3203125,81315.109375,81319.90625,239783936
1788459600000,81330.796875,81385.296875,81264.5078125,81296.390625,81231872
1788459900000,81296.09375,81308.34375,81141.5625,81141.5625,0
1788460200000,81136.8515625,81183.59375,80921.5234375,81056.46875,335130624
1788460500000,81052.4296875,81213.7265625,81026.7890625,81126.4765625,68997120
1788460800000,81139.5625,81257.78125,81139.5625,81211.7734375,302755840
1788461100000,81211.7578125,81294,81166.5078125,81171.2109375,27746304
1788461400000,81163.609375,81210.2734375,81067.0234375,81140.1015625,32387072
1788461700000,81141.4765625,81212.9765625,81117.0078125,81155.5703125,165896192
1788462000000,81155.5703125,81197.84375,81117.0078125,81197.84375,3272704
1788462300000,81194.46875,81224.0703125,81183.796875,81183.796875,27127808
1788462600000,81183.8125,81210.3828125,81085.3125,81186.3828125,24453120
1788462900000,81168.2265625,81272.4609375,81165.796875,81216.28125,46346240
1788463200000,81227.7734375,81236.6015625,81185.1328125,81190.3515625,89579520
1788463500000,81185.1328125,81291.578125,81168.40625,81290.328125,101027840
1788463800000,81302.9765625,81302.9765625,81136.0390625,81195.78125,32149504
1788464100000,81199.1171875,81329.390625,81182.8671875,81320.8671875,7303168
1788464400000,81320.8671875,81341.296875,81227.1796875,81237.390625,95842304
1788464700000,81234.40625,81263.2265625,81184.796875,81232.8984375,40558592
1788465000000,81242.5,81330.7421875,81230,81302.6171875,80269312
1788465300000,81290.859375,81290.859375,81242.4296875,81270.828125,144216064
1788465600000,81260.6328125,81264,81103.0078125,81169.9296875,0
1788465900000,81161.9375,81227.21875,81078.953125,81227.21875,0
1788466200000,81221.7265625,81254.4921875,81159.3984375,81252.90625,50515968
1788466500000,81271.828125,81352.78125,81151.0078125,81192.9765625,199278592
1788466800000,81167.5234375,81315,81167.5234375,81254.6796875,0
1788467100000,81244.953125,81245.8515625,81147.9765625,81160.390625,25563136
1788467400000,81153.5,81310.5,81141.6171875,81309.2265625,0
1788467700000,81309.2265625,81391.7421875,81301.8203125,81391.7421875,52277248
1788468000000,81395.6484375,81438,81146.5,81235.140625,206520320
1788468300000,81232.2109375,81249.7265625,81107.3984375,81144.6328125,0
1788468600000,81141.6171875,81142.5,81023.96875,81044.8125,125878272
1788468900000,81041.5078125,81055.640625,80965,80977.3125,138657792
1788469200000,80978.359375,81081.15625,80939.2578125,80941.578125,0
1788469500000,80945.3515625,81094.9921875,80921.2578125,81041.1328125,331378688
1788469800000,81048.109375,81083.8125,80937.796875,80948.1328125,45076480
1788470100000,80953.65625,81034.7421875,80914.0234375,80914.0234375,0
1788470400000,80923.4375,80985.0078125,80791.78125,80796.203125,0
1788470700000,80795.109375,80906.046875,80788.5,80828.0625,32333824
1788471000000,80822.2734375,80931.34375,80791.921875,80810.25,29466624
1788471300000,80812.8125,80918.3984375,80791.90625,80840.421875,106491904
1788471600000,80840.421875,80854.34375,80780,80797.546875,10809344
1788471900000,80797.5625,80892.40625,80785.4765625,80875.78125,0
1788472200000,80873.0234375,81004.6171875,80865.296875,80977.4921875,0
1788472500000,80975.2734375,81023.5703125,80952,80975.296875,9973760
1788472800000,80971.703125,80974,80840.2890625,80840.2890625,928866304
1788473100000,80840.28125,80888.9375,80786.2578125,80810.09375,0
1788473400000,80810.09375,80828.9921875,80784.5625,80809.8515625,0
1788473700000,80809.8515625,80869.671875,80755.7734375,80765.6484375,0
1788474000000,80765.640625,80765.6484375,80692.2578125,80693.609375,190427136
1788474300000,80693.25,80737.34375,80689,80719.203125,2076672
1788474600000,80738.9765625,80813.75,80738.9765625,80759.640625,0
1788474900000,80743.328125,80847.9375,80682.921875,80847.9296875,0
1788475200000,80847.9296875,80849.5625,80741.4296875,80741.4296875,0
1788475500000,80739.921875,80739.921875,80667.9375,80674.9296875,0
1788475800000,80674.9296875,80767.6171875,80674.5625,80767.6171875,0
1788476100000,80771.9765625,80836.0078125,80765.5625,80830.4765625,992460800
1788476400000,80836,80951.4921875,80836,80881.6484375,0
1788476700000,80878.5234375,80999.4375,80878.5234375,80968.421875,93200384
1788477000000,80960.7734375,80960.7734375,80881.6484375,80931.3125,20406272
1788477300000,80931.3203125,80945.4296875,80890.90625,80913.4609375,49348608
1788477600000,80910.0078125,80943.1796875,80900.9921875,80916.7109375,161497088
1788477900000,80870.703125,80888.9921875,80832.1328125,80833.5078125,35676160
1788478200000,80835.75,80869.2421875,80811.8125,80819.1484375,0
1788478500000,80815.5234375,80885.8515625,80800.0078125,80833.4921875,0
1788478800000,80846.71875,80878.640625,80806.4375,80874.421875,203243520
1788479100000,80876.2265625,80967.84375,80851.3828125,80929.1796875,24276992
1788479400000,80930.5078125,80948.4765625,80894.96875,80923.3203125,31379456
1788479700000,80905.15625,80905.15625,80850.5,80850.5,26820608
1788480000000,80840,80855.6171875,80814,80855.6171875,0
1788480300000,80855.6171875,80881.796875,80850.28125,80861.0625,41451520
1788480600000,80861.0703125,80969.53125,80845.0078125,80969.53125,0
1788480900000,80965.609375,81084.4296875,80946.0078125,81084.4296875,0
1788481200000,81088.8203125,81183.796875,81078.7421875,81183.796875,0
1788481500000,81212.0390625,81282.9921875,81157.5234375,81260.0078125,92602368
1788481800000,81257.21875,81271.1328125,81169.5625,81169.5625,145965056
1788482100000,81182.84375,81184.25,81033.296875,81045.53125,265822208
1788482400000,81040.140625,81105.7265625,81024.2578125,81033.46875,0
1788482700000,81020.5390625,81117.71875,81020.5390625,81047.28125,69632000
1788483000000,81032.3125,81100.1015625,81029.7578125,81062.5,175198208
1788483300000,81084.8828125,81134.6171875,81053.9921875,81071.890625,4861952
1788483600000,81047.75,81049.3671875,80970.046875,81008,2949120
1788483900000,80999.9765625,81080.75,80985.0078125,81051.15625,0
1788484200000,81053.8125,81071.15625,80981.796875,80984.2421875,97034240
1788484500000,80979.7578125,81127.65625,80947.7578125,81099.3125,22450176
1788484800000,81081.546875,81127.9375,81032.3125,81127.9375,7483392
1788485100000,81128.40625,81138.4921875,81026.9921875,81026.9921875,0
1788485400000,81012.1015625,81012.1015625,80900.6015625,80989.9921875,0
1788485700000,80989.9921875,81018,80918.1875,80918.1875,22888448
1788486000000,80931.296875,80981.796875,80918.2421875,80981.796875,0
1788486300000,80985,81059.8984375,80890.8984375,80890.8984375,10809344
1788486600000,80892.5078125,80903.6328125,80856.9375,80856.953125,37310464
1788486900000,80868.09375,81037.15625,80868.078125,80983.203125,0
1788487200000,80983.203125,80991.0078125,80902.2421875,80941.8203125,0
1788487500000,80941.3984375,81014.9921875,80921.203125,81014.9765625,102739968
1788487800000,81022.4765625,81082.7890625,80999.609375,81000.609375,0
1788488100000,81005.0234375,81024.546875,80941.421875,80966.3828125,20385792
1788488400000,80944.03125,80951.8203125,80826.78125,80830.390625,7020544
1788488700000,80827.1484375,80831.96875,80673.0703125,80708.7265625,0
1788489000000,80735.90625,80756.9921875,80676.296875,80676.296875,0
1788489300000,80676.3828125,80745.6875,80571.5625,80736.84375,121524224
1788489600000,80732.2890625,80837.6875,80732.2890625,80831.2421875,83279872
1788489900000,80831.25,80847.578125,80733.140625,80751.75,0
1788490200000,80751.75,80763.7265625,80682.703125,80763.7265625,19251200
1788490500000,80763.7421875,80793.2890625,80736.46875,80791.359375,47218688
1788490800000,80782.75,80882.0625,80782.75,80882.0625,0
1788491100000,80886.0078125,80922.90625,80850.0078125,80904.2109375,0
1788491400000,80912.2265625,80954.6875,80898.0078125,80914.96875,0
1788491700000,80914.1015625,80914.953125,80850.7421875,80914.953125,134041600
1788492000000,80934.078125,80955.90625,80831.6015625,80836.3984375,0
1788492300000,80835.46875,80888.7421875,80831.59375,80847.046875,0
1788492600000,80847.046875,80897.671875,80831.59375,80838,0
1788492900000,80838,80838,80738,80777.046875,179113984
1788493200000,80768.0703125,80792.859375,80749.0625,80768.140625,0
1788493500000,80768.140625,80780.9609375,80716.5703125,80742.109375,20332544
1788493800000,80723.390625,80738.9765625,80687.0078125,80696.90625,238632960
1788494100000,80687.0234375,80710.328125,80635.34375,80650.84375,0
1788494400000,80664.7421875,80696.9921875,80607.578125,80624.1171875,39981056
1788494700000,80624.7109375,80718.5703125,80517.8203125,80700.1171875,0
1788495000000,80695.25,80755.9921875,80693.7578125,80755.9921875,114196480
1788495300000,80763.7265625,80867,80762.71875,80866.5625,10702848
1788495600000,80863.2890625,80900.9921875,80837.5234375,80900.9921875,58757120
1788495900000,80907.7265625,80987.359375,80904.5078125,80982.84375,204828672
1788496200000,80958.2890625,81135.0078125,80958.2890625,81099.46875,0
1788496500000,81104.1875,81133.6171875,81051.7578125,81084.0234375,203837440
1788496800000,81077.578125,81132.7578125,81020.828125,81039.203125,158633984
1788497100000,81029.25,81158.671875,80989.6328125,81130.3125,86921216
1788497400000,81103.5625,81224.640625,81082.25,81216.1328125,142897152
1788497700000,81204.1328125,81204.1328125,81103.5234375,81140.046875,73826304
1788498000000,81147.640625,81211.4921875,81110.3203125,81160.0703125,66138112
1788498300000,81162.546875,81186,81093.3984375,81110.9375,98439168
1788498600000,81110.9296875,81153.71875,81071.2578125,81075.078125,0
1788498900000,81086.4921875,81288.8515625,81086.4921875,81187.0078125,237490176
1788499200000,81176.6015625,81186.0625,80963.390625,80970.7578125,46329856
1788499500000,80970.7578125,81044.9765625,80926.03125,81026.7421875,0
1788499800000,81016.6875,81146.9921875,80981.3203125,81075.7421875,56127488
1788500100000,81075.75,81207.9765625,81025.5625,81162.5078125,279109632
1788500400000,81162.5,81210.828125,81128.9609375,81154.421875,120958976
1788500700000,81158.9296875,81211.2734375,81058.7890625,81088.6171875,0
1788501000000,81088.6171875,81114.8828125,81015.0078125,81097.953125,62365696
1788501300000,81097.140625,81173.09375,81024.0234375,81045.21875,0
1788501600000,81039.90625,81115.34375,80960,81111.4609375,281636864
1788501900000,81111.4609375,81111.4609375,80904.5078125,80915.3984375,0
1788502200000,80921.3125,81002.703125,80886.0390625,80947.96875,69885952
1788502500000,80959.9375,80959.9375,80823.796875,80835.7109375,33202176
1788502800000,80841.59375,80881.5234375,80816.5,80857.40625,0
1788503100000,80848.6015625,80961.5234375,80831.171875,80951.3828125,923738112
1788503400000,80940.953125,81031.4921875,80901.6328125,80959.203125,70057984
1788503700000,80952.7734375,81090.9296875,80952.7734375,81090.9296875,220192768
1788504000000,81083.0390625,81108.7890625,81025.5703125,81078.8828125,83509248
1788504300000,81061.6015625,81107.9921875,81035.6171875,81078.0234375,27435008
1788504600000,81083.8671875,81114.03125,81026.6796875,81108.0625,144515072
1788504900000,81097.796875,81190.8125,81097.796875,81179.1015625,10928128
1788505200000,81191.9765625,81191.9765625,81074.0625,81103.546875,0
1788505500000,81109.390625,81183.71875,81109.390625,81164.953125,21823488
1788505800000,81163.203125,81216.4921875,81128.9921875,81185,0
1788506100000,81185.0078125,81225.8671875,81123.796875,81178.3828125,220856320
1788506400000,81179.9921875,81280.7890625,81179.9921875,81271.09375,11522048
1788506700000,81270.328125,81401.1171875,81261.0234375,81326.84375,0
1788507000000,81291.0078125,81308.8984375,81240.859375,81240.859375,49102848
1788507300000,81246.7734375,81314.9765625,81244.3203125,81282.28125,40968192
1788507600000,81284.9765625,81284.9765625,81191.6171875,81248.59375,0
1788507900000,81241.7421875,81287.71875,81213.796875,81254.5703125,0
1788508200000,81269.796875,81330.359375,81242.2890625,81276.2109375,0
1788508500000,81290.9921875,81326.1015625,81207.0078125,81220.5390625,131997696
1788508800000,81224.2265625,81262.6328125,81150.0078125,81175,0
1788509100000,81194.9765625,81262.4765625,81130.171875,81213.59375,77815808
1788509400000,81225.65625,81254.3203125,81135.0078125,81245.96875,33644544
1788509700000,81231.859375,81231.859375,81117.859375,81163.7578125,29184000
1788510000000,81160,81223.7734375,81130.296875,81211.9296875,0
1788510300000,81216.2578125,81365,81191.46875,81365,0
1788510600000,81114.046875,81114.046875,79659.21875,79863.328125,7299072
1788510900000,79789.9921875,79980,79425,79949.7734375,1561325568
1788511200000,79961.9921875,80110.796875,79709.4296875,79709.4296875,175824896
1788511500000,79686.5390625,79686.5390625,79176,79440.2890625,1216991232
1788511800000,79467.109375,79650.2734375,79337.9921875,79626.359375,0
1788512100000,79609.53125,79609.53125,79325.828125,79444.78125,1672237056
1788512400000,79447.0703125,79573.296875,79382.0703125,79402.078125,0
1788512700000,79415.0703125,79452.9921875,79195.84375,79291.7421875,116809728
1788513000000,79303.3515625,79342.09375,79206.7734375,79219.2265625,1372114944
1788513300000,79232.9765625,79400,79200.65625,79348.2265625,128684032
1788513600000,79350.75,79451.40625,79330.40625,79409.3671875,275578880
1788513900000,79366.5703125,79484.890625,79291,79309.90625,207343616
1788514200000,79331.6484375,79539.6875,79204,79218.9609375,52510720
1788514500000,79248.3984375,79415,78987,79336.890625,0
1788514800000,79349.3515625,79419.75,79280.609375,79382.078125,0
1788515100000,79376.3671875,79687.296875,79330.1484375,79657.1484375,70479872
1788515400000,79648.9921875,79649.5234375,79223.46875,79280.3671875,1154138112
1788515700000,79284.203125,79500,79284.203125,79362.28125,183218176
1788516000000,79358.3203125,79547.0234375,79344.71875,79467.6171875,0
1788516300000,79475,79527.0078125,79240.1015625,79277.0703125,0
1788516600000,79265.7265625,79454.9921875,79245.90625,79402.6171875,297095168
1788516900000,79408.2890625,79494.0078125,79177.2578125,79177.2578125,5079040
1788517200000,79132.5234375,79336.171875,79075.6484375,79300.203125,0
1788517500000,79336.796875,79403.9765625,79293.640625,79361.6796875,0
1788517800000,79355.5,79410.7890625,79295.1015625,79382.2578125,0
1788518100000,79400.578125,79460,79236.109375,79314.0703125,16715776
1788518400000,79306.4609375,79311.9765625,78910.71875,79008.4296875,0
1788518700000,79016.140625,79124.28125,78661.5390625,78661.5390625,0
1788519000000,78653.46875,78896.5703125,78626.53125,78801.3828125,0
1788519300000,78806.96875,78974.9609375,78806.96875,78908.5,90771456
1788519600000,78889.6015625,79001.296875,78780.046875,78985.0234375,0
1788519900000,78986.4921875,79198.828125,78935.4375,79198.828125,960724992
1788520200000,79169.5234375,79194.8203125,79082.8984375,79194.8203125,0
1788520500000,79200.6484375,79271.5703125,79171.3203125,79241.7890625,0
1788520800000,79233.0234375,79293.828125,79211.7265625,79293.5,0
1788521100000,79299.7890625,79426.0703125,79299.7890625,79400.5703125,1150423040
1788521400000,79411.8125,79441.4765625,79361.2890625,79366.296875,0
1788521700000,79365.0234375,79535.5078125,79365.0234375,79535.5078125,0
1788522000000,79535.859375,79547.5625,79499.2890625,79524.8984375,0
1788522300000,79514.3203125,79554.4375,79394.953125,79397.7578125,92672000
1788522600000,79393.0390625,79505.109375,79393.0390625,79438.2890625,0
1788522900000,79461.203125,79491.203125,79403.0078125,79422.9609375,0
1788523200000,79405.4375,79472.2265625,79377.7578125,79413.171875,0
1788523500000,79413.21875,79528.9921875,79403.921875,79470.53125,0
1788523800000,79449.5,79511.8984375,79446.4765625,79446.4765625,0
1788524100000,79448.09375,79509.1484375,79435,79465.8671875,0
1788524400000,79461.0234375,79520.90625,79454.8828125,79518.1171875,0
1788524700000,79517.9296875,79555.96875,79487.9921875,79547.03125,0
1788525000000,79554.3203125,79772.921875,79535.6796875,79742.59375,0
1788525300000,79749.78125,79817.5625,79690.828125,79709.28125,6385664
1788525600000,79713.3125,79863.609375,79709.296875,79858.40625,203878400
1788525900000,79852.453125,79861.078125,79750,79794.3671875,0
1788526200000,79797.8984375,79875.3203125,79726.1875,79744.3828125,0
1788526500000,79746.421875,79815.9765625,79742.6015625,79747.96875,40812544
1788526800000,79754.4609375,79762.1015625,79654.1171875,79690.21875,0
1788527100000,79690.21875,79726.4765625,79677.7421875,79689.6328125,817446912
1788527400000,79689.640625,79710.7265625,79619.8984375,79619.8984375,0
1788527700000,79610.3515625,79635.6328125,79512.4375,79594.453125,84484096
1788528000000,79627.9765625,79650.421875,79575.0078125,79588.7578125,0
1788528300000,79590.3515625,79604.96875,79512.4609375,79512.4609375,0
1788528600000,79521.7265625,79566.7890625,79503.0625,79517.0625,119562240
1788528900000,79515.5625,79586.7734375,79462.0390625,79578.828125,0
1788529200000,79565.640625,79565.640625,79441.796875,79481.2421875,0
1788529500000,79481.25,79503.421875,79436.6015625,79483.109375,0
1788529800000,79472.828125,79477.9296875,79389.71875,79466.078125,70205440
1788530100000,79467.5,79521.0625,79451.8984375,79469.8515625,0
1788530400000,79476.109375,79587.75,79476.109375,79564.5078125,0
1788530700000,79570.1484375,79598.2265625,79527.8203125,79598.2265625,0
1788531000000,79588.4375,79598.2421875,79515.34375,79527.671875,0
1788531300000,79532.9921875,79590.6875,79532.9921875,79588.1484375,0
1788531600000,79593.671875,79631.6484375,79569,79576.7109375,78929920
1788531900000,79582.4765625,79593.4296875,79532.46875,79537.046875,0
1788532200000,79556.7265625,79635.421875,79554.9609375,79635.359375,0
1788532500000,79637.9765625,79637.9765625,79548.21875,79581.59375,0
1788532800000,79580.296875,79660.5234375,79580.296875,79640.7265625,0
1788533100000,79640.7265625,79640.7265625,79601.8984375,79601.8984375,10809344
1788533400000,79599.0078125,79640,79590.5,79635.2109375,0
1788533700000,79635.0703125,79666.6875,79595.0234375,79617.921875,0
1788534000000,79636.578125,79736.2265625,79633.390625,79723.4375,0
1788534300000,79726.3828125,79749.9296875,79713,79729.9921875,0
1788534600000,79734.1171875,79735.328125,79673.75,79715.1171875,0
1788534900000,79715.109375,79800,79701.078125,79799.9921875,0
1788535200000,79801.7734375,79817.3671875,79779.2578125,79817.359375,0
1788535500000,79817.3671875,79831.8515625,79793,79812.03125,0
1788535800000,79797.8984375,79797.8984375,79721.703125,79758.6875,73199616
1788536100000,79760.6875,79760.6875,79644.90625,79660.9921875,0
1788536400000,79671.6328125,79704.5078125,79635.96875,79699.8984375,0
1788536700000,79699.546875,79747.1171875,79675.5,79738.328125,0
1788537000000,79748.1796875,79749.8984375,79645.6796875,79693.90625,0
1788537300000,79708.5078125,79823.390625,79701,79814.5,0
1788537600000,79808.6328125,79869.25,79778.421875,79853.1484375,0
1788537900000,79831.0703125,79849.4375,79776.5078125,79832.390625,0
1788538200000,79825.2734375,79884.78125,79805.453125,79831.1171875,0
1788538500000,79831.7109375,79857,79820.03125,79850.6171875,0
1788538800000,79845.359375,79851.5625,79764.078125,79764.078125,0
1788539100000,79762.71875,79792.8984375,79758.46875,79779.359375,0
1788539400000,79780.53125,79793.9765625,79736.9921875,79751.7734375,0
1788539700000,79751.7578125,79797.5234375,79740.0078125,79752.0234375,0
1788540000000,79752.0078125,79752.0234375,79709.421875,79732.4375,0
1788540300000,79732.4296875,79795.390625,79716.3203125,79767.109375,9560064
1788540600000,79762.4765625,79762.4765625,79680.0078125,79752.609375,0
1788540900000,79752.609375,79758.421875,79704.25,79718.6328125,0
1788541200000,79722.3671875,79769.9765625,79710,79769.9765625,0
1788541500000,79766.9921875,79806.4609375,79760,79801.359375,0
1788541800000,79801.3515625,79820.65625,79793.90625,79794.1328125,0
1788542100000,79794.1328125,79833.96875,79794.1328125,79819.8515625,74452992
1788542400000,79819.859375,79832.46875,79800,79801.84375,0
1788542700000,79793.7421875,79816.0390625,79759.828125,79798.5078125,0
1788543000000,79800.6328125,79828.46875,79797.1171875,79817.546875,0
1788543300000,79817.5625,79836.390625,79809.7578125,79813.0625,0
1788543600000,79823.296875,79846.9296875,79776.171875,79786.8515625,0
1788543900000,79797.0078125,79819.6171875,79732.1796875,79735.65625,212004864
1788544200000,79740.890625,79768.6328125,79543.5234375,79637.8984375,0
1788544500000,79653,79687.7265625,79585.0390625,79654.1171875,28012544
1788544800000,79654.1328125,79709.328125,79654.1328125,79690.3671875,43384832
1788545100000,79690.359375,79691.6171875,79663.578125,79680,0
1788545400000,79679.9921875,79719.7421875,79659.9375,79719.7421875,123342848
1788545700000,79718.1328125,79732.4375,79680.953125,79723.6171875,0
1788546000000,79726.0078125,79730.8984375,79690.953125,79690.953125,0
1788546300000,79689.4296875,79727,79667.671875,79726.9921875,0
1788546600000,79726.9921875,79735.5,79692.0078125,79693.3984375,290816
1788546900000,79693.390625,79720.609375,79693.3125,79719.609375,0
1788547200000,79719.9609375,79734.109375,79680.0078125,79680.0078125,0
1788547500000,79682.0078125,79697.2421875,79643.0625,79654.796875,0
1788547800000,79687.203125,79687.2109375,79654.1171875,79676.9921875,0
1788548100000,79676.9765625,79678.4921875,79639.6484375,79654.1015625,5287936
1788548400000,79654.109375,79660.9296875,79614.59375,79660.5703125,0
1788548700000,79660.5703125,79667.078125,79654.4765625,79663.7734375,0
1788549000000,79663.90625,79671.1796875,79626.1015625,79630.828125,0
1788549300000,79632.390625,79661.9765625,79623.890625,79651.6015625,0
1788549600000,79656.1171875,79723.65625,79656.1171875,79723.65625,0
1788549900000,79723.65625,79772.03125,79707.921875,79750,0
1788550200000,79749.9921875,79750,79691.6875,79691.6875,0
1788550500000,79691.6484375,79707.140625,79686.8828125,79688.3515625,0
1788550800000,79689.84375,79689.953125,79681.6875,79682.2421875,0
1788551100000,79682.25,79686.90625,79658.921875,79658.9609375,0
1788551400000,79654.140625,79667.9765625,79632,79643.0625,0
1788551700000,79643.0625,79679.9921875,79639.796875,79675.109375,0
1788552000000,79675.1171875,79675.1171875,79651.3515625,79658.5390625,0
1788552300000,79660.5390625,79673.9765625,79628.8984375,79673.9765625,0
1788552600000,79673.9921875,79732.8828125,79673.9921875,79682.9765625,0
1788552900000,79682.9921875,79682.9921875,79614.578125,79637.6015625,0
1788553200000,79637.6015625,79660.3203125,79637.6015625,79650.0078125,15675392
1788553500000,79656.9921875,79677.921875,79656.9921875,79672.8125,0
1788553800000,79676.9765625,79722.359375,79657.9609375,79676.6171875,0
1788554100000,79662.7265625,79670.2265625,79650.0078125,79663.4765625,0
1788554400000,79664.2578125,79708.4921875,79643.5,79644.9609375,0
1788554700000,79646.453125,79646.453125,79583.796875,79619.4921875,0
1788555000000,79619.4921875,79667.4921875,79619.4921875,79654.5234375,0
1788555300000,79654.5234375,79670.15625,79574.46875,79596.2421875,0
1788555600000,79602,79631.15625,79572.40625,79631,0
1788555900000,79631,79663.9609375,79608.828125,79663.9609375,0
1788556200000,79663.9609375,79703.9765625,79644.8984375,79644.90625,0
1788556500000,79643.296875,79706.078125,79643.296875,79706.078125,0
1788556800000,79717.359375,79717.359375,79657,79701.7265625,0
1788557100000,79701.7421875,79716.2421875,79619.34375,79716.2421875,0
1788557400000,79711.7890625,79732.4921875,79685,79694.640625,0
1788557700000,79694.640625,79694.6484375,79624.109375,79643.2265625,0
1788558000000,79644.40625,79690.9765625,79627.4921875,79652.5078125,0
1788558300000,79659.9921875,79676.9765625,79600,79609.0078125,62746624
1788558600000,79609,79620.8671875,79578.4609375,79600.859375,0
1788558900000,79600.859375,79600.859375,79551.0078125,79551.0078125,132939776
1788559200000,79551.0078125,79551.0234375,79500,79534.4921875,0
1788559500000,79535.671875,79568.40625,79529.421875,79568.40625,17022976
1788559800000,79577.1875,79600.921875,79577.1875,79582.6875,0
1788560100000,79582.6875,79600.921875,79581.09375,79597.6015625,0
1788560400000,79597.6015625,79609.8828125,79582.96875,79609.8671875,31244288
1788560700000,79609.8671875,79616.0703125,79528.7890625,79536.1015625,0
1788561000000,79540.84375,79584.7421875,79540.84375,79584.7421875,0
1788561300000,79584.7265625,79624.9921875,79569.0078125,79601.71875,0
1788561600000,79609.4921875,79635.2578125,79609.4921875,79631.78125,0
1788561900000,79630.453125,79634.03125,79580.3828125,79586.453125,6164480
1788562200000,79586.453125,79586.453125,79555,79584.96875,0
1788562500000,79584.9609375,79598.078125,79584.5,79584.5,131346432
1788562800000,79584.90625,79586.3671875,79559.90625,79573.078125,0
1788563100000,79575.703125,79575.703125,79532,79532,0
1788563400000,79528.65625,79565.8125,79527.2578125,79565.796875,0
1788563700000,79575.8515625,79632.703125,79575.8515625,79607.9765625,0
1788564000000,79607.9921875,79619.4375,79577.6796875,79619.4296875,0
1788564300000,79619.4296875,79621.9609375,79594.65625,79597.390625,0
1788564600000,79597.3984375,79624.6484375,79597.3984375,79617.1484375,0
1788564900000,79617.1484375,79640.9765625,79617.1484375,79622.3828125,5754880
1788565200000,79624.7421875,79635.7421875,79624.71875,79635.7421875,0
1788565500000,79635.7265625,79642.34375,79630,79634.0390625,0
1788565800000,79634.0390625,79637.2265625,79605,79608.2890625,0
1788566100000,79608.2890625,79614.2890625,79590.3671875,79596.2578125,0
1788566400000,79606.4765625,79606.4765625,79559.2265625,79592.078125,0
1788566700000,79592.0625,79601.9921875,79568.1875,79568.2109375,0
1788567000000,79568.2109375,79568.21875,79521,79554.453125,0
1788567300000,79554.453125,79587.75,79552.2421875,79580.0078125,71012352
1788567600000,79580.0078125,79590,79578.34375,79583.15625,0
1788567900000,79583.171875,79589.9921875,79568.6796875,79568.6796875,0
1788568200000,79566.1015625,79571.84375,79559.2265625,79571.84375,0
1788568500000,79571.84375,79571.84375,79546.2109375,79546.2109375,0
1788568800000,79546.21875,79551.7421875,79545.0078125,79551.4609375,0
1788569100000,79551.46875,79571,79511,79570.9921875,0
1788569400000,79571,79571,79527.40625,79557.140625,12578816
1788569700000,79557.140625,79557.1484375,79511.0078125,79511.0078125,0
1788570000000,79514.9765625,79521.7265625,79462.2734375,79487.5625,0
1788570300000,79487.5625,79494.671875,79465.25,79478.03125,0
1788570600000,79478.0390625,79582.96875,79478.0390625,79574.4296875,14682112
1788570900000,79574.4375,79580.9921875,79544.2578125,79558.5,0
1788571200000,79565.2578125,79576.6796875,79530.109375,79547.9765625,22513664
1788571500000,79547.9765625,79598.8203125,79544.4921875,79598.8203125,113934336
1788571800000,79598.8203125,79610,79598.8125,79602.0703125,0
1788572100000,79602.0703125,79602.078125,79586.3203125,79586.328125,0
1788572400000,79586.328125,79601.9921875,79526.46875,79526.46875,0
1788572700000,79526.46875,79541.9921875,79509.71875,79513.296875,0
1788573000000,79512.546875,79596.9921875,79512.1328125,79590.796875,0
1788573300000,79590.796875,79617.4375,79588.6796875,79590.328125,0
1788573600000,79591.4921875,79621.2109375,79591.4921875,79621.2109375,0
1788573900000,79621.2109375,79641.8515625,79592.0078125,79595,80027648
1788574200000,79595.9921875,79658.9765625,79595.9765625,79640.1484375,0
1788574500000,79640.15625,79640.9921875,79630,79638.6796875,0
1788574800000,79638.6796875,79657.421875,79635,79635,0
1788575100000,79634.9921875,79663.6484375,79634.9921875,79655.9765625,92536832
1788575400000,79655.9765625,79666.59375,79646.796875,79646.796875,2029568
1788575700000,79652.40625,79728.7265625,79647.859375,79728.71875,0
1788576000000,79728.71875,79728.71875,79678.75,79678.7578125,0
1788576300000,79678.75,79683.7421875,79678.75,79683.7265625,0
1788576600000,79684.9921875,79685,79674.84375,79674.84375,0
1788576900000,79674.8515625,79704.90625,79660,79660.9296875,0
1788577200000,79660.0078125,79701,79654.1171875,79698.3515625,0
1788577500000,79698.3515625,79706.2265625,79681.5234375,79681.5234375,51431424
1788577800000,79684.5,79709.9765625,79684.5,79702.640625,0
1788578100000,79702.640625,79728.3125,79690.8125,79690.8125,0
1788578400000,79690.8125,79715.2421875,79690.8125,79715.2421875,0
1788578700000,79715.2421875,79740.5390625,79715.2421875,79735,0
1788579000000,79734.53125,79761.3125,79722.7109375,79754.2890625,0
1788579300000,79753.5234375,79758.4609375,79740.9921875,79741.1328125,0
1788579600000,79741.1328125,79744.328125,79719.1015625,79739.5078125,0
1788579900000,79744.328125,79775.7734375,79742.6015625,79742.6015625,0
1788580200000,79742.609375,79754.9921875,79742.6015625,79742.6015625,0
1788580500000,79742.6015625,79742.609375,79705,79726.8125,0
1788580800000,79705.0078125,79716.953125,79660.2265625,79660.2421875,0
1788581100000,79660.2265625,79674.46875,79643.0625,79664.046875,0
1788581400000,79664.046875,79706.7578125,79664.046875,79672.5078125,97265664
1788581700000,79672.5078125,79729.0625,79667.1484375,79667.1484375,0
1788582000000,79667.1484375,79688.2265625,79652.5234375,79652.5234375,0
1788582300000,79652.5234375,79661.96875,79620.9375,79656.140625,0
1788582600000,79656.1484375,79656.1484375,79575.4921875,79575.4921875,0
1788582900000,79575.5,79649.4375,79575.5,79623.0078125,0
1788583200000,79620.9375,79629.953125,79617.3203125,79629.953125,0
1788583500000,79629.953125,79629.9609375,79600.0625,79601.4921875,0
1788583800000,79603.4296875,79634.2421875,79603.4296875,79634.2265625,0
1788584100000,79634.2265625,79670.2421875,79630.0390625,79653.296875,0
1788584400000,79653.3125,79710.59375,79653.296875,79697.2265625,0
1788584700000,79697.2265625,79712.9921875,79692.7578125,79701.7265625,0
1788585000000,79701.7421875,79733.2578125,79701.7265625,79723.921875,0
1788585300000,79723.921875,79723.921875,79697.2421875,79697.2421875,0
1788585600000,79697.2421875,79715.2265625,79693.4375,79697.2421875,14397440
1788585900000,79697.2421875,79698.84375,79697.2421875,79698.828125,0
1788586200000,79698.84375,79706.2265625,79698.828125,79698.828125,0
1788586500000,79698.828125,79710.828125,79690.5,79690.5,0
1788586800000,79690.5,79690.5,79655.9609375,79675.7890625,0
1788587100000,79678.2734375,79678.28125,79645.0390625,79658.4921875,0
1788587400000,79658.4765625,79667.9609375,79654.4921875,79654.4921875,0
1788587700000,79652.2578125,79652.2734375,79613.9921875,79634.9921875,0
1788588000000,79634.9921875,79646.3984375,79634.9921875,79643.9765625,0
1788588300000,79643.8125,79643.8125,79633.6328125,79634.109375,0
1788588600000,79634.109375,79636.1171875,79620.9375,79624.9921875,10168320
1788588900000,79624.9921875,79629.7421875,79624.9921875,79629.7265625,0
1788589200000,79629.7265625,79652.7890625,79614.140625,79647.75,0
1788589500000,79647.75,79670.2421875,79606.75,79615.453125,0
1788589800000,79615.4609375,79673.1328125,79615.4609375,79654.7109375,0
1788590100000,79654.703125,79654.7109375,79603.421875,79620.75,50626560
1788590400000,79620.75,79637.9765625,79597.4375,79607.4375,0
1788590700000,79607.4375,79608,79590.703125,79591.9375,0
1788591000000,79591.9375,79625.9921875,79591.9375,79625.9765625,0
1788591300000,79625.9765625,79655.9921875,79621.1328125,79621.140625,0
1788591600000,79621.1328125,79671.3671875,79621.1328125,79671.3671875,14608384
1788591900000,79671.359375,79679.9765625,79647.296875,79650.390625,0
1788592200000,79650.390625,79677.4296875,79636.53125,79661.2890625,0
1788592500000,79648.3984375,79651.9765625,79628.5703125,79628.5703125,0
1788592800000,79628.5703125,79631.0234375,79628.5703125,79631.0234375,0
1788593100000,79631.0078125,79636.84375,79628.5703125,79636.84375,22118400
1788593400000,79636.8515625,79643.25,79630.9296875,79643.2421875,0
1788593700000,79643.2421875,79643.25,79641.7421875,79641.7421875,0
1788594000000,79641.7421875,79649.953125,79612.4609375,79617.28125,0
1788594300000,79617.2734375,79654.109375,79617.2734375,79654.109375,0
1788594600000,79654.109375,79684.0390625,79640.9921875,79640.9921875,0
1788594900000,79643.859375,79647.6328125,79613.96875,79621.921875,0
1788595200000,79621.921875,79668.1015625,79621.921875,79656.796875,0
1788595500000,79656.796875,79679.2421875,79656.796875,79679.2265625,0
1788595800000,79668.1015625,79677.5625,79660.2578125,79668.0078125,0
1788596100000,79668.0078125,79668.0234375,79654.4921875,79654.5,0
1788596400000,79654.4921875,79683.7421875,79654.4921875,79683.7421875,0
1788596700000,79683.7265625,79683.7421875,79660.046875,79660.046875,0
1788597000000,79660.046875,79691.9921875,79616.9765625,79687.0390625,0
1788597300000,79687.03125,79719.7421875,79671.109375,79719.7421875,0
1788597600000,79719.75,79777.8203125,79706.328125,79731.8671875,0
1788597900000,79731.8828125,79762.3203125,79712.8828125,79736.7109375,0
1788598200000,79736.7109375,79744.4921875,79721.7578125,79744.4765625,0
1788598500000,79744.4765625,79771.1484375,79707.1171875,79710.7265625,0
1788598800000,79720.4765625,79724.2578125,79694.2578125,79716.0625,0
1788599100000,79716.0703125,79717.1171875,79688.328125,79688.328125,0
1788599400000,79685.25,79729.4609375,79676.2421875,79729.453125,0
1788599700000,79729.453125,79742.59375,79682.5234375,79700.9921875,0
1788600000000,79700.9921875,79775.7109375,79700.9921875,79774.109375,0
1788600300000,79764.8515625,79764.8515625,79756.8203125,79760.421875,0
1788600600000,79760.4296875,79766.03125,79719.1171875,79736.9921875,0
1788600900000,79736.8671875,79736.8671875,79665.1796875,79665.1796875,0
1788601200000,79665.1875,79730.3671875,79649.21875,79669.1875,0
1788601500000,79669.1796875,79702.546875,79669.1796875,79700.1796875,0
1788601800000,79665.1796875,79665.1796875,79554.578125,79636.578125,0
1788602100000,79636.578125,79643.34375,79610.5,79624.5234375,0
1788602400000,79623.0703125,79685.328125,79623.0703125,79653.046875,0
1788602700000,79651.5078125,79694.9375,79651.5078125,79694.9375,0
1788603000000,79694.9296875,79694.9375,79676.2265625,79676.2421875,0
1788603300000,79676.2421875,79695.421875,79676.2421875,79686.453125,0
1788603600000,79686.3984375,79696.5078125,79676.890625,79685.9765625,0
1788603900000,79685.9921875,79744.4765625,79685.9921875,79737.2421875,0
1788604200000,79737.2421875,79753.4921875,79737.09375,79753.4765625,0
1788604500000,79753.4921875,79753.4921875,79727.9921875,79745.921875,0
1788604800000,79745.9296875,79745.9296875,79704.9921875,79721.171875,0
1788605100000,79730.046875,79743.7578125,79729.0390625,79737.109375,133599232
1788605400000,79737.1171875,79754.171875,79735.0390625,79753.5234375,0
1788605700000,79753.5078125,79756.28125,79723.203125,79723.203125,0
1788606000000,79723.1875,79741.7578125,79721.046875,79741.7578125,0
1788606300000,79741.75,79766.6875,79711.0234375,79713.0234375,0
1788606600000,79713.0234375,79740.96875,79705.046875,79718.828125,0
1788606900000,79718.8203125,79718.828125,79684.828125,79690,0
1788607200000,79689.9921875,79764.90625,79689.9921875,79751.15625,0
1788607500000,79751.15625,79766.703125,79682.7578125,79686.03125,0
1788607800000,79686.0234375,79711.6484375,79686.0234375,79711.6484375,0
1788608100000,79711.6484375,79734.5234375,79694.8984375,79734.5078125,0
1788608400000,79734.5078125,79776.3125,79723.90625,79750,0
1788608700000,79747.296875,79773.5234375,79741.3125,79756,0
1788609000000,79755.4296875,79770.0390625,79731.03125,79765.71875,0
1788609300000,79765.7109375,79822.296875,79765.7109375,79802.0078125,0
1788609600000,79802.0078125,79851.34375,79797.90625,79847.3515625,0
1788609900000,79847.3515625,79847.359375,79755.7578125,79795.953125,0
1788610200000,79795.953125,79820.0078125,79764.7578125,79788.296875,0
1788610500000,79788.3125,79818.7265625,79786.8515625,79818.7265625,0
1788610800000,79818.7265625,79865.9921875,79818.7265625,79863.171875,0
1788611100000,79863.171875,79904.84375,79832.2578125,79892.4765625,0
1788611400000,79898.7734375,79988.7890625,79898.7734375,79987.4765625,0
1788611700000,79995.9921875,79995.9921875,79930.6328125,79949.9921875,0
1788612000000,79949.9921875,79972.2265625,79930.8203125,79944.6875,75522048
1788612300000,79943.328125,80000,79934.7265625,80000,0
1788612600000,80004.3984375,80099.9921875,79969.5,80099.9921875,0
1788612900000,80097.9921875,80199.9921875,80016.5234375,80042.9609375,0
1788613200000,80056.53125,80129.2265625,80019.1015625,80039.109375,0
1788613500000,80039.1171875,80162.8828125,80035.8125,80112.0234375,209950720
1788613800000,80118.90625,80132.59375,80074.359375,80126.9765625,0
1788614100000,80139,80153.9921875,80021.4375,80050.03125,14729216
1788614400000,80050.03125,80084.84375,80050.03125,80060,532197376
1788614700000,80060,80078.65625,79967.2578125,80039.5390625,10713088
1788615000000,80037.9296875,80139.09375,80037.9296875,80070.1328125,44566528
1788615300000,80060.7578125,80086.25,79991.7109375,79991.7109375,0
1788615600000,79995.3515625,80084.0703125,79987.671875,80052.28125,229009408
1788615900000,80070.71875,80092.7421875,80030.15625,80057.8515625,31334400
1788616200000,80057.84375,80100,80054.7109375,80070.7109375,132888576
1788616500000,80084.8828125,80091.890625,80030.15625,80069.7109375,52367360
1788616800000,80081.9765625,80085.7578125,80028.390625,80028.4296875,158644224
1788617100000,80036.7734375,80079.7421875,80008.046875,80008.046875,145543168
1788617400000,80000.109375,80009.65625,79968.203125,79997.9296875,7483392
1788617700000,79997.9296875,80032.03125,79965.84375,80025,19179520
1788618000000,80024.9921875,80025.7265625,79985,79998.796875,0
1788618300000,79998.828125,80006.0234375,79961.9765625,79964.4609375,45836288
1788618600000,79958.2734375,80050,79958.2578125,79991.9921875,0
1788618900000,79980.0234375,80000,79976.9921875,79976.9921875,85442560
1788619200000,79977,79999.9921875,79927.7734375,79972.7734375,0
1788619500000,79972.7578125,79972.7578125,79943.0390625,79952.4296875,79704064
1788619800000,79952.546875,79973.9921875,79931.0234375,79963.21875,0
1788620100000,79963.21875,80009.9921875,79960.2890625,80000.0234375,17080320
1788620400000,79994.2734375,79994.2734375,79928.5703125,79933.3828125,0
1788620700000,79934.9921875,79974.859375,79934.9765625,79947.359375,0
1788621000000,79947.359375,79974.859375,79932.0390625,79939.3515625,20983808
1788621300000,79939.34375,79964.9921875,79934.4765625,79936.203125,23511040
1788621600000,79936.203125,79964.9921875,79902.2734375,79964.9921875,0
1788621900000,79964.9921875,79985.2421875,79959.7421875,79959.75,26361856
1788622200000,79959.75,79976.5625,79808.671875,79808.671875,0
1788622500000,79808.9609375,79853.1171875,79756.6328125,79756.6328125,29577216
1788622800000,79785.25,79868.28125,79785.25,79857.796875,0
1788623100000,79857.7890625,79857.7890625,79721.7734375,79748.671875,0
1788623400000,79745.6484375,79785,79715.703125,79753.71875,95827968
1788623700000,79753.7109375,79790.1484375,79733.890625,79753.21875,0
1788624000000,79753.2109375,79808.953125,79716.6484375,79717.8828125,0
1788624300000,79717.890625,79794.9921875,79717.890625,79748.7578125,30879744
1788624600000,79748.7734375,79841.2421875,79719.6015625,79735.4765625,0
1788624900000,79742.2265625,79744.71875,79696.7734375,79697.7734375,8837120
1788625200000,79690.3828125,79796.2265625,79690.3828125,79796.2265625,55590912
1788625500000,79796.2265625,79833.3203125,79706.9765625,79720.859375,2111488
1788625800000,79731.53125,79746.7265625,79710.140625,79712.203125,0
1788626100000,79714.7421875,79772.9921875,79699.390625,79722.8125,84400128
1788626400000,79748.9921875,79785,79730.3203125,79785,79966208
1788626700000,79773.0390625,79785,79756.34375,79771.4921875,48566272
1788627000000,79771.4921875,79798.40625,79731.5390625,79748.8125,76953600
1788627300000,79748.8125,79788.359375,79729.1015625,79740.078125,25196544
1788627600000,79740.09375,79764.703125,79735.0078125,79743.96875,0
1788627900000,79733.390625,79780.7109375,79733.390625,79775.109375,85090304
1788628200000,79775.1015625,79793.9765625,79755.2890625,79778.1796875,0
1788628500000,79783.7734375,79832.9921875,79768.03125,79832.9921875,0
1788628800000,79832.9921875,79877.2265625,79822.6484375,79857.75,16277504
1788629100000,79857.75,79863.7421875,79846.6875,79855.75,0
1788629400000,79855.75,79873.921875,79845,79845.078125,0
1788629700000,79845.078125,79867.8828125,79835.0078125,79867.8828125,0
1788630000000,79867.8828125,79928.9921875,79845,79914.0703125,0
1788630300000,79927.3828125,79933.4921875,79863.703125,79914.2421875,0
1788630600000,79914.25,79940.2265625,79898.453125,79898.6015625,0
1788630900000,79897.5234375,79929.8984375,79893.0078125,79911.9921875,0
1788631200000,79919.9921875,79937.9375,79871.4609375,79880.6875,0
1788631500000,79880.6796875,79906.4921875,79854,79854,0
1788631800000,79853.9921875,79933.2734375,79853.9921875,79921.03125,0
1788632100000,79910.0078125,79946.9921875,79860.1015625,79868.203125,14295040
1788632400000,79863.25,79863.25,79843.859375,79859.7578125,6199296
1788632700000,79859.7578125,79859.7578125,79776.578125,79818.7265625,0
1788633000000,79818.7421875,79859.9609375,79817.1015625,79817.109375,0
1788633300000,79817.1015625,79820.0390625,79799.4375,79820.03125,0
1788633600000,79818.1875,79818.1875,79759.6796875,79771.921875,20072448
1788633900000,79766.1875,79793.546875,79754.9609375,79793.546875,40206336
1788634200000,79793.546875,79812.4375,79782.171875,79809.578125,42684416
1788634500000,79809.4609375,79810.8203125,79763.359375,79790.3671875,0
1788634800000,79784.03125,79784.03125,79757.40625,79757.40625,75438080
1788635100000,79756.421875,79766.9921875,79720.4921875,79763.6484375,9885696
1788635400000,79762.0390625,79762.0390625,79746.3671875,79761.9921875,45172736
1788635700000,79761.9921875,79799.1015625,79748.609375,79799.1015625,4270080
1788636000000,79799.09375,79830.0078125,79776.7734375,79776.9921875,0
1788636300000,79776.9921875,79806.109375,79775.390625,79800.6796875,14690304
1788636600000,79800.6796875,79838.7890625,79800.671875,79838.7890625,0
1788636900000,79838.7890625,79838.7890625,79733.3671875,79802.9765625,4943872
1788637200000,79807.4765625,79832.96875,79790.09375,79819.0078125,37734400
1788637500000,79821,79899.4921875,79810.203125,79810.203125,201318400
1788637800000,79810.2109375,79861.4921875,79810.203125,79861.4921875,190670848
1788638100000,79862.2109375,79862.2109375,79783.9609375,79840.6015625,16306176
1788638400000,79835.5703125,79883.96875,79833.9609375,79883.9609375,0
1788638700000,79883.9609375,79913.6796875,79878,79913.6796875,0
1788639000000,79913.6796875,79919.828125,79900.953125,79911.828125,73857024
1788639300000,79911.84375,79913.96875,79903.5234375,79904.34375,9070592
1788639600000,79904.34375,79919.828125,79870.2421875,79871.6875,0
1788639900000,79871.8125,79937.859375,79871.8125,79927.71875,0
1788640200000,79927.703125,79945.9296875,79893.0078125,79900.7890625,43479040
1788640500000,79882.3828125,79916.2265625,79874.59375,79874.59375,0
1788640800000,79909.859375,79915.7421875,79875.171875,79875.171875,51005440
1788641100000,79875.15625,79891.9921875,79863.703125,79880.3671875,0
1788641400000,79877.140625,79928.9921875,79867.8671875,79883.9921875,0
1788641700000,79883.9921875,79932,79867.8828125,79872.2265625,17381376
1788642000000,79886.25,79980.6796875,79885.453125,79942.7734375,0
1788642300000,79942.1875,79999.9921875,79929.609375,79974.328125,0
1788642600000,79974.328125,79997.9375,79958.4921875,79958.4921875,85243904
1788642900000,79954.8828125,79987.4765625,79937.6484375,79937.6484375,9263104
1788643200000,79933.2578125,79946.6328125,79899.8984375,79929.90625,93206528
1788643500000,79929.8984375,79939.7890625,79915.3984375,79919.84375,10829824
1788643800000,79919.84375,79950.3515625,79916.0078125,79950.3515625,0
1788644100000,79949.1875,80034.7578125,79949.1796875,80023.578125,0
1788644400000,80030.3515625,80060.9921875,79953.7734375,79977.3671875,0
1788644700000,79965.0078125,79991.6796875,79932.9921875,79943.109375,48832512
1788645000000,79943.109375,80015.2578125,79935.6171875,79971.25,6682624
1788645300000,79971.25,79989.703125,79927.703125,79954.3125,29255680
1788645600000,79981.671875,80012.0625,79900.0078125,79933.4765625,44347392
1788645900000,79933.4765625,79996.171875,79933.4765625,79988.2265625,0
1788646200000,79978.03125,80019.6171875,79956.796875,80000.0078125,6967296
1788646500000,80000,80002.8203125,79927.8984375,79956.671875,49741824
1788646800000,79956.671875,79957.8125,79917.703125,79917.703125,67352576
1788647100000,79917.5703125,79933.2265625,79911.25,79915.328125,0
1788647400000,79929.6171875,79957.703125,79929.6171875,79940.0078125,0
1788647700000,79940.0078125,79940.0078125,79903.6796875,79937.2109375,2209792
1788648000000,79934.2578125,79937.21875,79880.75,79885.3125,29304832
1788648300000,79882.53125,79893.6875,79879.6484375,79885.3125,0
1788648600000,79888.2578125,79895.2421875,79878.84375,79890.53125,13885440
1788648900000,79890.1484375,79918.140625,79878.1484375,79907.0078125,0
1788649200000,79913.2265625,79919.84375,79899.9375,79919.828125,0
1788649500000,79919.828125,79919.84375,79909.96875,79912.0234375,0
1788649800000,79912.25,79931.65625,79906.0625,79931.65625,0
1788650100000,79931.65625,79964.9921875,79931.65625,79962.0703125,0
1788650400000,79962.0625,79962.0703125,79940.2578125,79961.8984375,0
1788650700000,79961.8984375,79961.8984375,79890.921875,79898.4765625,27664384
1788651000000,79898.4765625,79978.3984375,79898.4765625,79958.9765625,0
1788651300000,79958.9765625,80009.9765625,79958.9765625,80003.96875,14235648
1788651600000,80003.96875,80113.4921875,80003.96875,80104.9921875,60471296
1788651900000,80104.9765625,80110.7890625,80006.25,80006.25,29235200
1788652200000,80006.25,80073.7109375,80006.25,80046.40625,0
1788652500000,80050.5078125,80058.859375,80029.6171875,80031.8671875,94044160
1788652800000,80031.8671875,80031.8671875,79991.2265625,79992.2578125,104448
1788653100000,79991.2421875,79999.6875,79961.6015625,79973.9765625,0
1788653400000,79976.2265625,79999.6328125,79973.203125,79975.1484375,1855488
1788653700000,79975.1484375,79996.40625,79958.9765625,79958.9765625,0
1788654000000,79958.9765625,79958.9765625,79887.6875,79942.921875,6242304
1788654300000,79920.671875,79938.5234375,79914.3515625,79938.5234375,65714176
1788654600000,79939.7890625,79939.796875,79913.9921875,79913.9921875,9162752
1788654900000,79914,79914,79900.2109375,79913.9921875,11638784
1788655200000,79914,79937.9765625,79913.9921875,79917.046875,12890112
1788655500000,79928.9921875,79941.9765625,79917.1875,79917.96875,5572608
1788655800000,79914,79920.0078125,79868.203125,79920.0078125,0
1788656100000,79909.328125,79909.328125,79867.7578125,79867.7578125,20379648
1788656400000,79867.7578125,79909.8515625,79857.2578125,79857.2578125,450560
1788656700000,79857.2578125,79879.4921875,79857.2578125,79861.5078125,45369344
1788657000000,79861.5078125,79861.5234375,79801.390625,79817.7421875,0
1788657300000,79817.7421875,79817.75,79797.3984375,79806.703125,0
1788657600000,79806.703125,79854,79801.921875,79853.9921875,23648256
1788657900000,79853.9921875,79888.2265625,79845.0078125,79859.0078125,85426176
1788658200000,79859.0078125,79930.890625,79857.6875,79930.8828125,78342144
1788658500000,79930.7578125,80095.6171875,79930.7578125,80095.6171875,111403008
1788658800000,80096.75,80108.9765625,80017.296875,80030.2578125,91797504
1788659100000,80030.2734375,80037.8828125,79960,80007.7265625,32724992
1788659400000,80007.7421875,80009.6484375,79988.578125,79996.6328125,104693760
1788659700000,79996.6328125,79996.6328125,79949.3984375,79989.6875,0
1788660000000,79988.9921875,79988.9921875,79949.3984375,79964.7578125,0
1788660300000,79964.7578125,79964.7578125,79940,79940.03125,0
1788660600000,79940.0234375,79979.9921875,79923.6484375,79928.4375,0
1788660900000,79926.96875,79934.3125,79891.59375,79915.5,24788992
1788661200000,79915.5,79915.5,79836.8125,79843.28125,0
1788661500000,79857.078125,79857.078125,79829.3125,79836.40625,7952384
1788661800000,79834.8125,79851,79806.453125,79835.9921875,32614400
1788662100000,79824.609375,79836,79812.390625,79831.9609375,14974976
1788662400000,79820.59375,79825.4765625,79778.4921875,79818.15625,21743616
1788662700000,79820.0390625,79820.0390625,79705.078125,79753.5078125,17858560
1788663000000,79758.4375,79791.7421875,79758.4375,79782.203125,0
1788663300000,79791.7421875,79791.7421875,79761,79771.828125,61052928
1788663600000,79782.7265625,79798.4921875,79778.6875,79796.8984375,0
1788663900000,79796.890625,79802.1796875,79757.84375,79757.84375,0
1788664200000,79757.8515625,79772.171875,79609.46875,79690.7421875,26122240
1788664500000,79678.09375,79817.9765625,79678.09375,79808.9765625,42659840
1788664800000,79810.203125,79862.421875,79780.1171875,79780.6328125,43735040
1788665100000,79780.6328125,79853.9765625,79780.1171875,79830.0234375,10565632
1788665400000,79827.828125,79839.0078125,79812.8203125,79812.8203125,54910976
1788665700000,79827.3984375,79827.3984375,79785.53125,79826.9765625,44468224
1788666000000,79831.3125,79860.2109375,79825.6796875,79844.6015625,24449024
1788666300000,79844.6015625,79849.8671875,79818.0078125,79845.3671875,27232256
1788666600000,79845.3671875,79845.3828125,79809.2265625,79821.5390625,0
1788666900000,79821.546875,79852.5,79810.0625,79810.0625,49430528
1788667200000,79809.2265625,79856.5625,79809.2265625,79856.5390625,0
1788667500000,79856.5390625,79890.4765625,79829.171875,79878.8203125,0
1788667800000,79878.8125,79892.9765625,79850.7578125,79870.90625,45770752
1788668100000,79870.90625,79870.90625,79826.640625,79836.7578125,83806208
1788668400000,79838.34375,79838.3515625,79814.7578125,79814.8125,0
1788668700000,79820.4921875,79820.5,79797.2890625,79808.609375,21643264
1788669000000,79808.6171875,79817.3515625,79795.2890625,79800.2421875,0
1788669300000,79800.2421875,79808.9921875,79791.390625,79799.5390625,15220736
1788669600000,79799.5390625,79799.5390625,79765.203125,79785.703125,67659776
1788669900000,79785.703125,79785.7109375,79760.15625,79773.7421875,38926336
1788670200000,79773.7265625,79861.5,79764.1796875,79861.5,21813248
1788670500000,79861.5,79879.4765625,79832.03125,79844.4765625,0
1788670800000,79844.53125,79878.8203125,79805.2578125,79874.3828125,21729280
1788671100000,79874.3671875,79877.9765625,79855.84375,79877.9765625,0
1788671400000,79877.9921875,79931.2421875,79877.9921875,79931.2421875,3512320
1788671700000,79931.2265625,79963.21875,79913.84375,79930.6171875,17854464
1788672000000,79930.6171875,79982.8125,79930.6171875,79976.5,0
1788672300000,79965.28125,79993.609375,79955.6875,79977.9296875,76333056
1788672600000,79968.78125,80000,79968.78125,79974.84375,29052928
1788672900000,79974.84375,79974.84375,79914.859375,79916.2421875,31762432
1788673200000,79916.25,79916.25,79855.0078125,79864.0234375,0
1788673500000,79864.0234375,79864.03125,79847.1171875,79864.03125,630427648
1788673800000,79864.03125,79870.4921875,79858.5078125,79870.4765625,101177344
1788674100000,79860.9921875,79918.1015625,79853.609375,79890.4765625,50135040
1788674400000,79890.4765625,79930,79890.4765625,79923.53125,34322432
1788674700000,79923.53125,79951.4765625,79910.3984375,79924.2109375,15101952
1788675000000,79924.2109375,79928.6875,79915.1796875,79924.5078125,91246592
1788675300000,79924.5078125,79982.9765625,79924.5078125,79982.9765625,24254464
1788675600000,79982.9765625,79989.7265625,79962.7578125,79973.71875,15089664
1788675900000,79973.7265625,79982.9921875,79959.7578125,79981.3203125,0
1788676200000,79981.171875,79987.046875,79981.171875,79987.0390625,948224
1788676500000,79987.0390625,79989.75,79969.7421875,79971.6015625,0
1788676800000,79985.703125,80016.8984375,79985.703125,80016.890625,0
1788677100000,80011.390625,80014.109375,79990,79990,0
1788677400000,79990,80009.65625,79979.71875,80009.4296875,20701184
1788677700000,80009.4375,80024.5,79996.5234375,80000.6171875,10270720
1788678000000,80000.6171875,80005.3203125,79956.1171875,79978.46875,57835520
1788678300000,79975.2734375,79994.2265625,79944.578125,79944.578125,40417280
1788678600000,79944.5703125,79984.7265625,79921,79984.7265625,0
1788678900000,79984.7265625,79997.8671875,79959.7578125,79969.7421875,5003264
1788679200000,79969.7421875,79979.640625,79927.3984375,79941.0078125,55814144
1788679500000,79946.34375,79993.5625,79901.859375,79907.9765625,0
1788679800000,79907.96875,79970.9921875,79892.5390625,79970.9765625,43851776
1788680099000,79970.9765625,79970.9765625,79970.9765625,79970.9765625,0
1788680100000,79970.9765625,79971.0078125,79907.7109375,79909.078125,63250432
1788680109000,79970.9921875,79970.9921875,79970.9921875,79970.9921875,0
1788680400000,79909.078125,79959.75,79909.078125,79952.9765625,0
1788680700000,79952.9765625,79970,79934.6875,79956.6796875,50302976
1788681000000,79955,79955,79917.3671875,79920.3671875,0
1788681300000,79920.3671875,79925.328125,79909.859375,79922.9921875,7196672
1788681600000,79922.9765625,79923.03125,79916.671875,79916.671875,0
1788681900000,79916.6796875,79916.6796875,79892.8828125,79895.6328125,0
1788682200000,79895.6328125,79946.2890625,79860.0078125,79936.03125,0
1788682500000,79948,79992.6171875,79948,79959.859375,16529408
1788682800000,79950.1875,80012.90625,79950.1796875,79991.9921875,12666880
1788683100000,79994.328125,80009.4921875,79970.109375,79973.9765625,22511616
1788683400000,79973.9765625,80014.59375,79969.953125,80000.609375,127772672
1788683700000,80000.6015625,80000.6015625,79955.0078125,79984.9921875,0
1788684000000,79992.703125,79992.7109375,79935.8203125,79939.8671875,0
1788684300000,79939.8671875,79966.171875,79920,79954.0234375,0
1788684600000,79944.4296875,79976.2265625,79944.421875,79976.2265625,40933376
1788684900000,79982.9765625,80002.359375,79918.7109375,79920.4609375,0
1788685200000,79920.46875,79953.7421875,79875.1796875,79918.1796875,0
1788685500000,79922.1328125,79970.96875,79922.0703125,79940.84375,31127552
1788685800000,79938.1015625,79938.1015625,79888.5078125,79890.0078125,0
1788686100000,79890.0234375,79890.0234375,79837.453125,79838.3984375,0
1788686400000,79838.3984375,79850.8984375,79822.890625,79822.890625,0
1788686700000,79822.890625,79839.9921875,79789.8515625,79801.796875,131203072
1788687000000,79810.0625,79817,79761.1328125,79771.390625,0
1788687300000,79795.1015625,79856.9765625,79791.546875,79820.1171875,0
1788687600000,79793.390625,79829.453125,79790.1796875,79797.0078125,23998464
1788687900000,79798,79845.078125,79798,79811.8671875,0
1788688200000,79800.078125,79825.5,79800.078125,79809.453125,0
1788688500000,79809.453125,79842.9921875,79777,79832.9921875,0
1788688800000,79827.296875,79845.7265625,79804.1875,79828.71875,0
1788689100000,79828.71875,79828.71875,79763.1875,79763.1875,56502272
1788689400000,79760.5078125,79785.0078125,79737.6015625,79748.9765625,6805504
1788689700000,79750.796875,79799.09375,79661.7265625,79740.3515625,20303872
1788690000000,79721.2578125,79721.2578125,79593.5,79637.0078125,69943296
1788690300000,79637,79706.4296875,79637,79665.859375,149493760
1788690600000,79663.796875,79663.796875,79333.5,79557.7421875,16238592
1788690900000,79557.7421875,79672.7734375,79557.7421875,79663.5390625,340029440
1788691200000,79669.8203125,79742.53125,79660.3671875,79712.8125,1390592
1788691500000,79708.8828125,79708.8828125,79556.859375,79659.9921875,85272576
1788691800000,79665,79707.609375,79659.2421875,79685.9921875,72869888
1788692100000,79685.9765625,79685.9765625,79530.6328125,79538.4921875,0
1788692400000,79542.078125,79542.078125,79393.109375,79525.59375,0
1788692700000,79528.4921875,79570.5390625,79507.4296875,79507.4375,123535360
1788693000000,79520.4375,79580.5234375,79506.9375,79539.7421875,67371008
1788693300000,79539.7421875,79623.0078125,79534.59375,79604.078125,52537344
1788693600000,79604.078125,79664.6015625,79599.6484375,79644.4765625,0
1788693900000,79638.4296875,79645.5,79620,79633.5234375,65110016
1788694200000,79632.6796875,79653.5,79583.7890625,79632.3984375,1912832
1788694500000,79611.0078125,79703.5078125,79599.328125,79689.953125,13604864
1788694800000,79689.953125,79703.9765625,79679.7265625,79684.8828125,0
1788695100000,79691.1796875,79709.9921875,79682.71875,79689.8984375,51912704
1788695400000,79689.8984375,79722.0078125,79660.5234375,79661.9921875,0
1788695700000,79661.9921875,79721.84375,79654.6484375,79707.6484375,0
1788696000000,79706.2421875,79716.6171875,79604.9375,79604.9375,0
1788696300000,79595.140625,79647.7421875,79595.140625,79625.3203125,0
1788696600000,79631.59375,79733.53125,79631.578125,79692,15278080
1788696900000,79689.90625,79708.9921875,79683.7578125,79704.578125,0
1788697200000,79705.359375,79705.359375,79646.9921875,79646.9921875,0
1788697500000,79647,79724.2421875,79629.6484375,79710.0078125,0
1788697800000,79704.3125,79776.5390625,79678.6015625,79761.65625,0
1788698100000,79766.1328125,79780.65625,79700,79719.140625,0
1788698400000,79719.140625,79737.0703125,79690.296875,79721.953125,0
1788698700000,79701.046875,79704.9609375,79686.578125,79686.6171875,27267072
1788699000000,79686.6328125,79717.2265625,79686.6328125,79700.046875,0
1788699300000,79680.3203125,79687.1875,79634.5390625,79679.21875,0
1788699600000,79679.21875,79679.2265625,79634.53125,79644.609375,0
1788699900000,79642.8984375,79668.0078125,79581.8125,79585.8984375,0
1788700200000,79615,79625.34375,79584.3671875,79625.2421875,0
1788700500000,79625.2265625,79720.2421875,79625.2265625,79720.2421875,0
1788700800000,79720.2265625,79769.703125,79680.3203125,79722.4296875,0
1788701100000,79713.390625,79770,79686.4921875,79686.4921875,0
1788701400000,79686.4921875,79751.2265625,79669,79700.3125,57292800
1788701700000,79705.65625,79763.46875,79705.65625,79745.5,0
1788702000000,79745.5,79750.890625,79732.1015625,79737.2109375,0
1788702300000,79739.84375,79742.2109375,79723.5078125,79730.703125,0
1788702600000,79742.25,79756.296875,79720.25,79739.8828125,0
1788702900000,79744.84375,79764,79725.4375,79741.1875,0
1788703200000,79741.1875,79778.2421875,79741.1875,79776.078125,0
1788703500000,79776.078125,79840.9296875,79774.328125,79826.171875,0
1788703800000,79826.15625,79861.1015625,79819.3984375,79846.5390625,0
1788704100000,79833.0078125,79860.34375,79821,79850.390625,58025984
1788704400000,79850.390625,79893.59375,79850.390625,79884.25,0
1788704700000,79884.25,79915.4921875,79869.9375,79915.4765625,0
1788705000000,79915.2890625,79955.9765625,79915.28125,79928.359375,0
1788705300000,79928.359375,79947.0078125,79928.359375,79940.53125,9693184
1788705600000,79958.6015625,79966.96875,79922,79930.6015625,0
1788705900000,79947.5703125,79947.5703125,79901.3515625,79922.2265625,19382272
1788706200000,79922.2265625,79942.953125,79910,79916.9921875,0
1788706500000,79916.9921875,79955.9765625,79911.5234375,79941.8828125,0
1788706800000,79943.4765625,79943.4921875,79889.8984375,79896.0234375,0
1788707100000,79896.0078125,79896.0234375,79862.828125,79868.9921875,0
1788707400000,79867.7578125,79870.59375,79855.1484375,79855.1484375,0
1788707700000,79855.1484375,79862.9296875,79841.9609375,79841.9609375,7385088
1788708000000,79846.0625,79855.5,79816.4765625,79855.4921875,56242176
1788708300000,79855.4921875,79863.0078125,79833.15625,79845.9921875,6944768
1788708600000,79845.9765625,79845.9765625,79819.8515625,79826.96875,21002240
1788708900000,79826.9765625,79826.9765625,79799.25,79803.1328125,0
1788709200000,79803.1328125,79811.9765625,79793.0390625,79798.4921875,0
1788709500000,79798.5,79812.109375,79794.5,79810.8828125,0
1788709800000,79810.8828125,79813.6015625,79809.4921875,79809.4921875,0
1788710100000,79811.7109375,79833.828125,79798.4765625,79829.9765625,15802368
1788710400000,79829.9921875,79829.9921875,79797.78125,79797.78125,0
1788710700000,79797.7890625,79801.1328125,79774.2109375,79774.21875,0
1788711000000,79775.1015625,79805.75,79775.09375,79805.7421875,0
1788711300000,79805.75,79836.7421875,79805.7421875,79836.7421875,0
1788711600000,79836.7421875,79950,79836.7421875,79914.953125,0
1788711900000,79914.9375,79940.2578125,79914.9375,79929.75,0
1788712200000,79929.7578125,79950,79926.7109375,79946.421875,0
1788712500000,79946.421875,79970.59375,79929.6328125,79937.1796875,42608640
1788712800000,79937.1796875,79954.40625,79901.8671875,79947.9375,0
1788713100000,79949.9921875,79973.046875,79900.1796875,79923.71875,0
1788713400000,79925.84375,79937.9921875,79891.6796875,79894.0625,41744384
1788713700000,79894.0625,79897.6328125,79888.390625,79892.2578125,0
1788714000000,79928.609375,79970.9609375,79925.3984375,79967.0703125,0
1788714300000,79968.078125,79992.0078125,79919.84375,79976.3203125,0
1788714600000,79947.859375,79999.96875,79947.859375,79997.9296875,140683264
1788714900000,79998.9609375,80028.8984375,79977.0078125,80003.6015625,11368448
1788715200000,80003.59375,80003.59375,79928.7265625,79949.2421875,12406784
1788715500000,79958.9921875,79981.59375,79893.9765625,79895.8515625,33812480
1788715800000,79897.46875,79900,79883.03125,79900,20576256
1788716100000,79899.9921875,79909.046875,79885.578125,79894.640625,33648640
1788716400000,79880.0078125,79983,79868.2578125,79908.1875,78256128
1788716700000,79914.5,79997.578125,79914.5,79946.890625,7522304
1788717000000,79948.4921875,79953.6171875,79903.65625,79946.296875,0
1788717300000,79944.796875,79959.75,79910.2578125,79945.15625,5314560
1788717600000,79945.15625,79948.4765625,79805.9765625,79829.9921875,46563328
1788717900000,79830,79886.9375,79685.5703125,79685.5703125,20031488
1788718200000,79685.1796875,79760.15625,79672.6328125,79750.328125,33286144
1788718500000,79750.3203125,79766.578125,79640.9921875,79640.9921875,13631488
1788718800000,79640.9921875,79735.4921875,79638.3125,79735.296875,52189184
1788719100000,79735.3125,79830.0078125,79735.3125,79819.90625,53032960
1788719400000,79817.203125,79955.4765625,79815.203125,79948.2734375,24909824
1788719700000,79948.28125,80009.65625,79931.203125,79950.3984375,26546176
1788720000000,79949.78125,79989.359375,79927.03125,79974.9609375,144963584
1788720300000,79966.9765625,80001.9375,79939.796875,79997.890625,16490496
1788720600000,79994.5078125,80035.3671875,79994.5078125,80024.390625,1777664
1788720900000,80024.390625,80088.0078125,80010.140625,80048.7421875,0
1788721200000,80052.7265625,80320.4921875,80010.1484375,80210.9921875,0
1788721500000,80215.046875,80255.2265625,80138.8671875,80237.2265625,98783232
1788721800000,80237.2265625,80237.2421875,80179.3515625,80179.3515625,115007488
1788722100000,80171,80283.90625,80141.671875,80256.890625,180797440
1788722400000,80249.203125,80249.203125,80120.5625,80137.5625,84830208
1788722700000,80137.5625,80177.9765625,80099.4765625,80125.6796875,0
1788723000000,80125.6796875,80214.0078125,80125.6796875,80214.0078125,0
1788723300000,80214.0078125,80445.09375,80209.25,80420.2421875,0
1788723600000,80423.71875,80481.25,80351.5703125,80381.75,70961152
1788723900000,80396.1015625,80538.28125,80396.1015625,80510.7734375,589973504
1788724200000,80506.9375,80524.1328125,80400,80407.3984375,0
1788724500000,80403.5234375,80403.5234375,80301.5,80339.3203125,125411328
1788724800000,80361.0625,80375.78125,80233.09375,80315.109375,0
1788725100000,80326.8828125,80442.9609375,80311.7109375,80383.203125,193558528
1788725400000,80383.203125,80383.2109375,80318.4765625,80331.046875,69339136
1788725700000,80320.1015625,80331.046875,80073.4765625,80087.421875,54065152
1788726000000,80105.9765625,80205.421875,80052.28125,80176.109375,117637120
1788726300000,80162.9921875,80216.9921875,80143.2109375,80199.4609375,566081536
1788726600000,80209.8515625,80270.859375,80129.421875,80149.3828125,7657472
1788726900000,80137.5703125,80184.4765625,80103.4609375,80150.7890625,99004416
1788727200000,80149.671875,80166,80095.9296875,80135.9921875,52228096
1788727500000,80135.9921875,80179.3125,80085.9765625,80150.9609375,1630208
1788727800000,80136.8984375,80184.46875,80113.328125,80149.359375,87982080
1788728100000,80145.609375,80175.859375,80067.3828125,80148.0078125,24363008
1788728400000,80154.8203125,80228.5625,80099.4765625,80217.2578125,0
1788728700000,80216.25,80224.0078125,79980,79980,42115072
1788729000000,79979.71875,80054.421875,79940.046875,79955.9921875,55697408
1788729300000,79958.9609375,80008.6171875,79862.0234375,79915.4921875,74807296
1788729600000,79913.9296875,79962.7265625,79861.7734375,79915.953125,85852160
1788729900000,79903.75,79941.2421875,79844.7734375,79919.84375,34027520
1788730200000,79907.8125,79985.671875,79875.1796875,79961.9921875,74899456
1788730500000,79952.0703125,79957.5625,79884,79884,0
1788730800000,79892.921875,79893.7109375,79824.546875,79846.4921875,62818304
1788731100000,79848.5234375,79890.5,79819.7734375,79847.640625,0
1788731400000,79856.2890625,79924.34375,79847.671875,79913.390625,45436928
1788731700000,79923.7421875,79970.7734375,79922.140625,79923.046875,0
1788732000000,79916.9921875,79927.796875,79879.3125,79879.921875,0
1788732300000,79883.8125,79883.8125,79790.1015625,79798.2890625,3291136
1788732600000,79801.1875,79835.0625,79784.5703125,79823.546875,62103552
1788732900000,79825.5625,79948.40625,79825.546875,79948.40625,23465984
1788733200000,79939.7890625,79973.9921875,79908.0078125,79956.328125,0
1788733500000,79953.5,80031,79953.1015625,80013.2109375,0
1788733800000,80029.609375,80045.9921875,79988.71875,79998.71875,141221888
1788734100000,79998.71875,80387.9765625,79998.71875,80387.5625,0
1788734400000,80392.703125,80392.703125,80231.59375,80247.3984375,245639168
1788734700000,80257.578125,80269.1328125,80209.2109375,80259.15625,132089856
1788735000000,80251.0390625,80251.0390625,80080,80080,67172352
1788735300000,80080.546875,80096.53125,79811.671875,79863.4296875,0
1788735600000,79840.0078125,79970.7265625,79782.3984375,79967.2265625,96655360
1788735900000,79939.859375,79967.2421875,79787.1484375,79813.2734375,218339328
1788736200000,79800.109375,79819.78125,79752.7578125,79777.078125,0
1788736500000,79778.2890625,79807.4765625,79727.1875,79786.65625,54716416
1788736800000,79789.3671875,79823.2265625,79767.6484375,79776.0234375,39483392
1788737100000,79776.0234375,79781.3984375,79713.78125,79713.78125,0
1788737400000,79720.8203125,79757.9765625,79686.1484375,79729.6328125,8321024
1788737700000,79734,79734,79654.578125,79654.609375,34277376
1788738000000,79654.6171875,79668.3203125,79574.0390625,79624.6484375,0
1788738300000,79624.65625,79659.453125,79623.453125,79623.453125,62541824
1788738600000,79606.390625,79648.15625,79560.5625,79643.2421875,7766016
1788738900000,79643.25,79677.0078125,79587.3125,79587.3125,56053760
1788739200000,79580.5234375,79635.796875,79565.3125,79613.9921875,22265856
1788739500000,79623.0625,79643,79603.0234375,79635.4375,71247872
1788739800000,79635.453125,79676.9765625,79550,79676.9765625,14077952
1788740100000,79682.9765625,79683.078125,79638.21875,79683.0703125,39675904
1788740400000,79683.0703125,79691.046875,79649.7890625,79649.7890625,37709824
1788740700000,79673.7578125,79688.109375,79590.5078125,79590.5078125,51042304
1788741000000,79603.3203125,79629.671875,79560.5625,79605.6015625,77973504
1788741300000,79605.609375,79635.1875,79535.3671875,79606.46875,28463104
1788741600000,79606.4765625,79677.9765625,79576.1875,79667.9765625,120100864
1788741900000,79662.921875,79712.78125,79662.921875,79695.3828125,0
1788742200000,79680.3203125,79693.5703125,79634.3984375,79639.40625,51707904
1788742500000,79675,79718.9921875,79665,79708.4921875,0
1788742800000,79702.421875,79748.1015625,79694.4765625,79748.1015625,0
1788743100000,79740.1484375,79764.390625,79693.2265625,79726.53125,15757312
1788743400000,79726.53125,79763.9765625,79652.0078125,79763.9765625,21874688
1788743700000,79763.9765625,79857.9375,79763.9765625,79817.96875,106110976
1788744000000,79824.4609375,79869.9296875,79791.8671875,79862.7265625,0
1788744300000,79862.7265625,79908.859375,79810.0625,79840,31094784
1788744600000,79845.2734375,79849.96875,79811,79820.78125,0
1788744900000,79826.9609375,79849.96875,79800.5703125,79842.3203125,0
1788745200000,79842.3203125,79850,79827.46875,79847.9921875,15269888
1788745500000,79847.9765625,79847.9765625,79822.8125,79830.0078125,0
1788745800000,79836.9296875,79836.9296875,79775,79785.5703125,4685824
1788746100000,79763.1796875,79763.1796875,79740.2109375,79740.2109375,0
1788746400000,79734.5625,79798.0390625,79733.6875,79798.0390625,0
1788746700000,79805.25,79815.078125,79752.7890625,79783.2890625,79661056
1788747000000,79778.2265625,79799.9765625,79760.15625,79797.8828125,117415936
1788747300000,79797.8828125,79797.8828125,79694.609375,79710.0234375,0
1788747600000,79710.2578125,79746.8984375,79680.359375,79746.546875,0
1788747900000,79746.546875,79753.4765625,79698.796875,79702.7265625,11806720
1788748200000,79702.71875,79728.5234375,79675.25,79706.2421875,64968704
1788748500000,79706.2421875,79716.53125,79677.5,79679.703125,42135552
1788748800000,79679.7109375,79706.2265625,79654.2109375,79665.2890625,78477312
1788749100000,79659.5703125,79670.9921875,79651.140625,79652,24268800
1788749400000,79652,79670.65625,79651,79661.6015625,31744000
1788749700000,79653.9375,79669.8203125,79643.1328125,79645.5078125,18059264
1788750000000,79638.703125,79650.3671875,79573.796875,79576.5,378621952
1788750300000,79576.5,79676.9765625,79572.4765625,79675.8671875,11786240
1788750600000,79674.3984375,79674.3984375,79601.9609375,79603.65625,3657728
1788750900000,79603.6484375,79622.28125,79562.40625,79562.40625,0
1788751200000,79566.546875,79573.828125,79439.15625,79439.15625,89817088
1788751500000,79460.75,79559.359375,79398.2578125,79419.1796875,96876544
1788751800000,79415,79501.6796875,79218.40625,79311.046875,0
1788752100000,79319.4921875,79322.1796875,79193.15625,79193.15625,124880896
1788752400000,79200.5625,79271.140625,79023.5390625,79266.9375,171372544
1788752700000,79274.2265625,79349.4765625,79274.2265625,79349.4765625,388116480
1788753000000,79349.4765625,79380.921875,79306.1796875,79321.046875,29253632
1788753300000,79321.0390625,79396.0390625,79321.0390625,79379.9375,171016192
1788753600000,79393.4765625,79448.53125,79380.921875,79413.453125,0
1788753900000,79413.453125,79496.9921875,79405.5,79496.9765625,28631040
1788754200000,79496.9765625,79496.9765625,79452.5625,79452.5625,0
1788754500000,79444.7109375,79510.453125,79440.7109375,79499.1875,58638336
1788754800000,79500.7109375,79505.1328125,79440.8125,79454.0390625,7505920
1788755100000,79442.546875,79494.9921875,79434.9375,79447.2265625,19998720
1788755400000,79448.9765625,79518.65625,79448.9765625,79484.90625,69910528
1788755700000,79484.90625,79484.90625,79414.3671875,79420.84375,0
1788756000000,79420.84375,79467.7421875,79420.84375,79465.4609375,0
1788756300000,79465.4609375,79481.9765625,79410.8671875,79410.8828125,0
1788756600000,79424.9765625,79451.6484375,79405.796875,79410.1171875,0
1788756900000,79410.1171875,79443.7578125,79410.1171875,79417.8515625,37724160
1788757200000,79426.578125,79457.8828125,79417.84375,79430.5390625,37830656
1788757500000,79430.5390625,79522.03125,79401.7109375,79520.9765625,0
1788757800000,79520.9921875,79538.5234375,79490.1796875,79532.046875,0
1788758100000,79510.0625,79526.9765625,79502.6328125,79513.5078125,21352448
1788758400000,79502,79502,79437.3828125,79447.046875,76468224
1788758700000,79448.6484375,79490.6171875,79410.671875,79472.5390625,0
1788759000000,79473.828125,79473.84375,79400.75,79400.75,67723264
1788759300000,79404.53125,79404.53125,79309.5078125,79357.4765625,0
1788759600000,79365,79380.828125,79365,79377.2265625,0
1788759900000,79377.2265625,79419.1484375,79377.2265625,79407.2890625,0
1788760200000,79410.6484375,79440.46875,79303.9765625,79324.0234375,27166720
1788760500000,79328.3515625,79347.953125,79293.0078125,79301.3125,0
1788760800000,79325,79393.609375,79315.953125,79388.9375,0
1788761100000,79388.9375,79394.9609375,79312.546875,79367.7890625,41922560
1788761400000,79350.78125,79395.640625,79334.0625,79368.75,107583488
1788761700000,79368.7421875,79409.2265625,79354.6796875,79409.2265625,28325888
1788762000000,79409.2265625,79410.65625,79385.828125,79385.828125,0
1788762300000,79387.421875,79419.9921875,79377.171875,79412.5625,90667008
1788762600000,79412.5625,79416.9609375,79401.65625,79413.4765625,1613824
1788762900000,79408.96875,79420.4765625,79384.1171875,79398.8515625,26861568
1788763200000,79399.8515625,79445.1875,79399.8515625,79445.1875,1732608
1788763500000,79445.203125,79445.203125,79391.2578125,79400,0
1788763800000,79409.140625,79445.9765625,79401.53125,79406.4296875,62019584
1788764100000,79395,79397.9765625,79343.703125,79350.6484375,0
1788764400000,79350.640625,79374.0625,79293.0234375,79313.4765625,22808576
1788764700000,79313.4921875,79328.9765625,79269.109375,79284.03125,80568320
1788765000000,79299.0078125,79406.390625,79293.46875,79406.390625,0
1788765300000,79406.9765625,79422.0078125,79388.7265625,79422.0078125,14901248
1788765600000,79429.359375,79461.859375,79422.0078125,79439.4765625,0
1788765900000,79439.4921875,79465.390625,79427.7578125,79433.2578125,102010880
1788766200000,79433.2578125,79475.9765625,79415.953125,79450.4296875,0
1788766500000,79450.421875,79457.34375,79400,79400,0
1788766800000,79400,79421.3984375,79400,79406.1875,0
1788767100000,79405.0703125,79420.6875,79394.421875,79404.0078125,2033664
1788767400000,79403.46875,79417.9765625,79365.0234375,79416.3828125,117104640
1788767700000,79416.3828125,79416.390625,79410.6484375,79410.6484375,0
1788767812000,79398.0625,79398.0625,79398.0625,79398.0625,0
1788768000000,79413.2734375,79422.6796875,79395.0078125,79412.8125,32299008
1788768300000,79412.8125,79492.90625,79410.0703125,79464.0078125,473088
1788768600000,79464.0078125,79467.65625,79417.7421875,79417.7421875,18239488
1788768900000,79417.75,79475.9765625,79403.3125,79475.9765625,10213376
1788769200000,79475.9765625,79499.8828125,79458.96875,79475.8828125,6062080
1788769500000,79475.8828125,79526.359375,79475.8828125,79516.59375,9013248
1788769800000,79523.203125,79523.203125,79493.953125,79494.2890625,29057024
1788770100000,79494.2890625,79509.078125,79450.9921875,79450.9921875,3790848
1788770400000,79450.9921875,79470.2109375,79450.9921875,79468,34224128
1788770700000,79468.0390625,79526.2265625,79465.9921875,79507.1796875,15540224
1788771000000,79523.59375,79613.1484375,79523.59375,79594.03125,22142976
1788771300000,79594.0390625,79622.7265625,79576.7421875,79597.75,28096512
1788771600000,79589.578125,79609.78125,79521.796875,79589,51161088
1788771900000,79589,79589,79516.46875,79562.546875,100857856
1788772200000,79562.546875,79639.65625,79557.671875,79619.9921875,47114240
1788772203000,79562.5625,79562.5625,79562.5625,79562.5625,0
1788772500000,79619.9921875,79631.9765625,79565.046875,79604.9765625,10213376
1788772800000,79615.6875,79633.6484375,79603.390625,79622.2109375,120631296
1788773100000,79624.8984375,79633.0625,79601.03125,79630.7265625,11685888
1788773400000,79632.3671875,79632.3671875,79383.5,79383.5,10831872
1788773700000,79413.34375,79413.34375,79301,79406.9765625,15130624
1788774000000,79409.2265625,79409.2265625,79343.953125,79364.1015625,66334720
1788774300000,79340.328125,79373.9921875,79311.1328125,79345.53125,121284608
1788774600000,79313.7265625,79324.328125,79313.7265625,79314.4375,0
1788774700000,79326.34375,79326.34375,79326.34375,79326.34375,0
1788774900000,79401.1171875,79403.078125,79337.0625,79344.84375,9871360
1788775200000,79337.0625,79393.4296875,79324.390625,79328.828125,0
1788775500000,79328.828125,79335.9296875,79117.9296875,79138.15625,0
1788775800000,79166.6484375,79214.953125,79111.7265625,79166.359375,30242816
1788776100000,79158.53125,79208.9765625,79088.6484375,79132.0703125,176015360
1788776400000,79129.3203125,79129.3203125,79037.4921875,79072.296875,16891904
1788776700000,79072.296875,79122.59375,79034.25,79046.65625,0
1788777000000,79046.6484375,79096.4765625,78999.0234375,79060.4765625,0
1788777300000,79037.7890625,79095.6875,79025,79026.2890625,0
1788777600000,79025,79057.3125,78955.953125,79026.34375,0
1788777900000,79021.421875,79083.46875,79015.78125,79077.53125,138532864
1788778200000,79077.53125,79267.359375,79072.0390625,79242.6171875,26181632
1788778500000,79242.6171875,79242.6171875,79183.03125,79184.1328125,0
1788778800000,79179,79179,79105.390625,79105.390625,0
1788779100000,79105.3828125,79111.390625,79020.2109375,79080.5703125,0
1788779400000,79091.9921875,79096.71875,79027.84375,79027.8515625,40583168
1788779700000,79016.203125,79125,78877.9765625,79121.1015625,0
1788780000000,79124.9765625,79137.3203125,79051.46875,79094.6328125,271239168
1788780300000,79092.5078125,79115.9765625,79010.8125,79019.96875,30562304
1788780600000,79025.96875,79025.96875,78800,78830.203125,114876416
1788780900000,78823.046875,78893.328125,78732.7421875,78754.859375,188006400
1788781200000,78761.9921875,78790.4765625,78680.359375,78759.546875,0
1788781500000,78736.3828125,78839.9375,78685.2578125,78838.8515625,282073088
1788781800000,78832.7578125,78850.4375,78812.046875,78830.2890625,60354560
1788782100000,78830.28125,78842.9921875,78737.5234375,78800,14841856
1788782400000,78815.046875,78910.8515625,78815.0390625,78856.359375,59455488
1788782700000,78853.3203125,78887.65625,78810.03125,78863.03125,31057920
1788783000000,78861.1484375,78902.9921875,78860.3671875,78894.6015625,58206208
1788783300000,78889.546875,78889.546875,78813.8828125,78872.9765625,93763584
1788783600000,78869.421875,78875.9765625,78800.0078125,78800.0078125,70914048
1788783900000,78809.7265625,78833.90625,78780.1171875,78804.90625,0
1788784200000,78822.3125,78935.2421875,78807.9609375,78921.09375,14757888
1788784500000,78913.390625,79011.0078125,78909.4375,78996.6171875,38055936
1788784800000,78996.2890625,79019.9609375,78974.9609375,78988.1015625,33077248
1788785100000,78988.1015625,79002.21875,78956.3828125,78969.3203125,45778944
1788785400000,78966.6171875,79006.1171875,78951.0078125,78992.9921875,139175936
1788785700000,78989.890625,79010.9921875,78953.6796875,79010.9765625,0
1788786000000,79010.9765625,79017.6015625,78995.28125,79007.90625,2519040
1788786300000,79007.8984375,79081.5625,79007.8984375,79076.84375,59052032
1788786600000,79081.5625,79140.0703125,79081.5625,79136.203125,22552576
1788786900000,79130.90625,79140.640625,79093.6875,79132.6171875,39110656
1788787200000,79140.46875,79148.15625,79088,79103.109375,112148480
1788787500000,79103.109375,79136.9921875,79082.1015625,79105.5,93169664
1788787800000,79105.5078125,79109.9921875,79073.5234375,79076.359375,120793088
1788788100000,79078.2265625,79136.6328125,79057.9609375,79136.6328125,4628480
1788788400000,79122.1875,79160.078125,79122.1875,79146.8125,10405888
1788788700000,79146.8125,79164,79123.9296875,79150.9296875,31510528
1788789000000,79156.90625,79198.25,79153.0390625,79154.0390625,997376
1788789300000,79155.0703125,79167.5234375,79153.03125,79153.03125,105928704
1788789504000,79153.0390625,79153.0390625,79153.0390625,79153.0390625,0
1788789600000,79174.921875,79195.0078125,79155.03125,79159.1015625,0
1788789900000,79159.1015625,79195.4765625,79133.7421875,79134.5,75440128
1788790200000,79170.7109375,79195.4921875,79152.4375,79164.15625,109688832
1788790500000,79170,79188.28125,79157.890625,79188.2734375,35510272
1788790800000,79184.9921875,79184.9921875,79124.2734375,79142.9765625,112224256
1788791100000,79142.9765625,79166.8203125,79117.8125,79142.9375,7845888
1788791400000,79142.9375,79142.9375,79085.3203125,79103.703125,592537600
1788791700000,79125,79125.7421875,79093.4375,79108.4765625,39909376
1788792000000,79108.4765625,79161.7734375,79108.4765625,79148.1484375,393216
1788792300000,79152.796875,79196.9921875,79128.6796875,79196.9921875,35155968
1788792600000,79198.2421875,79238.8984375,79185.421875,79210.3984375,0
1788792900000,79210.3984375,79220.1796875,79162.4375,79195.0234375,37294080
1788793200000,79195.0234375,79195.0234375,79160.7890625,79175,39995392
1788793407000,79151,79151,79151,79151,0
1788793500000,79177.4765625,79189.046875,79150.0078125,79154.96875,15724544
1788793800000,79157.2265625,79171.6484375,79146.6171875,79157.21875,0
1788794100000,79157.21875,79177.09375,79157.21875,79177.09375,0
1788794400000,79177.078125,79239.9921875,79177.078125,79239.9921875,0
1788794700000,79239.9921875,79239.9921875,79213.6796875,79221.7265625,0
1788795000000,79231.46875,79373.25,79224.4296875,79373.25,0
1788795300000,79357.6328125,79394.7109375,79335.203125,79357.34375,0
1788795600000,79352.328125,79359.9921875,79323.9921875,79326.8125,119005184
1788795900000,79326.8125,79361.328125,79326.8125,79356.171875,0
1788796200000,79356.15625,79373.84375,79347.4921875,79347.4921875,109428736
1788796500000,79347.5390625,79355.4609375,79330,79352.2109375,10471424
1788796800000,79355.640625,79384.8828125,79305,79309.0390625,0
1788797100000,79308.7734375,79308.7734375,79202.7578125,79237.8828125,6879232
1788797400000,79237.8671875,79237.8828125,79188.46875,79215.6875,0
1788797700000,79215.6875,79245,79208.609375,79244.9921875,162420736
1788798000000,79244.9921875,79244.9921875,79165.8671875,79195.1015625,32141312
1788798300000,79198.6015625,79200.0625,79181.203125,79195.8515625,0
1788798600000,79195.859375,79225.1328125,79193.578125,79207.140625,0
1788798900000,79207.140625,79214.09375,79196.546875,79204.0625,0
1788799200000,79204.0625,79217.109375,79172.2578125,79172.2578125,0
1788799500000,79171.5625,79222.0078125,79150.7890625,79222.0078125,0
1788799800000,79217.3515625,79249.4921875,79191.0078125,79195.5390625,796672
1788800100000,79194.6328125,79233.2734375,79194.6328125,79220.5390625,16672768
1788800400000,79227.421875,79248.671875,79211.09375,79211.5234375,17451008
1788800700000,79211.5234375,79211.5234375,79183.6015625,79184.78125,0
1788801000000,79184.78125,79250.7421875,79184.7734375,79250.7421875,0
1788801300000,79252.9375,79252.9375,79194.0078125,79241.9765625,94459904
1788801600000,79241.9921875,79241.9921875,79230.390625,79236.5078125,0
1788801900000,79236.453125,79237.140625,79207.0078125,79213.3984375,91328512
1788802200000,79213.3984375,79219.59375,79187,79197.90625,503808
1788802500000,79197.90625,79206.1796875,79165.390625,79205.921875,0
1788802800000,79188.4609375,79208.9296875,79159.578125,79184.7890625,25450496
1788803100000,79182.9921875,79204.359375,79165.15625,79170.5234375,4554752
1788803400000,79170.5234375,79193.8203125,79150.078125,79170.7578125,0
1788803700000,79188.5390625,79200.0078125,79139.4921875,79139.4921875,0
1788804000000,79146.1171875,79160,79087.8671875,79087.8671875,0
1788804128000,79121.8671875,79121.8671875,79121.8671875,79121.8671875,0
1788804300000,79175.1328125,79186.359375,79126.53125,79185.96875,0
1788804600000,79185.96875,79193.9296875,79126.3203125,79134.078125,0
1788804900000,79134.078125,79134.09375,79027.59375,79045.1484375,0
1788805200000,79051.1484375,79165.2890625,79007.2109375,79165.2890625,62924800
1788805500000,79162.75,79187.1171875,79083,79083,0
1788805800000,79065.0078125,79080.0390625,79028.7578125,79043.3984375,120268800
1788806100000,79035.7890625,79052.0703125,78840.5390625,78853.953125,434135040
1788806400000,78841.46875,78845.1484375,78787.9375,78800.9921875,0
1788806700000,78823.1328125,78940.6796875,78804.8203125,78940.6796875,150542336
1788807000000,78930.7109375,78953.046875,78914.046875,78914.046875,22755328
1788807300000,78914.0625,78942.5,78867.0078125,78929.9296875,2779136
1788807600000,78923.9921875,79003.7890625,78923.9921875,78959.6484375,0
1788807900000,78973.578125,79153.6171875,78940.0078125,79104.4921875,0
1788808200000,79104.5,79126.546875,79085.2734375,79113.109375,0
1788808500000,79114.4921875,79121.2265625,79042.2265625,79094.6484375,54018048
1788808800000,79094.6484375,79094.6484375,78941.6328125,78973.40625,0
1788809100000,78989.3828125,79019.203125,78985.59375,78987.8515625,0
1788809400000,78987.8515625,79009.4609375,78965.0234375,78988.296875,0
1788809700000,78977.5078125,79035.796875,78977.5078125,79019.9921875,0
1788810000000,79019.9765625,79106.65625,79019.9765625,79106.6484375,4102144
1788810300000,79106.65625,79195.4765625,79082.7890625,79170.0078125,0
1788810600000,79181.3828125,79181.390625,79126.3203125,79126.3203125,0
1788810900000,79126.3203125,79129.9921875,79091.1875,79091.96875,0
1788811200000,79076.2421875,79094.40625,79014.0234375,79035.0078125,0
1788811500000,79035.0078125,79085.9765625,78997.28125,79029.6328125,0
1788811800000,79039.9921875,79049.8671875,78970.2109375,79033.4765625,68304896
1788812100000,79033.4765625,79137.1484375,78996.90625,79035.7734375,0
1788812400000,79035.7578125,79051.7734375,78951.6875,79018.09375,0
1788812700000,79005.1484375,79061.9375,78980.0390625,78980.0390625,0
1788813000000,78984.328125,79150.5078125,78962.203125,79150.5078125,0
1788813300000,79150.4609375,79224.0078125,79150.4609375,79202.3828125,38670336
1788813600000,79191.8515625,79263.671875,79170.828125,79197.75,3047424
1788813900000,79187.7109375,79256.9765625,79176.4296875,79256.9765625,8347648
1788814200000,79256.9921875,79279.6328125,79232.0234375,79238.1015625,77361152
1788814500000,79240.109375,79296.7734375,79240.109375,79293.3828125,7051264
1788814800000,79293.5703125,79303.4375,79262.09375,79281.9609375,0
1788815100000,79282.359375,79339.921875,79245,79327.15625,35946496
1788815400000,79327.15625,79355.390625,79274.2734375,79274.2734375,0
1788815700000,79286.921875,79330.4765625,79250,79311.421875,0
1788816000000,79318.8984375,79438.953125,79290.1328125,79354.5625,0
1788816300000,79354.5703125,79417.921875,79354.5703125,79380.75,10362880
1788816600000,79370.6171875,79372.2734375,79295.0078125,79295.0078125,0
1788816900000,79299.796875,79346.9765625,79293.0078125,79305,23386112
1788817200000,79294.0078125,79314.7265625,79288.7734375,79297.71875,9089024
1788817500000,79297.71875,79345.8671875,79285,79345.8671875,61526016
1788817800000,79345.859375,79364.28125,79299.359375,79364.28125,0
1788818100000,79355.5,79440,79351.328125,79413.921875,0
1788818400000,79416.953125,79416.9609375,79361.9921875,79361.9921875,0
1788818700000,79353,79357.7109375,79299.0390625,79305.453125,165623808
1788819000000,79306.7109375,79328.65625,79233.1015625,79313.2109375,0
1788819300000,79313.2109375,79332.7421875,79268.28125,79289.75,0
1788819600000,79289.7421875,79464.828125,79276.21875,79451.8515625,122542080
1788819900000,79449.2265625,79472.3203125,79214.2265625,79249.0234375,26527744
1788820200000,79231.71875,79249.0234375,79168.4296875,79201.5,162433024
1788820500000,79202.75,79202.75,79146.3515625,79150.4375,6230016
1788820800000,79150.4375,79150.4375,79082.0390625,79113.7265625,0
1788821100000,79124.9921875,79132.5703125,79071.7265625,79096.2421875,60921856
1788821400000,79093.5625,79096.25,78964.2265625,78967.6796875,0
1788821700000,78957,78995.25,78914.546875,78914.5625,60981248
1788822000000,78914.0078125,78986.9765625,78861,78894.9921875,0
1788822300000,78894.9921875,78970.5,78894.9921875,78962.7265625,174698496
1788822600000,78972.7265625,78973.4375,78871.640625,78902.9765625,0
1788822900000,78889.3515625,78924.890625,78845.890625,78845.890625,0
1788823200000,78845,78850.21875,78709.3125,78772.8671875,0
1788823500000,78772.859375,78820.421875,78711.6171875,78753.5390625,0
1788823800000,78803.6484375,78947.9765625,78803.6484375,78897,266598400
1788824100000,78890.78125,78974.9921875,78872,78925.6328125,0
1788824400000,78919.78125,78963.46875,78888.328125,78922.1015625,639553536
1788824700000,78930.28125,78930.2890625,78844.7265625,78875.1484375,236263424
1788825000000,78886.078125,78925.3828125,78873.71875,78878.34375,0
1788825300000,78878.34375,78898.4765625,78875.171875,78875.21875,89427968
1788825600000,78875.2109375,78900.6328125,78863.640625,78863.6875,0
1788825900000,78863.6796875,78881.9921875,78826.0625,78839.640625,86786048
1788826200000,78839.640625,78839.640625,78755.046875,78783,18165760
1788826500000,78789.890625,78831.46875,78755.1875,78830.9765625,0
1788826800000,78830.9921875,78831.0078125,78755.0390625,78755.0390625,114563072
1788827100000,78755.03125,78824.5625,78739.25,78795.1328125,73406464
1788827400000,78798.0625,78846.828125,78780.6328125,78809.640625,0
1788827700000,78809.640625,78809.640625,78755.046875,78809.2734375,0
1788828000000,78809.2734375,78820.9375,78714.0234375,78755.9921875,93581312
1788828300000,78739.828125,78790,78739.828125,78768.0234375,0
1788828600000,78768.0234375,78787.140625,78687.4765625,78707.2265625,0
1788828900000,78703.171875,78705.7734375,78649.8828125,78649.8828125,0
1788829200000,78649.8828125,78785,78543.390625,78638.1875,1720320
1788829500000,78652.0625,78731.9765625,78594.796875,78634.90625,220919808
1788829800000,78642.2734375,78744.109375,78642.2734375,78678.6015625,39540736
1788830100000,78650.59375,78827.4375,78627.9921875,78827.4375,0
1788830400000,78827.4375,78851.25,78773.296875,78817.640625,0
1788830700000,78805.1484375,78850,78771.4296875,78793.0625,108158976
1788831000000,78794.7421875,78800.203125,78645.8515625,78657.75,0
1788831300000,78645.859375,78734.5625,78619.078125,78704.8671875,0
1788831600000,78713.9765625,78713.9765625,78607.71875,78607.71875,117327872
1788831900000,78622.0234375,78663.7421875,78603.328125,78660.0078125,0
1788832200000,78660.0078125,78697.5390625,78583.1484375,78596.1328125,98213888
1788832500000,78596.1328125,78622.2890625,78541.828125,78556.7890625,42893312
1788832800000,78561.7578125,78585.6015625,78459.6015625,78500.890625,44064768
1788833100000,78506.2109375,78609.9921875,78440.109375,78578.5625,340733952
1788833400000,78530.7578125,78568.90625,78468.5625,78566.640625,139612160
1788833700000,78563.328125,78607.1171875,78433.7734375,78433.7734375,62869504
1788834000000,78433.03125,78482.03125,78345.84375,78412.3671875,34183168
1788834300000,78412.3671875,78449.2734375,78341.1875,78356.3828125,252602368
1788834600000,78345.78125,78424.4921875,78345.78125,78365.046875,215996416
1788834900000,78370.2421875,78415.5625,78334.3984375,78389.078125,118009856
1788835200000,78389.078125,78427.4375,78343.078125,78401.890625,79458304
1788835500000,78401.890625,78458.6171875,78316.078125,78323.796875,58306560
1788835800000,78329.0078125,78375,78243.15625,78257.2421875,166182912
1788836100000,78254.8125,78349.75,78234.3515625,78299.28125,40923136
1788836400000,78310.953125,78351,78274.5625,78297.3515625,265730048
1788836700000,78289.7265625,78405.578125,78289.7265625,78381.171875,321419264
1788837000000,78381.171875,78416.0703125,78376.609375,78384.5078125,6522880
1788837300000,78384.5078125,78427.4609375,78351,78413.1171875,231360512
1788837600000,78422.7890625,78454.9375,78395.546875,78437.671875,268513280
1788837900000,78437.671875,78488.3203125,78427.3203125,78438.59375,135243776
1788838200000,78447.7265625,78478.59375,78414.3828125,78468.796875,141318144
1788838500000,78465.953125,78520.109375,78465.953125,78496.171875,116598784
1788838800000,78496.15625,78567.6875,78408.7734375,78410.7109375,105240576
1788839100000,78410.7109375,78410.7109375,78251.109375,78254.3671875,147515392
1788839400000,78255.2265625,78337.1484375,78162.71875,78296.359375,371841024
1788839700000,78307.140625,78451.0703125,78307.140625,78451.0703125,335071232
1788840000000,78430.453125,78430.453125,78260.7109375,78320.203125,164939776
1788840300000,78321.2109375,78419.703125,78306.9375,78311.3203125,175355904
1788840600000,78317.078125,78362.203125,78281.859375,78362.203125,68106240
1788840900000,78369.5703125,78384.5390625,78275.5703125,78310.3671875,103618560
1788841200000,78313.28125,78374.1484375,78280.65625,78374.1484375,186542080
1788841500000,78386.09375,78481.6171875,78343.921875,78457.7421875,74057728
1788841800000,78445.09375,78510.1328125,78423.1796875,78479.390625,70631424
1788842100000,78481.7109375,78530.1875,78474.2734375,78523.0078125,152623104
1788842400000,78520.2890625,78525.6328125,78480.046875,78480.046875,161622016
1788842700000,78507.859375,78546.5703125,78464.640625,78475.578125,60424192
1788843000000,78487.0703125,78487.0703125,78362.0234375,78372.140625,41179136
1788843300000,78386.1015625,78426.5625,78345.8203125,78378.5,13262848
1788843600000,78392.21875,78421.7890625,78340,78400.3984375,8898560
1788843900000,78400.3984375,78421.7890625,78314.078125,78362.21875,56197120
1788844200000,78348.890625,78469.671875,78331.0390625,78455.78125,842924032
1788844500000,78481.6015625,78481.6015625,78393.0078125,78393.0078125,0
1788844800000,78398.1171875,78421.8828125,78320.796875,78405.90625,276361216
1788845100000,78405.90625,78466.65625,78403.390625,78448.5234375,125700096
1788845400000,78448.5234375,78586.6796875,78423.21875,78563.6171875,94093312
1788845700000,78563.6171875,78671.6484375,78549.2421875,78668.2421875,4790272
1788846000000,78668.2421875,78756.2421875,78654.28125,78738.953125,69459968
1788846300000,78738.953125,78762.7734375,78708.4921875,78753.703125,160520192
1788846600000,78747.5234375,78774,78715.3125,78736.453125,79261696
1788846900000,78736.453125,78756.2265625,78706.7890625,78735.7421875,163659776
1788847200000,78725.8828125,78726.65625,78649.6484375,78696.5390625,0
1788847500000,78696.5625,78730,78665.9296875,78677.546875,6361088
1788847800000,78677.546875,78729.9921875,78667.9296875,78712.2734375,80838656
1788848100000,78712.28125,78769.9921875,78704.0390625,78769.9921875,0
1788848400000,78790.3671875,78958.8203125,78790.3671875,78845.2109375,47894528
1788848700000,78846.703125,78887.21875,78801.84375,78821.40625,176629760
1788849000000,78823.2734375,78839.8125,78704.4921875,78712.0703125,36290560
1788849300000,78712.0625,78712.0625,78657.140625,78697.5703125,4556800
1788849600000,78691.0234375,78691.0234375,78629.25,78640.046875,152594432
1788849900000,78648.7734375,78650,78622.8984375,78636.9296875,109807616
1788850200000,78636.9296875,78668.9921875,78623.5234375,78623.5234375,0
1788850350000,78606,78606,78606,78606,0
1788850500000,78608.703125,78608.703125,78534.15625,78534.15625,2357248
1788850800000,78550.8515625,78552.9921875,78450.5703125,78450.5703125,48486400
1788851100000,78450.5703125,78457.140625,78340.9375,78375.1796875,84506624
1788851400000,78378.1875,78378.1875,78259.7578125,78281.59375,83345408
1788851700000,78276.1484375,78373.578125,78276.1484375,78370.6171875,280756224
1788852000000,78370.6328125,78455.2890625,78356.0703125,78455.2890625,122742784
1788852300000,78446.6484375,78449.640625,78404.2578125,78418.078125,178876416
1788852600000,78418.0703125,78466,78380,78459.2578125,77883392
1788852900000,78440.7890625,78468.4375,78403.9921875,78403.9921875,153612288
1788853200000,78403.9765625,78454.7890625,78395.3828125,78411.328125,83288064
1788853500000,78412.0234375,78419.84375,78360.0078125,78409.9375,112764928
1788853800000,78398,78424.9921875,78374.15625,78416.8125,11794432
1788854046000,78374.15625,78374.15625,78374.15625,78374.15625,0
1788854100000,78358.6328125,78442.09375,78353.2734375,78401.1171875,15519744
1788854400000,78401.8828125,78401.8828125,78201.0078125,78202.8125,106956800
1788854700000,78210.171875,78320.09375,78210.171875,78320.09375,112887808
1788855000000,78321.078125,78334.2421875,78189.640625,78189.6484375,398372864
1788855300000,78189.640625,78240.2890625,78189.640625,78240.2890625,8290304
1788855600000,78237.921875,78292.859375,78232.40625,78284.703125,134080512
1788855900000,78280.6796875,78369.578125,78252.59375,78347.359375,57513984
1788856200000,78347.359375,78347.359375,78347.359375,78347.359375,0
1788856500000,78371.109375,78398.0390625,78341.9296875,78360.65625,55932928
1788856800000,78360.7265625,78360.7265625,78269.6015625,78302.5625,86452224
1788857100000,78308.4609375,78369.5703125,78270.7578125,78369.5703125,81346560
1788857400000,78379.9921875,78444.390625,78304.4609375,78444.390625,233785344
1788857700000,78430.390625,78452.71875,78362.21875,78414.21875,19765248
1788858000000,78433.2109375,78480.421875,78380.2265625,78462.0234375,179257344
1788858300000,78456.1171875,78512.8828125,78421.921875,78430.6171875,216528896
1788858600000,78423.578125,78489.9609375,78413.9375,78440.40625,76533760
1788858900000,78440.3984375,78455.7265625,78362.2265625,78362.2421875,136269824
1788859200000,78362.2421875,78381.21875,78282.8515625,78304.34375,69089280
1788859500000,78289.65625,78362.2109375,78289.65625,78301.2265625,66590720
1788859800000,78303.1875,78333.109375,78043.0078125,78085.171875,77058048
1788860100000,78141.6328125,78144.171875,77829.59375,77829.59375,303273984
1788860400000,77840.390625,77840.390625,77649.359375,77805.4765625,211947520
1788860700000,77802.90625,77907.1796875,77725.2734375,77830.9765625,478251008
1788861000000,77830.9375,77835.53125,77626.6015625,77777.6171875,473692160
1788861300000,77778.9765625,78059.8671875,77778.9765625,77933.046875,137486336
1788861600000,77975.7734375,78002.1328125,77828.921875,77988.578125,399218688
1788861900000,78012.796875,78072.4609375,77938.703125,78051.1171875,358754304
1788862200000,78034.65625,78163.390625,78014.9609375,78122.40625,0
1788862500000,78159.2265625,78284.25,78159.2265625,78273.28125,115402752
1788862800000,78272.8671875,78358.171875,78261.0703125,78323.7265625,53991424
1788863100000,78309.421875,78340,78235,78321.75,86200320
1788863400000,78322.828125,78382.15625,78236,78351.1328125,355913728
1788863700000,78356.28125,78380.3203125,78270.921875,78329.7109375,0
1788864000000,78306.6328125,78410.09375,78258.4609375,78386.3203125,109522944
1788864300000,78386.3203125,78596.25,78359.0390625,78537.09375,42133504
1788864600000,78539.15625,78570.0078125,78426.703125,78506.25,0
1788864900000,78495.1171875,78567.8125,78465.7734375,78537.7265625,116365312
1788865200000,78527.34375,78641.0078125,78501.5,78528.2109375,29089792
1788865500000,78520.6328125,78569.46875,78457.9765625,78569.46875,203470848
1788865800000,78574.078125,78642.0625,78536.6875,78625.9375,20920320
1788866100000,78628.75,78694.1328125,78593.28125,78593.28125,48766976
1788866400000,78604.8515625,78607.8125,78463.7265625,78519.5703125,16441344
1788866700000,78541.3203125,78541.3203125,78438.7421875,78445.8984375,16637952
1788867000000,78453.4375,78539.15625,78436.2265625,78529.3671875,62126080
1788867300000,78523.71875,78635.78125,78514.34375,78635.78125,0
1788867600000,78612.6484375,78752.171875,78572.09375,78698.0390625,7602176
1788867900000,78722.4609375,78773.3125,78655.328125,78761.6484375,72638464
1788868200000,78757.7734375,78858.6796875,78737.296875,78839.8203125,43366400
1788868500000,78827.2421875,78899.9921875,78822.796875,78899.9921875,0
1788868800000,78891.65625,78891.65625,78755.3203125,78817.8984375,229124096
1788869100000,78804,78827.8671875,78716.578125,78716.578125,4755456
1788869400000,78708.4765625,78711.1015625,78612.9609375,78634.9609375,121147392
1788869700000,78626.453125,78671.4609375,78565.859375,78621.2734375,38035456
1788870000000,78621.2734375,78664.90625,78571.21875,78624.390625,0
1788870300000,78627.3203125,78680.9296875,78603.390625,78631.4296875,0
1788870600000,78631.890625,78704.9921875,78609.0703125,78648.78125,276215808
1788870900000,78638.2734375,78865,78638.2734375,78865,44638208
1788871200000,78900.6875,78957.0390625,78784.9921875,78788.46875,24231936
1788871500000,78802.0234375,78833.53125,78763.0703125,78817.640625,0
1788871693000,78802.703125,78802.703125,78802.703125,78802.703125,0
1788871800000,78814.90625,78865.6015625,78768.3828125,78781.03125,198492160
1788872014000,78753.4921875,78753.4921875,78753.4921875,78753.4921875,0
1788872100000,78767.640625,78773.9765625,78653.4921875,78730.8203125,6574080
1788872400000,78730.8203125,78855,78729.3984375,78828.6796875,76574720
1788872700000,78828.6796875,78887.1171875,78696.5703125,78696.5703125,162267136
1788873000000,78696.5625,78724.7890625,78655.109375,78700.2421875,44908544
1788873300000,78707.078125,78709.28125,78618.9921875,78627.1015625,178905088
1788873600000,78627.1015625,78627.1015625,78565.203125,78583.421875,26828800
1788873900000,78580.65625,78583.4296875,78534.6875,78582.4609375,175046656
1788874200000,78582.453125,78619.96875,78541.9921875,78615.7734375,5611520
1788874500000,78607.390625,78658.9921875,78607.390625,78615.546875,0
1788874625000,78633.09375,78633.09375,78633.09375,78633.09375,0
1788874800000,78574.2890625,78582.890625,78515.46875,78515.46875,26161152
1788875100000,78515.28125,78557.4609375,78515.28125,78557.4609375,0
1788875175000,78548.9921875,78548.9921875,78548.9921875,78548.9921875,0
1788875400000,78524.53125,78639.609375,78519.71875,78587.921875,36243456
1788875700000,78585.796875,78587.9296875,78483.609375,78493.1796875,58851328
1788876000000,78491.859375,78565.453125,78479.546875,78522.6328125,743424
1788876004000,78491.7109375,78491.7109375,78491.7109375,78491.7109375,0
1788876300000,78522.6171875,78658.53125,78522.6171875,78658.53125,28844032
1788876600000,78658.5234375,78716.078125,78637,78657.90625,44802048
1788876900000,78666.5078125,78754.34375,78660.71875,78754.34375,97005568
1788877200000,78754.6875,78804.109375,78739.25,78778.546875,0
1788877500000,78783.03125,78783.03125,78708.2578125,78723.5625,134148096
1788877515000,78775.2890625,78775.2890625,78775.2890625,78775.2890625,0
1788877800000,78723.5390625,78764.3203125,78696.0234375,78724.7890625,2856960
1788878100000,78696.5390625,78696.5390625,78578.828125,78578.828125,19755008
1788878400000,78581,78607.078125,78563.59375,78593.171875,0
1788878700000,78593.171875,78646.09375,78325.8671875,78329.953125,105203712
1788879000000,78349.0078125,78432.7890625,78250,78374.90625,0
1788879300000,78365.2890625,78454.1875,78354.2890625,78423.59375,327567360
1788879600000,78452.859375,78518.796875,78382.359375,78490.7109375,0
1788879900000,78508.421875,78511.9765625,78414.1015625,78449.03125,40820736
1788880200000,78441.9765625,78478.8203125,78427.4921875,78462.40625,21504000
1788880500000,78462.421875,78521.7578125,78421.2265625,78437.5625,160110592
1788880800000,78431.53125,78436.9609375,78338.3515625,78383.8828125,63727616
1788881100000,78383.8828125,78478.2578125,78341.6484375,78447.3828125,16742400
1788881400000,78472.109375,78516.5625,78328.6171875,78438.9921875,124729344
1788881700000,78438.9921875,78482.9921875,78401.109375,78458.6015625,4921344
1788882000000,78448.9921875,78512.7578125,78401.3203125,78418.140625,19816448
1788882300000,78410.4609375,78413.6171875,78330.1171875,78413.6171875,81848320
1788882600000,78386.65625,78386.6796875,78310.2109375,78339.4296875,0
1788882900000,78354.421875,78437.1015625,78314.46875,78437.1015625,219619328
1788883200000,78430.6015625,78489.9375,78396.90625,78455.6484375,7520256
1788883500000,78462.6328125,78520,78452.6484375,78511.359375,45617152
1788883800000,78511.3671875,78616.8984375,78510.7109375,78597.359375,0
1788884100000,78610.1015625,78610.1015625,78507.53125,78511.671875,32956416
1788884400000,78514.78125,78532.4375,78457.7421875,78497.640625,145383424
1788884700000,78492.9921875,78591.671875,78492.9921875,78585.1171875,2629632
1788885000000,78584.3125,78584.3203125,78426.921875,78438.0078125,90628096
1788885300000,78434.328125,78538.34375,78413.4296875,78525.40625,6823936
1788885600000,78525.40625,78550.9921875,78474.4375,78529.2578125,5197824
1788885900000,78515.0703125,78551.2734375,78483.828125,78483.828125,43958272
1788886200000,78504.671875,78562.9296875,78466.8828125,78476.953125,88633344
1788886500000,78463.0625,78507.9921875,78463.0625,78482.453125,0
1788886800000,78491.96875,78576.8125,78462.3515625,78514.46875,18034688
1788887100000,78519.7734375,78547.6015625,78500,78540.328125,69074944
1788887400000,78540.328125,78559.9921875,78531.9296875,78538.3125,22896640
1788887700000,78551.5390625,78565.21875,78517.453125,78524.59375,0
1788888000000,78524.578125,78543.3828125,78494.2421875,78516.9765625,0
1788888026000,78524.578125,78524.578125,78524.578125,78524.578125,0
1788888300000,78516.9765625,78619.0390625,78516.9765625,78521.5234375,1224704
1788888600000,78521.53125,78553.25,78464.0234375,78515.6875,36364288
1788888900000,78515.6796875,78530.21875,78467,78517.4296875,23805952
1788889200000,78469,78555.7578125,78443.78125,78515.8515625,0
1788889500000,78517.8203125,78523.671875,78496.6171875,78503.8515625,45006848
1788889800000,78503.859375,78503.859375,78391.7578125,78430.2421875,32215040
1788890100000,78431.1015625,78485.8515625,78431.1015625,78484.359375,3764224
1788890400000,78475.3828125,78628.640625,78475.3828125,78572.109375,72986624
1788890700000,78564.8203125,78581.21875,78440,78469.90625,0
1788891000000,78482.4609375,78488.1484375,78457.7421875,78488.1484375,10502144
1788891300000,78492.6015625,78519.2265625,78453.15625,78453.15625,139304960
1788891600000,78453.171875,78563.75,78453.171875,78545.90625,0
1788891900000,78548.6875,78548.6875,78487.9609375,78487.9609375,0
1788892200000,78487.96875,78493.953125,78464.2890625,78477.5234375,0
1788892500000,78477.5234375,78501.8828125,78454.53125,78472.5390625,33841152
1788892800000,78484.03125,78525.6875,78470,78477.1484375,0
1788893100000,78477.1484375,78539.5625,78475.34375,78539.5625,0
1788893400000,78540.6171875,78567.96875,78517.9609375,78520.4765625,0
1788893700000,78520.4921875,78569.703125,78516.96875,78545.40625,46833664
1788894000000,78545.421875,78564.3984375,78496.640625,78519.0625,0
1788894300000,78517.2734375,78519.3203125,78499.9765625,78501.5234375,4849664
1788894600000,78501.5234375,78513.8515625,78450,78490,0
1788894900000,78490,78497.2109375,78457.3671875,78466.6015625,124624896
1788895200000,78466.34375,78479.5,78440.0234375,78450.7109375,31211520
1788895500000,78443.078125,78477.53125,78420,78463.4375,118439936
1788895800000,78451.53125,78463.453125,78438.9921875,78456.328125,29741056
1788896081000,78454.078125,78454.078125,78454.078125,78454.078125,0
1788896100000,78454.078125,78465.2890625,78434.859375,78449.109375,0
1788896400000,78448.75,78449.109375,78433.0078125,78442.96875,137568256
1788896700000,78442.96875,78455.3125,78420,78426.21875,0
1788897000000,78433.1484375,78455.78125,78408.1171875,78408.1171875,41426944
1788897300000,78408.8515625,78461.2578125,78399.1328125,78447.109375,0
1788897600000,78457.7734375,78553.2578125,78447.109375,78550.8671875,0
1788897900000,78550.8671875,78616.84375,78550.609375,78615.453125,0
1788898200000,78615.4609375,78727.8125,78607.3671875,78719.296875,847034368
1788898500000,78719.296875,78719.3125,78624.8984375,78694.3984375,0
1788898800000,78696.0234375,78732.359375,78638.171875,78651.5,0
1788899100000,78663.109375,78663.109375,78590,78624.4921875,99844096
1788899400000,78624.4921875,78629.609375,78570.703125,78613.75,0
1788899700000,78618.3203125,78652.0234375,78558.2109375,78652.0078125,0
1788900000000,78652.0078125,78686.7578125,78607.328125,78686.7578125,0
1788900300000,78686.7578125,78755,78686.7578125,78749.90625,0
1788900600000,78757.9921875,78777.703125,78722.5703125,78777.703125,1273856
1788900900000,78777.703125,78792.0390625,78752,78765.5,0
1788901200000,78768.828125,78776.3671875,78700.1796875,78700.1796875,0
1788901500000,78700.1875,78789.453125,78700.1875,78789.140625,7913472
1788901800000,78800,78863.6796875,78730.6171875,78733.9375,0
1788902100000,78731.828125,78754.09375,78632.828125,78635.4296875,154456064
1788902400000,78635.4296875,78696.5234375,78624.8828125,78676.578125,0
1788902700000,78676.578125,78768.171875,78649.8984375,78736.1171875,68788224
1788903000000,78724.0234375,78768.1796875,78693.3984375,78760.0390625,39624704
1788903300000,78762.8203125,78873.9921875,78750.1484375,78830.5703125,0
1788903600000,78830.5703125,78869.9765625,78800,78837.1875,0
1788903900000,78845.9921875,78874,78842.453125,78860.3984375,0
1788904200000,78860.3984375,78886.5625,78815.9375,78879.671875,85250048
1788904500000,78867.3515625,78887.6875,78834.6328125,78879.703125,5447680
1788904800000,78892.28125,78908.0390625,78832.1328125,78879.15625,15425536
1788905100000,78869.7265625,78911.4609375,78841.40625,78901.5703125,11481088
1788905400000,78896.578125,78923.390625,78788,78789.7890625,32243712
1788905700000,78794.75,78794.78125,78680.6484375,78748.453125,0
1788906000000,78744.3125,78826.3984375,78694.453125,78824.21875,0
1788906300000,78757.828125,78815.9375,78757.828125,78815.9375,0
1788906600000,78804.65625,78835.2578125,78768.1796875,78770.15625,0
1788906900000,78756.25,78777.3203125,78745.296875,78759.640625,76046336
1788907200000,78750.0078125,78791.8203125,78743.6328125,78788.5234375,10862592
1788907500000,78788.5703125,78800.53125,78764.203125,78764.203125,0
1788907800000,78764.1875,78797.84375,78751.3515625,78771.2734375,0
1788908100000,78765,78765,78728.6796875,78730.15625,0
1788908400000,78713.140625,78713.140625,78659.75,78660.7890625,0
1788908700000,78660.78125,78687.328125,78621.8828125,78633.703125,0
1788909000000,78638.796875,78652.2265625,78578.9296875,78582.0703125,61741056
1788909300000,78590.15625,78612.046875,78571.203125,78577.140625,0
1788909600000,78588.03125,78607.0703125,78567.8203125,78576.3203125,0
1788909900000,78576.5078125,78586.6875,78537.1171875,78569.1796875,0
1788910200000,78568.6171875,78590.15625,78566.2890625,78580.6171875,0
1788910500000,78565.203125,78596.359375,78565.203125,78587.5625,0
1788910800000,78596.328125,78650.2578125,78596.328125,78639.9921875,0
1788911100000,78632.71875,78674.0703125,78617.6328125,78634.21875,0
1788911400000,78637.2734375,78647.28125,78590.0234375,78635.140625,0
1788911700000,78624.859375,78665.1796875,78592.328125,78619.7109375,6367232
1788912000000,78629.0625,78932.7109375,78628.3828125,78914.9296875,0
1788912300000,78918.6484375,78931.8203125,78756.2421875,78756.2421875,0
1788912600000,78753.5625,78835.109375,78728.0390625,78823.90625,143593472
1788912900000,78823.4765625,78830.21875,78768.1796875,78812.078125,48226304
1788913200000,78802.421875,78907.84375,78795,78907.84375,0
1788913500000,78909.71875,78934.828125,78875.640625,78875.640625,0
1788913800000,78874.9375,78899.4296875,78856.3203125,78899.4296875,0
1788914100000,78891.546875,78928.171875,78891.203125,78904.90625,0
1788914400000,78906.46875,79182.40625,78899.53125,79177.6171875,117116928
1788914700000,79200,79200,79066.6796875,79110.796875,10096640
1788915000000,79123.140625,79172.828125,79117.84375,79158.9609375,110921728
1788915300000,79163.2265625,79182.0625,79142.1328125,79159.109375,0
1788915600000,79170.9609375,79170.9609375,79044.7734375,79121.6328125,52584448
1788915900000,79092.3828125,79126.3828125,79078.6171875,79114.4921875,0
1788916200000,79114.4921875,79274.9375,79086.546875,79260.9296875,93536256
1788916500000,79221.90625,79353.7421875,79221.90625,79301.34375,0
1788916800000,79301.3515625,79301.3515625,79164.921875,79172.8515625,146384896
1788917100000,79172.6875,79172.6875,79115.03125,79115.0390625,0
1788917400000,79126.3828125,79126.390625,78938.796875,79018.90625,0
1788917700000,79018.90625,79028.9375,78927.1875,78934.9375,10639360
1788918000000,78946.4375,78946.4375,78880.0078125,78912.3828125,42196992
1788918300000,78901,78901.0078125,78823.2734375,78832.53125,0
1788918600000,78844.5078125,78911.453125,78837.0625,78911.453125,0
1788918900000,78911.453125,78947.2734375,78900.7578125,78914.359375,0
1788919200000,78921.796875,78951.6796875,78844.84375,78871.2421875,0
1788919500000,78871.2421875,78965.15625,78864.03125,78936.859375,0
1788919800000,78940.84375,79130,78938.46875,79105.8203125,0
1788920100000,79099.359375,79162.1875,79078.671875,79158.8515625,0
1788920400000,79152.5234375,79269.9609375,79137.1796875,79212.3125,0
1788920700000,79219.53125,79219.53125,79143.5390625,79143.5390625,0
1788921000000,79159.421875,79216.578125,79126.3828125,79174.1328125,0
1788921300000,79180.390625,79224.3125,79180.390625,79201.7734375,0
1788921600000,79193.09375,79199.953125,79144.296875,79173.9296875,0
1788921900000,79184.7890625,79192.9375,79120.9921875,79120.9921875,0
1788922200000,79133.9375,79160.0078125,79102.5078125,79116.78125,0
1788922500000,79107.3515625,79162.1875,79102.5,79150.25,0
1788922800000,79140.53125,79193.1015625,79137.25,79193.1015625,0
1788923100000,79204.609375,79355,79204.609375,79301.71875,0
1788923400000,79291.8828125,79324.9921875,79240.7578125,79240.7578125,0
1788923700000,79240.7578125,79283.46875,79216.28125,79232.8515625,0
1788924000000,79255.6796875,79291.8984375,79243.5,79285.8984375,0
1788924300000,79285.8984375,79285.90625,79228.2578125,79262.828125,0
1788924600000,79279.78125,79279.7890625,79209.9609375,79211.6796875,0
1788924900000,79213.671875,79245.7734375,79206.1484375,79214.4296875,0
1788925200000,79206.8125,79229.9921875,79162.953125,79185.5078125,0
1788925500000,79189.75,79245.8828125,79179.03125,79186.078125,0
1788925800000,79179.5390625,79258.8671875,79179.5390625,79238.4375,0
1788926100000,79241.9296875,79271.6328125,79223.328125,79258.7890625,0
1788926400000,79281.6015625,79422.109375,79254.609375,79415.953125,0
1788926700000,79415.9375,79481.578125,79369.609375,79458.1171875,0
1788927000000,79453.6484375,79516.2578125,79394.609375,79394.609375,123205632
1788927300000,79401.90625,79488.2109375,79401.90625,79488.2109375,128761856
1788927600000,79481.6015625,79603.96875,79479.7109375,79553.2109375,0
1788927900000,79559.421875,79683.6484375,79532.34375,79683.1171875,0
1788928200000,79658.96875,79687.546875,79628.1875,79677.75,38088704
1788928500000,79677.75,79729.15625,79581.4296875,79610.90625,0
1788928800000,79615.34375,79693.65625,79615.34375,79633.3828125,0
1788929100000,79638.7421875,79664.7578125,79609.7734375,79611.78125,168372224
1788929400000,79603.9765625,79699.3203125,79580.1015625,79691.96875,4225024
1788929700000,79691.96875,79702,79657.40625,79695.390625,0
1788930000000,79711.4296875,79711.4296875,79613.5234375,79643.578125,0
1788930300000,79635.609375,79639.390625,79494.796875,79494.796875,0
1788930600000,79490.0234375,79532.328125,79463.3828125,79524.1328125,0
1788930900000,79534.3125,79535.828125,79463.4609375,79480.90625,103892992
1788931200000,79480.90625,79480.90625,79443.03125,79447.359375,0
1788931500000,79443.7890625,79454.34375,79405.078125,79408.640625,0
1788931800000,79408.640625,79431.140625,79370.2109375,79389.6015625,0
1788932100000,79389.6015625,79395.15625,79284,79307.890625,2506752
1788932400000,79308.84375,79308.84375,79059.8203125,79068.1171875,0
1788932700000,79097.5,79108.09375,78974.0390625,79006.71875,137312256
1788933000000,78991.921875,79032.9296875,78950.046875,78950.046875,156526592
1788933300000,78950.109375,78972.8203125,78879.6875,78940,0
1788933600000,78950.8515625,79039.7109375,78941.9921875,79022.390625,70238208
1788933900000,79033.453125,79033.453125,78945.328125,78949.4375,16990208
1788934200000,78935.3515625,79021.4765625,78922.4921875,78999.5,148836352
1788934500000,78982.3203125,79042.796875,78911.640625,79042.7890625,29790208
1788934800000,79059.0390625,79114.4296875,79054.2578125,79067.9765625,32296960
1788935100000,79066.3984375,79104.5,79041.8125,79070.0078125,46712832
1788935400000,79070,79138.3203125,79059.1796875,79137.5,58984448
1788935700000,79131.921875,79175.7890625,79054.78125,79120.1875,10049536
1788936000000,79138.796875,79149.0234375,79049.0078125,79060.359375,0
1788936300000,79066.640625,79066.6484375,78990.25,79026.7109375,96235520
1788936600000,79021.4765625,79021.4765625,78859.703125,78859.703125,7292928
1788936900000,78867.8203125,78931.046875,78855.359375,78931.046875,0
1788937042000,78921.8984375,78921.8984375,78921.8984375,78921.8984375,0
1788937200000,78905.609375,78947.34375,78720.5078125,78778.5625,46440448
1788937500000,78750.1875,78837.96875,78741.296875,78837.96875,7219200
1788937800000,78848.1484375,78884.2890625,78824.5390625,78847.8125,164755456
1788938100000,78855,78860.9765625,78786.8984375,78800.640625,90214400
1788938400000,78800.6484375,78908.9765625,78780.828125,78908.9765625,16951296
1788938700000,78911.453125,78983.796875,78892.1171875,78970.90625,15513600
1788939000000,78961.796875,79085.9765625,78938.578125,79053.0234375,0
1788939300000,79057.9765625,79061.5234375,78986.296875,79028.453125,111169536
1788939600000,79023.171875,79055.140625,78978.140625,78999.140625,7034880
1788939900000,79033.8671875,79169.9609375,79033.8671875,79134.0234375,58034176
1788940200000,79136.75,79351.640625,79121.96875,79280.4296875,16084992
1788940500000,79279.0390625,79328.9921875,79258.5078125,79294.2578125,106094592
1788940800000,79330.2265625,79379.828125,79330.2265625,79337.3671875,73259008
1788941039000,79306.4921875,79306.4921875,79306.4921875,79306.4921875,0
1788941100000,79296.0078125,79430.078125,79267.71875,79399.6796875,183969792
1788941400000,79419.5078125,79427.3515625,79360,79368,60858368
1788941700000,79375.0625,79427.2421875,79297.09375,79339.7421875,45623296
1788942000000,79368.0234375,79412.9765625,79360,79366.421875,128550912
1788942300000,79374.2421875,79393.1171875,79344.40625,79384.9921875,136288256
1788942600000,79391.75,79494.9921875,79382.296875,79494.9921875,38400000
1788942900000,79494.9921875,79556.34375,79490.1796875,79500.2109375,0
1788943032000,79455,79455,79455,79455,0
1788943200000,79518.7109375,79587.1171875,79477.359375,79489.1328125,67776512
1788943500000,79501.1171875,79593.7421875,79501.1171875,79592.6796875,120641536
1788943800000,79610.9765625,79648.9921875,79560.2109375,79588.171875,0
1788944100000,79588.171875,79617.90625,79541.0703125,79580,0
1788944400000,79570.9765625,79608.8671875,79488.1015625,79608.8671875,0
1788944700000,79576.859375,79586.9765625,79518.71875,79524.0078125,0
1788945000000,79516.5703125,79516.5703125,79479.9609375,79494.8125,30459904
1788945300000,79503.9765625,79503.9765625,79446.0078125,79495.421875,0
1788945600000,79471.859375,79580.4609375,79471.8515625,79531.296875,0
1788945900000,79525.34375,79624.328125,79523.671875,79598.75,0
1788946200000,79563.2890625,79664.2265625,79490.640625,79645.421875,0
1788946500000,79620.96875,79626.9609375,79279.828125,79323.6328125,0
1788946800000,79333.890625,79442.6015625,79087.5625,79224.0078125,0
1788947100000,79222.28125,79376.9765625,79194.34375,79284.9765625,874665984
1788947400000,79286.4296875,79355.9765625,79150.2109375,79165.3203125,0
1788947700000,79171.5234375,79276.9375,79081.8125,79119.2265625,8142848
1788948000000,79110.6171875,79123.5078125,78882.8203125,79060.6328125,0
1788948300000,79053.8984375,79181.5078125,78949.3515625,78981.9609375,0
1788948600000,78944.0234375,79069.7890625,78868.1171875,79065.8125,143708160
1788948900000,79052.4765625,79062.3828125,78918.7734375,78927.2578125,18132992
1788949200000,78930.2578125,78983.390625,78840.0078125,78929.6015625,2924544
1788949500000,78898.90625,79239.8203125,78889.5078125,79233.8671875,69830656
1788949800000,79234.8125,79330.328125,79208.5390625,79280.2734375,47304704
1788950100000,79298.9921875,79394,79223.6015625,79275.7734375,31623168
1788950400000,79241.0390625,79260.7890625,78934.953125,78966.828125,196579328
1788950700000,78984.6171875,79109.28125,78913.609375,79109.28125,0
1788951000000,79115.7890625,79118,78897.296875,78897.296875,84062208
1788951300000,78883.84375,78952.9921875,78873.8125,78941.828125,53248
1788951600000,78969.1171875,79276.84375,78573.140625,78786.171875,9183232
1788951900000,78822.9921875,78887.328125,78455.0078125,78582.046875,624728064
1788952200000,78566.40625,78646.453125,78258.78125,78470.2578125,341090304
1788952500000,78455.046875,78613.8515625,78400.953125,78509.953125,379285504
1788952800000,78513.90625,78542.9921875,78034.5625,78048.1875,234807296
1788953100000,78052.6171875,78377.6171875,78038.3203125,78351.046875,53719040
1788953400000,78351.828125,78568.71875,78315.3671875,78568.71875,233271296
1788953700000,78615.9921875,78687.4375,78528.09375,78687.4375,839974912
1788954000000,78714.09375,78714.09375,78596.21875,78627.78125,78759936
1788954300000,78627.78125,78660.1328125,78536.4375,78587.859375,99633152
1788954600000,78589.8828125,78655.6796875,78533.1015625,78655.6796875,51097600
1788954900000,78667.34375,78672.0625,78570.828125,78576.40625,0
1788955200000,78582.0703125,78764.2734375,78551.2890625,78729.2109375,0
1788955500000,78713.46875,78759.1171875,78484.2734375,78484.2734375,0
1788955800000,78474.6015625,78650.25,78472.9609375,78650.25,122161152
1788956100000,78641.359375,78641.359375,78486,78536,52582400
1788956400000,78522.0078125,78631.2734375,78441.5703125,78485.3984375,120233984
1788956700000,78536.6328125,78631.53125,78523.0234375,78599.9921875,113879040
1788957000000,78623.4375,78901.0390625,78623.4375,78855.578125,0
1788957300000,78855.59375,78866.421875,78760.7890625,78795.1171875,89600000
1788957600000,78789.4375,78791.7734375,78735.03125,78791.7734375,209457152
1788957900000,78773.203125,78780,78729.3671875,78729.578125,0
1788958200000,78742.5390625,78768.3125,78736.59375,78750.828125,0
1788958379000,78750.828125,78750.828125,78750.828125,78750.828125,0
1788958500000,78717,78795.09375,78714.921875,78783.1796875,0
1788958525000,78736.2421875,78736.2421875,78736.2421875,78736.2421875,0
1788958800000,78783.171875,78821,78706.0390625,78708,0
1788959100000,78708,78791.4921875,78697.609375,78775.1796875,0
1788959400000,78758.9921875,78896.140625,78756.34375,78846.578125,20242432
1788959700000,78875.34375,78875.34375,78791.75,78805.90625,104241152
1788960000000,78814.859375,78834.2265625,78772.671875,78834.2265625,37326848
1788960300000,78834.2421875,78915.4609375,78831.5234375,78839.6171875,587776
1788960600000,78839.7734375,78848.46875,78755.6328125,78790.78125,30664704
1788960900000,78787.40625,78847.75,78715.296875,78715.296875,1150976
1788961200000,78716.3984375,78743.6796875,78670.0078125,78685.8828125,122857472
1788961500000,78689.609375,78749.7421875,78655,78749.7421875,42807296
1788961800000,78747.40625,78786.2734375,78689.390625,78786.2734375,22980608
1788962100000,78785.3125,78802.8671875,78754.8828125,78754.8828125,42795008
1788962400000,78759.2109375,78773.4296875,78715.6015625,78720.078125,5509120
1788962700000,78720.0703125,78755.71875,78640,78665.7890625,129554432
1788963000000,78662.4296875,78665.3515625,78578.6171875,78587.7109375,0
1788963300000,78588.6796875,78615.9921875,78555.4765625,78555.4765625,19171328
1788963600000,78555.4765625,78633.6015625,78550,78550,5388288
1788963880000,78575.640625,78575.640625,78575.640625,78575.640625,0
1788963900000,78579.75,78609.453125,78571.546875,78608.2890625,0
1788964200000,78606.75,78633.4375,78560,78566.3984375,116273152
1788964500000,78568.5703125,78568.5703125,78517,78533.9921875,0
1788964800000,78528.90625,78557.859375,78483.328125,78521.921875,10188800
1788965100000,78522.2890625,78522.2890625,78470.2890625,78519.6796875,27508736
1788965400000,78522.3125,78534.6484375,78449.2265625,78454.4609375,0
1788965700000,78399.5625,78478.3828125,78399.34375,78399.34375,3823616
1788966000000,78399.5078125,78460.78125,78359.0390625,78369.0078125,40597504
1788966300000,78374.71875,78427.5078125,78328.3203125,78372.4296875,9811968
1788966600000,78372.4296875,78475.90625,78372.4296875,78470.3828125,0
1788966900000,78470.3828125,78510,78453.40625,78504.796875,9201664
1788967200000,78504.796875,78570.828125,78484.1484375,78554.15625,7745536
1788967500000,78545.59375,78562.578125,78512.4921875,78512.4921875,0
1788967800000,78506.8828125,78538.671875,78483.96875,78526.7109375,41340928
1788968100000,78526.7109375,78526.7109375,78328.3125,78328.3125,40355840
1788968400000,78307.3125,78373.5,78279.5390625,78279.5390625,41414656
1788968700000,78282.328125,78321.8203125,78267.7734375,78320.7265625,742971392
1788969000000,78310.34375,78310.34375,78133.03125,78210.3984375,5419008
1788969300000,78188.953125,78223,78176.09375,78211.2578125,26044416
1788969600000,78222.15625,78267.8671875,78176.1484375,78183.3515625,158550016
1788969900000,78180.40625,78255,78177.96875,78250.2109375,0
1788970200000,78268.7890625,78284.5078125,78219.078125,78239,0
1788970500000,78239,78325,78222.5078125,78256.0625,30980096
1788970800000,78239.046875,78253.71875,78140.8984375,78204.9765625,0
1788971100000,78209.2421875,78225.6171875,77996.9609375,78098.1015625,110270464
1788971400000,78102.1484375,78272.8984375,78102.1484375,78225.1015625,0
1788971700000,78225.1015625,78306.1328125,78225.1015625,78295.296875,780849152
1788972000000,78295.3125,78296.578125,78219.953125,78268.4609375,0
1788972300000,78266.7890625,78270.65625,78092.0625,78103.09375,778553344
1788972600000,78097.296875,78226.0078125,78083.953125,78189.4296875,144281600
1788972900000,78197.890625,78313.7890625,78197.890625,78303.5703125,6234112
1788973200000,78300.7890625,78300.7890625,78241.1484375,78299.3984375,1425408
1788973500000,78302.7421875,78323.3125,78243.8671875,78243.8671875,8761344
1788973554000,78318.6875,78318.6875,78318.6875,78318.6875,0
1788973800000,78243.8671875,78246.7421875,78158.59375,78224.5703125,131407872
1788974100000,78229.1171875,78229.3828125,78122.03125,78162.5703125,0
1788974400000,78163.8671875,78229.1171875,78120.8203125,78229.1171875,74588160
1788974700000,78224.703125,78281.46875,78224.703125,78267.4609375,65634304
1788975000000,78257.96875,78257.9765625,78159.6796875,78159.75,0
1788975300000,78159.6796875,78222.578125,78124.1171875,78221.5,39735296
1788975600000,78216.796875,78258.8671875,78216.796875,78225.140625,77250560
1788975900000,78216.7578125,78216.7578125,78081.6328125,78081.6328125,14675968
1788976200000,78081.6328125,78114.046875,77981.1328125,78114.046875,34547712
1788976500000,78114.546875,78132.8125,78050,78124.7578125,42024960
1788976800000,78145.65625,78180.3828125,78021.1015625,78068.796875,111886336
1788977100000,78063.5625,78065,77756.6484375,77837.59375,876544
1788977400000,77838.9921875,77961.9296875,77838.9921875,77856.34375,92037120
1788977700000,77862.078125,77945.1171875,77776.1484375,77945.0625,195827712
1788978000000,77959.90625,78018.5234375,77955.2109375,78018.5234375,62642176
1788978300000,78018.5078125,78040.6328125,77996.15625,78016.4765625,5865472
1788978600000,78008.8671875,78011.078125,77941.1015625,77981.109375,269516800
1788978900000,77978.25,78030.7109375,77922.2578125,78026.25,15230976
1788979200000,78018.1015625,78039.8984375,77978.0078125,78005.421875,0
1788979500000,78019.7109375,78030.71875,77988.3125,77988.3125,135495680
1788979800000,77987.9609375,78018.4375,77931.53125,77940,59025408
1788980100000,77936.859375,77941.2265625,77883.8125,77897.6015625,50407424
1788980400000,77897.6015625,78100.140625,77897.6015625,78099.5,61431808
1788980700000,78095.96875,78167.671875,78090.25,78167.671875,60653568
1788981000000,78161.1484375,78184.0234375,78105.65625,78131.65625,31135744
1788981300000,78129.6171875,78129.6171875,78079.078125,78083.9609375,0
1788981436000,78107.7265625,78107.7265625,78107.7265625,78107.7265625,0
1788981600000,78148.3203125,78150.203125,78083.953125,78094.328125,0
1788981900000,78106.53125,78169.59375,78098.671875,78169.59375,0
1788982200000,78163.5,78223.109375,78151.34375,78216.71875,34637824
1788982500000,78224.796875,78237.6328125,78194.84375,78213.0234375,0
1788982800000,78213.0234375,78213.0234375,78191.0234375,78205.1875,0
1788983100000,78205.1875,78247.0234375,78198.3984375,78247.0234375,23062528
1788983400000,78240.8984375,78278.7109375,78235.5078125,78274.8984375,105723904
1788983700000,78263.5625,78291.90625,78235.5234375,78291.15625,0
1788984000000,78283.9765625,78335.046875,78268.796875,78333.34375,139024384
1788984300000,78333.328125,78351.6015625,78288.953125,78298.046875,0
1788984600000,78298.1015625,78353.09375,78248.9609375,78248.9609375,65486848
1788984900000,78258.2265625,78278.8828125,78227.5078125,78227.5078125,35549184
1788985200000,78228.65625,78301.53125,78194.4765625,78258.8828125,109924352
1788985500000,78258.8671875,78311.59375,78220.90625,78303.546875,85284864
1788985800000,78294.1171875,78294.1171875,78150,78234.6171875,0
1788986100000,78237.4609375,78292.1796875,78220,78226.2890625,130748416
1788986400000,78226.2890625,78226.2890625,78144.25,78146.3671875,90271744
1788986700000,78143.828125,78234.53125,78112.5703125,78149.1796875,42272768
1788987000000,78140.8671875,78197.7421875,78098.0234375,78119.1015625,64753664
1788987300000,78119.15625,78180.4609375,78073.5390625,78151.71875,13119488
1788987600000,78151.71875,78271.9765625,78139.859375,78271.9765625,101609472
1788987900000,78282.1484375,78487.0390625,78279.2734375,78397.5703125,48803840
1788988200000,78393.2578125,78408.640625,78277.828125,78314.9296875,0
1788988500000,78306.03125,78315.2109375,78146.7421875,78258.7890625,0
1788988800000,78255.7890625,78259.7265625,78142.4921875,78220.828125,0
1788989100000,78222.5,78222.5,78145.46875,78145.46875,2205696
1788989400000,78145.53125,78177.1171875,78011.15625,78016.9296875,70158336
1788989700000,78017.9296875,78017.9296875,77918.84375,77934.9921875,0
1788990000000,77947.09375,78216.75,77947.09375,78143.7578125,106358784
1788990300000,78129.921875,78137.09375,78030.5,78069.3515625,0
1788990600000,78063.703125,78077.171875,77960,77985.0390625,42379264
1788990900000,77973.21875,78110.078125,77973.21875,78070.40625,105228288
1788991200000,78079.4375,78079.4375,77998.96875,77998.96875,0
1788991500000,77981.1328125,78063.640625,77981.1171875,78015.7109375,0
1788991800000,78017.2578125,78048.09375,77978.59375,78018.1328125,45443072
1788992100000,78016.5625,78037.6796875,77960.03125,78020.1875,0
1788992400000,78020.1796875,78048.8671875,77964.78125,77964.78125,0
1788992700000,77965.109375,78000.4765625,77943.96875,77991.8671875,45496320
1788993000000,77988.2109375,78128.09375,77978,78121.5,0
1788993300000,78130.5234375,78193.390625,78100.65625,78153.6171875,20742144
1788993600000,78140.1328125,78239.2109375,78140.1328125,78237.140625,0
1788993900000,78239.2109375,78287.390625,78224,78286.3671875,155351040
1788994200000,78287.1484375,78335.2109375,78256.359375,78332.9296875,0
1788994500000,78324.8671875,78342.9921875,78309.453125,78326.1015625,78510080
1788994800000,78338.2265625,78495.7578125,78308.859375,78476.140625,109963264
1788995100000,78439.59375,78443.953125,78376.7890625,78378.828125,14180352
1788995400000,78378.84375,78394.9921875,78345.796875,78345.8125,119912448
1788995700000,78339.3984375,78357.796875,78305.390625,78328.328125,0
1788996000000,78333.921875,78362.2578125,78280.7578125,78297,54362112
1788996300000,78297.7265625,78364.2578125,78270.0078125,78357.7890625,0
1788996600000,78358.21875,78427.0703125,78330.0078125,78385,52875264
1788996900000,78354.65625,78354.65625,78297,78324.8515625,0
1788997200000,78324.8515625,78364.28125,78294.7265625,78338.390625,157607936
1788997500000,78338.34375,78417.78125,78335.0703125,78417.7734375,83148800
1788997800000,78401.921875,78417.7734375,78302.3828125,78310.078125,0
1788998100000,78302.9296875,78302.9296875,78245.609375,78297.1484375,0
1788998400000,78290.203125,78331.25,78278.46875,78331.25,0
1788998700000,78331.25,78373.7734375,78331.0078125,78344.25,0
1788999000000,78344.2421875,78348.078125,78306.0234375,78314.171875,98680832
1788999300000,78314.171875,78383.828125,78314.1328125,78383.828125,0
1788999600000,78383.828125,78397.75,78339.34375,78344.2578125,17856512
1788999900000,78339.34375,78382.6484375,78339.28125,78354.078125,0
1789000200000,78354.09375,78386.65625,78344.1875,78374.296875,3645440
1789000500000,78374.296875,78378.7890625,78327.90625,78327.90625,16224256
1789000800000,78327.9296875,78338.953125,78304.2734375,78304.2734375,0
1789001100000,78304.2578125,78338.9921875,78298.453125,78320.2578125,0
1789001400000,78320.2578125,78330.90625,78270.9765625,78311.40625,45197312
1789001700000,78311.46875,78407.03125,78296.3125,78368.71875,0
1789002000000,78364.15625,78387.796875,78241.7734375,78244.828125,0
1789002300000,78250.59375,78288.640625,78244.8203125,78283.5,35434496
1789002600000,78283.5078125,78439.03125,78283.5,78439.03125,37029888
1789002900000,78439.0390625,78439.0390625,78348.15625,78355.953125,0
1789003200000,78355.953125,78358.0703125,78324.703125,78357.2421875,10938368
1789003500000,78347,78475.2734375,78323.828125,78447.3125,157059072
1789003800000,78447.3125,78490.953125,78434.328125,78446.109375,62017536
1789004100000,78446.359375,78488.578125,78419,78419,0
1789004400000,78419,78419,78368.0078125,78386.5234375,0
1789004700000,78378.0078125,78407.6796875,78378.0078125,78382.6015625,45254656
1789005000000,78382.609375,78522.171875,78382.6015625,78496.96875,46039040
1789005300000,78490,78525.6015625,78450.8515625,78500.046875,30310400
1789005600000,78513.921875,78513.921875,78417.6015625,78417.6015625,85325824
1789005900000,78418.203125,78427.5078125,78386.2421875,78389.4296875,5857280
1789006200000,78389.4296875,78389.4296875,78274.8125,78281,43841536
1789006500000,78280.9921875,78280.9921875,78133.7734375,78196.2421875,0
1789006800000,78199.3515625,78209.2734375,78149.7734375,78186.5625,65216512
1789007100000,78190.390625,78209.2109375,78180.53125,78190.0703125,140236800
1789007400000,78190.0703125,78209.671875,78133.7734375,78133.7734375,14497792
1789007700000,78134.8671875,78159.078125,78133.7734375,78149.46875,68872192
1789007989000,78176.2890625,78176.2890625,78176.2890625,78176.2890625,0
1789008000000,78175.7890625,78245.1875,78159.3828125,78177.2109375,2365440
1789008300000,78177.2109375,78391.6171875,78175.1015625,78368.8515625,45899776
1789008584000,78398.7578125,78398.7578125,78398.7578125,78398.7578125,0
1789008600000,78462.0078125,78502.7734375,78387.84375,78397.7578125,13268992
1789008900000,78397.7578125,78439.0078125,78387.84375,78389.703125,30189568
1789009200000,78394.4375,78394.4375,78229.1171875,78234.7265625,110596096
1789009500000,78224.4296875,78224.4296875,78131.15625,78174.9765625,0
1789009800000,78172.8125,78209.2734375,78169.6015625,78191.0390625,16472064
1789010100000,78191.0390625,78191.0390625,78143.796875,78169.6015625,0
1789010400000,78169.6015625,78169.6015625,78062.703125,78065.6796875,105064448
1789010700000,78071.2734375,78079.296875,77998.390625,77998.390625,0
1789011000000,78000.15625,78020.7890625,77884.4375,77906.8828125,35899392
1789011300000,77887.703125,77966.9921875,77887.703125,77935.9296875,0
1789011600000,77942.28125,77979.9921875,77925.4921875,77979.9921875,240484352
1789011900000,77985.7421875,78039.3984375,77985.7421875,78039.3984375,10704896
1789012200000,78040.6328125,78126.5234375,78040.6328125,78090.8984375,0
1789012500000,78116.96875,78116.96875,78060.4765625,78079.5078125,29343744
1789012800000,78078.0234375,78132.9921875,78059.203125,78093.34375,335872
1789013100000,78093.34375,78135.5,78071.9375,78111.3828125,0
1789013400000,78094.703125,78120.71875,78030.7109375,78049.7578125,0
1789013700000,78049.7734375,78074.890625,78011.1875,78043.8984375,0
1789014000000,78043.8984375,78144.1484375,78040.7734375,78132.1875,0
1789014300000,78132.1875,78147.3125,78063.6328125,78146.21875,0
1789014600000,78139.8671875,78139.8671875,78008.3515625,78088.3984375,0
1789014900000,78083.0078125,78128.5078125,78076.171875,78096.0234375,18380800
1789015200000,78086.5390625,78100.703125,78038.96875,78076.203125,49629184
1789015500000,78078.171875,78100.9296875,78059.5625,78072.78125,0
1789015800000,78073.1171875,78148.4921875,78065.4609375,78137.5390625,0
1789016100000,78128.15625,78128.15625,78074.203125,78085.4609375,17895424
1789016400000,78085.453125,78159.4609375,78079.0625,78150.796875,0
1789016700000,78147.1875,78183.421875,78079.921875,78079.921875,3397632
1789017000000,78086.8984375,78129.03125,78083.046875,78129.03125,0
1789017300000,78129.03125,78171.3828125,78106.6875,78156.7890625,0
1789017600000,78156.7890625,78171.1328125,78128.5078125,78164.2890625,64671744
1789017900000,78155.59375,78199.7265625,78123.203125,78173.109375,0
1789018200000,78172.8671875,78172.8671875,78051.9296875,78099.1484375,70619136
1789018500000,78099.1484375,78099.1484375,77963.609375,77963.609375,0
1789018800000,77957.7265625,77964.3671875,77893.75,77934.8203125,0
1789019100000,77939.5703125,77975.75,77919.9609375,77966.7734375,160210944
1789019400000,77948.90625,77994.5078125,77941.6171875,77976.9765625,0
1789019700000,77964.59375,77979.65625,77919.2578125,77941.96875,0
1789020000000,77956.7890625,78013.359375,77931.6484375,77984.8125,64333824
1789020300000,77953.65625,78009.890625,77929.9921875,77931.328125,0
1789020600000,77929.1328125,77987.1328125,77923.7734375,77962.53125,0
1789020900000,77960.3203125,77991.328125,77949,77972.7265625,0
1789021200000,77969.921875,77997.0234375,77915.703125,77915.703125,0
1789021500000,77915.703125,77956.09375,77897.671875,77954.6171875,0
1789021800000,77954.6171875,77954.6171875,77796.0625,77861.953125,11610112
1789022100000,77861.953125,78003.0703125,77861.953125,77985.21875,0
1789022400000,77985.2109375,78021.28125,77953,77962.890625,44275712
1789022700000,77962.890625,77982.6015625,77940.3203125,77948.84375,0
1789023000000,77948.8515625,77948.8515625,77863.8515625,77871.6015625,12591104
1789023257000,77873.3125,77873.3125,77873.3125,77873.3125,0
1789023300000,77865.0703125,78005.03125,77825.7265625,77825.7265625,56463360
1789023600000,77828.21875,77831.1171875,77663.59375,77714.0078125,6672384
1789023900000,77725.3984375,77824.40625,77691.3203125,77788.6328125,156094464
1789024200000,77788.6328125,77894.390625,77788.6328125,77894.390625,120330240
1789024500000,77915.7109375,78024.0703125,77915.7109375,77941.5625,38189056
1789024800000,77941.5625,77998.5234375,77941.5625,77998.5078125,19646464
1789025100000,77994.671875,77996.2421875,77936.15625,77984.8203125,94611456
1789025400000,77984.8203125,78027.7578125,77965.1171875,78027.7578125,143241216
1789025700000,78011.03125,78025.40625,77959.78125,78016.1171875,9316352
1789026000000,78011.03125,78016.109375,77953.796875,77978.203125,47808512
1789026300000,77978.1875,77998.5078125,77861.9609375,77934.5,105902080
1789026600000,77939.390625,77941.6171875,77837.921875,77883.859375,28911616
1789026900000,77873.4921875,77876.4609375,77800,77832.65625,0
1789027119000,77874.7265625,77874.7265625,77874.7265625,77874.7265625,0
1789027200000,77809.328125,77862,77742.40625,77760.09375,41236480
1789027500000,77745.4609375,77789.96875,77691.109375,77697.65625,61976576
1789027800000,77693.390625,77810.9296875,77689.9375,77801.1015625,13748224
1789028100000,77797.46875,77809.9921875,77700,77700,37726208
1789028400000,77687.0625,77727.1484375,77641.9765625,77703.4921875,303261696
1789028700000,77716.703125,77732.65625,77679.2890625,77732.65625,69206016
1789029000000,77915.7578125,77915.7578125,77319.53125,77355.7734375,190578688
1789029300000,77340.953125,77480.0625,77340.953125,77400,0
1789029360000,77384,77384,77384,77384,0
1789029600000,77086.2734375,77229.25,77056.53125,77096.5,470661120
1789029900000,77100.0234375,77107.0625,76735.703125,77003.1875,464916480
1789030200000,77020.0078125,77085.546875,76817.7421875,76817.7421875,425093120
1789030500000,76809.1875,76893.8828125,76661.3515625,76867.2421875,385611776
1789030800000,76855.7109375,77064.0390625,76855.7109375,77028.75,155762688
1789031100000,77011.671875,77051.5078125,76886.921875,76946.7734375,75773952
1789031400000,76934.75,77014.2265625,76747.8515625,76808.0078125,249335808
1789031700000,76808,76868.828125,76730.703125,76730.703125,239960064
1789032000000,76731.75,76929.4765625,76709.828125,76860.5234375,271845376
1789032300000,76837.390625,76946.2890625,76832.6015625,76904.6796875,19191808
1789032600000,76899.0703125,76945.2265625,76736.140625,76904.09375,0
1789032900000,76869.7421875,77062.5703125,76843.6328125,77026.359375,0
1789033200000,77028.90625,77052.7421875,76905.640625,76905.640625,556400640
1789033500000,76902.0625,77068.3984375,76895.65625,77060.1328125,216164352
1789033800000,77030.4765625,77204.640625,76889.78125,77122.2578125,138235904
1789034100000,77123.6015625,77206.046875,77076.7421875,77145.0234375,72656896
1789034400000,77179.1484375,77312.0234375,77164.3125,77213.2890625,0
1789034700000,77216.15625,77216.15625,76928.640625,77018.390625,336152576
1789035000000,77004.2734375,77119.0625,76973.328125,77052.8125,0
1789035300000,77045.8984375,77049.96875,76920.8984375,77033.9921875,151101440
1789035600000,77003.78125,77299.34375,76978.546875,77225.328125,0
1789035900000,77252.21875,77350.3984375,77210,77245.90625,0
1789036200000,77253.84375,77276.28125,77205.0390625,77264.828125,0
1789036500000,77264.84375,77327.09375,77208.171875,77217.2109375,0
1789036800000,77213.890625,77309.90625,77213.78125,77251.5078125,153440256
1789037100000,77251.5078125,77374.7578125,77246.046875,77290.0078125,36896768
1789037400000,77295.4375,77367.3203125,77238.421875,77367.3203125,271435776
1789037700000,77361.953125,77403.671875,77334.109375,77390.796875,0
1789038000000,77390.8125,77390.8125,77215.8515625,77257.2578125,0
1789038300000,77268.8125,77357.203125,77268.8125,77315.75,0
1789038600000,77311.5703125,77383.578125,77292.9609375,77309.40625,0
1789038900000,77309.5078125,77316.421875,77210.7265625,77227.078125,0
1789039200000,77227.078125,77239.8984375,77124.0078125,77142.75,0
1789039500000,77131.0234375,77147.1875,77062.0703125,77075.8515625,0
1789039800000,77096.6328125,77181.9765625,77057.421875,77130.4296875,0
1789040100000,77122.2578125,77328.109375,77120.421875,77244.3828125,0
1789040400000,77249.28125,77249.28125,77163.046875,77185.59375,0
1789040700000,77193.4375,77217.40625,77081.0703125,77152.3828125,193110016
1789041000000,77145.0234375,77187.8203125,77111.0078125,77111.0078125,17487872
1789041300000,77111.0078125,77218.7421875,77089.40625,77218.7421875,137203712
1789041600000,77220.546875,77275,77059.6015625,77059.6015625,0
1789041900000,77059.6015625,77076.7421875,76880.9921875,76880.9921875,206532608
1789042200000,76901.2265625,76970,76865.7890625,76943.34375,7829504
1789042500000,76943.34375,76964.421875,76849.171875,76874.890625,300793856
1789042800000,76878.4375,77042.59375,76878.4375,76937.46875,31973376
1789043100000,76927.8984375,76954.6484375,76878.3671875,76890.2421875,261296128
1789043400000,76880.84375,76933.296875,76809.5390625,76809.5390625,131467264
1789043700000,76781.046875,76977.828125,76757.96875,76977.828125,251512832
1789044000000,76988.3671875,77030.859375,76966.5078125,76993.3125,234850304
1789044035000,76971.0078125,76971.0078125,76971.0078125,76971.0078125,0
1789044207000,76941.1796875,76941.1796875,76941.1796875,76941.1796875,0
1789044300000,77003.0625,77201.28125,77003.0625,77088.671875,378587136
1789044600000,77081.5625,77098.09375,77026.6796875,77059.6171875,0
1789044900000,77057.671875,77168.3984375,77047.0390625,77160.21875,281149440
1789045200000,77153.5234375,77169.6171875,77079.953125,77095.171875,97456128
1789045500000,77123.1796875,77133.640625,77090.34375,77090.34375,311566336
1789045800000,77102.6796875,77192.1171875,77102.6796875,77123.9921875,94793728
1789046100000,77124,77124.6875,77088.1171875,77121.4375,321091584
1789046400000,77121.4375,77256.4765625,77084.09375,77247.46875,320946176
1789046700000,77264.2109375,77299.078125,77193.7421875,77287.2109375,658153472
1789047000000,77283.2265625,77476.2578125,77281.4296875,77470.578125,322203648
1789047300000,77452.2890625,77508.796875,77325.4375,77328.3984375,249937920
1789047600000,77327,77361.109375,77279.09375,77328.1328125,0
1789047900000,77328.1328125,77380.296875,77284.5,77355.9921875,156581888
1789048200000,77354,77394.5703125,77328.65625,77366.6171875,1175463936
1789048500000,77366.6328125,77366.6328125,77293.7890625,77294.2578125,257669120
1789048800000,77286.046875,77304.34375,77136,77136,83335168
1789049100000,77123.0078125,77159,76956.3125,76956.3125,299960320
1789049400000,76977.1796875,77005.609375,76950.0078125,77002.71875,2738176
1789049638000,76983.109375,76983.109375,76983.109375,76983.109375,0
1789049700000,76973.1484375,77049.4765625,76967.0234375,77016.1171875,394887168
1789050000000,77016.1171875,77116.359375,77016.1171875,77069.890625,163403776
1789050300000,77069.890625,77091.9921875,77033.1875,77033.1875,17035264
1789050600000,77032.796875,77057.2109375,77008.5,77047.6796875,256137216
1789050900000,77050,77131.546875,77037.828125,77124.5703125,1904640
1789051200000,77121.78125,77121.78125,77086.90625,77119.9921875,745472
1789051500000,77120,77129.6015625,77062.2265625,77091.40625,461500416
1789051800000,77082.140625,77260,77060.90625,77250.1328125,1097728
1789052100000,77246.390625,77246.390625,77163.390625,77222.53125,158326784
1789052400000,77207.0078125,77216.0625,77138.8515625,77179.59375,10643456
1789052700000,77164.6796875,77174.7578125,77123.390625,77174.7578125,0
1789053000000,77154.5078125,77163.546875,77092.34375,77138.7265625,521445376
1789053300000,77140.640625,77161.59375,77110.2578125,77121.8828125,287940608
1789053600000,77120.296875,77162.0234375,77079.6328125,77160.28125,232931328
1789053900000,77157.4375,77218.9375,77145.2109375,77159.1875,159580160
1789054200000,77161.6484375,77161.65625,77072.6015625,77123.96875,240095232
1789054500000,77119.2265625,77171.5234375,77098.859375,77137.328125,169758720
1789054800000,77156.3984375,77252.90625,77156.3984375,77224.6796875,9510912
1789055100000,77230.6015625,77230.6015625,77115.9765625,77120.8984375,40806400
1789055400000,77113.9921875,77124.9921875,77048.7265625,77065,507015168
1789055700000,77072.6875,77162.65625,77059.3515625,77119.53125,213698560
1789056000000,77128.15625,77160.0390625,77088.21875,77137.140625,494024704
1789056300000,77140.78125,77264.96875,77126.46875,77264.6796875,14243840
1789056600000,77262.5078125,77300,77240.9609375,77297.4921875,156985344
1789056900000,77310,77310,77264.2890625,77299.953125,415952896
1789057200000,77299.6328125,77325.53125,77241.421875,77243.46875,252422144
1789057500000,77243.6484375,77267.2578125,77220.7890625,77259.96875,180348928
1789057800000,77243.2734375,77259.9609375,77203,77223.140625,107051008
1789058100000,77225.546875,77249.6484375,77202.7890625,77249.6484375,66578432
1789058400000,77249.7890625,77279.2734375,77232.2578125,77273.4609375,229627904
1789058700000,77275.0703125,77279.28125,77192.71875,77226.03125,92286976
1789059000000,77233.5,77276.28125,77228.7265625,77273.5,124485632
1789059300000,77273.046875,77283.5234375,77272.7265625,77278.2890625,0
1789059397000,77266.40625,77266.40625,77266.40625,77266.40625,0
1789059600000,77247.34375,77265.8671875,77203.7109375,77210.359375,287985664
1789059900000,77211.59375,77259.90625,77188.4375,77255.3984375,1128443904
1789060200000,77260.0703125,77274.2421875,77222.90625,77226.796875,0
1789060500000,77226.7890625,77226.796875,77172.3984375,77175.390625,17516544
1789060800000,77177,77200.4296875,77164.7109375,77198.4296875,385560576
1789061100000,77177.1484375,77208.3203125,77177.1484375,77206.203125,0
1789061400000,77207.7421875,77208.546875,77168.75,77181.796875,8357888
1789061700000,77205.140625,77205.140625,77145.3828125,77169.25,252135424
1789062000000,77157.046875,77177.828125,77087.3828125,77126.7421875,383676416
1789062300000,77126.7421875,77178.203125,77119.953125,77129.6484375,45408256
1789062600000,77129.640625,77154.4296875,77110.921875,77110.921875,36206592
1789062900000,77110.921875,77128.7734375,77103.2109375,77110.0390625,0
1789063200000,77125.9765625,77139.2734375,77058.09375,77133.1015625,44998656
1789063500000,77119.90625,77148.8984375,77078.1875,77148.8984375,244330496
1789063800000,77146.34375,77171.140625,77075.0390625,77127.078125,91766784
1789064100000,77124,77178.1171875,77119.1875,77169.2109375,0
1789064400000,77155.6015625,77193.2890625,77120,77139.28125,254474240
1789064700000,77130.8984375,77139.28125,77048.46875,77048.5,0
1789065000000,77052.5390625,77068.03125,76954.203125,76960.7734375,254349312
1789065300000,76967.203125,76987.4765625,76848.4921875,76886.7265625,358488064
1789065600000,76884.2421875,76884.2421875,76810.84375,76834.8515625,268224512
1789065900000,76832.0234375,76948.3125,76814.6875,76948.3125,866426880
1789066200000,76936.828125,76937.8671875,76878.9921875,76890,133281792
1789066500000,76887.2890625,76887.2890625,76786.453125,76807.109375,254248960
1789066800000,76805.2578125,76845.3125,76805.2578125,76845.3125,59762688
1789067031000,76787.1796875,76787.1796875,76787.1796875,76787.1796875,0
1789067100000,76782.59375,76843.421875,76594.078125,76675.8515625,0
1789067400000,76677.4375,76747.03125,76533.921875,76543.7421875,0
1789067700000,76491.21875,76676.3203125,76491.21875,76625.609375,295665664
1789068000000,76647.6328125,76749.109375,76647.6328125,76686.671875,241078272
1789068300000,76676.5625,76765.0625,76676.5625,76710.5,705417216
1789068600000,76723.4609375,76771.5390625,76695.5703125,76754.1015625,0
1789068900000,76734.3984375,76792.2265625,76716.46875,76734.3984375,218916864
1789069200000,76726.578125,76770.2578125,76686.0078125,76750.4296875,20838400
1789069500000,76753.171875,76756.921875,76682.828125,76692.203125,143863808
1789069800000,76684.453125,76716.3671875,76600.6796875,76600.6796875,159930368
1789070100000,76621.703125,76626.7578125,76497.7265625,76531.953125,118771712
1789070400000,76530.203125,76675,76521.9296875,76620.328125,20260864
1789070700000,76624.4921875,76777,76513.25,76764.09375,28395520
1789071000000,76783.6875,76821.703125,76759.3671875,76790.1015625,0
1789071300000,76788.15625,76809.1484375,76744.046875,76776.0625,295682048
1789071600000,76791.3515625,76837.7265625,76739.859375,76812.2890625,128364544
1789071900000,76809,76843.890625,76765.703125,76816.6796875,0
1789072200000,76816.6796875,76816.6796875,76658.3984375,76764.109375,0
1789072500000,76755.0390625,76803.4375,76734.3984375,76771.5078125,92188672
1789072800000,76763.6328125,76763.6328125,76704.75,76734.390625,382468096
1789073100000,76730.8984375,76769.3125,76714.09375,76745.7265625,0
1789073400000,76749.578125,76874.5625,76741.6328125,76874.5625,0
1789073700000,76885.2109375,76902.1328125,76850.6328125,76878.71875,128092160
1789074000000,76880.1171875,76970.6484375,76859.75,76965.7109375,0
1789074300000,76971.8515625,76974.1171875,76912.4375,76956.109375,0
1789074600000,76949.0078125,76957.40625,76872.96875,76872.96875,54956032
1789074900000,76884.5078125,76887.8984375,76820.6015625,76885.9609375,0
1789075200000,76886.96875,76927.1875,76766.7265625,76852.859375,243490816
1789075500000,76850.609375,76887.359375,76780.65625,76783.2890625,0
1789075800000,76783.2890625,76796.1796875,76657.28125,76715.109375,0
1789076100000,76734.0703125,76883.921875,76715.1171875,76741.5,172378112
1789076400000,76740.8828125,76839.640625,76668.109375,76839.640625,58828800
1789076700000,76866.859375,76878.9765625,76773.3515625,76878.9765625,0
1789077000000,76878.9921875,76933.640625,76853.9921875,76933.640625,32200704
1789077300000,76930.796875,76948.3828125,76910.2890625,76948.2734375,272293888
1789077600000,76956.1171875,76962.703125,76893.1875,76956.0078125,109647872
1789077900000,76965.75,76977.203125,76866.671875,76895.5390625,0
1789078200000,76891.2734375,76964.7421875,76871.75,76960.4609375,39882752
1789078500000,76952.421875,76952.421875,76844.2265625,76859.03125,0
1789078800000,76847.2109375,76898.2734375,76816.109375,76816.1171875,14411776
1789079100000,76814.140625,76814.140625,76734.2265625,76776.9375,22302720
1789079400000,76781.578125,76784.6796875,76746.28125,76778.203125,4837376
1789079700000,76764.8671875,76898.2734375,76750.7578125,76891.640625,81954816
1789080000000,76890.25,76894.7890625,76831.4296875,76835.7734375,0
1789080300000,76835.7734375,76899.9765625,76815.171875,76899.9765625,0
1789080600000,76898.453125,76902.921875,76785.0234375,76824.609375,131469312
1789080900000,76830.53125,76864.5,76811.5234375,76813.6796875,10672128
1789081200000,76802.203125,76840.4375,76775,76775,0
1789081500000,76763.3203125,76763.3203125,76672.3203125,76682.828125,0
1789081800000,76705.4765625,76857.890625,76687.109375,76851.578125,59643904
1789082100000,76867.6171875,76867.6171875,76737.7890625,76812.1796875,0
1789082400000,76813.03125,76821.15625,76734.34375,76747.59375,510988288
1789082700000,76747.59375,76808.1328125,76725,76791.328125,24463360
1789083000000,76782.6015625,76784.640625,76676.3515625,76742.0625,0
1789083300000,76742.0703125,76848.921875,76723.78125,76826.6875,253198336
1789083600000,76835.4375,76871.3671875,76784.1328125,76847.1875,0
1789083900000,76852.8984375,76852.8984375,76763.2734375,76763.2734375,262744064
1789084200000,76763.2734375,76787.7265625,76735.0078125,76787.7265625,0
1789084500000,76762.6015625,76863.65625,76762.40625,76863.65625,803549184
1789084800000,76865.7421875,76923.421875,76857.421875,76914.46875,5763072
1789085100000,76916.2109375,76972.4609375,76916.2109375,76927.75,0
1789085400000,76927.7578125,76963.6015625,76877.7734375,76946.953125,140070912
1789085700000,76951.90625,76968.1015625,76916.9375,76947.4375,39110656
1789086000000,76965.3203125,77042.8671875,76965.3203125,77042.8671875,22140928
1789086300000,77062.15625,77155.8984375,77045.0234375,77147.28125,65636352
1789086600000,77158.546875,77160,77105.65625,77110.3125,56451072
1789086900000,77105.0078125,77110.296875,77069.2109375,77081.7421875,132913152
1789087200000,77082.8828125,77105.03125,77053.0625,77071.390625,0
1789087500000,77071.390625,77086.9375,77062.1796875,77080.203125,0
1789087800000,77080.2109375,77106.8671875,77076.53125,77103.9375,0
1789088100000,77103.890625,77121.0078125,77086,77086,0
1789088400000,77083.28125,77088.578125,77041.578125,77041.6328125,23232512
1789088700000,77039.203125,77071.703125,77036.7578125,77070.8828125,0
1789089000000,77066.9921875,77120,77047.28125,77116,0
1789089300000,77116,77119.9921875,77091.6796875,77104.3828125,0
1789089600000,77093.2265625,77104.3828125,77062.0390625,77088.1171875,860051456
1789089900000,77098.84375,77098.84375,77059,77065.359375,98209792
1789090200000,77072.328125,77107.9921875,77045.8828125,77083.9296875,0
1789090500000,77083.9375,77151.046875,77083.9375,77141.9296875,0
1789090800000,77141.0390625,77168.28125,77122.953125,77162.96875,0
1789091100000,77162.9921875,77169.9765625,77129.6484375,77167.7890625,113844224
1789091400000,77167.7890625,77177.828125,77151.71875,77177.828125,0
1789091700000,77177.828125,77225.2890625,77177.828125,77225.28125,4798464
1789092000000,77225.28125,77242.0703125,77198.71875,77242.0703125,0
1789092300000,77242.0703125,77261.078125,77215.3828125,77257.2734375,210120704
1789092600000,77253.65625,77405.9921875,77253.65625,77369.6796875,0
1789092900000,77351.359375,77369.6796875,77269.640625,77280.6015625,187254784
1789093200000,77280.609375,77283.890625,77234.6015625,77241.78125,0
1789093500000,77241.7890625,77254.390625,77221.4765625,77245.8984375,16144384
1789093800000,77245.8984375,77245.8984375,77139.2890625,77151.8671875,131168256
1789094100000,77139.2890625,77222.0625,77139.2890625,77222.0625,0
1789094400000,77222.046875,77222.046875,77180.421875,77202.5078125,174184448
1789094700000,77213.40625,77254.5625,77209.3828125,77254.5625,0
1789095000000,77254.5078125,77267.4609375,77237.0625,77242.09375,0
1789095300000,77243.0390625,77268.8671875,77242.09375,77265.1171875,0
1789095600000,77256.9921875,77289,77256.9921875,77289,0
1789095900000,77291.6015625,77338.1796875,77286.1328125,77338.1796875,31510528
1789096200000,77338.171875,77360.359375,77280.0234375,77285.296875,135950336
1789096500000,77286.140625,77335.5625,77286.140625,77312.7890625,254810112
1789096800000,77312.7421875,77379.4609375,77304.703125,77325.03125,2400256
1789097100000,77325.0234375,77325.0234375,77267.4375,77306.75,132384768
1789097400000,77303.6796875,77314.96875,77239.8125,77264.609375,22491136
1789097700000,77264.6015625,77273.75,77226.421875,77226.421875,106035200
1789098000000,77226.40625,77245.4296875,77222.1796875,77236.7265625,384972800
1789098300000,77235.1328125,77235.1328125,77203.65625,77211.671875,14774272
1789098600000,77211.6796875,77225.9765625,77181.65625,77181.65625,272730112
1789098900000,77181.65625,77235.671875,77168.6796875,77199.53125,0
1789099200000,77192.6171875,77241.0234375,77144.6484375,77148.921875,8189952
1789099500000,77148.921875,77148.921875,77116.328125,77116.359375,228626432
1789099800000,77118.2109375,77157.6875,77107.2109375,77150.46875,239974400
1789100100000,77150.46875,77224.3671875,77150.46875,77198.796875,67235840
1789100400000,77198.8828125,77394.8671875,77198.8828125,77394.8671875,286879744
1789100700000,77394.8515625,77394.8515625,77294.203125,77357.7734375,106940416
1789101000000,77353.859375,77474.8515625,77353.859375,77362.1328125,665497600
1789101300000,77384.0703125,77388.609375,77328.8828125,77368.8515625,16789504
1789101600000,77371.2890625,77409.1796875,77366.9609375,77393.453125,278099968
1789101900000,77393.453125,77401.6796875,77340.921875,77340.921875,128178176
1789102200000,77345.0625,77353.2890625,77309.546875,77315.09375,374994944
1789102500000,77310.640625,77339.171875,77310.640625,77337.0703125,0
1789102800000,77337.0703125,77348.1875,77296.8203125,77306.9921875,141420544
1789103100000,77306.9921875,77306.9921875,77248.046875,77248.0625,141256704
1789103400000,77245.3203125,77264.8125,77226.2421875,77247.171875,146286592
1789103700000,77238.96875,77271.96875,77238.96875,77242.7265625,509952
1789104000000,77242.078125,77256.9296875,77178.2578125,77178.2578125,380696576
1789104300000,77162.4375,77168.5,77109.8125,77110.0625,263260160
1789104600000,77107.4375,77141.6484375,77062.4765625,77062.4921875,255868928
1789104900000,77062.4921875,77062.4921875,76871.828125,76898.828125,101908480
1789105200000,76898.828125,76942.9765625,76833.5390625,76932.25,38815744
1789105500000,76941.3203125,77007.5625,76935.9296875,76999.9765625,656678912
1789105800000,76988.9296875,77024.2734375,76966.1484375,77019.921875,22554624
1789106100000,76995.2734375,77038.7734375,76976.6015625,77021.9765625,392679424
1789106400000,77004.4296875,77129.640625,76959.90625,77129.640625,361146368
1789106700000,77129.6328125,77129.6328125,77052.5625,77059.28125,6922240
1789107000000,77062.328125,77083.171875,77001.703125,77057.71875,87932928
1789107300000,77065,77109.9296875,77062.15625,77103.890625,510285824
1789107600000,77103.890625,77115.8671875,77052.5703125,77069.75,183959552
1789107900000,77069.7421875,77069.7421875,77006.2421875,77006.4609375,279773184
1789108200000,77006.46875,77023.59375,76928.890625,77019.6796875,18501632
1789108500000,77004.28125,77031.8828125,76980.8515625,77016.9765625,0
1789108800000,76985.0390625,77016.2109375,76949.546875,76978,391641088
1789109100000,76978,77015.6796875,76975.7109375,76977.3671875,381636608
1789109400000,76977.3671875,76977.7734375,76977.3671875,76977.7734375,376832
1789109518000,76999,76999,76999,76999,0
1789109700000,76999.8671875,77014.8828125,76965.7734375,76970.3984375,0
1789110000000,76966.6484375,76966.6484375,76843.7265625,76852.4375,0
1789110300000,76850.6015625,76884.6484375,76754.203125,76766.2578125,84510720
1789110600000,76719.0625,76812.7890625,76719.0625,76758.609375,27973632
1789110900000,76767.890625,76796.953125,76723.1875,76790.640625,0
1789111200000,76790.6484375,76798.640625,76744.0625,76792.078125,0
1789111500000,76801.8671875,76887.9296875,76801.8671875,76815.953125,367525888
1789111800000,76821.4296875,76830.78125,76768.546875,76770.0703125,0
1789112100000,76760.59375,76850.0703125,76760.59375,76820.171875,0
1789112400000,76824.0625,76877.71875,76814.0078125,76873.8671875,351490048
1789112700000,76873.8828125,76956.109375,76859.75,76913.203125,113977344
1789113000000,76898.28125,76969.4765625,76869.4609375,76944.03125,128423936
1789113300000,76944.03125,76955.2421875,76911.1796875,76955.2265625,0
1789113428000,76964.28125,76964.28125,76964.28125,76964.28125,0
1789113600000,76993.71875,77089.640625,76965.7734375,77023.1328125,131934208
1789113900000,77026.703125,77029.7890625,76881.8203125,76890.6796875,249982976
1789114200000,76907.640625,76960.578125,76866.5078125,76891.25,0
1789114500000,76894.1875,77054.59375,76889.703125,76936.84375,0
1789114800000,76939.7890625,77041.03125,76919.4296875,76933.4609375,382738432
1789115100000,76919.4296875,77029.1796875,76911.109375,76952.921875,0
1789115392000,77126.21875,77126.21875,77126.21875,77126.21875,0
1789115400000,77136.6328125,77218.8828125,76173.28125,77105.828125,17072128
1789115700000,77174.3984375,77536.5,76972.359375,77528.5,1292224512
1789116000000,77607.78125,77648.640625,77366.578125,77563.4375,266164224
1789116300000,77577.953125,77971.75,77544.2890625,77825.6875,490092544
1789116600000,77832.5234375,78090,77832.5234375,77910.4765625,0
1789116900000,77897.8515625,77990.859375,77843.0078125,77990.859375,88979456
1789117200000,77968.3203125,77968.3203125,77713.9765625,77727.2109375,245194752
1789117500000,77742.28125,77869.7578125,77541.8203125,77551.796875,824528896
1789117800000,77546.5234375,77685.421875,77530.03125,77683.703125,145022976
1789118100000,77698.390625,77698.390625,77582.7265625,77679.3203125,37357568
1789118400000,77685.5234375,77806,77638.2109375,77690.5703125,179128320
1789118700000,77640.65625,77696.203125,77477.0078125,77499.21875,9846784
1789119000000,77486.3203125,77704.2578125,77366.359375,77486.3125,326594560
1789119300000,77556.046875,77600,77222.84375,77600,404045824
1789119600000,77680.1328125,77879.953125,77549.796875,77765.2734375,1235550208
1789119900000,77830,78558.609375,77746.59375,78558.609375,25526272
1789120200000,78496.9375,78756.671875,78397.7890625,78639.6796875,481632256
1789120500000,78700.9609375,79306.796875,78689.7421875,79206.5625,685918208
1789120800000,79148.1015625,79748.3828125,79148.1015625,79502.4765625,536600576
1789121100000,79512.921875,79512.921875,78839.828125,79011.59375,402819072
1789121400000,78961.25,79164,78814.421875,79033.421875,686727168
1789121700000,79044.1796875,79159.96875,78935,79144.0703125,524924928
1789122000000,79145,79167.03125,78980.53125,79013.3203125,247791616
1789122300000,79047.2578125,79094.5,78908.828125,79025.1796875,66594816
1789122600000,78995,79019.4296875,78725.0078125,78730.3125,299200512
1789122900000,78745.453125,78782.8828125,78563.0234375,78721.0625,153452544
1789123200000,78721.0625,78752.3125,78530.2734375,78616.7890625,102201344
1789123500000,78656.078125,78769.1875,78495.671875,78654.78125,155885568
1789123800000,78661.2734375,78859.7265625,78555,78812.0390625,71135232
1789124100000,78812.75,78838.90625,78735.03125,78789.5078125,240623616
1789124400000,78830,78830,78542.890625,78645.46875,4734976
1789124700000,78660.9609375,78751.90625,78572.59375,78635.9609375,33941504
1789125000000,78613.34375,78634,78490.1328125,78491.3515625,36360192
1789125300000,78484.1484375,78676.2578125,78484.1484375,78651.1171875,171065344
1789125600000,78667.2890625,78719.9921875,78560.3671875,78677.7734375,20094976
1789125900000,78677.75,78758.9375,78642.296875,78697.5703125,169801728
1789126200000,78693.96875,78822.3671875,78673.59375,78822.3671875,74647552
1789126500000,78818.2421875,78818.2421875,78645.5078125,78761,232054784
1789126800000,78774.296875,78787.328125,78628.953125,78636.6328125,86104064
1789127100000,78621.65625,78641.25,78506.9609375,78518.96875,0
1789127400000,78530,78552,77513.1796875,77628.21875,0
1789127700000,77637.59375,77730.171875,77363.21875,77703.3515625,246929408
1789128000000,77664.2109375,77972.9609375,77664.2109375,77812.59375,545488896
1789128300000,77863.921875,78037.8671875,77856.3515625,77940.3671875,177242112
1789128600000,77933.046875,77961.2890625,77763.21875,77775.359375,549212160
1789128900000,77771.2890625,77819.7890625,77495,77495.2578125,101724160
1789129200000,77519.5078125,77534.3984375,77375.8984375,77468.5,220827648
1789129500000,77457.7734375,77725.8828125,77457.7734375,77639.4609375,309219328
1789129800000,77603.5078125,77743.1875,77529.359375,77730.796875,149442560
1789130100000,77725.2265625,77734.9765625,77616.6484375,77620.6796875,168472576
1789130400000,77620.171875,77717.890625,77620.171875,77717.890625,0
1789130504000,77690,77690,77690,77690,0
1789130700000,77782.546875,77869.0390625,77774.921875,77869.0390625,48603136
1789130870000,77907.3984375,77907.3984375,77907.3984375,77907.3984375,0
1789131000000,77866.140625,77929.2890625,77837.859375,77879.8984375,54280192
1789131300000,77876.9296875,77944.328125,77812.3203125,77904.1171875,928972800
1789131600000,77899.71875,77946.9921875,77801.671875,77844.8515625,195031040
1789131900000,77827.9609375,77887.25,77784.3203125,77837.1796875,0
1789132133000,77831.6875,77831.6875,77831.6875,77831.6875,0
1789132200000,77786.859375,77835.9609375,77728.671875,77734.6328125,75497472
1789132500000,77739.5078125,77842.6796875,77734.6328125,77814.9921875,0
1789132800000,77814.9921875,77844.1171875,77681.8828125,77824.4609375,203796480
1789133100000,77838,77897,77806.4296875,77822.9609375,51535872
1789133400000,77822.328125,77862.3203125,77776.9296875,77794.296875,0
1789133700000,77794.7734375,77794.78125,77555.8828125,77564.703125,98115584
1789134000000,77556.9609375,77637.59375,77552.96875,77585.3671875,512000
1789134300000,77581.46875,77614,77549.7109375,77566.4375,0
1789134600000,77570.8671875,77570.8671875,77480.1796875,77484.8203125,12500992
1789134900000,77478.09375,77568.7109375,77466.671875,77505.1796875,35495936
1789135200000,77505.1796875,77508.15625,77061.5625,77120.7109375,167550976
1789135500000,77114.609375,77130.6171875,76875.2265625,77041.34375,53108736
1789135800000,77045,77086.5625,76961.3515625,77041.3828125,416051200
1789136100000,77040,77142.96875,77031.03125,77142.96875,14061568
1789136271000,77183.546875,77183.546875,77183.546875,77183.546875,0
1789136400000,77205,77205,77116.078125,77143.3203125,104095744
1789136700000,77143.3203125,77199.046875,77058.25,77189.109375,929792
1789137000000,77189.109375,77233.96875,77125.921875,77233.96875,91123712
1789137300000,77233.96875,77265.1484375,77162.2265625,77202.1328125,30105600
1789137600000,77211.6171875,77218.359375,77076.71875,77088.640625,29335552
1789137900000,77093.640625,77178.0234375,77006.421875,77052.1015625,10862592
1789138200000,77051.2109375,77051.2109375,76921.3515625,76946.046875,0
1789138500000,76936.1484375,77040.0078125,76936.1484375,77033.9765625,0
1789138800000,77046.3984375,77144.1796875,76975,77144.1796875,1124331520
1789139100000,77152.8125,77221.046875,77139.4296875,77152.5703125,0
1789139400000,77152.5625,77193.5,77100.0390625,77190.5,27054080
1789139700000,77186.90625,77191.9921875,77072,77130.4375,55762944
1789140000000,77122.5234375,77249.9921875,77102.2421875,77243.6171875,99655680
1789140300000,77255.390625,77273.1015625,77207.75,77207.75,72962048
1789140600000,77199.9375,77223.03125,77175.921875,77201.3828125,23838720
1789140900000,77201.34375,77251.2890625,77166.296875,77241.21875,46669824
1789141200000,77247.15625,77307.1015625,77247.15625,77287.3828125,185561088
1789141500000,77293.203125,77306.90625,77221.140625,77306.90625,161894400
1789141800000,77272,77355.1484375,77272,77330.640625,581632
1789142100000,77330.6484375,77349.9921875,77256.6171875,77256.6171875,0
1789142400000,77257.4765625,77429.109375,77257.4765625,77429.109375,9699328
1789142700000,77434.90625,77449.65625,77395.03125,77395.03125,0
1789143000000,77396.796875,77461.9296875,77391.6015625,77431.6328125,57663488
1789143300000,77430.9765625,77430.9765625,77352.6875,77371.5625,207065088
1789143600000,77371.5625,77421.109375,77364.9296875,77421.109375,0
1789143900000,77421.1171875,77436.1171875,77355.078125,77372.1875,0
1789144200000,77372.9296875,77372.9296875,77261.78125,77360.1875,66465792
1789144500000,77363.6015625,77426.8515625,77351.21875,77426.8515625,43732992
1789144800000,77426.8515625,77445.8828125,77359.390625,77390.0703125,46448640
1789145100000,77390.0703125,77398.15625,77221.3125,77250.671875,209838080
1789145400000,77254.9921875,77303.1875,77175.1171875,77238.1875,0
1789145700000,77261.6328125,77339.6875,77250.1171875,77329.359375,18280448
1789146000000,77308.53125,77337.890625,77299.5390625,77327.1015625,204951552
1789146300000,77323.9296875,77381.7578125,77312.8828125,77371.0703125,1257472
1789146600000,77371.0703125,77407.5703125,77300.59375,77340.890625,12873728
1789146636000,77398.546875,77398.546875,77398.546875,77398.546875,0
1789146900000,77350.796875,77393.9921875,77350.5625,77373.796875,180695040
1789147200000,77375.71875,77388.921875,77362.078125,77363.2109375,17657856
1789147500000,77383.78125,77411.2578125,77328.2421875,77342.6796875,0
1789147800000,77337.78125,77364.1328125,77319.796875,77364.1328125,18477056
1789148100000,77366.3125,77382.1484375,77323.34375,77381.9921875,524288
1789148400000,77381.9921875,77381.9921875,77322.7265625,77334.4921875,3366912
1789148700000,77334.8203125,77340.6171875,77251.9609375,77260.40625,0
1789149000000,77260.0078125,77263.9296875,77209.796875,77212.46875,0
1789149300000,77173.7265625,77192.4609375,77063.5078125,77104.1796875,75866112
1789149600000,77104.6875,77153.4296875,76962.5390625,77153.4296875,25456640
1789149900000,77165.2734375,77165.2734375,77062.9609375,77071.53125,70434816
1789150200000,77094.0703125,77175.546875,77094.0703125,77175.546875,221454336
1789150500000,77175.5625,77175.5625,77107.8203125,77174.03125,0
1789150800000,77176.0390625,77210.6328125,77156.2578125,77184.3828125,27029504
1789151100000,77184.3828125,77215.53125,77085.078125,77114.5234375,34279424
1789151400000,77086.5703125,77143.34375,77005.9375,77005.9375,279343104
1789151700000,77005.9375,77164.6484375,76983.71875,77157.8984375,78659584
1789152000000,77157.609375,77191.1171875,77079.2578125,77096.8828125,212283392
1789152300000,77096.65625,77102.25,77037.3671875,77037.3671875,0
1789152600000,77027.53125,77086.796875,76977.109375,77057.03125,177799168
1789152900000,77055.3984375,77141.921875,77032.28125,77121.609375,138854400
1789153200000,77121.609375,77180,77098.65625,77179.9921875,196587520
1789153500000,77176.65625,77184.421875,77114.7890625,77169.203125,138420224
1789153800000,77184.8984375,77193.296875,77104.6484375,77110.4609375,0
1789154100000,77116.4921875,77131.3125,77109.21875,77128.75,0
1789154256000,77139,77139,77139,77139,0
1789154400000,77135.9765625,77146.71875,77123.6796875,77123.6875,0
1789154700000,77138.171875,77180.65625,77138.171875,77174.203125,156856320
1789155000000,77175.03125,77194.65625,77175.03125,77188.1328125,0
1789155300000,77188.140625,77197.9765625,77181.078125,77187.3828125,0
1789155600000,77187.3671875,77209.96875,77141.0625,77158.4921875,0
1789155900000,77168.078125,77196.9296875,77152.2734375,77168.546875,0
1789156200000,77166.9921875,77191.03125,77150.03125,77184,19820544
1789156500000,77182.9609375,77210.8828125,77182.9609375,77208.65625,0
1789156800000,77207.0078125,77284.2890625,77202.09375,77280.328125,0
1789157100000,77278.140625,77293.1875,77244.9609375,77278.171875,0
1789157400000,77278.15625,77278.15625,77252.6796875,77272.453125,99323904
1789157700000,77280.9921875,77295.890625,77270.5703125,77278.53125,0
1789158000000,77288.796875,77288.796875,77263.6875,77279.2734375,0
1789158300000,77275.6015625,77286.53125,77252.90625,77254.5234375,0
1789158600000,77254.5234375,77258.9765625,77224.3203125,77256.140625,0
1789158900000,77256.1484375,77259.96875,77226.6796875,77252.6796875,0
1789159200000,77254.53125,77278,77245.921875,77271.640625,0
1789159500000,77269.6484375,77278.4296875,77258.0234375,77274.8515625,0
1789159800000,77274.8515625,77311.9921875,77256.390625,77311.9921875,0
1789160100000,77305.109375,77311.8828125,77271.109375,77271.109375,0
1789160400000,77271.109375,77271.109375,77237.2734375,77266.546875,0
1789160700000,77277.703125,77342.390625,77277.703125,77341.140625,0
1789161000000,77348.0078125,77360.03125,77344.0078125,77360.03125,0
1789161300000,77360.0234375,77370.28125,77347.359375,77347.359375,0
1789161600000,77332.578125,77339.5234375,77301.8203125,77314.2109375,0
1789161900000,77318.359375,77318.359375,77275.3125,77310.3515625,0
1789162200000,77310.34375,77312.921875,77295.2265625,77308.7578125,0
1789162500000,77305.921875,77309.5,77245.078125,77284.90625,0
1789162800000,77284.9765625,77306.8828125,77253.28125,77261.6796875,0
1789163100000,77268.9921875,77305.15625,77259.21875,77304.6015625,186728448
1789163400000,77304.609375,77320,77246.3125,77281.7421875,0
1789163700000,77273.640625,77280.9921875,77250.0078125,77250.0234375,0
1789164000000,77250.0234375,77296.5625,77250.0234375,77285.9375,0
1789164300000,77285.9375,77314.2578125,77285.2578125,77298.9609375,0
1789164600000,77298.9609375,77305.90625,77283.3671875,77283.3671875,0
1789164900000,77283.359375,77295.953125,77283.359375,77295.1015625,0
1789165200000,77295.1015625,77310.28125,77283.3671875,77303.5,0
1789165500000,77307.1484375,77310.0390625,77265.4921875,77269.7421875,45428736
1789165800000,77269.75,77286.65625,77255.0390625,77255.046875,0
1789166100000,77250.0078125,77270.2421875,77206.75,77237.0078125,25448448
1789166400000,77237.0078125,77266.4375,77216.9296875,77223.109375,8880128
1789166700000,77224.9375,77257.953125,77206.7578125,77257.9375,30691328
1789167000000,77257.9375,77269.578125,77219.8984375,77249.7265625,0
1789167300000,77252.15625,77286.3515625,77218.9921875,77286.3515625,15773696
1789167600000,77262.4609375,77307.59375,77231.0390625,77307.59375,0
1789167900000,77311.2421875,77333.859375,77260,77279.296875,41140224
1789168200000,77279.296875,77310.3515625,77253.8828125,77255.828125,0
1789168500000,77264.578125,77304.9921875,77254.2265625,77285.390625,9449472
1789168800000,77285.390625,77285.390625,77221.9375,77234.2109375,33787904
1789169100000,77235.1796875,77282.8671875,77225.1015625,77279.921875,0
1789169400000,77279.921875,77279.9296875,77252.7265625,77254.5625,82509824
1789169700000,77243.21875,77243.21875,77243.0078125,77243.0078125,0
1789170000000,77243.0078125,77243.9765625,77222.7421875,77243.9765625,0
1789170300000,77243.9765625,77243.9765625,77223.0625,77225.4296875,0
1789170600000,77234.9765625,77260.9609375,77228.9765625,77253.6328125,0
1789170900000,77254.828125,77262.1015625,77254.671875,77259.2265625,0
1789171200000,77263.671875,77291.84375,77259.2421875,77289.1171875,0
1789171500000,77289.1171875,77309.84375,77286.3984375,77289.109375,0
1789171800000,77287.5703125,77290.71875,77274.5390625,77284.7578125,0
1789172100000,77281.46875,77284.7578125,77218.4921875,77218.5,0
1789172400000,77218.4921875,77242.546875,77206.7578125,77228.4375,0
1789172700000,77223.3828125,77242,77213.0234375,77241.1015625,0
1789173000000,77242.9921875,77274.0625,77242.9921875,77265.0078125,11497472
1789173300000,77265.0078125,77283.09375,77265.0078125,77279.5,0
1789173600000,77279.5,77281.5390625,77223.078125,77238.90625,151949312
1789173900000,77241.46875,77251.859375,77214.4765625,77250.78125,183984128
1789174200000,77250.7734375,77250.78125,77228.890625,77230.2421875,56291328
1789174500000,77230.2421875,77230.2421875,77206.75,77206.75,0
1789174800000,77207.390625,77213.5234375,77185.8671875,77188.90625,0
1789175100000,77194.609375,77197.4921875,77168.7265625,77173.421875,116912128
1789175400000,77173.421875,77234.15625,77152.5390625,77214.4921875,9074688
1789175700000,77214.4921875,77228.5,77183.0078125,77224.6875,154513408
1789176000000,77224.6875,77236.1484375,77187.0078125,77208.7890625,62326784
1789176300000,77208.7890625,77236.3828125,77184.9609375,77184.9609375,32763904
1789176600000,77179.2734375,77233.296875,77179.2734375,77233.296875,111071232
1789176900000,77233.296875,77250.4921875,77221.1015625,77224.328125,0
1789177200000,77231.4296875,77237.65625,77209.0703125,77223.53125,33454080
1789177500000,77223.53125,77230.1796875,77221.9296875,77230.1796875,7163904
1789177800000,77230.1796875,77236.84375,77226.15625,77235.453125,0
1789178100000,77223.0078125,77234.140625,77199.71875,77200,0
1789178400000,77200.0078125,77205.96875,77189.6875,77190.578125,161116160
1789178700000,77190.578125,77201.1875,77186.0078125,77200.34375,14960640
1789179000000,77200.34375,77215.4765625,77193.71875,77193.71875,5701632
1789179300000,77191.1484375,77224.59375,77191.1484375,77224.578125,0
1789179600000,77224.578125,77228.5390625,77224.578125,77225.78125,0
1789179900000,77225.78125,77228.546875,77225.78125,77228.421875,0
1789180200000,77228.421875,77283.078125,77228.421875,77247.671875,0
1789180500000,77238.2421875,77277.3828125,77238.2421875,77277.3828125,0
1789180800000,77277.3671875,77312.7578125,77277.3671875,77308.828125,221179904
1789181100000,77308.828125,77347.6796875,77294.7265625,77310.1875,0
1789181400000,77310.1875,77310.1875,77283.359375,77294.7734375,0
1789181700000,77294.7734375,77294.7734375,77268.90625,77279.046875,84609024
1789182000000,77279.0625,77312.09375,77279.046875,77312.078125,45119488
1789182300000,77312.078125,77332.5703125,77312.078125,77332.5625,0
1789182600000,77332.5625,77332.5703125,77321.453125,77321.8203125,12570624
1789182900000,77321.8203125,77321.828125,77297.1328125,77297.2890625,21399552
1789183200000,77297.296875,77323.359375,77297.2890625,77309.359375,56956928
1789183500000,77309.359375,77310.2734375,77285.7578125,77287.59375,0
1789183800000,77287.59375,77289.8125,77273.828125,77273.828125,0
1789184100000,77273.671875,77275.2265625,77260.4609375,77260.46875,58056704
1789184400000,77260.46875,77269.84375,77260.46875,77263.0078125,0
1789184700000,77263.0078125,77264.7265625,77244,77259.7265625,0
1789185000000,77259.7265625,77281.9921875,77256.640625,77268.65625,0
1789185300000,77268.65625,77275.578125,77242.6484375,77257.0078125,18491392
1789185600000,77260.2734375,77293.15625,77251.1171875,77273.2109375,0
1789185900000,77279.2578125,77313.4296875,77264.890625,77313.421875,23834624
1789186200000,77313.4296875,77333.7109375,77244.0390625,77279.9921875,0
1789186500000,77279.9921875,77327.1015625,77279.9921875,77297.9296875,0
1789186800000,77297.9296875,77317.0390625,77284.8671875,77284.8671875,209530880
1789187100000,77284.859375,77291.40625,77276.84375,77282.6796875,0
1789187400000,77282.671875,77298.578125,77282.671875,77288.6796875,61532160
1789187700000,77288.6875,77329.9765625,77288.6875,77323.1875,58212352
1789188000000,77323.1875,77332.5390625,77323.1875,77332.5390625,35284992
1789188300000,77332.5390625,77344.5390625,77329.921875,77341.3203125,85848064
1789188600000,77341.3203125,77356.5390625,77323.1796875,77323.1796875,49235968
1789188900000,77323.1875,77343.453125,77317.7265625,77340.7265625,0
1789189200000,77340.7265625,77346.65625,77319,77345.5078125,169902080
1789189500000,77345.5078125,77362.078125,77322.7265625,77326.5234375,0
1789189800000,77326.5234375,77352.0234375,77324.3984375,77342.75,8464384
1789190100000,77342.7421875,77360,77327.453125,77338.3125,66547712
1789190400000,77338.3125,77362.8125,77326.3984375,77360.8984375,40478720
1789190700000,77360.8984375,77368.78125,77330.328125,77330.328125,21248000
1789191000000,77354.8828125,77362.0078125,77325.6484375,77330.4609375,5189632
1789191300000,77330.46875,77360.84375,77309.9921875,77350.453125,0
1789191600000,77350.453125,77356.9609375,77314.546875,77318.1171875,0
1789191900000,77323.53125,77337.84375,77310.90625,77310.921875,18681856
1789192200000,77310.90625,77347,77301,77309.09375,0
1789192500000,77309.09375,77336.03125,77309.078125,77336.0234375,119742464
1789192800000,77336.0234375,77376.59375,77336.0234375,77356.3203125,56653824
1789192830000,77336.03125,77336.03125,77336.03125,77336.03125,0
1789193100000,77356.3203125,77379.9765625,77356.3203125,77368.6484375,0
1789193145000,77366.8671875,77366.8671875,77366.8671875,77366.8671875,0
1789193400000,77368.65625,77380.5390625,77368.65625,77380.53125,131072
1789193458000,77372.828125,77372.828125,77372.828125,77372.828125,0
1789193700000,77380.53125,77380.5390625,77376.859375,77376.859375,0
1789193772000,77376.859375,77376.859375,77376.859375,77376.859375,0
1789194000000,77372.5390625,77372.578125,77370.40625,77371.2890625,5756928
1789194087000,77361.3203125,77361.3203125,77361.3203125,77361.3203125,0
1789194300000,77356.40625,77356.40625,77356.40625,77356.40625,0
1789194403000,77356.40625,77356.40625,77356.40625,77356.40625,0
1789194600000,77356.203125,77356.2109375,77356.203125,77356.203125,0
1789194713000,77338.9921875,77338.9921875,77338.9921875,77338.9921875,0
1789194900000,77332.890625,77337.84375,77331.3515625,77337.796875,46376960
1789195029000,77337.796875,77337.796875,77337.796875,77337.796875,0
1789195200000,77341.3203125,77364.9921875,77341.3203125,77364.7578125,0
1789195345000,77364.21875,77364.21875,77364.21875,77364.21875,0
1789195500000,77348.953125,77356.03125,77348.5234375,77356.0234375,0
1789195655000,77364.15625,77364.15625,77364.15625,77364.15625,0
1789195800000,77332.59375,77332.6015625,77289.9921875,77289.9921875,0
1789196100000,77324.9921875,77337.953125,77308.9921875,77311.7109375,73752576
1789196400000,77311.7109375,77333.2421875,77283.3515625,77299.3203125,0
1789196700000,77308.96875,77308.9765625,77288.9765625,77290,29306880
1789197000000,77290,77310.0078125,77288.96875,77308.671875,0
1789197300000,77308.671875,77308.671875,77276.5234375,77278.0703125,0
1789197600000,77278.078125,77292.65625,77270,77283.5078125,0
1789197900000,77284.1796875,77284.1796875,77268.0390625,77279.3984375,11243520
1789198200000,77279.3984375,77287.28125,77271.1484375,77287.2734375,0
1789198500000,77287.2734375,77317.7734375,77287.2734375,77302.328125,27656192
1789198800000,77302.328125,77333.03125,77302.328125,77329.84375,0
1789199100000,77329.84375,77332.1171875,77324.2265625,77324.6328125,0
1789199400000,77324.6015625,77342.03125,77324.6015625,77339.4765625,0
1789199700000,77339.4921875,77339.796875,77331.890625,77339.796875,0
1789200000000,77338.2578125,77341.3203125,77327.3515625,77330.40625,0
1789200300000,77330.40625,77346.0703125,77330.40625,77341.25,15349760
1789200600000,77337.296875,77337.296875,77304.4609375,77314.5078125,0
1789200900000,77313.5625,77323.84375,77295.0078125,77296.5390625,0
1789201200000,77296.53125,77299.609375,77291.2265625,77298.0390625,0
1789201500000,77298.0390625,77324.328125,77296.109375,77310,125317120
1789201800000,77310,77316.5703125,77306.25,77314.1796875,0
1789202100000,77314.1796875,77325.2734375,77314.1171875,77321.28125,0
1789202400000,77322.859375,77324.75,77306.3203125,77306.328125,0
1789202700000,77306.328125,77322.4375,77300.0078125,77300.0078125,0
1789203000000,77300.0078125,77300.0078125,77261.921875,77272.640625,0
1789203300000,77272.6328125,77327.390625,77265.2421875,77318.0625,0
1789203600000,77319.4765625,77323.1328125,77285.9921875,77317.3828125,0
1789203900000,77320.7578125,77376.6484375,77308.2890625,77348.9765625,0
1789204200000,77348.9765625,77348.9765625,77291.5625,77295.9296875,0
1789204500000,77295.921875,77299.9609375,77252.671875,77284.4609375,21125120
1789204800000,77277.046875,77284.4609375,77256.8515625,77266.9375,0
1789205100000,77268.078125,77310.0078125,77231.609375,77288.5625,0
1789205400000,77286.8515625,77289.6484375,77248.7578125,77289.6484375,0
1789205700000,77289.6484375,77294.4296875,77269.703125,77269.703125,0
1789206000000,77269.703125,77301.25,77263.6484375,77274.7109375,0
1789206300000,77274.7109375,77274.71875,77251.296875,77257.3828125,0
1789206600000,77284.7578125,77321.7578125,77284.75,77320.1015625,0
1789206900000,77320.1015625,77351.6015625,77320.1015625,77351.6015625,0
1789207200000,77351.6015625,77360,77349.3515625,77360,0
1789207500000,77360,77372.5,77360,77364.0078125,0
1789207800000,77364.0078125,77364.0078125,77349,77349,0
1789208100000,77349,77360.28125,77349,77357.8125,0
1789208400000,77357.8125,77391.34375,77355.71875,77369.9921875,0
1789208700000,77369.9921875,77409.46875,77369.9921875,77404.09375,0
1789209000000,77402.8984375,77459.9765625,77402.890625,77415.2265625,0
1789209300000,77415.9921875,77450.7734375,77400.0390625,77449.5703125,0
1789209600000,77449.5703125,77464.0390625,77424.75,77424.75,0
1789209900000,77433,77469.4609375,77433,77466.671875,0
1789210200000,77466.671875,77483.28125,77453.109375,77453.109375,0
1789210500000,77453.109375,77453.109375,77434.0078125,77444.0078125,0
1789210800000,77446.6171875,77450.359375,77435.7265625,77435.7265625,0
1789211100000,77425.0078125,77425.0078125,77405.578125,77412.9609375,0
1789211400000,77412.9609375,77418.328125,77380.0078125,77405.8203125,0
1789211700000,77405.8203125,77452.46875,77399.7734375,77419.5078125,0
1789212000000,77415.25,77422.03125,77411.6796875,77418.8125,0
1789212300000,77429.859375,77461.7890625,77429.859375,77434.5625,0
1789212600000,77429.859375,77434.203125,77381.046875,77388.609375,0
1789212900000,77388.609375,77415.2265625,77350.15625,77406.5390625,0
1789213200000,77406.5390625,77406.5390625,77379.90625,77379.90625,0
1789213500000,77379.90625,77401.53125,77360.203125,77360.3125,0
1789213800000,77360.3125,77378.140625,77360.3125,77369.09375,0
1789214100000,77369.09375,77424.8984375,77363.96875,77363.96875,0
1789214400000,77363.96875,77401.4921875,77363.3203125,77401.4921875,0
1789214700000,77401.4921875,77403.6875,77322.796875,77348.453125,0
1789215000000,77348.4609375,77357.828125,77345.1015625,77345.109375,0
1789215300000,77345.1015625,77366.9296875,77345.046875,77361.8828125,0
1789215600000,77361.8828125,77372.5,77361.8671875,77368.8203125,0
1789215900000,77368.8125,77368.8203125,77365.71875,77368.2734375,0
1789216200000,77368.2578125,77373.4765625,77368.2578125,77372.1875,0
1789216500000,77373.3515625,77373.3515625,77337.9609375,77342.6171875,0
1789216800000,77342.609375,77366.359375,77342.609375,77343.65625,0
1789217100000,77343.2734375,77345.578125,77325.9296875,77337.71875,0
1789217400000,77337.71875,77337.71875,77328.296875,77333.578125,0
1789217700000,77333.578125,77359.1015625,77318.6484375,77337.9609375,0
1789218000000,77353.8984375,77363.0625,77328.8671875,77360.5078125,0
1789218300000,77360.6796875,77378.0234375,77360.671875,77376.03125,0
1789218600000,77376.03125,77379.859375,77328.296875,77339.0390625,0
1789218900000,77339.046875,77346.0625,77299.9765625,77301.6015625,0
1789219200000,77301.609375,77303.53125,77254.25,77279.671875,0
1789219500000,77279.671875,77279.6796875,77279.09375,77279.09375,0
1789219800000,77279.09375,77279.1015625,77250.5078125,77263.71875,55160832
1789220100000,77263.71875,77263.7265625,77207.84375,77212.4296875,0
1789220400000,77212.4296875,77222.0390625,77194.453125,77221.3828125,0
1789220700000,77221.3828125,77221.3828125,77173.4921875,77186.828125,0
1789221000000,77186.828125,77186.84375,77157.0625,77175.8984375,0
1789221300000,77175.8984375,77204.5625,77175.21875,77191.40625,61900800
1789221600000,77191.421875,77191.421875,77168.0234375,77168.96875,0
1789221900000,77168.96875,77202.5625,77168.96875,77192.1171875,0
1789222200000,77192.1171875,77192.46875,77154.4296875,77154.4296875,0
1789222500000,77154.4296875,77173.296875,77111,77123.7421875,0
1789222800000,77123.7421875,77195.2421875,77123.7421875,77177.2421875,0
1789223100000,77175.421875,77182,77150.40625,77182,0
1789223400000,77185.25,77185.25,77137.03125,77144.390625,7499776
1789223700000,77144.3828125,77159.109375,77106.1171875,77159.09375,0
1789224000000,77158.546875,77175.03125,77140.859375,77175.03125,0
1789224300000,77175.03125,77175.8828125,77157,77157.0078125,0
1789224600000,77157,77166.640625,77126.28125,77138.8203125,0
1789224900000,77138.8203125,77152.6328125,77126.28125,77126.28125,0
1789225200000,77128.65625,77152,77126.2890625,77151.9921875,101632000
1789225500000,77152,77166.9921875,77118,77126.25,0
1789225800000,77126.2421875,77167.71875,77110,77165.3984375,28576768
1789226100000,77165.3984375,77165.3984375,77129.609375,77146.90625,0
1789226400000,77146.90625,77146.90625,77124.328125,77125.5625,0
1789226700000,77125.5625,77174.9921875,77110.0234375,77115.78125,132199424
1789227000000,77110.53125,77135.09375,77084.59375,77135.078125,61086720
1789227300000,77135.3671875,77135.3671875,77052.2421875,77052.2421875,38283264
1789227600000,77052.2421875,77086.7890625,77049.5625,77065.796875,0
1789227900000,77065.8125,77111.546875,77061.5390625,77096.84375,63204352
1789228200000,77096.4609375,77111.578125,77096.3203125,77100.9375,0
1789228500000,77100.9375,77152.2890625,77100.9375,77105.4296875,0
1789228800000,77110.859375,77166.9921875,77110.859375,77153.390625,0
1789229100000,77153.390625,77172.0703125,77153.390625,77164.4921875,0
1789229400000,77172.6171875,77172.6171875,77160.3125,77170.3984375,0
1789229700000,77170.3984375,77175.796875,77149.6171875,77149.6171875,0
1789230000000,77149.3671875,77164.2109375,77141.0703125,77154.671875,0
1789230300000,77154.4375,77183.390625,77154.203125,77175.5625,66631680
1789230600000,77175.546875,77187.2265625,77158.328125,77158.328125,0
1789230900000,77161.3984375,77165.0234375,77142.578125,77142.578125,0
1789231200000,77142.578125,77195.09375,77142.578125,77172.90625,73383936
1789231500000,77163.0703125,77193.046875,77163.0625,77193.046875,0
1789231800000,77193.046875,77206.59375,77141.0703125,77141.078125,139847680
1789232100000,77144.7578125,77159.15625,77139.671875,77152.6796875,0
1789232400000,77152.6875,77200.8515625,77142.2421875,77187.03125,45671424
1789232700000,77187.03125,77215.9921875,77187.03125,77214.6015625,98778112
1789233000000,77214.6015625,77226.7265625,77136.65625,77154.0703125,0
1789233300000,77154.078125,77159.4921875,77151.640625,77159.4921875,127148032
1789233600000,77159.4765625,77164.078125,77156.28125,77164.0703125,0
1789233900000,77164.0703125,77198.9921875,77164.0703125,77198.9921875,95767552
1789234200000,77199.6875,77221.53125,77199.4375,77217.75,0
1789234500000,77229.7578125,77237.1328125,77227.5703125,77227.5703125,138686464
1789234800000,77227.5703125,77257.28125,77220.8125,77224.1328125,0
1789235100000,77223.3671875,77254.4296875,77187.390625,77251.640625,97062912
1789235400000,77224.9921875,77261.9375,77198.140625,77258.34375,0
1789235700000,77232.25,77256.3515625,77212.3828125,77240.7890625,133693440
1789236000000,77240.7890625,77257.8203125,77200,77257.8203125,0
1789236300000,77257.9375,77274.03125,77209.421875,77246.296875,0
1789236600000,77247.609375,77258.1796875,77209.671875,77209.671875,0
1789236900000,77250.78125,77256.359375,77227.5390625,77256.359375,39586816
1789237200000,77250.828125,77285.8203125,77249.5,77278.796875,0
1789237500000,77279.2890625,77279.2890625,77165.546875,77182.0625,0
1789237800000,77183.2421875,77214.3671875,77173.8671875,77185.21875,172745728
1789238100000,77185.21875,77197.53125,77185.0390625,77194.34375,0
1789238400000,77194.34375,77197.53125,77171.9765625,77183.6875,17029120
1789238700000,77183.6875,77201.078125,77182.4375,77198.9765625,0
1789239000000,77199,77231.6875,77195.46875,77225.7265625,0
1789239300000,77226.4609375,77230.640625,77211.953125,77219.859375,0
1789239600000,77219.828125,77248.03125,77214.1875,77241.078125,0
1789239900000,77239.5234375,77259.953125,77236.9765625,77254.1484375,0
1789240200000,77259,77265.3984375,77254.65625,77261.4765625,0
1789240500000,77261.4921875,77275,77252.546875,77259.7265625,0
1789240800000,77259.7265625,77260.953125,77224.5625,77228.5,0
1789241100000,77228.546875,77244.8515625,77228.546875,77240.0078125,0
1789241400000,77240.0078125,77244.5703125,77235.75,77237.328125,0
1789241700000,77237.328125,77241.6171875,77223.0234375,77237.0234375,0
1789242000000,77237.0234375,77249.296875,77225.6875,77236.859375,72227840
1789242300000,77236.8515625,77251.953125,77236.8125,77251.953125,0
1789242600000,77251.9375,77284.25,77251.9375,77268.34375,0
1789242900000,77268.3515625,77276.59375,77262.84375,77266.421875,3088384
1789243200000,77262.84375,77274.0625,77247.3125,77269.453125,0
1789243500000,77271.078125,77274.078125,77259.8828125,77268.96875,0
1789243800000,77268.96875,77291.203125,77252.921875,77254.3125,0
1789244100000,77254.3125,77258.4609375,77254.3125,77258.453125,0
1789244400000,77258.4609375,77261.828125,77249.0703125,77250.5078125,0
1789244700000,77250.5078125,77269.9921875,77247.6875,77247.703125,0
1789245000000,77247.6875,77254.6796875,77247.6875,77252.328125,0
1789245300000,77252.34375,77254.03125,77250.8671875,77254.03125,0
1789245600000,77252.34375,77252.34375,77135.6328125,77201.78125,274306048
1789245900000,77201.78125,77229.15625,77201.78125,77213.421875,51512320
1789246200000,77213.421875,77251.03125,77213.421875,77251.0234375,0
1789246500000,77250.5078125,77254.53125,77250.0703125,77252.9609375,13068288
1789246800000,77252.953125,77260.34375,77241.359375,77241.359375,0
1789247100000,77239.8125,77254.2265625,77231.703125,77243.5703125,25951232
1789247400000,77243.5625,77274.65625,77240,77255.65625,0
1789247700000,77255.65625,77278.5703125,77241.5625,77278.5703125,180703232
1789248000000,77279.671875,77314.296875,77266.15625,77305.0078125,0
1789248300000,77304.953125,77304.953125,77226.96875,77226.96875,77898752
1789248600000,77234.7265625,77234.7265625,77223.6328125,77223.6328125,17945600
1789248900000,77223.6328125,77263.96875,77222.0703125,77263.96875,0
1789249200000,77264.9609375,77280,77264.9609375,77271.2265625,87369728
1789249500000,77271.2265625,77299.3203125,77269.921875,77269.921875,0
1789249800000,77260.703125,77279.359375,77260.6875,77275,12209152
1789250100000,77274.9921875,77299.5390625,77259.3984375,77299.53125,37098496
1789250400000,77299.3125,77299.3125,77276.1796875,77277.25,0
1789250700000,77277.25,77277.25,77251.03125,77258.0625,0
1789251000000,77258.0625,77262.2421875,77256.390625,77261.796875,0
1789251300000,77261.8125,77270,77259.3671875,77268.8125,0
1789251600000,77264.4765625,77264.4765625,77252.2421875,77263.328125,9016320
1789251900000,77263.328125,77263.328125,77226.9921875,77240,5588992
1789252200000,77239.9921875,77264.1484375,77229.90625,77249.5,13697024
1789252500000,77249.4921875,77270,77227.90625,77227.921875,0
1789252800000,77227.921875,77276.140625,77215.6796875,77276.140625,0
1789253100000,77278.59375,77291.3828125,77278.578125,77291.3671875,16231424
1789253400000,77291.3671875,77293.640625,77256.96875,77280,0
1789253700000,77280,77280,77261.4609375,77268.0234375,22261760
1789254000000,77268.0234375,77297.5234375,77241.390625,77289.3515625,42842112
1789254300000,77289.3515625,77289.3515625,77260.6875,77260.703125,0
1789254600000,77260.703125,77283.1875,77254.703125,77261.90625,83366912
1789254900000,77261.8984375,77261.8984375,77254.71875,77260.40625,24127488
1789255200000,77260.40625,77265.359375,77257.6171875,77260.140625,0
1789255500000,77260.1328125,77268.34375,77223.28125,77235.796875,79158272
1789255800000,77235.8125,77235.8125,77196.28125,77196.28125,0
1789256100000,77204.1328125,77211.859375,77183.40625,77189.15625,0
1789256400000,77189.15625,77200.9765625,77189.1484375,77199.453125,50340864
1789256700000,77199.453125,77205,77171.8984375,77176.8515625,2075648
1789257000000,77176.8515625,77189.5234375,77166.8203125,77189.5078125,0
1789257300000,77189.5078125,77197.3203125,77163.140625,77176.0703125,117042176
1789257600000,77177.6171875,77190.921875,77177.6171875,77188.390625,552960
1789257900000,77188.390625,77224.90625,77187.796875,77205.2578125,0
1789258200000,77210.7734375,77237.296875,77173.7421875,77184.7421875,111350784
1789258500000,77184.7421875,77233.7890625,77184.7265625,77228.7734375,28883968
1789258800000,77228.78125,77228.78125,77204.2578125,77215.3515625,0
1789259100000,77215.34375,77215.3515625,77199.0390625,77199.0390625,0
1789259400000,77200.59375,77210.0390625,77200.59375,77210.03125,53656576
1789259700000,77210.03125,77210.0390625,77184.7421875,77184.7421875,153222144
1789260000000,77184.7421875,77194.0078125,77184.7421875,77194.0078125,0
1789260300000,77194,77196.7109375,77193.6328125,77195.046875,0
1789260600000,77195.0390625,77199.1328125,77195.0390625,77197.5078125,0
1789260900000,77197.5,77206.8984375,77174.9921875,77187.4296875,100676608
1789261200000,77188.421875,77202.7109375,77188.421875,77202.53125,0
1789261500000,77202.5234375,77212.3828125,77202.1171875,77212.3671875,0
1789261800000,77212.3671875,77227.3203125,77210.546875,77221.109375,0
1789262100000,77221.109375,77237.0390625,77221.1015625,77235.1484375,0
1789262400000,77235.140625,77248.2578125,77235.140625,77246.359375,0
1789262700000,77246.359375,77265.6015625,77246.359375,77265.6015625,0
1789263000000,77265.609375,77274.9921875,77265.6015625,77274.25,0
1789263300000,77274.25,77286.96875,77274.25,77278.9296875,0
1789263600000,77275.0625,77286.9921875,77275.046875,77286.9765625,0
1789263900000,77287.8515625,77299.390625,77285,77297.03125,28248064
1789264200000,77297.0234375,77299,77297.0234375,77299,2575360
1789264500000,77298.9921875,77299.359375,77291.4296875,77291.4296875,12803072
1789264800000,77291.4296875,77298.75,77291.2578125,77298.7421875,0
1789265100000,77298.75,77298.75,77284.5078125,77284.5078125,0
1789265400000,77284.5078125,77298.7421875,77275.046875,77279.2421875,11856896
1789265700000,77279.2421875,77286.78125,77262.7578125,77282.6484375,32016384
1789266000000,77282.609375,77282.609375,77267.1796875,77271.0625,31272960
1789266300000,77271.0625,77278.1484375,77271.0625,77278.140625,18330624
1789266600000,77278.1328125,77281.6171875,77268.0078125,77281.6171875,17391616
1789266900000,77281.6171875,77281.6328125,77254.9921875,77254.9921875,0
1789267200000,77254.9921875,77279.6796875,77249.2421875,77277.4921875,0
1789267500000,77277.5,77277.5,77220.4375,77220.4375,86334464
1789267800000,77220.4375,77220.4375,77111.453125,77111.4609375,18932736
1789268100000,77106.4921875,77111.453125,77031.828125,77099.7421875,0
1789268400000,77077.1484375,77135.1015625,77069.3671875,77129.3203125,147287040
1789268700000,77129.3203125,77149.0078125,77129.3203125,77149.0078125,21550080
1789269000000,77149.0078125,77149.0078125,77143.953125,77148.390625,67168256
1789269300000,77143.9609375,77154.7265625,77140,77148.0078125,8973312
1789269600000,77148.0078125,77148.0234375,77135.1015625,77135.1015625,0
1789269900000,77132.390625,77134.7734375,77105.796875,77122.75,10292224
1789270200000,77119.9296875,77119.9296875,77100.453125,77113.4765625,0
1789270500000,77111.9375,77111.9375,77066.5390625,77091.5625,18532352
1789270800000,77091.546875,77140.2265625,77091.546875,77137.6484375,9268224
1789271100000,77137.65625,77141.71875,77106.1171875,77140.34375,0
1789271400000,77132.2734375,77135.3984375,77096,77096,62703616
1789271700000,77100.703125,77105.1328125,77068.3828125,77100.1796875,2237440
1789272000000,77093.25,77150.921875,77093.2265625,77134.9921875,0
1789272300000,77134.9921875,77134.9921875,77083.4375,77097,87688192
1789272600000,77097,77097,77014.7734375,77045.2578125,0
1789272900000,77045.2578125,77045.2578125,76980.7265625,76983.5234375,0
1789273200000,76983.5234375,77019.1796875,76983.5234375,77001.9296875,0
1789273500000,77001.9296875,77009.5234375,76995.71875,76996.1015625,15527936
1789273800000,76973.1328125,76973.1328125,76867.0390625,76881.859375,0
1789274100000,76870.109375,76893,76746.84375,76762.359375,97694720
1789274400000,76748.7109375,76847.7109375,76730.5625,76800.9296875,108479488
1789274700000,76808.203125,76852.578125,76768.0234375,76836.5625,175752192
1789275000000,76840.203125,76848.8515625,76787.53125,76798.15625,58422272
1789275300000,76795.5234375,76800.4765625,76734.2265625,76780.9765625,0
1789275600000,76777.6796875,76824.59375,76776.1328125,76824.59375,46141440
1789275900000,76825.546875,76863.703125,76815.1484375,76815.1484375,31711232
1789276200000,76815.140625,76815.1484375,76757.2890625,76787.796875,0
1789276500000,76787.7890625,76787.7890625,76726.2109375,76748.4296875,139264000
1789276800000,76736.7890625,76787.328125,76674.328125,76678.1875,30254080
1789277100000,76685.1328125,76700.390625,76574.5234375,76615.890625,111432704
1789277400000,76616.9921875,76654.21875,76532.4921875,76572.0234375,0
1789277700000,76588.296875,76750.7890625,76584.5703125,76687.2265625,190185472
1789278000000,76680.46875,76719.71875,76680.46875,76685.1796875,73239552
1789278300000,76685.1796875,76743.953125,76685.1796875,76739.2890625,2893824
1789278600000,76742.5,76771.65625,76716.21875,76760.25,0
1789278900000,76760.2421875,76782.171875,76700.5,76766.09375,22286336
1789279200000,76758.359375,76781.8984375,76753.4921875,76759.2265625,65265664
1789279500000,76758.0234375,76776.40625,76738.0078125,76767.578125,0
1789279800000,76763.4296875,76766.453125,76720.109375,76762.0234375,1869824
1789280100000,76762.03125,76773.5390625,76737.2578125,76739.328125,17046528
1789280400000,76736.3984375,76736.3984375,76710.2109375,76711.5703125,16957440
1789280700000,76711.53125,76729.4609375,76711.078125,76729.4609375,0
1789281000000,76729.453125,76781.03125,76727.8515625,76774.40625,113951744
1789281300000,76774.3984375,76775.9375,76748.046875,76753.40625,0
1789281600000,76750.5234375,76750.5234375,76661.7734375,76663.34375,0
1789281900000,76666.4375,76723.9375,76666.4375,76717.203125,7526400
1789282200000,76712.7890625,76712.7890625,76632.6015625,76649.890625,32289792
1789282500000,76649.890625,76676.1796875,76600,76623.9375,0
1789282800000,76639.9921875,76677.546875,76545.5234375,76669.5703125,52268032
1789283100000,76661.40625,76669.578125,76557.21875,76570.53125,81601536
1789283400000,76571.34375,76610.1015625,76497.5390625,76497.546875,0
1789283700000,76497.5390625,76600.5,76497.5390625,76568.6171875,156803072
1789284000000,76572.2734375,76639.921875,76570.4609375,76633.421875,36864000
1789284300000,76633.2890625,76642.4296875,76612.3515625,76628.0625,9947136
1789284600000,76628.09375,76666.7109375,76614.453125,76666.7109375,0
1789284900000,76666.703125,76737.171875,76666.703125,76726.8671875,0
1789285200000,76726.8984375,76773.53125,76726.8984375,76748.8203125,0
1789285500000,76747.2890625,76760.46875,76716.84375,76743.359375,209375232
1789285800000,76758.3515625,76769.71875,76752.796875,76754.7109375,0
1789286100000,76755.9765625,76766.8671875,76729.3984375,76749.2578125,22879232
1789286400000,76760.5390625,76760.5390625,76721.4296875,76724.2265625,78009344
1789286700000,76724.578125,76756,76721.3984375,76745.140625,0
1789287000000,76750.8125,76782.2421875,76750.8125,76767.9921875,86414336
1789287300000,76768.3984375,76823.9765625,76768.3984375,76813.6875,11367424
1789287600000,76810.6328125,76823.9765625,76792.3125,76811.359375,0
1789287900000,76811.3671875,76828.2109375,76806.6796875,76809.0703125,0
1789288200000,76806.671875,76821.6796875,76757.3984375,76765.3984375,115013632
1789288500000,76765.84375,76777.2734375,76722.6484375,76747.8984375,0
1789288800000,76758.3515625,76758.3515625,76682.0234375,76693.3828125,91576320
1789289100000,76682.0234375,76701.5703125,76672.296875,76672.75,17289216
1789289400000,76673.7734375,76732.6171875,76669.359375,76715.9765625,0
1789289700000,76729.4921875,76741.1328125,76690.75,76730.15625,99663872
1789290000000,76727,76727,76671.421875,76671.421875,0
1789290300000,76652.1015625,76712.703125,76652.1015625,76712.703125,0
1789290600000,76712.703125,76739.03125,76709.3203125,76736.1015625,0
1789290900000,76736.609375,76739.7421875,76667.1328125,76667.1328125,0
1789291200000,76667.140625,76677.6484375,76586.609375,76632.6796875,0
1789291500000,76637.828125,76637.828125,76521.421875,76545.0625,0
1789291800000,76549.546875,76655.3828125,76542.2578125,76639.9921875,41074688
1789292100000,76641.1015625,76686.96875,76641.1015625,76685.8203125,0
1789292400000,76685.828125,76744.28125,76671.9375,76738.75,0
1789292700000,76748.8671875,76812.546875,76748.8671875,76812.546875,0
1789293000000,76812.5390625,76891.5,76800.390625,76839.328125,0
1789293300000,76838.109375,76849.0625,76813.1796875,76818.1328125,157906944
1789293600000,76821,76841.40625,76815.140625,76831.7109375,0
1789293900000,76833.2265625,76936.5625,76833.2265625,76936.3125,19165184
1789294200000,76936.3125,76978.8203125,76914.3125,76978.8203125,44697600
1789294500000,76981.890625,77077.7734375,76981.890625,77028.359375,0
1789294800000,77036.890625,77073.6875,77025.8984375,77047.21875,145879040
1789295100000,77049.6484375,77091.109375,77024.15625,77070.0078125,0
1789295400000,77081.5,77093.0625,77048.171875,77079.15625,109665280
1789295700000,77079.171875,77224.3203125,77079.15625,77165.9375,0
1789296000000,77167.703125,77183.390625,77117.28125,77149.78125,98548736
1789296300000,77150.46875,77214.4921875,77150.46875,77174.296875,87264256
1789296600000,77174.296875,77180.3515625,77135.1015625,77176.2734375,0
1789296900000,77173.7265625,77192.703125,77135.859375,77177.8203125,23937024
1789297200000,77182.09375,77182.09375,77090.9765625,77099.09375,0
1789297500000,77099.1015625,77106.109375,77079,77100.7109375,0
1789297800000,77100.7109375,77100.7109375,77070.546875,77096.4609375,161123328
1789298100000,77096.453125,77096.453125,76991.359375,76991.359375,174454784
1789298400000,76999.9296875,77179.078125,76996.9609375,77154.4296875,91209728
1789298700000,77154.421875,77154.421875,77002.03125,77017.1328125,134846464
1789299000000,77027.84375,77097.46875,77017.1171875,77097.46875,2777088
1789299300000,77097.453125,77097.453125,77053.1796875,77053.578125,145486848
1789299600000,77048.15625,77149.9921875,77040.609375,77141.796875,89044992
1789299900000,77138.21875,77145.3828125,77110.078125,77140.2890625,0
1789300200000,77141.1015625,77141.9921875,77104.3984375,77126.5234375,0
1789300500000,77129.1796875,77129.1796875,77082.5703125,77105.2734375,32130048
1789300800000,77110.203125,77168.109375,77108.90625,77130.71875,268288
1789301100000,77130.7109375,77173.8515625,77106.2421875,77151.2109375,56182784
1789301400000,77133.078125,77237.4375,77112.34375,77183.40625,58222592
1789301700000,77183.3984375,77207.1171875,77167.8671875,77198.2265625,19904512
1789302000000,77198.28125,77249.8984375,77198.28125,77235.0390625,589824
1789302300000,77236.4765625,77270.3203125,77211.7734375,77212.8828125,650994688
1789302600000,77214.1875,77256.4375,77213.2265625,77213.2265625,119588864
1789302900000,77212.109375,77242.8828125,77208.3828125,77234.9765625,224430080
1789303200000,77234.9765625,77332.171875,77234.96875,77294.59375,93131776
1789303500000,77288.3125,77297.453125,77219.53125,77220.0625,12790784
1789303800000,77220.2734375,77271.4296875,77219.0625,77265.421875,178281472
1789304100000,77265.421875,77299.9921875,77251.0234375,77257.359375,6236160
1789304400000,77258.84375,77303.2109375,77258.84375,77303.203125,61337600
1789304700000,77303.203125,77331.8671875,77293.859375,77317.921875,90346496
1789305000000,77320.4375,77393.703125,77320.4375,77346.390625,7412736
1789305300000,77347.9375,77366.9296875,77317.65625,77331.0703125,5864448
1789305600000,77336.34375,77339.5625,77290.0234375,77291.7734375,117817344
1789305900000,77289.671875,77299.390625,77266.84375,77271.390625,494592
1789306200000,77272.2578125,77273.1171875,77215.0390625,77221.0078125,8184832
1789306500000,77224.3515625,77266.15625,77222.2578125,77251.6484375,46132224
1789306800000,77251.796875,77253.140625,77237.7109375,77247.4765625,40525824
1789307100000,77250.609375,77308.96875,77248.4765625,77305.5625,0
1789307400000,77293.6484375,77342.671875,77293.6484375,77316.953125,62455808
1789307700000,77303.4296875,77322,77298.59375,77298.6015625,49905664
1789308000000,77290.671875,77308.9609375,77273.2109375,77273.2109375,5679104
1789308300000,77285.15625,77297.328125,77281.5,77288.5,3469312
1789308600000,77291.6171875,77342.0703125,77280.0078125,77333.171875,0
1789308900000,77330.578125,77360,77319.46875,77321.7109375,65741824
1789309200000,77327.203125,77349.9921875,77321.7109375,77342.046875,63979520
1789309500000,77342.046875,77346.46875,77299.0234375,77299.0234375,113146880
1789309800000,77299.0078125,77334.328125,77283.359375,77323.46875,59919360
1789310100000,77331.6171875,77348.2265625,77326.03125,77341.2578125,0
1789310400000,77343.2734375,77349.9921875,77323.578125,77347.2890625,13025280
1789310700000,77347.28125,77359.96875,77342.609375,77342.609375,6151168
1789311000000,77342.7109375,77349.5078125,77342.7109375,77344.9921875,0
1789311170000,77342.7265625,77342.7265625,77342.7265625,77342.7265625,0
1789311300000,77342.7578125,77344.2578125,77308.15625,77308.15625,0
1789311486000,77318.359375,77318.359375,77318.359375,77318.359375,0
1789311600000,77312.328125,77347.6015625,77312.328125,77337.859375,0
1789311797000,77341.6171875,77341.6171875,77341.6171875,77341.6171875,0
1789311900000,77353.1484375,77386.25,77351.1484375,77370.859375,23915520
1789312112000,77361.140625,77361.140625,77361.140625,77361.140625,0
1789312200000,77296.03125,77304,77282.2734375,77282.2734375,0
1789312428000,77270.34375,77270.34375,77270.34375,77270.34375,0
1789312500000,77249.0390625,77263.0234375,77232.109375,77243.4921875,26624000
1789312744000,77242.0078125,77242.0078125,77242.0078125,77242.0078125,0
1789312800000,77215.0390625,77239.0078125,77210,77237.7734375,0
1789313054000,77233.8125,77233.8125,77233.8125,77233.8125,0
1789313100000,77235.7734375,77243.8125,77233.1875,77243.03125,0
1789313370000,77244.9609375,77244.9609375,77244.9609375,77244.9609375,0
1789313400000,77241.390625,77244.9375,77212.390625,77212.3984375,0
1789313686000,77216.4765625,77216.4765625,77216.4765625,77216.4765625,0
1789313700000,77210.1796875,77224.671875,77193.0703125,77204.078125,0
1789313940000,77204.0703125,77204.0703125,77204.0703125,77204.0703125,0
1789314000000,77198.7109375,77219.109375,77198.7109375,77215.296875,0
1789314300000,77218.2890625,77228.9609375,77212.2265625,77214.71875,0
1789314600000,77224.140625,77248.4296875,77207.6875,77248.4296875,29914112
1789314900000,77248.4296875,77256.9765625,77246.7421875,77253.71875,3977216
1789315200000,77260.671875,77278.453125,77244.4609375,77251.03125,0
1789315500000,77251.03125,77255.3671875,77227.4375,77253.7265625,0
1789315800000,77253.7265625,77274.34375,77237.40625,77274.34375,0
1789316100000,77274.34375,77281.6171875,77260.6796875,77281.6171875,8403968
1789316400000,77287.5390625,77295.03125,77278.7265625,77293.71875,3208192
1789316700000,77293.71875,77305.9296875,77288.1171875,77288.1328125,0
1789317000000,77289.65625,77334.5625,77289.4921875,77326.1171875,0
1789317300000,77329.84375,77333.6875,77270.3203125,77278.296875,93184
1789317600000,77278.3125,77293.9921875,77263.1015625,77293.9921875,0
1789317900000,77293.9921875,77339.8984375,77293.9765625,77296.09375,92247040
1789318200000,77296.1015625,77323.6015625,77296.1015625,77323.59375,0
1789318500000,77327.9765625,77327.9765625,77305.6875,77313.46875,0
1789318800000,77323.7109375,77327.9921875,77282.75,77282.75,39703552
1789319100000,77276.671875,77310.9921875,77276.5703125,77309.03125,0
1789319400000,77310.578125,77339.421875,77301.859375,77328.1875,0
1789319700000,77328.1875,77367.5625,77326.578125,77353.140625,0
1789320000000,77353.140625,77420.171875,77353.140625,77409.5390625,0
1789320300000,77409.53125,77409.6015625,77387.171875,77387.1796875,11082752
1789320600000,77387.171875,77387.71875,77348.2734375,77357.53125,54236160
1789320900000,77357.5390625,77357.5390625,77313.7734375,77325.3515625,13375488
1789321200000,77341.359375,77380.0234375,77334.2578125,77354.1875,0
1789321500000,77354.171875,77354.6484375,77315.3984375,77319.0390625,39055360
1789321800000,77319.0078125,77322.453125,77280.421875,77299.7578125,0
1789322100000,77299.9296875,77304.8203125,77280,77280.578125,0
1789322400000,77264.9375,77264.9375,77022.0078125,77051.0390625,11052032
1789322700000,77045.109375,77077.7109375,76849.328125,76915.921875,0
1789323000000,76923.2734375,76979.4921875,76879.703125,76893.2890625,432796672
1789323300000,76899.359375,76899.359375,76686.578125,76768.0234375,207861760
1789323600000,76767.4375,76791.109375,76700.3984375,76769.9609375,0
1789323900000,76782.2578125,76812.4921875,76690.7421875,76806.109375,0
1789324200000,76806.34375,76851.6875,76690.75,76816.3203125,484144128
1789324500000,76800.9765625,76836.6328125,76753.9921875,76797.65625,36107264
1789324800000,76781.6875,76781.6875,76687.84375,76693.296875,131259392
1789325100000,76704.5703125,76746.5078125,76650,76722.28125,8456192
1789325400000,76725.609375,76765.3203125,76673.7421875,76719.7265625,0
1789325700000,76719.7265625,76719.7265625,76623.3515625,76676.0390625,134062080
1789326000000,76667.453125,76719.0078125,76645.546875,76719.0078125,61450240
1789326300000,76729.3828125,76729.3828125,76632.78125,76659.421875,0
1789326600000,76659.421875,76718.578125,76655,76681.8984375,111435776
1789326900000,76694.5703125,76719.65625,76594.140625,76609.1015625,49451008
1789327200000,76603.796875,76706.21875,76592.609375,76696.2578125,35231744
1789327500000,76698.5625,76717.34375,76660,76697.65625,53789696
1789327800000,76697.6484375,76829.4921875,76690.90625,76785,42222592
1789328100000,76795.09375,76816.3125,76733.1328125,76759.3671875,10651648
1789328400000,76739.0390625,76810,76739.0390625,76801.1484375,14443520
1789328700000,76777.6875,76835.34375,76764.890625,76778.296875,48396288
1789329000000,76779.8828125,76789.953125,76752.5703125,76788.7421875,152458240
1789329300000,76772.5390625,76837.5625,76746.328125,76799.8515625,43509760
1789329600000,76835.6171875,76855.953125,76787.34375,76831.3515625,74687488
1789329900000,76823.546875,77016.96875,76823.53125,76945.03125,26214400
1789330200000,76925.0234375,76925.0234375,76862.4375,76864.7109375,0
1789330500000,76866.2890625,76899.71875,76804.2265625,76861.9921875,67611648
1789330800000,76852.171875,76852.171875,76653.0625,76710.53125,90877952
1789331100000,76710.53125,76710.53125,76357.9296875,76451.578125,30559232
1789331400000,76419.9609375,76771.2734375,76419.9609375,76663.9765625,218411008
1789331700000,76642.5,76751.65625,76627.1328125,76709.328125,148189184
1789332000000,76719.2421875,76773.9921875,76715.890625,76756.0625,0
1789332300000,76773.9921875,76840.3671875,76722.3125,76727.8203125,65364992
1789332600000,76722.296875,76786.328125,76722.296875,76786.1875,71469056
1789332900000,76789.2265625,76811.921875,76759.2421875,76767.3984375,0
1789333200000,76733.3515625,76801.6015625,76733.3515625,76758.3671875,18391040
1789333500000,76758.359375,76794.6796875,76668.890625,76794.6796875,0
1789333800000,76790.078125,76849.9921875,76710.0625,76710.1484375,43301888
1789334100000,76713.5703125,76719.5390625,76620.828125,76661.7578125,40955904
1789334400000,76661.7578125,76768.0078125,76658.3203125,76740.8125,0
1789334700000,76740.8203125,76872.640625,76734.3984375,76821.359375,35349504
1789335000000,76812.84375,76822.8984375,76610.296875,76610.296875,0
1789335300000,76599.09375,76797.796875,76599.09375,76797.796875,0
1789335600000,76800.6796875,76928.703125,76774.5078125,76784.1171875,53259264
1789335900000,76781.6484375,76853.46875,76736.53125,76823.796875,32178176
1789336200000,76831.1796875,76899.9921875,76777.5234375,76899.9921875,205773824
1789336500000,76903.25,77126.6875,76903.25,77076.828125,64108544
1789336800000,77074.2890625,77085.859375,76993.2109375,77006.34375,6934528
1789337100000,76993.2109375,77201.34375,76990.75,77201.328125,54658048
1789337400000,77201.3515625,77355.1875,77183.3984375,77326.921875,1982464
1789337700000,77349.578125,77349.578125,77241.8515625,77286.3515625,264938496
1789338000000,77292.4296875,77414.28125,77272.1484375,77399.6875,100809728
1789338300000,77445,77631.3828125,77439.0703125,77511.796875,101458944
1789338600000,77531.1484375,77633.1171875,77528.21875,77566.359375,142923776
1789338900000,77566.640625,77566.640625,77407.3515625,77427.25,97684480
1789339200000,77434.5625,77475,77395.9296875,77448.59375,14138368
1789339500000,77465,77574.890625,77465,77523.25,55567360
1789339800000,77529.578125,77690,77511.859375,77638.078125,310319104
1789340100000,77618.1015625,77640.3125,77524.5,77569.1328125,0
1789340400000,77569.046875,77657.9921875,77555.2734375,77594.2890625,304649216
1789340700000,77574.65625,77795.21875,77574.65625,77776.5625,86140928
1789341000000,77776.5625,77804.140625,77743.6796875,77758.7109375,25631744
1789341300000,77757.6171875,77786.6796875,77705.8984375,77735.0078125,187859968
1789341600000,77743.671875,77828.7734375,77740.0078125,77740.0078125,122806272
1789341900000,77714.7109375,77820.953125,77714.7109375,77766.359375,179075072
1789342200000,77757.4609375,77757.4609375,77626.3828125,77626.3828125,64971776
1789342500000,77622.75,77669.1484375,77554.96875,77557.5390625,0
1789342800000,77557.5390625,77568.5625,77492.5234375,77500.7578125,14826496
1789343100000,77511.703125,77538.8828125,77503.0703125,77507.9765625,56438784
1789343400000,77489.6015625,77520.1328125,77462.8125,77520.1328125,190363648
1789343700000,77520.1328125,77566.5,77494.1484375,77566.5,21309440
1789344000000,77566.5,77574.6171875,77491.9375,77510.0390625,1101824
1789344300000,77521.4921875,77601.046875,77519.109375,77567.34375,24866816
1789344600000,77569.796875,77576.4921875,77525.1875,77549.2578125,30623744
1789344900000,77542.75,77560.1328125,77506.78125,77506.78125,34932736
1789345200000,77511.3828125,77643.0078125,77511.3828125,77623.5703125,8406016
1789345500000,77647.0703125,77661.1171875,77579.4609375,77597.4921875,3355648
1789345800000,77604.03125,77614.8671875,77497.828125,77561.9765625,0
1789346100000,77561.9921875,77574.703125,77540.5625,77570.34375,77284352
1789346400000,77570.34375,77639.5390625,77570.34375,77597.890625,563741696
1789346700000,77597.890625,77668,77597.890625,77649.3203125,0
1789347000000,77649.328125,77656.890625,77598.921875,77604.1875,152040448
1789347300000,77605.8515625,77647.796875,77545.75,77646.453125,21891072
1789347600000,77646.4609375,77648.96875,77569.796875,77577.2734375,33183744
1789347900000,77579.828125,77621.2734375,77553.9921875,77553.9921875,78065664
1789348200000,77548.9296875,77614.8515625,77525.9765625,77606.5078125,28989440
1789348500000,77606.5078125,77606.5234375,77525.6171875,77542.3125,57069568
1789348800000,77542.296875,77542.296875,77492.53125,77493.1484375,12572672
1789349100000,77493.1484375,77501,77478.828125,77481.8515625,10887168
1789349400000,77494.0625,77499.9765625,77480.21875,77486.7109375,6539264
1789349700000,77486.703125,77587.546875,77478,77580.8203125,0
1789350000000,77579.6328125,77584.609375,77485.59375,77521.4921875,136265728
1789350300000,77521.4921875,77537.0703125,77473.203125,77473.203125,0
1789350600000,77473.203125,77489.2734375,77455,77489.2734375,61042688
1789350900000,77501.171875,77574.546875,77499.53125,77574.546875,0
1789351200000,77583.9921875,77699.9296875,77562.359375,77699.9296875,44025856
1789351500000,77697.046875,77784.703125,77697.046875,77727.15625,0
1789351800000,77735,77844.109375,77714.5,77740,80637952
1789352100000,77743.671875,77743.671875,77700,77700.0078125,48068608
1789352400000,77693.4921875,77693.4921875,77620.5234375,77631.296875,0
1789352700000,77624.4296875,77630.6015625,77525.0078125,77525.0078125,29517824
1789353000000,77509.28125,77521.4921875,77338.5078125,77425.640625,32913408
1789353300000,77441.3984375,77481.0078125,77414.4921875,77481.0078125,60334080
1789353600000,77481.0078125,77728.1484375,77481.0078125,77699.9921875,112418816
1789353900000,77699.9765625,77724.3515625,77627.7578125,77628.8125,23572480
1789354200000,77632.859375,77639.859375,77561.15625,77580.328125,0
1789354500000,77582.640625,77598.7734375,77550.34375,77557.5625,0
1789354800000,77546.171875,77666.390625,77478.890625,77666.390625,0
1789355100000,77676.046875,77704.9609375,77569.796875,77607.2421875,0
1789355400000,77607.2421875,77636.140625,77592.0703125,77625.0078125,160225280
1789355700000,77625.0078125,77705.03125,77610,77683,48236544
1789356000000,77680.1484375,77709.921875,77665.15625,77697.7265625,0
1789356300000,77710.3828125,77714.6875,77660.1171875,77672.953125,0
1789356600000,77666.6796875,77685.6015625,77647.078125,77648.8828125,130902016
1789356900000,77648.8828125,77741.7421875,77648.8828125,77724.359375,0
1789357200000,77724.359375,77843.59375,77724.359375,77820.953125,13203456
1789357500000,77822.34375,77826.3671875,77753.34375,77807.828125,0
1789357800000,77807.84375,77833.859375,77780.6015625,77814.8671875,583860224
1789358100000,77806.453125,77855.5078125,77806.453125,77855.5,31787008
1789358400000,77859.1484375,77859.1484375,77674.9375,77674.9375,24444928
1789358700000,77685.2421875,77801.6328125,77669.796875,77786.1171875,18720768
1789359000000,77788.34375,77845,77728.8671875,77739.1484375,60997632
1789359300000,77733.0078125,77738.0078125,77663.9609375,77697.6796875,41476096
1789359600000,77697.6796875,77829.6171875,77697.6796875,77829.6171875,98181120
1789359900000,77857.171875,77916.75,77724.359375,77724.359375,0
1789360200000,77714.703125,77782.3984375,77669.453125,77696.5703125,60084224
1789360500000,77705.0234375,77742.140625,77684.5,77742.140625,0
1789360800000,77752.3828125,77763.2578125,77706.9921875,77724.359375,81397760
1789361100000,77728.890625,77741.4375,77625.21875,77640.5078125,0
1789361400000,77647.0703125,77682.8203125,77628.203125,77628.296875,0
1789361700000,77640.4921875,77705.03125,77640.4921875,77705.03125,0
1789362000000,77705.171875,77739.5625,77701.078125,77718.921875,0
1789362300000,77718.921875,77794.953125,77665.203125,77770.4296875,74977280
1789362600000,77776.3515625,77797.8984375,77667.421875,77678.328125,0
1789362900000,77673.359375,77676.0390625,77603.53125,77648.4609375,43448320
1789363200000,77648.4609375,77702.4765625,77590.78125,77598.9921875,41885696
1789363500000,77596.953125,77753.328125,77568.78125,77753.328125,0
1789363800000,77754.5,77863.1796875,77754.5,77815.1015625,26972160
1789364100000,77815.1015625,77815.1015625,77759.8984375,77790.40625,0
1789364400000,77781.65625,77893.453125,77780.09375,77857.2734375,13178880
1789364700000,77857.28125,77994.8203125,77857.28125,77983.3984375,10549248
1789365000000,77970.0625,78335.5078125,77969.9921875,78268.90625,0
1789365300000,78284.6328125,78307.3984375,78072.1171875,78101.09375,315113472
1789365600000,78121.7421875,78137.546875,77998.4609375,78079.796875,141031424
1789365900000,78086.640625,78094.328125,78004.5,78036.8515625,91111424
1789366200000,78030,78052.34375,77980.7265625,78014.0625,0
1789366500000,78014.0625,78043.953125,77970.4921875,77974.609375,233838592
1789366800000,77960.0078125,78020.3515625,77936.890625,77936.890625,30179328
1789367100000,77936.890625,77959.1875,77907.8984375,77928.4375,27203584
1789367400000,77946.5234375,77946.5234375,77901.5234375,77909.6171875,89333760
1789367700000,77909.6328125,77969.328125,77898.75,77898.75,0
1789368000000,77902.5625,77969.3203125,77888.8125,77921.703125,9349120
1789368300000,77921.6875,77990.0625,77921.6875,77990.0625,53137408
1789368600000,77990.0625,77994.828125,77861.8515625,77874.7578125,12218368
1789368900000,77874.7578125,77927.8828125,77859.59375,77867.453125,0
1789369200000,77870.9296875,77883.78125,77724.3671875,77782.25,76500992
1789369500000,77782.3125,77792.21875,77673.046875,77758.5625,2531328
1789369800000,77760.421875,77777.1484375,77730.7109375,77733.8203125,130564096
1789370100000,77728.5078125,77761.40625,77723.140625,77751.4609375,100100096
1789370400000,77752.4609375,77838.203125,77752.4609375,77838.203125,0
1789370700000,77847.546875,77887.46875,77833.5234375,77874.7734375,56354816
1789371000000,77873.3203125,77893.9765625,77676.046875,77688.6875,0
1789371300000,77688.6875,77798.65625,77657.609375,77753.5,42371072
1789371600000,77759.46875,77820.953125,77759.46875,77798.5625,100739072
1789371900000,77798.5625,77806.46875,77766.96875,77766.9765625,86071296
1789372200000,77766.96875,77766.96875,77654.7109375,77666.8515625,18575360
1789372500000,77663.890625,77747.7578125,77663.890625,77736.421875,17219584
1789372800000,77743.6484375,77792.390625,77676.0703125,77774.671875,50601984
1789373100000,77784.78125,77821.5,77738.5625,77765.9765625,75681792
1789373400000,77790.5625,77807.5703125,77767.8828125,77794.0625,563200
1789373542000,77799.4296875,77799.4296875,77799.4296875,77799.4296875,0
1789373700000,77816.859375,77891.421875,77801.5625,77831.1796875,0
1789373858000,77870.9375,77870.9375,77870.9375,77870.9375,0
1789374000000,77897.15625,77897.15625,77823.3515625,77846.4296875,11073536
1789374173000,77900.0234375,77900.0234375,77900.0234375,77900.0234375,0
1789374300000,77933.9765625,77933.9765625,77882.921875,77911.1484375,8488960
1789374489000,77915.953125,77915.953125,77915.953125,77915.953125,0
1789374600000,77962.0234375,78018.65625,77937.8828125,78018.65625,44437504
1789374805000,78014.8203125,78014.8203125,78014.8203125,78014.8203125,0
1789374900000,77991.0390625,77991.0390625,77733.0234375,77782.7734375,3135488
1789375116000,77836.7265625,77836.7265625,77836.7265625,77836.7265625,0
1789375200000,77863.609375,77864.3515625,77758.6484375,77822.03125,231034880
1789375431000,77908.2421875,77908.2421875,77908.2421875,77908.2421875,0
1789375500000,77862.4296875,77900.15625,77744.890625,77750.796875,3622912
1789375746000,77744.078125,77744.078125,77744.078125,77744.078125,0
1789375800000,77744.9921875,77766.171875,77666.21875,77668.3125,55152640
1789376062000,77640.5,77640.5,77640.5,77640.5,0
1789376100000,77637.40625,77670,77584.9765625,77651.9765625,0
1789376373000,77656.5625,77656.5625,77656.5625,77656.5625,0
1789376400000,77659.2421875,77693.5078125,77579.4609375,77606.5078125,44408832
1789376700000,77606.5078125,77627.75,77434.3984375,77540.796875,109934592
1789377000000,77547.5390625,77698.328125,77538.8515625,77670.3828125,133101568
1789377300000,77677.5234375,77818.953125,77677.5234375,77734.2421875,72712192
1789377600000,77741.53125,77810.6484375,77737.1796875,77744,90767360
1789377900000,77745.34375,77817.9609375,77745.34375,77813.953125,0
1789378200000,77828.15625,78195,77801.3125,78142.3828125,83996672
1789378500000,78150.5625,78217.0078125,78136.9765625,78148.15625,33433600
1789378573000,78000.578125,78000.578125,78000.578125,78000.578125,0
1789378800000,78026.2421875,78104.109375,78026.2421875,78035.796875,82386944
1789378889000,77940.90625,77940.90625,77940.90625,77940.90625,0
1789379100000,78110.7578125,78217.84375,78110.7578125,78190.0390625,0
1789379205000,78278.1328125,78278.1328125,78278.1328125,78278.1328125,0
1789379400000,78413.4296875,78436.0390625,78175.328125,78175.328125,48128000
1789379521000,78207.359375,78207.359375,78207.359375,78207.359375,0
1789379700000,78156.5625,78253.9296875,78097.390625,78118.0703125,233515008
1789379831000,78090,78090,78090,78090,0
1789380000000,78145.953125,78320.0703125,78145.953125,78320.0703125,0
1789380147000,78281.2734375,78281.2734375,78281.2734375,78281.2734375,0
1789380300000,78382.6328125,78408.9921875,78285.6328125,78319.078125,0
1789380463000,78313.609375,78313.609375,78313.609375,78313.609375,0
1789380600000,78298.9296875,78467.0625,78298.9296875,78384.3125,83650560
1789380779000,78365.7109375,78365.7109375,78365.7109375,78365.7109375,0
1789380900000,78479.296875,78571.5234375,78470.0625,78544.1796875,0
1789381095000,78492.3125,78492.3125,78492.3125,78492.3125,0
1789381200000,78610.0078125,78610.0078125,78344.609375,78381.2421875,156250112
1789381410000,78340.71875,78340.71875,78340.71875,78340.71875,0
1789381500000,78260.4921875,78439.1875,78188.2890625,78350.3828125,168290304
1789381800000,78361.921875,78664.828125,78361.921875,78563.7734375,283527168
1789382100000,78509.453125,78513.890625,78360,78426.421875,145346560
1789382400000,78411.203125,78466.6328125,78321.9609375,78407.6328125,239290368
1789382700000,78428.3203125,78582.5234375,78371.9921875,78582.5234375,183914496
1789383000000,78570.6171875,78604.546875,78405.109375,78555.0625,25315328
1789383300000,78536.671875,78591.1875,78408.3125,78497.15625,54278144
1789383600000,78461.4765625,78461.4765625,78289.546875,78299.46875,78465024
1789383900000,78304.2109375,78568.8671875,78271.6015625,78469.7265625,112877568
1789384200000,78475.5,78489.9921875,78353.25,78470.21875,208322560
1789384500000,78468.1796875,78587.640625,78404.46875,78550.140625,124887040
1789384800000,78532.40625,78532.40625,78436.1015625,78483.640625,217724928
1789385100000,78467.796875,78508.609375,78368,78378.03125,67194880
1789385400000,78398.34375,78416.1796875,78382.671875,78414.6484375,50696192
1789385494000,78355.2890625,78355.2890625,78355.2890625,78355.2890625,0
1789385700000,78492.6171875,78492.6171875,78390.0234375,78390.0234375,1028096
1789385815000,78314.3515625,78314.3515625,78314.3515625,78314.3515625,0
1789386000000,78411.4921875,78493.03125,78375,78491.546875,20799488
1789386126000,78493.25,78493.25,78493.25,78493.25,0
1789386300000,78528.796875,78528.796875,78377.546875,78382.5078125,683374592
1789386442000,78356.71875,78356.71875,78356.71875,78356.71875,0
1789386600000,78529.3125,78585.2421875,78497.15625,78548.1796875,5980160
1789386757000,78608.96875,78608.96875,78608.96875,78608.96875,0
1789386900000,78541.3203125,78624.9375,78541.2734375,78593.7734375,92157952
1789387073000,78549.8671875,78549.8671875,78549.8671875,78549.8671875,0
1789387200000,78553.8125,78580.328125,78473.8984375,78473.8984375,54548480
1789387384000,78470.703125,78470.703125,78470.703125,78470.703125,0
1789387500000,78470.9296875,78473.2890625,78435,78449.5,17125376
1789387699000,78430.5,78430.5,78430.5,78430.5,0
1789387800000,78455.59375,78486,78445.4296875,78453.9921875,241987584
1789388015000,78432.7734375,78432.7734375,78432.7734375,78432.7734375,0
1789388100000,78423.078125,78619.328125,78423.078125,78619.328125,3502080
1789388331000,78791.5234375,78791.5234375,78791.5234375,78791.5234375,0
1789388400000,78760.9375,78865.296875,78719.34375,78830,75900928
1789388700000,78835.921875,78835.921875,78595,78646.28125,365045760
1789389000000,78643.0390625,78703.9921875,78638.140625,78654.7421875,30689280
1789389300000,78667.140625,78680.6875,78593.7578125,78656.96875,453062656
1789389600000,78661.171875,78672.421875,78600,78622.953125,14108672
1789389900000,78628.0390625,78844.8828125,78624.0625,78840.1015625,0
1789390200000,78837.078125,78884.4765625,78781.25,78817.5,83392512
1789390500000,78818.1875,78856.140625,78750.8515625,78752.828125,34408448
1789390800000,78752.828125,78816.5078125,78720.7734375,78804.7265625,162084864
1789391100000,78800,78882.8671875,78733.9609375,78798.21875,135901184
1789391400000,78799.9921875,78833.453125,78789.953125,78817.9765625,38029312
1789391700000,78823.4375,78872.5390625,78775.4609375,78828.828125,49408000
1789392000000,78828.8984375,78984.9921875,78802.7421875,78948.6484375,76523520
1789392300000,78950.8203125,78958.5,78834.1484375,78881.84375,210429952
1789392600000,78884.34375,78895.96875,78696.21875,78723.28125,154630144
1789392900000,78750,78818.3203125,78750,78807.2734375,75139072
1789393200000,78805.0078125,78845.40625,78795.4765625,78842.0078125,6451200
1789393500000,78838.59375,78993.6484375,78822.171875,78949.7421875,59045888
1789393800000,78946.15625,78993.25,78900.0234375,78993.25,78284800
1789394100000,78997.0703125,79026.65625,78886.140625,78941.796875,152709120
1789394400000,78941.796875,78968.3203125,78890.65625,78960.3203125,190754816
1789394700000,78960.3203125,78995.6484375,78907.5078125,78944.9375,90472448
1789395000000,78955.2421875,78956.5,78842.0703125,78847.5390625,44732416
1789395300000,78847.5390625,78902.4296875,78838.578125,78855.3203125,93947904
1789395469000,78887.6875,78887.6875,78887.6875,78887.6875,0
1789395600000,79034.4765625,79187.9921875,79034.4765625,79181.2421875,40826880
1789395785000,79187.140625,79187.140625,79187.140625,79187.140625,0
1789395900000,79183.4296875,79222.3125,79081.890625,79203.0390625,174041088
1789396095000,79205.578125,79205.578125,79205.578125,79205.578125,0
1789396200000,79148.40625,79204.5,79122.71875,79188.8984375,0
1789396411000,79203.140625,79203.140625,79203.140625,79203.140625,0
1789396500000,79209.828125,79209.828125,79104.5078125,79104.5078125,67958784
1789396722000,79098.0625,79098.0625,79098.0625,79098.0625,0
1789396800000,79080.0078125,79128.453125,78986.6875,79128.453125,0
1789397032000,79205.359375,79205.359375,79205.359375,79205.359375,0
1789397100000,79173.3828125,79323.296875,79173.3828125,79321.3125,132941824
1789397348000,79285.2109375,79285.2109375,79285.2109375,79285.2109375,0
1789397400000,79241.4921875,79246.828125,79182.78125,79225.859375,84076544
1789397659000,79192.5625,79192.5625,79192.5625,79192.5625,0
1789397700000,79179,79249.9921875,79172,79234.59375,212228096
1789397969000,79224.46875,79224.46875,79224.46875,79224.46875,0
1789398000000,79200,79200.0078125,79060.90625,79060.90625,40407040
1789398285000,79050.0078125,79050.0078125,79050.0078125,79050.0078125,0
1789398300000,79048.296875,79121.0078125,79007.921875,79012,47835136
1789398600000,79008,79126.25,79008,79071.0703125,790151168
1789398900000,79114.453125,79213.9921875,79081.4375,79213.9921875,165070848
1789399200000,79205.65625,79217.9765625,79161.3671875,79217.9765625,26486784
1789399500000,79220.0625,79241.2734375,79134.8515625,79134.8515625,936046592
1789399800000,79120.6796875,79190.640625,79092.6796875,79133.7890625,12605440
1789400100000,79145.28125,79145.28125,78956.59375,78970.5078125,132349952
1789400400000,78971.90625,79134,78971.90625,79134,108472320
1789400700000,79126.2578125,79145.671875,79123.078125,79145.671875,0
1789400806000,79131.3984375,79131.3984375,79131.3984375,79131.3984375,0
1789401000000,79083.390625,79083.390625,79057.3515625,79061.3984375,64172032
1789401117000,79061.3984375,79061.3984375,79061.3984375,79061.3984375,0
1789401300000,79043.5703125,79048.25,78984.8984375,78985.78125,49838080
1789401432000,78984.15625,78984.15625,78984.15625,78984.15625,0
1789401600000,78985.0078125,79008.453125,78973.1171875,78973.1171875,8396800
1789401748000,78985.8671875,78985.8671875,78985.8671875,78985.8671875,0
1789401900000,79013.0078125,79046.3984375,79013.0078125,79043.1484375,52023296
1789402058000,79035,79035,79035,79035,0
1789402200000,79028.0703125,79051.7265625,79028.0703125,79051.7265625,28950528
1789402374000,79192.9765625,79192.9765625,79192.9765625,79192.9765625,0
1789402500000,79172.4375,79377.3828125,79172.4375,79372.546875,50231296
1789402690000,79426.7109375,79426.7109375,79426.7109375,79426.7109375,0
1789402800000,79382.6484375,79508.7578125,79382.6484375,79501.40625,44261376
1789403000000,79467.8828125,79467.8828125,79467.8828125,79467.8828125,0
1789403100000,79445.59375,79455.9375,79330.4296875,79392.3203125,150749184
1789403316000,79400,79400,79400,79400,0
1789403400000,79447.609375,79478.0703125,79362.796875,79380.65625,117790720
1789403627000,79403.25,79403.25,79403.25,79403.25,0
1789403700000,79443.4921875,79443.4921875,79366,79370.4921875,186052608
1789404000000,79380.03125,79430.203125,79323.4609375,79327.7578125,42180608
1789404300000,79327.4921875,79373.6328125,79235.578125,79235.59375,172341248
1789404600000,79224.4921875,79264.4296875,79186.203125,79231.3671875,0
1789404900000,79231.953125,79231.953125,79081.4921875,79089.3828125,133165056
1789405200000,79089.78125,79089.78125,78753.65625,78897.4375,5867520
1789405500000,78914.21875,79008.453125,78899.0625,78985.671875,61128704
1789405800000,78964.3828125,78964.3828125,78843.5390625,78867.4375,213897216
1789406100000,78878.8671875,78945.8515625,78800.96875,78902.9609375,74379264
1789406400000,78902.9765625,78978.9296875,78888.2734375,78957.109375,49192960
1789406700000,78953.421875,78953.421875,78869.171875,78890.3515625,269645824
1789407000000,78903.453125,78954.3828125,78849.3515625,78902.4296875,45137920
1789407300000,78894.8984375,78910.9296875,78778.7734375,78795.828125,87089152
1789407600000,78813.34375,78848.6171875,78794.3203125,78801.0078125,29956096
1789407900000,78801,78814.546875,78770.328125,78800.75,52994048
1789408200000,78799.7734375,78809.9921875,78748.5,78758.0703125,44634112
1789408500000,78758.171875,78789.9921875,78728.4375,78742.703125,0
1789408800000,78761.0703125,78761.078125,78701.5,78716.453125,47570944
1789409100000,78716.4375,78791.9921875,78695.5,78791.9921875,0
1789409400000,78791.7265625,78843,78749.3125,78825.453125,2660352
1789409700000,78811.21875,78826.7421875,78632.1875,78632.1875,33341440
1789410000000,78635.8515625,78645.96875,78550.5234375,78550.5234375,31051776
1789410300000,78548.2265625,78615.25,78505.359375,78577,59267072
1789410600000,78574.8125,78575.578125,78500.0078125,78525.46875,26630144
1789410900000,78503.34375,78614.8671875,78503.34375,78573.5078125,16898048
1789411200000,78573.5078125,78654.796875,78573.5078125,78642.5234375,158517248
1789411500000,78642.5078125,78642.5234375,78547.3515625,78571.3125,43276288
1789411800000,78568.71875,78578.90625,78549.046875,78554.1171875,0
1789412100000,78564.7734375,78574.7578125,78535.671875,78541.2890625,0
1789412400000,78537.1015625,78560.8125,78527.96875,78548.1015625,0
1789412483000,78522.5,78522.5,78522.5,78522.5,0
1789412700000,78452.6015625,78452.6171875,78424.3984375,78424.3984375,0
1789412798000,78351.3125,78351.3125,78351.3125,78351.3125,0
1789413000000,78411.71875,78411.71875,78406.15625,78411.71875,0
1789413109000,78423.421875,78423.421875,78423.421875,78423.421875,0
1789413300000,78414.7890625,78461.6796875,78414.7890625,78419.9921875,0
1789413424000,78419.4609375,78419.4609375,78419.4609375,78419.4609375,0
1789413600000,78371.0078125,78388.2578125,78361.4375,78361.4375,684032
1789413734000,78360.5625,78360.5625,78360.5625,78360.5625,0
1789413900000,78418.7421875,78437.328125,78410.5078125,78410.7734375,0
1789414046000,78376.9296875,78376.9296875,78376.9296875,78376.9296875,0
1789414200000,78378.71875,78378.71875,78292.421875,78292.421875,0
1789414356000,78318.5234375,78318.5234375,78318.5234375,78318.5234375,0
1789414500000,78297.0234375,78297.0234375,78261.359375,78264.53125,0
1789414667000,78263.3125,78263.3125,78263.3125,78263.3125,0
1789414800000,78276.921875,78336.9609375,78276.921875,78325.578125,0
1789414978000,78325.578125,78325.578125,78325.578125,78325.578125,0
1789415100000,78295.0078125,78295.0078125,78267.8125,78269.8203125,0
1789415293000,78260,78260,78260,78260,0
1789415400000,78269.7265625,78269.7265625,78113.046875,78169.2890625,0
1789415700000,78167.828125,78192.453125,78149.90625,78192.453125,54984704
1789416000000,78167.75,78230.03125,78153.2109375,78160.3125,0
1789416300000,78160.3125,78238.03125,78114.828125,78238.03125,27686912
1789416600000,78242.75,78242.75,78110,78110,0
1789416900000,78113.828125,78121.359375,78032.84375,78035.0234375,100194304
1789417200000,78035.1796875,78086.640625,78003.75,78022.953125,0
1789417500000,78025.078125,78051.953125,77978.0703125,78009.140625,25143296
1789417800000,78011.421875,78042.4921875,77968.1875,78020.828125,0
1789418100000,78020.828125,78073.921875,77955.296875,77985.046875,0
1789418400000,77985.046875,78002.328125,77924.703125,77950.0078125,30410752
1789418700000,77949.34375,78007.75,77925.8515625,77979.640625,0
1789419000000,77977.140625,78001.65625,77940.6328125,77941.0234375,0
1789419300000,77940,77989.0703125,77934.7265625,77938.0625,147718144
1789419600000,77938.0625,77938.0703125,77813.3125,77815.0078125,0
1789419900000,77810.7265625,77853.28125,77741.7578125,77743.359375,0
1789420200000,77741.7578125,77841.0390625,77721.53125,77805.96875,56047616
1789420500000,77805.96875,77878.421875,77780.9765625,77851.9296875,124153856
1789420800000,77851.9375,78003.9921875,77851.9375,78000.96875,0
1789421100000,78005.3671875,78011.1796875,77789.359375,77844.03125,13107200
1789421400000,77844.0234375,77989.1328125,77830.1015625,77936.75,103698432
1789421700000,77926.0390625,77975.2578125,77913.75,77964,149891072
1789422000000,77966.859375,78001.671875,77936.4765625,77992.859375,0
1789422300000,77941.046875,78048.59375,77916.953125,78048.546875,0
1789422600000,78046.8125,78059.8671875,77949.921875,77960.0390625,42203136
1789422900000,77956.609375,77995.3671875,77893.8671875,77898.9765625,0
1789423200000,77890.4765625,77954.5625,77878.703125,77919.4296875,0
1789423500000,77920.546875,77949.5390625,77861.1328125,77949.5390625,0
1789423800000,77951.2890625,77999.9921875,77935.0234375,77972.6328125,0
1789424100000,77972.640625,77979.1015625,77905.046875,77905.046875,0
1789424400000,77919.1171875,77968.1484375,77893.7109375,77964.3515625,0
1789424700000,77955.078125,78001,77926.0625,77940.5,0
1789425000000,77928.171875,77942.75,77904.9921875,77912.7421875,0
1789425300000,77910.0078125,77910.0078125,77835.890625,77867.953125,0
1789425600000,77886.1484375,77886.1484375,77836.3671875,77859.4921875,0
1789425900000,77859.390625,77860.4765625,77798.4296875,77803.046875,0
1789426200000,77803.9609375,77864.328125,77768.8203125,77836.1796875,0
1789426500000,77836.53125,77902.640625,77835.8984375,77890.6484375,0
1789426800000,77886.78125,77886.78125,77750.0234375,77762.3671875,0
1789427100000,77767.6171875,77830.4609375,77750,77764.75,0
1789427400000,77770.78125,77794.84375,77689.09375,77701.3125,0
1789427700000,77709.3125,77749.2265625,77692.4609375,77740.75,0
1789428000000,77737.2421875,77817.953125,77732.8203125,77809.578125,0
1789428300000,77807.921875,77829.0234375,77807.921875,77820.3984375,727617536
1789428600000,77820.6796875,77829.6484375,77787.828125,77820.75,57446400
1789428900000,77820.75,77836.5234375,77795.1171875,77795.1171875,0
1789429200000,77795.1171875,77799.4296875,77752.8984375,77783.53125,0
1789429500000,77783.53125,77791.4765625,77723.4375,77723.4375,0
1789429800000,77723.453125,77747.03125,77689.5390625,77689.5390625,0
1789430100000,77678.96875,77678.96875,77631.25,77636.3984375,0
1789430400000,77659.578125,77724.421875,77639.921875,77719.46875,0
1789430700000,77719.46875,77719.46875,77630.203125,77650.09375,87523328
1789431000000,77647.1171875,77661.3125,77618.4296875,77625.0234375,9005056
1789431300000,77625.0234375,77663.1015625,77618.6328125,77639.546875,133568512
1789431600000,77639.5625,77665.6484375,77577,77577,214757376
1789431900000,77577,77616.03125,77542.1328125,77610.5,73015296
1789432200000,77624.2421875,77636.6015625,77530.7109375,77570.3203125,87300096
1789432500000,77570.3203125,77588.546875,77517.7109375,77560.828125,0
1789432800000,77560.84375,77625.046875,77560.828125,77620.7109375,30050304
1789433100000,77620.7109375,77620.7109375,77587.6328125,77587.6328125,0
1789433400000,77587.6328125,77594.421875,77551.0390625,77574.6796875,0
1789433700000,77573.4375,77573.4375,77547.75,77547.75,0
1789434000000,77547.7578125,77596.328125,77533.2890625,77585.4921875,0
1789434300000,77585.4921875,77626.3828125,77562.3515625,77569.1484375,0
1789434600000,77520,77520,77287.140625,77390.59375,0
1789434900000,77392.9765625,77430.1875,77296.453125,77310,89360384
1789435200000,77308.1328125,77400,77308.1328125,77351.2890625,0
1789435500000,77360.96875,77450.6875,77351.359375,77446.6875,113162240
1789435800000,77441.7109375,77456.40625,77408.296875,77449.5625,19060736
1789436100000,77449.5625,77450.1328125,77357.53125,77391.9765625,372736
1789436400000,77391.9765625,77477.4296875,77391.9765625,77440.578125,24270848
1789436700000,77441.796875,77494.8671875,77437.890625,77480.578125,133545984
1789437000000,77492.65625,77583.2890625,77471.1875,77578.65625,0
1789437300000,77577.65625,77649.09375,77541.7109375,77609.96875,383553536
1789437600000,77620.84375,77711.59375,77620.84375,77701.7109375,0
1789437900000,77706.5234375,77706.5234375,77623.5234375,77623.5234375,33546240
1789438200000,77623.5234375,77624.21875,77551.3203125,77555.2109375,0
1789438500000,77555.2109375,77576.21875,77540.9921875,77541.2890625,87773184
1789438800000,77524.53125,77524.53125,77432.34375,77432.34375,0
1789439100000,77435.8515625,77438.71875,77371.140625,77385.46875,12212224
1789439400000,77385.4609375,77424.9921875,77382.2578125,77419.3984375,0
1789439700000,77419.390625,77419.390625,77376.640625,77395.1484375,40499200
1789440000000,77395.1484375,77437.0078125,77376.640625,77425.65625,0
1789440300000,77409.15625,77426.6328125,77303.6875,77303.6875,0
1789440600000,77310.828125,77318.40625,77186,77208.4765625,14499840
1789440900000,77208.4765625,77259.5390625,77165.109375,77247.9921875,40732672
1789441200000,77261.890625,77294.1171875,77217.9921875,77281.4375,0
1789441500000,77281.4375,77281.4375,77164.8515625,77233.2265625,91312128
1789441800000,77248.25,77248.25,77166.7421875,77193.390625,0
1789442100000,77194.328125,77258.671875,77172.6875,77254.203125,42512384
1789442400000,77271.078125,77288.578125,77235.09375,77253.4375,31481856
1789442700000,77253.4375,77288.7890625,77248.953125,77261.03125,59822080
1789443000000,77261.0390625,77261.0390625,77100,77100,0
1789443300000,77083.7734375,77144.75,77019.1796875,77050,135012352
1789443600000,77050,77094.578125,77005.1328125,77009.5234375,55934976
1789443900000,77005.2734375,77067,76973.6171875,76991.2421875,162340864
1789444200000,76991.25,76992.1015625,76850,76873.390625,0
1789444500000,76877.21875,76890,76842.359375,76883.8984375,148365312
1789444800000,76893.90625,76893.90625,76793.4765625,76817.96875,213952512
1789445100000,76817.96875,76819.328125,76689.4375,76720,78788608
1789445400000,76713.3828125,76768.0078125,76650.8984375,76759.9609375,0
1789445700000,76774.71875,76803.5234375,76652.4296875,76758.3515625,110764032
1789446000000,76764.71875,76836.859375,76740.96875,76814.7578125,168380416
1789446300000,76812.6015625,76833.4921875,76757.8203125,76813.53125,23752704
1789446600000,76818.640625,76851.1484375,76800.0078125,76836.59375,23666688
1789446900000,76838.1171875,76838.1171875,76786.6015625,76829.046875,39170048
1789447200000,76829.046875,76845.2890625,76797.0390625,76800.4921875,21336064
1789447500000,76800.4765625,76897.5,76800.140625,76835.640625,54681600
1789447800000,76839.9765625,76893.75,76816.34375,76890.953125,236494848
1789448100000,76890.953125,76968.671875,76890.953125,76955.0625,174569472
1789448400000,76955.0625,76955.0625,76858.0390625,76906.453125,18585600
1789448700000,76909.7890625,76922.5703125,76871,76902.40625,83374080
1789449000000,76896.421875,76905.703125,76844.453125,76883.453125,35375104
1789449300000,76881.859375,76943.5234375,76853.28125,76853.28125,42254336
1789449600000,76852.15625,76894.7578125,76844.140625,76855.09375,35893248
1789449900000,76856.078125,76877.390625,76816.25,76875.453125,31756288
1789450200000,76875.4609375,76940.75,76855.0625,76940.75,12920832
1789450500000,76940.75,76956.140625,76900.1171875,76931.140625,12384256
1789450800000,76931.140625,76952.6171875,76916.3203125,76952.6171875,4468736
1789451100000,76952.6171875,77006.2109375,76938.1875,77006.2109375,42117120
1789451400000,76972.7578125,77026,76960.046875,77026,0
1789451700000,76987.328125,76992.9375,76926.2421875,76946.2734375,6590464
1789452000000,76951.5234375,76966.828125,76865.2265625,76896.0390625,40519680
1789452300000,76896.0390625,76997.9765625,76877.359375,76992.3828125,1798144
1789452600000,76992.3828125,77012.7734375,76954.6796875,76963.1171875,5322752
1789452900000,76954.65625,76990.671875,76940.7734375,76945.6875,36028416
1789453200000,76945.703125,76974.296875,76884.8671875,76974.2890625,177352704
1789453500000,76990,77000.21875,76842.8828125,76842.8828125,33312768
1789453800000,76842.8828125,76945.796875,76832.2109375,76923.09375,49508352
1789454100000,76923.09375,76961.03125,76883.9375,76896.3125,200073216
1789454400000,76894.890625,77015.0234375,76888.2578125,77015.0234375,66011136
1789454700000,77015.0234375,77085.7421875,77008.609375,77084.171875,55179264
1789455000000,77096.640625,77134.2109375,76963.0390625,76963.0390625,24709120
1789455300000,76971.2421875,77067.3203125,76967.5078125,77014.578125,178137088
1789455600000,77020.046875,77086.09375,77004.7265625,77063.1328125,39462912
1789455900000,77074.3671875,77178.9765625,77046.4921875,77168.0234375,0
1789456200000,77161.8828125,77161.8828125,76965.921875,76989.9921875,15728640
1789456500000,76993.3125,77072.28125,76988.0078125,77029.6484375,52051968
1789456800000,77029.6484375,77029.6484375,77000.7734375,77010.4375,17358848
1789456910000,76976.0625,76976.0625,76976.0625,76976.0625,0
1789457100000,76937.59375,76976.3828125,76937.59375,76965.1328125,0
1789457226000,76950.4921875,76950.4921875,76950.4921875,76950.4921875,0
1789457400000,76955.3984375,76964.9921875,76918.46875,76918.46875,1548288
1789457541000,76911.796875,76911.796875,76911.796875,76911.796875,0
1789457700000,76889.96875,76906.9375,76889.96875,76904.5078125,0
1789457852000,76913.1796875,76913.1796875,76913.1796875,76913.1796875,0
1789458000000,76877.4609375,76888.296875,76802.28125,76871.8203125,193431552
1789458168000,76888.0703125,76888.0703125,76888.0703125,76888.0703125,0
1789458300000,76891.7421875,76891.7421875,76840.296875,76852.4609375,35569664
1789458483000,76822.8125,76822.8125,76822.8125,76822.8125,0
1789458600000,76805.078125,76898.9375,76805.078125,76892.5390625,0
1789458798000,76875.4375,76875.4375,76875.4375,76875.4375,0
1789458900000,76857.2109375,76910.5625,76857.2109375,76910.5625,0
1789459114000,76914.1171875,76914.1171875,76914.1171875,76914.1171875,0
1789459200000,76900.6875,76936.71875,76871.5390625,76871.5390625,9091072
1789459425000,76870.5390625,76870.5390625,76870.5390625,76870.5390625,0
1789459500000,76911.078125,76918.359375,76851.3671875,76879.140625,18329600
1789459740000,76879.140625,76879.140625,76879.140625,76879.140625,0
1789459800000,76821.0625,76927.9765625,76821.0625,76893.171875,23531520
1789460100000,76893.140625,76945.7109375,76869.296875,76924.8203125,33005568
1789460400000,76924.8203125,76960.5625,76890.9921875,76906.5,43235328
1789460700000,76904.7734375,76918.40625,76890.6015625,76918.40625,0
1789460777000,76931.8515625,76931.8515625,76931.8515625,76931.8515625,0
1789461000000,76914.09375,76929.5703125,76818.296875,76914.0234375,3772416
1789461008000,76910.609375,76910.609375,76910.609375,76910.609375,0
1789461300000,76911.2421875,76912.640625,76867.9921875,76894.9921875,0
1789461408000,76888.328125,76888.328125,76888.328125,76888.328125,0
1789461600000,76919.3515625,76926.9609375,76882.640625,76888.7421875,0
1789461724000,76886.8984375,76886.8984375,76886.8984375,76886.8984375,0
1789461900000,76910,76910,76873.6796875,76899.0234375,106401792
1789462035000,76914.1328125,76914.1328125,76914.1328125,76914.1328125,0
1789462200000,76968.8515625,77021.8671875,76948.8203125,77021.8671875,796672
1789462351000,77010.5234375,77010.5234375,77010.5234375,77010.5234375,0
1789462500000,77088.34375,77088.34375,77000.5390625,77009.671875,48842752
1789462666000,76908.7421875,76908.7421875,76908.7421875,76908.7421875,0
1789462800000,76916.25,77000.65625,76916.25,76984.21875,0
1789462987000,76974.1171875,76974.1171875,76974.1171875,76974.1171875,0
1789463100000,77012.7890625,77094.046875,77000.90625,77006.390625,181233664
1789463297000,77011.046875,77011.046875,77011.046875,77011.046875,0
1789463400000,76985,77019.0078125,76978.9375,76999.9921875,0
1789463613000,76941.84375,76941.84375,76941.84375,76941.84375,0
1789463700000,76963.109375,76969.1796875,76874.5625,76907.4375,8974336
1789464000000,76900.4765625,76929.578125,76879.0078125,76900,3344384
1789464300000,76863.0078125,76951.7265625,76863.0078125,76907.2265625,5060608
1789464600000,76896.0390625,76896.0390625,76661.8203125,76741.953125,134309888
1789464900000,76730.9609375,76730.9609375,76094.6796875,76248,2283520
1789465200000,76214.9765625,76486.8125,76208,76378.7890625,309331968
1789465500000,76400,76445.2109375,76187.140625,76290.828125,269398016
1789465800000,76261.0625,76261.84375,76097.0625,76177.140625,948090880
1789466100000,76169.1796875,76571.359375,76169.1796875,76571.359375,77113344
1789466400000,76580.4921875,76642.890625,76446.40625,76446.40625,251715584
1789466615000,76508.6015625,76508.6015625,76508.6015625,76508.6015625,0
1789466700000,76381.796875,76381.796875,76285,76311.25,8060928
1789466865000,76295.15625,76295.15625,76295.15625,76295.15625,0
1789467000000,76427.8125,76475.359375,76343.2578125,76359.40625,305985536
1789467241000,76391.7734375,76391.7734375,76391.7734375,76391.7734375,0
1789467300000,76367.953125,76438.8984375,76267.3203125,76279.9921875,27559936
1789467561000,76296.7265625,76296.7265625,76296.7265625,76296.7265625,0
1789467600000,76323.8828125,76441.7578125,76274.640625,76314.671875,0
1789467876000,76357.5390625,76357.5390625,76357.5390625,76357.5390625,0
1789467900000,76348.90625,76414.7265625,76303.9609375,76402.5,4976640
1789468193000,76299.640625,76299.640625,76299.640625,76299.640625,0
1789468200000,76264.78125,76285.6015625,76114.703125,76123.4921875,340678656
1789468500000,76100.296875,76107.203125,75793.546875,75804.2265625,196526080
1789468504000,76100.296875,76100.296875,76100.296875,76100.296875,0
1789468800000,75793.71875,75898.4765625,75633.9765625,75840.21875,170491904
1789468819000,75746.109375,75746.109375,75746.109375,75746.109375,0
1789469100000,75873.0078125,75873.0078125,75654.9375,75667.5234375,426330112
1789469138000,75776.546875,75776.546875,75776.546875,75776.546875,0
1789469400000,75659.609375,75866.21875,75546.34375,75841.8828125,257001472
1789469454000,75631.4375,75631.4375,75631.4375,75631.4375,0
1789469700000,75847.21875,75921.9921875,75725.4375,75853.1796875,375750656
1789470000000,75835.8828125,76001.640625,75774.046875,75979.9921875,162584576
1789470300000,75997.75,76049.5234375,75942.6171875,75983.4296875,52185088
1789470600000,75976.046875,76028.2734375,75931.4609375,75957.953125,18309120
1789470900000,75967.96875,76030.5,75878.140625,75961.328125,300281856
1789471200000,75968.1015625,76283.4921875,75968.1015625,76283.4921875,86179840
1789471500000,76325.8515625,76460.0234375,76296.359375,76296.359375,56881152
1789471800000,76291.5234375,76366.6328125,76236.4375,76354.9609375,155267072
1789472100000,76354.9609375,76391.9921875,76277,76376.03125,35246080
1789472400000,76376.7109375,76410.6796875,76339.71875,76389.640625,172212224
1789472700000,76382.5234375,76448.828125,76382.5234375,76429.15625,134719488
1789473000000,76434.2578125,76552,76404.1171875,76404.140625,8937472
1789473300000,76426.46875,76556.5703125,76426.46875,76467.96875,399921152
1789473600000,76493.5625,76529.9609375,76402.0390625,76437.828125,65300480
1789473900000,76446.9921875,76460,76267.6328125,76273.5625,9254912
1789474200000,76297.703125,76344.890625,76219.3671875,76221.96875,31637504
1789474500000,76228.1171875,76379.5703125,76228.1171875,76344.7578125,137332736
1789474800000,76341.1875,76442.453125,76330.65625,76429,0
1789475100000,76428.9921875,76447.8828125,76374.078125,76422.671875,23154688
1789475400000,76423.4375,76436.359375,76309.6875,76315.640625,138436608
1789475700000,76314.2890625,76390.0390625,76297.859375,76323.25,38230016
1789476000000,76311.6015625,76317.28125,76246.421875,76317.28125,114640896
1789476300000,76307.28125,76384.828125,76307.28125,76340,9263104
1789476600000,76339.9921875,76450,76339.9921875,76432.328125,120459264
1789476900000,76434.4375,76444.09375,76330.4765625,76330.4765625,53278720
1789477200000,76329.9609375,76364.9609375,76244.4375,76244.8515625,3485696
1789477500000,76250.4765625,76266.40625,76133.3203125,76189.3125,0
1789477800000,76163.2734375,76219.1328125,76147,76212.0078125,64149504
1789478100000,76212.0078125,76247.8671875,76187.1171875,76204.546875,36319232
1789478400000,76220.328125,76311.21875,76220.328125,76303.890625,18929664
1789478700000,76290.8671875,76488.09375,76290.8671875,76470.71875,62259200
1789478732000,76298.65625,76298.65625,76298.65625,76298.65625,0
1789479000000,76459.7109375,76901.7578125,76459.7109375,76872.9609375,9101312
1789479048000,76498.578125,76498.578125,76498.578125,76498.578125,0
1789479300000,76895.390625,77269.890625,76895.390625,77130.8203125,21575680
1789479363000,77169.8203125,77169.8203125,77169.8203125,77169.8203125,0
1789479600000,76915.671875,76915.671875,76842.7265625,76892.15625,0
1789479679000,76867.328125,76867.328125,76867.328125,76867.328125,0
1789479900000,76729.9921875,76833.390625,76728.15625,76833.390625,0
1789479995000,76845.453125,76845.453125,76845.453125,76845.453125,0
1789480200000,76951.359375,77028.4296875,76941.0078125,77020.59375,0
1789480310000,76981.1015625,76981.1015625,76981.1015625,76981.1015625,0
1789480500000,76981.8984375,76989.859375,76869.8125,76907.2890625,12920832
1789480631000,76924.71875,76924.71875,76924.71875,76924.71875,0
1789480800000,76896.0390625,76899.203125,76797.203125,76873.671875,397772800
1789480942000,76874.046875,76874.046875,76874.046875,76874.046875,0
1789481100000,76833.7265625,76899.9921875,76810.453125,76899.9921875,37371904
1789481257000,76881.34375,76881.34375,76881.34375,76881.34375,0
1789481400000,76851.3203125,76875.75,76802.78125,76811.5703125,4497408
1789481573000,76821.8828125,76821.8828125,76821.8828125,76821.8828125,0
1789481700000,76820.046875,76847.40625,76453.0078125,76572.2421875,168982528
1789482000000,76595.828125,76615.0078125,76525,76585.8203125,27828224
1789482300000,76585.8125,77063.7421875,76516.7890625,76835.7421875,0
1789482600000,76896.3515625,76896.3515625,76406.1328125,76728.328125,109285376
1789482900000,76716.7265625,76728.328125,75955.9921875,76306.8828125,256550912
1789483200000,76280,76280,75732.15625,75773.8515625,6828032
1789483500000,75725.53125,75725.53125,75100,75151.1328125,2422396928
1789483746000,75088.8125,75088.8125,75088.8125,75088.8125,0
1789483800000,74962.6875,75701.2109375,74915.5625,75612.5078125,1884715008
1789484066000,75703.7734375,75703.7734375,75703.7734375,75703.7734375,0
1789484100000,75812.8671875,76130.2265625,75812.8671875,75945.5078125,597770240
1789484382000,75925.2890625,75925.2890625,75925.2890625,75925.2890625,0
1789484400000,75936.7890625,76208.1328125,75759.921875,76057.0078125,566943744
1789484700000,76072.09375,76124.578125,75923.390625,75989.546875,51601408
1789484701000,76072.09375,76072.09375,76072.09375,76072.09375,0
1789485000000,75975.8515625,76047.96875,75855.78125,75918.75,553205760
1789485017000,76029,76029,76029,76029,0
1789485300000,75926.1796875,76245.5234375,75878.84375,76111.1328125,229756928
1789485333000,75950.671875,75950.671875,75950.671875,75950.671875,0
1789485600000,76118.8984375,76213.9296875,75992.578125,76069.109375,0
1789485648000,76042.390625,76042.390625,76042.390625,76042.390625,0
1789485900000,76038.7421875,76100,76025.75,76089.2109375,165187584
1789485964000,76054.421875,76054.421875,76054.421875,76054.421875,0
1789486200000,75854.9296875,75993.671875,75820.6328125,75968.1015625,0
1789486280000,75953.109375,75953.109375,75953.109375,75953.109375,0
1789486500000,75878.3203125,75878.3203125,75843.1171875,75859.5,0
1789486596000,75855.328125,75855.328125,75855.328125,75855.328125,0
1789486800000,75977.3984375,75996.9375,75833.953125,75856.296875,178511872
1789487100000,75843.0234375,75888.0234375,75813.4765625,75871.359375,39268352
1789487400000,75857.7265625,75989.703125,75844.640625,75985.3203125,130514944
1789487700000,75985.3203125,76124.6875,75960.0078125,76124.6875,57597952
1789488000000,76119.46875,76182.59375,76000,76019.7578125,0
1789488300000,76020.4921875,76020.4921875,75873.4296875,75914.9921875,167522304
1789488600000,75920.421875,76046.359375,75920.421875,75983.828125,94224384
1789488900000,75983.828125,75983.828125,75869.7578125,75870.7890625,254734336
1789489200000,75875.671875,75884.9921875,75777.296875,75878.390625,92745728
1789489500000,75889.84375,75900.7421875,75672.28125,75672.28125,6221824
1789489800000,75661.609375,75767.4375,75555.78125,75640.03125,139264
1789490100000,75645.0390625,75781.03125,75637.2734375,75688.3671875,1212416
1789490400000,75725.1171875,75809.109375,75725.1171875,75809.109375,1166626816
1789490700000,75832.09375,75945.75,75817.2734375,75945.75,84672512
1789491000000,75946.03125,75946.03125,75864.1015625,75932.8203125,375943168
1789491300000,75929.9921875,75942.84375,75869.8125,75871.3984375,0
1789491600000,75873.921875,75879.8203125,75690.2734375,75712.25,136720384
1789491900000,75714.2265625,75760.21875,75648.96875,75695.46875,0
1789492200000,75695.4609375,75901.0078125,75695.4609375,75807.5625,103571456
1789492500000,75784.8671875,75844.9921875,75733.328125,75844.9921875,212754432
1789492800000,75832.2421875,75832.2421875,75693.3515625,75741.59375,40005632
1789493100000,75728.75,75728.75,75592.4765625,75624.2421875,31612928
1789493400000,75619.0625,75665.8984375,75570.6015625,75597.3828125,0
1789493700000,75597.390625,75663.9375,75502.4609375,75610.359375,114733056
1789494000000,75610.3515625,75710.421875,75610.3515625,75685.2421875,22462464
1789494300000,75685.2421875,75698.0390625,75592.6484375,75592.6484375,49487872
1789494600000,75594.1015625,75610.328125,75380.328125,75525.6328125,120381440
1789494900000,75522.8125,75522.8125,75347.65625,75414.7265625,135589888
1789495200000,75404.1875,75517.28125,75334.2578125,75443.9765625,7806976
1789495247000,75420.28125,75420.28125,75420.28125,75420.28125,0
1789495500000,75435,75440.203125,75375.5625,75381.046875,94539776
1789495563000,75377.0703125,75377.0703125,75377.0703125,75377.0703125,0
1789495800000,75340.328125,75385.7890625,75296,75385.7890625,0
1789495879000,75369.9921875,75369.9921875,75369.9921875,75369.9921875,0
1789496100000,75321.8203125,75332.0703125,75255.78125,75255.78125,0
1789496194000,75212.9375,75212.9375,75212.9375,75212.9375,0
1789496400000,75169.25,75200.578125,75145.421875,75176.953125,33931264
1789496505000,75143.9921875,75143.9921875,75143.9921875,75143.9921875,0
1789496700000,75168.0078125,75404.6484375,75164.8828125,75404.6484375,0
1789496820000,75410.78125,75410.78125,75410.78125,75410.78125,0
1789497000000,75438.546875,75550.3984375,75431.7734375,75550.3984375,0
1789497131000,75546.75,75546.75,75546.75,75546.75,0
1789497300000,75552.5234375,75552.5234375,75478.046875,75527.1875,106614784
1789497448000,75550,75550,75550,75550,0
1789497600000,75574.75,75574.75,75524.6171875,75527.3984375,0
1789497758000,75517.6796875,75517.6796875,75517.6796875,75517.6796875,0
1789497900000,75550.90625,75624.2890625,75547.4921875,75624.28125,0
1789498076000,75597.7109375,75597.7109375,75597.7109375,75597.7109375,0
1789498200000,75646.046875,75697.703125,75646.046875,75684.859375,1818624
1789498500000,75684.859375,75690.2265625,75595.8671875,75611,90783744
1789498800000,75621.5234375,75723.7734375,75611.0234375,75709.9609375,0
1789499100000,75690.25,75796.1171875,75679.296875,75783.7265625,7122944
1789499400000,75792.8984375,75849.09375,75779.71875,75841.7734375,0
1789499700000,75842.6484375,75879.21875,75819.5703125,75879.21875,0
1789500000000,75883.3828125,75889.84375,75809.53125,75825.4375,96833536
1789500300000,75813.3671875,75822.5625,75677.5234375,75677.5234375,231079936
1789500600000,75677.53125,75683.1875,75519.9375,75621.296875,0
1789500900000,75621.25,75639.4765625,75530.328125,75537.4375,29814784
1789501200000,75529.4609375,75642.359375,75514.921875,75625.703125,261373952
1789501500000,75625.703125,75661.890625,75588.8984375,75598.71875,0
1789501800000,75602.7421875,75652.4765625,75597.5390625,75635.2265625,304955392
1789502100000,75621.09375,75645.28125,75565,75584.1796875,0
1789502400000,75584.1796875,75691.8515625,75526.09375,75689.1484375,0
1789502700000,75694.2578125,75733.296875,75641.6328125,75641.6328125,0
1789503000000,75641.8203125,75704.8671875,75613.390625,75639.4609375,103686144
1789503300000,75644.0078125,75737,75628.1875,75726.6015625,0
1789503600000,75726.609375,75779.9921875,75666.3125,75763.171875,94330880
1789503900000,75763.171875,75793.9921875,75733.3203125,75793.9921875,48816128
1789504200000,75800.390625,75808.4921875,75743.1875,75747.21875,0
1789504500000,75754.859375,75860.7734375,75737.8828125,75857.1328125,83021824
1789504800000,75849.8828125,75849.8828125,75716.7734375,75743.7890625,0
1789505100000,75743.84375,75811.09375,75700,75775.0078125,123523072
1789505400000,75766.2734375,75771.921875,75671.1328125,75678.921875,53993472
1789505700000,75678.078125,75750.59375,75672.5,75712.2109375,0
1789506000000,75715.78125,75808.7421875,75649.2578125,75656.6484375,0
1789506300000,75656.65625,75737.546875,75643.953125,75696.96875,54865920
1789506600000,75683.5390625,75765.796875,75648.9296875,75724.9609375,0
1789506900000,75722.3828125,75750,75666.2421875,75736.90625,0
1789507200000,75736.6796875,75874.7265625,75734.6328125,75874.7265625,35033088
1789507500000,75876.15625,75901.0078125,75815.6796875,75815.6796875,0
1789507800000,75803.953125,75803.953125,75618.1015625,75630.5703125,0
1789508100000,75630.578125,75649.8515625,75490.5,75490.5,81977344
1789508400000,75502.7109375,75605.5,75481.34375,75599.1796875,1007316992
1789508700000,75610.328125,75653.9375,75514.3828125,75527.7890625,0
1789509000000,75518.7109375,75518.7109375,75405.0078125,75413.296875,296665088
1789509300000,75425.9375,75470.921875,75403,75434.59375,0
1789509600000,75431.4609375,75593.3828125,75420.8671875,75565.609375,0
1789509900000,75563.328125,75596.03125,75521.6796875,75564.6875,1200128
1789510200000,75564.6875,75610.34375,75495.296875,75595.421875,174006272
1789510500000,75595.40625,75775.8984375,75586.8671875,75762.0703125,156209152
1789510800000,75759.7109375,75792.3203125,75751.578125,75782.28125,0
1789511100000,75800.390625,75887.53125,75788.6015625,75879.140625,0
1789511400000,75898.359375,75981.46875,75867.4765625,75955.578125,25276416
1789511700000,75968.09375,76026.78125,75953.4375,75999.078125,31834112
1789512000000,75999.078125,76002.2265625,75901.1875,75901.1875,97853440
1789512300000,75907.03125,75940.09375,75871.7734375,75925.15625,87187456
1789512600000,75925.15625,75925.2578125,75852.953125,75857.4296875,39206912
1789512900000,75856.5625,75863.578125,75750.140625,75824.8515625,0
1789513200000,75834.0390625,75921.0703125,75819.7421875,75886.28125,0
1789513500000,75876.6015625,75883.25,75760,75790.3125,0
1789513800000,75788.09375,75893.8125,75788.09375,75891.671875,189702144
1789514100000,75890.296875,75995.7890625,75890.296875,75960.296875,0
1789514400000,75968.078125,76016.3828125,75968.078125,75968.1015625,0
1789514700000,75968.1015625,75968.1015625,75789.3515625,75789.4921875,47632384
1789515000000,75784.8515625,75844.828125,75766.8671875,75791.1484375,268111872
1789515300000,75791.140625,75791.140625,75716.6015625,75744.5,0
1789515600000,75744.5,75770.21875,75711.7890625,75730.109375,18477056
1789515900000,75735.7734375,75776.9921875,75715.5625,75736.15625,123428864
1789516200000,75724.0234375,75733.3125,75694.5390625,75698.40625,34422784
1789516500000,75698.40625,75780.2890625,75698.40625,75755.421875,0
1789516800000,75759.71875,75860.3125,75755.5,75847.046875,0
1789517100000,75851.140625,75851.140625,75791.5390625,75791.84375,0
1789517400000,75792.40625,75843.359375,75790.3671875,75823.640625,0
1789517700000,75811.5703125,75811.578125,75772.296875,75772.296875,0
1789518000000,75772.3125,75927.7578125,75772.296875,75908.6328125,0
1789518300000,75901.0234375,75925,75811.578125,75811.578125,0
1789518600000,75803.8671875,75848.3125,75790.25,75848.3125,0
1789518900000,75858.0390625,75923.2109375,75853.7734375,75916.328125,144109568
1789519200000,75916.328125,75961.640625,75867.671875,75870.8203125,0
1789519500000,75875.9296875,75912.203125,75836.0078125,75842.609375,0
1789519800000,75836.2421875,75836.2421875,75757.203125,75770.5703125,158564352
1789520100000,75773.703125,75821.8203125,75745.578125,75796.34375,0
1789520400000,75796.34375,75813.7109375,75610.34375,75655.046875,161255424
1789520700000,75671.8671875,75727.109375,75628.0625,75727.109375,0
1789521000000,75727.109375,75755.65625,75713.0234375,75738.3984375,0
1789521300000,75739.921875,75805.6484375,75739.90625,75805.6484375,0
1789521600000,75810.9765625,75861.03125,75784.2421875,75822.3671875,0
1789521900000,75827.3828125,75845.53125,75791.0390625,75827.5234375,13410304
1789522200000,75825.7109375,75836.2578125,75776.9765625,75815,0
1789522500000,75805,75864.90625,75804.9921875,75857.390625,0
1789522800000,75856.53125,75919.6796875,75850.21875,75899.9921875,8273920
1789523100000,75903.1875,75909.296875,75845.1171875,75858.75,126976000
1789523400000,75860.921875,75872.4296875,75826.4921875,75840.578125,27447296
1789523700000,75840.578125,75905.890625,75828.6328125,75900.4609375,0
1789524000000,75905.03125,75972.75,75905.03125,75919.2421875,63799296
1789524300000,75917.546875,75956.28125,75901.8203125,75946.4609375,0
1789524600000,75947.9765625,75969.09375,75906.9765625,75940.859375,10670080
1789524900000,75926.9921875,75955.8828125,75878.828125,75939.9921875,257224704
1789525200000,75944.5625,75956.90625,75845.1171875,75845.1171875,30285824
1789525500000,75835,75857.59375,75829.96875,75857.59375,0
1789525800000,75855,75884.7890625,75833.9375,75860.2734375,0
1789526100000,75843.65625,75843.671875,75756.359375,75789.2109375,119988224
1789526400000,75797.9609375,75875.953125,75797.9609375,75864.53125,0
1789526700000,75864.53125,75945.7421875,75863.4375,75903.2109375,0
1789527000000,75903.2421875,75907.4765625,75867.4765625,75869.0234375,101728256
1789527300000,75869.0234375,75969,75853.21875,75969,0
1789527600000,75953.90625,76027.40625,75934.5625,76008.640625,0
1789527900000,76000.5390625,76024.8984375,75874.59375,75874.59375,152309760
1789528200000,75865.9296875,75865.9296875,75749.0625,75810.2265625,0
1789528500000,75824.7890625,75862.328125,75737.4765625,75737.4765625,0
1789528800000,75749.7265625,75778.03125,75740.7578125,75772.9765625,26103808
1789529100000,75760.7890625,75804.9921875,75741.921875,75753.796875,23445504
1789529400000,75752.28125,75776.5234375,75712.7109375,75751.0625,128077824
1789529700000,75751.0625,75802.5,75743.59375,75802.5,24150016
1789530000000,75818.0625,75840.078125,75718.65625,75752.0390625,0
1789530300000,75748.2578125,75824.8828125,75729.2109375,75802.90625,302264320
1789530600000,75793.6796875,75798,75722.40625,75728.2421875,0
1789530900000,75730.2265625,75735.609375,75655.84375,75693.53125,42868736
1789531200000,75682.078125,75682.078125,75590.2421875,75600.6796875,0
1789531500000,75599.1484375,75599.1484375,75392.0234375,75457.7578125,0
1789531800000,75457.796875,75524.7890625,75420.796875,75448.7265625,12337152
1789532100000,75437.828125,75561.890625,75397.078125,75434.078125,171225088
1789532400000,75419.359375,75521.421875,75325,75347.6484375,0
1789532700000,75350.296875,75386.4765625,75276.921875,75361.703125,96256000
1789533000000,75361.7109375,75452.21875,75358.7421875,75420.953125,0
1789533300000,75420.9609375,75482.6875,75416.171875,75475.3203125,5279744
1789533600000,75471.109375,75511.7265625,75456.359375,75488.34375,215302144
1789533900000,75483.203125,75514.390625,75472.796875,75483.2109375,0
1789534200000,75494.0078125,75557.203125,75486.46875,75557.203125,0
1789534500000,75549.9921875,75670.390625,75549.9921875,75670.390625,0
1789534800000,75670.390625,75807.25,75664.5078125,75807.2265625,68239360
1789535100000,75802.6875,75883.4296875,75751.09375,75792.6171875,6852608
1789535400000,75792.75,75792.75,75725,75725,274755584
1789535700000,75725,75763.9921875,75688.4296875,75739.078125,313171968
1789536000000,75753.5703125,75805.578125,75747.328125,75798.7421875,133046272
1789536300000,75798.7421875,75811.6328125,75757.7265625,75767.6484375,0
1789536600000,75764,75817.421875,75764,75795.359375,37494784
1789536900000,75795.359375,75872.28125,75791.09375,75843.6484375,5369856
1789537200000,75843.6484375,75867.921875,75834.6796875,75852.953125,137261056
1789537500000,75852.953125,75885.7265625,75811.2734375,75864.90625,0
1789537800000,75864.90625,75910.5625,75846.28125,75910.5390625,23187456
1789538100000,75910.5390625,75929.8125,75878.828125,75924.046875,152662016
1789538400000,75924.0390625,75980.4609375,75924.0390625,75940.5,0
1789538700000,75938.5625,75949.890625,75903.203125,75947.9609375,0
1789539000000,75948.2734375,75961.6796875,75858.890625,75871.40625,115625984
1789539300000,75879.3671875,75934.7734375,75878.59375,75934.7734375,90402816
1789539600000,75939.9921875,75951.0390625,75856.21875,75856.21875,24973312
1789539900000,75860.9921875,75919.9921875,75851.09375,75908.9609375,0
1789540200000,75908.9609375,75934.78125,75873,75899.1875,0
1789540500000,75899.1875,75927.921875,75889.0078125,75911.2109375,73519104
1789540800000,75911.2109375,75934.96875,75904.0390625,75917.53125,0
1789541100000,75917.53125,75917.53125,75883.7109375,75883.7109375,175820800
1789541400000,75883.71875,75883.71875,75852.2265625,75854.0078125,100143104
1789541700000,75854,75885.5078125,75829.2578125,75885.5078125,0
1789542000000,75938.546875,75984.640625,75875.34375,75903.6328125,108142592
1789542300000,75903.6328125,75907.75,75892.46875,75907.75,0
1789542362000,75907.7421875,75907.7421875,75907.7421875,75907.7421875,0
1789542600000,75862.7265625,75888.7890625,75851.1796875,75888.7890625,0
1789542678000,75885.0078125,75885.0078125,75885.0078125,75885.0078125,0
1789542900000,75839.7578125,75839.7578125,75807.4375,75824.890625,100032512
1789542993000,75867.9921875,75867.9921875,75867.9921875,75867.9921875,0
1789543200000,75889.9921875,75900,75889.9765625,75900,0
1789543304000,75909.59375,75909.59375,75909.59375,75909.59375,0
1789543500000,75845.3125,75896.2578125,75845.3125,75896.2578125,0
1789543620000,75916.3828125,75916.3828125,75916.3828125,75916.3828125,0
1789543800000,75897.6171875,75958.453125,75886.390625,75958.453125,0
1789543930000,75984.6015625,75984.6015625,75984.6015625,75984.6015625,0
1789544100000,75959.9921875,76003.1875,75959.9921875,76003.1875,0
1789544240000,76022.7109375,76022.7109375,76022.7109375,76022.7109375,0
1789544400000,75942.4375,75999.9921875,75919.78125,75992.7890625,0
1789544557000,76076.578125,76076.578125,76076.578125,76076.578125,0
1789544700000,76160.0234375,76179.9921875,76084,76107.203125,157622272
1789544867000,76158.3125,76158.3125,76158.3125,76158.3125,0
1789545000000,76179.9921875,76237.0234375,76158.34375,76183.96875,158322688
1789545183000,76193.9609375,76193.9609375,76193.9609375,76193.9609375,0
1789545300000,76169.59375,76192.2734375,76160.453125,76182.140625,580763648
1789545600000,76172.09375,76232.3828125,76130.9375,76227.71875,5918720
1789545900000,76224.8671875,76224.8671875,76119.9765625,76119.9921875,54902784
1789546200000,76119.9765625,76119.9765625,76042.671875,76057.6796875,207261696
1789546500000,76053.078125,76099.7890625,76016.453125,76046.0234375,65376256
1789546800000,76028.890625,76032.359375,75980.5,75995.1328125,238817280
1789547042000,75988.5,75988.5,75988.5,75988.5,0
1789547100000,75933.4296875,75952.0703125,75851.5625,75854.53125,6705152
1789547358000,75843.34375,75843.34375,75843.34375,75843.34375,0
1789547400000,75863.9609375,75926.53125,75725.8125,75926.53125,108937216
1789547674000,75938.2578125,75938.2578125,75938.2578125,75938.2578125,0
1789547700000,75946.2734375,75957.9765625,75852.953125,75896.34375,917405696
1789547989000,75916.5703125,75916.5703125,75916.5703125,75916.5703125,0
1789548000000,75919.9921875,75951.1171875,75887.1796875,75888.8125,55386112
1789548300000,75888.8125,75962.671875,75859.2265625,75962.671875,252657664
1789548305000,75888.8125,75888.8125,75888.8125,75888.8125,0
1789548600000,75960.78125,75977.6875,75900,75900,127447040
1789548620000,75960.7734375,75960.7734375,75960.7734375,75960.7734375,0
1789548900000,75878.3984375,75957.53125,75839.640625,75901.21875,126369792
1789548931000,75839.640625,75839.640625,75839.640625,75839.640625,0
1789549200000,75890.40625,75895.109375,75630.859375,75676.640625,0
1789549252000,75824.3828125,75824.3828125,75824.3828125,75824.3828125,0
1789549500000,75691.1875,75739.96875,75691.1875,75705.5078125,0
1789549567000,75715.046875,75715.046875,75715.046875,75715.046875,0
1789549800000,75665,75665,75608.6015625,75613.8671875,0
1789549882000,75621.109375,75621.109375,75621.109375,75621.109375,0
1789550100000,75723.5625,75807.71875,75691.28125,75750.4921875,5505024
1789550400000,75738.0625,75745.3984375,75670.671875,75688.7890625,264462336
1789550700000,75670.4296875,75761.6015625,75648.7109375,75695.0390625,107327488
1789551000000,75704.9921875,75708.640625,75582.109375,75585.9296875,91852800
1789551300000,75579.7265625,75659.9921875,75520.7578125,75520.7578125,0
1789551600000,75511.390625,75727.8984375,75511.390625,75709.140625,0
1789551900000,75696.3515625,75845.7734375,75571.0234375,75802.703125,0
1789552200000,75800.7265625,75874.3125,75609.546875,75676.6875,68444160
1789552500000,75677.71875,75718.1328125,75629.90625,75654.9921875,0
1789552622000,75657.59375,75657.59375,75657.59375,75657.59375,0
1789552800000,75584.3203125,75592.9921875,75522.3671875,75547.8203125,0
1789552938000,75473.0078125,75473.0078125,75473.0078125,75473.0078125,0
1789553100000,75498.2421875,75595.703125,75498.2421875,75571.59375,0
1789553258000,75498.9296875,75498.9296875,75498.9296875,75498.9296875,0
1789553400000,75505.9921875,75505.9921875,75431.203125,75439.6171875,149536768
1789553574000,75426.046875,75426.046875,75426.046875,75426.046875,0
1789553700000,75511.796875,75639.59375,75511.796875,75570.9921875,168701952
1789553889000,75595.96875,75595.96875,75595.96875,75595.96875,0
1789554000000,75480.671875,75616.8984375,75480.671875,75571,0
1789554210000,75532.203125,75532.203125,75532.203125,75532.203125,0
1789554300000,75549.9375,75691.1875,75549.9375,75691.1875,31395840
1789554526000,75722.21875,75722.21875,75722.21875,75722.21875,0
1789554600000,75752.71875,75755.859375,75565.0234375,75696.609375,973504512
1789554842000,75660.0390625,75660.0390625,75660.0390625,75660.0390625,0
1789554900000,75650.203125,75716.6328125,75599.4296875,75644.359375,0
1789555162000,75610.2265625,75610.2265625,75610.2265625,75610.2265625,0
1789555200000,75572.7734375,75680.7890625,75555,75680.7890625,0
1789555478000,75686.75,75686.75,75686.75,75686.75,0
1789555500000,75693.1484375,75693.1484375,75478.9921875,75522.421875,676155392
1789555800000,75500,75594.078125,75408.8203125,75545,98435072
1789556100000,75548.25,75618.9765625,75509.9921875,75618.9765625,0
1789556400000,75628.2109375,75701.59375,75611.2578125,75642.9609375,29114368
1789556700000,75649.96875,75717.671875,75487.75,75678.3671875,0
1789557000000,75692.2890625,75727.59375,75633.75,75705.578125,904110080
1789557300000,75696.609375,75696.609375,75573.2890625,75626.15625,49674240
1789557600000,75618.6015625,75739.1875,75614.3515625,75675.9921875,0
1789557900000,75675.9921875,75711.75,75569.796875,75576.65625,120102912
1789558200000,75587.96875,75596.1328125,75490.6484375,75571.4296875,0
1789558500000,75573.9921875,75727.5390625,75573.9921875,75670.0078125,53829632
1789558800000,75699.9921875,75729.5,75662.21875,75666.8828125,0
1789559100000,75668.3984375,75888.796875,75668.3984375,75767.21875,117708800
1789559400000,75758.921875,75856.09375,75758.921875,75791.3828125,0
1789559700000,75794.140625,75794.140625,75681.09375,75729.3125,92133376
1789560000000,75739.109375,75753.6015625,75690.7890625,75717.2734375,0
1789560300000,75722.0234375,75769.59375,75579.421875,75669.859375,180590592
1789560600000,75657.578125,75811.609375,75630.96875,75811.609375,0
1789560889000,75796.171875,75796.171875,75796.171875,75796.171875,0
1789560900000,75777.1171875,75822.4375,75685.71875,75801.7734375,145078272
1789561200000,75824.296875,75830,75725.96875,75733.15625,0
1789561205000,75816.7265625,75816.7265625,75816.7265625,75816.7265625,0
1789561500000,75733.171875,75775.0703125,75678.6328125,75721.6875,105129984
1789561520000,75750.2109375,75750.2109375,75750.2109375,75750.2109375,0
1789561800000,75734.6328125,75774.3984375,75657.671875,75684.3515625,205240320
1789561836000,75774.3984375,75774.3984375,75774.3984375,75774.3984375,0
1789562100000,75684.5234375,75732.7890625,75670.6484375,75684.0703125,35876864
1789562151000,75702.0078125,75702.0078125,75702.0078125,75702.0078125,0
1789562400000,75670.4375,75670.4375,75635.8984375,75639.2421875,24176640
1789562467000,75629.2265625,75629.2265625,75629.2265625,75629.2265625,0
1789562700000,75628.109375,75678.9375,75628.109375,75673.6015625,0
1789562783000,75696.59375,75696.59375,75696.59375,75696.59375,0
1789563000000,75689.9921875,75689.9921875,75668.328125,75668.328125,0
1789563099000,75683.9921875,75683.9921875,75683.9921875,75683.9921875,0
1789563300000,75740.8203125,75747.3125,75720.8203125,75747.3125,0
1789563414000,75718.140625,75718.140625,75718.140625,75718.140625,0
1789563600000,75701.546875,75701.546875,75659.9296875,75679.203125,0
1789563730000,75674.4609375,75674.4609375,75674.4609375,75674.4609375,0
1789563900000,75724.671875,75732.796875,75608.1796875,75608.1796875,80762880
1789564200000,75618.421875,75663.9765625,75594.78125,75663.9765625,0
1789564500000,75656.953125,75758.4375,75645.2578125,75680.7890625,0
1789564800000,75680.7890625,75693.3828125,75569.109375,75640.953125,121288704
1789565100000,75635.5,75711.890625,75633.359375,75655.0625,285188096
1789565400000,75650.8984375,75676.2109375,75567.046875,75578.15625,63594496
1789565700000,75551.53125,75561.203125,75374.40625,75381.6015625,0
1789566000000,75380.75,75466.3515625,75324.8984375,75390.7265625,125368320
1789566300000,75415.9375,75466.1484375,75278.609375,75296.3984375,175982592
1789566600000,75309.9765625,75505,75302.578125,75437.1015625,0
1789566604000,75309.9765625,75309.9765625,75309.9765625,75309.9765625,0
1789566900000,75434.4921875,75824.25,75434.4921875,75734.09375,90388480
1789566919000,75476.921875,75476.921875,75476.921875,75476.921875,0
1789567200000,75753.6015625,75824.8828125,75316.796875,75774.3984375,149118976
1789567235000,75524.796875,75524.796875,75524.796875,75524.796875,0
1789567500000,75795.203125,76449.03125,75795.203125,76168.296875,453996544
1789567551000,76007.2109375,76007.2109375,76007.2109375,76007.2109375,0
1789567800000,76222.59375,76250.546875,76040.6796875,76053.296875,0
1789567867000,76038.1796875,76038.1796875,76038.1796875,76038.1796875,0
1789568100000,75733.1015625,75830,75733.1015625,75778.078125,0
1789568184000,75797.609375,75797.609375,75797.609375,75797.609375,0
1789568400000,75826.5625,75948.7265625,75794.5,75936.078125,0
1789568499000,75922.578125,75922.578125,75922.578125,75922.578125,0
1789568700000,75851.7109375,75853.5078125,75783.5078125,75837.46875,144467968
1789568820000,75854.3984375,75854.3984375,75854.3984375,75854.3984375,0
1789569000000,75955.1328125,75955.1328125,75672.0625,75722.9296875,242900992
1789569136000,75681.6328125,75681.6328125,75681.6328125,75681.6328125,0
1789569300000,75508.671875,75508.671875,75007.1484375,75058.890625,69468160
1789569452000,75125.65625,75125.65625,75125.65625,75125.65625,0
1789569600000,75720,76213.0703125,75705.2265625,75895.9375,864811008
1789569900000,75885.2265625,75970.3203125,75878.40625,75941.8125,0
1789569992000,75899.8203125,75899.8203125,75899.8203125,75899.8203125,0
1789570200000,75838.03125,75847.1875,75674.34375,75674.34375,0
1789570307000,75759.1171875,75759.1171875,75759.1171875,75759.1171875,0
1789570500000,75458.8515625,75524.796875,75412.8984375,75500.3671875,0
1789570623000,75475.7578125,75475.7578125,75475.7578125,75475.7578125,0
1789570800000,75596.4765625,75979.84375,75596.4765625,75904.2421875,15558656
1789570939000,75909.34375,75909.34375,75909.34375,75909.34375,0
1789571100000,75954.03125,75980.578125,75874.640625,75976.2734375,0
1789571259000,75982.3984375,75982.3984375,75982.3984375,75982.3984375,0
1789571400000,75848.1015625,75848.1015625,75703.4375,75751.9921875,64665600
1789571575000,75739.7109375,75739.7109375,75739.7109375,75739.7109375,0
1789571700000,75888.296875,75926.359375,75703.6484375,75703.6484375,83595264
1789571891000,75735.5625,75735.5625,75735.5625,75735.5625,0
1789572000000,75628.5078125,75639.71875,75447.25,75451.2109375,0
1789572206000,75419.4765625,75419.4765625,75419.4765625,75419.4765625,0
1789572300000,75352.4765625,75420.796875,75172.1484375,75393.7578125,66779136
1789572522000,75323.890625,75323.890625,75323.890625,75323.890625,0
1789572600000,75441.6015625,75597.6015625,75368.34375,75569.9765625,73816064
1789572843000,75577.8671875,75577.8671875,75577.8671875,75577.8671875,0
1789572900000,75720.1015625,75768.296875,75561.0078125,75740.671875,198684672
1789573200000,75732.9375,75910.7890625,75709.890625,75906.6328125,179654656
1789573500000,75897.28125,76069.3984375,75897.28125,75996.2421875,17784832
1789573800000,76007.0390625,76049.1171875,75942.2265625,75999.0234375,191340544
1789574100000,75974.8828125,76019.9609375,75945.453125,76010.2109375,15360000
1789574400000,76013.59375,76211.1875,75944.1796875,76198.2421875,109322240
1789574700000,76190.4609375,76335.546875,76095.9921875,76098.0625,80756736
1789575000000,76065.8203125,76162.1875,76049.546875,76138.9765625,0
1789575300000,76133.796875,76249.9921875,76077,76246.53125,83980288
1789575600000,76273.59375,76293.0390625,76190.3984375,76194.7109375,62343168
1789575900000,76183.59375,76191.6171875,76035.9296875,76135.9765625,15722496
1789576200000,76147.859375,76169.6015625,76047.8828125,76142.46875,56004608
1789576500000,76167.7734375,76174.7109375,76022.7890625,76031.796875,144480256
1789576800000,76031.796875,76065.59375,75950.5,76048.03125,12152832
1789577100000,76024.15625,76127.9921875,76003.203125,76094,85293056
1789577400000,76094,76094,75982.3984375,76061.65625,14145536
1789577700000,76068.5625,76119.7421875,76041.953125,76102.96875,34070528
1789578000000,76102.9921875,76105.9609375,76076.328125,76079.5703125,0
1789578300000,76081.8828125,76148.7890625,76057.2265625,76087.9765625,0
1789578600000,76087.9765625,76100,76015.9609375,76040.921875,87468032
1789578900000,76044.7890625,76081.65625,76030.0078125,76030.0234375,23867392
1789579200000,76046.7734375,76071.6171875,75985.1484375,76001.3671875,26181632
1789579500000,76005.546875,76053.7890625,75961.4375,76000.0390625,2504704
1789579800000,76013.59375,76023.9921875,75988.3515625,75988.3515625,0
1789580100000,75991.7734375,76010.1796875,75919.828125,75919.828125,4311040
1789580400000,75927.328125,75929.3984375,75857.6015625,75886.3125,0
1789580700000,75897.03125,75909.578125,75863.390625,75907.28125,0
1789581000000,75901.8203125,75959.421875,75900.359375,75959.421875,178853888
1789581300000,75959.421875,75959.421875,75870.25,75937.2578125,0
1789581547000,75937.2578125,75937.2578125,75937.2578125,75937.2578125,0
1789581600000,75924.796875,75924.796875,75691.203125,75745.546875,31758336
1789581867000,75700.2890625,75700.2890625,75700.2890625,75700.2890625,0
1789581900000,75681.5703125,75722.15625,75605.078125,75617.2421875,0
1789582182000,75677.171875,75677.171875,75677.171875,75677.171875,0
1789582200000,75691.3828125,75793.0625,75687.1015625,75793.0625,8359936
1789582498000,75826.390625,75826.390625,75826.390625,75826.390625,0
1789582500000,75830.1015625,75874.5234375,75731.34375,75731.34375,159907840
1789582800000,75727.09375,75734.7578125,75612.1796875,75625.96875,26374144
1789582814000,75734.7578125,75734.7578125,75734.7578125,75734.7578125,0
1789583100000,75632.2421875,75728.359375,75632.2421875,75692.1328125,90908672
1789583130000,75632.2421875,75632.2421875,75632.2421875,75632.2421875,0
1789583400000,75681.0703125,75681.0703125,75622.3828125,75623.9296875,6772736
1789583446000,75680.796875,75680.796875,75680.796875,75680.796875,0
1789583700000,75618.1796875,75649.4765625,75618.1796875,75620.328125,0
1789583766000,75617.5625,75617.5625,75617.5625,75617.5625,0
1789584000000,75709.2734375,75711.9921875,75667.859375,75669.75,0
1789584081000,75690.03125,75690.03125,75690.03125,75690.03125,0
1789584300000,75755.9296875,75761.9765625,75747.6796875,75748.7109375,0
1789584397000,75756.671875,75756.671875,75756.671875,75756.671875,0
1789584600000,75658.5234375,75658.5234375,75579.0625,75594.90625,0
1789584900000,75594.90625,75621.4609375,75589.9921875,75620.078125,0
1789585200000,75617.25,75683.8671875,75578.703125,75670.71875,114663424
1789585500000,75674.7109375,75751.9609375,75670.3984375,75732.9375,14096384
1789585800000,75733.1484375,75786.9921875,75711.8671875,75786.9921875,0
1789586100000,75812.9921875,75988.5234375,75791.2421875,75988.5234375,172355584
1789586400000,75988.5234375,76082.7890625,75988.5234375,76030.390625,0
1789586700000,76043.6484375,76062.4765625,75990.4375,76016.6875,38346752
1789587000000,76009.1171875,76069.5234375,76000,76057.5703125,48588800
1789587300000,76047.6328125,76066.96875,76001.8828125,76059.578125,0
1789587600000,76059.4921875,76158.90625,76059.4921875,76150.4921875,0
1789587900000,76156.328125,76192.7265625,76090.6875,76159.1875,141371392
1789588200000,76149.96875,76214.78125,76137.890625,76197.9296875,0
1789588500000,76197.9375,76197.9375,76119.921875,76143.9609375,2967552
1789588800000,76144.9921875,76220.2578125,76115.1484375,76205.671875,79204352
1789589100000,76183.546875,76273.46875,76139.6171875,76264.828125,0
1789589400000,76269.9765625,76367.0078125,76239.3671875,76264.6875,0
1789589700000,76264.6875,76411.171875,76254.2890625,76378.078125,243021824
1789590000000,76377.7734375,76419.21875,76325.6015625,76418.3515625,37965824
1789590300000,76417.171875,76417.171875,76306.390625,76341.9609375,0
1789590600000,76321.5,76425.7734375,76304.796875,76365.0078125,17383424
1789590900000,76385.84375,76445.671875,76325.75,76412.0625,26327040
1789591200000,76407.640625,76422.2734375,76356.796875,76362.1328125,0
1789591500000,76362.1328125,76382.671875,76300,76340.7265625,69738496
1789591800000,76353.78125,76353.78125,76303.6875,76310.5390625,58935296
1789592100000,76310.5390625,76331.828125,76268.5703125,76273.3203125,0
1789592400000,76278.71875,76278.71875,76148.796875,76166.2265625,0
1789592700000,76159.171875,76297.5234375,76155,76199.171875,0
1789593000000,76183.5078125,76237.4921875,76159.203125,76235.390625,0
1789593300000,76238.921875,76320.96875,76152.0234375,76285.2734375,153395200
1789593600000,76295.6015625,76426.2109375,76295.6015625,76426.2109375,105709568
1789593900000,76432.15625,76585.59375,76432.15625,76565.8828125,0
1789594200000,76550.3125,76704.2578125,76522.09375,76564.8984375,69261312
1789594500000,76587.7109375,76702.6328125,76529.71875,76533.609375,159186944
1789594800000,76535.6015625,76581.796875,76434.0703125,76530.671875,73414656
1789595100000,76527.46875,76527.46875,76399.1875,76482.71875,69570560
1789595400000,76471.703125,76486.2578125,76322.6015625,76339.2109375,24291328
1789595700000,76333.34375,76337.1875,76260.0078125,76296.8125,0
1789596000000,76298.046875,76324.34375,76253.109375,76318.7578125,0
1789596300000,76318.75,76328.3984375,76078.140625,76086.8203125,4823040
1789596600000,76086.8203125,76149.2109375,76039.28125,76149.2109375,58867712
1789596900000,76129.65625,76129.65625,76055.21875,76055.21875,63780864
1789597200000,76054.953125,76056.5234375,75991.7734375,76051.203125,0
1789597500000,76052.203125,76136.296875,76048.921875,76112.6171875,218212352
1789597800000,76112.6171875,76198.7890625,76084.1796875,76193.140625,0
1789598100000,76186.078125,76371.890625,76170.796875,76322.6875,983007232
1789598400000,76322.703125,76380.8203125,76300.0078125,76352.640625,0
1789598700000,76352.6328125,76387.9765625,76289.53125,76376.796875,0
1789599000000,76362.859375,76418.1796875,76265.5390625,76292.6015625,948111360
1789599300000,76290.5,76337.0703125,76280.3125,76303.7421875,0
1789599600000,76303.7421875,76405.75,76300.953125,76385.1015625,0
1789599900000,76393.546875,76426.6015625,76365.6015625,76368.421875,7876608
1789600200000,76369.09375,76372.1171875,76333.7734375,76359.9921875,0
1789600500000,76385.109375,76387.9921875,76336.8203125,76352.9921875,75505664
1789600800000,76352.9921875,76414.1328125,76347.3203125,76414.1328125,0
1789601100000,76417.15625,76431.9765625,76393.296875,76425.046875,0
1789601400000,76423.3203125,76461.84375,76367.4921875,76431.5390625,6201344
1789601700000,76431.546875,76457.3671875,76414.5234375,76426.453125,0
1789602000000,76445.6015625,76450.2421875,76378.8125,76408.78125,45416448
1789602300000,76408.7890625,76428.578125,76389.1875,76391.8125,0
1789602600000,76403.8984375,76419.09375,76337.0234375,76361.78125,167266304
1789602900000,76361.7890625,76381.578125,76332.296875,76364.5625,0
1789603200000,76364.5703125,76364.5703125,76291.8515625,76326.7578125,0
1789603500000,76326.7734375,76326.7734375,76265.546875,76266.6484375,17737728
1789603800000,76266.65625,76266.65625,76221.6015625,76242.046875,122413056
1789604100000,76246.8203125,76254.4296875,76216.2734375,76216.2734375,0
1789604400000,76211.2109375,76211.2109375,76118.546875,76150.6484375,0
1789604700000,76143.0234375,76174.7578125,76107.21875,76128.8125,0
1789605000000,76126.53125,76149.9921875,76101.2265625,76124.671875,271915008
1789605300000,76124.671875,76275.890625,76124.671875,76265.34375,0
1789605600000,76267.5390625,76311.3515625,76247.8984375,76294.671875,100452352
1789605900000,76284,76415.34375,76254.546875,76397.9609375,53510144
1789606200000,76409.8125,76447.8828125,76353.328125,76357.609375,2992128
1789606500000,76369.59375,76512.2421875,76369.59375,76460.828125,72837120
1789606800000,76453.9765625,76560.46875,76429.609375,76449.2578125,0
1789607100000,76449.2578125,76450.1484375,76406.8203125,76427.1328125,67227648
1789607400000,76428.2578125,76428.2578125,76374.09375,76389.203125,0
1789607700000,76389.2109375,76396.5078125,76334.7109375,76336.8515625,0
1789608000000,76365.6171875,76401.8515625,76352.2109375,76401.84375,0
1789608300000,76406.9765625,76469.890625,76377.8828125,76415.171875,59576320
1789608600000,76415.171875,76415.171875,76312.75,76392.7578125,91033600
1789608900000,76403.796875,76403.796875,76307.671875,76322.640625,0
1789609200000,76324.2265625,76326.9375,76258.3984375,76276.5390625,49588224
1789609500000,76272.84375,76321.5234375,76272.5390625,76294.90625,0
1789609800000,76294.90625,76346.3984375,76293.40625,76324.2890625,740272128
1789610100000,76324.2890625,76324.2890625,76234.9296875,76250.9765625,0
1789610400000,76232.09375,76312.9375,76222.296875,76310.359375,15054848
1789610700000,76310.40625,76391.5078125,76304.203125,76391.5078125,0
1789611000000,76391.2109375,76403.34375,76368.3671875,76382.03125,0
1789611300000,76382.0234375,76382.0234375,76289.59375,76320.3671875,117800960
1789611600000,76325,76325.0078125,76254.96875,76258.9609375,0
1789611900000,76264.9375,76355.796875,76259.9296875,76355.796875,2879488
1789612200000,76387.9921875,76436.5234375,76377.6015625,76412.96875,0
1789612500000,76412.96875,76496.3203125,76412.96875,76474.28125,0
1789612800000,76469.296875,76498.9296875,76450.40625,76481.3125,36569088
1789613100000,76478.9921875,76521.140625,76465.0390625,76465.0390625,121147392
1789613400000,76464.2109375,76465.7421875,76417.46875,76426.9375,0
1789613700000,76415.5390625,76415.5390625,76384.796875,76402.921875,29231104
1789614000000,76392.6484375,76499.53125,76392.6484375,76498.796875,0
1789614300000,76498.7890625,76603.1484375,76498.7890625,76553.40625,0
1789614600000,76553.421875,76600,76445.4921875,76464.6875,13598720
1789614900000,76464.6875,76555.796875,76432.0078125,76496.109375,0
1789615200000,76482.8984375,76503.0078125,76455.5078125,76492.328125,50092032
1789615500000,76490.09375,76505.53125,76436.3203125,76447.5625,0
1789615800000,76456.0625,76461.4765625,76415.1171875,76433.5078125,152268800
1789616100000,76433.5078125,76440.8671875,76403.0234375,76408.828125,0
1789616400000,76420.296875,76459.5,76417.8515625,76426.3203125,44273664
1789616700000,76412.703125,76457.0390625,76396.890625,76424.3984375,0
1789617000000,76413.953125,76413.953125,76375.3671875,76375.3671875,0
1789617300000,76375.3671875,76377.5703125,76342.3828125,76377.5703125,0
1789617600000,76388.1328125,76454.09375,76380.6875,76450.3828125,0
1789617900000,76452.921875,76452.921875,76377.2109375,76383.2421875,0
1789618200000,76383,76421.8984375,76332.46875,76335.171875,23431168
1789618500000,76335.171875,76418.2265625,76311.4296875,76397.390625,0
1789618800000,76397.390625,76458.7890625,76394.1171875,76416.3671875,0
1789619100000,76405.46875,76451.9921875,76377.6015625,76377.6015625,0
1789619400000,76382.5078125,76415.890625,76329.3203125,76391.859375,0
1789619700000,76394.171875,76469.25,76378.96875,76461.203125,0
1789620000000,76461.3125,76461.328125,76375.96875,76414.1484375,10358784
1789620300000,76414.1484375,76416.96875,76396.9765625,76408.5703125,74452992
1789620600000,76410.8984375,76497.5234375,76410.8984375,76482.890625,0
1789620900000,76495.0234375,76514.921875,76486.046875,76497.640625,0
1789621200000,76499.859375,76598.4375,76499.859375,76588.421875,3524608
1789621500000,76588.421875,76621.171875,76558.0390625,76577.1015625,0
1789621800000,76576.203125,76651.71875,76576.203125,76611.0078125,0
1789622100000,76621.3671875,76658.4375,76578.109375,76578.890625,0
1789622400000,76582.5703125,76665.21875,76582.5703125,76616.34375,130367488
1789622700000,76616.328125,76666.921875,76604.3203125,76604.3203125,0
1789623000000,76604.3203125,76633.0703125,76569.7578125,76613.6171875,0
1789623300000,76613.6171875,76695,76602.5078125,76624.4765625,38952960
1789623600000,76612.8515625,76621.328125,76516.1875,76516.1875,0
1789623900000,76516.1796875,76572.859375,76465.3671875,76493.78125,42973184
1789624200000,76493.7890625,76493.7890625,76421.140625,76464.6171875,0
1789624500000,76464.6171875,76464.6171875,76394.34375,76395.9375,179027968
1789624800000,76394.34375,76400.9921875,76237.2109375,76298.7734375,0
1789625100000,76295.78125,76362.6484375,76295.78125,76309.90625,0
1789625400000,76322.859375,76354.1875,76298.21875,76313.8984375,36368384
1789625700000,76315.4609375,76323.15625,76248.90625,76260.40625,0
1789626000000,76260.3984375,76282.5390625,76240.84375,76258.65625,109197312
1789626300000,76258.65625,76295.703125,76250.84375,76261.46875,0
1789626600000,76262.84375,76286.53125,76244.34375,76258.7890625,64466944
1789626900000,76272.2890625,76341.5078125,76272.2890625,76314.5078125,0
1789627200000,76310.9296875,76310.9296875,76244.3515625,76244.3515625,0
1789627500000,76246.9765625,76251.2265625,76184.3828125,76229.3984375,144709632
1789627800000,76225.21875,76292.7578125,76223.0234375,76281.859375,132720640
1789628100000,76281.8515625,76330.7890625,76265.2109375,76329.953125,87543808
1789628400000,76328.5234375,76370.671875,76322.078125,76361.1171875,725956608
1789628700000,76342.4375,76342.4375,76264.1875,76296.7421875,0
1789629000000,76326.8203125,76364.953125,76305.3671875,76364.953125,41422848
1789629300000,76364.953125,76384.90625,76273.7109375,76304.9921875,124944384
1789629335000,76372.7109375,76372.7109375,76372.7109375,76372.7109375,0
1789629600000,76304.9921875,76328.8671875,76284.1015625,76284.1015625,175564800
1789629651000,76320.8984375,76320.8984375,76320.8984375,76320.8984375,0
1789629900000,76284.1015625,76284.1015625,76264.90625,76265.6171875,0
1789629962000,76265.6328125,76265.6328125,76265.6328125,76265.6328125,0
1789630200000,76315.203125,76315.203125,76273.5234375,76273.5234375,0
1789630277000,76266.046875,76266.046875,76266.046875,76266.046875,0
1789630500000,76224.5234375,76224.5234375,76189.2890625,76189.2890625,0
1789630588000,76195.890625,76195.890625,76195.890625,76195.890625,0
1789630800000,76133.5,76133.5078125,76095.1484375,76099.7734375,0
1789630904000,76116.609375,76116.609375,76116.609375,76116.609375,0
1789631100000,76120.203125,76136.5078125,76119,76134,52606976
1789631214000,76129,76129,76129,76129,0
1789631400000,76139.8125,76170.9296875,76121.953125,76158.78125,0
1789631530000,76158.78125,76158.78125,76158.78125,76158.78125,0
1789631700000,76166.7890625,76185.0703125,76164.9765625,76180.4375,117141504
1789631846000,76198.6875,76198.6875,76198.6875,76198.6875,0
1789632000000,76398.6015625,76492.203125,76376.2109375,76492.203125,123482112
1789632156000,76403.9921875,76403.9921875,76403.9921875,76403.9921875,0
1789632300000,76420.0625,76482.890625,76344.421875,76481.6484375,44892160
1789632600000,76493.546875,76741.546875,76459.5,76741.546875,10700800
1789632900000,76744.828125,76885.2734375,76739.2265625,76884.203125,109189120
1789633200000,76899.640625,76909.7421875,76819.203125,76848.9375,0
1789633414000,76853.953125,76853.953125,76853.953125,76853.953125,0
1789633500000,76855.5234375,76913.4921875,76855.5234375,76898.0078125,18321408
1789633729000,76888.40625,76888.40625,76888.40625,76888.40625,0
1789633800000,76917.5078125,77076.8984375,76869,76949.109375,25538560
1789633965000,76892.3984375,76892.3984375,76892.3984375,76892.3984375,0
1789634100000,76985.59375,76985.59375,76862.2265625,76872.1484375,362838016
1789634355000,76868.0078125,76868.0078125,76868.0078125,76868.0078125,0
1789634400000,76861.4609375,76875.21875,76786.703125,76828.21875,57151488
1789634671000,76813.09375,76813.09375,76813.09375,76813.09375,0
