ts,open,high,low,close,volume
1788220800000,2472,2473.489990234375,2470.949951171875,2471.409912109375,88903680
1788221100000,2471.409912109375,2472.97998046875,2469.550048828125,2472.97998046875,0
1788221400000,2473.18994140625,2473.68994140625,2470.969970703125,2472.2099609375,0
1788221700000,2472.2099609375,2475.8798828125,2472.2099609375,2474.010009765625,18249728
1788222000000,2474.010009765625,2475.14990234375,2473.719970703125,2474.64990234375,0
1788222300000,2474.60009765625,2477.320068359375,2474.60009765625,2475.260009765625,0
1788222600000,2475.25,2476.219970703125,2472.780029296875,2472.780029296875,0
1788222900000,2472.219970703125,2473.909912109375,2472.14990234375,2472.14990234375,0
1788223200000,2472.47998046875,2472.719970703125,2470.469970703125,2470.469970703125,0
1788223500000,2470.429931640625,2472.1298828125,2469.929931640625,2471.739990234375,122009600
1788223800000,2471.72998046875,2471.72998046875,2468.8798828125,2469.889892578125,0
1788224100000,2470.06005859375,2470.43994140625,2468,2469.530029296875,2126848
1788224400000,2468.60009765625,2473.919921875,2468.389892578125,2473.72998046875,1695744
1788224700000,2474.02001953125,2475.989990234375,2473.580078125,2474.969970703125,0
1788225000000,2474.8798828125,2475.199951171875,2472.14990234375,2472.2900390625,10135552
1788225300000,2472.699951171875,2474.0400390625,2471.5,2471.5,85726208
1788225600000,2471.39990234375,2471.800048828125,2469.760009765625,2470.22998046875,0
1788225900000,2470.25,2475.159912109375,2469.860107421875,2474.949951171875,0
1788226200000,2475.64990234375,2477.679931640625,2474.6201171875,2477.679931640625,0
1788226500000,2477.8701171875,2480.169921875,2477.239990234375,2478.68994140625,0
1788226800000,2478.39990234375,2481.5,2477.25,2481.5,0
1788227100000,2481.429931640625,2483.969970703125,2479,2483.919921875,35073024
1788227400000,2483.0400390625,2484.81005859375,2481.330078125,2483.699951171875,161115136
1788227700000,2484.0400390625,2484.639892578125,2483.02001953125,2484.070068359375,8201216
1788228000000,2483.919921875,2483.919921875,2481.85009765625,2483.139892578125,5976064
1788228300000,2483.280029296875,2483.280029296875,2478.68994140625,2478.68994140625,0
1788228600000,2478.679931640625,2479.6201171875,2477.81005859375,2479.27001953125,0
1788228900000,2478.719970703125,2478.719970703125,2474.6298828125,2475.469970703125,72328192
1788229200000,2475.590087890625,2476.139892578125,2473.169921875,2473.530029296875,3648512
1788229500000,2473.5,2476.52001953125,2473.02001953125,2475.2099609375,0
1788229800000,2475.090087890625,2477.31005859375,2475.090087890625,2475.8798828125,0
1788230100000,2476.570068359375,2477.139892578125,2474.75,2476.97998046875,0
1788230400000,2476.780029296875,2476.989990234375,2475.550048828125,2476.1298828125,59334656
1788230700000,2476.1201171875,2476.1201171875,2473.52001953125,2474.340087890625,0
1788231000000,2474.340087890625,2475.469970703125,2472.6201171875,2472.8798828125,0
1788231300000,2472.8701171875,2472.989990234375,2471.139892578125,2471.139892578125,163790848
1788231600000,2470.639892578125,2474.39990234375,2470.419921875,2473.2099609375,0
1788231900000,2472.830078125,2474.60009765625,2471.360107421875,2473.5,0
1788232200000,2473.260009765625,2473.6201171875,2472.010009765625,2473.39990234375,10977280
1788232500000,2473.72998046875,2475.530029296875,2473.22998046875,2474.179931640625,6619136
1788232800000,2474.510009765625,2475.969970703125,2473.52001953125,2474.8798828125,0
1788233100000,2474.8798828125,2476.639892578125,2472.909912109375,2474.489990234375,0
1788233400000,2474.7900390625,2475.43994140625,2473.550048828125,2475.320068359375,0
1788233700000,2474.89990234375,2475.52001953125,2466.389892578125,2468.840087890625,0
1788234000000,2468.06005859375,2470.360107421875,2466.610107421875,2470.169921875,0
1788234300000,2470.139892578125,2471.830078125,2468.10009765625,2471.68994140625,83006464
1788234600000,2472.25,2473.4599609375,2470.7099609375,2471.7900390625,0
1788234900000,2471.7900390625,2472.889892578125,2470.81005859375,2472.02001953125,0
1788235200000,2472.360107421875,2472.739990234375,2469.77001953125,2470.8798828125,0
1788235500000,2470.68994140625,2472.93994140625,2461.110107421875,2461.56005859375,21957632
1788235800000,2463.300048828125,2465.47998046875,2461.889892578125,2463.550048828125,0
1788236100000,2463.52001953125,2464.47998046875,2456.580078125,2460.909912109375,0
1788236400000,2461.219970703125,2463.3798828125,2458.199951171875,2458.93994140625,102969344
1788236700000,2457.8701171875,2459.280029296875,2447.330078125,2447.489990234375,0
1788237000000,2447.489990234375,2451.280029296875,2444.56005859375,2451.280029296875,85863424
1788237300000,2450.800048828125,2455.239990234375,2450.5400390625,2451.489990234375,89665536
1788237600000,2451.39990234375,2451.449951171875,2446.340087890625,2450.949951171875,146157568
1788237900000,2450.3798828125,2453.679931640625,2448.010009765625,2450.0400390625,52704256
1788238200000,2450.0400390625,2450.489990234375,2446.3798828125,2449.5,121204736
1788238500000,2449.10009765625,2450.429931640625,2447.050048828125,2447.610107421875,8059904
1788238800000,2448.179931640625,2448.929931640625,2443.75,2447.159912109375,0
1788239100000,2447.68994140625,2447.68994140625,2442.699951171875,2445.010009765625,54289408
1788239400000,2445.389892578125,2446.760009765625,2443.89990234375,2443.89990234375,0
1788239700000,2443.5400390625,2445.010009765625,2443.25,2444.39990234375,0
1788240000000,2444.68994140625,2450.02001953125,2444.199951171875,2449.89990234375,0
1788240300000,2449.919921875,2452.81005859375,2449.25,2450.719970703125,21520384
1788240600000,2451.31005859375,2451.659912109375,2449.25,2451.659912109375,105567232
1788240900000,2451.52001953125,2451.800048828125,2448.719970703125,2450.0400390625,15823872
1788241200000,2449.8798828125,2454.47998046875,2449.64990234375,2453.699951171875,0
1788241500000,2453.719970703125,2454.280029296875,2451.389892578125,2452.050048828125,0
1788241800000,2451.909912109375,2453.820068359375,2451,2451.889892578125,109657088
1788242100000,2452.070068359375,2453.110107421875,2451.14990234375,2451.610107421875,0
1788242400000,2451.7099609375,2453.989990234375,2451.090087890625,2451.179931640625,0
1788242700000,2451.280029296875,2452.5,2450.52001953125,2450.699951171875,0
1788243000000,2449.85009765625,2454.510009765625,2448.3701171875,2451.8798828125,0
1788243300000,2452.14990234375,2452.64990234375,2447.739990234375,2452.64990234375,0
1788243600000,2452.639892578125,2456.860107421875,2452.510009765625,2456.860107421875,13321216
1788243900000,2456.919921875,2458.6201171875,2455.159912109375,2457.22998046875,151447552
1788244200000,2457.530029296875,2462.449951171875,2457.530029296875,2460.18994140625,23485440
1788244500000,2460.2900390625,2462.800048828125,2458.830078125,2462.610107421875,0
1788244800000,2462.800048828125,2463.080078125,2460.300048828125,2460.300048828125,77808640
1788245100000,2460,2462,2458.81005859375,2458.81005859375,20203520
1788245400000,2458.929931640625,2459.3701171875,2455.449951171875,2455.97998046875,0
1788245700000,2455.969970703125,2456.969970703125,2455.280029296875,2456.239990234375,734208
1788246000000,2456.22998046875,2456.22998046875,2453.10009765625,2455.7099609375,0
1788246300000,2455.72998046875,2456.199951171875,2453.010009765625,2454,0
1788246600000,2453.989990234375,2454.56005859375,2453.409912109375,2453.77001953125,45100032
1788246900000,2454.280029296875,2455.5,2453.820068359375,2454.77001953125,10356736
1788247200000,2454.68994140625,2455.5,2451.739990234375,2455.31005859375,0
1788247500000,2455.56005859375,2456.489990234375,2453.780029296875,2455.570068359375,64431104
1788247800000,2454.89990234375,2458.580078125,2454,2458.35009765625,0
1788248100000,2458.75,2461.949951171875,2458.75,2461.919921875,0
1788248400000,2461.679931640625,2462.89990234375,2458.8701171875,2459.2099609375,71464960
1788248700000,2459.68994140625,2461.199951171875,2458.800048828125,2458.800048828125,4164608
1788249000000,2458.5400390625,2463.219970703125,2458.5400390625,2461.510009765625,112688128
1788249300000,2461.659912109375,2461.659912109375,2457.52001953125,2458.320068359375,0
1788249600000,2458.6298828125,2458.6298828125,2452.800048828125,2455.909912109375,0
1788249900000,2455.199951171875,2458.199951171875,2454.3701171875,2455.679931640625,0
1788250200000,2455.780029296875,2456.949951171875,2453.52001953125,2454.610107421875,18921472
1788250500000,2455.639892578125,2457.610107421875,2452.889892578125,2453.06005859375,37758976
1788250800000,2452.89990234375,2455.300048828125,2451.3798828125,2453.179931640625,35442688
1788251100000,2453.159912109375,2456.530029296875,2453.159912109375,2454.3798828125,0
1788251400000,2454,2454,2448.02001953125,2448.02001953125,0
1788251700000,2448.0400390625,2448.0400390625,2440.72998046875,2443.14990234375,60897280
1788252000000,2440.85009765625,2446.110107421875,2437.8798828125,2445.389892578125,47896576
1788252300000,2445,2448.6201171875,2443.830078125,2445.320068359375,0
1788252600000,2445.31005859375,2447.1298828125,2444.4599609375,2446.280029296875,78785536
1788252900000,2446.320068359375,2447.320068359375,2445.179931640625,2445.85009765625,41680896
1788253200000,2445.340087890625,2446.68994140625,2438.2900390625,2440.75,57954304
1788253500000,2440.010009765625,2442.39990234375,2430.5400390625,2436.8798828125,0
1788253800000,2438.070068359375,2442.580078125,2438.070068359375,2440.300048828125,352726016
1788254100000,2440.60009765625,2443.469970703125,2437.77001953125,2439.280029296875,28173312
1788254400000,2440.159912109375,2440.60009765625,2438.43994140625,2439.239990234375,29002752
1788254700000,2439.1201171875,2444.169921875,2439.1201171875,2443.4599609375,7352320
1788255000000,2444.1201171875,2449.31005859375,2441.8701171875,2442.340087890625,20897792
1788255300000,2443.469970703125,2444.14990234375,2433.360107421875,2436.5,21072896
1788255600000,2435.199951171875,2442.840087890625,2431,2441.89990234375,23386112
1788255900000,2441.1201171875,2448.199951171875,2439.60009765625,2444.570068359375,0
1788256200000,2444.800048828125,2447.330078125,2440.429931640625,2442.050048828125,23962624
1788256500000,2441.760009765625,2443.22998046875,2439.2900390625,2443.22998046875,0
1788256800000,2444.320068359375,2452.10009765625,2441.8798828125,2447.3798828125,153973760
1788257100000,2447.280029296875,2455.3701171875,2447.280029296875,2453.030029296875,0
1788257400000,2452.159912109375,2453.860107421875,2449.47998046875,2450.47998046875,100133888
1788257700000,2450.449951171875,2453.860107421875,2445.969970703125,2447.18994140625,20047872
1788258000000,2447.510009765625,2449.550048828125,2445.669921875,2448.7900390625,0
1788258300000,2449.739990234375,2454.030029296875,2449.739990234375,2450.409912109375,0
1788258600000,2450.219970703125,2453.840087890625,2449.800048828125,2453.39990234375,229173248
1788258900000,2453.530029296875,2455.010009765625,2452.06005859375,2452.43994140625,0
1788259200000,2453.010009765625,2454.070068359375,2450.6201171875,2454.070068359375,0
1788259500000,2454.110107421875,2456.590087890625,2453.070068359375,2453.60009765625,0
1788259800000,2453.010009765625,2454,2449.97998046875,2451.449951171875,0
1788260100000,2449.969970703125,2449.969970703125,2446.5400390625,2448.77001953125,43053056
1788260400000,2448.72998046875,2448.72998046875,2437.39990234375,2439.199951171875,0
1788260700000,2439.4599609375,2439.6298828125,2434.570068359375,2435.409912109375,0
1788261000000,2435.389892578125,2438.280029296875,2434.889892578125,2436.949951171875,1396736
1788261300000,2436.530029296875,2438.639892578125,2434.52001953125,2437.050048828125,93728768
1788261600000,2436.889892578125,2440.090087890625,2436.889892578125,2440.090087890625,0
1788261900000,2440.14990234375,2442.280029296875,2438.280029296875,2442.1201171875,0
1788262200000,2442.610107421875,2445.389892578125,2440.31005859375,2444.739990234375,7350272
1788262500000,2444,2446.179931640625,2443.6201171875,2443.699951171875,0
1788262800000,2444.010009765625,2447.550048828125,2443.780029296875,2447.340087890625,0
1788263100000,2448.139892578125,2450.510009765625,2447.14990234375,2450.510009765625,0
1788263400000,2450.25,2453.5400390625,2449.52001953125,2450.389892578125,0
1788263700000,2450.800048828125,2452.090087890625,2448.02001953125,2448.02001953125,4233216
1788264000000,2448.590087890625,2448.800048828125,2442.64990234375,2444.739990234375,25752576
1788264300000,2445.280029296875,2447.0400390625,2439.77001953125,2439.830078125,8018944
1788264600000,2440.010009765625,2440.739990234375,2433.7099609375,2433.7099609375,0
1788264900000,2434.340087890625,2437.989990234375,2431.68994140625,2432.1201171875,62689280
1788265200000,2431.60009765625,2432.35009765625,2426.669921875,2427.830078125,0
1788265500000,2428.760009765625,2434.4599609375,2428.340087890625,2432.699951171875,41373696
1788265800000,2432.72998046875,2432.72998046875,2427.449951171875,2428.739990234375,11011072
1788266100000,2428.449951171875,2432.360107421875,2419.610107421875,2432.360107421875,0
1788266400000,2432.260009765625,2434.800048828125,2427,2428.260009765625,226023424
1788266700000,2428.43994140625,2431.919921875,2427.280029296875,2430.85009765625,16967680
1788267000000,2431.550048828125,2433.949951171875,2430.1201171875,2433.949951171875,35690496
1788267300000,2434.179931640625,2434.280029296875,2431.300048828125,2431.919921875,0
1788267600000,2431.820068359375,2434.360107421875,2431.050048828125,2431.050048828125,66902016
1788267900000,2431.389892578125,2433.02001953125,2430.050048828125,2433.02001953125,0
1788268200000,2432.860107421875,2433.820068359375,2431.719970703125,2431.719970703125,0
1788268500000,2431.469970703125,2433.10009765625,2427.31005859375,2432.25,0
1788268800000,2432.5,2435.800048828125,2432.5,2434.840087890625,0
1788269100000,2434.449951171875,2434.699951171875,2430.93994140625,2432.340087890625,11607040
1788269400000,2432.39990234375,2439.050048828125,2431.860107421875,2436.570068359375,0
1788269700000,2436.570068359375,2437.090087890625,2433.679931640625,2434.360107421875,0
1788270000000,2434.1298828125,2436.4599609375,2432.5400390625,2432.5400390625,48492544
1788270300000,2432.239990234375,2432.239990234375,2424.780029296875,2426.919921875,0
1788270600000,2427.77001953125,2428.340087890625,2421,2422.169921875,43314176
1788270900000,2422.389892578125,2423.320068359375,2416.60009765625,2417.300048828125,0
1788271200000,2418.199951171875,2420.97998046875,2415.090087890625,2416.260009765625,41610240
1788271500000,2415.860107421875,2416.31005859375,2409.06005859375,2409.52001953125,110532608
1788271800000,2409.06005859375,2416.85009765625,2408.8798828125,2416.169921875,22648832
1788272100000,2416.7900390625,2417.530029296875,2411.8798828125,2412.8798828125,103048192
1788272400000,2413,2416.159912109375,2412.1201171875,2415.919921875,92523520
1788272700000,2415.280029296875,2415.570068359375,2405.6201171875,2415.330078125,0
1788273000000,2412.85009765625,2416.0400390625,2407.64990234375,2408.820068359375,171645952
1788273300000,2408.6298828125,2408.989990234375,2389.159912109375,2393.389892578125,0
1788273600000,2394.090087890625,2396.18994140625,2388.949951171875,2389.22998046875,166083584
1788273900000,2389.389892578125,2397.81005859375,2383.25,2397.81005859375,207657984
1788274200000,2397.580078125,2408.530029296875,2397.580078125,2405.81005859375,85749760
1788274500000,2405,2412.419921875,2405,2412.419921875,85282816
1788274800000,2412.22998046875,2417.949951171875,2411.760009765625,2417.949951171875,35783680
1788275100000,2418.4599609375,2418.4599609375,2412.659912109375,2414.14990234375,0
1788275400000,2414.080078125,2415.89990234375,2413.860107421875,2415.43994140625,4517888
1788275700000,2414.530029296875,2419.929931640625,2411.8701171875,2415.530029296875,244519936
1788276000000,2415.010009765625,2423,2415.010009765625,2418.780029296875,0
1788276300000,2418.820068359375,2423.419921875,2418.820068359375,2419.699951171875,0
1788276600000,2419.840087890625,2421.14990234375,2418.330078125,2418.429931640625,60285952
1788276900000,2418.43994140625,2419.7099609375,2415.8701171875,2415.8701171875,27674624
1788277200000,2415.8701171875,2418.320068359375,2415.75,2416.27001953125,0
1788277500000,2416.3701171875,2417.360107421875,2414.260009765625,2415.68994140625,65696768
1788277800000,2415.0400390625,2415.159912109375,2411.89990234375,2412.639892578125,0
1788278100000,2413.7099609375,2417.919921875,2413.3798828125,2417.6298828125,0
1788278400000,2418.14990234375,2418.14990234375,2412.81005859375,2414.919921875,53987328
1788278700000,2415.429931640625,2418,2411.860107421875,2412.699951171875,105235456
1788279000000,2412.60009765625,2419.070068359375,2412.60009765625,2419.070068359375,4446208
1788279300000,2418.669921875,2420.2099609375,2415.47998046875,2420.02001953125,0
1788279600000,2420.1298828125,2420.7900390625,2417.679931640625,2418.1201171875,0
1788279900000,2417.860107421875,2419.18994140625,2416.35009765625,2419.14990234375,95304704
1788280200000,2419.93994140625,2420.219970703125,2418.27001953125,2419.409912109375,0
1788280500000,2419.1298828125,2422.110107421875,2418.3798828125,2420.840087890625,32290816
1788280800000,2420.60009765625,2420.60009765625,2416.8798828125,2418.139892578125,66160640
1788281100000,2418.280029296875,2418.280029296875,2415.7099609375,2415.919921875,31875072
1788281400000,2416.610107421875,2419.2900390625,2415.669921875,2419.030029296875,0
1788281700000,2419.030029296875,2420.530029296875,2418.330078125,2419.93994140625,0
1788282000000,2418.659912109375,2422.02001953125,2416.81005859375,2417.840087890625,0
1788282300000,2417.739990234375,2417.739990234375,2413.550048828125,2413.550048828125,0
1788282600000,2413.199951171875,2413.199951171875,2404.419921875,2407.25,0
1788282900000,2407.8701171875,2408.340087890625,2399.840087890625,2404.5400390625,44766208
1788283200000,2405.39990234375,2414.580078125,2405.39990234375,2414.580078125,0
1788283500000,2414.89990234375,2415.679931640625,2412.260009765625,2413.919921875,237914112
1788283800000,2412.68994140625,2413.1201171875,2406.550048828125,2406.830078125,0
1788284100000,2406.860107421875,2411.070068359375,2406.7099609375,2411.070068359375,357858304
1788284400000,2411.679931640625,2411.719970703125,2409.469970703125,2411.090087890625,98979840
1788284700000,2411.5,2413.820068359375,2411.18994140625,2413.340087890625,0
1788285000000,2413.739990234375,2415.699951171875,2412.919921875,2414.429931640625,0
1788285300000,2415.070068359375,2416.31005859375,2413.159912109375,2414.260009765625,31315968
1788285600000,2413.989990234375,2417.5400390625,2412.6298828125,2415.6201171875,14433280
1788285900000,2415.320068359375,2415.820068359375,2412.389892578125,2415.280029296875,88760320
1788286200000,2415.159912109375,2416.2900390625,2414.75,2415.219970703125,10738688
1788286500000,2415.300048828125,2415.300048828125,2412.4599609375,2413.340087890625,7445504
1788286800000,2413.300048828125,2413.760009765625,2408.43994140625,2410.909912109375,0
1788287100000,2409.260009765625,2410.1298828125,2405.780029296875,2406.179931640625,11399168
1788287400000,2405.800048828125,2408.280029296875,2404.330078125,2406.35009765625,50013184
1788287700000,2406.909912109375,2408.64990234375,2406.139892578125,2406.219970703125,155389952
1788288000000,2406.22998046875,2406.97998046875,2404.580078125,2406.2900390625,29699072
1788288300000,2407.0400390625,2413.760009765625,2407.0400390625,2413.760009765625,62084096
1788288600000,2413.669921875,2414.989990234375,2411.8798828125,2411.8798828125,17821696
1788288900000,2412.080078125,2413.2900390625,2411.510009765625,2411.739990234375,16574464
1788289200000,2411.969970703125,2412.93994140625,2409.739990234375,2409.739990234375,17874944
1788289500000,2409.60009765625,2413.75,2409.60009765625,2412.85009765625,0
1788289800000,2412.860107421875,2413.2900390625,2411.360107421875,2411.780029296875,0
1788290100000,2411.81005859375,2413.7900390625,2411.570068359375,2413.7900390625,92398592
1788290400000,2413.52001953125,2413.989990234375,2411.489990234375,2413.280029296875,0
1788290700000,2413.429931640625,2415.659912109375,2412.25,2415.659912109375,30810112
1788291000000,2415.85009765625,2419.3798828125,2415.02001953125,2418.449951171875,0
1788291300000,2418.6201171875,2425.199951171875,2418.110107421875,2421.949951171875,0
1788291600000,2421.89990234375,2423.669921875,2421.739990234375,2421.989990234375,120652800
1788291900000,2421.610107421875,2424.39990234375,2420.679931640625,2422.590087890625,112695296
1788292200000,2423.2900390625,2423.389892578125,2417.72998046875,2418.090087890625,12209152
1788292500000,2418.02001953125,2418.14990234375,2417.179931640625,2417.18994140625,0
1788292800000,2417.719970703125,2419.8798828125,2415.669921875,2417.47998046875,130637824
1788293100000,2417.469970703125,2419.050048828125,2416.919921875,2418.389892578125,1978368
1788293400000,2418.090087890625,2419.050048828125,2416.8798828125,2418.739990234375,7289856
1788293700000,2419.330078125,2420.97998046875,2418.300048828125,2418.64990234375,0
1788294000000,2418.389892578125,2419.830078125,2415.510009765625,2417.300048828125,0
1788294300000,2417.31005859375,2417.31005859375,2410.8798828125,2411.31005859375,125848576
1788294600000,2411.02001953125,2414.139892578125,2409.320068359375,2411.110107421875,0
1788294900000,2410.81005859375,2412.159912109375,2406.8798828125,2408.199951171875,9664512
1788295200000,2407.820068359375,2409.93994140625,2405.219970703125,2407.679931640625,0
1788295500000,2408.610107421875,2409.699951171875,2407.780029296875,2408.929931640625,70620160
1788295800000,2409.330078125,2409.330078125,2406.300048828125,2406.919921875,16325632
1788296100000,2407.280029296875,2410.449951171875,2406.9599609375,2407.89990234375,113356800
1788296400000,2407.10009765625,2409.340087890625,2407.10009765625,2408.090087890625,0
1788296700000,2407.780029296875,2408.02001953125,2405.780029296875,2407.97998046875,0
1788297000000,2408.60009765625,2413.64990234375,2408.60009765625,2412.1298828125,40477696
1788297300000,2411.10009765625,2413.47998046875,2409,2412.4599609375,0
1788297600000,2412.47998046875,2413.989990234375,2410.35009765625,2413.989990234375,0
1788297900000,2413.949951171875,2413.949951171875,2407.739990234375,2407.739990234375,89763840
1788298200000,2407.739990234375,2410.02001953125,2405.14990234375,2405.14990234375,0
1788298500000,2404.389892578125,2404.679931640625,2400.18994140625,2400.18994140625,0
1788298800000,2400.179931640625,2400.35009765625,2393.0400390625,2394.330078125,0
1788299100000,2394.889892578125,2397.0400390625,2389.909912109375,2390.860107421875,0
1788299400000,2390.18994140625,2391.85009765625,2385.39990234375,2390.9599609375,72786944
1788299700000,2390.2099609375,2399.60009765625,2390.2099609375,2398.72998046875,296886272
1788300000000,2397.60009765625,2399.81005859375,2395.35009765625,2395.3798828125,1292288
1788300300000,2394.889892578125,2403.8701171875,2394.169921875,2399.219970703125,35509248
1788300600000,2399.18994140625,2403.25,2398.570068359375,2400.679931640625,87747584
1788300900000,2400.580078125,2404.5,2400.5400390625,2403.39990234375,9946112
1788301200000,2403.139892578125,2406.6201171875,2403.139892578125,2406.6201171875,0
1788301500000,2406.919921875,2409.47998046875,2404.419921875,2408.47998046875,18395136
1788301800000,2407.679931640625,2408.4599609375,2404.820068359375,2407.989990234375,113462272
1788302100000,2407.89990234375,2409.320068359375,2405.7900390625,2405.9599609375,12210176
1788302400000,2406.199951171875,2406.989990234375,2403.300048828125,2405.72998046875,30867456
1788302700000,2405.3798828125,2406.47998046875,2405.080078125,2406.3798828125,20956160
1788303000000,2405.8798828125,2407.070068359375,2404.7099609375,2406.27001953125,2567168
1788303300000,2406.3701171875,2408.449951171875,2406.18994140625,2408.449951171875,0
1788303600000,2408.47998046875,2410.570068359375,2407.2099609375,2410.320068359375,0
1788303900000,2410.429931640625,2412.590087890625,2409.010009765625,2410.780029296875,110493696
1788304200000,2411.60009765625,2418.8701171875,2411.39990234375,2413.93994140625,0
1788304500000,2414.340087890625,2418.320068359375,2412.580078125,2414.93994140625,65687552
1788304800000,2414.739990234375,2418.320068359375,2414.739990234375,2416.239990234375,0
1788305100000,2416.9599609375,2422.72998046875,2416.449951171875,2418.719970703125,110870528
1788305400000,2419.02001953125,2419.02001953125,2414.909912109375,2415.530029296875,27789312
1788305700000,2415.1201171875,2417.8798828125,2414.169921875,2417.8798828125,0
1788306000000,2417.639892578125,2417.639892578125,2412.840087890625,2413.389892578125,0
1788306300000,2413.510009765625,2415.969970703125,2413.510009765625,2415.590087890625,33485824
1788306600000,2415.570068359375,2415.570068359375,2412.06005859375,2413.2099609375,22103040
1788306900000,2413.43994140625,2414.0400390625,2410.699951171875,2413.199951171875,0
1788307200000,2413.18994140625,2414.010009765625,2410.989990234375,2413.3798828125,0
1788307500000,2413.219970703125,2413.800048828125,2406.669921875,2407.31005859375,0
1788307800000,2408.090087890625,2408.090087890625,2405.330078125,2406.919921875,22824960
1788308100000,2406.929931640625,2409.110107421875,2404.25,2409.070068359375,21262336
1788308400000,2409.030029296875,2411.2900390625,2408.64990234375,2410.919921875,0
1788308700000,2410.699951171875,2412.35009765625,2409.7900390625,2411.25,118298624
1788309000000,2411.409912109375,2414.39990234375,2410.7900390625,2413.8798828125,0
1788309300000,2413.97998046875,2414.679931640625,2412.510009765625,2414.679931640625,0
1788309600000,2414.669921875,2415,2413.159912109375,2414.590087890625,137285632
1788309900000,2414.8701171875,2415.1298828125,2413.570068359375,2414.6298828125,9430016
1788310200000,2415.10009765625,2415.110107421875,2413.27001953125,2413.68994140625,0
1788310500000,2413.6201171875,2414.7900390625,2413.239990234375,2413.949951171875,0
1788310800000,2414.050048828125,2415.159912109375,2410.72998046875,2410.9599609375,0
1788311100000,2410.550048828125,2411.10009765625,2408.27001953125,2409.719970703125,0
1788311400000,2409.580078125,2414.179931640625,2409.4599609375,2414.179931640625,121811968
1788311700000,2414.1201171875,2420.31005859375,2413.699951171875,2417.14990234375,0
1788312000000,2417.7099609375,2420.320068359375,2417.580078125,2419.6201171875,0
1788312300000,2420.39990234375,2422.030029296875,2418.5,2421.27001953125,0
1788312600000,2421.699951171875,2421.699951171875,2418.409912109375,2418.409912109375,129530880
1788312900000,2418.4599609375,2420.219970703125,2418.409912109375,2419.330078125,0
1788313200000,2419.5,2421.489990234375,2418.929931640625,2419.830078125,105299968
1788313500000,2420.010009765625,2423.409912109375,2419.659912109375,2422.780029296875,0
1788313800000,2421.8701171875,2422.5400390625,2420.97998046875,2421.75,20625408
1788314100000,2422.320068359375,2422.320068359375,2419.840087890625,2421.409912109375,0
1788314400000,2422.169921875,2423.39990234375,2420.219970703125,2420.97998046875,0
1788314700000,2421,2421.449951171875,2418.47998046875,2419.320068359375,0
1788315000000,2419.610107421875,2421.4599609375,2417.419921875,2417.419921875,23610368
1788315300000,2418.25,2418.949951171875,2415.280029296875,2415.31005859375,0
1788315600000,2415.3701171875,2417.429931640625,2415.3701171875,2417.429931640625,75360256
1788315900000,2417.550048828125,2421.31005859375,2417.06005859375,2417.06005859375,0
1788316200000,2417.10009765625,2417.10009765625,2414.330078125,2416.8701171875,44119040
1788316500000,2416.610107421875,2419.080078125,2415.659912109375,2419.080078125,0
1788316800000,2419.080078125,2424.080078125,2419.080078125,2421.5400390625,24208384
1788317100000,2421.5400390625,2421.5400390625,2419.9599609375,2419.9599609375,0
1788317400000,2419.75,2420.489990234375,2417.179931640625,2417.320068359375,168960
1788317700000,2416.7900390625,2419.780029296875,2415.669921875,2419.5,0
1788318000000,2420.169921875,2421.4599609375,2419.199951171875,2420.090087890625,224324608
1788318300000,2419.7900390625,2421,2419.64990234375,2421,0
1788318600000,2421.360107421875,2427.89990234375,2421.360107421875,2425.56005859375,0
1788318900000,2425.580078125,2425.580078125,2422.35009765625,2422.949951171875,0
1788319200000,2422.830078125,2424.580078125,2421.27001953125,2422.18994140625,127805440
1788319500000,2421.39990234375,2422.18994140625,2419.969970703125,2420.800048828125,16334848
1788319800000,2420.610107421875,2422.60009765625,2419.580078125,2421.070068359375,0
1788320100000,2421.340087890625,2422.080078125,2420.239990234375,2421.860107421875,0
1788320400000,2421.7099609375,2423.179931640625,2420.280029296875,2420.280029296875,60777472
1788320700000,2420.22998046875,2421.909912109375,2419.840087890625,2421.4599609375,0
1788321000000,2420.43994140625,2421.35009765625,2418.18994140625,2418.639892578125,3898368
1788321300000,2418.919921875,2420.14990234375,2416.139892578125,2416.530029296875,37170176
1788321600000,2417.360107421875,2418,2413.6298828125,2418,0
1788321900000,2418.02001953125,2419.419921875,2416.949951171875,2417.93994140625,0
1788322200000,2417.929931640625,2419.090087890625,2415.030029296875,2416.14990234375,112724992
1788322500000,2416.429931640625,2418.06005859375,2414.659912109375,2414.659912109375,0
1788322800000,2414.320068359375,2414.3798828125,2412.47998046875,2413.56005859375,0
1788323100000,2413.550048828125,2415.199951171875,2413.280029296875,2413.449951171875,0
1788323400000,2412.719970703125,2412.719970703125,2404.139892578125,2405.8798828125,105878528
1788323700000,2406.199951171875,2407.199951171875,2402.56005859375,2404.489990234375,0
1788324000000,2403.860107421875,2403.860107421875,2394.030029296875,2395.139892578125,0
1788324300000,2393.800048828125,2399.06005859375,2390.360107421875,2393.0400390625,0
1788324600000,2393.300048828125,2393.840087890625,2390.449951171875,2390.6201171875,43999232
1788324900000,2389.10009765625,2393.3701171875,2388.949951171875,2391.840087890625,41532416
1788325200000,2391.590087890625,2398.929931640625,2391.590087890625,2396.5400390625,0
1788325500000,2396.800048828125,2398.719970703125,2396.39990234375,2398,36630528
1788325800000,2397.7099609375,2397.7099609375,2394.02001953125,2394.02001953125,115318784
1788326100000,2394.489990234375,2394.919921875,2388.780029296875,2391.0400390625,0
1788326400000,2390.39990234375,2392.2099609375,2378.159912109375,2382.340087890625,0
1788326700000,2383.929931640625,2386.989990234375,2381.60009765625,2386.989990234375,99155968
1788327000000,2385.969970703125,2385.969970703125,2368.68994140625,2374.89990234375,82770944
1788327300000,2374.5400390625,2374.919921875,2369,2371.18994140625,160814080
1788327600000,2371.52001953125,2373.179931640625,2367.179931640625,2368.449951171875,73013248
1788327900000,2368,2376.030029296875,2365.719970703125,2372.3701171875,109885440
1788328200000,2372.469970703125,2375.60009765625,2372.469970703125,2372.989990234375,66991104
1788328500000,2373.010009765625,2375.909912109375,2372.010009765625,2375.52001953125,35215360
1788328800000,2375.199951171875,2375.199951171875,2370.570068359375,2370.9599609375,138313728
1788329100000,2370.580078125,2372.39990234375,2369.60009765625,2370.6298828125,0
1788329400000,2370.260009765625,2372.3701171875,2368.5,2372.3701171875,0
1788329700000,2371.5400390625,2374.719970703125,2370.179931640625,2374.550048828125,158064640
1788330000000,2374.419921875,2374.81005859375,2371.93994140625,2371.93994140625,0
1788330300000,2371.2099609375,2371.800048828125,2368.239990234375,2368.72998046875,0
1788330600000,2369.0400390625,2369.570068359375,2359.260009765625,2362.8701171875,24331264
1788330900000,2364.72998046875,2366.56005859375,2361.4599609375,2361.47998046875,0
1788331200000,2361.639892578125,2365.199951171875,2359.929931640625,2365.199951171875,52289536
1788331500000,2363.909912109375,2365.050048828125,2357.93994140625,2359.800048828125,79023104
1788331800000,2359.93994140625,2365.31005859375,2355.81005859375,2364.5,0
1788332100000,2364.89990234375,2371.800048828125,2364.89990234375,2371.800048828125,187185152
1788332400000,2370.590087890625,2374.14990234375,2366.7900390625,2367.18994140625,0
1788332700000,2367.179931640625,2375.419921875,2366.10009765625,2375.419921875,26648576
1788333000000,2372.820068359375,2375.669921875,2371.219970703125,2374.949951171875,123200512
1788333300000,2374.81005859375,2376.330078125,2370.590087890625,2370.590087890625,80975872
1788333600000,2371.389892578125,2371.389892578125,2368.159912109375,2369.31005859375,3958784
1788333900000,2369.780029296875,2373.239990234375,2368.139892578125,2373.239990234375,24391680
1788334200000,2373.3798828125,2377.81005859375,2372.409912109375,2377.81005859375,90460160
1788334500000,2378.340087890625,2380.679931640625,2377.719970703125,2379.409912109375,0
1788334800000,2379.22998046875,2380.389892578125,2375.97998046875,2376.699951171875,0
1788335100000,2376.330078125,2378.10009765625,2374.60009765625,2376.800048828125,114717696
1788335400000,2376.39990234375,2378.419921875,2376.0400390625,2376.93994140625,38180864
1788335700000,2377.699951171875,2380.8798828125,2377.699951171875,2380.52001953125,0
1788336000000,2379.39990234375,2380.179931640625,2376.820068359375,2377.39990234375,0
1788336300000,2378.510009765625,2380.0400390625,2376.760009765625,2378.300048828125,142908416
1788336600000,2378.260009765625,2381.8798828125,2377.510009765625,2380.989990234375,11429888
1788336900000,2381,2386.419921875,2377.989990234375,2383.25,10982400
1788337200000,2383.330078125,2388.820068359375,2382.389892578125,2385.81005859375,0
1788337500000,2385.2099609375,2386.81005859375,2384.8798828125,2385.469970703125,191480832
1788337800000,2385.010009765625,2385.820068359375,2382.639892578125,2383.080078125,136364032
1788338100000,2383.090087890625,2383.97998046875,2379.39990234375,2380.56005859375,54759424
1788338400000,2380.75,2381.89990234375,2380,2381.080078125,0
1788338700000,2380.919921875,2381.030029296875,2377.699951171875,2378.9599609375,0
1788339000000,2378.75,2378.75,2376.610107421875,2376.610107421875,73787392
1788339300000,2377.360107421875,2377.360107421875,2376.169921875,2376.60009765625,0
1788339600000,2376.56005859375,2382.989990234375,2376.56005859375,2381.39990234375,0
1788339900000,2382.300048828125,2384.39990234375,2380.52001953125,2382.030029296875,3007488
1788340200000,2381.8798828125,2382.97998046875,2380.409912109375,2380.5400390625,0
1788340500000,2380.64990234375,2385.409912109375,2380.60009765625,2384.669921875,0
1788340800000,2385.06005859375,2385.860107421875,2383.110107421875,2385.5400390625,0
1788341100000,2385.159912109375,2388.280029296875,2384.469970703125,2386.989990234375,83204096
1788341400000,2387.340087890625,2387.340087890625,2382.5,2384.25,0
1788341700000,2384.530029296875,2384.530029296875,2378.699951171875,2381.199951171875,0
1788342000000,2381.739990234375,2415.419921875,2380.820068359375,2414.320068359375,10730496
1788342300000,2415.1298828125,2417.739990234375,2401,2401.43994140625,0
1788342600000,2402.300048828125,2407.300048828125,2398.669921875,2401.010009765625,345524224
1788342900000,2401.52001953125,2401.719970703125,2396.360107421875,2401.719970703125,34553856
1788343200000,2400.800048828125,2402.7099609375,2395.070068359375,2398.800048828125,86277120
1788343500000,2398.969970703125,2407.02001953125,2397.43994140625,2401.97998046875,11944960
1788343800000,2402.080078125,2405.659912109375,2401.199951171875,2405.47998046875,0
1788344100000,2405.530029296875,2406.800048828125,2401.6298828125,2404.659912109375,90467328
1788344400000,2404.780029296875,2409.639892578125,2401.300048828125,2402.0400390625,0
1788344700000,2401.06005859375,2403.8798828125,2399.7900390625,2403.14990234375,21273600
1788345000000,2402.919921875,2402.919921875,2391.60009765625,2397.080078125,0
1788345300000,2396.179931640625,2397.580078125,2394.300048828125,2396.5,0
1788345600000,2396.8798828125,2402.719970703125,2396.81005859375,2402.43994140625,181653504
1788345900000,2401.60009765625,2403.3701171875,2398.580078125,2400.06005859375,61285376
1788346200000,2399.580078125,2400.06005859375,2394.139892578125,2395.4599609375,103998464
1788346500000,2396.3701171875,2397.64990234375,2392.449951171875,2393.64990234375,0
1788346800000,2392.81005859375,2396.06005859375,2383.949951171875,2392.449951171875,31383552
1788347100000,2391.60009765625,2395.5,2382.780029296875,2384.090087890625,64396288
1788347400000,2382.889892578125,2384,2378.949951171875,2384,0
1788347700000,2383.840087890625,2392.389892578125,2383.300048828125,2390.75,15100928
1788348000000,2389.8798828125,2389.8798828125,2383.199951171875,2384.550048828125,194081792
1788348300000,2384.340087890625,2389.989990234375,2384.260009765625,2387.669921875,0
1788348600000,2387.679931640625,2394.800048828125,2384.35009765625,2394.260009765625,78693376
1788348900000,2394.72998046875,2395.5,2389.610107421875,2390.679931640625,0
1788349200000,2389.77001953125,2397.60009765625,2386.7099609375,2396.2900390625,0
1788349500000,2395.669921875,2395.669921875,2386.14990234375,2386.56005859375,155246592
1788349800000,2387.10009765625,2387.25,2382.39990234375,2385.159912109375,55123968
1788350100000,2385.60009765625,2389.780029296875,2385.60009765625,2389.52001953125,0
1788350400000,2389.659912109375,2389.989990234375,2385.75,2389.989990234375,0
1788350700000,2390.97998046875,2392.6201171875,2386.659912109375,2391.820068359375,57306112
1788351000000,2391.550048828125,2395.4599609375,2391.340087890625,2393.179931640625,0
1788351300000,2393.409912109375,2397.64990234375,2391.449951171875,2397.050048828125,322928640
1788351600000,2397.889892578125,2403.550048828125,2395.60009765625,2402.409912109375,51369984
1788351900000,2402.22998046875,2402.93994140625,2395.699951171875,2397,114136064
1788352200000,2397.52001953125,2401.52001953125,2397.47998046875,2399.699951171875,0
1788352500000,2399.110107421875,2399.159912109375,2392.330078125,2394.1298828125,0
1788352800000,2393.590087890625,2393.590087890625,2387.530029296875,2387.530029296875,0
1788353100000,2388.3798828125,2390.909912109375,2387.110107421875,2389.2099609375,106734592
1788353400000,2388.81005859375,2388.830078125,2386.89990234375,2387.139892578125,9993216
1788353700000,2387.590087890625,2387.800048828125,2383.340087890625,2384.800048828125,77977600
1788354000000,2385.06005859375,2386.590087890625,2379.139892578125,2380.7900390625,0
1788354300000,2381.449951171875,2382.64990234375,2374.169921875,2376.39990234375,18877440
1788354600000,2376.300048828125,2380.550048828125,2374.989990234375,2379.360107421875,100611072
1788354900000,2378.320068359375,2379.169921875,2373.199951171875,2373.409912109375,154881024
1788355200000,2374.909912109375,2377.5,2371.800048828125,2375.93994140625,0
1788355500000,2375.469970703125,2378.469970703125,2374.68994140625,2378.469970703125,24411136
1788355800000,2378.60009765625,2383.909912109375,2377.2099609375,2382.969970703125,0
1788356100000,2382.409912109375,2385.0400390625,2381.919921875,2383.169921875,94984192
1788356400000,2383.889892578125,2388.510009765625,2382.489990234375,2388.510009765625,165538816
1788356700000,2388.550048828125,2393.25,2388.550048828125,2391.85009765625,0
1788357000000,2391.739990234375,2392.889892578125,2390.81005859375,2391.300048828125,301056
1788357300000,2391.2900390625,2392.81005859375,2389.8701171875,2392.5400390625,86737920
1788357600000,2392.60009765625,2393.929931640625,2390.280029296875,2391.919921875,0
1788357900000,2392.179931640625,2395.5400390625,2390.679931640625,2395.5400390625,0
1788358200000,2395.360107421875,2395.659912109375,2392.639892578125,2394.35009765625,95151104
1788358500000,2394.800048828125,2398.0400390625,2393.300048828125,2395.18994140625,0
1788358800000,2395.60009765625,2396.409912109375,2392.9599609375,2395.429931640625,12041216
1788359100000,2395.489990234375,2397.330078125,2394.800048828125,2395.2900390625,10904576
1788359400000,2395.5400390625,2397.050048828125,2394.25,2394.360107421875,0
1788359700000,2394.6201171875,2395.409912109375,2390.81005859375,2390.89990234375,0
1788360000000,2390.81005859375,2392.7900390625,2390.169921875,2391.159912109375,0
1788360300000,2391.5,2394.8701171875,2389.60009765625,2394.330078125,0
1788360600000,2394.530029296875,2394.590087890625,2391.64990234375,2393.800048828125,0
1788360900000,2393.860107421875,2394.830078125,2392.419921875,2394.030029296875,0
1788361200000,2393.550048828125,2394.679931640625,2392.39990234375,2394.31005859375,3292160
1788361500000,2394.260009765625,2395.800048828125,2393.199951171875,2395.199951171875,0
1788361800000,2395.669921875,2395.75,2393.199951171875,2394.97998046875,0
1788362100000,2394.89990234375,2395.97998046875,2391,2392.159912109375,0
1788362400000,2392.159912109375,2392.2900390625,2390.139892578125,2390.389892578125,0
1788362700000,2390.409912109375,2390.739990234375,2386.5400390625,2386.5400390625,0
1788363000000,2385.39990234375,2385.989990234375,2383.10009765625,2383.2900390625,0
1788363300000,2383.18994140625,2384.510009765625,2382.389892578125,2384.510009765625,0
1788363600000,2384.64990234375,2387.110107421875,2384.409912109375,2386.0400390625,73122816
1788363900000,2386,2387.570068359375,2385.31005859375,2386.27001953125,10587136
1788364200000,2385.909912109375,2388.68994140625,2385.60009765625,2386.5,9008128
1788364500000,2386.75,2392.489990234375,2384.780029296875,2392.489990234375,11161600
1788364800000,2392.6298828125,2396.60009765625,2390.449951171875,2396.469970703125,0
1788365100000,2396.2099609375,2399,2394,2394.179931640625,139433984
1788365400000,2394.14990234375,2394.2900390625,2389.81005859375,2392.56005859375,0
1788365700000,2390.929931640625,2390.929931640625,2385.679931640625,2387.5400390625,97242112
1788366000000,2388.02001953125,2396.199951171875,2388.02001953125,2394.860107421875,0
1788366300000,2394.47998046875,2394.5400390625,2390.840087890625,2390.860107421875,0
1788366600000,2390.7099609375,2394.330078125,2390.159912109375,2394.199951171875,54109184
1788366900000,2394.18994140625,2395,2392.72998046875,2393.179931640625,92861440
1788367200000,2393.030029296875,2393.030029296875,2389.72998046875,2390.610107421875,0
1788367500000,2390.1201171875,2392.39990234375,2388.1201171875,2390.669921875,0
1788367800000,2390.7099609375,2394.760009765625,2390.6201171875,2392,50266112
1788368100000,2392.030029296875,2393.889892578125,2390.840087890625,2392.77001953125,9617408
1788368400000,2392.820068359375,2392.949951171875,2391.080078125,2391.580078125,58469376
1788368700000,2391.3798828125,2392.320068359375,2390.449951171875,2391.179931640625,0
1788369000000,2391.52001953125,2393.8701171875,2391.169921875,2391.989990234375,0
1788369300000,2392.25,2392.949951171875,2390.1298828125,2391.14990234375,0
1788369600000,2391.1201171875,2392.469970703125,2391.1201171875,2392.4599609375,0
1788369900000,2392.18994140625,2392.25,2390.39990234375,2390.39990234375,0
1788370200000,2390.219970703125,2391.080078125,2388.43994140625,2388.77001953125,0
1788370500000,2388.39990234375,2393.360107421875,2388.39990234375,2393.159912109375,0
1788370800000,2392.840087890625,2394.199951171875,2392.820068359375,2393.419921875,0
1788371100000,2393.2099609375,2393.280029296875,2389.6201171875,2389.7099609375,9419776
1788371400000,2389.8701171875,2391.199951171875,2389.570068359375,2390.64990234375,0
1788371700000,2390.639892578125,2391.97998046875,2389.409912109375,2389.64990234375,5133312
1788372000000,2389.320068359375,2389.360107421875,2386.050048828125,2386.050048828125,0
1788372300000,2385.2900390625,2385.2900390625,2382.72998046875,2382.72998046875,0
1788372600000,2382.610107421875,2385.10009765625,2381.31005859375,2384.02001953125,202191872
1788372900000,2384.56005859375,2385.139892578125,2382.360107421875,2382.590087890625,0
1788373200000,2382.570068359375,2382.570068359375,2380.52001953125,2381.610107421875,69616640
1788373500000,2381.139892578125,2381.7099609375,2377.85009765625,2378.1298828125,139578368
1788373800000,2378.2900390625,2380.389892578125,2378.14990234375,2380.35009765625,0
1788374100000,2380.389892578125,2383.77001953125,2379.77001953125,2382.7099609375,74633216
1788374400000,2382.68994140625,2384.469970703125,2382.25,2382.610107421875,0
1788374700000,2381.239990234375,2382.800048828125,2379.860107421875,2380.419921875,49931264
1788375000000,2380.139892578125,2381.1201171875,2378.800048828125,2379.550048828125,0
1788375300000,2379.340087890625,2379.659912109375,2378.39990234375,2378.840087890625,0
1788375600000,2378.840087890625,2382.929931640625,2377.010009765625,2382.510009765625,0
1788375900000,2382.639892578125,2385.429931640625,2382.639892578125,2385.0400390625,61382656
1788376200000,2385.10009765625,2386.14990234375,2384.60009765625,2386.139892578125,0
1788376500000,2386.14990234375,2386.14990234375,2382.580078125,2383.419921875,20458496
1788376800000,2383.659912109375,2383.89990234375,2382.85009765625,2383.159912109375,92519424
1788377100000,2383.0400390625,2385.169921875,2382.280029296875,2385.1298828125,0
1788377400000,2384.550048828125,2387.489990234375,2383.110107421875,2383.409912109375,21499904
1788377700000,2383.110107421875,2384.10009765625,2382.8798828125,2383.02001953125,17529856
1788378000000,2383.030029296875,2383.409912109375,2382.280029296875,2383.409912109375,20640768
1788378300000,2383.43994140625,2386.9599609375,2383.43994140625,2386.760009765625,0
1788378600000,2386.81005859375,2390.719970703125,2386.81005859375,2388.679931640625,0
1788378900000,2388.679931640625,2392.3798828125,2388.669921875,2391.0400390625,0
1788379200000,2390.800048828125,2394.419921875,2390.090087890625,2393.179931640625,30609408
1788379500000,2393,2393.330078125,2387.159912109375,2388.3701171875,0
1788379800000,2388.260009765625,2390,2386.68994140625,2386.68994140625,26745856
1788380100000,2386.699951171875,2386.699951171875,2384.010009765625,2385.6201171875,28395520
1788380400000,2385.5400390625,2385.5400390625,2382.2099609375,2384.530029296875,11724800
1788380700000,2384.5,2384.7099609375,2379.81005859375,2380.050048828125,0
1788381000000,2380,2380.929931640625,2378.360107421875,2379.840087890625,0
1788381300000,2379.800048828125,2384.3798828125,2378.590087890625,2383.3701171875,0
1788381600000,2383.389892578125,2384.7900390625,2382.22998046875,2382.77001953125,0
1788381900000,2383.02001953125,2383.85009765625,2381.5400390625,2381.760009765625,0
1788382200000,2382,2382.56005859375,2379.85009765625,2380.949951171875,232466432
1788382500000,2380.949951171875,2381.75,2378.60009765625,2378.800048828125,0
1788382800000,2378.7099609375,2379.969970703125,2370,2375.300048828125,0
1788383100000,2376.449951171875,2386.93994140625,2376.449951171875,2384,0
1788383400000,2384.989990234375,2390.429931640625,2383.909912109375,2389.77001953125,0
1788383700000,2389.6201171875,2389.6201171875,2386.010009765625,2386.010009765625,49984512
1788384000000,2385.610107421875,2390.590087890625,2385.47998046875,2388.860107421875,6629376
1788384300000,2388.260009765625,2391.669921875,2387.860107421875,2391.669921875,101613568
1788384600000,2391.31005859375,2393.050048828125,2390,2392.68994140625,144444416
1788384900000,2392.919921875,2392.919921875,2386.419921875,2390.5,22178816
1788385200000,2391.27001953125,2392.85009765625,2388.2099609375,2388.340087890625,66554880
1788385500000,2388,2388.260009765625,2384.800048828125,2385.300048828125,0
1788385800000,2385.159912109375,2390.389892578125,2383.679931640625,2387.800048828125,0
1788386100000,2387.8798828125,2389.800048828125,2385.610107421875,2385.7099609375,0
1788386400000,2385.75,2386.31005859375,2383.199951171875,2383.199951171875,0
1788386700000,2382.929931640625,2386.56005859375,2381.6201171875,2382.969970703125,0
1788387000000,2383.60009765625,2390.340087890625,2383.60009765625,2390.340087890625,100178944
1788387300000,2390.27001953125,2390.27001953125,2388,2388.4599609375,0
1788387600000,2388.320068359375,2392.81005859375,2388.280029296875,2391.739990234375,0
1788387900000,2391.449951171875,2395.77001953125,2390.60009765625,2395.139892578125,0
1788388200000,2394.800048828125,2406.010009765625,2393.3701171875,2405.68994140625,0
1788388500000,2405.22998046875,2406.159912109375,2399.280029296875,2400.489990234375,41098240
1788388800000,2400.75,2405.419921875,2400.590087890625,2404.580078125,13973504
1788389100000,2403.449951171875,2406.85009765625,2401.840087890625,2405.81005859375,150800384
1788389400000,2405.070068359375,2408.7900390625,2404.3798828125,2406.010009765625,24586240
1788389700000,2405.89990234375,2406.659912109375,2404.070068359375,2405.18994140625,26921984
1788390000000,2404.27001953125,2404.699951171875,2402.949951171875,2403.02001953125,0
1788390300000,2402.639892578125,2403.989990234375,2402.3701171875,2403.3798828125,149326848
1788390600000,2403.570068359375,2407.89990234375,2402.090087890625,2406.989990234375,0
1788390900000,2406.840087890625,2409.77001953125,2404.080078125,2409.760009765625,357359616
1788391200000,2408.77001953125,2409.199951171875,2403.02001953125,2403.260009765625,0
1788391500000,2403.3701171875,2405.18994140625,2402.8798828125,2402.8798828125,8793088
1788391800000,2402.89990234375,2404.739990234375,2401.43994140625,2401.56005859375,0
1788392100000,2401.449951171875,2401.449951171875,2399.8701171875,2400.1298828125,81907712
1788392400000,2399.93994140625,2400.52001953125,2398.8701171875,2399.469970703125,31036416
1788392700000,2398.840087890625,2401.3798828125,2398.699951171875,2400.8798828125,0
1788393000000,2400.860107421875,2402.27001953125,2400.719970703125,2402.219970703125,67329024
1788393300000,2401.719970703125,2402.64990234375,2401.199951171875,2402.300048828125,0
1788393600000,2402.389892578125,2404.60009765625,2402.389892578125,2403.18994140625,0
1788393900000,2402.800048828125,2405.639892578125,2402.800048828125,2404.889892578125,0
1788394200000,2404.389892578125,2406.389892578125,2400.570068359375,2400.8701171875,0
1788394500000,2400.969970703125,2401.030029296875,2397.6201171875,2397.969970703125,9172992
1788394800000,2397.760009765625,2399.5,2396.2099609375,2398.7099609375,0
1788395100000,2398.6201171875,2399.110107421875,2396.93994140625,2397.590087890625,0
1788395400000,2397.760009765625,2399.1201171875,2397.4599609375,2397.85009765625,0
1788395700000,2397.60009765625,2398.18994140625,2397.10009765625,2397.610107421875,63578112
1788396000000,2397.6201171875,2398.2099609375,2396.340087890625,2396.639892578125,0
1788396300000,2396.800048828125,2399.780029296875,2396.800048828125,2399.219970703125,113197056
1788396600000,2399.280029296875,2407.56005859375,2399.280029296875,2406,0
1788396900000,2405.969970703125,2407.18994140625,2402.800048828125,2407.18994140625,5653504
1788397200000,2407.409912109375,2409.06005859375,2406.320068359375,2406.679931640625,0
1788397500000,2406.72998046875,2406.72998046875,2402.530029296875,2403.0400390625,11774976
1788397800000,2403.239990234375,2404.669921875,2399.760009765625,2401.080078125,146673664
1788398100000,2401.389892578125,2401.919921875,2395.60009765625,2396.110107421875,0
1788398400000,2395.85009765625,2395.85009765625,2378.89990234375,2383.820068359375,0
1788398700000,2383.919921875,2384.419921875,2378.719970703125,2383.97998046875,60893184
1788399000000,2383.10009765625,2390.47998046875,2383.10009765625,2389.300048828125,0
1788399300000,2389.580078125,2395.780029296875,2389.550048828125,2394.56005859375,171259904
1788399600000,2394.780029296875,2396.699951171875,2393.080078125,2395.300048828125,0
1788399900000,2395.31005859375,2397.3798828125,2392.60009765625,2396.64990234375,0
1788400200000,2397.2900390625,2403.39990234375,2396.840087890625,2400.81005859375,130545664
1788400500000,2401.449951171875,2404.469970703125,2401.010009765625,2403.530029296875,40511488
1788400800000,2404.780029296875,2404.780029296875,2400.139892578125,2400.860107421875,18497536
1788401100000,2400.739990234375,2402.159912109375,2399.6201171875,2400.239990234375,30867456
1788401400000,2400.010009765625,2402.280029296875,2400.010009765625,2400.35009765625,0
1788401700000,2400.949951171875,2404.5400390625,2399.89990234375,2404.39990234375,79768576
1788402000000,2404.3701171875,2404.93994140625,2402.81005859375,2404.2099609375,55968768
1788402300000,2404.199951171875,2407.4599609375,2403.739990234375,2406.919921875,0
1788402600000,2406.830078125,2407.97998046875,2405.010009765625,2407.949951171875,73369600
1788402900000,2407.889892578125,2408.530029296875,2406.669921875,2407.610107421875,0
1788403200000,2407.22998046875,2408.9599609375,2406.260009765625,2408.93994140625,59074560
1788403500000,2408.929931640625,2409.06005859375,2406.52001953125,2407.97998046875,0
1788403800000,2407.699951171875,2407.909912109375,2406.02001953125,2406.60009765625,86497280
1788404100000,2406.800048828125,2407.7900390625,2406.800048828125,2407.429931640625,12451840
1788404400000,2406.699951171875,2417.1201171875,2406.6298828125,2416.3701171875,0
1788404700000,2417.530029296875,2418.3701171875,2411.43994140625,2411.43994140625,0
1788405000000,2408.800048828125,2413.530029296875,2408.39990234375,2412,54272
1788405300000,2412.080078125,2412.080078125,2408.02001953125,2409.8701171875,34617344
1788405600000,2409.60009765625,2411.72998046875,2407.179931640625,2407.27001953125,0
1788405900000,2408,2408.5,2403.89990234375,2406.81005859375,108945408
1788406200000,2406.800048828125,2406.800048828125,2402.409912109375,2405.760009765625,255738880
1788406500000,2405.590087890625,2408.5,2404.81005859375,2408.5,0
1788406800000,2408.6298828125,2411.77001953125,2406.659912109375,2406.929931640625,75601920
1788407100000,2407.1298828125,2408.409912109375,2401.5400390625,2401.5400390625,0
1788407400000,2401.64990234375,2401.64990234375,2398.2900390625,2398.81005859375,0
1788407700000,2398.590087890625,2398.659912109375,2394.550048828125,2397.340087890625,2046976
1788408000000,2397.72998046875,2405.39990234375,2397.659912109375,2404.1298828125,0
1788408300000,2405.199951171875,2411.7900390625,2405.199951171875,2405.8798828125,36146176
1788408600000,2405.89990234375,2408.39990234375,2402.919921875,2404.389892578125,16959488
1788408900000,2404.5,2404.5,2401.199951171875,2403.56005859375,29069312
1788409200000,2403.60009765625,2404,2399.219970703125,2401.139892578125,0
1788409500000,2401.030029296875,2408.070068359375,2400.219970703125,2407.340087890625,154719232
1788409800000,2408.47998046875,2408.489990234375,2405.159912109375,2405.52001953125,24321024
1788410100000,2405.580078125,2407.070068359375,2405.2099609375,2405.469970703125,0
1788410400000,2405.0400390625,2406.10009765625,2403.820068359375,2404.10009765625,75721728
1788410700000,2404.5,2406.300048828125,2402.56005859375,2403.5,0
1788411000000,2402.699951171875,2404.18994140625,2400.239990234375,2402.3798828125,0
1788411300000,2402.330078125,2403.469970703125,2402.110107421875,2402.320068359375,0
1788411600000,2402.3701171875,2402.719970703125,2400.75,2401.800048828125,62317568
1788411900000,2401.8701171875,2404.159912109375,2400.31005859375,2403.52001953125,0
1788412200000,2403.360107421875,2406.590087890625,2402.5400390625,2403.699951171875,0
1788412500000,2403.570068359375,2405.550048828125,2400.760009765625,2401.06005859375,59850752
1788412800000,2401.360107421875,2402.389892578125,2400.02001953125,2402.0400390625,43559936
1788413100000,2401.5,2401.760009765625,2397.969970703125,2397.969970703125,0
1788413400000,2397.93994140625,2398.780029296875,2397.1298828125,2397.31005859375,0
1788413700000,2397.47998046875,2398.2099609375,2396.1201171875,2396.139892578125,0
1788414000000,2395.919921875,2396.389892578125,2392.97998046875,2395.889892578125,12279808
1788414300000,2396.090087890625,2398.18994140625,2393.64990234375,2393.840087890625,0
1788414600000,2394.10009765625,2395.969970703125,2393.43994140625,2394.389892578125,0
1788414900000,2394.139892578125,2394.2099609375,2392.360107421875,2392.47998046875,0
1788415200000,2392.090087890625,2393.64990234375,2391.169921875,2393.39990234375,2084864
1788415500000,2393.3798828125,2395.719970703125,2390.699951171875,2393.39990234375,0
1788415800000,2392.929931640625,2393.679931640625,2389.489990234375,2390.3798828125,16415744
1788416100000,2390.43994140625,2394.35009765625,2388.830078125,2394.35009765625,0
1788416400000,2394.4599609375,2397.800048828125,2394.4599609375,2395.639892578125,0
1788416700000,2395.489990234375,2396.590087890625,2393.89990234375,2395.3798828125,0
1788417000000,2395.22998046875,2396.10009765625,2392.800048828125,2392.800048828125,0
1788417300000,2391.72998046875,2391.919921875,2389.669921875,2391.89990234375,0
1788417600000,2390.64990234375,2391.179931640625,2388.89990234375,2390.489990234375,0
1788417900000,2390.429931640625,2392.3701171875,2390.39990234375,2391.050048828125,1329152
1788418200000,2390.949951171875,2396.31005859375,2390.949951171875,2394.719970703125,17489920
1788418500000,2394.7099609375,2396.429931640625,2394.7099609375,2395.639892578125,62536704
1788418800000,2395.969970703125,2397.8798828125,2394.39990234375,2396.60009765625,0
1788419100000,2396.610107421875,2399.1298828125,2395.320068359375,2399.070068359375,25029632
1788419400000,2399.070068359375,2399.070068359375,2396.7099609375,2398.6298828125,0
1788419700000,2398.64990234375,2403.530029296875,2398.64990234375,2403.35009765625,97781760
1788420000000,2403.18994140625,2403.590087890625,2400.110107421875,2402.39990234375,0
1788420300000,2401.800048828125,2405,2401.780029296875,2404.469970703125,1334272
1788420600000,2404.56005859375,2406.39990234375,2402.050048828125,2405.429931640625,0
1788420900000,2405.10009765625,2405.10009765625,2403.31005859375,2404.159912109375,146557952
1788421200000,2404.159912109375,2408.239990234375,2403.6201171875,2407.239990234375,0
1788421500000,2408.010009765625,2410.1298828125,2404.7900390625,2405.7900390625,0
1788421800000,2405.7900390625,2407.199951171875,2404.3798828125,2404.97998046875,26170368
1788422100000,2404.860107421875,2407.7900390625,2404.72998046875,2405.77001953125,16833536
1788422400000,2405.97998046875,2406.739990234375,2404.47998046875,2406.300048828125,0
1788422700000,2406.300048828125,2406.5,2404.5,2406.169921875,0
1788423000000,2406.25,2409.919921875,2405.9599609375,2408.60009765625,0
1788423300000,2408.1298828125,2410.830078125,2405.679931640625,2406.409912109375,0
1788423600000,2405.860107421875,2407.7900390625,2404.580078125,2406.89990234375,0
1788423900000,2406.89990234375,2407.429931640625,2406.31005859375,2406.919921875,38343680
1788424200000,2411.139892578125,2420.39990234375,2408.93994140625,2416.409912109375,0
1788424500000,2415.0400390625,2417.409912109375,2412.6201171875,2415.2900390625,24622080
1788424800000,2414.530029296875,2416.2099609375,2410.949951171875,2412.489990234375,69932032
1788425100000,2412.360107421875,2417.64990234375,2412.25,2416.219970703125,0
1788425400000,2417.199951171875,2423.139892578125,2415.300048828125,2422.449951171875,0
1788425700000,2421.530029296875,2425.75,2421.530029296875,2422.409912109375,125312000
1788426000000,2423.989990234375,2423.989990234375,2417.97998046875,2419.300048828125,50614272
1788426300000,2419.3798828125,2419.3798828125,2416.219970703125,2417.68994140625,0
1788426600000,2417.659912109375,2420.8701171875,2417.199951171875,2418.6298828125,138296320
1788426900000,2419.179931640625,2419.800048828125,2416.300048828125,2416.919921875,37174272
1788427200000,2416.909912109375,2420.669921875,2415.39990234375,2420.389892578125,0
1788427500000,2419.06005859375,2419.989990234375,2417.139892578125,2418.909912109375,14004224
1788427800000,2418.39990234375,2429.10009765625,2418,2426.6201171875,0
1788428100000,2426.030029296875,2431.22998046875,2422.260009765625,2430.5,46861312
1788428400000,2432.1298828125,2435.02001953125,2429.949951171875,2434.139892578125,0
1788428700000,2433.739990234375,2435.429931640625,2426.820068359375,2428.300048828125,72254464
1788429000000,2428.330078125,2431.52001953125,2425.919921875,2426.25,0
1788429300000,2425.72998046875,2429.580078125,2424.1298828125,2429.389892578125,0
1788429600000,2429.10009765625,2431.18994140625,2425.280029296875,2430.419921875,39550976
1788429900000,2430.64990234375,2435.320068359375,2430.010009765625,2433.030029296875,108010496
1788430200000,2433.389892578125,2439.360107421875,2430.199951171875,2439.360107421875,0
1788430500000,2439.360107421875,2443.1201171875,2437.8701171875,2437.8701171875,35169280
1788430800000,2438.469970703125,2446.989990234375,2438.469970703125,2446.199951171875,0
1788431100000,2445.9599609375,2451.419921875,2445.9599609375,2449.860107421875,142104576
1788431400000,2450.110107421875,2464.64990234375,2447.8701171875,2459.77001953125,190973952
1788431700000,2460,2461.489990234375,2455.330078125,2455.43994140625,70536192
1788432000000,2454.1298828125,2460.89990234375,2451.889892578125,2456.360107421875,112846848
1788432300000,2456.6201171875,2484.47998046875,2456.409912109375,2481.429931640625,130799616
1788432600000,2484.5400390625,2484.5400390625,2473.719970703125,2479.8701171875,270680064
1788432900000,2478.75,2489.5,2474.39990234375,2489.5,163400704
1788433200000,2488.72998046875,2502.7900390625,2488.72998046875,2492.10009765625,0
1788433500000,2493.800048828125,2496.260009765625,2489.39990234375,2489.39990234375,698773504
1788433800000,2489.7900390625,2490.669921875,2479.52001953125,2486.199951171875,106229760
1788434100000,2487,2489.050048828125,2483.929931640625,2486.72998046875,225567744
1788434400000,2486.75,2492.56005859375,2482.090087890625,2489.8701171875,116340736
1788434700000,2490.0400390625,2491.64990234375,2487.010009765625,2490.110107421875,53740544
1788435000000,2490.030029296875,2495.760009765625,2488.820068359375,2495.300048828125,0
1788435300000,2494.97998046875,2496.469970703125,2492.10009765625,2494.919921875,161355776
1788435600000,2494.840087890625,2497.199951171875,2493.800048828125,2493.800048828125,40878080
1788435900000,2493.27001953125,2494.949951171875,2487.4599609375,2490.989990234375,191070208
1788436200000,2491.080078125,2511.8798828125,2491.080078125,2511.18994140625,0
1788436500000,2511,2517.570068359375,2507.669921875,2516.97998046875,150717440
1788436800000,2516.919921875,2518.75,2498.580078125,2499.5400390625,0
1788437100000,2500.18994140625,2506.340087890625,2497.199951171875,2501.89990234375,354505728
1788437400000,2501.25,2504.110107421875,2499.7099609375,2501.590087890625,102816768
1788437700000,2500.68994140625,2500.68994140625,2493.35009765625,2493.35009765625,127623168
1788438000000,2493.699951171875,2496.8798828125,2492.3701171875,2492.679931640625,11087872
1788438300000,2492.159912109375,2493.0400390625,2488.60009765625,2491.7099609375,11418624
1788438600000,2492.219970703125,2497.6298828125,2492.2099609375,2497.260009765625,0
1788438900000,2497.080078125,2497.080078125,2492.43994140625,2492.610107421875,301233152
1788439200000,2492.52001953125,2493.1201171875,2488.639892578125,2489.320068359375,5803008
1788439500000,2488.85009765625,2495.85009765625,2488.409912109375,2494.719970703125,0
1788439800000,2494.510009765625,2495.800048828125,2493.0400390625,2495.080078125,3303424
1788440100000,2495.06005859375,2496.14990234375,2492.489990234375,2494.1298828125,0
1788440400000,2493.97998046875,2495.1298828125,2491.85009765625,2495.06005859375,129252352
1788440700000,2494.830078125,2497.320068359375,2492.330078125,2495.39990234375,0
1788441000000,2495.6298828125,2499.52001953125,2495.300048828125,2499.52001953125,77680640
1788441300000,2499.199951171875,2501.64990234375,2497.199951171875,2497.5,0
1788441600000,2497.1201171875,2499.669921875,2496.35009765625,2498.830078125,47939584
1788441900000,2498.949951171875,2503.469970703125,2497.570068359375,2499.739990234375,0
1788442200000,2499.77001953125,2503.739990234375,2498.6298828125,2503.739990234375,235036672
1788442500000,2503.719970703125,2505.60009765625,2501.5,2505.60009765625,73121792
1788442800000,2505.760009765625,2505.97998046875,2502.22998046875,2502.530029296875,0
1788443100000,2501.909912109375,2505.72998046875,2501.60009765625,2504.030029296875,48285696
1788443400000,2503,2504.219970703125,2500.1201171875,2500.2099609375,125955072
1788443700000,2500.419921875,2502.3798828125,2500.110107421875,2500.4599609375,0
1788444000000,2501.139892578125,2505.8701171875,2500.219970703125,2504.080078125,89317376
1788444300000,2504.219970703125,2509.159912109375,2502.669921875,2509.159912109375,3928064
1788444600000,2508.3701171875,2510.8798828125,2504.239990234375,2508.010009765625,0
1788444900000,2508.2900390625,2509.35009765625,2504.89990234375,2505.320068359375,16941056
1788445200000,2505.110107421875,2507.179931640625,2503.449951171875,2505.239990234375,255250432
1788445500000,2504.820068359375,2505.110107421875,2499.6201171875,2500.360107421875,0
1788445800000,2500.3701171875,2503.4599609375,2499.340087890625,2501.199951171875,0
1788446100000,2501.429931640625,2502.06005859375,2499.530029296875,2500.780029296875,118608896
1788446400000,2500.929931640625,2501.02001953125,2498.199951171875,2499.22998046875,121756672
1788446700000,2499.260009765625,2505.3701171875,2498.97998046875,2505.3701171875,26359808
1788447000000,2505.10009765625,2510.85009765625,2505.10009765625,2508.1201171875,19345408
1788447300000,2508.699951171875,2513.77001953125,2508.699951171875,2513.219970703125,0
1788447600000,2513.159912109375,2525.8798828125,2512.18994140625,2525.8798828125,20287488
1788447900000,2525.1298828125,2528.610107421875,2510.860107421875,2511.9599609375,107055104
1788448200000,2512.43994140625,2512.820068359375,2508.77001953125,2509.43994140625,177009664
1788448500000,2509.179931640625,2513.02001953125,2507.199951171875,2512.739990234375,240780288
1788448800000,2513.280029296875,2519.090087890625,2513.280029296875,2515.830078125,94169088
1788449100000,2515.969970703125,2516.5400390625,2511.43994140625,2514.800048828125,29366272
1788449400000,2514.679931640625,2514.81005859375,2508.8798828125,2511.68994140625,30579712
1788449700000,2511.510009765625,2513.889892578125,2509.719970703125,2513.47998046875,24274944
1788450000000,2513.320068359375,2517.75,2512.7900390625,2516.169921875,34037760
1788450300000,2515.60009765625,2517.18994140625,2510.360107421875,2511.530029296875,45586432
1788450600000,2512.669921875,2517.43994140625,2511.93994140625,2514.969970703125,0
1788450900000,2515.030029296875,2518.260009765625,2514.260009765625,2518.260009765625,121068544
1788451200000,2518.590087890625,2518.590087890625,2507.090087890625,2514.449951171875,307561472
1788451500000,2514.449951171875,2518.260009765625,2512.93994140625,2515.7099609375,100077568
1788451800000,2515.570068359375,2515.570068359375,2510.72998046875,2511.080078125,0
1788452100000,2511.85009765625,2514.85009765625,2510.47998046875,2510.47998046875,353337344
1788452400000,2511.2099609375,2511.2099609375,2507.159912109375,2507.85009765625,0
1788452700000,2507.77001953125,2511.949951171875,2506.8701171875,2510.3798828125,0
1788453000000,2511.0400390625,2511.6201171875,2505.360107421875,2505.6298828125,63492096
1788453300000,2506.52001953125,2508.389892578125,2502.800048828125,2507.56005859375,495385600
1788453600000,2507.52001953125,2507.52001953125,2503.840087890625,2503.860107421875,74780672
1788453900000,2503.9599609375,2507.929931640625,2503.85009765625,2507.239990234375,0
1788454200000,2507.340087890625,2509.110107421875,2504.97998046875,2505.43994140625,226086912
1788454500000,2505.840087890625,2506.199951171875,2504.06005859375,2505.300048828125,121309184
1788454800000,2505.22998046875,2506.64990234375,2501.10009765625,2501.6201171875,0
1788455100000,2501.659912109375,2505.280029296875,2501.43994140625,2504.659912109375,11034624
1788455400000,2506.1298828125,2512.22998046875,2505.60009765625,2511.8701171875,0
1788455700000,2511.909912109375,2511.909912109375,2509.77001953125,2510.739990234375,21303296
1788456000000,2510.580078125,2511.43994140625,2507.300048828125,2507.510009765625,81954816
1788456300000,2507.760009765625,2513.780029296875,2507.510009765625,2513.780029296875,0
1788456600000,2514.659912109375,2525.909912109375,2513.659912109375,2522.800048828125,344657920
1788456900000,2520.56005859375,2520.56005859375,2511.3798828125,2511.3798828125,81297408
1788457200000,2512.639892578125,2513.199951171875,2509.159912109375,2509.159912109375,95270912
1788457500000,2509.159912109375,2513.489990234375,2506.929931640625,2513.489990234375,0
1788457800000,2513.300048828125,2516.7900390625,2513.2900390625,2515.840087890625,0
1788458100000,2513.639892578125,2513.639892578125,2511.56005859375,2511.56005859375,361226240
1788458400000,2511.330078125,2512.739990234375,2506.239990234375,2511.35009765625,0
1788458700000,2511.389892578125,2512.570068359375,2506.43994140625,2507.080078125,0
1788459000000,2507.050048828125,2507.6201171875,2502.429931640625,2504.830078125,0
1788459300000,2505.1201171875,2506.889892578125,2504.02001953125,2504.429931640625,87924736
1788459600000,2504.580078125,2506,2502.31005859375,2502.31005859375,96186368
1788459900000,2502.340087890625,2502.340087890625,2495.010009765625,2495.010009765625,0
1788460200000,2494.780029296875,2496.639892578125,2490.610107421875,2493.429931640625,219998208
1788460500000,2493.409912109375,2496.77001953125,2492.199951171875,2493.35009765625,0
1788460800000,2493.659912109375,2497.469970703125,2493.590087890625,2497.469970703125,137209856
1788461100000,2497.419921875,2500.989990234375,2497.419921875,2499.4599609375,19210240
1788461400000,2499.22998046875,2501.760009765625,2498.56005859375,2499.050048828125,0
1788461700000,2499.030029296875,2499.330078125,2496.669921875,2496.93994140625,456704
1788462000000,2496.9599609375,2497.77001953125,2495.840087890625,2497.06005859375,88381440
1788462300000,2497.300048828125,2499.780029296875,2497.280029296875,2499.56005859375,0
1788462600000,2499.5,2499.56005859375,2495.780029296875,2497.030029296875,79609856
1788462900000,2496.89990234375,2499.409912109375,2496.89990234375,2497.760009765625,13766656
1788463200000,2498.0400390625,2499.02001953125,2496.719970703125,2497.179931640625,0
1788463500000,2497.050048828125,2502.169921875,2496.429931640625,2502.169921875,80674816
1788463800000,2502.25,2502.25,2498.75,2501.1298828125,0
1788464100000,2501.6298828125,2506.4599609375,2501.6298828125,2506.4599609375,0
1788464400000,2506.219970703125,2508.2099609375,2504.85009765625,2506.889892578125,93022208
1788464700000,2506.60009765625,2508.5400390625,2503.6298828125,2506.239990234375,37844992
1788465000000,2506.800048828125,2508.860107421875,2505.719970703125,2508.659912109375,52848640
1788465300000,2508.27001953125,2509.6201171875,2506.570068359375,2507.739990234375,6391808
1788465600000,2507.330078125,2507.840087890625,2504.090087890625,2504.530029296875,8654848
1788465900000,2505.320068359375,2507.300048828125,2503.1201171875,2506.919921875,0
1788466200000,2506.919921875,2509.60009765625,2505.340087890625,2508.14990234375,97718272
1788466500000,2508.610107421875,2512.010009765625,2505.760009765625,2506.8701171875,148658176
1788466800000,2506.550048828125,2510.4599609375,2506.300048828125,2509.3798828125,0
1788467100000,2508.489990234375,2508.860107421875,2505.139892578125,2506.60009765625,8243200
1788467400000,2506.5400390625,2512.510009765625,2504.89990234375,2512.159912109375,0
1788467700000,2511.3701171875,2514.419921875,2511.3701171875,2514.080078125,15384576
1788468000000,2514.14990234375,2515.72998046875,2505.43994140625,2506.550048828125,125675520
1788468300000,2506.6201171875,2507.840087890625,2504.179931640625,2504.5,0
1788468600000,2504.2099609375,2507.590087890625,2501.760009765625,2505.330078125,48556032
1788468900000,2505.360107421875,2505.360107421875,2501.31005859375,2501.31005859375,45678592
1788469200000,2502.010009765625,2505.52001953125,2498.89990234375,2498.9599609375,0
1788469500000,2499.85009765625,2506.68994140625,2497.6201171875,2505.800048828125,148721664
1788469800000,2505.6298828125,2508.139892578125,2503.570068359375,2504.22998046875,0
1788470100000,2504.489990234375,2508.239990234375,2504.489990234375,2506.31005859375,228653056
1788470400000,2506.360107421875,2509.909912109375,2502.760009765625,2503.610107421875,0
1788470700000,2503.31005859375,2507,2502.93994140625,2504.4599609375,0
1788471000000,2504.300048828125,2508.469970703125,2501.260009765625,2501.9599609375,69609472
1788471300000,2501.449951171875,2504.159912109375,2500.27001953125,2500.27001953125,201342976
1788471600000,2500.639892578125,2500.72998046875,2498.320068359375,2499.7900390625,4159488
1788471900000,2499.760009765625,2503.090087890625,2498.570068359375,2501.780029296875,0
1788472200000,2501.780029296875,2507.02001953125,2501.199951171875,2506.5,0
1788472500000,2506.47998046875,2508.199951171875,2505.199951171875,2506.639892578125,8617984
1788472800000,2506.89990234375,2506.89990234375,2500.7099609375,2501.39990234375,0
1788473100000,2500.43994140625,2502.659912109375,2500,2501.110107421875,0
1788473400000,2501.1201171875,2502.93994140625,2501.1201171875,2502.889892578125,0
1788473700000,2502.5400390625,2505.14990234375,2501.139892578125,2501.580078125,0
1788474000000,2501.320068359375,2502.050048828125,2499.68994140625,2499.68994140625,219592704
1788474300000,2499.679931640625,2501.050048828125,2498.300048828125,2499.320068359375,0
1788474600000,2499.969970703125,2502.669921875,2499.969970703125,2500.739990234375,18606080
1788474900000,2500.199951171875,2505,2498.1201171875,2504.72998046875,0
1788475200000,2504.75,2504.909912109375,2500.530029296875,2500.530029296875,0
1788475500000,2500.340087890625,2500.889892578125,2499.7900390625,2499.840087890625,0
1788475800000,2500.18994140625,2504.4599609375,2500.010009765625,2504.4599609375,124389376
1788476100000,2504.6298828125,2507.64990234375,2504.469970703125,2507.64990234375,10573824
1788476400000,2507.93994140625,2513.010009765625,2507.93994140625,2510.929931640625,0
1788476700000,2510.64990234375,2517.18994140625,2510.64990234375,2513.510009765625,261771264
1788477000000,2513.72998046875,2513.8798828125,2510.159912109375,2511.050048828125,15921152
1788477300000,2510.760009765625,2511.3798828125,2509.239990234375,2510.909912109375,101738496
1788477600000,2511.139892578125,2511.8798828125,2510.510009765625,2510.510009765625,0
1788477900000,2509.3701171875,2509.3701171875,2507.18994140625,2507.199951171875,127657984
1788478200000,2507.60009765625,2508.93994140625,2505.469970703125,2505.800048828125,0
1788478500000,2505.7900390625,2507.5,2505.070068359375,2505.070068359375,325632
1788478800000,2505.97998046875,2506.469970703125,2504.969970703125,2506.4599609375,0
1788479100000,2506.419921875,2508.239990234375,2504.9599609375,2506.330078125,162750464
1788479400000,2506.610107421875,2507.070068359375,2505.300048828125,2506.1298828125,8781824
1788479700000,2505.6201171875,2506.7900390625,2504.830078125,2504.840087890625,0
1788480000000,2504.840087890625,2504.840087890625,2502.3798828125,2503.2900390625,0
1788480300000,2503.280029296875,2504.27001953125,2502.800048828125,2503.090087890625,7325696
1788480600000,2503.110107421875,2507.260009765625,2502.719970703125,2507.219970703125,1095680
1788480900000,2507.239990234375,2510.31005859375,2506.75,2510.280029296875,25430016
1788481200000,2510.280029296875,2516.8701171875,2510.280029296875,2516.8701171875,20588544
1788481500000,2517.18994140625,2524.35009765625,2514.570068359375,2523.43994140625,0
1788481800000,2523.300048828125,2524.60009765625,2517.97998046875,2521.25,114300928
1788482100000,2521.179931640625,2521.179931640625,2516.489990234375,2517.080078125,230807552
1788482400000,2516.5400390625,2517.449951171875,2511.9599609375,2511.9599609375,0
1788482700000,2511.3798828125,2513.219970703125,2509.31005859375,2509.31005859375,159414272
1788483000000,2508.800048828125,2509.699951171875,2507.97998046875,2508.18994140625,50452480
1788483300000,2508.5400390625,2510.280029296875,2508.5400390625,2509.06005859375,0
1788483600000,2507.679931640625,2508.389892578125,2506.469970703125,2508.1298828125,0
1788483900000,2507.610107421875,2513.360107421875,2507.1201171875,2512.159912109375,1724416
1788484200000,2511.85009765625,2514.3798828125,2510.14990234375,2511.070068359375,95025152
1788484500000,2511.06005859375,2515.75,2510.409912109375,2514.68994140625,0
1788484800000,2514.2099609375,2515.840087890625,2512,2515.840087890625,83820544
1788485100000,2515.639892578125,2516.14990234375,2510.72998046875,2510.800048828125,0
1788485400000,2510.669921875,2511.60009765625,2507.06005859375,2510.409912109375,0
1788485700000,2510,2511.949951171875,2508.47998046875,2508.47998046875,7561216
1788486000000,2508.47998046875,2511.72998046875,2508.47998046875,2511.5,0
1788486300000,2511.580078125,2513.760009765625,2507.260009765625,2507.260009765625,90114048
1788486600000,2507.239990234375,2507.610107421875,2504.199951171875,2504.52001953125,18991104
1788486900000,2504.530029296875,2510.1201171875,2504.530029296875,2508.8798828125,16918528
1788487200000,2508.360107421875,2508.469970703125,2506.969970703125,2508.419921875,0
1788487500000,2507.93994140625,2510.39990234375,2507.06005859375,2510.06005859375,0
1788487800000,2510.320068359375,2518.919921875,2510.320068359375,2514.7900390625,197279744
1788488100000,2514.56005859375,2514.56005859375,2511.949951171875,2512.530029296875,79687680
1788488400000,2512,2512,2508.6298828125,2508.6298828125,81707008
1788488700000,2508.590087890625,2508.919921875,2504.739990234375,2505.14990234375,0
1788489000000,2505.219970703125,2506.5,2504.489990234375,2504.489990234375,0
1788489300000,2504.580078125,2506.5400390625,2500.030029296875,2506.10009765625,113102848
1788489600000,2506.110107421875,2508.47998046875,2506.110107421875,2508.47998046875,35571712
1788489900000,2508.409912109375,2508.60009765625,2504.8701171875,2505.760009765625,0
1788490200000,2505.5,2506.889892578125,2503.800048828125,2506.77001953125,38354944
1788490500000,2506.6298828125,2507.72998046875,2506.2900390625,2507.719970703125,75175936
1788490800000,2507.77001953125,2512.699951171875,2507.6298828125,2512.6298828125,0
1788491100000,2513.280029296875,2514.5,2512.0400390625,2514.39990234375,17305600
1788491400000,2514.719970703125,2515.800048828125,2513.43994140625,2514.719970703125,0
1788491700000,2514.860107421875,2514.860107421875,2511.97998046875,2514.1298828125,226617344
1788492000000,2514.7099609375,2515.360107421875,2509.39990234375,2510.169921875,6686720
1788492300000,2510.030029296875,2512.639892578125,2509.93994140625,2511.010009765625,6563840
1788492600000,2512.360107421875,2512.43994140625,2508.72998046875,2509.1201171875,0
1788492900000,2509.179931640625,2509.409912109375,2504.93994140625,2506.159912109375,0
1788493200000,2506.550048828125,2507.31005859375,2505.409912109375,2506.580078125,33318912
1788493500000,2506.75,2508.360107421875,2504.280029296875,2507.550048828125,0
1788493800000,2506.8798828125,2507.27001953125,2504.2099609375,2504.409912109375,204908544
1788494100000,2504.219970703125,2505.2900390625,2503.820068359375,2504.179931640625,283301888
1788494400000,2504.169921875,2505.969970703125,2502.919921875,2505.18994140625,0
1788494700000,2505.719970703125,2509.280029296875,2503.110107421875,2508.989990234375,16685056
1788495000000,2508.820068359375,2512.77001953125,2508.820068359375,2512.56005859375,0
1788495300000,2512.47998046875,2515.330078125,2511.18994140625,2515.25,0
1788495600000,2514.989990234375,2514.989990234375,2512.570068359375,2514.669921875,3952640
1788495900000,2514.739990234375,2516.800048828125,2514.219970703125,2516.56005859375,10264576
1788496200000,2516.050048828125,2519,2514.010009765625,2518.5400390625,192032768
1788496500000,2519.800048828125,2520.64990234375,2517.429931640625,2519.610107421875,58525696
1788496800000,2519.39990234375,2521.02001953125,2517.800048828125,2518.9599609375,71901184
1788497100000,2518.469970703125,2529.3701171875,2516.219970703125,2524.860107421875,30990336
1788497400000,2525.260009765625,2531,2522.5400390625,2529.25,237924352
1788497700000,2529.050048828125,2529.050048828125,2523.860107421875,2526.8798828125,12191744
1788498000000,2527.14990234375,2531.81005859375,2525.239990234375,2530.5,57638912
1788498300000,2530.840087890625,2531.1201171875,2526.8701171875,2528.25,85635072
1788498600000,2528.580078125,2534.570068359375,2526.8798828125,2529.669921875,0
1788498900000,2530.43994140625,2545.89990234375,2530.43994140625,2538.6298828125,0
1788499200000,2538.4599609375,2538.89990234375,2522.3798828125,2522.3798828125,45312000
1788499500000,2523.179931640625,2524.780029296875,2519.419921875,2521.909912109375,492972032
1788499800000,2521.739990234375,2528.3701171875,2519.93994140625,2526.6298828125,0
1788500100000,2526.489990234375,2532.909912109375,2524.580078125,2530,396634112
1788500400000,2530.010009765625,2531.909912109375,2528.360107421875,2529.139892578125,72771584
1788500700000,2529.219970703125,2530.320068359375,2522.43994140625,2523.820068359375,0
1788501000000,2523.919921875,2524.199951171875,2520.43994140625,2523.739990234375,87394304
1788501300000,2523.659912109375,2525.840087890625,2520.489990234375,2520.68994140625,47407104
1788501600000,2520.4599609375,2524.5,2519,2524.5,0
1788501900000,2524.4599609375,2524.4599609375,2517.9599609375,2518.239990234375,102316032
1788502200000,2518.699951171875,2521.22998046875,2517.389892578125,2519.580078125,0
1788502500000,2519.7900390625,2519.7900390625,2514.5400390625,2516.3701171875,274573312
1788502800000,2516.830078125,2518.300048828125,2515.610107421875,2516.860107421875,62201856
1788503100000,2515.719970703125,2521.719970703125,2515.719970703125,2521.219970703125,0
1788503400000,2520.669921875,2525.169921875,2519.47998046875,2522.389892578125,46141440
1788503700000,2522.510009765625,2527.2900390625,2522.1201171875,2527.2900390625,0
1788504000000,2527.159912109375,2527.889892578125,2525.580078125,2527.75,499062784
1788504300000,2527.699951171875,2528.199951171875,2525.56005859375,2525.81005859375,8040448
1788504600000,2525.739990234375,2525.739990234375,2522.85009765625,2524.739990234375,264560640
1788504900000,2524.659912109375,2526.5,2524.56005859375,2526.139892578125,0
1788505200000,2526.02001953125,2526.02001953125,2520.02001953125,2521.81005859375,0
1788505500000,2521.929931640625,2524.77001953125,2521.7900390625,2523.340087890625,5279744
1788505800000,2523.010009765625,2524.4599609375,2521.7099609375,2522.6298828125,0
1788506100000,2522.52001953125,2525,2521.68994140625,2522.830078125,202493952
1788506400000,2522.830078125,2525.8701171875,2521.7099609375,2524.64990234375,42608640
1788506700000,2524.610107421875,2527.080078125,2523.8798828125,2525.3798828125,53364736
1788507000000,2524.199951171875,2525.110107421875,2522.93994140625,2523.159912109375,34326528
1788507300000,2523.159912109375,2527.449951171875,2523.159912109375,2526.260009765625,0
1788507600000,2526.31005859375,2526.47998046875,2522.949951171875,2525.179931640625,213983232
1788507900000,2524.949951171875,2526.25,2524.199951171875,2525.27001953125,0
1788508200000,2525.360107421875,2527.139892578125,2523.60009765625,2524.5,0
1788508500000,2524.6201171875,2525.510009765625,2521.840087890625,2522.97998046875,153618432
1788508800000,2523.280029296875,2525.18994140625,2520.919921875,2522.530029296875,0
1788509100000,2523.469970703125,2525.570068359375,2520.889892578125,2524.320068359375,0
1788509400000,2524,2524.669921875,2520.72998046875,2524.669921875,15706112
1788509700000,2524.139892578125,2524.139892578125,2519.360107421875,2521.25,52166656
1788510000000,2521.06005859375,2522.52001953125,2519.3798828125,2522.050048828125,45035520
1788510300000,2521.929931640625,2531.14990234375,2521.199951171875,2531.14990234375,0
1788510600000,2525.669921875,2525.669921875,2439.889892578125,2459.64990234375,0
1788510900000,2455.199951171875,2461.840087890625,2442.39990234375,2460.580078125,629309440
1788511200000,2461.0400390625,2468.5,2450.659912109375,2451.639892578125,1062393856
1788511500000,2449.2900390625,2449.679931640625,2435.219970703125,2448.199951171875,161728512
1788511800000,2448.81005859375,2457.639892578125,2443.93994140625,2457.639892578125,517259264
1788512100000,2456,2457.110107421875,2446.860107421875,2451.35009765625,108400640
1788512400000,2450,2454.580078125,2447.0400390625,2448.25,84064256
1788512700000,2448.050048828125,2452.919921875,2445.60009765625,2448.580078125,122425344
1788513000000,2448.919921875,2449.27001953125,2444.580078125,2445.610107421875,131653632
1788513300000,2446.429931640625,2454.10009765625,2445.0400390625,2451.2900390625,66402304
1788513600000,2451.340087890625,2454.5400390625,2450.860107421875,2452.2900390625,252250112
1788513900000,2451.2099609375,2455.1298828125,2448.81005859375,2449.8701171875,72566784
1788514200000,2450.72998046875,2455.969970703125,2442.1201171875,2444.429931640625,113584128
1788514500000,2444.320068359375,2450.0400390625,2435.14990234375,2448.199951171875,0
1788514800000,2448.929931640625,2450.89990234375,2445,2450.2900390625,0
1788515100000,2450.449951171875,2463.510009765625,2449.320068359375,2460.260009765625,334350336
1788515400000,2460.75,2461.389892578125,2447.830078125,2449.8798828125,0
1788515700000,2450.080078125,2455.419921875,2449.2900390625,2451.860107421875,0
1788516000000,2451.81005859375,2457.800048828125,2451.179931640625,2453.969970703125,38178816
1788516300000,2453.97998046875,2456.72998046875,2448.280029296875,2450.75,0
1788516600000,2450.080078125,2454.8798828125,2447.800048828125,2453.639892578125,270305280
1788516900000,2453.659912109375,2456.050048828125,2445.739990234375,2445.739990234375,37187584
1788517200000,2445.610107421875,2454.39990234375,2443.699951171875,2452.840087890625,0
1788517500000,2453.81005859375,2454.97998046875,2451.3798828125,2453.429931640625,0
1788517800000,2453.47998046875,2455.60009765625,2451.77001953125,2453.75,0
1788518100000,2455.570068359375,2457.969970703125,2449.360107421875,2451.889892578125,0
1788518400000,2451.31005859375,2452.06005859375,2440,2443.60009765625,0
1788518700000,2444.1201171875,2447.27001953125,2434.47998046875,2434.47998046875,8939520
1788519000000,2434.60009765625,2441.429931640625,2430.550048828125,2437.75,0
1788519300000,2438.320068359375,2443.06005859375,2438.14990234375,2439.739990234375,37326848
1788519600000,2440.260009765625,2443.2900390625,2437.419921875,2442.739990234375,0
1788519900000,2442.580078125,2447.449951171875,2440.52001953125,2447.449951171875,0
1788520200000,2447.6201171875,2448.39990234375,2445.419921875,2448.39990234375,0
1788520500000,2448.7099609375,2451.2900390625,2448.10009765625,2449.780029296875,149979136
1788520800000,2451.27001953125,2453.030029296875,2450,2453.010009765625,0
1788521100000,2453.469970703125,2456.219970703125,2453.02001953125,2454.739990234375,0
1788521400000,2454.39990234375,2456.3701171875,2452.97998046875,2453.050048828125,0
1788521700000,2453.27001953125,2457.320068359375,2452.77001953125,2457.320068359375,0
1788522000000,2457.14990234375,2458.18994140625,2455.860107421875,2455.97998046875,0
1788522300000,2455.969970703125,2456.090087890625,2451.669921875,2451.9599609375,87932928
1788522600000,2452.080078125,2455.52001953125,2452.080078125,2453.85009765625,0
1788522900000,2454.31005859375,2455.85009765625,2451.52001953125,2451.97998046875,0
1788523200000,2451.64990234375,2452.820068359375,2450.409912109375,2450.56005859375,0
1788523500000,2451.340087890625,2454.5400390625,2450.969970703125,2452.320068359375,0
1788523800000,2452.260009765625,2453.570068359375,2450.780029296875,2450.780029296875,207669248
1788524100000,2451.52001953125,2453.1201171875,2450.409912109375,2451.5400390625,0
1788524400000,2451.530029296875,2454.1298828125,2451.409912109375,2451.6201171875,0
1788524700000,2452.0400390625,2454.580078125,2451.02001953125,2454.580078125,0
1788525000000,2454.580078125,2461.320068359375,2454.199951171875,2459.419921875,0
1788525300000,2458.449951171875,2460.199951171875,2456.52001953125,2457.300048828125,0
1788525600000,2457.25,2461.449951171875,2457.25,2461.449951171875,80896000
1788525900000,2461.580078125,2462.070068359375,2459.5400390625,2461.389892578125,7366656
1788526200000,2461.169921875,2464.239990234375,2460.6298828125,2461.35009765625,0
1788526500000,2461.449951171875,2462.760009765625,2459.110107421875,2460.429931640625,178464768
1788526800000,2460.929931640625,2460.929931640625,2455.800048828125,2456.830078125,33308672
1788527100000,2457,2458.050048828125,2455.68994140625,2455.68994140625,0
1788527400000,2455.699951171875,2456.159912109375,2452.77001953125,2452.77001953125,0
1788527700000,2451.949951171875,2451.949951171875,2448.919921875,2450.72998046875,152895488
1788528000000,2450.830078125,2452.3701171875,2449.739990234375,2450.580078125,0
1788528300000,2450.320068359375,2451,2447.659912109375,2447.919921875,56895488
1788528600000,2448.090087890625,2450.27001953125,2448.090087890625,2449.179931640625,170299392
1788528900000,2449.0400390625,2449.81005859375,2446.9599609375,2448.969970703125,0
1788529200000,2448.739990234375,2448.739990234375,2445,2447.3701171875,12888064
1788529500000,2447.580078125,2447.580078125,2445.219970703125,2445.360107421875,0
1788529800000,2445.169921875,2446.43994140625,2443.1201171875,2446.43994140625,180926464
1788530100000,2447.030029296875,2447.030029296875,2445.4599609375,2445.47998046875,8830976
1788530400000,2445.889892578125,2449.429931640625,2445.889892578125,2448.89990234375,0
1788530700000,2448.75,2450.429931640625,2446.81005859375,2448.77001953125,0
1788531000000,2448.81005859375,2448.81005859375,2445.300048828125,2445.300048828125,0
1788531300000,2445.27001953125,2449.169921875,2445.27001953125,2448.449951171875,19558400
1788531600000,2448.93994140625,2450,2448.489990234375,2448.8798828125,115329024
1788531900000,2448.840087890625,2449.5400390625,2447.929931640625,2448.360107421875,0
1788532200000,2448.85009765625,2451.090087890625,2448.81005859375,2450.81005859375,48488448
1788532500000,2450.800048828125,2451.4599609375,2449.2099609375,2451.199951171875,0
1788532800000,2451.139892578125,2452.219970703125,2450.989990234375,2451.25,0
1788533100000,2451.3701171875,2451.7099609375,2449.919921875,2450.179931640625,0
1788533400000,2450.06005859375,2450.8798828125,2449.4599609375,2450.449951171875,13701120
1788533700000,2450.6298828125,2451.5400390625,2449.5,2450.679931640625,0
1788534000000,2451.22998046875,2455.199951171875,2451.110107421875,2454.35009765625,0
1788534300000,2454.239990234375,2455.43994140625,2453.56005859375,2454.10009765625,0
1788534600000,2454.260009765625,2454.570068359375,2452.070068359375,2454.449951171875,0
1788534900000,2454.530029296875,2456.77001953125,2454.1201171875,2456.219970703125,10192896
1788535200000,2456.25,2457.60009765625,2455.2099609375,2457.35009765625,0
1788535500000,2457.580078125,2458.35009765625,2456.360107421875,2457.639892578125,0
1788535800000,2457.330078125,2457.360107421875,2455.219970703125,2457.169921875,100902912
1788536100000,2456.590087890625,2456.77001953125,2454.35009765625,2454.760009765625,0
1788536400000,2454.760009765625,2456.639892578125,2453.72998046875,2455.199951171875,0
1788536700000,2454.9599609375,2457.47998046875,2454.590087890625,2456.8798828125,38557696
1788537000000,2457.3798828125,2457.3798828125,2454.159912109375,2456,0
1788537300000,2456.18994140625,2457.5400390625,2455.02001953125,2456.159912109375,0
1788537600000,2454.8798828125,2458.85009765625,2454.8798828125,2457.219970703125,37482496
1788537900000,2456.580078125,2457.60009765625,2454.510009765625,2454.989990234375,0
1788538200000,2455.0400390625,2456.14990234375,2453.35009765625,2453.85009765625,0
1788538500000,2453.8701171875,2456.139892578125,2453.610107421875,2456.139892578125,0
1788538800000,2455.719970703125,2457.489990234375,2453.22998046875,2453.22998046875,0
1788539100000,2453.22998046875,2454.659912109375,2452.60009765625,2453.56005859375,3885056
1788539400000,2453.510009765625,2453.760009765625,2452.419921875,2453.10009765625,0
1788539700000,2453.219970703125,2455.10009765625,2452.889892578125,2454.1201171875,0
1788540000000,2454.18994140625,2454.43994140625,2452.580078125,2454.360107421875,0
1788540300000,2454.429931640625,2455.989990234375,2453.77001953125,2454.969970703125,0
1788540600000,2454.739990234375,2454.739990234375,2451.2900390625,2452.93994140625,0
1788540900000,2452.909912109375,2453.169921875,2451.31005859375,2451.489990234375,0
1788541200000,2451.4599609375,2454.050048828125,2451.4599609375,2453.590087890625,0
1788541500000,2453.320068359375,2455.27001953125,2453.06005859375,2454,188698624
1788541800000,2454.330078125,2455.06005859375,2454,2454.050048828125,42037248
1788542100000,2453.949951171875,2455.330078125,2453.840087890625,2454.840087890625,0
1788542400000,2454.949951171875,2455.68994140625,2454.2900390625,2454.31005859375,0
1788542700000,2453.6298828125,2454.780029296875,2452.919921875,2453.590087890625,0
1788543000000,2453.719970703125,2456.14990234375,2453.719970703125,2455.68994140625,0
1788543300000,2455.72998046875,2456.60009765625,2455.27001953125,2455.530029296875,0
1788543600000,2456.389892578125,2457.9599609375,2456.179931640625,2457.179931640625,0
1788543900000,2457.1201171875,2457.68994140625,2455,2455.4599609375,0
1788544200000,2455.530029296875,2456.639892578125,2450.929931640625,2453.590087890625,96706560
1788544500000,2453.56005859375,2453.570068359375,2452.110107421875,2452.429931640625,0
1788544800000,2452.659912109375,2455.1298828125,2452.659912109375,2453.840087890625,0
1788545100000,2453.219970703125,2453.840087890625,2452.639892578125,2452.9599609375,114749440
1788545400000,2453,2453.820068359375,2452.0400390625,2453.2900390625,0
1788545700000,2452.97998046875,2453.320068359375,2451.68994140625,2452.639892578125,113547264
1788546000000,2452.93994140625,2454.47998046875,2452.0400390625,2452.070068359375,0
1788546300000,2452.02001953125,2453.5400390625,2451.81005859375,2453.159912109375,0
1788546600000,2453.169921875,2453.889892578125,2452.989990234375,2453.469970703125,0
1788546900000,2453.60009765625,2455.070068359375,2453.5,2454.110107421875,0
1788547200000,2454.070068359375,2454.280029296875,2452.81005859375,2452.81005859375,0
1788547500000,2452.510009765625,2452.760009765625,2451.449951171875,2452.18994140625,0
1788547800000,2452.409912109375,2453.1298828125,2451.60009765625,2451.639892578125,0
1788548100000,2451.97998046875,2452.469970703125,2450.909912109375,2451.5400390625,0
1788548400000,2451.530029296875,2452.0400390625,2450.550048828125,2452.0400390625,0
1788548700000,2451.97998046875,2452.0400390625,2450.919921875,2451.159912109375,47452160
1788549000000,2451.1298828125,2451.75,2450.7900390625,2450.909912109375,0
1788549300000,2451.3798828125,2451.8701171875,2450.81005859375,2451.449951171875,0
1788549600000,2452.169921875,2454.580078125,2452.169921875,2454.5,0
1788549900000,2454.5,2455.6298828125,2454.06005859375,2454.06005859375,9400320
1788550200000,2454.06005859375,2454.06005859375,2452.949951171875,2453.3798828125,0
1788550500000,2453.320068359375,2454.610107421875,2453.25,2454.14990234375,0
1788550800000,2454.139892578125,2454.2900390625,2453.68994140625,2454.22998046875,0
1788551100000,2454.199951171875,2455.070068359375,2454.070068359375,2455.06005859375,0
1788551400000,2454.860107421875,2455.510009765625,2454.5400390625,2455.27001953125,0
1788551700000,2455.280029296875,2456.489990234375,2454.949951171875,2456.080078125,0
1788552000000,2456.530029296875,2456.530029296875,2455.320068359375,2455.6298828125,0
1788552300000,2455.6201171875,2455.679931640625,2453.969970703125,2455.550048828125,0
1788552600000,2455.760009765625,2457.39990234375,2454.820068359375,2455.320068359375,0
1788552900000,2455.330078125,2455.4599609375,2453.800048828125,2453.89990234375,0
1788553200000,2453.9599609375,2454.820068359375,2453.3798828125,2453.389892578125,103530496
1788553500000,2453.77001953125,2454.35009765625,2452.93994140625,2453.489990234375,0
1788553800000,2453.47998046875,2454.5,2452.469970703125,2452.639892578125,128198656
1788554100000,2452.580078125,2454.919921875,2452.52001953125,2454.919921875,6991872
1788554400000,2454.929931640625,2456.219970703125,2454.300048828125,2454.4599609375,19154944
1788554700000,2454.4599609375,2454.4599609375,2451.8798828125,2453.300048828125,0
1788555000000,2453.300048828125,2455.510009765625,2453.2900390625,2455.179931640625,0
1788555300000,2455.1298828125,2455.60009765625,2452.110107421875,2452.320068359375,409600
1788555600000,2452.56005859375,2454.300048828125,2451.909912109375,2454.27001953125,0
1788555900000,2454.18994140625,2455.5400390625,2453.780029296875,2455.199951171875,0
1788556200000,2455.409912109375,2456.2099609375,2453.739990234375,2454.010009765625,0
1788556500000,2453.989990234375,2456.14990234375,2453.989990234375,2454.570068359375,0
1788556800000,2454.419921875,2454.449951171875,2453.110107421875,2454.340087890625,0
1788557100000,2454.260009765625,2456.56005859375,2452.81005859375,2456.56005859375,0
1788557400000,2456.590087890625,2456.590087890625,2455.27001953125,2455.550048828125,0
1788557700000,2455.550048828125,2455.550048828125,2453.639892578125,2454.4599609375,0
1788558000000,2454.22998046875,2454.93994140625,2453.780029296875,2454.2900390625,0
1788558300000,2454.340087890625,2455.050048828125,2452.81005859375,2452.81005859375,90638336
1788558600000,2452.81005859375,2454.2099609375,2452.409912109375,2453.3798828125,0
1788558900000,2453.510009765625,2453.510009765625,2452.159912109375,2452.159912109375,130263040
1788559200000,2452.1298828125,2452.409912109375,2450.449951171875,2451.110107421875,0
1788559500000,2451.0400390625,2452.5,2450.929931640625,2452.5,2955264
1788559800000,2452.489990234375,2453.18994140625,2452.14990234375,2452.2099609375,0
1788560100000,2452.47998046875,2453.330078125,2452.330078125,2452.81005859375,50628608
1788560400000,2452.969970703125,2453.590087890625,2452.3701171875,2453.5400390625,131123200
1788560700000,2453.469970703125,2453.590087890625,2450.989990234375,2451.02001953125,2301952
1788561000000,2450.989990234375,2452.72998046875,2450.43994140625,2452.72998046875,0
1788561300000,2452.72998046875,2453.179931640625,2451.7900390625,2452.85009765625,0
1788561600000,2453.1298828125,2453.530029296875,2453.0400390625,2453.27001953125,0
1788561900000,2453.10009765625,2453.31005859375,2451.239990234375,2452.050048828125,0
1788562200000,2451.97998046875,2452.72998046875,2450.419921875,2452.72998046875,0
1788562500000,2452.719970703125,2453.47998046875,2452.5400390625,2453.300048828125,0
1788562800000,2453.2900390625,2453.2900390625,2452.050048828125,2452.550048828125,0
1788563100000,2452.6298828125,2452.6298828125,2451.219970703125,2451.219970703125,0
1788563400000,2451.2099609375,2452.860107421875,2451.2099609375,2452.570068359375,0
1788563700000,2452.469970703125,2453.989990234375,2452.409912109375,2453.239990234375,0
1788564000000,2452.989990234375,2453.9599609375,2452.110107421875,2453.929931640625,0
1788564300000,2453.449951171875,2454.340087890625,2452.81005859375,2453.64990234375,0
1788564600000,2453.760009765625,2455.43994140625,2453.64990234375,2454.360107421875,0
1788564900000,2454.330078125,2455.3798828125,2454.330078125,2454.719970703125,22280192
1788565200000,2454.699951171875,2454.699951171875,2453.489990234375,2454.280029296875,0
1788565500000,2454.429931640625,2455.080078125,2454.3701171875,2454.820068359375,12367872
1788565800000,2454.800048828125,2454.909912109375,2453.47998046875,2453.56005859375,0
1788566100000,2453.489990234375,2453.489990234375,2452.530029296875,2452.840087890625,528384
1788566400000,2453.030029296875,2453.030029296875,2451.6298828125,2452.760009765625,0
1788566700000,2452.580078125,2453.300048828125,2451.360107421875,2451.56005859375,0
1788567000000,2451.4599609375,2451.8798828125,2450.860107421875,2451.31005859375,0
1788567300000,2451.280029296875,2452.9599609375,2451.169921875,2452.47998046875,0
1788567600000,2452.419921875,2452.679931640625,2452.06005859375,2452.389892578125,84563968
1788567900000,2452.39990234375,2452.800048828125,2451.820068359375,2452.679931640625,0
1788568200000,2452.699951171875,2452.699951171875,2451.89990234375,2452.10009765625,0
1788568500000,2452.10009765625,2452.10009765625,2450.590087890625,2450.8701171875,0
1788568800000,2451.169921875,2451.56005859375,2450.8798828125,2451.179931640625,0
1788569100000,2451.39990234375,2451.550048828125,2448.800048828125,2450.550048828125,0
1788569400000,2450.550048828125,2451.169921875,2449.3798828125,2450.830078125,2951168
1788569700000,2450.8701171875,2451.030029296875,2448.81005859375,2449.199951171875,0
1788570000000,2449.419921875,2449.419921875,2446.030029296875,2446.929931640625,0
1788570300000,2446.929931640625,2447.27001953125,2444.9599609375,2446.93994140625,0
1788570600000,2446.93994140625,2450.25,2446.93994140625,2450.139892578125,55099392
1788570900000,2450.139892578125,2451.199951171875,2449.469970703125,2449.469970703125,0
1788571200000,2449.7099609375,2450.080078125,2448.81005859375,2449.530029296875,0
1788571500000,2449.7099609375,2451.199951171875,2449.35009765625,2451.179931640625,6934528
1788571800000,2451.27001953125,2451.3701171875,2450.489990234375,2450.719970703125,86888448
1788572100000,2450.75,2450.909912109375,2450.14990234375,2450.31005859375,0
1788572400000,2450.43994140625,2452.64990234375,2450.2099609375,2450.320068359375,0
1788572700000,2450.02001953125,2450.3798828125,2448.929931640625,2448.989990234375,0
1788573000000,2448.989990234375,2451.330078125,2448.989990234375,2451.25,27269120
1788573300000,2451.419921875,2451.969970703125,2450.7900390625,2451.1201171875,0
1788573600000,2451.530029296875,2451.8798828125,2450.7099609375,2451.68994140625,0
1788573900000,2451.68994140625,2451.989990234375,2451.22998046875,2451.239990234375,79774720
1788574200000,2451.010009765625,2453.010009765625,2450.989990234375,2452.18994140625,0
1788574500000,2452.080078125,2452.25,2451.3798828125,2451.830078125,0
1788574800000,2452.080078125,2452.3701171875,2451.969970703125,2452.2099609375,64429056
1788575100000,2451.9599609375,2452.080078125,2451.25,2451.590087890625,109085696
1788575400000,2451.610107421875,2452.949951171875,2451.429931640625,2452.780029296875,0
1788575700000,2453.389892578125,2454.919921875,2452.3701171875,2454.639892578125,0
1788576000000,2454.72998046875,2454.72998046875,2452.800048828125,2452.93994140625,0
1788576300000,2452.760009765625,2453.159912109375,2452.760009765625,2453.110107421875,0
1788576600000,2453.070068359375,2453.72998046875,2452.989990234375,2453.1201171875,0
1788576900000,2453.169921875,2454.06005859375,2453.110107421875,2453.739990234375,0
1788577200000,2453.739990234375,2454.340087890625,2453.590087890625,2454.340087890625,0
1788577500000,2454.5,2455.02001953125,2453.760009765625,2453.760009765625,0
1788577800000,2453.60009765625,2455.409912109375,2453.429931640625,2455.409912109375,0
1788578100000,2455.3798828125,2455.6298828125,2454.010009765625,2454.139892578125,0
1788578400000,2454.139892578125,2455.550048828125,2454.0400390625,2455.550048828125,0
1788578700000,2455.47998046875,2457.389892578125,2455.47998046875,2456.9599609375,21305344
1788579000000,2456.889892578125,2459.22998046875,2456.52001953125,2459.070068359375,0
1788579300000,2459.300048828125,2459.909912109375,2458.409912109375,2459.360107421875,0
1788579600000,2459.360107421875,2459.39990234375,2457.199951171875,2458.679931640625,0
1788579900000,2458.969970703125,2459.75,2458.070068359375,2458.070068359375,0
1788580200000,2458.159912109375,2458.56005859375,2457.429931640625,2458.0400390625,0
1788580500000,2458.010009765625,2458.7099609375,2457.3701171875,2457.820068359375,0
1788580800000,2456.669921875,2457.77001953125,2455.860107421875,2455.89990234375,0
1788581100000,2456.02001953125,2456.300048828125,2455.2099609375,2455.570068359375,0
1788581400000,2455.469970703125,2457.300048828125,2455.06005859375,2455.2900390625,129309696
1788581700000,2455.530029296875,2457.360107421875,2455.2900390625,2455.5400390625,0
1788582000000,2455.320068359375,2456.070068359375,2454.409912109375,2454.510009765625,0
1788582300000,2454.449951171875,2455.800048828125,2453.56005859375,2455.43994140625,0
1788582600000,2455.389892578125,2455.389892578125,2453.22998046875,2453.2900390625,18472960
1788582900000,2453.489990234375,2455.60009765625,2453.260009765625,2455.43994140625,0
1788583200000,2455.56005859375,2455.72998046875,2455.199951171875,2455.3798828125,0
1788583500000,2455.60009765625,2455.60009765625,2453.9599609375,2454.050048828125,0
1788583800000,2454.280029296875,2455.6201171875,2454.169921875,2455.389892578125,0
1788584100000,2455.3798828125,2456.929931640625,2455.360107421875,2456.919921875,0
1788584400000,2456.909912109375,2458.77001953125,2456.570068359375,2458.77001953125,0
1788584700000,2458.77001953125,2458.780029296875,2458.030029296875,2458.169921875,0
1788585000000,2458.25,2460.110107421875,2458.25,2459.090087890625,0
1788585300000,2459.110107421875,2459.110107421875,2457.4599609375,2457.669921875,0
1788585600000,2457.77001953125,2458.780029296875,2457.429931640625,2457.7099609375,1297408
1788585900000,2457.72998046875,2458.389892578125,2457.669921875,2458.31005859375,0
1788586200000,2458.300048828125,2459.169921875,2457.760009765625,2458.739990234375,0
1788586500000,2458.739990234375,2459.530029296875,2458.659912109375,2458.860107421875,0
1788586800000,2457.989990234375,2460.090087890625,2457.860107421875,2460.0400390625,0
1788587100000,2460.1298828125,2460.239990234375,2459.2099609375,2459.75,0
1788587400000,2460,2460.159912109375,2459.080078125,2459.169921875,0
1788587700000,2459.31005859375,2459.6201171875,2458.360107421875,2458.43994140625,0
1788588000000,2458.3701171875,2458.75,2458.35009765625,2458.64990234375,19149824
1788588300000,2458.409912109375,2458.409912109375,2457.89990234375,2458.110107421875,0
1788588600000,2458.080078125,2458.39990234375,2457.4599609375,2457.510009765625,0
1788588900000,2457.449951171875,2457.989990234375,2457.260009765625,2457.320068359375,0
1788589200000,2457.31005859375,2457.31005859375,2455.010009765625,2456.280029296875,0
1788589500000,2456.10009765625,2456.800048828125,2454.340087890625,2454.75,0
1788589800000,2454.8701171875,2456.909912109375,2454.760009765625,2456.8798828125,0
1788590100000,2456.7900390625,2456.7900390625,2453.969970703125,2454.52001953125,95641600
1788590400000,2454.52001953125,2455.590087890625,2454.52001953125,2455.510009765625,5248000
1788590700000,2455.52001953125,2455.580078125,2454.760009765625,2454.85009765625,0
1788591000000,2454.860107421875,2455.77001953125,2454.1201171875,2455.639892578125,0
1788591300000,2455.659912109375,2455.659912109375,2454.199951171875,2454.219970703125,0
1788591600000,2454.2099609375,2454.929931640625,2454.2099609375,2454.89990234375,0
1788591900000,2454.6298828125,2455.570068359375,2453.89990234375,2454.39990234375,0
1788592200000,2454.590087890625,2455.800048828125,2454.02001953125,2454.580078125,0
1788592500000,2454.35009765625,2454.679931640625,2453,2453.52001953125,0
1788592800000,2453.530029296875,2453.530029296875,2453.2099609375,2453.239990234375,0
1788593100000,2453.35009765625,2454.10009765625,2453.260009765625,2454.030029296875,0
1788593400000,2454.02001953125,2454.27001953125,2453.659912109375,2454.27001953125,68582400
1788593700000,2454.27001953125,2454.27001953125,2454.1298828125,2454.139892578125,0
1788594000000,2454.18994140625,2454.199951171875,2453.469970703125,2453.949951171875,0
1788594300000,2453.949951171875,2454.75,2453.3798828125,2454.72998046875,0
1788594600000,2454.77001953125,2456.31005859375,2454.2900390625,2454.800048828125,0
1788594900000,2454.6201171875,2455,2453.610107421875,2453.699951171875,0
1788595200000,2453.699951171875,2455.81005859375,2453.699951171875,2455.72998046875,90655744
1788595500000,2455.75,2456.169921875,2455.64990234375,2455.64990234375,0
1788595800000,2455.60009765625,2455.60009765625,2455.31005859375,2455.570068359375,0
1788596100000,2455.570068359375,2455.570068359375,2455,2455.010009765625,0
1788596400000,2455,2455.64990234375,2455,2455.419921875,0
1788596700000,2455.409912109375,2455.739990234375,2454.81005859375,2454.949951171875,0
1788597000000,2454.949951171875,2456.800048828125,2453.2900390625,2456.760009765625,0
1788597300000,2456.739990234375,2458.590087890625,2456.719970703125,2458.429931640625,0
1788597600000,2458.3701171875,2460.070068359375,2458.3701171875,2459.169921875,0
1788597900000,2459.219970703125,2461.719970703125,2458.31005859375,2459.18994140625,0
1788598200000,2459.18994140625,2459.60009765625,2458.219970703125,2459.570068359375,0
1788598500000,2459.68994140625,2460.89990234375,2458.81005859375,2458.820068359375,0
1788598800000,2458.840087890625,2460.669921875,2458.820068359375,2460.669921875,0
1788599100000,2461.159912109375,2461.469970703125,2458.840087890625,2458.840087890625,0
1788599400000,2458.81005859375,2459.929931640625,2458.030029296875,2459.800048828125,0
1788599700000,2459.81005859375,2459.969970703125,2457.969970703125,2458.1201171875,0
1788600000000,2458.139892578125,2462.25,2458.080078125,2461.199951171875,0
1788600300000,2460.43994140625,2460.5,2459.659912109375,2459.699951171875,0
1788600600000,2459.699951171875,2460.719970703125,2458.780029296875,2459.889892578125,0
1788600900000,2459.719970703125,2460.330078125,2456.93994140625,2457.10009765625,36847616
1788601200000,2457.199951171875,2460.340087890625,2456.02001953125,2456.699951171875,0
1788601500000,2457.169921875,2458.080078125,2456.840087890625,2457.89990234375,0
1788601800000,2456.3701171875,2456.3701171875,2450.639892578125,2453.7900390625,0
1788602100000,2453.7900390625,2454.570068359375,2452.489990234375,2454.530029296875,0
1788602400000,2454.31005859375,2456.530029296875,2454.02001953125,2455.090087890625,0
1788602700000,2455.1298828125,2456.389892578125,2454.860107421875,2456.1201171875,0
1788603000000,2456.389892578125,2456.389892578125,2455.179931640625,2455.43994140625,0
1788603300000,2455.429931640625,2455.7099609375,2454.81005859375,2454.820068359375,0
1788603600000,2454.820068359375,2455.43994140625,2454.429931640625,2455.27001953125,0
1788603900000,2455.280029296875,2457.409912109375,2455.22998046875,2457.389892578125,0
1788604200000,2457.389892578125,2458.199951171875,2457.389892578125,2458.199951171875,0
1788604500000,2458.219970703125,2458.3798828125,2457.39990234375,2458.179931640625,0
1788604800000,2458.320068359375,2458.489990234375,2456.280029296875,2456.43994140625,0
1788605100000,2456.60009765625,2457.550048828125,2455.64990234375,2456.85009765625,53910528
1788605400000,2456.85009765625,2458.7099609375,2456.840087890625,2458.7099609375,0
1788605700000,2458.679931640625,2459.030029296875,2457.39990234375,2457.39990234375,0
1788606000000,2457.300048828125,2458.199951171875,2456.679931640625,2457.840087890625,0
1788606300000,2457.840087890625,2459.530029296875,2457.679931640625,2457.840087890625,0
1788606600000,2457.830078125,2459.889892578125,2457.830078125,2459.280029296875,0
1788606900000,2459.25,2459.35009765625,2456.110107421875,2456.590087890625,0
1788607200000,2456.590087890625,2459.75,2456.590087890625,2459.389892578125,0
1788607500000,2459.419921875,2460.27001953125,2457.679931640625,2457.679931640625,0
1788607800000,2457.669921875,2459.159912109375,2457.669921875,2458.97998046875,0
1788608100000,2458.969970703125,2458.969970703125,2458.320068359375,2458.719970703125,0
1788608400000,2458.719970703125,2460.27001953125,2458.510009765625,2458.81005859375,1927168
1788608700000,2458.820068359375,2460.06005859375,2458.489990234375,2459.429931640625,9518080
1788609000000,2459.419921875,2459.889892578125,2458.60009765625,2458.929931640625,9112576
1788609300000,2458.929931640625,2460.409912109375,2458.929931640625,2460.409912109375,0
1788609600000,2460.409912109375,2460.989990234375,2459.6298828125,2460.820068359375,0
1788609900000,2460.820068359375,2460.820068359375,2459.22998046875,2460.030029296875,0
1788610200000,2459.8798828125,2460.72998046875,2459.159912109375,2459.8701171875,0
1788610500000,2460.070068359375,2460.719970703125,2459.800048828125,2460.6298828125,0
1788610800000,2460.590087890625,2462.14990234375,2460.590087890625,2461.840087890625,0
1788611100000,2461.889892578125,2463.949951171875,2461.7099609375,2463.570068359375,0
1788611400000,2464.080078125,2469.760009765625,2463.989990234375,2468.699951171875,0
1788611700000,2468.719970703125,2468.719970703125,2466.27001953125,2466.330078125,99808768
1788612000000,2466.389892578125,2468.25,2466.389892578125,2466.639892578125,71551488
1788612300000,2466.530029296875,2471.719970703125,2466.530029296875,2471.530029296875,27205632
1788612600000,2471.659912109375,2474.090087890625,2469.719970703125,2473.739990234375,0
1788612900000,2474,2474.550048828125,2470.199951171875,2471.5,31840256
1788613200000,2471.47998046875,2478.27001953125,2471.47998046875,2475.6201171875,0
1788613500000,2475.570068359375,2481.3798828125,2475.2099609375,2479.85009765625,123057664
1788613800000,2480.199951171875,2481.169921875,2478.1298828125,2480.68994140625,11744256
1788614100000,2480.989990234375,2480.989990234375,2477.360107421875,2477.889892578125,2463744
1788614400000,2478,2480.320068359375,2478,2479.080078125,1054208
1788614700000,2479.18994140625,2481.7099609375,2476.39990234375,2478.2099609375,0
1788615000000,2478.2099609375,2484.300048828125,2478.2099609375,2480.1298828125,0
1788615300000,2479.889892578125,2479.889892578125,2475.3798828125,2475.489990234375,0
1788615600000,2475.739990234375,2478.43994140625,2475.360107421875,2477.330078125,88973824
1788615900000,2477.97998046875,2479.4599609375,2476.9599609375,2479.10009765625,0
1788616200000,2479.06005859375,2480.56005859375,2478.760009765625,2479.43994140625,0
1788616500000,2480.199951171875,2482.389892578125,2478.699951171875,2481.31005859375,17461760
1788616800000,2482.050048828125,2482.050048828125,2478.590087890625,2479.7099609375,0
1788617100000,2479.669921875,2481.199951171875,2478.510009765625,2478.719970703125,14968320
1788617400000,2478.659912109375,2479.590087890625,2477.60009765625,2478.820068359375,0
1788617700000,2478.81005859375,2479.570068359375,2477.06005859375,2478.89990234375,11656704
1788618000000,2478.989990234375,2479.800048828125,2478.030029296875,2478.199951171875,0
1788618300000,2478.280029296875,2478.8701171875,2477.030029296875,2477.030029296875,0
1788618600000,2476.719970703125,2480.030029296875,2476.719970703125,2478.2099609375,10180608
1788618900000,2477.830078125,2478.31005859375,2477.02001953125,2477.300048828125,20193280
1788619200000,2477.590087890625,2478.7900390625,2476.14990234375,2478.14990234375,0
1788619500000,2478.169921875,2478.360107421875,2476.8798828125,2476.989990234375,68605440
1788619800000,2477.2900390625,2478.510009765625,2476.43994140625,2478.510009765625,0
1788620100000,2478.679931640625,2480.929931640625,2478.469970703125,2480.860107421875,0
1788620400000,2480.449951171875,2480.449951171875,2476.39990234375,2476.81005859375,0
1788620700000,2476.81005859375,2479.419921875,2476.81005859375,2478.7900390625,0
1788621000000,2478.43994140625,2480.030029296875,2478.1201171875,2478.300048828125,40284160
1788621300000,2478.300048828125,2479.590087890625,2478.300048828125,2479.340087890625,0
1788621600000,2479.300048828125,2481.43994140625,2477.830078125,2481.27001953125,0
1788621900000,2481.179931640625,2482.699951171875,2480.0400390625,2480.06005859375,0
1788622200000,2480.2900390625,2481.7900390625,2477.81005859375,2477.81005859375,0
1788622500000,2477.580078125,2478.840087890625,2473.840087890625,2473.93994140625,148992
1788622800000,2475.179931640625,2477.760009765625,2475.179931640625,2477.64990234375,0
1788623100000,2477.659912109375,2478,2474.010009765625,2474.419921875,37046272
1788623400000,2474.530029296875,2476.1298828125,2473.14990234375,2474.60009765625,42791936
1788623700000,2474.590087890625,2478.6298828125,2474.590087890625,2477.679931640625,0
1788624000000,2477.97998046875,2479.169921875,2475.320068359375,2475.669921875,0
1788624300000,2475.6298828125,2479.68994140625,2475.6298828125,2477.909912109375,0
1788624600000,2477.89990234375,2483.669921875,2477.85009765625,2479.669921875,22191616
1788624900000,2479.639892578125,2479.639892578125,2475.2099609375,2475.7099609375,0
1788625200000,2475.510009765625,2478.590087890625,2475.510009765625,2478.139892578125,33728512
1788625500000,2478.159912109375,2479.919921875,2476.679931640625,2476.77001953125,0
1788625800000,2476.739990234375,2477.570068359375,2475.409912109375,2475.7900390625,120395776
1788626100000,2475.300048828125,2479.419921875,2475.300048828125,2477.360107421875,21817344
1788626400000,2477.760009765625,2479.5,2477.110107421875,2479.5,38626816
1788626700000,2479.669921875,2480.6201171875,2479.1201171875,2479.949951171875,0
1788627000000,2479.93994140625,2480.610107421875,2476.919921875,2477.5,39348224
1788627300000,2477.5,2478.530029296875,2477.010009765625,2477.860107421875,0
1788627600000,2477.860107421875,2478.389892578125,2477.280029296875,2477.280029296875,0
1788627900000,2477.27001953125,2478.43994140625,2476.610107421875,2477.780029296875,54945792
1788628200000,2477.610107421875,2478.570068359375,2476.590087890625,2477.010009765625,0
1788628500000,2477.280029296875,2479.139892578125,2476.889892578125,2479.10009765625,0
1788628800000,2479.39990234375,2481.39990234375,2479.39990234375,2480.300048828125,0
1788629100000,2480.8701171875,2481.6201171875,2480.010009765625,2481.330078125,17815040
1788629400000,2481.330078125,2482.68994140625,2480.830078125,2480.9599609375,0
1788629700000,2480.949951171875,2483.800048828125,2480.820068359375,2483.800048828125,0
1788630000000,2483.89990234375,2492.89990234375,2482.919921875,2491.449951171875,13473280
1788630300000,2491.10009765625,2491.10009765625,2488.739990234375,2490.719970703125,25875968
1788630600000,2490.909912109375,2491.389892578125,2488.85009765625,2488.85009765625,31269888
1788630900000,2488.72998046875,2490.889892578125,2488.5400390625,2488.8798828125,11658240
1788631200000,2490.389892578125,2491.10009765625,2487.360107421875,2488,0
1788631500000,2487.8798828125,2488.840087890625,2484.969970703125,2484.969970703125,49124352
1788631800000,2485.280029296875,2488.6201171875,2485.280029296875,2487.330078125,0
1788632100000,2487.080078125,2488.68994140625,2485.889892578125,2485.889892578125,33245696
1788632400000,2485.89990234375,2485.89990234375,2482.820068359375,2483.8701171875,4890112
1788632700000,2483.81005859375,2483.81005859375,2479.139892578125,2480.699951171875,11985408
1788633000000,2481.199951171875,2484.8798828125,2480.669921875,2483.25,4623360
1788633300000,2483.219970703125,2483.280029296875,2482.199951171875,2483.280029296875,0
1788633600000,2483.590087890625,2483.590087890625,2481.679931640625,2482.219970703125,47346688
1788633900000,2481.93994140625,2482.2900390625,2480,2480.360107421875,18047488
1788634200000,2480.4599609375,2481.89990234375,2479.72998046875,2481.2099609375,4757504
1788634500000,2481.260009765625,2482,2480.610107421875,2481.169921875,1642496
1788634800000,2480.7099609375,2481.14990234375,2479.699951171875,2479.7099609375,1132544
1788635100000,2479.510009765625,2480.699951171875,2478.530029296875,2479.860107421875,0
1788635400000,2479.5,2479.800048828125,2478.6201171875,2479.090087890625,11915776
1788635700000,2478.909912109375,2481.219970703125,2478.389892578125,2481.219970703125,0
1788636000000,2481.219970703125,2482.239990234375,2479.199951171875,2479.530029296875,0
1788636300000,2479.47998046875,2481.360107421875,2479.429931640625,2480.919921875,19905536
1788636600000,2480.800048828125,2483.760009765625,2480.800048828125,2483.760009765625,0
1788636900000,2483.590087890625,2484.090087890625,2478.8798828125,2480.72998046875,15057408
1788637200000,2480.989990234375,2481.800048828125,2479.7099609375,2481.090087890625,0
1788637500000,2481.030029296875,2482.840087890625,2479.97998046875,2481.199951171875,74191872
1788637800000,2481.27001953125,2483.080078125,2481.010009765625,2482.929931640625,0
1788638100000,2482.929931640625,2483,2479.340087890625,2480.610107421875,65770496
1788638400000,2480.169921875,2480.89990234375,2479.340087890625,2480.169921875,32004096
1788638700000,2479.760009765625,2481.1201171875,2479.0400390625,2481.010009765625,0
1788639000000,2480.929931640625,2482.18994140625,2480.590087890625,2482.18994140625,1468416
1788639300000,2482.169921875,2482.429931640625,2481.60009765625,2482.14990234375,8913408
1788639600000,2482.169921875,2483.489990234375,2482.050048828125,2483.489990234375,15651328
1788639900000,2483.449951171875,2488.580078125,2483.22998046875,2487.449951171875,2108416
1788640200000,2487.31005859375,2488.7900390625,2485.570068359375,2486.6201171875,0
1788640500000,2486.639892578125,2488.56005859375,2485.9599609375,2485.9599609375,29759488
1788640800000,2487.510009765625,2490.219970703125,2487.1298828125,2487.320068359375,0
1788641100000,2487.10009765625,2489.070068359375,2486.800048828125,2489.050048828125,2736640
1788641400000,2489.1298828125,2491.39990234375,2487.8798828125,2489.4599609375,35676160
1788641700000,2489.419921875,2492.659912109375,2489.3701171875,2490.419921875,27734528
1788642000000,2490.889892578125,2496.610107421875,2489.429931640625,2494.239990234375,10890752
1788642300000,2493.97998046875,2497.6298828125,2492.7099609375,2494.820068359375,0
1788642600000,2494.860107421875,2499.85009765625,2494.18994140625,2497.35009765625,122446848
1788642900000,2497.169921875,2497.5,2494.60009765625,2494.6201171875,27312640
1788643200000,2494.330078125,2495.550048828125,2491.35009765625,2493.699951171875,46883840
1788643500000,2493.159912109375,2494.800048828125,2492.43994140625,2493.75,133167104
1788643800000,2493.7099609375,2497,2493.7099609375,2497,8352256
1788644100000,2496.85009765625,2507.360107421875,2496.840087890625,2506.840087890625,8213504
1788644400000,2507.5400390625,2507.8701171875,2501.300048828125,2501.949951171875,0
1788644700000,2501.919921875,2504.300048828125,2500.919921875,2502.9599609375,0
1788645000000,2502.9599609375,2507.260009765625,2502.389892578125,2503.429931640625,317061120
1788645300000,2503.679931640625,2507.8701171875,2503.64990234375,2505.77001953125,0
1788645600000,2506.199951171875,2510.18994140625,2502.25,2503.530029296875,69294080
1788645900000,2503.75,2509.610107421875,2503.75,2508.89990234375,102688768
1788646200000,2508.010009765625,2508.89990234375,2505.949951171875,2507.3701171875,46068736
1788646500000,2507.68994140625,2508.090087890625,2502.909912109375,2503.39990234375,76319744
1788646800000,2503.139892578125,2503.449951171875,2501.909912109375,2502.030029296875,0
1788647100000,2502.139892578125,2503.31005859375,2501.669921875,2502.10009765625,158839296
1788647400000,2502.550048828125,2503.800048828125,2501.7099609375,2503.800048828125,64322560
1788647700000,2504,2504,2500.93994140625,2503.780029296875,23127040
1788648000000,2503.830078125,2504.60009765625,2501.7900390625,2502.239990234375,25728000
1788648300000,2502.179931640625,2503.06005859375,2501.52001953125,2501.760009765625,18958336
1788648600000,2501.760009765625,2502.77001953125,2501.1201171875,2502.590087890625,2278400
1788648900000,2502.4599609375,2504.02001953125,2502.080078125,2503.47998046875,11015168
1788649200000,2503.60009765625,2503.679931640625,2501.39990234375,2503.679931640625,0
1788649500000,2503.050048828125,2503.330078125,2502.52001953125,2503.14990234375,0
1788649800000,2503.169921875,2506.010009765625,2503.159912109375,2505.7099609375,8221696
1788650100000,2505.7099609375,2507.449951171875,2505.469970703125,2506.06005859375,6268928
1788650400000,2505.860107421875,2506.2099609375,2504.1298828125,2505.77001953125,0
1788650700000,2505.610107421875,2505.6201171875,2500.5,2501.820068359375,34227200
1788651000000,2501.989990234375,2505.030029296875,2501.989990234375,2503.669921875,11812864
1788651300000,2503.5,2510,2503.5,2509.580078125,0
1788651600000,2509.85009765625,2514.219970703125,2509.85009765625,2513.090087890625,43787264
1788651900000,2513.090087890625,2514.590087890625,2508.080078125,2508.080078125,48611328
1788652200000,2508.1201171875,2511.260009765625,2507.43994140625,2510.590087890625,0
1788652500000,2510.14990234375,2511.449951171875,2509.22998046875,2509.659912109375,94070784
1788652800000,2509.949951171875,2510.3798828125,2508.31005859375,2509.090087890625,21231616
1788653100000,2509.10009765625,2509.7900390625,2506.929931640625,2508.159912109375,0
1788653400000,2508.510009765625,2509.39990234375,2507.239990234375,2507.68994140625,0
1788653700000,2507.68994140625,2508.590087890625,2505.2099609375,2505.6201171875,46477312
1788654000000,2505.6201171875,2505.6201171875,2499.050048828125,2501.389892578125,10582016
1788654300000,2501.330078125,2503.3798828125,2500.610107421875,2503.2900390625,0
1788654600000,2502.919921875,2503.550048828125,2501.7099609375,2502.010009765625,72114176
1788654900000,2502.02001953125,2503.090087890625,2501.6298828125,2501.6298828125,29377536
1788655200000,2501.93994140625,2504.22998046875,2501.93994140625,2504.169921875,0
1788655500000,2504.389892578125,2506,2504.320068359375,2504.5,15381504
1788655800000,2504.659912109375,2505.449951171875,2502.43994140625,2504.280029296875,0
1788656100000,2504.030029296875,2504.7900390625,2503.6201171875,2504.68994140625,25430016
1788656400000,2504.830078125,2506.050048828125,2503.409912109375,2504.52001953125,0
1788656700000,2505.10009765625,2506.52001953125,2505.10009765625,2505.639892578125,0
1788657000000,2505.31005859375,2505.31005859375,2502.47998046875,2502.860107421875,0
1788657300000,2502.8798828125,2502.8798828125,2501.199951171875,2502.159912109375,0
1788657600000,2502.169921875,2505.47998046875,2501.60009765625,2505.469970703125,6955008
1788657900000,2505.60009765625,2507,2503.7900390625,2505.070068359375,0
1788658200000,2505.330078125,2510.820068359375,2505.330078125,2510.10009765625,71622656
1788658500000,2510.800048828125,2522.580078125,2510.800048828125,2522.320068359375,20231168
1788658800000,2523.3701171875,2523.3701171875,2514.199951171875,2515.929931640625,70465536
1788659100000,2515.929931640625,2517.239990234375,2513.409912109375,2514.760009765625,30092288
1788659400000,2514.800048828125,2516.39990234375,2513.9599609375,2514.429931640625,221904896
1788659700000,2514.219970703125,2515,2510.89990234375,2513.590087890625,13319168
1788660000000,2512.8798828125,2513.5,2510.97998046875,2512.010009765625,0
1788660300000,2512.010009765625,2512.010009765625,2510.4599609375,2510.4599609375,0
1788660600000,2510.449951171875,2512.169921875,2509.280029296875,2509.280029296875,30294016
1788660900000,2509.280029296875,2509.989990234375,2508.0400390625,2509.1201171875,74388480
1788661200000,2508.39990234375,2508.39990234375,2505.93994140625,2506.6201171875,7316480
1788661500000,2506.7900390625,2507.1201171875,2506.1201171875,2506.56005859375,0
1788661800000,2505.909912109375,2508,2505.669921875,2506.52001953125,39853056
1788662100000,2506.419921875,2508.389892578125,2506.35009765625,2507.9599609375,58049536
1788662400000,2507.340087890625,2508.72998046875,2506.3798828125,2508.669921875,4338688
1788662700000,2508.72998046875,2508.739990234375,2503.889892578125,2506.14990234375,31523840
1788663000000,2506.14990234375,2507.830078125,2505.52001953125,2507.68994140625,14533632
1788663300000,2508.179931640625,2508.179931640625,2505.679931640625,2506.110107421875,23848960
1788663600000,2506.179931640625,2507.580078125,2505.7099609375,2506.780029296875,13773824
1788663900000,2506.679931640625,2507.97998046875,2504.10009765625,2504.25,0
1788664200000,2504.139892578125,2504.469970703125,2485.580078125,2490.2900390625,42547200
1788664500000,2490.590087890625,2497.889892578125,2490.590087890625,2497.1201171875,24940544
1788664800000,2497.590087890625,2500.02001953125,2495.610107421875,2495.610107421875,128344064
1788665100000,2495.449951171875,2497.409912109375,2495.219970703125,2496.110107421875,0
1788665400000,2496.330078125,2496.590087890625,2492.949951171875,2492.949951171875,0
1788665700000,2493.610107421875,2494.47998046875,2492.739990234375,2494.139892578125,18409472
1788666000000,2494.6298828125,2497.010009765625,2494.3798828125,2496.389892578125,136299520
1788666300000,2496.31005859375,2496.489990234375,2495.4599609375,2495.800048828125,876544
1788666600000,2495.68994140625,2496.719970703125,2495.080078125,2496.43994140625,0
1788666900000,2496.550048828125,2498.080078125,2496.5400390625,2497.52001953125,0
1788667200000,2496.93994140625,2497.89990234375,2495,2497.179931640625,63657984
1788667500000,2497.800048828125,2499.139892578125,2496.909912109375,2498.510009765625,0
1788667800000,2498.39990234375,2500,2497.47998046875,2498.889892578125,0
1788668100000,2498.760009765625,2499.39990234375,2497.18994140625,2498.56005859375,76284928
1788668400000,2498.52001953125,2498.52001953125,2495.85009765625,2496.169921875,0
1788668700000,2495.919921875,2496.25,2495.030029296875,2495.159912109375,15627264
1788669000000,2495.10009765625,2495.219970703125,2493.8701171875,2494.4599609375,0
1788669300000,2494.169921875,2494.300048828125,2493.110107421875,2493.27001953125,19135488
1788669600000,2493.239990234375,2494.530029296875,2492.5400390625,2493.949951171875,3130368
1788669900000,2494.14990234375,2494.14990234375,2492.10009765625,2492.530029296875,0
1788670200000,2492.5,2495.909912109375,2491.889892578125,2495.7099609375,12000256
1788670500000,2495.6201171875,2496.949951171875,2494.56005859375,2495.830078125,10749952
1788670800000,2495.949951171875,2497.199951171875,2494.360107421875,2496.9599609375,0
1788671100000,2496.72998046875,2497.5400390625,2496.340087890625,2497.39990234375,0
1788671400000,2497.469970703125,2499.219970703125,2496.4599609375,2499.1201171875,55543808
1788671700000,2499.25,2502.030029296875,2498.3701171875,2500.550048828125,0
1788672000000,2500.7099609375,2503.93994140625,2500.7099609375,2502.389892578125,46934016
1788672300000,2502,2503.030029296875,2501.110107421875,2503.030029296875,117287936
1788672600000,2501.93994140625,2503.64990234375,2501.699951171875,2501.840087890625,33854464
1788672900000,2501.739990234375,2502.27001953125,2498.110107421875,2498.1298828125,2767872
1788673200000,2498.110107421875,2498.659912109375,2494.5,2496.590087890625,24527872
1788673500000,2496.43994140625,2497.429931640625,2495.8798828125,2496.68994140625,0
1788673800000,2496.9599609375,2498.35009765625,2496.3701171875,2498.239990234375,98533376
1788674100000,2497.969970703125,2499.989990234375,2497.9599609375,2499.31005859375,4456448
1788674400000,2499.389892578125,2500.77001953125,2498.929931640625,2498.949951171875,7575552
1788674700000,2498.929931640625,2502.669921875,2498.929931640625,2501.2099609375,9586688
1788675000000,2501.2099609375,2501.320068359375,2499.110107421875,2499.1201171875,0
1788675300000,2499.159912109375,2500.5,2498.929931640625,2499.7900390625,134141952
1788675600000,2500.030029296875,2500.669921875,2498.77001953125,2499.7099609375,1693696
1788675900000,2499.610107421875,2499.64990234375,2498.22998046875,2498.7099609375,0
1788676200000,2498.7099609375,2499,2498.02001953125,2498.989990234375,9242624
1788676500000,2499.14990234375,2499.760009765625,2498.14990234375,2498.60009765625,0
1788676800000,2499.449951171875,2501.050048828125,2499.050048828125,2500.989990234375,0
1788677100000,2500.449951171875,2500.9599609375,2499.989990234375,2500.800048828125,0
1788677400000,2500.800048828125,2501.550048828125,2499.550048828125,2500.909912109375,40534016
1788677700000,2500.93994140625,2502.68994140625,2500.93994140625,2501.969970703125,0
1788678000000,2502.139892578125,2503.39990234375,2500.81005859375,2502.340087890625,72551424
1788678300000,2502.219970703125,2504.800048828125,2501.530029296875,2501.72998046875,19466240
1788678600000,2502.070068359375,2503.429931640625,2500,2503.10009765625,6383616
1788678900000,2503.18994140625,2504.4599609375,2502.739990234375,2504.4599609375,4160512
1788679200000,2504.60009765625,2504.64990234375,2501.409912109375,2502.969970703125,14930944
1788679500000,2502.89990234375,2503.7900390625,2500.510009765625,2500.8798828125,9073664
1788679800000,2500.81005859375,2502.909912109375,2500.2099609375,2502.909912109375,55340032
1788680100000,2502.969970703125,2503.110107421875,2500.22998046875,2500.56005859375,28034048
1788680103000,2502.89990234375,2502.89990234375,2502.89990234375,2502.89990234375,0
1788680113000,2502.969970703125,2502.969970703125,2502.969970703125,2502.969970703125,0
1788680400000,2500.639892578125,2502.60009765625,2499.9599609375,2502.469970703125,0
1788680700000,2502.419921875,2503.39990234375,2500.800048828125,2502.760009765625,0
1788681000000,2502.969970703125,2502.969970703125,2501.239990234375,2501.68994140625,162056192
1788681300000,2501.47998046875,2502.2900390625,2501.2099609375,2502.239990234375,0
1788681600000,2502.0400390625,2502.199951171875,2500.3798828125,2500.639892578125,9299968
1788681900000,2500.530029296875,2501.5400390625,2499.239990234375,2501.530029296875,0
1788682200000,2501.35009765625,2503.449951171875,2499.610107421875,2503.429931640625,0
1788682500000,2503.340087890625,2504.800048828125,2502.77001953125,2503.139892578125,0
1788682800000,2502.610107421875,2504.800048828125,2502.340087890625,2503.199951171875,63497216
1788683100000,2503.090087890625,2503.840087890625,2501.5400390625,2501.919921875,0
1788683400000,2501.919921875,2504.60009765625,2501.919921875,2503.760009765625,75230208
1788683700000,2503.780029296875,2504.39990234375,2501.7099609375,2502.6298828125,0
1788684000000,2503.010009765625,2503.010009765625,2499.7099609375,2499.830078125,12844032
1788684300000,2499.840087890625,2500.639892578125,2497.8798828125,2499.5,0
1788684600000,2498.860107421875,2502.090087890625,2498.85009765625,2502.090087890625,59107328
1788684900000,2502.110107421875,2503.050048828125,2499.669921875,2500.419921875,0
1788685200000,2500.580078125,2500.699951171875,2496.610107421875,2498.39990234375,0
1788685500000,2497.5400390625,2500.800048828125,2497.199951171875,2499.56005859375,0
1788685800000,2499.409912109375,2499.56005859375,2497.179931640625,2497.389892578125,17811456
1788686100000,2497.360107421875,2497.43994140625,2493.77001953125,2494,0
1788686400000,2493.8798828125,2494.27001953125,2492.419921875,2492.719970703125,0
1788686700000,2492.580078125,2494.199951171875,2491.610107421875,2491.679931640625,31433728
1788687000000,2491.699951171875,2492.35009765625,2486.7900390625,2488.18994140625,53834752
1788687300000,2488.800048828125,2493.89990234375,2488.080078125,2491.580078125,16763904
1788687600000,2491.080078125,2493.610107421875,2491.080078125,2492.5400390625,15456256
1788687900000,2491.909912109375,2494.68994140625,2491.760009765625,2492.89990234375,1064960
1788688200000,2492.409912109375,2494.919921875,2492.409912109375,2494.31005859375,0
1788688500000,2494.27001953125,2495.64990234375,2493.669921875,2494.75,0
1788688800000,2494.580078125,2494.949951171875,2492.110107421875,2493.2900390625,0
1788689100000,2493.2099609375,2493.449951171875,2490.010009765625,2490.010009765625,26916864
1788689400000,2490,2490.5400390625,2487.6201171875,2487.9599609375,0
1788689700000,2488.39990234375,2488.860107421875,2479.570068359375,2485.699951171875,142909440
1788690000000,2485.419921875,2485.419921875,2477.7099609375,2481.25,45029376
1788690300000,2481.75,2484.27001953125,2481.7099609375,2481.989990234375,0
1788690600000,2481.85009765625,2481.85009765625,2465.60009765625,2477.219970703125,234191872
1788690900000,2476.889892578125,2481.8701171875,2476.889892578125,2481.8701171875,127817728
1788691200000,2482.050048828125,2485.3798828125,2481.610107421875,2485.3798828125,41248768
1788691500000,2484.47998046875,2484.47998046875,2477.780029296875,2482.6298828125,146490368
1788691800000,2483.199951171875,2485.989990234375,2482.929931640625,2484.3701171875,32012288
1788692100000,2484.010009765625,2484.010009765625,2478.090087890625,2478.530029296875,0
1788692400000,2478.489990234375,2478.489990234375,2469.699951171875,2477.179931640625,0
1788692700000,2477.300048828125,2478.72998046875,2474.800048828125,2475.0400390625,21356544
1788693000000,2476.199951171875,2478.3798828125,2475.070068359375,2476.949951171875,125547520
1788693300000,2476.8701171875,2479.6298828125,2476.570068359375,2478.550048828125,62204928
1788693600000,2478.550048828125,2481.219970703125,2478.080078125,2479.10009765625,0
1788693900000,2479.169921875,2479.6298828125,2478.22998046875,2479.070068359375,46530560
1788694200000,2478.800048828125,2479.830078125,2476.159912109375,2478.2900390625,9236480
1788694500000,2477.889892578125,2481.580078125,2476.35009765625,2480.280029296875,20661248
1788694800000,2480.06005859375,2481.489990234375,2479.919921875,2480.889892578125,0
1788695100000,2480.820068359375,2481.5400390625,2479.989990234375,2479.989990234375,108806144
1788695400000,2480,2482.760009765625,2479.2900390625,2479.320068359375,9275392
1788695700000,2479.35009765625,2480.340087890625,2479,2479.85009765625,0
1788696000000,2479.820068359375,2480.2099609375,2476.0400390625,2476.0400390625,0
1788696300000,2475.56005859375,2478.89990234375,2475.3701171875,2477.68994140625,13358080
1788696600000,2477.43994140625,2483.409912109375,2477.43994140625,2482.719970703125,9646080
1788696900000,2482.7099609375,2483.35009765625,2481.419921875,2482.39990234375,0
1788697200000,2482.360107421875,2482.360107421875,2478.949951171875,2478.949951171875,13915136
1788697500000,2479.179931640625,2482.909912109375,2478.300048828125,2482.31005859375,14350336
1788697800000,2482.889892578125,2486.330078125,2481,2486.330078125,46666752
1788698100000,2486.3701171875,2486.52001953125,2483.0400390625,2485.409912109375,0
1788698400000,2485.330078125,2485.719970703125,2483.14990234375,2483.7099609375,0
1788698700000,2483.699951171875,2483.699951171875,2482.2099609375,2482.219970703125,50138112
1788699000000,2482.360107421875,2483.949951171875,2482.070068359375,2482.820068359375,0
1788699300000,2482.419921875,2484.75,2481.860107421875,2484.4599609375,0
1788699600000,2484.35009765625,2484.7900390625,2483.1201171875,2483.5,0
1788699900000,2483.489990234375,2486.1298828125,2481.31005859375,2481.35009765625,0
1788700200000,2482.68994140625,2485.699951171875,2482.68994140625,2485.590087890625,0
1788700500000,2485.590087890625,2488.719970703125,2485.580078125,2488.719970703125,0
1788700800000,2490.909912109375,2492.27001953125,2487.97998046875,2491.949951171875,0
1788701100000,2491.489990234375,2494.300048828125,2489.300048828125,2489.449951171875,33997824
1788701400000,2489.31005859375,2492.719970703125,2487.840087890625,2490.18994140625,74191872
1788701700000,2490.97998046875,2494.1201171875,2490.06005859375,2493.280029296875,3982336
1788702000000,2493.260009765625,2493.260009765625,2490.949951171875,2493.080078125,0
1788702300000,2492.659912109375,2493.3798828125,2491.320068359375,2492.340087890625,4698112
1788702600000,2492.949951171875,2493.25,2491.35009765625,2491.68994140625,0
1788702900000,2491.570068359375,2493.8701171875,2490.5400390625,2491.27001953125,0
1788703200000,2491.550048828125,2494.02001953125,2491.550048828125,2493.219970703125,0
1788703500000,2493.2900390625,2494.989990234375,2492.9599609375,2493.719970703125,0
1788703800000,2493.719970703125,2494.929931640625,2493.139892578125,2493.830078125,0
1788704100000,2493.760009765625,2495.18994140625,2493.199951171875,2493.89990234375,52261888
1788704400000,2493.669921875,2495.610107421875,2493.669921875,2494.64990234375,0
1788704700000,2495.580078125,2496.199951171875,2494.340087890625,2495.75,0
1788705000000,2496.449951171875,2499.610107421875,2496.2900390625,2496.93994140625,46642176
1788705300000,2496.949951171875,2498.260009765625,2496.300048828125,2497.2099609375,0
1788705600000,2497.639892578125,2499.510009765625,2497.320068359375,2497.330078125,23344128
1788705900000,2497.889892578125,2497.889892578125,2494.06005859375,2495.179931640625,58229760
1788706200000,2495.030029296875,2496.18994140625,2493.409912109375,2494.159912109375,0
1788706500000,2494.10009765625,2495.159912109375,2493.330078125,2494.300048828125,30267392
1788706800000,2494.669921875,2494.669921875,2492.280029296875,2492.669921875,28430336
1788707100000,2492.510009765625,2493.199951171875,2491.659912109375,2491.949951171875,0
1788707400000,2491.830078125,2492.7099609375,2491.510009765625,2491.510009765625,0
1788707700000,2491.530029296875,2492.3701171875,2490.77001953125,2490.77001953125,93627392
1788708000000,2490.590087890625,2492.85009765625,2490.239990234375,2492.68994140625,0
1788708300000,2492.47998046875,2493.340087890625,2491.27001953125,2492.27001953125,74158080
1788708600000,2492.27001953125,2492.3798828125,2491.02001953125,2491.02001953125,17442816
1788708900000,2491.199951171875,2491.330078125,2489.889892578125,2489.89990234375,0
1788709200000,2489.860107421875,2490.699951171875,2489.820068359375,2490.510009765625,45857792
1788709500000,2490.7099609375,2491.050048828125,2489.800048828125,2490.239990234375,0
1788709800000,2490.280029296875,2490.9599609375,2489.7099609375,2490.639892578125,46627840
1788710100000,2490.610107421875,2490.699951171875,2489.7099609375,2490.5,0
1788710400000,2490.719970703125,2491.2900390625,2489.409912109375,2489.75,15830016
1788710700000,2490.090087890625,2490.580078125,2488.800048828125,2488.800048828125,0
1788711000000,2489.199951171875,2492.75,2488.64990234375,2492.22998046875,0
1788711300000,2492.300048828125,2493.10009765625,2491.22998046875,2492.419921875,0
1788711600000,2492.429931640625,2496.639892578125,2492.360107421875,2495.320068359375,32194560
1788711900000,2495.320068359375,2497.050048828125,2495.320068359375,2495.93994140625,34094080
1788712200000,2495.89990234375,2497.429931640625,2495.860107421875,2496.280029296875,0
1788712500000,2496.030029296875,2497.239990234375,2494.81005859375,2496.2900390625,75239424
1788712800000,2496.330078125,2496.969970703125,2494.7099609375,2496.969970703125,9042944
1788713100000,2497.139892578125,2499.800048828125,2497.050048828125,2498.800048828125,0
1788713400000,2499.139892578125,2500.35009765625,2498.300048828125,2498.6298828125,96405504
1788713700000,2498.590087890625,2499.27001953125,2498.280029296875,2499.27001953125,4918272
1788714000000,2500.070068359375,2504.419921875,2499.320068359375,2504.419921875,20377600
1788714300000,2504.449951171875,2512.39990234375,2503.199951171875,2511.639892578125,0
1788714600000,2510.909912109375,2513.590087890625,2507.969970703125,2510.89990234375,151206912
1788714900000,2511.139892578125,2515.800048828125,2509.52001953125,2513.8701171875,26332160
1788715200000,2513.8701171875,2514.830078125,2509.2099609375,2510.89990234375,57132032
1788715500000,2510.8798828125,2511.489990234375,2505.340087890625,2506.02001953125,45511680
1788715800000,2506.050048828125,2506.7900390625,2504.25,2505.39990234375,0
1788716100000,2505.5400390625,2509.080078125,2505.25,2507.22998046875,25910272
1788716400000,2506.429931640625,2510.550048828125,2505.93994140625,2507.239990234375,161952768
1788716700000,2507.489990234375,2511.949951171875,2507.489990234375,2509.4599609375,0
1788717000000,2509.9599609375,2509.9599609375,2506.320068359375,2507.469970703125,0
1788717300000,2507.47998046875,2508.590087890625,2505.989990234375,2507.3798828125,0
1788717600000,2508.389892578125,2508.39990234375,2501.610107421875,2503.070068359375,76252160
1788717900000,2503.5,2505.47998046875,2496.760009765625,2496.760009765625,11836416
1788718200000,2496.530029296875,2499.409912109375,2495.679931640625,2497.9599609375,4777984
1788718500000,2497.570068359375,2499.27001953125,2488.469970703125,2492.06005859375,0
1788718800000,2492.719970703125,2496.72998046875,2492.0400390625,2496.199951171875,20903936
1788719100000,2496.199951171875,2499.7900390625,2496.199951171875,2498.60009765625,56261632
1788719400000,2498.739990234375,2504.699951171875,2498.60009765625,2504.699951171875,0
1788719700000,2505.18994140625,2507.590087890625,2503.510009765625,2504.800048828125,78712832
1788720000000,2504.840087890625,2507.2099609375,2504.580078125,2506.64990234375,17499136
1788720300000,2506.219970703125,2508.5,2504.820068359375,2506.800048828125,88907776
1788720600000,2506.669921875,2508.610107421875,2505.320068359375,2508.330078125,50493440
1788720900000,2508.300048828125,2511.030029296875,2507.239990234375,2507.9599609375,4928512
1788721200000,2508.10009765625,2515.5,2507.10009765625,2511.39990234375,647168
1788721500000,2511.320068359375,2512.760009765625,2508.6201171875,2510.9599609375,0
1788721800000,2510.889892578125,2511.97998046875,2509.820068359375,2510.6298828125,39424000
1788722100000,2510.639892578125,2514.800048828125,2508.989990234375,2513.93994140625,118596608
1788722400000,2514.18994140625,2514.18994140625,2511,2511.31005859375,37741568
1788722700000,2511.679931640625,2514.080078125,2510.10009765625,2512.659912109375,0
1788723000000,2512.860107421875,2516.719970703125,2512.570068359375,2516.5400390625,81819648
1788723300000,2517.10009765625,2522.389892578125,2517.02001953125,2520.889892578125,7549952
1788723600000,2519.320068359375,2522.97998046875,2516.39990234375,2520.030029296875,0
1788723900000,2521.489990234375,2524.610107421875,2519.070068359375,2521.199951171875,119204864
1788724200000,2522,2522.070068359375,2516.3798828125,2516.590087890625,50401280
1788724500000,2515,2515.989990234375,2512.219970703125,2514.860107421875,60558336
1788724800000,2514.77001953125,2515.159912109375,2509.800048828125,2511.280029296875,36468736
1788725100000,2511.60009765625,2517.169921875,2510.929931640625,2516.280029296875,38682624
1788725400000,2516.090087890625,2517.820068359375,2515.25,2515.800048828125,23855104
1788725700000,2515.6201171875,2515.6201171875,2509.39990234375,2511.10009765625,34185216
1788726000000,2511.409912109375,2516.39990234375,2509.389892578125,2514.360107421875,0
1788726300000,2513.39990234375,2517.889892578125,2513.39990234375,2517.6201171875,40878080
1788726600000,2518.18994140625,2521.909912109375,2513.239990234375,2514.27001953125,12978176
1788726900000,2514.18994140625,2516.260009765625,2513.300048828125,2515.080078125,49191936
1788727200000,2514.929931640625,2516.1298828125,2513.199951171875,2515.239990234375,0
1788727500000,2515.1298828125,2516.75,2512.090087890625,2515.659912109375,0
1788727800000,2515.199951171875,2516.550048828125,2512.5,2513.4599609375,75814912
1788728100000,2513.1298828125,2514.050048828125,2509.530029296875,2512.68994140625,0
1788728400000,2512.56005859375,2515.6201171875,2510.409912109375,2515.280029296875,0
1788728700000,2515.580078125,2516.02001953125,2504.610107421875,2504.610107421875,2031616
1788729000000,2504.8798828125,2509.419921875,2503.239990234375,2507.590087890625,45266944
1788729300000,2507.030029296875,2509.43994140625,2502.840087890625,2506.4599609375,0
1788729600000,2505.419921875,2506.18994140625,2501.639892578125,2503.81005859375,0
1788729900000,2504.2099609375,2504.989990234375,2501.06005859375,2504.419921875,83483648
1788730200000,2504.35009765625,2507.81005859375,2502.1201171875,2507.070068359375,56317952
1788730500000,2506.3701171875,2506.3798828125,2503.800048828125,2504.1201171875,0
1788730800000,2504,2504.0400390625,2499.77001953125,2500.489990234375,0
1788731100000,2500.570068359375,2501.81005859375,2499.60009765625,2500.389892578125,0
1788731400000,2500.22998046875,2503.35009765625,2499.72998046875,2503.02001953125,29645824
1788731700000,2503.449951171875,2505.199951171875,2503.169921875,2503.699951171875,0
1788732000000,2503.550048828125,2504.360107421875,2501.860107421875,2501.9599609375,0
1788732300000,2502.02001953125,2502.22998046875,2498.419921875,2499.280029296875,0
1788732600000,2499.22998046875,2500.949951171875,2498.320068359375,2500.5,6720512
1788732900000,2500.199951171875,2505.39990234375,2500.199951171875,2504.6201171875,47356928
1788733200000,2504.68994140625,2505.860107421875,2503.139892578125,2505.60009765625,0
1788733500000,2505.39990234375,2511.3701171875,2505.3798828125,2511.3701171875,8588288
1788733800000,2510.669921875,2512.199951171875,2509.2099609375,2510.47998046875,47817728
1788734100000,2510.72998046875,2534.72998046875,2510.72998046875,2534,3844096
1788734400000,2535,2535,2526,2526.919921875,12537856
1788734700000,2527.4599609375,2527.4599609375,2524.590087890625,2525.669921875,292165632
1788735000000,2525.429931640625,2525.429931640625,2517.02001953125,2517.449951171875,57990144
1788735300000,2516.219970703125,2518.169921875,2510.159912109375,2511.659912109375,0
1788735600000,2509.469970703125,2515.590087890625,2507.199951171875,2515.25,35802112
1788735900000,2514.330078125,2514.830078125,2508,2508.800048828125,40676352
1788736200000,2508.97998046875,2509.090087890625,2506.56005859375,2507.10009765625,115703808
1788736500000,2506.97998046875,2508.7900390625,2505.8701171875,2507.969970703125,24280064
1788736800000,2508.469970703125,2510.56005859375,2506.989990234375,2507.56005859375,6864896
1788737100000,2507.669921875,2508.070068359375,2504.030029296875,2504.2900390625,34521088
1788737400000,2504.080078125,2505.68994140625,2502.530029296875,2503.199951171875,0
1788737700000,2503.2099609375,2503.72998046875,2499.300048828125,2499.68994140625,26127360
1788738000000,2499.610107421875,2500.489990234375,2496.429931640625,2497.56005859375,0
1788738300000,2497.800048828125,2499.590087890625,2496.27001953125,2497.659912109375,122438656
1788738600000,2496.9599609375,2499.590087890625,2496.239990234375,2499.590087890625,6478848
1788738900000,2499.5,2500.31005859375,2497.280029296875,2497.39990234375,0
1788739200000,2497.27001953125,2497.929931640625,2496,2497.929931640625,71690240
1788739500000,2497.929931640625,2498.5400390625,2496.199951171875,2498.5400390625,0
1788739800000,2497.8798828125,2498.419921875,2494.0400390625,2498.050048828125,18079744
1788740100000,2498.010009765625,2498.530029296875,2496.449951171875,2497.9599609375,0
1788740400000,2497.969970703125,2498.989990234375,2496.699951171875,2497.60009765625,52875264
1788740700000,2498.030029296875,2499.550048828125,2496.340087890625,2496.340087890625,0
1788741000000,2496.3798828125,2497.239990234375,2494.989990234375,2496.47998046875,0
1788741300000,2496.159912109375,2497.72998046875,2492.510009765625,2495.409912109375,0
1788741600000,2495.39990234375,2497.3798828125,2494.820068359375,2496.89990234375,153060352
1788741900000,2497,2498.72998046875,2496.489990234375,2497.1298828125,5437440
1788742200000,2496.300048828125,2497.080078125,2494.260009765625,2494.469970703125,0
1788742500000,2495.64990234375,2497.909912109375,2495,2497.889892578125,39148544
1788742800000,2497.60009765625,2502.590087890625,2496.889892578125,2502.590087890625,0
1788743100000,2502.469970703125,2504.739990234375,2500.97998046875,2502.989990234375,0
1788743400000,2502.85009765625,2503.449951171875,2500.260009765625,2503.449951171875,39254016
1788743700000,2505.39990234375,2509.199951171875,2505.06005859375,2507.679931640625,0
1788744000000,2506.929931640625,2511.780029296875,2506.080078125,2511.340087890625,57121792
1788744300000,2511.469970703125,2513.3701171875,2509.72998046875,2512.5,69113856
1788744600000,2512.25,2513.2900390625,2510.39990234375,2511.300048828125,17367040
1788744900000,2511.389892578125,2512.06005859375,2510.2099609375,2510.330078125,0
1788745200000,2509.989990234375,2511.4599609375,2509.10009765625,2511.340087890625,0
1788745500000,2510.7099609375,2511.590087890625,2509.110107421875,2509.2099609375,0
1788745800000,2509.030029296875,2509.030029296875,2504.840087890625,2504.840087890625,0
1788746100000,2504.699951171875,2505.110107421875,2503.659912109375,2504.5400390625,20766720
1788746400000,2504.840087890625,2506.139892578125,2503.47998046875,2506,0
1788746700000,2506.25,2507.6201171875,2503.47998046875,2507.6201171875,28243968
1788747000000,2507,2509.929931640625,2506.679931640625,2509.510009765625,55694336
1788747300000,2509.419921875,2509.419921875,2505.35009765625,2505.6201171875,1685504
1788747600000,2505.419921875,2505.669921875,2503.93994140625,2505.590087890625,0
1788747900000,2505.139892578125,2507.18994140625,2503.449951171875,2503.5,34418688
1788748200000,2503.5400390625,2504.8798828125,2501.89990234375,2502.669921875,119259136
1788748500000,2502.969970703125,2503.389892578125,2500.3798828125,2500.81005859375,0
1788748800000,2500.81005859375,2501.6201171875,2498.909912109375,2499.080078125,17743872
1788749100000,2499.050048828125,2500.449951171875,2498.60009765625,2499.010009765625,27068416
1788749400000,2499.47998046875,2499.89990234375,2498.510009765625,2498.989990234375,12138496
1788749700000,2498.800048828125,2499.679931640625,2497.64990234375,2498,8218624
1788750000000,2497.179931640625,2497.949951171875,2495.77001953125,2495.919921875,244152320
1788750300000,2496.06005859375,2500.43994140625,2495.929931640625,2500.22998046875,87450624
1788750600000,2500.4599609375,2501.68994140625,2498.419921875,2499.610107421875,0
1788750900000,2499.679931640625,2500.89990234375,2498.320068359375,2498.47998046875,0
1788751200000,2498.56005859375,2499,2493,2493.010009765625,121659392
1788751500000,2493.280029296875,2496.260009765625,2488,2488.320068359375,26268672
1788751800000,2488.330078125,2492.840087890625,2483.320068359375,2487.25,0
1788752100000,2487.60009765625,2488.409912109375,2480.39990234375,2480.60009765625,59340800
1788752400000,2480.5,2486,2476.159912109375,2485.340087890625,34182144
1788752700000,2485.64990234375,2488.919921875,2485.64990234375,2488.679931640625,281533440
1788753000000,2488.840087890625,2488.8701171875,2485.60009765625,2485.60009765625,0
1788753300000,2485.60009765625,2489.340087890625,2485.60009765625,2489.169921875,21256192
1788753600000,2489.389892578125,2491.260009765625,2488.639892578125,2489.719970703125,132081664
1788753900000,2489.719970703125,2491.3701171875,2489.699951171875,2490.89990234375,104102912
1788754200000,2490.639892578125,2491.2099609375,2489.10009765625,2489.10009765625,0
1788754500000,2488.9599609375,2492.530029296875,2488.9599609375,2492.409912109375,2619392
1788754800000,2492.320068359375,2492.60009765625,2489.389892578125,2490.52001953125,11692032
1788755100000,2489.39990234375,2491.8701171875,2489.010009765625,2490.4599609375,15682560
1788755400000,2490.110107421875,2493.469970703125,2490.110107421875,2492.64990234375,27022336
1788755700000,2492.6298828125,2492.6298828125,2489.5,2490.090087890625,0
1788756000000,2490.010009765625,2492.699951171875,2490.010009765625,2492.5400390625,25387008
1788756300000,2492.75,2493.510009765625,2490.429931640625,2491.030029296875,49122304
1788756600000,2491.5,2492.159912109375,2491,2491.10009765625,0
1788756900000,2491.2900390625,2492.0400390625,2490.77001953125,2491.199951171875,8175616
1788757200000,2491.360107421875,2492.6201171875,2490.5,2491.56005859375,51986432
1788757500000,2491.389892578125,2494.199951171875,2490.989990234375,2494.199951171875,0
1788757800000,2494.409912109375,2496.68994140625,2494.169921875,2495.840087890625,0
1788758100000,2496.169921875,2497.070068359375,2494.85009765625,2495.47998046875,10294272
1788758400000,2494.760009765625,2495.169921875,2493.360107421875,2493.679931640625,998400
1788758700000,2493.820068359375,2495.64990234375,2493.080078125,2494.60009765625,5048320
1788759000000,2494.72998046875,2494.81005859375,2492.179931640625,2492.179931640625,0
1788759300000,2492.010009765625,2492.010009765625,2489.090087890625,2490.780029296875,0
1788759600000,2490.68994140625,2491.60009765625,2490.39990234375,2490.449951171875,0
1788759900000,2490.550048828125,2491.97998046875,2490.489990234375,2491.219970703125,32472064
1788760200000,2491.22998046875,2492.68994140625,2485.280029296875,2486.7099609375,67703808
1788760500000,2487,2487.909912109375,2484.2099609375,2484.2099609375,0
1788760800000,2485.35009765625,2488.47998046875,2485.1298828125,2487.830078125,0
1788761100000,2487.81005859375,2489.39990234375,2485.1201171875,2487.8798828125,4866048
1788761400000,2487.360107421875,2488.75,2486.679931640625,2487.570068359375,115375104
1788761700000,2487.06005859375,2490.14990234375,2487.06005859375,2490.14990234375,0
1788762000000,2490,2490.110107421875,2489,2489.260009765625,0
1788762300000,2489.31005859375,2490.14990234375,2488.639892578125,2489.570068359375,26256384
1788762600000,2489.85009765625,2490.139892578125,2488.929931640625,2489,18002944
1788762900000,2489.090087890625,2490.110107421875,2488.030029296875,2489.429931640625,63296512
1788763200000,2489.449951171875,2491.669921875,2489.449951171875,2491.47998046875,0
1788763500000,2491.43994140625,2492.159912109375,2490,2490.949951171875,0
1788763800000,2490.72998046875,2492.419921875,2490.25,2491.2099609375,154557440
1788764100000,2490.47998046875,2491.22998046875,2488.090087890625,2488.75,0
1788764400000,2488.919921875,2490.260009765625,2487.2099609375,2488.030029296875,0
1788764700000,2488.030029296875,2488.77001953125,2486.360107421875,2486.590087890625,80646144
1788765000000,2486.9599609375,2490.43994140625,2486.9599609375,2490.340087890625,0
1788765300000,2490.330078125,2491.989990234375,2489.489990234375,2491.85009765625,149772288
1788765600000,2492,2492.89990234375,2490.889892578125,2491.9599609375,27048960
1788765900000,2491.7099609375,2492.669921875,2491.699951171875,2492.360107421875,2516992
1788766200000,2492.14990234375,2493.419921875,2491.669921875,2492.199951171875,98129920
1788766500000,2492.3798828125,2492.409912109375,2490.02001953125,2490.429931640625,6051840
1788766800000,2490.35009765625,2491.199951171875,2490.239990234375,2490.2900390625,0
1788767100000,2490.3701171875,2491.18994140625,2490,2490.31005859375,12685312
1788767400000,2490.239990234375,2491.18994140625,2488.260009765625,2489.820068359375,91450368
1788767700000,2489.9599609375,2489.989990234375,2488,2488.22998046875,0
1788767817000,2488.77001953125,2488.77001953125,2488.77001953125,2488.77001953125,0
1788768000000,2489.219970703125,2490.449951171875,2488.760009765625,2489.139892578125,28606464
1788768300000,2489.300048828125,2492.60009765625,2489.2900390625,2490.830078125,6562816
1788768600000,2491.070068359375,2491.070068359375,2488.409912109375,2488.409912109375,8496128
1788768900000,2488.4599609375,2491.830078125,2488.4599609375,2491.820068359375,50803712
1788769200000,2491.300048828125,2493.6298828125,2491.18994140625,2492.090087890625,22118400
1788769500000,2492.010009765625,2493.800048828125,2491.889892578125,2493.56005859375,0
1788769800000,2493.56005859375,2494,2492.780029296875,2493.2099609375,3429376
1788770100000,2493.110107421875,2494.35009765625,2492.889892578125,2492.889892578125,50064384
1788770400000,2493.14990234375,2494.090087890625,2493.02001953125,2493.8701171875,45465600
1788770700000,2493.85009765625,2499.360107421875,2493.85009765625,2498.06005859375,11096064
1788771000000,2498,2504.9599609375,2498,2504.669921875,33992704
1788771300000,2504.52001953125,2507.469970703125,2504.2900390625,2505.419921875,84401152
1788771600000,2505.030029296875,2507.06005859375,2502.840087890625,2506.31005859375,127078400
1788771900000,2506.2099609375,2506.64990234375,2503.360107421875,2506.429931640625,87648256
1788772200000,2506.4599609375,2510.110107421875,2505.93994140625,2509.75,14215168
1788772203000,2506.489990234375,2506.489990234375,2506.489990234375,2506.489990234375,0
1788772500000,2510.090087890625,2511.10009765625,2505.8701171875,2507.75,0
1788772800000,2507.989990234375,2509.840087890625,2507.5400390625,2508.260009765625,98845696
1788773100000,2508.260009765625,2508.760009765625,2506.68994140625,2508.22998046875,62350336
1788773400000,2508.469970703125,2508.469970703125,2499.1201171875,2499.3798828125,7054336
1788773700000,2499.830078125,2500.35009765625,2495.8798828125,2499.659912109375,66273280
1788774000000,2499.760009765625,2500.320068359375,2497,2498.179931640625,27523072
1788774300000,2498.199951171875,2498.97998046875,2496.60009765625,2498.18994140625,14084096
1788774600000,2496.570068359375,2497.6201171875,2496.47998046875,2496.679931640625,0
1788774700000,2497.18994140625,2497.18994140625,2497.18994140625,2497.18994140625,0
1788774900000,2501.5,2501.5,2498.1201171875,2498.610107421875,46345216
1788775200000,2497.89990234375,2499.199951171875,2494.89990234375,2495,0
1788775500000,2495,2495.5400390625,2484.169921875,2486.0400390625,0
1788775800000,2487.860107421875,2489.429931640625,2484.10009765625,2486.7900390625,42912768
1788776100000,2486.4599609375,2489.469970703125,2484.2900390625,2485.85009765625,32768
1788776400000,2485.699951171875,2485.889892578125,2481.919921875,2483.969970703125,59012096
1788776700000,2483.889892578125,2486.409912109375,2482.43994140625,2482.52001953125,0
1788777000000,2482.719970703125,2484.1201171875,2479.550048828125,2482.35009765625,16769024
1788777300000,2482.260009765625,2483.14990234375,2479.389892578125,2479.719970703125,0
1788777600000,2478.830078125,2481.610107421875,2477.159912109375,2481.330078125,0
1788777900000,2480.889892578125,2484.719970703125,2480.72998046875,2484.530029296875,11908096
1788778200000,2484.31005859375,2491.219970703125,2484.1201171875,2489.949951171875,0
1788778500000,2489.949951171875,2490.68994140625,2488.39990234375,2489.820068359375,0
1788778800000,2489.679931640625,2489.719970703125,2484.570068359375,2484.610107421875,13346816
1788779100000,2485,2485.77001953125,2482.719970703125,2485.179931640625,42296320
1788779400000,2485.409912109375,2485.97998046875,2483.2900390625,2483.2900390625,0
1788779700000,2482.919921875,2488.3701171875,2476.550048828125,2488.0400390625,0
1788780000000,2488.409912109375,2488.409912109375,2485.330078125,2486.22998046875,319486976
1788780300000,2486.1201171875,2486.669921875,2481.889892578125,2481.97998046875,25022464
1788780600000,2482.2099609375,2482.2099609375,2472.669921875,2473.989990234375,0
1788780900000,2472.989990234375,2476.179931640625,2468.469970703125,2469.830078125,55657472
1788781200000,2470.300048828125,2471.52001953125,2466.570068359375,2469.739990234375,36132864
1788781500000,2468.969970703125,2474.5,2468.449951171875,2473.800048828125,252294144
1788781800000,2473.550048828125,2474.139892578125,2471.699951171875,2472.60009765625,0
1788782100000,2472.7099609375,2473.56005859375,2466.550048828125,2470.030029296875,52247552
1788782400000,2470.199951171875,2475.969970703125,2470.199951171875,2473.81005859375,86040576
1788782700000,2473.5,2474.989990234375,2472.090087890625,2474.219970703125,5831680
1788783000000,2474.110107421875,2475.64990234375,2474,2474.43994140625,62480384
1788783300000,2474.56005859375,2475.010009765625,2472.610107421875,2474.780029296875,11014144
1788783600000,2474.56005859375,2474.56005859375,2471.72998046875,2471.72998046875,88000512
1788783900000,2471.760009765625,2472.610107421875,2470.320068359375,2470.320068359375,0
1788784200000,2470.85009765625,2474.860107421875,2469.429931640625,2474.429931640625,0
1788784500000,2474.469970703125,2480.639892578125,2474.469970703125,2480.39990234375,11821056
1788784800000,2480.419921875,2481.050048828125,2479.449951171875,2480.52001953125,8875008
1788785100000,2480.68994140625,2480.889892578125,2479.030029296875,2479.77001953125,23909376
1788785400000,2479.639892578125,2482.110107421875,2479.2099609375,2480.739990234375,102091776
1788785700000,2480.739990234375,2482.60009765625,2479.840087890625,2482.60009765625,24204288
1788786000000,2482.659912109375,2483.360107421875,2481.780029296875,2482.050048828125,1055744
1788786300000,2482.169921875,2486.419921875,2482.14990234375,2486.3701171875,36401152
1788786600000,2486.469970703125,2489.860107421875,2486.3701171875,2489.56005859375,0
1788786900000,2489.14990234375,2490.719970703125,2488.260009765625,2490.659912109375,28539904
1788787200000,2490.820068359375,2491.080078125,2488.070068359375,2488.18994140625,8444928
1788787500000,2488.1201171875,2489.43994140625,2487.25,2487.93994140625,16630784
1788787800000,2488.090087890625,2488.4599609375,2486,2486.669921875,135771136
1788788100000,2486.97998046875,2488.47998046875,2485.2099609375,2488,10855424
1788788400000,2487.919921875,2493.580078125,2487.919921875,2492.77001953125,10692608
1788788700000,2492.8798828125,2494.969970703125,2491.7900390625,2494.5,42310656
1788789000000,2495,2498.199951171875,2494.800048828125,2494.989990234375,153037824
1788789300000,2494.989990234375,2496.06005859375,2493.909912109375,2494.5,11771904
1788789505000,2494.050048828125,2494.050048828125,2494.050048828125,2494.050048828125,0
1788789600000,2494.93994140625,2496.669921875,2494.330078125,2495.080078125,0
1788789900000,2495.219970703125,2496.570068359375,2492.9599609375,2494.199951171875,96793600
1788790200000,2494.6201171875,2496.360107421875,2493.89990234375,2493.919921875,81506304
1788790500000,2493.909912109375,2494.719970703125,2492.43994140625,2494.510009765625,6155264
1788790800000,2494.570068359375,2494.93994140625,2490.89990234375,2491.669921875,19186688
1788791100000,2491.800048828125,2492.75,2489.14990234375,2489.820068359375,12791808
1788791400000,2489.610107421875,2489.610107421875,2486.659912109375,2487.800048828125,146893824
1788791700000,2488.199951171875,2488.52001953125,2487.010009765625,2487.610107421875,0
1788792000000,2487.6298828125,2489.0400390625,2486.919921875,2488.919921875,0
1788792300000,2488.8798828125,2490.169921875,2487.60009765625,2490.169921875,16772096
1788792600000,2490.179931640625,2493.719970703125,2490.179931640625,2492.889892578125,0
1788792900000,2493.389892578125,2493.6298828125,2490.52001953125,2491.199951171875,2873344
1788793200000,2491.199951171875,2491.6201171875,2489.10009765625,2490.199951171875,0
1788793411000,2489.3798828125,2489.3798828125,2489.3798828125,2489.3798828125,0
1788793500000,2490.89990234375,2491.5400390625,2488.760009765625,2489.340087890625,10859520
1788793800000,2489.27001953125,2490.56005859375,2489,2490.47998046875,0
1788794100000,2490.550048828125,2491.25,2490.139892578125,2490.639892578125,0
1788794400000,2490.85009765625,2492.97998046875,2490.590087890625,2492.97998046875,7165952
1788794700000,2492.989990234375,2493.06005859375,2491.2099609375,2492,0
1788795000000,2491.8701171875,2496.139892578125,2491.8701171875,2495.93994140625,75816960
1788795300000,2495.31005859375,2497.47998046875,2495.030029296875,2495.929931640625,0
1788795600000,2495.72998046875,2496.47998046875,2494.43994140625,2495.800048828125,48346112
1788795900000,2495.81005859375,2496.199951171875,2495.10009765625,2495.739990234375,30322688
1788796200000,2495.800048828125,2496.139892578125,2494.6201171875,2494.6201171875,85498880
1788796500000,2494.85009765625,2495.820068359375,2494.02001953125,2495.820068359375,0
1788796800000,2495.800048828125,2497.0400390625,2493.179931640625,2493.639892578125,17626112
1788797100000,2493.199951171875,2493.219970703125,2488.830078125,2491.1298828125,0
1788797400000,2491.050048828125,2491.090087890625,2488.1201171875,2488.89990234375,0
1788797700000,2488.2099609375,2489.60009765625,2488.090087890625,2489.5,117062656
1788798000000,2489.5,2489.5,2486.739990234375,2487.68994140625,70946816
1788798300000,2487.8798828125,2489.199951171875,2487.360107421875,2489.18994140625,0
1788798600000,2488.780029296875,2490.85009765625,2488.639892578125,2490.6201171875,4611072
1788798900000,2490.909912109375,2491.530029296875,2489.610107421875,2491.43994140625,0
1788799200000,2491.3798828125,2492.139892578125,2490.72998046875,2491.43994140625,5256192
1788799500000,2492.10009765625,2494.030029296875,2489.6298828125,2493.860107421875,0
1788799800000,2493.860107421875,2496,2492.929931640625,2493.6201171875,25123840
1788800100000,2493.919921875,2495.52001953125,2493.89990234375,2494.159912109375,62021632
1788800400000,2494.77001953125,2495.429931640625,2493.330078125,2493.580078125,16652288
1788800700000,2493.989990234375,2493.989990234375,2492.169921875,2492.179931640625,0
1788801000000,2491.8701171875,2495.669921875,2491.8701171875,2495.669921875,4361216
1788801300000,2494.429931640625,2494.919921875,2492.2099609375,2494.199951171875,0
1788801600000,2493.969970703125,2494.949951171875,2493.469970703125,2493.639892578125,13301760
1788801900000,2493.7900390625,2493.7900390625,2492.199951171875,2492.219970703125,2141184
1788802200000,2493.010009765625,2493.330078125,2491.820068359375,2492.7099609375,87175168
1788802500000,2492.77001953125,2492.97998046875,2490.919921875,2492.97998046875,0
1788802800000,2492.85009765625,2492.860107421875,2491.530029296875,2492.139892578125,0
1788803100000,2492.1201171875,2492.949951171875,2490.3798828125,2490.3798828125,20530176
1788803400000,2490.6201171875,2491.830078125,2489.72998046875,2490.699951171875,14542848
1788803700000,2490.8798828125,2492.110107421875,2490.340087890625,2490.340087890625,0
1788804000000,2490.4599609375,2490.800048828125,2486.840087890625,2486.840087890625,0
1788804132000,2486.419921875,2486.419921875,2486.419921875,2486.419921875,0
1788804300000,2487.989990234375,2489.97998046875,2486.580078125,2489.81005859375,0
1788804600000,2489.949951171875,2491.5,2488.239990234375,2489.10009765625,0
1788804900000,2488.780029296875,2488.780029296875,2482.739990234375,2484.929931640625,219211776
1788805200000,2484.06005859375,2489.419921875,2483.4599609375,2489.419921875,0
1788805500000,2489.47998046875,2491.75,2486.39990234375,2486.39990234375,0
1788805800000,2485.64990234375,2486,2482.52001953125,2483.010009765625,0
1788806100000,2482.320068359375,2483.360107421875,2476.89990234375,2477.139892578125,346781696
1788806400000,2477.199951171875,2479.64990234375,2475.300048828125,2478.320068359375,0
1788806700000,2479.219970703125,2482.580078125,2478.60009765625,2482.449951171875,52503552
1788807000000,2482.18994140625,2482.800048828125,2481.169921875,2481.800048828125,38867968
1788807300000,2481.949951171875,2483.090087890625,2480.5,2482.31005859375,0
1788807600000,2482.2099609375,2485.81005859375,2482.2099609375,2484.300048828125,0
1788807900000,2484.080078125,2489.010009765625,2482.860107421875,2486.739990234375,0
1788808200000,2486.7900390625,2488.5400390625,2486.10009765625,2488.02001953125,0
1788808500000,2488.06005859375,2488.679931640625,2484.989990234375,2487.840087890625,141194240
1788808800000,2487.830078125,2487.830078125,2482.260009765625,2483.18994140625,0
1788809100000,2483.7099609375,2485.3701171875,2483.7099609375,2484.25,0
1788809400000,2484.25,2484.989990234375,2483.090087890625,2484.510009765625,0
1788809700000,2484.64990234375,2486.219970703125,2484.4599609375,2485.909912109375,0
1788810000000,2485.800048828125,2490.43994140625,2485.800048828125,2490.39990234375,70266880
1788810300000,2490.1201171875,2493.43994140625,2490.080078125,2492.800048828125,0
1788810600000,2493.090087890625,2493.139892578125,2491.25,2491.3701171875,0
1788810900000,2491.27001953125,2492.389892578125,2489.550048828125,2489.570068359375,349342720
1788811200000,2489.409912109375,2490.64990234375,2486.6298828125,2487.090087890625,0
1788811500000,2487.2099609375,2489.68994140625,2485.919921875,2487.169921875,0
1788811800000,2487.590087890625,2488.090087890625,2485.080078125,2487.820068359375,49092608
1788812100000,2487.659912109375,2490.64990234375,2485.64990234375,2486.570068359375,0
1788812400000,2486.5400390625,2486.820068359375,2482.889892578125,2485.510009765625,0
1788812700000,2485,2486.2099609375,2483.10009765625,2483.10009765625,0
1788813000000,2483.31005859375,2489.820068359375,2483.050048828125,2489.780029296875,8663040
1788813300000,2490.159912109375,2492.68994140625,2490.159912109375,2492.27001953125,16335872
1788813600000,2491.8701171875,2493.949951171875,2489.080078125,2490.389892578125,0
1788813900000,2490.030029296875,2491.989990234375,2489.760009765625,2491.989990234375,22471680
1788814200000,2491.93994140625,2494.169921875,2491.340087890625,2492.510009765625,30257152
1788814500000,2492.800048828125,2495.3701171875,2492.340087890625,2495.3701171875,30133248
1788814800000,2495.030029296875,2495.39990234375,2493,2494.659912109375,0
1788815100000,2494.8701171875,2496.780029296875,2492.919921875,2496.39990234375,34900992
1788815400000,2496.39990234375,2497.280029296875,2494.89990234375,2495.889892578125,0
1788815700000,2496.360107421875,2498.800048828125,2495.340087890625,2498.800048828125,0
1788816000000,2499.2900390625,2504.260009765625,2497.5,2501.60009765625,33518592
1788816300000,2501.75,2504.8701171875,2501.75,2502.239990234375,23535616
1788816600000,2501.39990234375,2501.39990234375,2499.110107421875,2499.52001953125,0
1788816900000,2499.56005859375,2501.110107421875,2498.639892578125,2499.340087890625,15582208
1788817200000,2498.820068359375,2499.860107421875,2498.530029296875,2499.429931640625,69794816
1788817500000,2499.35009765625,2500.7099609375,2498.7099609375,2500.5400390625,15838208
1788817800000,2500.27001953125,2500.860107421875,2498.489990234375,2500.550048828125,0
1788818100000,2500.800048828125,2503.929931640625,2500.800048828125,2503.68994140625,0
1788818400000,2503.72998046875,2503.860107421875,2500.60009765625,2500.699951171875,0
1788818700000,2500.179931640625,2500.35009765625,2497.719970703125,2498.080078125,37544960
1788819000000,2498.06005859375,2498.949951171875,2494.31005859375,2498.419921875,0
1788819300000,2498.409912109375,2499.7099609375,2497.199951171875,2498.699951171875,20196352
1788819600000,2498.320068359375,2507.320068359375,2497.830078125,2505.97998046875,5233664
1788819900000,2505.919921875,2506.469970703125,2495.610107421875,2496.389892578125,0
1788820200000,2495.9599609375,2497,2492.72998046875,2494.4599609375,91631616
1788820500000,2494.60009765625,2494.6298828125,2491.199951171875,2491.72998046875,0
1788820800000,2491.679931640625,2491.679931640625,2489.7099609375,2490.909912109375,0
1788821100000,2491.1201171875,2492.179931640625,2489.6298828125,2491.110107421875,0
1788821400000,2490.739990234375,2491.2099609375,2485.93994140625,2485.969970703125,0
1788821700000,2485.7099609375,2487.820068359375,2484.06005859375,2484.06005859375,0
1788822000000,2484.550048828125,2486.199951171875,2482,2483.679931640625,0
1788822300000,2483.68994140625,2486.199951171875,2483.139892578125,2486.199951171875,71085056
1788822600000,2486.6201171875,2486.6201171875,2482.1201171875,2482.719970703125,0
1788822900000,2482.590087890625,2484,2480.909912109375,2480.929931640625,0
1788823200000,2481.280029296875,2482.2900390625,2477.409912109375,2480.3701171875,31902720
1788823500000,2480.25,2482.590087890625,2478.85009765625,2480.260009765625,16439296
1788823800000,2481.199951171875,2486.06005859375,2481.199951171875,2484.72998046875,100751360
1788824100000,2484.489990234375,2487,2484.489990234375,2486.47998046875,0
1788824400000,2486.429931640625,2487.64990234375,2485.159912109375,2486.030029296875,7146496
1788824700000,2486.030029296875,2486.300048828125,2483.409912109375,2484.3701171875,72709120
1788825000000,2484.280029296875,2486.10009765625,2483.56005859375,2483.909912109375,0
1788825300000,2483.929931640625,2485.800048828125,2483.699951171875,2485.320068359375,136564736
1788825600000,2485.320068359375,2485.800048828125,2483.449951171875,2483.760009765625,0
1788825900000,2483.739990234375,2484.89990234375,2482.85009765625,2483.550048828125,0
1788826200000,2483.280029296875,2484.39990234375,2481.090087890625,2482.10009765625,7872512
1788826500000,2482.199951171875,2484.889892578125,2481,2484.739990234375,0
1788826800000,2484.639892578125,2484.639892578125,2480.610107421875,2480.610107421875,69572608
1788827100000,2480.510009765625,2483.199951171875,2479.9599609375,2482.090087890625,0
1788827400000,2482.090087890625,2483.6298828125,2481.489990234375,2483.02001953125,0
1788827700000,2482.2099609375,2484.739990234375,2480.8701171875,2484.739990234375,0
1788828000000,2484.340087890625,2484.840087890625,2480.929931640625,2482.56005859375,103683072
1788828300000,2482.429931640625,2483.5400390625,2482.169921875,2482.169921875,0
1788828600000,2482.18994140625,2483.199951171875,2479.35009765625,2479.97998046875,4964352
1788828900000,2479.840087890625,2479.840087890625,2477.989990234375,2478.22998046875,0
1788829200000,2478.469970703125,2483.85009765625,2476.25,2479.97998046875,0
1788829500000,2479.5,2482.419921875,2477.1201171875,2478.75,78255104
1788829800000,2479.39990234375,2481.260009765625,2477.300048828125,2477.300048828125,0
1788830100000,2477.260009765625,2482.0400390625,2475.780029296875,2481.7900390625,21251072
1788830400000,2481.590087890625,2482.800048828125,2480.090087890625,2482.300048828125,0
1788830700000,2481.85009765625,2483.75,2480.72998046875,2481.35009765625,66110464
1788831000000,2481.300048828125,2481.550048828125,2476.429931640625,2476.429931640625,0
1788831300000,2475.510009765625,2478.010009765625,2473.639892578125,2476.89990234375,23999488
1788831600000,2477.35009765625,2477.929931640625,2473.0400390625,2473.1298828125,23435264
1788831900000,2474.199951171875,2476.669921875,2473.56005859375,2476.669921875,0
1788832200000,2476.409912109375,2476.860107421875,2473.219970703125,2473.260009765625,8391680
1788832500000,2473,2473.449951171875,2472.02001953125,2472.669921875,789504
1788832800000,2472.739990234375,2473.7900390625,2469.72998046875,2471.429931640625,2025472
1788833100000,2471.68994140625,2474.820068359375,2469.610107421875,2473.60009765625,103881728
1788833400000,2472.27001953125,2474.510009765625,2470.7099609375,2474.3798828125,0
1788833700000,2474.080078125,2476.300048828125,2468.070068359375,2468.6298828125,125714432
1788834000000,2468.31005859375,2468.699951171875,2462.39990234375,2468.31005859375,27004928
1788834300000,2468.030029296875,2469.590087890625,2465.739990234375,2466,25503744
1788834600000,2465.639892578125,2467.6201171875,2464.43994140625,2465.6298828125,118757376
1788834900000,2465.18994140625,2466.5400390625,2463.25,2465.56005859375,39847936
1788835200000,2465.260009765625,2466,2463.179931640625,2464.780029296875,22141952
1788835500000,2464.72998046875,2468.39990234375,2464.31005859375,2464.840087890625,1355776
1788835800000,2465.659912109375,2467.39990234375,2462.909912109375,2463.840087890625,33908736
1788836100000,2463.699951171875,2468.85009765625,2463.699951171875,2467.47998046875,4609024
1788836400000,2467.679931640625,2470.199951171875,2466.989990234375,2469.719970703125,0
1788836700000,2469.2900390625,2474.6201171875,2469.2900390625,2473.030029296875,0
1788837000000,2473.02001953125,2474.10009765625,2472.68994140625,2473.81005859375,0
1788837300000,2473.39990234375,2474.530029296875,2472.89990234375,2474.25,0
1788837600000,2474.25,2476.909912109375,2474.25,2476.18994140625,29465600
1788837900000,2476.68994140625,2478.93994140625,2476.179931640625,2477.800048828125,0
1788838200000,2477.949951171875,2479.919921875,2477.27001953125,2479.679931640625,0
1788838500000,2479.3701171875,2481.14990234375,2479.0400390625,2480.97998046875,241252352
1788838800000,2480.81005859375,2484.260009765625,2478.0400390625,2478.320068359375,0
1788839100000,2478.25,2478.25,2474.2900390625,2474.800048828125,0
1788839400000,2474.800048828125,2477.10009765625,2471.2099609375,2476.64990234375,0
1788839700000,2476.800048828125,2479.570068359375,2476.800048828125,2478.929931640625,125867008
1788840000000,2478.60009765625,2478.60009765625,2470.909912109375,2470.909912109375,0
1788840300000,2470.929931640625,2474.68994140625,2469.989990234375,2470.300048828125,125442048
1788840600000,2470.080078125,2472.320068359375,2469.39990234375,2472.14990234375,14285824
1788840900000,2472.7900390625,2474.199951171875,2470.39990234375,2472.260009765625,30513152
1788841200000,2472.31005859375,2474.550048828125,2471.010009765625,2474.550048828125,42084352
1788841500000,2474.860107421875,2476.929931640625,2472.22998046875,2475.60009765625,20471808
1788841800000,2475.199951171875,2479.330078125,2474.159912109375,2479.22998046875,20421632
1788842100000,2479.139892578125,2482.1298828125,2479.139892578125,2482.0400390625,4747264
1788842400000,2481.8701171875,2481.8701171875,2479.679931640625,2479.679931640625,74517504
1788842700000,2480.050048828125,2482.8798828125,2479.0400390625,2479.840087890625,720896
1788843000000,2479.719970703125,2479.7900390625,2476.0400390625,2477.06005859375,12505088
1788843300000,2477.2900390625,2478.77001953125,2475.409912109375,2476.47998046875,4427776
1788843600000,2476.68994140625,2477.760009765625,2475.06005859375,2476.02001953125,101011456
1788843900000,2476.02001953125,2477.429931640625,2474.85009765625,2476.800048828125,24511488
1788844200000,2476.639892578125,2480.320068359375,2475.840087890625,2479.68994140625,0
1788844500000,2480.360107421875,2481.35009765625,2479.1201171875,2479.199951171875,20140032
1788844800000,2478.919921875,2479.52001953125,2476.090087890625,2479.300048828125,123584512
1788845100000,2479.31005859375,2481.56005859375,2479.300048828125,2480.340087890625,12910592
1788845400000,2480.340087890625,2492.52001953125,2479.820068359375,2490.8798828125,24113152
1788845700000,2490.56005859375,2493.889892578125,2488.800048828125,2492.64990234375,13391872
1788846000000,2493.1201171875,2494.719970703125,2491.89990234375,2493.080078125,83801088
1788846300000,2492.9599609375,2494.739990234375,2492.169921875,2493.72998046875,133446656
1788846600000,2494.169921875,2494.280029296875,2490.320068359375,2492.5400390625,6743040
1788846900000,2492.639892578125,2492.639892578125,2490.25,2491.18994140625,41752576
1788847200000,2490.739990234375,2490.739990234375,2487.070068359375,2488.43994140625,0
1788847500000,2488.489990234375,2489.489990234375,2486.10009765625,2486.989990234375,0
1788847800000,2486.97998046875,2489.139892578125,2486.14990234375,2489.139892578125,18934784
1788848100000,2488.93994140625,2490.47998046875,2488.31005859375,2490.47998046875,6076416
1788848400000,2490.56005859375,2499.030029296875,2490.56005859375,2493.7099609375,110673920
1788848700000,2493.820068359375,2494.39990234375,2490.6298828125,2491.510009765625,71277568
1788849000000,2491.52001953125,2492.159912109375,2486.219970703125,2486.22998046875,73484288
1788849300000,2485.77001953125,2485.820068359375,2483.85009765625,2484.449951171875,10791936
1788849600000,2484.25,2484.969970703125,2482.10009765625,2483.31005859375,177662976
1788849900000,2483.510009765625,2484.280029296875,2482.909912109375,2483.85009765625,106742784
1788850200000,2483.8798828125,2484.7900390625,2482.8798828125,2482.8798828125,15169536
1788850354000,2482.97998046875,2482.97998046875,2482.97998046875,2482.97998046875,0
1788850500000,2483.5400390625,2483.570068359375,2479.27001953125,2479.27001953125,9968640
1788850800000,2480.93994140625,2481.639892578125,2478.219970703125,2479.090087890625,0
1788851100000,2479.1298828125,2479.139892578125,2475.260009765625,2476.22998046875,6290432
1788851400000,2475.60009765625,2475.60009765625,2471,2471.52001953125,4593664
1788851700000,2471.719970703125,2474.159912109375,2471.68994140625,2474.159912109375,228247552
1788852000000,2475.070068359375,2476.320068359375,2473.72998046875,2476.199951171875,30194688
1788852300000,2475.81005859375,2475.820068359375,2473.909912109375,2474.239990234375,157047808
1788852600000,2474.239990234375,2476.159912109375,2473.860107421875,2475.889892578125,20352000
1788852900000,2475.949951171875,2476.800048828125,2474.570068359375,2474.570068359375,8465408
1788853200000,2474.449951171875,2475.469970703125,2473.2900390625,2473.919921875,48221184
1788853500000,2474.06005859375,2474.25,2472,2473.169921875,32769024
1788853800000,2473.139892578125,2474.14990234375,2471.830078125,2473.320068359375,109035520
1788854050000,2471.6201171875,2471.6201171875,2471.6201171875,2471.6201171875,0
1788854100000,2471.179931640625,2474.56005859375,2471.159912109375,2473.72998046875,14934016
1788854400000,2473.89990234375,2473.89990234375,2467.590087890625,2468.030029296875,0
1788854700000,2468.110107421875,2472.56005859375,2468.110107421875,2472.56005859375,0
1788855000000,2472.639892578125,2473.5,2468.030029296875,2468.47998046875,190569472
1788855300000,2468.5,2472.27001953125,2468.5,2472.27001953125,28423168
1788855600000,2472.070068359375,2474.60009765625,2472.06005859375,2474.419921875,18708480
1788855900000,2474.4599609375,2474.989990234375,2472.89990234375,2473.409912109375,100165632
1788856197000,2475.070068359375,2475.070068359375,2475.070068359375,2475.070068359375,0
1788856200000,2475.050048828125,2475.1201171875,2471.35009765625,2472.659912109375,0
1788856500000,2472.7099609375,2473.2900390625,2471.3701171875,2472.260009765625,124600320
1788856800000,2472.419921875,2473.18994140625,2470.070068359375,2472.139892578125,36929536
1788857100000,2472.139892578125,2473.909912109375,2471.050048828125,2473.8798828125,28488704
1788857400000,2474.239990234375,2474.43994140625,2470.570068359375,2474.43994140625,123502592
1788857700000,2474.679931640625,2474.8701171875,2470.39990234375,2471.7900390625,37403648
1788858000000,2471.989990234375,2473.429931640625,2470.27001953125,2473.419921875,232448
1788858300000,2472.64990234375,2474.56005859375,2471.340087890625,2471.4599609375,87673856
1788858600000,2471.110107421875,2473.159912109375,2470.85009765625,2472.219970703125,14377984
1788858900000,2472.090087890625,2472.9599609375,2469.830078125,2469.830078125,2690048
1788859200000,2469.860107421875,2471.030029296875,2465.9599609375,2468.929931640625,26687488
1788859500000,2467.85009765625,2471.760009765625,2467.85009765625,2468.85009765625,29106176
1788859800000,2468.550048828125,2468.550048828125,2454.77001953125,2455.7900390625,0
1788860100000,2456.610107421875,2457.93994140625,2445.530029296875,2445.97998046875,299465728
1788860400000,2446.340087890625,2447.889892578125,2440.580078125,2447.77001953125,64612352
1788860700000,2448.050048828125,2452.60009765625,2445.97998046875,2452.1201171875,129655808
1788861000000,2452.179931640625,2452.659912109375,2445,2452.179931640625,292618240
1788861300000,2452.320068359375,2463.139892578125,2452.320068359375,2458.360107421875,12982272
1788861600000,2459.570068359375,2460.52001953125,2455.780029296875,2460,52900864
1788861900000,2460.719970703125,2463.260009765625,2458.889892578125,2461.090087890625,257429504
1788862200000,2460.6298828125,2474.340087890625,2459.93994140625,2471.360107421875,0
1788862500000,2473.280029296875,2479.739990234375,2473.080078125,2478.860107421875,27033600
1788862800000,2479.989990234375,2482.64990234375,2477.43994140625,2477.6201171875,151187456
1788863100000,2477.050048828125,2478.75,2473.6201171875,2478.330078125,1246208
1788863400000,2478.969970703125,2480.679931640625,2475.39990234375,2480.360107421875,100978688
1788863700000,2480.590087890625,2481.4599609375,2476.159912109375,2479.510009765625,1937408
1788864000000,2479.0400390625,2482.56005859375,2477.159912109375,2480.080078125,24489984
1788864300000,2480.159912109375,2485.8798828125,2479.35009765625,2484.8701171875,7232512
1788864600000,2485.199951171875,2485.8798828125,2480.8798828125,2483.389892578125,56317952
1788864900000,2483.52001953125,2485.72998046875,2482.699951171875,2485.070068359375,10840064
1788865200000,2484.780029296875,2489.469970703125,2484.260009765625,2485.760009765625,14948352
1788865500000,2485.52001953125,2487.8701171875,2483.510009765625,2487.8701171875,167494656
1788865800000,2487.8798828125,2490.239990234375,2485.60009765625,2488.239990234375,30444544
1788866100000,2488.360107421875,2491.18994140625,2487.050048828125,2487.830078125,2897920
1788866400000,2487.820068359375,2488.639892578125,2481.5400390625,2484.610107421875,7704576
1788866700000,2484.97998046875,2485.760009765625,2481.68994140625,2481.72998046875,0
1788867000000,2482,2487.669921875,2482,2487.260009765625,184794112
1788867300000,2487.10009765625,2493.969970703125,2486.719970703125,2492.800048828125,0
1788867600000,2492.830078125,2497.10009765625,2490.489990234375,2495.679931640625,9816064
1788867900000,2497.199951171875,2498,2493.31005859375,2496.1201171875,14320640
1788868200000,2495.679931640625,2499.260009765625,2494.510009765625,2496.7099609375,0
1788868500000,2496.919921875,2500.81005859375,2496.340087890625,2498.39990234375,7996416
1788868800000,2498.39990234375,2498.39990234375,2495.719970703125,2497.989990234375,126203904
1788869100000,2497.320068359375,2497.6298828125,2494.090087890625,2494.090087890625,6063104
1788869400000,2493.75,2493.75,2488.639892578125,2489.489990234375,98144256
1788869700000,2489.8798828125,2491.330078125,2486.5400390625,2488.929931640625,36328448
1788870000000,2488.780029296875,2491.800048828125,2487.590087890625,2490.159912109375,12594176
1788870300000,2490.68994140625,2492.550048828125,2489.18994140625,2490.06005859375,0
1788870600000,2490.179931640625,2494.22998046875,2489.580078125,2492.090087890625,212865024
1788870900000,2491.39990234375,2501.489990234375,2491.280029296875,2501.489990234375,48418816
1788871200000,2502.760009765625,2504.93994140625,2496.330078125,2496.550048828125,72244224
1788871500000,2496.889892578125,2497.989990234375,2494.219970703125,2497.550048828125,0
1788871695000,2497.159912109375,2497.159912109375,2497.159912109375,2497.159912109375,0
1788871800000,2498.719970703125,2500.2900390625,2496.010009765625,2496.239990234375,192376832
1788872015000,2495.280029296875,2495.280029296875,2495.280029296875,2495.280029296875,0
1788872100000,2498.2900390625,2498.780029296875,2494.0400390625,2496.590087890625,29309952
1788872400000,2496.39990234375,2502.2900390625,2496.35009765625,2499.699951171875,67868672
1788872700000,2499.64990234375,2502.3701171875,2494.85009765625,2494.85009765625,32445440
1788873000000,2494.72998046875,2496.419921875,2493.3701171875,2495.919921875,10653696
1788873300000,2496.22998046875,2496.47998046875,2493.25,2493.639892578125,16776192
1788873600000,2492.800048828125,2493.159912109375,2491.199951171875,2492.1201171875,215225344
1788873900000,2491.719970703125,2491.719970703125,2488.8701171875,2491.31005859375,3361792
1788874200000,2491.35009765625,2492.110107421875,2489.64990234375,2492.10009765625,113955840
1788874500000,2492.280029296875,2494.0400390625,2492.280029296875,2492.840087890625,5691392
1788874627000,2494.090087890625,2494.090087890625,2494.090087890625,2494.090087890625,0
1788874800000,2491.030029296875,2491.219970703125,2487.6298828125,2487.6298828125,132644864
1788875100000,2488.639892578125,2490.25,2488.5400390625,2490.010009765625,0
1788875177000,2489.8701171875,2489.8701171875,2489.8701171875,2489.8701171875,0
1788875400000,2488.8701171875,2493.669921875,2488.81005859375,2491.5400390625,0
1788875700000,2491.570068359375,2491.590087890625,2487.7099609375,2487.8798828125,15620096
1788876000000,2487.93994140625,2490.949951171875,2487.510009765625,2489.760009765625,12813312
1788876004000,2487.949951171875,2487.949951171875,2487.949951171875,2487.949951171875,0
1788876300000,2490.14990234375,2496.949951171875,2490.139892578125,2496.070068359375,284237824
1788876600000,2496.010009765625,2498.280029296875,2495.18994140625,2497.300048828125,4561920
1788876900000,2497.139892578125,2501.139892578125,2497.139892578125,2501.070068359375,158302208
1788877200000,2501.06005859375,2505.75,2500.080078125,2503.72998046875,0
1788877500000,2504.18994140625,2504.389892578125,2498.9599609375,2500.320068359375,28834816
1788877516000,2504.389892578125,2504.389892578125,2504.389892578125,2504.389892578125,0
1788877800000,2500.31005859375,2502.8798828125,2499.85009765625,2500.860107421875,391081984
1788878100000,2499.280029296875,2499.280029296875,2494.56005859375,2494.639892578125,0
1788878400000,2494.389892578125,2495.889892578125,2494.02001953125,2495.6298828125,0
1788878700000,2496.110107421875,2496.9599609375,2479.9599609375,2480.320068359375,122826752
1788879000000,2481.35009765625,2487.110107421875,2479.31005859375,2483.219970703125,0
1788879300000,2482.699951171875,2487,2482.419921875,2486.739990234375,185041920
1788879600000,2486.8798828125,2491.60009765625,2484.52001953125,2489.659912109375,125050880
1788879900000,2490.97998046875,2490.97998046875,2486.2900390625,2487.2099609375,32926720
1788880200000,2486.81005859375,2488.050048828125,2484.780029296875,2485.800048828125,37633024
1788880500000,2486.219970703125,2489.60009765625,2484.81005859375,2485.919921875,46125056
1788880800000,2485.5400390625,2486.780029296875,2482.360107421875,2484.199951171875,0
1788881100000,2482.889892578125,2486.52001953125,2482.409912109375,2486.409912109375,56843264
1788881400000,2486.159912109375,2486.159912109375,2479.550048828125,2484.489990234375,66154496
1788881700000,2483.639892578125,2486.260009765625,2482.47998046875,2485.06005859375,7723008
1788882000000,2485.27001953125,2488.580078125,2481.639892578125,2481.639892578125,2907136
1788882300000,2481.550048828125,2481.580078125,2477.179931640625,2480.14990234375,143738880
1788882600000,2480.320068359375,2480.320068359375,2476.590087890625,2477.699951171875,0
1788882900000,2478.159912109375,2482.22998046875,2477.1298828125,2482.22998046875,170549248
1788883200000,2482.010009765625,2484.989990234375,2480.239990234375,2482.699951171875,8133632
1788883500000,2482.68994140625,2487.260009765625,2481.93994140625,2486.719970703125,0
1788883800000,2486.77001953125,2491.4599609375,2486.719970703125,2490.64990234375,114483200
1788884100000,2491.030029296875,2491.030029296875,2485.469970703125,2485.9599609375,137445376
1788884400000,2485.679931640625,2486.72998046875,2482.889892578125,2485.31005859375,368640
1788884700000,2484.89990234375,2487.409912109375,2484.89990234375,2486.800048828125,10469376
1788885000000,2486.969970703125,2486.97998046875,2480.35009765625,2481.010009765625,22581248
1788885300000,2481.60009765625,2485.320068359375,2480.5,2484.31005859375,8829952
1788885600000,2484.300048828125,2484.52001953125,2481.72998046875,2484.110107421875,0
1788885900000,2483.47998046875,2485.320068359375,2483.1201171875,2483.570068359375,23474176
1788886200000,2483.7900390625,2486.340087890625,2483.6298828125,2483.89990234375,0
1788886500000,2483.64990234375,2486.239990234375,2482.35009765625,2483.02001953125,69597184
1788886800000,2483.06005859375,2486.300048828125,2482.550048828125,2484.090087890625,0
1788887100000,2484.070068359375,2485.60009765625,2483.81005859375,2485.139892578125,89836544
1788887400000,2485.14990234375,2486.7900390625,2485.050048828125,2485.239990234375,0
1788887700000,2485.4599609375,2486.989990234375,2484.389892578125,2484.510009765625,0
1788888000000,2484.510009765625,2484.52001953125,2482.090087890625,2483.050048828125,0
1788888028000,2484.419921875,2484.419921875,2484.419921875,2484.419921875,0
1788888300000,2482.68994140625,2485.840087890625,2482.56005859375,2482.570068359375,0
1788888600000,2482.60009765625,2483.639892578125,2480.300048828125,2481.469970703125,92377088
1788888900000,2481.429931640625,2483.929931640625,2480.320068359375,2483.75,13030400
1788889200000,2480.639892578125,2484.070068359375,2480.35009765625,2483.02001953125,0
1788889500000,2483,2483.830078125,2482.050048828125,2482.800048828125,12906496
1788889800000,2482.72998046875,2482.72998046875,2478.550048828125,2479.22998046875,2378752
1788890100000,2479.56005859375,2482.860107421875,2479.31005859375,2482.550048828125,0
1788890400000,2481.919921875,2488.8701171875,2481.68994140625,2486.1298828125,96796672
1788890700000,2485.5,2485.919921875,2481.550048828125,2481.760009765625,0
1788891000000,2481.739990234375,2483.39990234375,2481.3798828125,2482.949951171875,12008448
1788891300000,2483.9599609375,2485.840087890625,2482.85009765625,2483.2099609375,139085824
1788891600000,2483.219970703125,2486.719970703125,2482.969970703125,2484.68994140625,0
1788891900000,2484.10009765625,2485.18994140625,2483.47998046875,2484.090087890625,0
1788892200000,2484.10009765625,2484.10009765625,2483.050048828125,2483.449951171875,0
1788892500000,2483.409912109375,2484.610107421875,2482.31005859375,2483.47998046875,0
1788892800000,2483.610107421875,2486.800048828125,2483.5400390625,2484.14990234375,0
1788893100000,2484.300048828125,2486.8798828125,2484.1201171875,2486.830078125,0
1788893400000,2486.820068359375,2487.7099609375,2486.06005859375,2486.3798828125,0
1788893700000,2486.360107421875,2489.8701171875,2486.030029296875,2488.580078125,247109632
1788894000000,2488.719970703125,2490.3798828125,2486.840087890625,2487.070068359375,0
1788894300000,2486.989990234375,2487.3701171875,2485.909912109375,2486.47998046875,31659008
1788894600000,2486.489990234375,2486.68994140625,2484,2485.1298828125,0
1788894900000,2485.1201171875,2485.1201171875,2483.300048828125,2483.830078125,113829888
1788895200000,2483.699951171875,2484.8798828125,2482.919921875,2483.570068359375,22854656
1788895500000,2483.5400390625,2484.530029296875,2482.719970703125,2484.159912109375,129149952
1788895800000,2484.3701171875,2485.110107421875,2483.909912109375,2484.699951171875,21866496
1788896083000,2484.830078125,2484.830078125,2484.830078125,2484.830078125,0
1788896100000,2484.81005859375,2485.64990234375,2484.419921875,2484.8798828125,7854080
1788896400000,2485.030029296875,2485.7099609375,2484.3798828125,2485.260009765625,0
1788896700000,2485.18994140625,2485.6201171875,2484.530029296875,2484.530029296875,106890240
1788897000000,2484.56005859375,2486.260009765625,2483.590087890625,2483.639892578125,0
1788897300000,2483.580078125,2485.3701171875,2483.570068359375,2485.02001953125,9181184
1788897600000,2485.25,2489.35009765625,2485.1201171875,2488.679931640625,0
1788897900000,2488.760009765625,2492.949951171875,2488.760009765625,2491.699951171875,0
1788898200000,2491.699951171875,2494.909912109375,2491.169921875,2494.639892578125,0
1788898500000,2494.639892578125,2494.639892578125,2491.3798828125,2493.340087890625,6320128
1788898800000,2493.1201171875,2494.4599609375,2491.360107421875,2491.72998046875,0
1788899100000,2491.570068359375,2491.570068359375,2489.31005859375,2490.93994140625,106448896
1788899400000,2490.75,2491.360107421875,2488.1298828125,2490,0
1788899700000,2490.02001953125,2491.7099609375,2487.489990234375,2491.659912109375,2106368
1788900000000,2491.550048828125,2493.179931640625,2488.820068359375,2493.179931640625,0
1788900300000,2492.610107421875,2496.18994140625,2492.610107421875,2496,0
1788900600000,2496,2497.080078125,2494.719970703125,2496.77001953125,0
1788900900000,2496.929931640625,2497,2495.330078125,2496.280029296875,21976064
1788901200000,2496.739990234375,2496.909912109375,2492.659912109375,2492.659912109375,0
1788901500000,2492.5400390625,2496.949951171875,2492.5400390625,2496.949951171875,1491968
1788901800000,2496.929931640625,2499.10009765625,2493,2494.39990234375,0
1788902100000,2494.47998046875,2495.179931640625,2490.1298828125,2490.219970703125,25794560
1788902400000,2490.10009765625,2491.840087890625,2489.159912109375,2491.800048828125,0
1788902700000,2491.909912109375,2493.389892578125,2490.1201171875,2492.030029296875,0
1788903000000,2491.89990234375,2493.110107421875,2490.27001953125,2493.110107421875,103871488
1788903300000,2492.820068359375,2498.489990234375,2492.81005859375,2497.169921875,0
1788903600000,2497.159912109375,2498.919921875,2495.0400390625,2496.449951171875,0
1788903900000,2496.89990234375,2498.889892578125,2496.429931640625,2497.110107421875,0
1788904200000,2497.179931640625,2499.030029296875,2495.68994140625,2498.14990234375,119569408
1788904500000,2497.919921875,2498.31005859375,2496.27001953125,2497.449951171875,6640640
1788904800000,2497.800048828125,2498.840087890625,2495.409912109375,2497.389892578125,0
1788905100000,2497.1298828125,2498.580078125,2495.409912109375,2498.330078125,0
1788905400000,2498.320068359375,2500,2493.9599609375,2494.679931640625,0
1788905700000,2494.3701171875,2495.090087890625,2490.239990234375,2493.070068359375,0
1788906000000,2492.60009765625,2497.590087890625,2491.219970703125,2497.070068359375,0
1788906300000,2497.219970703125,2497.219970703125,2494.169921875,2496.64990234375,199881728
1788906600000,2496.25,2497.5,2494.93994140625,2495.39990234375,0
1788906900000,2495.110107421875,2496.169921875,2494.3701171875,2494.9599609375,0
1788907200000,2495.010009765625,2497.35009765625,2494.409912109375,2496.7900390625,113842176
1788907500000,2496.639892578125,2497.219970703125,2495.409912109375,2495.800048828125,0
1788907800000,2495.89990234375,2497.25,2495.300048828125,2495.679931640625,0
1788908100000,2495.39990234375,2495.39990234375,2493.669921875,2493.669921875,0
1788908400000,2493.5,2493.5,2490.949951171875,2491.409912109375,69010432
1788908700000,2491.409912109375,2493.18994140625,2490.35009765625,2490.5400390625,0
1788909000000,2490.409912109375,2490.659912109375,2487,2487.3701171875,90744832
1788909300000,2487.3701171875,2489.610107421875,2487.280029296875,2488,3699712
1788909600000,2487.989990234375,2489.0400390625,2487.64990234375,2488.18994140625,0
1788909900000,2487.919921875,2488.35009765625,2486.659912109375,2487.510009765625,0
1788910200000,2487.679931640625,2489.1298828125,2487.429931640625,2488.4599609375,0
1788910500000,2487.659912109375,2489.330078125,2487.659912109375,2489.18994140625,0
1788910800000,2489.070068359375,2491.590087890625,2489.0400390625,2490.43994140625,0
1788911100000,2490.27001953125,2492.159912109375,2489.610107421875,2490.10009765625,0
1788911400000,2489.72998046875,2489.800048828125,2486.659912109375,2488.3701171875,20866048
1788911700000,2487.889892578125,2490.239990234375,2487.5400390625,2488.719970703125,23459840
1788912000000,2488.580078125,2502.64990234375,2488.580078125,2502.64990234375,0
1788912300000,2502.3701171875,2502.679931640625,2495.3701171875,2495.3701171875,0
1788912600000,2494.949951171875,2498.239990234375,2494.75,2496.27001953125,164142080
1788912900000,2496.25,2496.9599609375,2494,2495.360107421875,19142656
1788913200000,2494.719970703125,2499.260009765625,2494.719970703125,2498.7099609375,0
1788913500000,2498.719970703125,2499.2900390625,2496.60009765625,2496.60009765625,0
1788913800000,2496.89990234375,2497.68994140625,2496.330078125,2497.68994140625,2055168
1788914100000,2497.669921875,2499.080078125,2497.510009765625,2497.610107421875,0
1788914400000,2497.610107421875,2511.97998046875,2497.18994140625,2511.510009765625,134417408
1788914700000,2512.199951171875,2512.389892578125,2504.929931640625,2507.5400390625,0
1788915000000,2507.7900390625,2511.219970703125,2507.360107421875,2509.550048828125,145080320
1788915300000,2509.340087890625,2511.260009765625,2508.050048828125,2508.8701171875,0
1788915600000,2509.4599609375,2509.4599609375,2504.239990234375,2504.639892578125,86420480
1788915900000,2504.419921875,2505.5400390625,2503.35009765625,2504.8701171875,0
1788916200000,2504.9599609375,2508.1201171875,2503.909912109375,2507.760009765625,366637056
1788916500000,2507.4599609375,2511.0400390625,2506.699951171875,2507.8701171875,0
1788916800000,2507.77001953125,2507.989990234375,2504.570068359375,2505,136340480
1788917100000,2505.75,2505.75,2501.77001953125,2502.429931640625,0
1788917400000,2502.639892578125,2503.22998046875,2495.18994140625,2497.239990234375,0
1788917700000,2497.280029296875,2498.360107421875,2494.830078125,2495.169921875,0
1788918000000,2495.39990234375,2496.360107421875,2493.050048828125,2495.27001953125,88172544
1788918300000,2495.0400390625,2495.0400390625,2491.010009765625,2491.919921875,0
1788918600000,2492.0400390625,2495.820068359375,2492.0400390625,2495.820068359375,0
1788918900000,2495.969970703125,2496.679931640625,2494.72998046875,2496.260009765625,0
1788919200000,2495.969970703125,2496.8798828125,2492.360107421875,2493.570068359375,0
1788919500000,2492.97998046875,2496.969970703125,2492.97998046875,2495.89990234375,0
1788919800000,2495.81005859375,2501,2495.81005859375,2500.7099609375,0
1788920100000,2500.2900390625,2501.8798828125,2499.52001953125,2501.8798828125,0
1788920400000,2501.93994140625,2504.989990234375,2501.530029296875,2501.97998046875,0
1788920700000,2502.659912109375,2502.659912109375,2499.469970703125,2499.5,0
1788921000000,2500.1298828125,2501.2099609375,2497.81005859375,2499.179931640625,65310720
1788921300000,2499.52001953125,2501.64990234375,2499.52001953125,2500.860107421875,0
1788921600000,2501,2501.199951171875,2499.580078125,2500.489990234375,0
1788921900000,2500.580078125,2500.739990234375,2498.56005859375,2498.909912109375,0
1788922200000,2499.159912109375,2500.18994140625,2498.820068359375,2498.929931640625,84444160
1788922500000,2498.909912109375,2501.340087890625,2498.8798828125,2500.8798828125,0
1788922800000,2500.39990234375,2503.489990234375,2499.6298828125,2503.489990234375,0
1788923100000,2503.780029296875,2515.300048828125,2503.280029296875,2512.97998046875,0
1788923400000,2513.330078125,2516.139892578125,2510.570068359375,2510.97998046875,38125568
1788923700000,2510,2512.639892578125,2509,2509.5,181905408
1788924000000,2510.389892578125,2513.8701171875,2510.389892578125,2513.830078125,38507520
1788924300000,2513.75,2514.239990234375,2509.719970703125,2514.239990234375,0
1788924600000,2515.830078125,2515.830078125,2512.389892578125,2512.7900390625,90436608
1788924900000,2512.81005859375,2513.64990234375,2512.1298828125,2512.300048828125,16555008
1788925200000,2512.39990234375,2512.530029296875,2510.090087890625,2511.139892578125,4937728
1788925500000,2511.419921875,2512,2509.760009765625,2509.949951171875,0
1788925800000,2510.300048828125,2510.7099609375,2508.929931640625,2509.239990234375,0
1788926100000,2509.22998046875,2510.18994140625,2508.489990234375,2510.159912109375,0
1788926400000,2510.89990234375,2515.909912109375,2510.0400390625,2514.989990234375,0
1788926700000,2515.469970703125,2518.389892578125,2513.300048828125,2515.300048828125,0
1788927000000,2516.81005859375,2518.06005859375,2514.4599609375,2514.4599609375,36530176
1788927300000,2514.14990234375,2517.5,2514.14990234375,2517.5,118756352
1788927600000,2517.43994140625,2520.219970703125,2516.260009765625,2517.419921875,14534656
1788927900000,2517.679931640625,2521.090087890625,2516.52001953125,2520.610107421875,34600960
1788928200000,2520.080078125,2521.97998046875,2518.39990234375,2520.699951171875,40530944
1788928500000,2520.64990234375,2522.3701171875,2516.2900390625,2517.3701171875,0
1788928800000,2517.360107421875,2519.97998046875,2516.81005859375,2517.320068359375,28904448
1788929100000,2517.429931640625,2518.7099609375,2516,2516.030029296875,157275136
1788929400000,2516.02001953125,2521.389892578125,2515.2900390625,2520.5400390625,0
1788929700000,2520.530029296875,2521.110107421875,2519.7099609375,2519.7099609375,0
1788930000000,2520.10009765625,2520.10009765625,2517.739990234375,2518,30120960
1788930300000,2517.989990234375,2518,2512.010009765625,2512.010009765625,0
1788930600000,2511.5,2513.14990234375,2510.35009765625,2512.4599609375,0
1788930900000,2512.840087890625,2513.080078125,2510.0400390625,2510.25,121913344
1788931200000,2510.409912109375,2510.409912109375,2508.719970703125,2508.72998046875,0
1788931500000,2508.449951171875,2509.610107421875,2508.39990234375,2508.39990234375,7027712
1788931800000,2508.360107421875,2509.10009765625,2505.52001953125,2506.669921875,0
1788932100000,2507.06005859375,2507.090087890625,2501.389892578125,2501.60009765625,0
1788932400000,2501.719970703125,2501.719970703125,2492.9599609375,2495.110107421875,12387328
1788932700000,2495.9599609375,2496.909912109375,2492.219970703125,2493.469970703125,20617216
1788933000000,2492.47998046875,2495.89990234375,2492.47998046875,2492.780029296875,161033216
1788933300000,2492.780029296875,2493.030029296875,2490.02001953125,2490.02001953125,4405248
1788933600000,2489.639892578125,2494.22998046875,2489.4599609375,2493.75,24536064
1788933900000,2494.080078125,2494.080078125,2490.2900390625,2490.2900390625,143111168
1788934200000,2489.60009765625,2492.860107421875,2489.199951171875,2492,12385280
1788934500000,2490.8798828125,2491.820068359375,2486.949951171875,2491.14990234375,39525376
1788934800000,2490.949951171875,2492.60009765625,2489.800048828125,2490.330078125,17250304
1788935100000,2490.280029296875,2492.820068359375,2489.419921875,2490.7099609375,35125248
1788935400000,2490.719970703125,2493.300048828125,2490.56005859375,2493.300048828125,17049600
1788935700000,2493.06005859375,2493.409912109375,2489.5,2491.77001953125,9718784
1788936000000,2491.43994140625,2491.530029296875,2488.93994140625,2490.18994140625,0
1788936300000,2490.199951171875,2490.2099609375,2487.679931640625,2488.929931640625,33680384
1788936600000,2488.590087890625,2488.590087890625,2482.52001953125,2483.8701171875,7877632
1788936900000,2483.969970703125,2487.56005859375,2483.929931640625,2486.8798828125,4856832
1788937047000,2487.050048828125,2487.050048828125,2487.050048828125,2487.050048828125,0
1788937200000,2486.919921875,2487.830078125,2481.909912109375,2484.47998046875,925696
1788937500000,2483.389892578125,2486.47998046875,2482.7900390625,2486.47998046875,124059648
1788937800000,2486.969970703125,2487.840087890625,2485.68994140625,2485.9599609375,90746880
1788938100000,2486.280029296875,2486.360107421875,2483.52001953125,2485.340087890625,45282304
1788938400000,2485.580078125,2489.4599609375,2484.469970703125,2489.4599609375,0
1788938700000,2489.7900390625,2492.409912109375,2488.469970703125,2492.110107421875,5184512
1788939000000,2491.760009765625,2494.179931640625,2490.25,2492.47998046875,0
1788939300000,2492.489990234375,2494.590087890625,2491.6298828125,2494.409912109375,132180992
1788939600000,2494.1298828125,2495.050048828125,2492.830078125,2492.9599609375,0
1788939900000,2493.75,2498.35009765625,2493.699951171875,2497.10009765625,34129920
1788940200000,2497.090087890625,2505.090087890625,2496.320068359375,2501.72998046875,14740480
1788940500000,2501.81005859375,2502.669921875,2500.330078125,2500.3798828125,53257216
1788940800000,2501.320068359375,2503.0400390625,2498.8798828125,2499.9599609375,49249280
1788941046000,2499.580078125,2499.580078125,2499.580078125,2499.580078125,0
1788941100000,2499.85009765625,2504.68994140625,2498.110107421875,2501.719970703125,117260288
1788941400000,2502.52001953125,2502.97998046875,2500.02001953125,2500.639892578125,6247424
1788941700000,2501.22998046875,2502.06005859375,2498.419921875,2499.679931640625,12982272
1788942000000,2500.639892578125,2502.25,2500.139892578125,2500.409912109375,107486208
1788942300000,2500.679931640625,2501.3701171875,2499.739990234375,2501.3701171875,30787584
1788942600000,2501.14990234375,2506.090087890625,2500.929931640625,2505.7900390625,8845312
1788942900000,2506.300048828125,2509.3701171875,2506.219970703125,2507.14990234375,1321984
1788943034000,2505.580078125,2505.580078125,2505.580078125,2505.580078125,0
1788943200000,2506.47998046875,2510.31005859375,2505.419921875,2507.25,10788864
1788943500000,2507.22998046875,2511.510009765625,2507.22998046875,2510.860107421875,0
1788943800000,2511.419921875,2512.3701171875,2509.159912109375,2510.300048828125,215888896
1788944100000,2510.260009765625,2512.409912109375,2509.1201171875,2511.10009765625,5738496
1788944400000,2511.300048828125,2512.280029296875,2508.010009765625,2511.919921875,0
1788944700000,2511.9599609375,2512.97998046875,2510.5,2511.179931640625,31684608
1788945000000,2511.239990234375,2513.449951171875,2510.300048828125,2513.090087890625,38209536
1788945300000,2513.1201171875,2513.5,2510.780029296875,2513.2900390625,30492672
1788945600000,2512.739990234375,2514.580078125,2511.68994140625,2513.820068359375,0
1788945900000,2513.570068359375,2515.6298828125,2512.820068359375,2514.330078125,27772928
1788946200000,2513.39990234375,2521.260009765625,2510.93994140625,2519.77001953125,0
1788946500000,2519.35009765625,2519.35009765625,2505.1298828125,2507.0400390625,0
1788946800000,2508.52001953125,2512.010009765625,2499.5,2504.31005859375,0
1788947100000,2504.14990234375,2513,2504.14990234375,2509.820068359375,14096384
1788947400000,2510.070068359375,2511.949951171875,2505.820068359375,2505.820068359375,141432832
1788947700000,2506.820068359375,2507.989990234375,2500.590087890625,2502.06005859375,69521408
1788948000000,2501.199951171875,2504.39990234375,2495.719970703125,2503.679931640625,0
1788948300000,2503.429931640625,2507.590087890625,2499.090087890625,2500.10009765625,6599680
1788948600000,2499,2502.030029296875,2495.260009765625,2502.030029296875,128985088
1788948900000,2501.219970703125,2501.9599609375,2497.300048828125,2497.760009765625,0
1788949200000,2497.280029296875,2499.330078125,2495.06005859375,2497.830078125,172032
1788949500000,2497.800048828125,2512.219970703125,2497.580078125,2512.219970703125,0
1788949800000,2510.27001953125,2512.6201171875,2508.360107421875,2509.9599609375,35217408
1788950100000,2508.60009765625,2513.6298828125,2508.199951171875,2510.889892578125,13917184
1788950400000,2509.6201171875,2510.56005859375,2499.989990234375,2500.550048828125,31198208
1788950700000,2501.1201171875,2506.7900390625,2498.75,2506.739990234375,3495936
1788951000000,2507.159912109375,2507.159912109375,2497.5,2497.5,38373376
1788951300000,2497.800048828125,2498.889892578125,2495.919921875,2498.780029296875,10654720
1788951600000,2499.669921875,2511.239990234375,2491.06005859375,2495.2900390625,0
1788951900000,2495.85009765625,2498.02001953125,2485.60009765625,2490.85009765625,100573184
1788952200000,2490.719970703125,2492.860107421875,2479.8701171875,2484.780029296875,128684032
1788952500000,2484.300048828125,2490.840087890625,2482.469970703125,2487.429931640625,248196096
1788952800000,2486.93994140625,2488.239990234375,2471.159912109375,2471.820068359375,24555520
1788953100000,2470.679931640625,2479.6201171875,2470.679931640625,2478.7099609375,164357120
1788953400000,2480.300048828125,2487.340087890625,2478.219970703125,2487.340087890625,112258048
1788953700000,2489.550048828125,2493.280029296875,2487.679931640625,2493.280029296875,53903360
1788954000000,2494.949951171875,2494.949951171875,2490.5400390625,2492.530029296875,40862720
1788954300000,2492.5,2493.989990234375,2489.969970703125,2492.179931640625,41011200
1788954600000,2491.7900390625,2493.31005859375,2489.47998046875,2492.780029296875,81801216
1788954900000,2493.409912109375,2493.659912109375,2489.489990234375,2489.85009765625,0
1788955200000,2489.6298828125,2497.429931640625,2489.199951171875,2495.3798828125,8753152
1788955500000,2495,2496.169921875,2486.969970703125,2487.080078125,0
1788955800000,2486.81005859375,2491.56005859375,2486.4599609375,2491.56005859375,8357888
1788956100000,2491.14990234375,2491.14990234375,2484.610107421875,2486.659912109375,131110912
1788956400000,2486.4599609375,2491.47998046875,2484.6298828125,2486.159912109375,91508736
1788956700000,2488.4599609375,2490.56005859375,2487.56005859375,2489.889892578125,46257152
1788957000000,2490.639892578125,2498.72998046875,2490.570068359375,2497.02001953125,30556160
1788957300000,2497.35009765625,2498.139892578125,2495.090087890625,2498.139892578125,0
1788957600000,2497.800048828125,2498.590087890625,2496.68994140625,2498.3798828125,141159424
1788957900000,2498.2099609375,2498.3798828125,2495.760009765625,2495.760009765625,0
1788958200000,2496.10009765625,2496.989990234375,2495.860107421875,2496.320068359375,0
1788958383000,2496.31005859375,2496.31005859375,2496.31005859375,2496.31005859375,0
1788958500000,2494.669921875,2496.43994140625,2494.25,2495.550048828125,1188864
1788958529000,2495.110107421875,2495.110107421875,2495.110107421875,2495.110107421875,0
1788958800000,2495.340087890625,2497.300048828125,2493,2493.010009765625,4752384
1788959100000,2492.97998046875,2497.219970703125,2492.449951171875,2494.81005859375,1673216
1788959400000,2493.919921875,2499,2493.840087890625,2496.280029296875,6937600
1788959700000,2497.02001953125,2497.330078125,2495.1201171875,2496.489990234375,200733696
1788960000000,2496.659912109375,2497.169921875,2494.43994140625,2496.320068359375,41743360
1788960300000,2496.280029296875,2499.260009765625,2496.239990234375,2496.2900390625,0
1788960600000,2496.389892578125,2496.56005859375,2493.360107421875,2493.760009765625,0
1788960900000,2493.840087890625,2496.1298828125,2491.5,2491.5,10750976
1788961200000,2491.780029296875,2492.27001953125,2489.780029296875,2490.830078125,116086784
1788961500000,2490.840087890625,2492.5400390625,2488.760009765625,2492.47998046875,98489344
1788961800000,2492.39990234375,2494.239990234375,2491.1201171875,2494.219970703125,5221376
1788962100000,2494.570068359375,2495.409912109375,2493.25,2493.25,0
1788962400000,2493.469970703125,2494.739990234375,2492.889892578125,2494.010009765625,4346880
1788962700000,2493.8701171875,2495.300048828125,2490.25,2491.360107421875,51856384
1788963000000,2490.6201171875,2491.3798828125,2488.699951171875,2489.68994140625,0
1788963300000,2489.64990234375,2490.699951171875,2487.56005859375,2487.909912109375,2201600
1788963600000,2488.1201171875,2491.699951171875,2488.010009765625,2488.47998046875,698368
1788963883000,2489.760009765625,2489.760009765625,2489.760009765625,2489.760009765625,0
1788963900000,2490.06005859375,2490.840087890625,2489.840087890625,2490.659912109375,0
1788964200000,2490.56005859375,2491.8798828125,2489.02001953125,2489.070068359375,0
1788964500000,2488.340087890625,2488.85009765625,2487.52001953125,2487.77001953125,47707136
1788964800000,2487.340087890625,2488.9599609375,2487.110107421875,2488.469970703125,0
1788965100000,2488.510009765625,2488.610107421875,2485.840087890625,2488.050048828125,35040256
1788965400000,2487.7900390625,2487.860107421875,2481.530029296875,2481.530029296875,0
1788965700000,2481.610107421875,2484.35009765625,2481.0400390625,2481.0400390625,0
1788966000000,2480.820068359375,2482.27001953125,2478.1201171875,2478.860107421875,12372992
1788966300000,2478.93994140625,2480.18994140625,2476.27001953125,2479.010009765625,0
1788966600000,2479.280029296875,2481.800048828125,2479.1201171875,2481.800048828125,17111040
1788966900000,2481.679931640625,2483.68994140625,2481.199951171875,2483.510009765625,11545600
1788967200000,2483.47998046875,2484.5,2482.27001953125,2484.25,10706944
1788967500000,2483.909912109375,2484.409912109375,2482.239990234375,2482.239990234375,103646208
1788967800000,2481.320068359375,2482.330078125,2479.239990234375,2480.590087890625,0
1788968100000,2480.52001953125,2480.52001953125,2472.449951171875,2472.449951171875,5452800
1788968400000,2472.179931640625,2474.760009765625,2471.1298828125,2471.320068359375,32864256
1788968700000,2470.89990234375,2472.110107421875,2470.530029296875,2471.6298828125,0
1788969000000,2471.639892578125,2471.639892578125,2462.199951171875,2464.449951171875,57440256
1788969300000,2463.860107421875,2465.260009765625,2463.330078125,2465,63348736
1788969600000,2464.14990234375,2468.43994140625,2464.14990234375,2464.89990234375,136902656
1788969900000,2464.909912109375,2466.5400390625,2463.35009765625,2466.1298828125,27692032
1788970200000,2466.7099609375,2467.669921875,2465.3701171875,2466.050048828125,52368384
1788970500000,2466.0400390625,2471.570068359375,2466.0400390625,2468.06005859375,10826752
1788970800000,2467.64990234375,2468.760009765625,2462.43994140625,2465.669921875,22780928
1788971100000,2465.760009765625,2466.68994140625,2456.159912109375,2461.080078125,17846272
1788971400000,2461.070068359375,2469.260009765625,2460.52001953125,2467.43994140625,0
1788971700000,2467.030029296875,2470.489990234375,2467.030029296875,2469.4599609375,120285184
1788972000000,2469.550048828125,2469.89990234375,2466.639892578125,2468.030029296875,66379776
1788972300000,2468.1201171875,2469.239990234375,2460.090087890625,2460.780029296875,34982912
1788972600000,2461.260009765625,2467.360107421875,2459.89990234375,2466.56005859375,68803584
1788972900000,2466.5400390625,2471.39990234375,2466.5400390625,2471.1201171875,0
1788973200000,2470.929931640625,2471.070068359375,2468.139892578125,2470.679931640625,62132224
1788973500000,2470.43994140625,2471.949951171875,2468.679931640625,2468.760009765625,50051072
1788973559000,2471.7900390625,2471.7900390625,2471.7900390625,2471.7900390625,0
1788973800000,2468.75,2469.510009765625,2466.81005859375,2469.050048828125,90001408
1788974100000,2469.6201171875,2469.7099609375,2464.219970703125,2465,0
1788974400000,2465.010009765625,2468.840087890625,2463.260009765625,2468.800048828125,44097536
1788974700000,2468.43994140625,2470.739990234375,2468.43994140625,2470.389892578125,14146560
1788975000000,2470.139892578125,2470.340087890625,2465.6201171875,2465.679931640625,2923520
1788975300000,2465.35009765625,2466.199951171875,2463.2900390625,2465.580078125,0
1788975600000,2465.580078125,2466.64990234375,2464.429931640625,2464.469970703125,120934400
1788975900000,2463.5,2464.3798828125,2457.81005859375,2457.81005859375,1218560
1788976200000,2457.530029296875,2460.02001953125,2456.320068359375,2459.989990234375,47867904
1788976500000,2460.02001953125,2461.47998046875,2458.18994140625,2461.199951171875,9086976
1788976800000,2461.60009765625,2462.969970703125,2456.580078125,2459.2900390625,107922432
1788977100000,2459.3701171875,2459.3701171875,2444.18994140625,2450.5400390625,25222144
1788977400000,2450.56005859375,2454.8798828125,2447.31005859375,2447.31005859375,0
1788977700000,2447.60009765625,2450.510009765625,2443.179931640625,2450.510009765625,346540032
1788978000000,2450.9599609375,2454.780029296875,2450.889892578125,2454.780029296875,118459392
1788978300000,2454.8798828125,2455.639892578125,2453.72998046875,2454.580078125,31856640
1788978600000,2454.39990234375,2454.39990234375,2451.419921875,2453.1298828125,57288704
1788978900000,2453.169921875,2456.2099609375,2451.75,2455.2099609375,14824448
1788979200000,2455.60009765625,2456.9599609375,2454.7900390625,2456.9599609375,12163072
1788979500000,2456.800048828125,2456.889892578125,2452.2900390625,2452.9599609375,163982336
1788979800000,2452.56005859375,2454.550048828125,2451.35009765625,2451.8701171875,8765440
1788980100000,2451.909912109375,2452.219970703125,2449.35009765625,2449.5,39824384
1788980400000,2449.449951171875,2456.85009765625,2449.449951171875,2456.85009765625,104683520
1788980700000,2457.39990234375,2459.050048828125,2455.419921875,2459.050048828125,10018816
1788981000000,2459.56005859375,2460.39990234375,2458.89990234375,2459.909912109375,32651264
1788981300000,2459.159912109375,2459.320068359375,2458.2099609375,2458.800048828125,0
1788981441000,2459.81005859375,2459.81005859375,2459.81005859375,2459.81005859375,0
1788981600000,2461.2900390625,2461.2900390625,2458.56005859375,2460.080078125,50462720
1788981900000,2460.2900390625,2462.10009765625,2459.5,2462.080078125,0
1788982200000,2462.159912109375,2465.989990234375,2461.780029296875,2465.989990234375,96620544
1788982500000,2466.06005859375,2466.360107421875,2464.68994140625,2466.360107421875,0
1788982800000,2465.9599609375,2465.9599609375,2464.10009765625,2465.10009765625,12853248
1788983100000,2464.7900390625,2467.800048828125,2464.679931640625,2467.800048828125,20842496
1788983400000,2467.219970703125,2468.199951171875,2466.4599609375,2467.389892578125,112652288
1788983700000,2467.22998046875,2467.909912109375,2465.580078125,2467.56005859375,0
1788984000000,2467.340087890625,2469.489990234375,2466.800048828125,2469.4599609375,105008128
1788984300000,2469.760009765625,2469.85009765625,2467.35009765625,2468.169921875,0
1788984600000,2468.070068359375,2470.1201171875,2465.8701171875,2466.739990234375,125418496
1788984900000,2466.8798828125,2468.7900390625,2466,2466.199951171875,5541888
1788985200000,2465.919921875,2469.22998046875,2464.510009765625,2467.169921875,9038848
1788985500000,2467.1298828125,2470.860107421875,2465.7099609375,2469.6201171875,1669120
1788985800000,2469.159912109375,2469.3798828125,2463.719970703125,2467.4599609375,0
1788986100000,2467.60009765625,2469.860107421875,2466.5,2466.580078125,142944256
1788986400000,2466.02001953125,2466.02001953125,2463.080078125,2463.280029296875,21249024
1788986700000,2463.300048828125,2468.949951171875,2461.9599609375,2465.699951171875,11656192
1788987000000,2465.419921875,2467.3798828125,2463.35009765625,2464.97998046875,32509952
1788987300000,2464.989990234375,2465.760009765625,2463.0400390625,2464.0400390625,4003840
1788987600000,2464.389892578125,2470.669921875,2464.1298828125,2470.669921875,0
1788987900000,2470.77001953125,2478.68994140625,2470.199951171875,2473.840087890625,0
1788988200000,2473.570068359375,2473.929931640625,2468.139892578125,2469.580078125,0
1788988500000,2469.010009765625,2469.330078125,2464.169921875,2469.169921875,92968960
1788988800000,2469.280029296875,2469.280029296875,2463.5400390625,2467.429931640625,771072
1788989100000,2467.050048828125,2467.340087890625,2463.39990234375,2463.39990234375,0
1788989400000,2463.27001953125,2465.780029296875,2458.47998046875,2458.47998046875,182563840
1788989700000,2458.409912109375,2458.8701171875,2455.06005859375,2455.81005859375,0
1788990000000,2456.159912109375,2464.2900390625,2455.8798828125,2462.280029296875,68784128
1788990300000,2461.610107421875,2464.25,2459.27001953125,2461.93994140625,57370624
1788990600000,2461.60009765625,2462.610107421875,2457.260009765625,2458.820068359375,19755008
1788990900000,2458.22998046875,2464.47998046875,2458.22998046875,2462.919921875,113994752
1788991200000,2462.909912109375,2462.909912109375,2461.010009765625,2461.010009765625,0
1788991500000,2460.31005859375,2463.64990234375,2460.300048828125,2461.449951171875,0
1788991800000,2461.60009765625,2462.64990234375,2460,2462.300048828125,56206336
1788992100000,2462.090087890625,2463.5400390625,2459.320068359375,2461.679931640625,0
1788992400000,2461.2900390625,2462.639892578125,2459.35009765625,2459.989990234375,0
1788992700000,2459.820068359375,2461.360107421875,2459.31005859375,2460.679931640625,0
1788993000000,2460.81005859375,2467.3798828125,2459.93994140625,2467.3798828125,66484224
1788993300000,2467.2099609375,2470.429931640625,2466.699951171875,2468.39990234375,29639680
1788993600000,2468.4599609375,2470.6201171875,2468.4599609375,2470.6201171875,0
1788993900000,2470.280029296875,2473.330078125,2470.260009765625,2473.330078125,126092288
1788994200000,2473.27001953125,2474.2099609375,2471.81005859375,2474.2099609375,0
1788994500000,2474.090087890625,2474.919921875,2473.169921875,2474.169921875,8279040
1788994800000,2474.919921875,2477.89990234375,2474.02001953125,2477.280029296875,107404288
1788995100000,2476.1201171875,2477.60009765625,2474.8701171875,2475.47998046875,15663104
1788995400000,2475.10009765625,2476.409912109375,2474.219970703125,2474.3701171875,22343680
1788995700000,2474.219970703125,2475.43994140625,2473.56005859375,2474.760009765625,0
1788996000000,2474.760009765625,2475.800048828125,2472.360107421875,2472.610107421875,17336320
1788996300000,2472.820068359375,2475.780029296875,2471.2900390625,2475.72998046875,0
1788996600000,2475.7900390625,2478.110107421875,2474.60009765625,2478.070068359375,149164032
1788996900000,2475.389892578125,2475.389892578125,2471.72998046875,2473.929931640625,0
1788997200000,2473.85009765625,2476.7099609375,2473.5,2475.489990234375,91794432
1788997500000,2475.2099609375,2478.52001953125,2475.2099609375,2478.25,75543552
1788997800000,2477.239990234375,2478,2473.489990234375,2474.280029296875,0
1788998100000,2474.179931640625,2474.60009765625,2472.280029296875,2474.5,0
1788998400000,2474.199951171875,2475.72998046875,2473.97998046875,2475.679931640625,0
1788998700000,2475.68994140625,2477.239990234375,2475.68994140625,2476.159912109375,0
1788999000000,2476.139892578125,2476.14990234375,2474.18994140625,2474.18994140625,132894720
1788999300000,2474.18994140625,2476.830078125,2474.0400390625,2476.830078125,0
1788999600000,2476.6298828125,2476.830078125,2475.139892578125,2475.659912109375,0
1788999900000,2475.389892578125,2478.800048828125,2475.139892578125,2477.179931640625,8769536
1789000200000,2477.179931640625,2479.830078125,2476.89990234375,2479.320068359375,0
1789000500000,2479.280029296875,2479.280029296875,2476.320068359375,2476.56005859375,49475584
1789000800000,2476.56005859375,2477.8798828125,2475.949951171875,2476.25,0
1789001100000,2476.1298828125,2478.47998046875,2475.909912109375,2476.699951171875,0
1789001400000,2476.68994140625,2477.469970703125,2474.669921875,2476.840087890625,51382272
1789001700000,2476.760009765625,2479,2475.8798828125,2477.489990234375,65737728
1789002000000,2477.669921875,2478.469970703125,2473.31005859375,2473.39990234375,33034240
1789002300000,2473.27001953125,2475.280029296875,2472.85009765625,2475.139892578125,105185280
1789002600000,2475.139892578125,2481.409912109375,2475.1298828125,2481.409912109375,63826944
1789002900000,2480.590087890625,2480.840087890625,2476.909912109375,2477.85009765625,1926144
1789003200000,2477.610107421875,2478.02001953125,2476.909912109375,2477.52001953125,0
1789003500000,2477.25,2480.97998046875,2476.570068359375,2479.5,139388928
1789003800000,2479.949951171875,2480.860107421875,2478.639892578125,2479.3701171875,4310016
1789004100000,2479.260009765625,2481.75,2479.0400390625,2479.4599609375,0
1789004400000,2478.489990234375,2480.0400390625,2478.179931640625,2479.679931640625,0
1789004700000,2479.260009765625,2480.47998046875,2479.110107421875,2479.669921875,21867520
1789005000000,2479.679931640625,2483.070068359375,2479.239990234375,2482.77001953125,61344768
1789005300000,2482.570068359375,2482.570068359375,2480.429931640625,2481.22998046875,57044992
1789005600000,2481.389892578125,2481.389892578125,2479.080078125,2479.1201171875,6461440
1789005900000,2479.1298828125,2479.139892578125,2477.5400390625,2477.820068359375,0
1789006200000,2477.6298828125,2477.6298828125,2474.429931640625,2474.669921875,0
1789006500000,2474.669921875,2474.669921875,2470.929931640625,2472.97998046875,0
1789006800000,2473.10009765625,2473.919921875,2471.639892578125,2472.39990234375,46153728
1789007100000,2472.81005859375,2473.5,2472.419921875,2472.72998046875,105810944
1789007400000,2472.7099609375,2473.47998046875,2471.219970703125,2471.449951171875,0
1789007700000,2471.4599609375,2473.5,2471.449951171875,2473.340087890625,386048
1789007984000,2473.840087890625,2473.840087890625,2473.840087890625,2473.840087890625,0
1789008000000,2474.52001953125,2476.429931640625,2474.199951171875,2474.360107421875,63574016
1789008300000,2474.6201171875,2479.429931640625,2474.6201171875,2478.9599609375,0
1789008576000,2480.0400390625,2480.0400390625,2480.0400390625,2480.0400390625,0
1789008600000,2480.72998046875,2483.800048828125,2479.739990234375,2479.8701171875,118428672
1789008900000,2479.85009765625,2480.340087890625,2479.360107421875,2479.60009765625,11663360
1789009200000,2479.570068359375,2479.570068359375,2474.050048828125,2474.050048828125,100042752
1789009500000,2473.85009765625,2474.52001953125,2472.3798828125,2474.179931640625,0
1789009800000,2474.25,2475.39990234375,2473.85009765625,2474.639892578125,0
1789010100000,2474.60009765625,2474.969970703125,2473.360107421875,2473.360107421875,23203840
1789010400000,2473.25,2473.31005859375,2467.699951171875,2467.75,62582784
1789010700000,2467.800048828125,2468.719970703125,2466.860107421875,2467.06005859375,0
1789011000000,2467.06005859375,2467.68994140625,2463.39990234375,2463.969970703125,0
1789011300000,2464.110107421875,2465.7900390625,2463.3701171875,2463.909912109375,20086784
1789011600000,2463.639892578125,2466.659912109375,2463.530029296875,2466.659912109375,113678336
1789011900000,2466.699951171875,2470.090087890625,2466.699951171875,2469.409912109375,0
1789012200000,2470.1201171875,2472.81005859375,2470.1201171875,2472.81005859375,0
1789012500000,2472.8798828125,2473.43994140625,2470.3798828125,2472.199951171875,0
1789012800000,2472.06005859375,2473.43994140625,2470.5400390625,2470.780029296875,100352000
1789013100000,2470.780029296875,2474.14990234375,2469.56005859375,2472.699951171875,0
1789013400000,2471.909912109375,2473.010009765625,2468.719970703125,2469.4599609375,0
1789013700000,2469.330078125,2470.5400390625,2468.2900390625,2470.27001953125,0
1789014000000,2470.070068359375,2474.169921875,2470.070068359375,2473.800048828125,3592192
1789014300000,2473.75,2474.06005859375,2471.6201171875,2473.830078125,0
1789014600000,2473.860107421875,2473.969970703125,2468.5400390625,2471.760009765625,127305728
1789014900000,2471.760009765625,2473.39990234375,2470.679931640625,2471.139892578125,4356096
1789015200000,2471.110107421875,2471.18994140625,2469.300048828125,2470.18994140625,83520512
1789015500000,2470.489990234375,2471.830078125,2469.68994140625,2470.93994140625,0
1789015800000,2471,2472.320068359375,2470.2099609375,2471.659912109375,16744448
1789016100000,2471.52001953125,2471.52001953125,2470.1201171875,2470.6201171875,0
1789016400000,2470.919921875,2473.10009765625,2470.570068359375,2472.659912109375,0
1789016700000,2472.75,2473.820068359375,2471.780029296875,2471.89990234375,0
1789017000000,2471.860107421875,2473.800048828125,2471.60009765625,2473.4599609375,0
1789017300000,2473.639892578125,2475.550048828125,2473.080078125,2475.419921875,0
1789017600000,2475.449951171875,2476.800048828125,2474.719970703125,2475.820068359375,0
1789017900000,2475.919921875,2477.1201171875,2474.360107421875,2476.31005859375,0
1789018200000,2475.97998046875,2475.97998046875,2471.219970703125,2473.139892578125,22679552
1789018500000,2472.449951171875,2472.60009765625,2465.139892578125,2466.389892578125,0
1789018800000,2465.93994140625,2467.669921875,2463.949951171875,2467.010009765625,0
1789019100000,2467.300048828125,2468.75,2466.719970703125,2468.75,132760576
1789019400000,2468.719970703125,2470.3701171875,2467.820068359375,2470.320068359375,0
1789019700000,2470.02001953125,2470.02001953125,2466,2467.800048828125,0
1789020000000,2467.800048828125,2470.56005859375,2466.780029296875,2469.3701171875,0
1789020300000,2468.77001953125,2471.199951171875,2467.070068359375,2467.110107421875,0
1789020600000,2467.1201171875,2469.989990234375,2467.1201171875,2469.300048828125,0
1789020900000,2469,2470.159912109375,2467.800048828125,2468.669921875,0
1789021200000,2468.590087890625,2470.010009765625,2466.52001953125,2466.52001953125,0
1789021500000,2466.52001953125,2468.080078125,2465.77001953125,2467.3701171875,159697920
1789021800000,2467.360107421875,2467.3701171875,2462.659912109375,2464.909912109375,0
1789022100000,2464.989990234375,2469.60009765625,2464.989990234375,2469.1201171875,0
1789022400000,2469.1298828125,2469.739990234375,2467.3798828125,2467.389892578125,8138752
1789022700000,2467.3798828125,2468.800048828125,2466.909912109375,2468.300048828125,10986496
1789023000000,2468.260009765625,2468.280029296875,2465.070068359375,2465.27001953125,0
1789023258000,2465.159912109375,2465.159912109375,2465.159912109375,2465.159912109375,0
1789023300000,2464.8701171875,2469.93994140625,2463.39990234375,2463.39990234375,0
1789023600000,2463.2099609375,2463.2099609375,2457.97998046875,2459.10009765625,0
1789023900000,2458.64990234375,2460.860107421875,2458.219970703125,2460,49132544
1789024200000,2459.9599609375,2461.2900390625,2458.889892578125,2460.97998046875,250644480
1789024500000,2461.030029296875,2466.7900390625,2461.030029296875,2464.889892578125,16321536
1789024800000,2464.93994140625,2467.06005859375,2464.93994140625,2467.06005859375,32595968
1789025100000,2467.139892578125,2467.429931640625,2465.139892578125,2466.580078125,15984640
1789025400000,2466.6201171875,2468.300048828125,2466.06005859375,2467.840087890625,95372288
1789025700000,2467.840087890625,2468.929931640625,2466.610107421875,2468.860107421875,0
1789026000000,2468.570068359375,2468.8701171875,2465.85009765625,2466.780029296875,76953600
1789026300000,2466.780029296875,2467.570068359375,2462.47998046875,2465.699951171875,0
1789026600000,2465.909912109375,2466.0400390625,2462.47998046875,2463.429931640625,14101504
1789026900000,2463.669921875,2463.669921875,2460.47998046875,2461.3798828125,1647616
1789027120000,2463.360107421875,2463.360107421875,2463.360107421875,2463.360107421875,0
1789027200000,2461.0400390625,2463.080078125,2457.340087890625,2458.550048828125,0
1789027500000,2458.5,2460.25,2455.800048828125,2455.800048828125,96849920
1789027800000,2456.139892578125,2459.949951171875,2455.77001953125,2459.659912109375,13218816
1789028100000,2459.590087890625,2459.7900390625,2456,2456,103737344
1789028400000,2455.60009765625,2457.449951171875,2454.780029296875,2456.60009765625,94763008
1789028700000,2456.97998046875,2457.550048828125,2455.4599609375,2457.550048828125,10205184
1789029000000,2458.610107421875,2463.949951171875,2435.300048828125,2441.39990234375,80003072
1789029300000,2441.669921875,2446.330078125,2441.669921875,2443.610107421875,0
1789029362000,2445.030029296875,2445.030029296875,2445.030029296875,2445.030029296875,0
1789029600000,2433.219970703125,2438.679931640625,2431.800048828125,2436.47998046875,156387328
1789029900000,2436.340087890625,2437,2408.840087890625,2426.18994140625,160999424
1789030200000,2427.81005859375,2430.030029296875,2419.10009765625,2419.72998046875,493229056
1789030500000,2419.050048828125,2419.719970703125,2409.85009765625,2413.469970703125,196151296
1789030800000,2412.9599609375,2423.719970703125,2412.9599609375,2419.919921875,144825344
1789031100000,2419.2900390625,2421.25,2415.909912109375,2418.6201171875,100198400
1789031400000,2418.31005859375,2419.85009765625,2405.97998046875,2410.050048828125,173882368
1789031700000,2409.679931640625,2416.280029296875,2409.31005859375,2410.320068359375,90612736
1789032000000,2410.449951171875,2419.139892578125,2410.449951171875,2418.2900390625,196810752
1789032300000,2418.199951171875,2420.300048828125,2416.85009765625,2419.179931640625,63662080
1789032600000,2419.2900390625,2423.050048828125,2416.360107421875,2421.449951171875,106370048
1789032900000,2421,2427.929931640625,2418.110107421875,2427.820068359375,104843264
1789033200000,2427.820068359375,2429.18994140625,2424.60009765625,2424.60009765625,20005888
1789033500000,2425.25,2430.510009765625,2424.22998046875,2429.27001953125,0
1789033800000,2428.39990234375,2434.6298828125,2424.300048828125,2431.820068359375,13190144
1789034100000,2431.840087890625,2436.3701171875,2430.89990234375,2434.52001953125,508789760
1789034400000,2435.550048828125,2439.389892578125,2434.449951171875,2437.52001953125,0
1789034700000,2437.43994140625,2437.43994140625,2427.820068359375,2432.52001953125,519408640
1789035000000,2432.47998046875,2434.969970703125,2430.260009765625,2431.389892578125,0
1789035300000,2430.909912109375,2432.43994140625,2427.56005859375,2430.840087890625,642483200
1789035600000,2432.780029296875,2440.739990234375,2431.530029296875,2439.530029296875,13910016
1789035900000,2440.06005859375,2442.949951171875,2437.81005859375,2438.81005859375,0
1789036200000,2439.260009765625,2440.780029296875,2438.39990234375,2439.820068359375,0
1789036500000,2439.929931640625,2442.2900390625,2438.840087890625,2439.3798828125,470929408
1789036800000,2439.280029296875,2441.699951171875,2439.14990234375,2439.389892578125,0
1789037100000,2439.27001953125,2443.280029296875,2438.169921875,2438.2099609375,19185664
1789037400000,2437.89990234375,2442.030029296875,2437.0400390625,2442.030029296875,451796992
1789037700000,2442.4599609375,2443.5400390625,2441.110107421875,2443.22998046875,1378304
1789038000000,2442.639892578125,2442.639892578125,2437.550048828125,2439.780029296875,0
1789038300000,2439.89990234375,2443.06005859375,2439.89990234375,2441.39990234375,0
1789038600000,2441.389892578125,2443.93994140625,2440.68994140625,2441.159912109375,509298688
1789038900000,2441.239990234375,2442.300048828125,2437.530029296875,2438.389892578125,0
1789039200000,2438.409912109375,2439.3798828125,2434.77001953125,2435.610107421875,0
1789039500000,2434.93994140625,2436.590087890625,2432.050048828125,2434.3701171875,133901312
1789039800000,2435.47998046875,2439.3701171875,2434.639892578125,2437.10009765625,0
1789040100000,2437.0400390625,2443.06005859375,2436.89990234375,2440.6298828125,0
1789040400000,2440.550048828125,2440.550048828125,2437.02001953125,2437.39990234375,576833536
1789040700000,2437.2900390625,2438.81005859375,2434.860107421875,2437.260009765625,0
1789041000000,2436.830078125,2438.800048828125,2435.610107421875,2436.139892578125,0
1789041300000,2437,2441.31005859375,2436.06005859375,2440.43994140625,134955008
1789041600000,2440.679931640625,2443.320068359375,2438.4599609375,2438.800048828125,700964864
1789041900000,2438.8798828125,2439.510009765625,2434.159912109375,2434.219970703125,580868096
1789042200000,2434.590087890625,2439.570068359375,2433.81005859375,2436.679931640625,89871360
1789042500000,2436.6298828125,2437.659912109375,2432.06005859375,2434.1298828125,828617728
1789042800000,2433.93994140625,2441.22998046875,2433.929931640625,2438.989990234375,455958528
1789043100000,2438.580078125,2439.419921875,2437.800048828125,2437.800048828125,914484224
1789043400000,2438.260009765625,2438.669921875,2433.070068359375,2433.360107421875,618034176
1789043700000,2433.830078125,2438.89990234375,2431.8701171875,2438.89990234375,97259520
1789044000000,2438.800048828125,2440.739990234375,2438.110107421875,2439.570068359375,16988160
1789044040000,2438.1201171875,2438.1201171875,2438.1201171875,2438.1201171875,0
1789044212000,2437.3701171875,2437.3701171875,2437.3701171875,2437.3701171875,0
1789044300000,2440.610107421875,2449.969970703125,2440.610107421875,2444.659912109375,139620352
1789044600000,2444.409912109375,2445.39990234375,2443.10009765625,2443.89990234375,0
1789044900000,2443.820068359375,2447.669921875,2443.2900390625,2447.669921875,673710080
1789045200000,2447.110107421875,2449.050048828125,2446.139892578125,2447.159912109375,175685632
1789045500000,2448.080078125,2449.840087890625,2447.14990234375,2449.0400390625,992482304
1789045800000,2449.330078125,2453.550048828125,2449.330078125,2451.93994140625,37914624
1789046100000,2452.080078125,2453.43994140625,2451.89990234375,2452.68994140625,22425600
1789046400000,2452.760009765625,2459.110107421875,2451.419921875,2458.340087890625,209202176
1789046700000,2459.010009765625,2459.860107421875,2454.43994140625,2458.81005859375,96743424
1789047000000,2458.800048828125,2471.840087890625,2458.800048828125,2471.699951171875,54935552
1789047300000,2470.199951171875,2473.5,2463.89990234375,2464.139892578125,204851200
1789047600000,2463.989990234375,2467.260009765625,2462.840087890625,2465.530029296875,167960576
1789047900000,2465.60009765625,2469.429931640625,2462.8798828125,2468.340087890625,192536576
1789048200000,2468.110107421875,2470.530029296875,2466.31005859375,2470.18994140625,304064512
1789048500000,2470.10009765625,2470.10009765625,2465.590087890625,2465.590087890625,21243904
1789048800000,2464.989990234375,2466.429931640625,2459.719970703125,2460.18994140625,3713024
1789049100000,2459.969970703125,2461.25,2455.199951171875,2455.199951171875,35842048
1789049400000,2456.18994140625,2456.68994140625,2454.52001953125,2455.699951171875,26970112
1789049641000,2455.6201171875,2455.6201171875,2455.6201171875,2455.6201171875,0
1789049700000,2454.889892578125,2457.8798828125,2453.60009765625,2455.14990234375,172406784
1789050000000,2455.2099609375,2463.070068359375,2455.2099609375,2459.9599609375,128925696
1789050300000,2460,2461.840087890625,2458.739990234375,2458.739990234375,45805568
1789050600000,2458.39990234375,2458.39990234375,2455.590087890625,2457.3798828125,158160896
1789050900000,2457.469970703125,2463.2900390625,2456.320068359375,2462.090087890625,163274752
1789051200000,2462.10009765625,2462.739990234375,2460.699951171875,2461.889892578125,122394624
1789051500000,2461.699951171875,2463.06005859375,2458.81005859375,2461.1298828125,245342208
1789051800000,2461.169921875,2467.800048828125,2459.77001953125,2467.330078125,8437760
1789052100000,2467.219970703125,2467.52001953125,2464.550048828125,2467.52001953125,129478656
1789052400000,2467.5,2467.56005859375,2464.429931640625,2465.409912109375,123170816
1789052700000,2464.510009765625,2464.669921875,2462.449951171875,2464.18994140625,6909952
1789053000000,2464.320068359375,2464.320068359375,2461.489990234375,2463.9599609375,88225792
1789053300000,2463.7900390625,2465.179931640625,2463.27001953125,2463.8798828125,182134784
1789053600000,2463.4599609375,2465.52001953125,2461.47998046875,2465.419921875,1241088
1789053900000,2466.27001953125,2467.18994140625,2464.360107421875,2465.72998046875,164114432
1789054200000,2465.8701171875,2465.889892578125,2462,2462.110107421875,0
1789054500000,2461.949951171875,2465.300048828125,2461.669921875,2464.550048828125,340467712
1789054800000,2465.080078125,2470.590087890625,2465.080078125,2468.77001953125,124446720
1789055100000,2468.4599609375,2468.659912109375,2464.280029296875,2464.659912109375,14295040
1789055400000,2464.580078125,2464.580078125,2459.510009765625,2459.919921875,249712640
1789055700000,2459.919921875,2463.18994140625,2459.8701171875,2461.7900390625,286720
1789056000000,2462.169921875,2463.02001953125,2460.2099609375,2461.85009765625,181170176
1789056300000,2461.419921875,2465.25,2461.419921875,2465.239990234375,110565376
1789056600000,2466.010009765625,2467.469970703125,2464.389892578125,2467.469970703125,129576960
1789056900000,2467.489990234375,2467.989990234375,2466,2466.590087890625,0
1789057200000,2466.699951171875,2468.179931640625,2464.52001953125,2464.699951171875,1243136
1789057500000,2464.530029296875,2466.449951171875,2464.3701171875,2465.56005859375,215189504
1789057800000,2465.260009765625,2465.639892578125,2463.31005859375,2463.580078125,235520
1789058100000,2463.77001953125,2463.89990234375,2462.77001953125,2463.25,0
1789058400000,2463.449951171875,2464.659912109375,2462.330078125,2463.840087890625,85981184
1789058700000,2463.8701171875,2464.169921875,2461.18994140625,2461.97998046875,140781568
1789059000000,2461.97998046875,2462.3798828125,2461.22998046875,2462.159912109375,111507456
1789059300000,2462.199951171875,2462.419921875,2461.89990234375,2462.1298828125,0
1789059400000,2461.93994140625,2461.93994140625,2461.93994140625,2461.93994140625,0
1789059600000,2461.070068359375,2462.320068359375,2460.06005859375,2460.14990234375,4700160
1789059900000,2460.159912109375,2461.550048828125,2459.860107421875,2461.39990234375,0
1789060200000,2461.610107421875,2462.02001953125,2459.320068359375,2459.39990234375,112691200
1789060500000,2459.409912109375,2460.139892578125,2458.830078125,2459,118032384
1789060800000,2459,2460.699951171875,2458.85009765625,2460.68994140625,128040960
1789061100000,2459.919921875,2460.889892578125,2459.340087890625,2460.860107421875,0
1789061400000,2460.889892578125,2460.889892578125,2459.330078125,2460.169921875,0
1789061700000,2459.949951171875,2459.949951171875,2457.989990234375,2458.510009765625,0
1789062000000,2458.070068359375,2459.760009765625,2456.9599609375,2458.139892578125,0
1789062300000,2458.139892578125,2462.219970703125,2458.139892578125,2459.39990234375,256112640
1789062600000,2458.89990234375,2460.090087890625,2458.419921875,2458.419921875,0
1789062900000,2458.320068359375,2459.52001953125,2457.969970703125,2459.47998046875,9687040
1789063200000,2459.360107421875,2459.3798828125,2456.760009765625,2458.9599609375,114753536
1789063500000,2458.739990234375,2460.030029296875,2457.6201171875,2460.010009765625,4108288
1789063800000,2460.02001953125,2461.110107421875,2455.800048828125,2457.9599609375,0
1789064100000,2457.840087890625,2458.889892578125,2456.639892578125,2458.260009765625,45064192
1789064400000,2458.050048828125,2459.0400390625,2456.25,2456.989990234375,33278976
1789064700000,2456.989990234375,2456.989990234375,2452.800048828125,2452.919921875,105023488
1789065000000,2453.02001953125,2454.669921875,2449.860107421875,2449.909912109375,143893504
1789065300000,2450.22998046875,2450.409912109375,2446.52001953125,2447.830078125,66539520
1789065600000,2447.929931640625,2447.929931640625,2444.75,2446.1201171875,97464320
1789065900000,2445.6201171875,2450.929931640625,2445.6201171875,2450.300048828125,23776256
1789066200000,2450.110107421875,2450.110107421875,2446.429931640625,2447.030029296875,122825728
1789066500000,2445.889892578125,2446.179931640625,2442.75,2444.31005859375,254720000
1789066800000,2444.510009765625,2446.699951171875,2444.39990234375,2446.090087890625,0
1789067035000,2443.800048828125,2443.800048828125,2443.800048828125,2443.800048828125,0
1789067100000,2444.659912109375,2446.02001953125,2437.330078125,2439.429931640625,0
1789067400000,2439,2443.169921875,2435.75,2436.469970703125,0
1789067700000,2434.300048828125,2440.25,2434.300048828125,2438.820068359375,0
1789068000000,2439.419921875,2444.610107421875,2439.419921875,2443.22998046875,356544512
1789068300000,2442.47998046875,2445.179931640625,2442.47998046875,2442.639892578125,0
1789068600000,2443.25,2444.22998046875,2441.7099609375,2442.610107421875,124856320
1789068900000,2442.139892578125,2443.27001953125,2441.590087890625,2441.590087890625,16996352
1789069200000,2441.02001953125,2442.5400390625,2439.739990234375,2440.989990234375,0
1789069500000,2440.919921875,2441.72998046875,2439.18994140625,2439.72998046875,124999680
1789069800000,2439.610107421875,2440.800048828125,2436.2900390625,2436.300048828125,0
1789070100000,2437.06005859375,2437.8798828125,2435.889892578125,2437.2099609375,125416448
1789070400000,2437.10009765625,2442.219970703125,2436.77001953125,2440.699951171875,0
1789070700000,2440.85009765625,2446.969970703125,2439.64990234375,2446.2900390625,0
1789071000000,2447.10009765625,2449.5,2446.889892578125,2448.3798828125,0
1789071300000,2448.2099609375,2449.639892578125,2447.35009765625,2448.10009765625,28940288
1789071600000,2448.43994140625,2452.739990234375,2446.530029296875,2450.280029296875,290930688
1789071900000,2450.260009765625,2451.489990234375,2449.39990234375,2450.820068359375,0
1789072200000,2450.77001953125,2450.800048828125,2444.840087890625,2449.35009765625,0
1789072500000,2448.89990234375,2451.43994140625,2447.669921875,2450.7099609375,0
1789072800000,2450.06005859375,2451.989990234375,2449.8701171875,2449.989990234375,309558272
1789073100000,2449.860107421875,2451.389892578125,2449.699951171875,2451.179931640625,0
1789073400000,2451.070068359375,2456.39990234375,2450.81005859375,2456.050048828125,0
1789073700000,2456.989990234375,2457.590087890625,2454.699951171875,2455.989990234375,0
1789074000000,2455.64990234375,2459.35009765625,2455.25,2458.93994140625,0
1789074300000,2459.199951171875,2459.199951171875,2456.8798828125,2458.64990234375,0
1789074600000,2458.9599609375,2458.9599609375,2455.2099609375,2455.419921875,247923712
1789074900000,2455.610107421875,2456.159912109375,2454.030029296875,2456.159912109375,0
1789075200000,2456.25,2457.22998046875,2451.530029296875,2453.739990234375,0
1789075500000,2453.739990234375,2455,2449.570068359375,2449.570068359375,39988224
1789075800000,2449.56005859375,2450.330078125,2445.780029296875,2449.070068359375,32204800
1789076100000,2449.989990234375,2453.60009765625,2448.2099609375,2449.02001953125,0
1789076400000,2448.6201171875,2451.1201171875,2445.7900390625,2451.1201171875,236024832
1789076700000,2451.10009765625,2452.070068359375,2448.260009765625,2452.070068359375,0
1789077000000,2452.06005859375,2453.06005859375,2451.030029296875,2452.7900390625,0
1789077300000,2452.780029296875,2453.659912109375,2451.760009765625,2453.659912109375,55833600
1789077600000,2453.530029296875,2453.949951171875,2450.5400390625,2453.300048828125,0
1789077900000,2453.699951171875,2454.139892578125,2450.4599609375,2452.1298828125,125834240
1789078200000,2451.3798828125,2454.300048828125,2451.169921875,2453.419921875,0
1789078500000,2453.14990234375,2453.14990234375,2449.070068359375,2449.6201171875,119537664
1789078800000,2448.969970703125,2450.56005859375,2447.510009765625,2447.510009765625,19906560
1789079100000,2447.43994140625,2447.43994140625,2444.780029296875,2446.31005859375,0
1789079400000,2446.239990234375,2446.64990234375,2444.6298828125,2445.659912109375,0
1789079700000,2445.2099609375,2449.239990234375,2444.760009765625,2449.239990234375,255485952
1789080000000,2448.739990234375,2449.22998046875,2447.360107421875,2447.6201171875,0
1789080300000,2447.6201171875,2449.5400390625,2446.550048828125,2449.47998046875,0
1789080600000,2449.719970703125,2449.89990234375,2444.300048828125,2445.77001953125,133350400
1789080900000,2445.969970703125,2446.989990234375,2445.090087890625,2446.159912109375,0
1789081200000,2445.39990234375,2446.800048828125,2444.330078125,2444.330078125,89384960
1789081500000,2444.080078125,2444.080078125,2440.77001953125,2441.050048828125,0
1789081800000,2441.840087890625,2447.219970703125,2440.64990234375,2446.830078125,54240256
1789082100000,2448,2448,2443.550048828125,2445.43994140625,33328128
1789082400000,2445.889892578125,2446.0400390625,2442.050048828125,2442.300048828125,163295232
1789082700000,2442.06005859375,2443.7099609375,2440.60009765625,2442.360107421875,40665088
1789083000000,2441.510009765625,2442.8798828125,2439.68994140625,2441.10009765625,0
1789083300000,2441.31005859375,2445.8798828125,2441.2900390625,2445.159912109375,479470592
1789083600000,2445.280029296875,2446.39990234375,2444.820068359375,2445.949951171875,0
1789083900000,2446.31005859375,2446.31005859375,2442.81005859375,2443.14990234375,168725504
1789084200000,2442.8701171875,2443.68994140625,2442.050048828125,2443.360107421875,0
1789084500000,2442.580078125,2446.18994140625,2442.580078125,2446.18994140625,0
1789084800000,2446.3798828125,2448.469970703125,2445.639892578125,2448.02001953125,238723072
1789085100000,2448.1201171875,2450.260009765625,2448.1201171875,2449.35009765625,0
1789085400000,2449.239990234375,2450.389892578125,2447,2449.449951171875,117101568
1789085700000,2449.35009765625,2450.85009765625,2448.570068359375,2450.139892578125,51123200
1789086000000,2450.699951171875,2455.60009765625,2450.699951171875,2455.60009765625,34228224
1789086300000,2456.489990234375,2461.5,2455.860107421875,2460.93994140625,51407872
1789086600000,2462.72998046875,2463.330078125,2460.030029296875,2460.0400390625,40521728
1789086900000,2459.6298828125,2460.570068359375,2457.89990234375,2458.929931640625,134367232
1789087200000,2458.81005859375,2459.72998046875,2455.449951171875,2456.530029296875,0
1789087500000,2456.5400390625,2457.080078125,2455.830078125,2457.070068359375,0
1789087800000,2456.909912109375,2458.43994140625,2456.909912109375,2458.43994140625,33705984
1789088100000,2458.070068359375,2459.22998046875,2458.02001953125,2458.27001953125,4859904
1789088400000,2458.27001953125,2458.6201171875,2456.8701171875,2456.949951171875,152344576
1789088700000,2456.8798828125,2459.27001953125,2456.8798828125,2458.75,0
1789089000000,2458.780029296875,2460.919921875,2457.239990234375,2460.719970703125,0
1789089300000,2460.580078125,2460.72998046875,2458.8798828125,2459.22998046875,125063168
1789089600000,2458.9599609375,2459.530029296875,2457.35009765625,2458.830078125,0
1789089900000,2458.56005859375,2459.260009765625,2456.820068359375,2457.919921875,114696192
1789090200000,2457.989990234375,2460.199951171875,2457.360107421875,2459.169921875,0
1789090500000,2459.27001953125,2463.52001953125,2459.27001953125,2461.580078125,91781120
1789090800000,2461.219970703125,2464.2099609375,2460.719970703125,2464.179931640625,0
1789091100000,2464.2900390625,2465.68994140625,2462.820068359375,2464.909912109375,0
1789091400000,2465.090087890625,2466,2464.60009765625,2465.570068359375,0
1789091700000,2465.5,2467.469970703125,2465.5,2467.469970703125,0
1789092000000,2468.10009765625,2468.219970703125,2466.280029296875,2466.75,25038848
1789092300000,2466.52001953125,2468.699951171875,2465.760009765625,2467.239990234375,227864576
1789092600000,2466.919921875,2470,2466.919921875,2469.219970703125,0
1789092900000,2468.610107421875,2469.719970703125,2466.72998046875,2466.93994140625,454264832
1789093200000,2466.9599609375,2467.47998046875,2464.93994140625,2465.72998046875,0
1789093500000,2465.719970703125,2466.530029296875,2464.530029296875,2465.56005859375,5212160
1789093800000,2465.570068359375,2465.81005859375,2462.330078125,2462.760009765625,161157120
1789094100000,2463.300048828125,2465.989990234375,2463.0400390625,2465.989990234375,0
1789094400000,2465.989990234375,2465.989990234375,2464.419921875,2465.4599609375,29767680
1789094700000,2465.510009765625,2466.530029296875,2465.139892578125,2466.159912109375,0
1789095000000,2466.010009765625,2467.0400390625,2465.8798828125,2466.10009765625,0
1789095300000,2466.06005859375,2466.570068359375,2465.840087890625,2466.159912109375,0
1789095600000,2465.719970703125,2466.820068359375,2465.409912109375,2466.820068359375,0
1789095900000,2466.81005859375,2469.050048828125,2466.77001953125,2468.89990234375,113487872
1789096200000,2468.64990234375,2469.7099609375,2467.60009765625,2467.81005859375,25241600
1789096500000,2467.969970703125,2469.18994140625,2467.909912109375,2468.360107421875,365352960
1789096800000,2468.27001953125,2472.449951171875,2468.179931640625,2471.070068359375,12711936
1789097100000,2470.780029296875,2471.25,2467.969970703125,2467.969970703125,126214144
1789097400000,2468.070068359375,2469.580078125,2465.969970703125,2467.2099609375,28502016
1789097700000,2467.760009765625,2468.409912109375,2466.469970703125,2466.739990234375,2797568
1789098000000,2466.739990234375,2467.340087890625,2466.419921875,2466.52001953125,162639872
1789098300000,2466.5400390625,2466.5400390625,2465.7900390625,2465.9599609375,32538624
1789098600000,2465.9599609375,2466.75,2465.14990234375,2465.360107421875,2680832
1789098900000,2465.449951171875,2467.97998046875,2465.02001953125,2466.0400390625,21102592
1789099200000,2466.280029296875,2467.77001953125,2464.830078125,2464.830078125,14143488
1789099500000,2464.81005859375,2465.27001953125,2462.969970703125,2463.090087890625,113262592
1789099800000,2463.219970703125,2464.85009765625,2462.52001953125,2464.25,236744704
1789100100000,2464.260009765625,2467.10009765625,2464.260009765625,2465.949951171875,98121728
1789100400000,2466.260009765625,2474.320068359375,2466.260009765625,2474.27001953125,0
1789100700000,2474.39990234375,2474.39990234375,2470.56005859375,2473.659912109375,58941440
1789101000000,2473.6298828125,2483.10009765625,2473.6298828125,2477.320068359375,236660736
1789101300000,2478,2478.070068359375,2476.35009765625,2477.080078125,75755520
1789101600000,2477.590087890625,2478.300048828125,2476.840087890625,2477.510009765625,193667072
1789101900000,2477.64990234375,2478.22998046875,2475.3798828125,2475.72998046875,121507840
1789102200000,2475.830078125,2476.75,2474.22998046875,2475.260009765625,159051776
1789102500000,2475.199951171875,2475.929931640625,2475.030029296875,2475.7099609375,3497984
1789102800000,2475.7099609375,2476.699951171875,2474.320068359375,2475.030029296875,174309376
1789103100000,2475.02001953125,2475.02001953125,2472.89990234375,2472.89990234375,9490432
1789103400000,2472.840087890625,2474.0400390625,2472.7099609375,2472.8798828125,0
1789103700000,2472.760009765625,2473.89990234375,2472.679931640625,2473.139892578125,773332992
1789104000000,2472.89990234375,2474.340087890625,2472.25,2472.25,628699136
1789104300000,2471.949951171875,2473,2471.89990234375,2471.919921875,512190464
1789104600000,2471.909912109375,2472.75,2470.860107421875,2470.860107421875,20015104
1789104900000,2470.860107421875,2470.860107421875,2463.340087890625,2463.889892578125,0
1789105200000,2463.219970703125,2465.110107421875,2460.590087890625,2464.989990234375,586907648
1789105500000,2464.989990234375,2467.1298828125,2464.6201171875,2466.409912109375,652746752
1789105800000,2466.22998046875,2469.60009765625,2465.699951171875,2469.340087890625,18567168
1789106100000,2468.989990234375,2469.64990234375,2467.669921875,2468.31005859375,123748352
1789106400000,2468.31005859375,2473.64990234375,2464.419921875,2473.64990234375,647348224
1789106700000,2473.639892578125,2473.639892578125,2468.39990234375,2468.5,454522880
1789107000000,2468.570068359375,2469.10009765625,2464.8798828125,2467.25,123359232
1789107300000,2467.52001953125,2468.68994140625,2465.85009765625,2467.739990234375,219559936
1789107600000,2467.52001953125,2467.52001953125,2465.39990234375,2465.840087890625,120141824
1789107900000,2465.56005859375,2466.0400390625,2463.52001953125,2464.10009765625,222425088
1789108200000,2463.909912109375,2464.179931640625,2461.639892578125,2463.989990234375,16824320
1789108500000,2463.919921875,2465.31005859375,2463.510009765625,2464.89990234375,25634816
1789108800000,2464.199951171875,2464.639892578125,2462.159912109375,2462.830078125,113520640
1789109100000,2462.919921875,2464.27001953125,2462.2900390625,2462.389892578125,119252992
1789109400000,2462.389892578125,2462.89990234375,2462.389892578125,2462.89990234375,0
1789109513000,2463.47998046875,2463.47998046875,2463.47998046875,2463.47998046875,0
1789109700000,2463.10009765625,2463.429931640625,2461.010009765625,2461.010009765625,0
1789110000000,2460.639892578125,2461.22998046875,2455.43994140625,2455.43994140625,0
1789110300000,2456.050048828125,2457.989990234375,2451.820068359375,2452.56005859375,11472896
1789110600000,2453.0400390625,2454.27001953125,2451.280029296875,2453.030029296875,0
1789110900000,2453,2455.3798828125,2452.199951171875,2455.090087890625,0
1789111200000,2455.3798828125,2455.590087890625,2452.39990234375,2453.989990234375,359530496
1789111500000,2454.14990234375,2458.06005859375,2454.14990234375,2455,120053760
1789111800000,2455.090087890625,2455.22998046875,2453.27001953125,2453.27001953125,0
1789112100000,2453.31005859375,2456.530029296875,2453.25,2455.590087890625,0
1789112400000,2455.659912109375,2458.199951171875,2455.360107421875,2457.830078125,239501312
1789112700000,2457.679931640625,2459.27001953125,2456.699951171875,2457.010009765625,18001920
1789113000000,2456.47998046875,2457.2900390625,2455.169921875,2456.590087890625,114921472
1789113300000,2456.590087890625,2456.97998046875,2455.510009765625,2456.68994140625,0
1789113431000,2456.800048828125,2456.800048828125,2456.800048828125,2456.800048828125,0
1789113600000,2457,2459.320068359375,2455.800048828125,2457.840087890625,59232256
1789113900000,2456.35009765625,2456.389892578125,2450,2450.3701171875,17872896
1789114200000,2451.60009765625,2453.909912109375,2450.110107421875,2451.429931640625,72593408
1789114500000,2451.510009765625,2457.469970703125,2450.22998046875,2453.280029296875,0
1789114800000,2453.739990234375,2458.050048828125,2453.419921875,2454.5,142084096
1789115100000,2454.199951171875,2458.610107421875,2454.14990234375,2455.840087890625,456704000
1789115395000,2466.300048828125,2466.300048828125,2466.300048828125,2466.300048828125,0
1789115400000,2464.75,2474.360107421875,2433.320068359375,2470.820068359375,0
1789115700000,2471.39990234375,2498.3701171875,2469.27001953125,2496.89990234375,700459008
1789116000000,2498.300048828125,2501.699951171875,2485.699951171875,2493.1201171875,0
1789116300000,2493.89990234375,2511.320068359375,2493.60009765625,2503.510009765625,629323776
1789116600000,2502.969970703125,2514,2502.969970703125,2509.39990234375,0
1789116900000,2508.760009765625,2510.8798828125,2503.590087890625,2510.169921875,862769152
1789117200000,2509.489990234375,2509.489990234375,2500.02001953125,2500.360107421875,0
1789117500000,2501.3798828125,2507.2099609375,2494.800048828125,2494.800048828125,42153984
1789117800000,2495.4599609375,2501.56005859375,2495.3701171875,2501.10009765625,3368960
1789118100000,2501.090087890625,2501.239990234375,2497.52001953125,2500.429931640625,0
1789118400000,2501.31005859375,2510.179931640625,2501.31005859375,2506.949951171875,54147072
1789118700000,2506.2099609375,2507.9599609375,2499.97998046875,2500.93994140625,15235072
1789119000000,2498.199951171875,2506.760009765625,2495.320068359375,2499.830078125,241029120
1789119300000,2502.429931640625,2504.969970703125,2490.60009765625,2504.969970703125,27402240
1789119600000,2508,2522.330078125,2504.090087890625,2521.18994140625,284346368
1789119900000,2521.969970703125,2583.550048828125,2518.489990234375,2582.719970703125,146487296
1789120200000,2574.85009765625,2601.300048828125,2571.2099609375,2590.2900390625,397312000
1789120500000,2592.14990234375,2634.3798828125,2592.14990234375,2626.739990234375,1034772480
1789120800000,2630.10009765625,2663.10009765625,2624.56005859375,2640,429137920
1789121100000,2639.39990234375,2639.39990234375,2610.10009765625,2616.989990234375,1126420480
1789121400000,2618.199951171875,2618.199951171875,2599.27001953125,2611.510009765625,193325056
1789121700000,2611.06005859375,2615.679931640625,2604.300048828125,2615.679931640625,642729984
1789122000000,2615.7900390625,2619.570068359375,2609.3701171875,2615.110107421875,383131648
1789122300000,2617.35009765625,2623.570068359375,2613.699951171875,2617.800048828125,286834688
1789122600000,2617.85009765625,2618.9599609375,2608.590087890625,2608.85009765625,201144320
1789122900000,2609.510009765625,2612.219970703125,2603.360107421875,2609.570068359375,89452544
1789123200000,2609.6201171875,2612.409912109375,2601.2099609375,2606.550048828125,108314624
1789123500000,2607.5,2612.47998046875,2594.639892578125,2599.64990234375,221741056
1789123800000,2599.02001953125,2604.510009765625,2593.889892578125,2603.760009765625,152104960
1789124100000,2603.260009765625,2608.969970703125,2602,2607.10009765625,245311488
1789124400000,2608,2608.0400390625,2598.919921875,2603.85009765625,0
1789124700000,2603.97998046875,2611.280029296875,2602.800048828125,2607.239990234375,941670400
1789125000000,2606.590087890625,2608.260009765625,2601.580078125,2602.7900390625,172105728
1789125300000,2602.9599609375,2615.919921875,2602.9599609375,2615.919921875,115564544
1789125600000,2615.330078125,2615.97998046875,2610.360107421875,2613.739990234375,94818304
1789125900000,2614,2614.320068359375,2610.820068359375,2610.820068359375,202133504
1789126200000,2610.6298828125,2615.199951171875,2608.330078125,2615.18994140625,91852800
1789126500000,2615.030029296875,2615.030029296875,2607.06005859375,2612.179931640625,23965696
1789126800000,2613.93994140625,2614.030029296875,2607.300048828125,2607.800048828125,115019776
1789127100000,2606.760009765625,2610.25,2606.169921875,2607.39990234375,421335040
1789127400000,2607.919921875,2608.18994140625,2556,2560.25,345063424
1789127700000,2558.800048828125,2564.7900390625,2548.60009765625,2558.800048828125,844048384
1789128000000,2560.360107421875,2573.9599609375,2560.360107421875,2569,571781120
1789128300000,2569.60009765625,2576.780029296875,2566.510009765625,2572.760009765625,59240448
1789128600000,2572.56005859375,2573.949951171875,2559.889892578125,2560.239990234375,558848000
1789128900000,2560.429931640625,2564.97998046875,2550.10009765625,2551.169921875,36009984
1789129200000,2551.820068359375,2554.070068359375,2544.10009765625,2553.330078125,8898560
1789129500000,2553.260009765625,2567.0400390625,2553.260009765625,2563.89990234375,413351936
1789129800000,2562.570068359375,2570.820068359375,2560.409912109375,2570.31005859375,289114112
1789130100000,2569.780029296875,2570.169921875,2563.68994140625,2565.340087890625,253034496
1789130400000,2565.169921875,2569.10009765625,2564.989990234375,2569.10009765625,0
1789130504000,2567.0400390625,2567.0400390625,2567.0400390625,2567.0400390625,0
1789130700000,2570.110107421875,2577.60009765625,2570.110107421875,2577.60009765625,100419584
1789130875000,2579.39990234375,2579.39990234375,2579.39990234375,2579.39990234375,0
1789131000000,2576.89990234375,2580.43994140625,2576.159912109375,2578.7900390625,347179008
1789131300000,2579.429931640625,2581.889892578125,2574.659912109375,2577.43994140625,305729536
1789131600000,2577.070068359375,2579.780029296875,2574.60009765625,2579.320068359375,194682880
1789131900000,2578.14990234375,2580.260009765625,2576.1298828125,2578.360107421875,2420736
1789132134000,2578.080078125,2578.080078125,2578.080078125,2578.080078125,0
1789132200000,2574.81005859375,2575.300048828125,2570.06005859375,2570.22998046875,117291008
1789132500000,2570.530029296875,2579.389892578125,2570.530029296875,2578.080078125,0
1789132800000,2578.469970703125,2578.929931640625,2570.219970703125,2576,202758144
1789133100000,2576.56005859375,2578.7099609375,2575.219970703125,2575.840087890625,33288192
1789133400000,2575.949951171875,2578.93994140625,2574.64990234375,2576.639892578125,3096576
1789133700000,2576.39990234375,2576.39990234375,2567.0400390625,2567.570068359375,73865216
1789134000000,2567.050048828125,2571.050048828125,2566.949951171875,2568.989990234375,24948736
1789134300000,2568.7900390625,2572.3701171875,2568.409912109375,2570.969970703125,61480960
1789134600000,2570.889892578125,2570.889892578125,2563.840087890625,2563.840087890625,24936448
1789134900000,2563.739990234375,2569.43994140625,2563.199951171875,2566.139892578125,130283520
1789135200000,2566.739990234375,2567.820068359375,2546.7900390625,2549.550048828125,313522176
1789135500000,2550.699951171875,2550.699951171875,2530.9599609375,2538.699951171875,0
1789135800000,2538.18994140625,2542.389892578125,2535.02001953125,2538.889892578125,326131712
1789136100000,2538.800048828125,2541.60009765625,2535.909912109375,2541.60009765625,339312640
1789136275000,2544.3701171875,2544.3701171875,2544.3701171875,2544.3701171875,0
1789136400000,2547.840087890625,2547.840087890625,2543.43994140625,2543.760009765625,215500800
1789136700000,2543.5400390625,2544.889892578125,2538.320068359375,2543.590087890625,319057920
1789137000000,2543.5400390625,2546.330078125,2540.56005859375,2546.10009765625,158085120
1789137300000,2546.10009765625,2547.840087890625,2542.169921875,2546.1298828125,10887168
1789137600000,2546.5,2548.260009765625,2540,2541.429931640625,31651840
1789137900000,2541.419921875,2550.300048828125,2538.02001953125,2542.110107421875,27742208
1789138200000,2542.159912109375,2542.159912109375,2531,2532.300048828125,0
1789138500000,2532.39990234375,2537.4599609375,2531.199951171875,2536.429931640625,0
1789138800000,2536.280029296875,2541.330078125,2532.179931640625,2541.330078125,197724160
1789139100000,2542.139892578125,2547.0400390625,2541.199951171875,2544.820068359375,32186368
1789139400000,2545.090087890625,2546.27001953125,2542.7900390625,2545.14990234375,1591296
1789139700000,2545.050048828125,2545.050048828125,2538.010009765625,2541.010009765625,138614784
1789140000000,2540.9599609375,2545.18994140625,2538.989990234375,2544.31005859375,0
1789140300000,2545,2547.52001953125,2544.77001953125,2545.25,36657152
1789140600000,2545.2099609375,2546.530029296875,2543.7099609375,2544.8798828125,0
1789140900000,2545.030029296875,2546.320068359375,2540.800048828125,2543.93994140625,102168576
1789141200000,2544.260009765625,2545.89990234375,2541.830078125,2543.10009765625,134705152
1789141500000,2543.02001953125,2543.02001953125,2538.97998046875,2540.580078125,125315072
1789141800000,2539.570068359375,2542.6201171875,2539.050048828125,2540.340087890625,0
1789142100000,2539.81005859375,2540.5,2537.2099609375,2538.969970703125,0
1789142400000,2539.030029296875,2545.389892578125,2537.5400390625,2544.919921875,3282944
1789142700000,2544.89990234375,2545.75,2542.419921875,2542.419921875,0
1789143000000,2542.9599609375,2546.429931640625,2541.60009765625,2544.239990234375,25671680
1789143300000,2544.169921875,2544.169921875,2538.639892578125,2539.5400390625,248543232
1789143600000,2539.260009765625,2540.0400390625,2537.8701171875,2540,0
1789143900000,2540.090087890625,2541.199951171875,2535.0400390625,2536.35009765625,0
1789144200000,2535.47998046875,2536.110107421875,2526.469970703125,2532.929931640625,109625344
1789144500000,2532.97998046875,2537.949951171875,2532.510009765625,2537.949951171875,23934976
1789144800000,2537.35009765625,2541.169921875,2535.260009765625,2536.699951171875,52701184
1789145100000,2536.22998046875,2537.409912109375,2526.179931640625,2527.989990234375,304371712
1789145400000,2528.4599609375,2531.280029296875,2523.159912109375,2527.489990234375,0
1789145700000,2528.419921875,2531.0400390625,2526.330078125,2530.280029296875,67817472
1789146000000,2530.010009765625,2532.3798828125,2529.85009765625,2531.800048828125,297320448
1789146300000,2531.469970703125,2536.659912109375,2530.75,2535.909912109375,34699264
1789146600000,2536.010009765625,2540.2099609375,2536.010009765625,2538.60009765625,107802624
1789146643000,2537.9599609375,2537.9599609375,2537.9599609375,2537.9599609375,0
1789146900000,2539.010009765625,2539.81005859375,2538.010009765625,2538.02001953125,168648704
1789147200000,2538.239990234375,2538.77001953125,2536.27001953125,2537.27001953125,9142272
1789147500000,2537.090087890625,2537.9599609375,2535.260009765625,2535.429931640625,66871296
1789147800000,2535.090087890625,2537.7900390625,2533.43994140625,2537.6201171875,6965248
1789148100000,2537.800048828125,2537.800048828125,2534.570068359375,2537.340087890625,4855808
1789148400000,2537.4599609375,2537.4599609375,2533.64990234375,2534.47998046875,20480
1789148700000,2534.1298828125,2535.35009765625,2529.64990234375,2529.7900390625,0
1789149000000,2529.2099609375,2530.199951171875,2523.030029296875,2523.030029296875,0
1789149300000,2519.47998046875,2520.840087890625,2513.5,2516.330078125,43911168
1789149600000,2514.27001953125,2519.280029296875,2507.1298828125,2519.280029296875,58634240
1789149900000,2518.81005859375,2518.81005859375,2509.929931640625,2510.56005859375,85145600
1789150200000,2511.659912109375,2520.169921875,2511.659912109375,2519.820068359375,266188800
1789150500000,2519.909912109375,2520.6298828125,2516.60009765625,2519.31005859375,0
1789150800000,2519.659912109375,2522.260009765625,2518.35009765625,2522.030029296875,258510848
1789151100000,2521.919921875,2523.340087890625,2516.469970703125,2518.159912109375,24453120
1789151400000,2517.06005859375,2519,2511.179931640625,2511.179931640625,178309120
1789151700000,2510.739990234375,2519.81005859375,2510.110107421875,2519.699951171875,21544960
1789152000000,2519.840087890625,2522.429931640625,2516.300048828125,2517.070068359375,451469312
1789152300000,2516.280029296875,2516.56005859375,2511.300048828125,2511.300048828125,380928
1789152600000,2511.159912109375,2512.6298828125,2507.1201171875,2511.919921875,122163200
1789152900000,2511.6201171875,2515.330078125,2508.909912109375,2511.4599609375,196362240
1789153200000,2510.530029296875,2514.219970703125,2508.8798828125,2514.139892578125,117485568
1789153500000,2513.8701171875,2513.8701171875,2509.7099609375,2513.10009765625,204761088
1789153800000,2512.919921875,2514.800048828125,2512.39990234375,2512.860107421875,0
1789154100000,2513.02001953125,2513.590087890625,2511.9599609375,2513.429931640625,8083456
1789154257000,2514.280029296875,2514.280029296875,2514.280029296875,2514.280029296875,0
1789154400000,2514.35009765625,2514.449951171875,2509.56005859375,2509.56005859375,0
1789154700000,2510.840087890625,2514.469970703125,2510.840087890625,2511.919921875,185487360
1789155000000,2511.469970703125,2512.6201171875,2510.739990234375,2510.739990234375,0
1789155300000,2510.75,2513.3701171875,2510.75,2513.2900390625,0
1789155600000,2513.280029296875,2514.010009765625,2510.739990234375,2511.31005859375,65912832
1789155900000,2510.760009765625,2512.739990234375,2510.60009765625,2512.419921875,538624
1789156200000,2512.139892578125,2515.110107421875,2512.070068359375,2514.3798828125,21905408
1789156500000,2514.300048828125,2516.10009765625,2514.300048828125,2516.10009765625,12722176
1789156800000,2515.469970703125,2517.2900390625,2513.860107421875,2516.22998046875,0
1789157100000,2515.760009765625,2515.760009765625,2511.5400390625,2512.570068359375,13430784
1789157400000,2512.56005859375,2516.989990234375,2511.489990234375,2516.949951171875,0
1789157700000,2516.9599609375,2517.360107421875,2515.169921875,2516.64990234375,201670656
1789158000000,2516.669921875,2516.669921875,2515.10009765625,2516.22998046875,0
1789158300000,2515.780029296875,2516.090087890625,2514.93994140625,2514.949951171875,16250880
1789158600000,2514.949951171875,2514.949951171875,2512.39990234375,2514.4599609375,0
1789158900000,2514.429931640625,2514.610107421875,2512.860107421875,2514.35009765625,3823616
1789159200000,2514.3798828125,2514.3798828125,2512.75,2513.179931640625,0
1789159500000,2513.169921875,2513.169921875,2511.340087890625,2511.340087890625,0
1789159800000,2512.02001953125,2513.659912109375,2510.669921875,2513.199951171875,0
1789160100000,2512.989990234375,2513.590087890625,2511.06005859375,2511.06005859375,1517568
1789160400000,2510.27001953125,2512.4599609375,2509.2099609375,2512.4599609375,0
1789160700000,2512.5,2515.25,2512.27001953125,2514.8701171875,7145472
1789161000000,2514.97998046875,2515.889892578125,2513.590087890625,2515.889892578125,7446528
1789161300000,2515.889892578125,2516.9599609375,2515.179931640625,2515.320068359375,0
1789161600000,2514.6298828125,2515.8798828125,2513.64990234375,2515.590087890625,0
1789161900000,2515.679931640625,2515.679931640625,2512,2513.639892578125,0
1789162200000,2514.070068359375,2515.02001953125,2513,2514.699951171875,0
1789162500000,2514.659912109375,2515.389892578125,2511.239990234375,2513.669921875,0
1789162800000,2513.4599609375,2514.56005859375,2512.2900390625,2513.360107421875,0
1789163100000,2513.889892578125,2515.449951171875,2512.780029296875,2515.280029296875,262803456
1789163400000,2515.300048828125,2516.570068359375,2512.340087890625,2515.199951171875,21858304
1789163700000,2514.72998046875,2514.85009765625,2513.330078125,2513.340087890625,0
1789164000000,2513.340087890625,2515.080078125,2512.47998046875,2513.260009765625,0
1789164300000,2513.260009765625,2514.510009765625,2512.919921875,2514.39990234375,0
1789164600000,2514.489990234375,2515.639892578125,2512.919921875,2512.919921875,10156032
1789164900000,2512.89990234375,2513.6201171875,2512.64990234375,2512.93994140625,0
1789165200000,2513.159912109375,2514.780029296875,2512.4599609375,2513.8798828125,0
1789165500000,2514.300048828125,2515.0400390625,2513.5,2513.969970703125,47364096
1789165800000,2513.969970703125,2514.4599609375,2512.5400390625,2512.5400390625,0
1789166100000,2512.239990234375,2514.75,2512.239990234375,2513.659912109375,25235456
1789166400000,2513.7900390625,2515.3701171875,2512.72998046875,2513.39990234375,643072
1789166700000,2513.389892578125,2514.43994140625,2512.1201171875,2514.080078125,0
1789167000000,2514.080078125,2514.5400390625,2512.3798828125,2514.169921875,0
1789167300000,2514.139892578125,2514.909912109375,2512.449951171875,2514.389892578125,0
1789167600000,2513.800048828125,2514.860107421875,2511.719970703125,2514.659912109375,0
1789167900000,2514.9599609375,2515.77001953125,2512.7900390625,2513.949951171875,3874816
1789168200000,2513.97998046875,2516.110107421875,2513.409912109375,2513.52001953125,0
1789168500000,2513.159912109375,2515.780029296875,2512.080078125,2514.300048828125,125106176
1789168800000,2514.280029296875,2514.280029296875,2509.35009765625,2510.820068359375,45010944
1789169100000,2510.860107421875,2513.580078125,2510.860107421875,2513.260009765625,0
1789169400000,2513.219970703125,2513.659912109375,2512.409912109375,2512.820068359375,72777728
1789169700000,2512.5400390625,2513.35009765625,2512.300048828125,2512.52001953125,0
1789170000000,2512.570068359375,2512.89990234375,2511.659912109375,2512.830078125,0
1789170300000,2512.77001953125,2512.77001953125,2511.340087890625,2512.35009765625,147021824
1789170600000,2512.340087890625,2513.56005859375,2511.81005859375,2513.320068359375,0
1789170900000,2513.340087890625,2513.659912109375,2512.610107421875,2512.89990234375,0
1789171200000,2512.68994140625,2513.360107421875,2512.280029296875,2512.39990234375,0
1789171500000,2512.409912109375,2513.280029296875,2512.409912109375,2512.580078125,0
1789171800000,2512.419921875,2512.85009765625,2512.169921875,2512.580078125,30674944
1789172100000,2512.5,2513,2509.85009765625,2510.68994140625,4274176
1789172400000,2510.639892578125,2511.4599609375,2509.219970703125,2510.570068359375,0
1789172700000,2510.419921875,2512.030029296875,2510.330078125,2512.030029296875,0
1789173000000,2512.14990234375,2513.72998046875,2512.14990234375,2512.699951171875,0
1789173300000,2512.64990234375,2514.860107421875,2512.64990234375,2514.60009765625,0
1789173600000,2514.610107421875,2514.840087890625,2512.81005859375,2512.89990234375,139194368
1789173900000,2513.050048828125,2513.590087890625,2511.820068359375,2513.43994140625,1101824
1789174200000,2513.449951171875,2513.469970703125,2512.320068359375,2512.570068359375,1132544
1789174500000,2512.570068359375,2512.909912109375,2512.199951171875,2512.429931640625,0
1789174800000,2512.429931640625,2512.5,2511.56005859375,2512.340087890625,0
1789175100000,2512.330078125,2512.340087890625,2511.2099609375,2511.2099609375,20285440
1789175400000,2511.219970703125,2512.260009765625,2509.989990234375,2510.739990234375,0
1789175700000,2510.739990234375,2512.110107421875,2509.280029296875,2511.340087890625,0
1789176000000,2511.35009765625,2512.570068359375,2510.27001953125,2510.7099609375,66160640
1789176300000,2510.840087890625,2511.739990234375,2509.330078125,2509.330078125,0
1789176600000,2508.699951171875,2511.919921875,2508.699951171875,2511.919921875,17842176
1789176900000,2512.070068359375,2512.840087890625,2511.030029296875,2511.330078125,0
1789177200000,2511.659912109375,2511.760009765625,2510.64990234375,2511.389892578125,43902976
1789177500000,2511.3798828125,2512.1201171875,2511.360107421875,2511.860107421875,17063936
1789177800000,2512.02001953125,2512.39990234375,2511.830078125,2512.14990234375,0
1789178100000,2511.81005859375,2512.449951171875,2511.219970703125,2511.4599609375,0
1789178400000,2511.909912109375,2511.919921875,2511.239990234375,2511.25,11433984
1789178700000,2511.25,2511.4599609375,2510.469970703125,2510.820068359375,0
1789179000000,2510.820068359375,2511.02001953125,2510.0400390625,2510.510009765625,0
1789179300000,2510.3798828125,2512.820068359375,2510.31005859375,2511.760009765625,0
1789179600000,2511.840087890625,2512.199951171875,2511.340087890625,2511.60009765625,0
1789179900000,2511.760009765625,2512.68994140625,2511.68994140625,2511.840087890625,10977280
1789180200000,2511.840087890625,2514.7900390625,2511.840087890625,2513.449951171875,0
1789180500000,2512.8798828125,2515.5400390625,2512.8798828125,2515.280029296875,0
1789180800000,2515.159912109375,2518.409912109375,2514.719970703125,2518.409912109375,237547520
1789181100000,2518.31005859375,2522.010009765625,2517.60009765625,2520.5400390625,19855360
1789181400000,2520.409912109375,2521.409912109375,2519.7900390625,2519.830078125,0
1789181700000,2520.219970703125,2520.219970703125,2518.68994140625,2519.050048828125,311717888
1789182000000,2519.050048828125,2522.929931640625,2519.0400390625,2522.080078125,69621760
1789182300000,2522,2524.260009765625,2520.8798828125,2524.090087890625,2500608
1789182600000,2524.510009765625,2524.510009765625,2522.840087890625,2523.909912109375,67526656
1789182900000,2523.610107421875,2523.610107421875,2521.780029296875,2522.110107421875,0
1789183200000,2522.110107421875,2524.18994140625,2522.10009765625,2523.31005859375,35188736
1789183500000,2523.31005859375,2523.6201171875,2522.5400390625,2522.8798828125,0
1789183800000,2523.110107421875,2523.110107421875,2521.610107421875,2521.610107421875,0
1789184100000,2521.6201171875,2523.199951171875,2521.6201171875,2522.090087890625,67620864
1789184400000,2521.909912109375,2522.8701171875,2521.760009765625,2522.469970703125,0
1789184700000,2522.4599609375,2522.7900390625,2521.52001953125,2522.699951171875,0
1789185000000,2522.699951171875,2523.85009765625,2522.260009765625,2523.60009765625,0
1789185300000,2523.590087890625,2523.97998046875,2522.860107421875,2523.2900390625,11063296
1789185600000,2523.77001953125,2523.840087890625,2522.570068359375,2523.050048828125,0
1789185900000,2523.39990234375,2526.510009765625,2522.7900390625,2526.409912109375,9426944
1789186200000,2526.340087890625,2527.489990234375,2524.340087890625,2525.320068359375,0
1789186500000,2525.320068359375,2528.110107421875,2525.25,2526.8798828125,0
1789186800000,2526.639892578125,2529.25,2526.2099609375,2527.06005859375,237451264
1789187100000,2527.14990234375,2528.669921875,2526.3798828125,2528.3798828125,0
1789187400000,2528.800048828125,2529.81005859375,2527.320068359375,2528.469970703125,47116288
1789187700000,2528.47998046875,2531.669921875,2527.340087890625,2531,42766336
1789188000000,2530.909912109375,2533.02001953125,2530.429931640625,2532.320068359375,2097152
1789188300000,2532.159912109375,2535.02001953125,2531.81005859375,2534.010009765625,161976320
1789188600000,2534.75,2535.719970703125,2533.719970703125,2533.719970703125,60026880
1789188900000,2533.3701171875,2534.31005859375,2532.10009765625,2533.050048828125,89731072
1789189200000,2533.02001953125,2536.06005859375,2531.969970703125,2534.010009765625,138985472
1789189500000,2534.300048828125,2536.2099609375,2531.830078125,2532.2099609375,20506624
1789189800000,2532.219970703125,2534.699951171875,2532.199951171875,2534.679931640625,0
1789190100000,2534.469970703125,2536.3798828125,2533.9599609375,2534.800048828125,74254336
1789190400000,2534.889892578125,2536.030029296875,2532.340087890625,2535.590087890625,121272320
1789190700000,2535.239990234375,2536.830078125,2534.320068359375,2534.800048828125,23609344
1789191000000,2535.409912109375,2536.669921875,2532.010009765625,2532.5,6623232
1789191300000,2532.679931640625,2535.110107421875,2531.260009765625,2533.659912109375,2385920
1789191600000,2533.3701171875,2534.800048828125,2531.260009765625,2531.330078125,0
1789191900000,2531.659912109375,2532.219970703125,2529.18994140625,2529.320068359375,57040896
1789192200000,2529.260009765625,2532.06005859375,2528.8701171875,2528.8701171875,0
1789192500000,2529.22998046875,2530.60009765625,2528.3798828125,2530.5400390625,141131776
1789192800000,2530.550048828125,2534.080078125,2530.550048828125,2532.280029296875,65531904
1789192834000,2531.43994140625,2531.43994140625,2531.43994140625,2531.43994140625,0
1789193100000,2532.22998046875,2536.179931640625,2532.110107421875,2533.580078125,36509696
1789193138000,2533.030029296875,2533.030029296875,2533.030029296875,2533.030029296875,0
1789193400000,2533.570068359375,2533.929931640625,2532.97998046875,2533.419921875,2566144
1789193449000,2532.97998046875,2532.97998046875,2532.97998046875,2532.97998046875,0
1789193700000,2533.330078125,2533.340087890625,2533.090087890625,2533.090087890625,0
1789193768000,2532.9599609375,2532.9599609375,2532.9599609375,2532.9599609375,0
1789194000000,2532.489990234375,2532.81005859375,2532.47998046875,2532.81005859375,0
1789194087000,2532.1201171875,2532.1201171875,2532.1201171875,2532.1201171875,0
1789194300000,2531.320068359375,2531.320068359375,2531.31005859375,2531.320068359375,0
1789194392000,2531.39990234375,2531.39990234375,2531.39990234375,2531.39990234375,0
1789194600000,2531.47998046875,2531.5400390625,2531.469970703125,2531.489990234375,0
1789194713000,2530.93994140625,2530.93994140625,2530.93994140625,2530.93994140625,0
1789194900000,2530.679931640625,2530.830078125,2530.679931640625,2530.68994140625,60909568
1789195031000,2530.68994140625,2530.68994140625,2530.68994140625,2530.68994140625,0
1789195200000,2531.949951171875,2533.070068359375,2531.889892578125,2533.070068359375,2547712
1789195338000,2533.070068359375,2533.070068359375,2533.070068359375,2533.070068359375,0
1789195500000,2532.580078125,2533.52001953125,2532.570068359375,2533.52001953125,14770176
1789195655000,2534.219970703125,2534.219970703125,2534.219970703125,2534.219970703125,0
1789195800000,2532.75,2532.860107421875,2530.780029296875,2530.780029296875,11692032
1789196100000,2530.77001953125,2533.699951171875,2530.77001953125,2533.090087890625,66566144
1789196400000,2533.159912109375,2534.77001953125,2531.989990234375,2532.219970703125,0
1789196700000,2532.360107421875,2532.3701171875,2531.14990234375,2531.159912109375,0
1789197000000,2531.159912109375,2532.340087890625,2530.780029296875,2531.780029296875,0
1789197300000,2531.679931640625,2531.739990234375,2530.320068359375,2531.6298828125,53112832
1789197600000,2531.6298828125,2532.10009765625,2531.47998046875,2532.10009765625,0
1789197900000,2532.080078125,2532.22998046875,2531.489990234375,2532.219970703125,8857600
1789198200000,2532.22998046875,2534.830078125,2532.22998046875,2534.360107421875,0
1789198500000,2534.360107421875,2536.070068359375,2533.9599609375,2534.6201171875,64927744
1789198800000,2534.409912109375,2536.7900390625,2534.409912109375,2536.489990234375,0
1789199100000,2536.43994140625,2537.0400390625,2535.489990234375,2535.75,12120064
1789199400000,2535.75,2536.179931640625,2535.02001953125,2535.760009765625,16885760
1789199700000,2535.719970703125,2536.080078125,2535.159912109375,2536.080078125,0
1789200000000,2535.659912109375,2535.780029296875,2534.6298828125,2534.840087890625,0
1789200300000,2534.800048828125,2535.739990234375,2534.800048828125,2535.340087890625,0
1789200600000,2535.340087890625,2535.340087890625,2533.199951171875,2533.77001953125,0
1789200900000,2533.93994140625,2534.85009765625,2532.919921875,2533.179931640625,0
1789201200000,2533.18994140625,2533.43994140625,2532.800048828125,2533.280029296875,0
1789201500000,2533.419921875,2533.840087890625,2532.800048828125,2533.070068359375,105977856
1789201800000,2533.030029296875,2533.56005859375,2532.64990234375,2532.8701171875,0
1789202100000,2533.050048828125,2535.300048828125,2533.050048828125,2534.949951171875,0
1789202400000,2534.93994140625,2535.840087890625,2533.679931640625,2533.93994140625,0
1789202700000,2533.929931640625,2535.8798828125,2533.929931640625,2535.110107421875,0
1789203000000,2535.169921875,2535.169921875,2531.580078125,2532.340087890625,0
1789203300000,2532.300048828125,2535.219970703125,2532.300048828125,2535.219970703125,0
1789203600000,2535.2099609375,2535.5400390625,2533.72998046875,2535.5400390625,0
1789203900000,2535.219970703125,2543.110107421875,2534.75,2539.469970703125,0
1789204200000,2539.570068359375,2543.070068359375,2538.510009765625,2538.510009765625,151300096
1789204500000,2538.64990234375,2540.47998046875,2535.89990234375,2538.919921875,27770880
1789204800000,2539.030029296875,2540.3798828125,2539.030029296875,2540.31005859375,0
1789205100000,2540.31005859375,2541.679931640625,2538.169921875,2540.139892578125,0
1789205400000,2540,2540.820068359375,2537.02001953125,2540.340087890625,156782592
1789205700000,2540.340087890625,2540.340087890625,2538.169921875,2538.6201171875,0
1789206000000,2538.6201171875,2539.419921875,2537.820068359375,2537.860107421875,0
1789206300000,2537.860107421875,2538.75,2537.1298828125,2537.570068359375,0
1789206600000,2538.199951171875,2540.989990234375,2537.780029296875,2540.989990234375,0
1789206900000,2540.68994140625,2544.919921875,2540.68994140625,2543.969970703125,0
1789207200000,2544.10009765625,2544.72998046875,2541.429931640625,2542.610107421875,0
1789207500000,2542.070068359375,2544.2900390625,2541.830078125,2542.31005859375,0
1789207800000,2542.300048828125,2542.300048828125,2540.2900390625,2540.93994140625,0
1789208100000,2540.81005859375,2541.550048828125,2540.260009765625,2540.260009765625,0
1789208400000,2540.330078125,2542.7099609375,2540.330078125,2540.39990234375,0
1789208700000,2540.39990234375,2542.760009765625,2540.3798828125,2542.22998046875,0
1789209000000,2542.1201171875,2544.080078125,2540.320068359375,2540.5400390625,0
1789209300000,2540.4599609375,2543.199951171875,2540.4599609375,2541.860107421875,0
1789209600000,2542.139892578125,2543.860107421875,2538.570068359375,2539.030029296875,0
1789209900000,2539.18994140625,2540.699951171875,2538.56005859375,2540.6298828125,0
1789210200000,2540.6298828125,2540.85009765625,2539.360107421875,2540.1201171875,0
1789210500000,2540.06005859375,2540.75,2538.780029296875,2539.10009765625,0
1789210800000,2539.6201171875,2539.93994140625,2539.219970703125,2539.449951171875,0
1789211100000,2539.43994140625,2540.139892578125,2537.909912109375,2537.919921875,0
1789211400000,2537.39990234375,2540.360107421875,2536.47998046875,2539.469970703125,0
1789211700000,2539.469970703125,2541.909912109375,2538.5400390625,2539.360107421875,0
1789212000000,2539.39990234375,2540.530029296875,2539.260009765625,2539.610107421875,0
1789212300000,2539.7099609375,2541.550048828125,2539.530029296875,2539.64990234375,0
1789212600000,2539.64990234375,2540.239990234375,2536.719970703125,2537.830078125,0
1789212900000,2538.070068359375,2538.070068359375,2531.419921875,2534.929931640625,0
1789213200000,2534.929931640625,2535.77001953125,2533.639892578125,2534.449951171875,28134400
1789213500000,2534.4599609375,2535.179931640625,2531.5,2532.22998046875,0
1789213800000,2532.3701171875,2533.419921875,2532.3701171875,2532.919921875,0
1789214100000,2532.919921875,2535.89990234375,2532.409912109375,2534.510009765625,0
1789214400000,2534.52001953125,2535.909912109375,2534.419921875,2535.02001953125,0
1789214700000,2535.02001953125,2535.260009765625,2532.0400390625,2533.18994140625,0
1789215000000,2533.179931640625,2535.419921875,2533.02001953125,2534.409912109375,0
1789215300000,2534.419921875,2534.89990234375,2533.530029296875,2533.68994140625,0
1789215600000,2533.530029296875,2533.5400390625,2532.860107421875,2533.090087890625,0
1789215900000,2533.1201171875,2533.1298828125,2531.989990234375,2532.2099609375,0
1789216200000,2532.080078125,2532.580078125,2531.800048828125,2532.580078125,0
1789216500000,2532.570068359375,2532.68994140625,2530.75,2531.2099609375,0
1789216800000,2531.2099609375,2532.090087890625,2530.39990234375,2530.39990234375,283297792
1789217100000,2530.139892578125,2531.010009765625,2529.659912109375,2530.510009765625,0
1789217400000,2530.510009765625,2531.3798828125,2530.280029296875,2531.2900390625,0
1789217700000,2531.2900390625,2533.580078125,2530.199951171875,2531.340087890625,6050816
1789218000000,2531.2900390625,2532.580078125,2530.4599609375,2531.949951171875,0
1789218300000,2531.93994140625,2533.18994140625,2531.75,2532.81005859375,0
1789218600000,2533.110107421875,2534.139892578125,2530.219970703125,2531.1298828125,0
1789218900000,2531.1201171875,2532.8798828125,2529.360107421875,2530,26334208
1789219200000,2530,2530.070068359375,2526.449951171875,2527.590087890625,0
1789219500000,2527.97998046875,2528,2526.669921875,2527.10009765625,34463744
1789219800000,2527.030029296875,2527.030029296875,2524.409912109375,2526.35009765625,47074304
1789220100000,2526.389892578125,2526.60009765625,2524.389892578125,2524.739990234375,0
1789220400000,2524.31005859375,2526.489990234375,2524.31005859375,2526.419921875,0
1789220700000,2526.219970703125,2526.219970703125,2525,2525.169921875,0
1789221000000,2525.070068359375,2525.52001953125,2524.409912109375,2525.260009765625,0
1789221300000,2525.389892578125,2525.760009765625,2525.14990234375,2525.47998046875,67615744
1789221600000,2525.340087890625,2525.340087890625,2523.6201171875,2523.8798828125,0
1789221900000,2523.830078125,2526.85009765625,2523.800048828125,2525.31005859375,0
1789222200000,2525.2099609375,2525.5400390625,2523.14990234375,2523.409912109375,0
1789222500000,2523.60009765625,2524.909912109375,2521.8798828125,2522.9599609375,0
1789222800000,2523.159912109375,2526.93994140625,2523.159912109375,2526.239990234375,0
1789223100000,2526.360107421875,2526.469970703125,2523.409912109375,2524.330078125,68307968
1789223400000,2524.330078125,2525.159912109375,2522.610107421875,2523.419921875,0
1789223700000,2523.419921875,2525.89990234375,2520.780029296875,2525,63331328
1789224000000,2524.610107421875,2524.6201171875,2523.090087890625,2523.550048828125,0
1789224300000,2523.5400390625,2523.760009765625,2522.659912109375,2522.800048828125,0
1789224600000,2522.669921875,2522.699951171875,2520.239990234375,2521.320068359375,0
1789224900000,2521.260009765625,2522.239990234375,2521.22998046875,2522,0
1789225200000,2522.080078125,2522.080078125,2520.2099609375,2521.239990234375,82211840
1789225500000,2520.820068359375,2522.52001953125,2519.9599609375,2520.85009765625,0
1789225800000,2520.199951171875,2522.510009765625,2519.110107421875,2522.300048828125,31690752
1789226100000,2522.25,2522.25,2520.02001953125,2521.22998046875,22915072
1789226400000,2521.300048828125,2521.300048828125,2519.179931640625,2519.610107421875,0
1789226700000,2519.639892578125,2521.090087890625,2518.81005859375,2519.22998046875,94872576
1789227000000,2519.219970703125,2520.1201171875,2517.72998046875,2520.1201171875,0
1789227300000,2520.10009765625,2520.10009765625,2515.199951171875,2515.199951171875,33301504
1789227600000,2515.06005859375,2516.860107421875,2514.5,2515.010009765625,0
1789227900000,2515.110107421875,2517.510009765625,2515.010009765625,2517.18994140625,148705280
1789228200000,2517.18994140625,2517.590087890625,2516.760009765625,2516.97998046875,5393408
1789228500000,2516.8798828125,2519.199951171875,2516.8798828125,2518.929931640625,0
1789228800000,2518.949951171875,2520.449951171875,2518.889892578125,2520.43994140625,0
1789229100000,2520.449951171875,2521.97998046875,2520.449951171875,2521.14990234375,3116032
1789229400000,2521.330078125,2521.949951171875,2521.330078125,2521.949951171875,0
1789229700000,2521.919921875,2523.22998046875,2520.469970703125,2521.110107421875,0
1789230000000,2521.110107421875,2522.260009765625,2521.10009765625,2521.639892578125,87995392
1789230300000,2521.60009765625,2523.840087890625,2521.60009765625,2522.090087890625,40350720
1789230600000,2522.090087890625,2522.889892578125,2521.469970703125,2521.510009765625,0
1789230900000,2521.510009765625,2522.14990234375,2520.6298828125,2520.969970703125,0
1789231200000,2520.9599609375,2522.6298828125,2520.5,2521.9599609375,47599616
1789231500000,2521.81005859375,2522.64990234375,2520.820068359375,2522.260009765625,0
1789231800000,2522.25,2522.9599609375,2519.72998046875,2519.7900390625,28896256
1789232100000,2520.090087890625,2520.1298828125,2519.739990234375,2520.050048828125,0
1789232400000,2520.0400390625,2522.919921875,2519.449951171875,2522.7900390625,0
1789232700000,2522.780029296875,2526.719970703125,2522.780029296875,2526.300048828125,0
1789233000000,2526.300048828125,2527.8798828125,2523.419921875,2525.3798828125,31965184
1789233300000,2525.300048828125,2525.389892578125,2522.7900390625,2523.25,95048704
1789233600000,2523.080078125,2523.570068359375,2522.409912109375,2523.510009765625,0
1789233900000,2523.25,2524.3701171875,2523.25,2524.3701171875,23483392
1789234200000,2524.3701171875,2524.3701171875,2524.030029296875,2524.330078125,0
1789234500000,2524.56005859375,2525.070068359375,2524.35009765625,2524.469970703125,270205952
1789234800000,2524.469970703125,2524.68994140625,2523.080078125,2523.199951171875,0
1789235100000,2523.739990234375,2523.739990234375,2522.22998046875,2523.300048828125,220550144
1789235400000,2522.830078125,2523.639892578125,2521.6298828125,2523.6298828125,0
1789235700000,2522.580078125,2524.2099609375,2522.580078125,2523.360107421875,0
1789236000000,2523.35009765625,2523.659912109375,2521.1201171875,2522.97998046875,288339968
1789236300000,2522.97998046875,2523.830078125,2521.3798828125,2523.1201171875,0
1789236600000,2523.1298828125,2523.340087890625,2521.070068359375,2521.070068359375,44905472
1789236900000,2523.47998046875,2524.030029296875,2522.1201171875,2524.02001953125,38309888
1789237200000,2524.010009765625,2525.68994140625,2523.989990234375,2524.8701171875,0
1789237500000,2524.8701171875,2524.8701171875,2520.340087890625,2520.340087890625,63613952
1789237800000,2520.330078125,2521.68994140625,2519.739990234375,2519.739990234375,0
1789238100000,2519.820068359375,2521.7900390625,2519.800048828125,2521.239990234375,0
1789238400000,2521.080078125,2521.47998046875,2520.360107421875,2520.989990234375,0
1789238700000,2521,2521.679931640625,2520.97998046875,2521.510009765625,51119104
1789239000000,2521.510009765625,2522.840087890625,2521.31005859375,2522.719970703125,0
1789239300000,2522.43994140625,2522.889892578125,2522.0400390625,2522.639892578125,0
1789239600000,2522.469970703125,2523.85009765625,2521.97998046875,2523,0
1789239900000,2522.919921875,2524.080078125,2522.89990234375,2523.830078125,0
1789240200000,2523.679931640625,2524.2099609375,2523.679931640625,2524.199951171875,0
1789240500000,2524.199951171875,2524.7099609375,2523.43994140625,2524.070068359375,0
1789240800000,2524.070068359375,2524.070068359375,2523.429931640625,2523.800048828125,0
1789241100000,2523.830078125,2524.330078125,2523.659912109375,2524.27001953125,0
1789241400000,2524.27001953125,2524.860107421875,2523.7900390625,2523.7900390625,0
1789241700000,2523.820068359375,2524.27001953125,2523.60009765625,2524.260009765625,0
1789242000000,2524.580078125,2525.22998046875,2524.27001953125,2524.60009765625,0
1789242300000,2524.60009765625,2525.22998046875,2524.590087890625,2525.139892578125,0
1789242600000,2525.22998046875,2526,2525.199951171875,2525.5400390625,170789376
1789242900000,2525.590087890625,2526.39990234375,2525.469970703125,2525.469970703125,0
1789243200000,2525.18994140625,2526.080078125,2524.919921875,2525.419921875,0
1789243500000,2525.419921875,2526.3798828125,2525.419921875,2526.340087890625,72327680
1789243800000,2526.409912109375,2526.800048828125,2524.35009765625,2524.35009765625,0
1789244100000,2524.35009765625,2525.110107421875,2524.35009765625,2524.8701171875,0
1789244400000,2524.699951171875,2525.030029296875,2524.580078125,2524.580078125,0
1789244700000,2524.580078125,2526.2099609375,2524.56005859375,2524.909912109375,76234752
1789245000000,2524.89990234375,2525.27001953125,2524.89990234375,2525.22998046875,0
1789245300000,2525.22998046875,2526.18994140625,2525.219970703125,2525.530029296875,0
1789245600000,2525.4599609375,2525.4599609375,2522.75,2523.52001953125,160327168
1789245900000,2523.60009765625,2525.25,2523.570068359375,2523.9599609375,0
1789246200000,2523.860107421875,2525.3798828125,2523.81005859375,2525.090087890625,48738304
1789246500000,2525.050048828125,2525.5,2524.409912109375,2524.419921875,0
1789246800000,2524.419921875,2524.89990234375,2523.52001953125,2523.52001953125,0
1789247100000,2523.39990234375,2524.510009765625,2523.14990234375,2524.5,73671168
1789247400000,2524.510009765625,2525.5,2523.409912109375,2524.340087890625,0
1789247700000,2524.419921875,2525.27001953125,2523,2525.27001953125,110605312
1789248000000,2525.52001953125,2527.18994140625,2525.18994140625,2526.8798828125,0
1789248300000,2526.929931640625,2526.929931640625,2523.669921875,2523.669921875,91220480
1789248600000,2523.929931640625,2523.929931640625,2522.340087890625,2522.340087890625,0
1789248900000,2522.330078125,2525.030029296875,2522.070068359375,2525.030029296875,59174400
1789249200000,2524.610107421875,2525.429931640625,2523.699951171875,2524.830078125,0
1789249500000,2524.840087890625,2526.429931640625,2524.81005859375,2525.889892578125,21186048
1789249800000,2524.929931640625,2525.64990234375,2524.570068359375,2525.419921875,2272256
1789250100000,2525.3701171875,2525.3701171875,2524.179931640625,2525.25,38105600
1789250400000,2525.219970703125,2525.219970703125,2524.2099609375,2524.2099609375,0
1789250700000,2524.219970703125,2524.219970703125,2522.719970703125,2522.719970703125,106333696
1789251000000,2522.090087890625,2522.81005859375,2522.090087890625,2522.39990234375,0
1789251300000,2522.39990234375,2522.659912109375,2522.219970703125,2522.3701171875,0
1789251600000,2522.22998046875,2522.330078125,2521.719970703125,2522.330078125,6949376
1789251900000,2522.330078125,2522.590087890625,2521.02001953125,2521.590087890625,92802560
1789252200000,2521.25,2522.030029296875,2520.9599609375,2521.5,0
1789252500000,2521.5,2522.8798828125,2520.889892578125,2520.889892578125,0
1789252800000,2520.889892578125,2523,2520.530029296875,2522.64990234375,109810688
1789253100000,2522.64990234375,2522.72998046875,2521.93994140625,2522.590087890625,0
1789253400000,2522.60009765625,2522.840087890625,2520.699951171875,2521.6201171875,88412160
1789253700000,2521.6201171875,2521.8798828125,2520.8798828125,2521.090087890625,18665472
1789254000000,2521.090087890625,2522.110107421875,2519.10009765625,2521.4599609375,86462464
1789254300000,2521.4599609375,2521.4599609375,2519.570068359375,2519.800048828125,0
1789254600000,2519.570068359375,2521.070068359375,2519.4599609375,2520.409912109375,97465344
1789254900000,2519.93994140625,2520.3701171875,2519.449951171875,2520.2099609375,2179072
1789255200000,2520.2099609375,2521.050048828125,2520.2099609375,2520.889892578125,0
1789255500000,2520.820068359375,2521.739990234375,2519.93994140625,2520.14990234375,82409472
1789255800000,2520.139892578125,2520.14990234375,2518.60009765625,2519.7900390625,0
1789256100000,2519.780029296875,2520.330078125,2519.43994140625,2519.889892578125,5692928
1789256400000,2519.739990234375,2521.169921875,2519.610107421875,2521.159912109375,9003520
1789256700000,2521.159912109375,2522.080078125,2520.06005859375,2520.080078125,0
1789257000000,2520.080078125,2521.010009765625,2519.18994140625,2520.760009765625,0
1789257300000,2520.719970703125,2521.64990234375,2519.77001953125,2520.169921875,103579136
1789257600000,2520.340087890625,2520.340087890625,2519.8798828125,2520.02001953125,12676096
1789257900000,2519.699951171875,2521.929931640625,2519.669921875,2520.72998046875,0
1789258200000,2520.679931640625,2522.68994140625,2519.8798828125,2520.85009765625,114010624
1789258500000,2520.85009765625,2522.679931640625,2520.85009765625,2522.590087890625,15800320
1789258800000,2522.449951171875,2522.6298828125,2521.1298828125,2522.590087890625,0
1789259100000,2522.590087890625,2522.830078125,2522.219970703125,2522.3798828125,0
1789259400000,2522.360107421875,2522.39990234375,2521.52001953125,2521.699951171875,29976064
1789259700000,2521.699951171875,2521.760009765625,2518.360107421875,2518.530029296875,108658176
1789260000000,2518.56005859375,2519.610107421875,2518.56005859375,2519.239990234375,0
1789260300000,2519.25,2519.580078125,2519.139892578125,2519.139892578125,0
1789260600000,2519.139892578125,2519.6298828125,2519.139892578125,2519.469970703125,0
1789260900000,2519.590087890625,2520.1298828125,2518.989990234375,2519.699951171875,104175616
1789261200000,2519.75,2520.840087890625,2519.659912109375,2520.820068359375,0
1789261500000,2520.89990234375,2521.389892578125,2520.43994140625,2521.06005859375,0
1789261800000,2520.989990234375,2521.639892578125,2520.93994140625,2521.3701171875,0
1789262100000,2521.159912109375,2521.639892578125,2521.110107421875,2521.580078125,0
1789262400000,2521.580078125,2521.840087890625,2521.449951171875,2521.669921875,0
1789262700000,2521.639892578125,2522.360107421875,2520.409912109375,2522,191886848
1789263000000,2521.949951171875,2522.81005859375,2521.93994140625,2522.81005859375,0
1789263300000,2522.800048828125,2523.159912109375,2522.419921875,2522.669921875,0
1789263600000,2522.659912109375,2523.239990234375,2522.5,2522.5400390625,0
1789263900000,2522.5400390625,2523.239990234375,2522.5400390625,2522.81005859375,18135040
1789264200000,2522.81005859375,2523.280029296875,2522.419921875,2522.43994140625,45588480
1789264500000,2522.43994140625,2522.56005859375,2521.969970703125,2522.14990234375,8355840
1789264800000,2522.14990234375,2522.14990234375,2521.739990234375,2521.85009765625,0
1789265100000,2521.929931640625,2522.27001953125,2521.739990234375,2521.739990234375,0
1789265400000,2521.719970703125,2522.14990234375,2521.530029296875,2521.860107421875,0
1789265700000,2521.830078125,2521.830078125,2520.9599609375,2521.60009765625,8439296
1789266000000,2521.60009765625,2521.949951171875,2520.409912109375,2521.169921875,0
1789266300000,2521.1298828125,2521.219970703125,2520.830078125,2521.2099609375,8673280
1789266600000,2521.280029296875,2521.340087890625,2520.3798828125,2520.530029296875,5405184
1789266900000,2520.52001953125,2520.530029296875,2519.72998046875,2519.739990234375,0
1789267200000,2519.39990234375,2519.39990234375,2518.1201171875,2519.0400390625,91845120
1789267500000,2519.010009765625,2519.010009765625,2515.35009765625,2516.06005859375,0
1789267800000,2516.070068359375,2516.31005859375,2511.409912109375,2511.610107421875,0
1789268100000,2510.469970703125,2512.570068359375,2509.199951171875,2512.3701171875,0
1789268400000,2511.610107421875,2513.60009765625,2511.080078125,2512.89990234375,49840640
1789268700000,2512.89990234375,2515.3701171875,2512.449951171875,2515.3701171875,0
1789269000000,2514.610107421875,2514.6201171875,2513.669921875,2514.25,0
1789269300000,2514.070068359375,2514.949951171875,2513.530029296875,2513.969970703125,0
1789269600000,2513.93994140625,2514.860107421875,2513.929931640625,2514.409912109375,19236352
1789269900000,2514.340087890625,2514.840087890625,2513.110107421875,2514.830078125,3409920
1789270200000,2514.330078125,2515.909912109375,2513.81005859375,2515.909912109375,0
1789270500000,2515.260009765625,2515.909912109375,2513.5400390625,2515.699951171875,20362752
1789270800000,2515.75,2519.27001953125,2515.75,2518.9599609375,27660288
1789271100000,2518.949951171875,2519.39990234375,2517.659912109375,2519.25,0
1789271400000,2518.989990234375,2519.139892578125,2517.239990234375,2517.77001953125,72765952
1789271700000,2517.760009765625,2517.77001953125,2516.090087890625,2517.02001953125,15026176
1789272000000,2516.760009765625,2518.719970703125,2515.929931640625,2518.10009765625,0
1789272300000,2517.97998046875,2517.97998046875,2516.39990234375,2516.47998046875,90274816
1789272600000,2516.360107421875,2516.360107421875,2512,2514.590087890625,0
1789272900000,2514.5400390625,2514.5400390625,2509.47998046875,2510.760009765625,0
1789273200000,2510.9599609375,2512.090087890625,2510.489990234375,2510.610107421875,0
1789273500000,2510.570068359375,2510.77001953125,2509.570068359375,2509.639892578125,29527552
1789273800000,2508.360107421875,2508.989990234375,2497.27001953125,2499.239990234375,0
1789274100000,2499.110107421875,2500.719970703125,2489.739990234375,2489.739990234375,292474368
1789274400000,2488.639892578125,2495.590087890625,2487.760009765625,2492.02001953125,31537152
1789274700000,2493.5400390625,2495.68994140625,2491.280029296875,2495.199951171875,285896704
1789275000000,2495.510009765625,2495.669921875,2493.22998046875,2494.139892578125,35312128
1789275300000,2494.10009765625,2494.6201171875,2491.340087890625,2493.52001953125,0
1789275600000,2493.35009765625,2495.679931640625,2493.35009765625,2495.409912109375,0
1789275900000,2495.6201171875,2496.75,2494.449951171875,2494.580078125,0
1789276200000,2494.2099609375,2494.360107421875,2492.090087890625,2492.090087890625,0
1789276500000,2492.050048828125,2492.949951171875,2489.070068359375,2491.9599609375,90459648
1789276800000,2491.610107421875,2493.6298828125,2478.989990234375,2478.989990234375,29540864
1789277100000,2480.110107421875,2484.919921875,2475.14990234375,2481.010009765625,98640896
1789277400000,2481.64990234375,2482.77001953125,2469.639892578125,2473.7099609375,65351168
1789277700000,2473.39990234375,2484.02001953125,2473.39990234375,2479.300048828125,164271616
1789278000000,2479.22998046875,2481.419921875,2477.929931640625,2479.800048828125,63625216
1789278300000,2479.5,2483.159912109375,2478.7900390625,2483.010009765625,0
1789278600000,2483.080078125,2483.1201171875,2481.14990234375,2483.010009765625,0
1789278900000,2483.010009765625,2484.320068359375,2482,2484.27001953125,28562944
1789279200000,2484.2099609375,2484.949951171875,2483.179931640625,2483.679931640625,41871872
1789279500000,2483.610107421875,2485.070068359375,2482.68994140625,2484.4599609375,10417664
1789279800000,2483.97998046875,2484.139892578125,2481.949951171875,2482.5400390625,0
1789280100000,2482.679931640625,2483.31005859375,2479.5,2480.0400390625,11745280
1789280400000,2480.070068359375,2480.610107421875,2479.52001953125,2479.929931640625,9418240
1789280700000,2479.93994140625,2479.949951171875,2479.14990234375,2479.389892578125,0
1789281000000,2479.39990234375,2482.780029296875,2479.14990234375,2482.510009765625,73903616
1789281300000,2482.4599609375,2482.64990234375,2479.56005859375,2480.300048828125,0
1789281600000,2480.219970703125,2480.219970703125,2472.909912109375,2474.47998046875,0
1789281900000,2474.97998046875,2478.179931640625,2474.97998046875,2477.840087890625,76988416
1789282200000,2477.360107421875,2477.510009765625,2474.2900390625,2475.14990234375,13664768
1789282500000,2475.0400390625,2475.9599609375,2470.070068359375,2471.030029296875,0
1789282800000,2471.3798828125,2476.889892578125,2469.60009765625,2476.889892578125,171300352
1789283100000,2476.31005859375,2476.39990234375,2471.659912109375,2471.800048828125,90893312
1789283400000,2471.760009765625,2473.219970703125,2469,2469,0
1789283700000,2469.5,2473.719970703125,2469.5,2472.090087890625,164396544
1789284000000,2472.159912109375,2475.360107421875,2471.10009765625,2474.510009765625,61093888
1789284300000,2474.64990234375,2475.050048828125,2473.719970703125,2474.3798828125,129024
1789284600000,2474.35009765625,2476.320068359375,2472.89990234375,2476.159912109375,0
1789284900000,2476.139892578125,2478.1201171875,2476.139892578125,2477.580078125,50795520
1789285200000,2477.510009765625,2479.550048828125,2477.510009765625,2479.550048828125,0
1789285500000,2479.590087890625,2481.02001953125,2478.25,2480.179931640625,221737984
1789285800000,2481.260009765625,2481.56005859375,2478.909912109375,2479.580078125,0
1789286100000,2479.570068359375,2480.7900390625,2479.25,2480.7900390625,22039552
1789286400000,2480.449951171875,2480.449951171875,2478.409912109375,2478.60009765625,99939328
1789286700000,2478.469970703125,2479.75,2478.1201171875,2478.139892578125,0
1789287000000,2478.780029296875,2481.320068359375,2478.7099609375,2480.820068359375,88076288
1789287300000,2480.8798828125,2482.64990234375,2480.8798828125,2482.260009765625,4322304
1789287600000,2481.639892578125,2482.3798828125,2480.780029296875,2481.239990234375,14154752
1789287900000,2480.830078125,2481.3798828125,2479.840087890625,2479.840087890625,0
1789288200000,2480.219970703125,2481.780029296875,2476.81005859375,2478,7719936
1789288500000,2478.300048828125,2478.300048828125,2475.030029296875,2476.929931640625,0
1789288800000,2477.169921875,2477.169921875,2474.5,2475.550048828125,160839680
1789289100000,2475.300048828125,2476.2099609375,2474.639892578125,2475.090087890625,80575488
1789289400000,2475,2477.780029296875,2474.820068359375,2476.840087890625,0
1789289700000,2476.8798828125,2477.60009765625,2476.419921875,2476.590087890625,99488768
1789290000000,2476.330078125,2476.43994140625,2474,2474,0
1789290300000,2473.449951171875,2475.449951171875,2472.340087890625,2475.449951171875,0
1789290600000,2475.449951171875,2477,2475.169921875,2476.580078125,106230784
1789290900000,2476.010009765625,2476.5400390625,2472.080078125,2472.080078125,0
1789291200000,2472.320068359375,2472.89990234375,2467.199951171875,2469.360107421875,0
1789291500000,2467.77001953125,2468.43994140625,2462.31005859375,2466.39990234375,69847552
1789291800000,2466.840087890625,2471.1298828125,2466.389892578125,2470.22998046875,52706304
1789292100000,2470.360107421875,2473.2099609375,2470.360107421875,2472.85009765625,61791232
1789292400000,2472.739990234375,2475.8701171875,2472.31005859375,2475.219970703125,0
1789292700000,2475.780029296875,2479.39990234375,2475.780029296875,2479.39990234375,0
1789293000000,2479.22998046875,2480.8701171875,2477.469970703125,2477.60009765625,0
1789293300000,2477.719970703125,2478.3701171875,2477.39990234375,2478.3701171875,83938304
1789293600000,2478.530029296875,2479.9599609375,2478.02001953125,2479.550048828125,0
1789293900000,2479.47998046875,2484.06005859375,2479.47998046875,2483.419921875,0
1789294200000,2483.570068359375,2484.2099609375,2482.199951171875,2484.2099609375,88123392
1789294500000,2484.300048828125,2488.800048828125,2484.090087890625,2486.9599609375,0
1789294800000,2487.199951171875,2490.81005859375,2487.110107421875,2490.81005859375,123160064
1789295100000,2490.81005859375,2491.06005859375,2488.9599609375,2489.8798828125,0
1789295400000,2490.39990234375,2491.02001953125,2488.360107421875,2489.080078125,1701888
1789295700000,2489.0400390625,2494.18994140625,2488.830078125,2490.300048828125,40065024
1789296000000,2490.199951171875,2493.60009765625,2488.909912109375,2491.820068359375,52296704
1789296300000,2492.52001953125,2494.530029296875,2490.85009765625,2490.85009765625,0
1789296600000,2490.8798828125,2491.64990234375,2489.199951171875,2491.64990234375,8982528
1789296900000,2491.2099609375,2492.300048828125,2489.699951171875,2491.929931640625,0
1789297200000,2491.820068359375,2492.0400390625,2486.179931640625,2486.449951171875,0
1789297500000,2486.43994140625,2488.639892578125,2484.52001953125,2487.39990234375,0
1789297800000,2487.5400390625,2487.570068359375,2486.3701171875,2486.93994140625,98329600
1789298100000,2486.840087890625,2486.919921875,2482.570068359375,2484.25,162885632
1789298400000,2484.52001953125,2490.409912109375,2484.52001953125,2489.739990234375,78746624
1789298700000,2488.81005859375,2488.81005859375,2485.580078125,2486.260009765625,164766720
1789299000000,2486.9599609375,2489.639892578125,2486.580078125,2489.639892578125,38524928
1789299300000,2489.659912109375,2489.659912109375,2487.2099609375,2487.39990234375,183785472
1789299600000,2487,2490.409912109375,2486.780029296875,2489.60009765625,75600896
1789299900000,2489.6298828125,2490.280029296875,2488.679931640625,2490.1298828125,0
1789300200000,2490.010009765625,2490.590087890625,2488.6201171875,2490.590087890625,46457856
1789300500000,2490.760009765625,2490.7900390625,2489.1201171875,2490.18994140625,42196992
1789300800000,2489.760009765625,2495.06005859375,2489.760009765625,2493.35009765625,87490560
1789301100000,2493.090087890625,2499.080078125,2492.570068359375,2497.820068359375,46730240
1789301400000,2497.469970703125,2503.429931640625,2496.280029296875,2500.239990234375,72103936
1789301700000,2500.239990234375,2500.239990234375,2497.81005859375,2499.97998046875,128203776
1789302000000,2499.97998046875,2501.5400390625,2499.340087890625,2501.5400390625,171231232
1789302300000,2501.3798828125,2503.22998046875,2500.969970703125,2502.31005859375,164016128
1789302600000,2502.239990234375,2503.330078125,2500.159912109375,2500.219970703125,88587264
1789302900000,2500.0400390625,2502.47998046875,2499.72998046875,2501.75,66807808
1789303200000,2501.8798828125,2504.22998046875,2501.840087890625,2503.43994140625,69240832
1789303500000,2503.39990234375,2504.510009765625,2501.56005859375,2502.4599609375,107549696
1789303800000,2502.47998046875,2504.85009765625,2502.449951171875,2504.77001953125,33297408
1789304100000,2504.860107421875,2505.47998046875,2503.81005859375,2504.02001953125,122450944
1789304400000,2504.2099609375,2506.2099609375,2503.699951171875,2506,96529408
1789304700000,2505.93994140625,2508.199951171875,2505.719970703125,2506.639892578125,61819904
1789305000000,2506.919921875,2512.239990234375,2506.919921875,2508.969970703125,92111872
1789305300000,2508.97998046875,2510.330078125,2507.699951171875,2508.06005859375,125635584
1789305600000,2508.050048828125,2508.06005859375,2504.97998046875,2504.97998046875,86727680
1789305900000,2504.97998046875,2505.10009765625,2504.409912109375,2504.699951171875,62016512
1789306200000,2504.840087890625,2504.909912109375,2502.1201171875,2502.580078125,8842240
1789306500000,2503.239990234375,2504.590087890625,2502.14990234375,2504.169921875,61735936
1789306800000,2504.300048828125,2504.35009765625,2502.669921875,2503.14990234375,62059520
1789307100000,2503.47998046875,2504.530029296875,2503.0400390625,2504.389892578125,85405696
1789307400000,2503.860107421875,2504.909912109375,2503.68994140625,2504.070068359375,61194240
1789307700000,2504.0400390625,2504.909912109375,2503.639892578125,2504.10009765625,108645376
1789308000000,2504.2900390625,2504.919921875,2503.820068359375,2504.360107421875,31475712
1789308300000,2504.409912109375,2504.919921875,2503.6298828125,2504.56005859375,22221824
1789308600000,2504.89990234375,2505.3798828125,2503.840087890625,2505.3701171875,31591424
1789308900000,2505.360107421875,2507.330078125,2504.719970703125,2505.75,3264512
1789309200000,2505.75,2507.360107421875,2505.610107421875,2507.360107421875,58579968
1789309500000,2507.360107421875,2507.3701171875,2505.47998046875,2505.6298828125,50585600
1789309800000,2505.6298828125,2507.3701171875,2505.550048828125,2507.360107421875,111730688
1789310100000,2507.3701171875,2508.06005859375,2507.330078125,2508.050048828125,59133952
1789310400000,2507.949951171875,2508.06005859375,2506.89990234375,2507.780029296875,3161088
1789310700000,2507.89990234375,2508.06005859375,2507.43994140625,2507.929931640625,154775552
1789311000000,2508.06005859375,2508.159912109375,2508.050048828125,2508.159912109375,0
1789311169000,2508,2508,2508,2508,0
1789311300000,2508.60009765625,2508.60009765625,2507.409912109375,2508.0400390625,11716608
1789311483000,2508.590087890625,2508.590087890625,2508.590087890625,2508.590087890625,0
1789311600000,2508.610107421875,2511.010009765625,2508.5400390625,2510.5,0
1789311795000,2510.43994140625,2510.43994140625,2510.43994140625,2510.43994140625,0
1789311900000,2510.199951171875,2514.2900390625,2509.919921875,2513.679931640625,17716224
1789312111000,2512.8701171875,2512.8701171875,2512.8701171875,2512.8701171875,0
1789312200000,2509.60009765625,2510.429931640625,2509.199951171875,2509.419921875,11529216
1789312427000,2509.199951171875,2509.199951171875,2509.199951171875,2509.199951171875,0
1789312500000,2507.97998046875,2509.85009765625,2507.7099609375,2507.85009765625,53858304
1789312745000,2507.610107421875,2507.610107421875,2507.610107421875,2507.610107421875,0
1789312800000,2506.699951171875,2507,2505.590087890625,2506.780029296875,50086912
1789313060000,2506.5400390625,2506.5400390625,2506.5400390625,2506.5400390625,0
1789313100000,2506.639892578125,2507.31005859375,2506.5400390625,2507.31005859375,25350144
1789313354000,2507.199951171875,2507.199951171875,2507.199951171875,2507.199951171875,0
1789313400000,2506.929931640625,2507.070068359375,2503.169921875,2503.18994140625,1501184
1789313683000,2504.2900390625,2504.2900390625,2504.2900390625,2504.2900390625,0
1789313700000,2503.169921875,2503.840087890625,2502.610107421875,2503.56005859375,351232
1789313925000,2503.860107421875,2503.860107421875,2503.860107421875,2503.860107421875,0
1789314000000,2504.030029296875,2504.840087890625,2503.820068359375,2504.4599609375,19980288
1789314300000,2504.330078125,2505.18994140625,2504.10009765625,2504.18994140625,0
1789314600000,2504.409912109375,2504.949951171875,2503.02001953125,2504.6298828125,40329216
1789314900000,2504.669921875,2505.340087890625,2504.43994140625,2505.219970703125,0
1789315200000,2506.030029296875,2506.610107421875,2505.22998046875,2505.699951171875,0
1789315500000,2505.81005859375,2506.419921875,2505.300048828125,2506.300048828125,0
1789315800000,2506.389892578125,2506.800048828125,2505.639892578125,2506.800048828125,0
1789316100000,2506.800048828125,2507.2900390625,2506.530029296875,2507.2900390625,28876800
1789316400000,2507.330078125,2508.5400390625,2506.6298828125,2508.2900390625,0
1789316700000,2508.300048828125,2509.570068359375,2508.300048828125,2509.070068359375,0
1789317000000,2509.389892578125,2511.260009765625,2509.18994140625,2511.090087890625,270649344
1789317300000,2511.35009765625,2511.35009765625,2507.919921875,2508.580078125,0
1789317600000,2508.580078125,2510.699951171875,2508.050048828125,2510.699951171875,239458304
1789317900000,2510.699951171875,2514.25,2510.320068359375,2512.550048828125,67350528
1789318200000,2512.8798828125,2513.570068359375,2512.219970703125,2513.570068359375,0
1789318500000,2513.989990234375,2513.989990234375,2511.469970703125,2511.93994140625,0
1789318800000,2512.070068359375,2512.949951171875,2510.9599609375,2510.9599609375,51855360
1789319100000,2510.860107421875,2513.1298828125,2510.7099609375,2513.070068359375,0
1789319400000,2513.18994140625,2514.68994140625,2513.18994140625,2513.570068359375,97136640
1789319700000,2513.6201171875,2516.030029296875,2513.35009765625,2514.02001953125,0
1789320000000,2514.27001953125,2514.860107421875,2513.409912109375,2514.010009765625,41281536
1789320300000,2514.1298828125,2514.179931640625,2512.510009765625,2512.52001953125,6233088
1789320600000,2512.510009765625,2512.72998046875,2511.080078125,2511.080078125,44687360
1789320900000,2510.669921875,2511.159912109375,2509.679931640625,2510,4295680
1789321200000,2510.8798828125,2512.18994140625,2510.010009765625,2511.199951171875,0
1789321500000,2511.219970703125,2511.35009765625,2508.820068359375,2509.360107421875,66102272
1789321800000,2509.35009765625,2509.5,2508.340087890625,2508.580078125,0
1789322100000,2508.489990234375,2508.699951171875,2507.6201171875,2507.820068359375,0
1789322400000,2506.06005859375,2506.06005859375,2494.800048828125,2495.449951171875,49509376
1789322700000,2495.550048828125,2497,2488,2489.5,0
1789323000000,2491.39990234375,2492.340087890625,2486.659912109375,2486.699951171875,52421632
1789323300000,2486.919921875,2486.919921875,2476.7900390625,2481.340087890625,116281344
1789323600000,2480.97998046875,2481.820068359375,2476.989990234375,2477.639892578125,544768
1789323900000,2478.6201171875,2480.840087890625,2474.2099609375,2480.4599609375,0
1789324200000,2480.43994140625,2482.449951171875,2475.320068359375,2480.419921875,27737088
1789324500000,2479.800048828125,2481.199951171875,2476.52001953125,2478.02001953125,73544704
1789324800000,2477.72998046875,2477.72998046875,2472.659912109375,2473.300048828125,126320640
1789325100000,2473.830078125,2478.60009765625,2473.830078125,2477.10009765625,0
1789325400000,2477,2479.590087890625,2476.010009765625,2476.919921875,25825280
1789325700000,2477.239990234375,2477.239990234375,2471.35009765625,2474.570068359375,55133184
1789326000000,2475.409912109375,2478.60009765625,2473.800048828125,2477.320068359375,11646976
1789326300000,2478.360107421875,2478.360107421875,2475.1201171875,2475.7099609375,0
1789326600000,2476.93994140625,2477.389892578125,2472.77001953125,2473.820068359375,101362688
1789326900000,2474.320068359375,2475.1298828125,2469.580078125,2471.030029296875,0
1789327200000,2470.60009765625,2476.199951171875,2470.60009765625,2476.179931640625,40292352
1789327500000,2476.219970703125,2476.60009765625,2473.139892578125,2473.929931640625,85676032
1789327800000,2473.969970703125,2480,2473.68994140625,2478.239990234375,6044672
1789328100000,2477.679931640625,2478.580078125,2474.280029296875,2474.280029296875,0
1789328400000,2474.47998046875,2477.6298828125,2474.199951171875,2475.97998046875,49995776
1789328700000,2475.340087890625,2477.199951171875,2474.320068359375,2475.699951171875,14804992
1789329000000,2476.06005859375,2476.4599609375,2474.300048828125,2475.919921875,122641408
1789329300000,2475.81005859375,2477.27001953125,2473.010009765625,2475.8798828125,45750272
1789329600000,2476.389892578125,2477.669921875,2475.010009765625,2476.179931640625,37473280
1789329900000,2476.419921875,2489.050048828125,2476.419921875,2484.419921875,28362752
1789330200000,2484.010009765625,2485.610107421875,2480.7099609375,2484.5,20852736
1789330500000,2485.02001953125,2486.10009765625,2481.830078125,2485.179931640625,23976960
1789330800000,2483.989990234375,2483.989990234375,2476.199951171875,2477.56005859375,33495040
1789331100000,2477.139892578125,2477.3798828125,2465.449951171875,2468.570068359375,0
1789331400000,2467.75,2484.5400390625,2467.5,2479.949951171875,107820032
1789331700000,2479,2482.35009765625,2478.320068359375,2479.889892578125,11617280
1789332000000,2480.02001953125,2482.530029296875,2479.780029296875,2481.429931640625,136780800
1789332300000,2482,2485.27001953125,2481.18994140625,2481.18994140625,49803264
1789332600000,2481.3701171875,2484.550048828125,2481.159912109375,2484.3701171875,48650240
1789332900000,2484.669921875,2485.070068359375,2483.06005859375,2483.1298828125,0
1789333200000,2482.199951171875,2485.409912109375,2482.199951171875,2482.52001953125,0
1789333500000,2482,2484.75,2479.2099609375,2484.75,42318848
1789333800000,2484.699951171875,2486.550048828125,2479.550048828125,2481.050048828125,0
1789334100000,2480.64990234375,2480.64990234375,2475.31005859375,2476.010009765625,76566528
1789334400000,2475.7099609375,2481.389892578125,2475.7099609375,2480.489990234375,0
1789334700000,2480.050048828125,2485.5400390625,2479.5,2482.56005859375,52333568
1789335000000,2482.14990234375,2482.760009765625,2472.969970703125,2472.969970703125,0
1789335300000,2472.81005859375,2481.820068359375,2472.080078125,2481.820068359375,44849152
1789335600000,2481.10009765625,2485.010009765625,2479.7099609375,2480.25,0
1789335900000,2479.909912109375,2483.739990234375,2478.6201171875,2482.5400390625,30376960
1789336200000,2482.7900390625,2487.510009765625,2480.8701171875,2487.510009765625,39111680
1789336500000,2487.89990234375,2494.139892578125,2486.919921875,2492.199951171875,22465536
1789336800000,2491.6201171875,2492.2900390625,2489.7099609375,2490.179931640625,0
1789337100000,2490.179931640625,2498.080078125,2489.409912109375,2498.080078125,24470528
1789337400000,2497.840087890625,2504.699951171875,2496.800048828125,2503.0400390625,0
1789337700000,2503.070068359375,2503.070068359375,2498.199951171875,2499.280029296875,140477440
1789338000000,2499.2900390625,2504.39990234375,2498.27001953125,2504.39990234375,67060736
1789338300000,2505.169921875,2510.199951171875,2503.449951171875,2504.27001953125,34413568
1789338600000,2504.800048828125,2508.60009765625,2503.93994140625,2504.60009765625,44241920
1789338900000,2504.8798828125,2504.8798828125,2499.300048828125,2500.6298828125,61181952
1789339200000,2501.090087890625,2503.719970703125,2499.43994140625,2502.7099609375,0
1789339500000,2503.320068359375,2510.199951171875,2503.27001953125,2507.85009765625,8721408
1789339800000,2507.820068359375,2512.6298828125,2507.39990234375,2511.4599609375,129358848
1789340100000,2510.14990234375,2511.860107421875,2508.610107421875,2510.31005859375,0
1789340400000,2510.31005859375,2513.699951171875,2509.820068359375,2510.719970703125,219053056
1789340700000,2510.60009765625,2518.56005859375,2510.39990234375,2517.93994140625,5823488
1789341000000,2517.699951171875,2518.949951171875,2515.800048828125,2517.10009765625,0
1789341300000,2517.969970703125,2518.340087890625,2514.300048828125,2515.159912109375,43998208
1789341600000,2516.3701171875,2518.139892578125,2515,2515.7099609375,133269504
1789341900000,2515.070068359375,2517.56005859375,2515,2515.2099609375,53152768
1789342200000,2514.97998046875,2514.97998046875,2510.320068359375,2510.840087890625,0
1789342500000,2510.56005859375,2513.389892578125,2508.830078125,2509.280029296875,0
1789342800000,2509.179931640625,2509.179931640625,2506,2507.889892578125,0
1789343100000,2508.60009765625,2510.2900390625,2508.60009765625,2510.0400390625,55812096
1789343400000,2509.8701171875,2511.429931640625,2508.110107421875,2511.419921875,109974528
1789343700000,2511.300048828125,2511.760009765625,2509.580078125,2511.760009765625,0
1789344000000,2512,2512.989990234375,2510.409912109375,2511.02001953125,1448960
1789344300000,2511.080078125,2513.989990234375,2510.75,2512.7900390625,1183744
1789344600000,2512.949951171875,2513.3798828125,2510.179931640625,2510.8701171875,7173120
1789344900000,2510.800048828125,2512.080078125,2510.1298828125,2510.6298828125,1566720
1789345200000,2511.590087890625,2517,2511.590087890625,2515.0400390625,0
1789345500000,2515.610107421875,2515.8701171875,2512.97998046875,2512.97998046875,1979392
1789345800000,2512.969970703125,2514.35009765625,2510.39990234375,2513.449951171875,25988096
1789346100000,2513.6201171875,2514.4599609375,2512.81005859375,2514.3798828125,80012288
1789346400000,2514.3798828125,2516.18994140625,2514.3798828125,2514.719970703125,6692864
1789346700000,2514.929931640625,2517.050048828125,2514.169921875,2515.510009765625,0
1789347000000,2515.5,2516.050048828125,2513.3701171875,2513.739990234375,114194432
1789347300000,2513.72998046875,2514.2900390625,2511.699951171875,2513.85009765625,2001920
1789347600000,2513.860107421875,2514.739990234375,2511.7099609375,2512.659912109375,0
1789347900000,2512.64990234375,2514.18994140625,2511.219970703125,2511.219970703125,0
1789348200000,2511.18994140625,2514.169921875,2510.27001953125,2513.93994140625,23838720
1789348500000,2514.010009765625,2514.159912109375,2510.739990234375,2511.97998046875,0
1789348800000,2511.93994140625,2512.18994140625,2510.320068359375,2510.39990234375,30590976
1789349100000,2510.64990234375,2510.64990234375,2509.75,2510.25,23644160
1789349400000,2510.239990234375,2511,2509.360107421875,2509.409912109375,0
1789349700000,2509.5400390625,2514.60009765625,2509.429931640625,2514.239990234375,0
1789350000000,2514.300048828125,2514.669921875,2511.419921875,2513.360107421875,13999104
1789350300000,2513.5400390625,2514.030029296875,2510.699951171875,2510.699951171875,2176000
1789350600000,2510.679931640625,2512.3701171875,2509.77001953125,2512.3701171875,74563584
1789350900000,2512.739990234375,2515.489990234375,2512.72998046875,2515.489990234375,26979328
1789351200000,2515.699951171875,2520.840087890625,2514.300048828125,2520.840087890625,0
1789351500000,2520.300048828125,2525.830078125,2520.300048828125,2521.860107421875,0
1789351800000,2521.840087890625,2525.989990234375,2520.889892578125,2522.02001953125,205696000
1789352100000,2521.550048828125,2522.8798828125,2520.260009765625,2520.550048828125,68666368
1789352400000,2520.3701171875,2520.7099609375,2517.10009765625,2517.52001953125,0
1789352700000,2517.610107421875,2517.659912109375,2513.739990234375,2513.739990234375,27977728
1789353000000,2513.080078125,2513.97998046875,2507.070068359375,2511.280029296875,11383808
1789353300000,2511.580078125,2513.429931640625,2511.090087890625,2513.27001953125,19152896
1789353600000,2513.27001953125,2520.969970703125,2513.27001953125,2519.699951171875,39421952
1789353900000,2519.68994140625,2520.050048828125,2516.300048828125,2516.679931640625,49298432
1789354200000,2517.010009765625,2517.010009765625,2514.389892578125,2515.10009765625,8214528
1789354500000,2515.110107421875,2515.7099609375,2513.31005859375,2513.3701171875,0
1789354800000,2513.31005859375,2516.389892578125,2510.22998046875,2516.389892578125,0
1789355100000,2516.610107421875,2517.860107421875,2515.60009765625,2517.25,0
1789355400000,2517.030029296875,2518.27001953125,2516.179931640625,2518.27001953125,140493824
1789355700000,2518.260009765625,2522.179931640625,2517.669921875,2520.919921875,36836352
1789356000000,2520.580078125,2520.8798828125,2519.510009765625,2520.010009765625,35122176
1789356300000,2520.3701171875,2520.590087890625,2518.97998046875,2519.010009765625,34174976
1789356600000,2519.010009765625,2519.010009765625,2517.3701171875,2517.669921875,14213120
1789356900000,2517.669921875,2520.43994140625,2517.669921875,2520.110107421875,0
1789357200000,2519.929931640625,2524.7099609375,2519.929931640625,2523.989990234375,0
1789357500000,2524.219970703125,2524.219970703125,2520.659912109375,2521.5,25741312
1789357800000,2521.669921875,2521.669921875,2519.10009765625,2519.889892578125,21681152
1789358100000,2519.7900390625,2521.77001953125,2519.6201171875,2521.75,43708416
1789358400000,2522.239990234375,2522.239990234375,2515.68994140625,2515.68994140625,4322304
1789358700000,2515.679931640625,2521.5,2515.179931640625,2521.5,0
1789359000000,2521.409912109375,2526.60009765625,2520.300048828125,2520.530029296875,29193216
1789359300000,2520.489990234375,2521.06005859375,2517.7099609375,2519.39990234375,11773952
1789359600000,2519.409912109375,2525.52001953125,2519.409912109375,2525.52001953125,217886720
1789359900000,2530.050048828125,2530.89990234375,2520.530029296875,2520.530029296875,0
1789360200000,2520.0400390625,2522.719970703125,2518.60009765625,2519.010009765625,66195456
1789360500000,2519.159912109375,2521.60009765625,2518.860107421875,2521.199951171875,0
1789360800000,2522.10009765625,2523.610107421875,2520.489990234375,2520.739990234375,0
1789361100000,2520.580078125,2520.97998046875,2515.719970703125,2516.5400390625,0
1789361400000,2517,2517.5,2514.969970703125,2515.10009765625,0
1789361700000,2515.219970703125,2517.5400390625,2515.219970703125,2517.5,0
1789362000000,2517.449951171875,2519.1298828125,2516.27001953125,2517.469970703125,0
1789362300000,2517.5,2518.300048828125,2513.93994140625,2517.360107421875,67523584
1789362600000,2517.3798828125,2518.6298828125,2513.300048828125,2513.580078125,0
1789362900000,2513.699951171875,2514.590087890625,2510.800048828125,2513.06005859375,61332480
1789363200000,2513.030029296875,2514.97998046875,2510.360107421875,2511.389892578125,0
1789363500000,2511.300048828125,2518.199951171875,2510.159912109375,2518.050048828125,0
1789363800000,2518.43994140625,2524.02001953125,2518.360107421875,2520.409912109375,0
1789364100000,2520.610107421875,2520.85009765625,2517.909912109375,2518.52001953125,0
1789364400000,2518.35009765625,2522.77001953125,2517.929931640625,2520.929931640625,0
1789364700000,2520.929931640625,2525.159912109375,2520.800048828125,2525.159912109375,1130496
1789365000000,2524.47998046875,2533.39990234375,2524.47998046875,2529.8798828125,0
1789365300000,2530.5,2530.639892578125,2521.429931640625,2522.909912109375,187441152
1789365600000,2523.52001953125,2524.550048828125,2519.699951171875,2523.10009765625,41992192
1789365900000,2523.719970703125,2523.719970703125,2519.090087890625,2519.199951171875,33668096
1789366200000,2518.820068359375,2520.18994140625,2517.97998046875,2518.75,0
1789366500000,2518.889892578125,2519.699951171875,2515.56005859375,2516.699951171875,120047616
1789366800000,2516.320068359375,2518.1298828125,2515.89990234375,2516.22998046875,32680960
1789367100000,2516.18994140625,2516.39990234375,2515.14990234375,2515.5400390625,0
1789367400000,2515.9599609375,2516.25,2514.659912109375,2514.800048828125,33667072
1789367700000,2514.659912109375,2517.030029296875,2514.659912109375,2514.9599609375,31885312
1789368000000,2514.989990234375,2516.93994140625,2514.6201171875,2515.919921875,0
1789368300000,2516.39990234375,2517.800048828125,2516.179931640625,2517.60009765625,15342592
1789368600000,2517.60009765625,2518.030029296875,2513.080078125,2513.5400390625,36569088
1789368900000,2513.72998046875,2514.60009765625,2511.949951171875,2512,0
1789369200000,2512.169921875,2513.429931640625,2508,2510.699951171875,36146176
1789369500000,2511.2099609375,2511.25,2506.510009765625,2510.1201171875,1276928
1789369800000,2510.760009765625,2512.639892578125,2510.199951171875,2510.7099609375,119671808
1789370100000,2511.050048828125,2511.85009765625,2510.659912109375,2511.260009765625,0
1789370400000,2511.159912109375,2513.7900390625,2511.159912109375,2513.7900390625,0
1789370700000,2514.260009765625,2515.02001953125,2513.030029296875,2514.320068359375,0
1789371000000,2514.0400390625,2515.550048828125,2510.280029296875,2510.330078125,0
1789371300000,2510.64990234375,2513.530029296875,2509.639892578125,2511.699951171875,60033024
1789371600000,2511.639892578125,2513.179931640625,2511.25,2511.56005859375,2818048
1789371900000,2511.4599609375,2511.52001953125,2510.300048828125,2510.860107421875,28100608
1789372200000,2510.8701171875,2510.8701171875,2505.10009765625,2506.169921875,0
1789372500000,2506.080078125,2508.179931640625,2506.080078125,2508.06005859375,74754048
1789372800000,2507.8701171875,2509.47998046875,2505.409912109375,2507.93994140625,3103744
1789373100000,2508.2099609375,2510.860107421875,2508.0400390625,2509.669921875,10001408
1789373400000,2509.75,2511.2099609375,2509.31005859375,2510.97998046875,0
1789373543000,2511.030029296875,2511.030029296875,2511.030029296875,2511.030029296875,0
1789373700000,2510.830078125,2512.47998046875,2510.639892578125,2511.31005859375,0
1789373859000,2512.8798828125,2512.8798828125,2512.8798828125,2512.8798828125,0
1789374000000,2513.330078125,2513.699951171875,2510.320068359375,2511.31005859375,0
1789374175000,2513.010009765625,2513.010009765625,2513.010009765625,2513.010009765625,0
1789374300000,2513.949951171875,2513.949951171875,2510.830078125,2511.35009765625,0
1789374488000,2511.81005859375,2511.81005859375,2511.81005859375,2511.81005859375,0
1789374600000,2514.590087890625,2516.679931640625,2513.409912109375,2516.679931640625,2647040
1789374806000,2516.1201171875,2516.1201171875,2516.1201171875,2516.1201171875,0
1789374900000,2514.31005859375,2514.60009765625,2504.989990234375,2506.5,5707776
1789375122000,2508.969970703125,2508.969970703125,2508.969970703125,2508.969970703125,0
1789375200000,2510.72998046875,2510.72998046875,2506.3798828125,2509.800048828125,50749440
1789375432000,2512.889892578125,2512.889892578125,2512.889892578125,2512.889892578125,0
1789375500000,2510.85009765625,2512.7900390625,2508.10009765625,2508.159912109375,0
1789375749000,2507.8798828125,2507.8798828125,2507.8798828125,2507.8798828125,0
1789375800000,2507.739990234375,2508.050048828125,2504.110107421875,2504.110107421875,0
1789376063000,2502.85009765625,2502.85009765625,2502.85009765625,2502.85009765625,0
1789376100000,2503.800048828125,2505.25,2502.43994140625,2503.909912109375,0
1789376373000,2504.06005859375,2504.06005859375,2504.06005859375,2504.06005859375,0
1789376400000,2503.199951171875,2504.199951171875,2496.090087890625,2496.25,78174208
1789376700000,2497.199951171875,2498.429931640625,2487.030029296875,2492.52001953125,131642368
1789377000000,2492.669921875,2500.110107421875,2492.669921875,2497.449951171875,105541632
1789377300000,2497.889892578125,2503.780029296875,2497.889892578125,2499.31005859375,12047360
1789377600000,2499.820068359375,2501.510009765625,2499.010009765625,2499.010009765625,72361984
1789377900000,2498.820068359375,2503.330078125,2498.81005859375,2503.14990234375,46667776
1789378200000,2502.030029296875,2516.68994140625,2502.030029296875,2513.719970703125,0
1789378500000,2514.389892578125,2515.18994140625,2509.219970703125,2509.219970703125,44048384
1789378572000,2503.800048828125,2503.800048828125,2503.800048828125,2503.800048828125,0
1789378800000,2503.25,2505.81005859375,2503.14990234375,2503.14990234375,24655872
1789378893000,2500.360107421875,2500.360107421875,2500.360107421875,2500.360107421875,0
1789379100000,2506.969970703125,2510.0400390625,2506.969970703125,2509.159912109375,0
1789379209000,2510.8701171875,2510.8701171875,2510.8701171875,2510.8701171875,0
1789379400000,2515.6298828125,2515.6298828125,2511.610107421875,2512,0
1789379519000,2505.909912109375,2505.909912109375,2505.909912109375,2505.909912109375,0
1789379700000,2502.909912109375,2504.89990234375,2498.5400390625,2498.760009765625,271570944
1789379835000,2499.2900390625,2499.2900390625,2499.2900390625,2499.2900390625,0
1789380000000,2499.469970703125,2505.169921875,2499.469970703125,2505,0
1789380150000,2503.570068359375,2503.570068359375,2503.570068359375,2503.570068359375,0
1789380300000,2510.219970703125,2510.219970703125,2505.60009765625,2507.6298828125,43880448
1789380466000,2508.030029296875,2508.030029296875,2508.030029296875,2508.030029296875,0
1789380600000,2505.969970703125,2513.2099609375,2505.969970703125,2509.4599609375,36748288
1789380782000,2508.989990234375,2508.989990234375,2508.989990234375,2508.989990234375,0
1789380900000,2513.9599609375,2515.39990234375,2512.81005859375,2512.81005859375,0
1789381097000,2511.02001953125,2511.02001953125,2511.02001953125,2511.02001953125,0
1789381200000,2514.18994140625,2514.18994140625,2504.820068359375,2505.52001953125,22642688
1789381413000,2502.820068359375,2502.820068359375,2502.820068359375,2502.820068359375,0
1789381500000,2500.89990234375,2505.7099609375,2493.830078125,2503.8701171875,157024256
1789381800000,2503.39990234375,2511.97998046875,2503.39990234375,2509.75,130832384
1789382100000,2509.6201171875,2509.6201171875,2499,2499,136194048
1789382400000,2499.4599609375,2500.050048828125,2495.639892578125,2498.97998046875,48114688
1789382700000,2499.60009765625,2507.679931640625,2499.280029296875,2506.909912109375,298813440
1789383000000,2508.199951171875,2508.659912109375,2500.10009765625,2505.97998046875,19076096
1789383300000,2504.97998046875,2504.97998046875,2498.530029296875,2500.8798828125,5645312
1789383600000,2499.610107421875,2501.72998046875,2495.43994140625,2497.93994140625,0
1789383900000,2498.2900390625,2509.030029296875,2497.18994140625,2504.719970703125,41144320
1789384200000,2505.47998046875,2505.840087890625,2501.830078125,2503.639892578125,215641088
1789384500000,2503.679931640625,2507.219970703125,2501.699951171875,2505.72998046875,5574656
1789384800000,2505.669921875,2505.669921875,2500.929931640625,2504.030029296875,174041088
1789385100000,2502.159912109375,2504.10009765625,2498.409912109375,2499.85009765625,3133440
1789385400000,2500.97998046875,2501.679931640625,2500.409912109375,2501.6298828125,0
1789385497000,2498.320068359375,2498.320068359375,2498.320068359375,2498.320068359375,0
1789385700000,2505.56005859375,2506.35009765625,2503.409912109375,2503.409912109375,4527104
1789385817000,2500.840087890625,2500.840087890625,2500.840087890625,2500.840087890625,0
1789386000000,2504.919921875,2509.739990234375,2504.820068359375,2509.7099609375,0
1789386128000,2509.5400390625,2509.5400390625,2509.5400390625,2509.5400390625,0
1789386300000,2509.919921875,2509.919921875,2504.9599609375,2504.9599609375,13213696
1789386444000,2503.56005859375,2503.56005859375,2503.56005859375,2503.56005859375,0
1789386600000,2505.89990234375,2508.580078125,2505.6298828125,2507.139892578125,20700160
1789386755000,2508.2099609375,2508.2099609375,2508.2099609375,2508.2099609375,0
1789386900000,2507.85009765625,2509.830078125,2507.35009765625,2508.669921875,15368192
1789387074000,2508.64990234375,2508.64990234375,2508.64990234375,2508.64990234375,0
1789387200000,2507.5,2509.56005859375,2505.02001953125,2505.3798828125,344064
1789387382000,2504.260009765625,2504.260009765625,2504.260009765625,2504.260009765625,0
1789387500000,2503.64990234375,2505.820068359375,2503.64990234375,2505.360107421875,0
1789387700000,2504.81005859375,2504.81005859375,2504.81005859375,2504.81005859375,0
1789387800000,2506.510009765625,2508.8701171875,2506.280029296875,2508.77001953125,0
1789388016000,2508.389892578125,2508.389892578125,2508.389892578125,2508.389892578125,0
1789388100000,2507.669921875,2515.409912109375,2507.669921875,2515.409912109375,588800
1789388331000,2523.389892578125,2523.389892578125,2523.389892578125,2523.389892578125,0
1789388400000,2522.949951171875,2530.31005859375,2519.5400390625,2527.800048828125,0
1789388700000,2527.14990234375,2527.14990234375,2517.679931640625,2521.429931640625,188859392
1789389000000,2520.7099609375,2526.030029296875,2520.7099609375,2521.35009765625,17618944
1789389300000,2522.39990234375,2524.2099609375,2520.25,2522.919921875,268496896
1789389600000,2523.10009765625,2523.35009765625,2520.919921875,2522.2900390625,20943872
1789389900000,2522.56005859375,2532.070068359375,2522.31005859375,2531.409912109375,0
1789390200000,2531.409912109375,2537.25,2530.010009765625,2533.64990234375,82172928
1789390500000,2533.179931640625,2534.25,2528,2528.6201171875,10335232
1789390800000,2528.830078125,2529.0400390625,2526.320068359375,2527.1201171875,105620480
1789391100000,2527.22998046875,2529.030029296875,2525.0400390625,2526.52001953125,133816320
1789391400000,2526.3798828125,2532.909912109375,2526.3798828125,2532.909912109375,0
1789391700000,2532.449951171875,2534.360107421875,2529,2530.510009765625,0
1789392000000,2531.02001953125,2535.080078125,2530.1201171875,2533.52001953125,0
1789392300000,2533.679931640625,2533.679931640625,2529.1201171875,2530.050048828125,175622144
1789392600000,2530.4599609375,2530.4599609375,2522.280029296875,2523.4599609375,24517632
1789392900000,2524.530029296875,2527.7099609375,2524.530029296875,2525.18994140625,10036224
1789393200000,2524.89990234375,2526.81005859375,2523.93994140625,2526.68994140625,2219008
1789393500000,2526.3701171875,2531.7099609375,2526.0400390625,2530.4599609375,137110528
1789393800000,2530.3701171875,2533.2099609375,2527.949951171875,2533.030029296875,48244736
1789394100000,2533.030029296875,2535.25,2530.929931640625,2533.429931640625,76339200
1789394400000,2533.14990234375,2534.77001953125,2531.31005859375,2534.1298828125,39894016
1789394700000,2534.030029296875,2536.75,2531.570068359375,2535.10009765625,28358656
1789395000000,2535.360107421875,2535.75,2530.39990234375,2530.860107421875,18040832
1789395300000,2530.860107421875,2533.969970703125,2530.43994140625,2530.679931640625,48021504
1789395469000,2531.929931640625,2531.929931640625,2531.929931640625,2531.929931640625,0
1789395600000,2535.0400390625,2539.110107421875,2535.0400390625,2538.7099609375,28743680
1789395785000,2538.429931640625,2538.429931640625,2538.429931640625,2538.429931640625,0
1789395900000,2537.139892578125,2538.969970703125,2533.60009765625,2538.909912109375,112667648
1789396100000,2538.9599609375,2538.9599609375,2538.9599609375,2538.9599609375,0
1789396200000,2540.06005859375,2542.030029296875,2538.530029296875,2540.85009765625,52605952
1789396411000,2541.840087890625,2541.840087890625,2541.840087890625,2541.840087890625,0
1789396500000,2542.1298828125,2543.050048828125,2539.5400390625,2539.60009765625,143954944
1789396721000,2539.580078125,2539.580078125,2539.580078125,2539.580078125,0
1789396800000,2539.830078125,2539.830078125,2534.97998046875,2538.52001953125,7556096
1789397037000,2540.699951171875,2540.699951171875,2540.699951171875,2540.699951171875,0
1789397100000,2539.679931640625,2544.5400390625,2539.679931640625,2544.35009765625,58115072
1789397348000,2543.739990234375,2543.739990234375,2543.739990234375,2543.739990234375,0
1789397400000,2542.52001953125,2542.860107421875,2539.1298828125,2539.9599609375,19443712
1789397663000,2538.89990234375,2538.89990234375,2538.89990234375,2538.89990234375,0
1789397700000,2537.1201171875,2539.389892578125,2537.080078125,2539.080078125,173672448
1789397974000,2539,2539,2539,2539,0
1789398000000,2538.389892578125,2538.77001953125,2534.75,2534.75,0
1789398284000,2534.840087890625,2534.840087890625,2534.840087890625,2534.840087890625,0
1789398300000,2534.85009765625,2538.659912109375,2534.739990234375,2535.360107421875,31357952
1789398600000,2535.35009765625,2539.840087890625,2535.159912109375,2538.820068359375,0
1789398900000,2539.68994140625,2544.139892578125,2538.2099609375,2544.139892578125,113806336
1789399200000,2543.97998046875,2546.5400390625,2541.6298828125,2545.449951171875,0
1789399500000,2545.409912109375,2549.530029296875,2543.699951171875,2545.4599609375,172498944
1789399800000,2544.52001953125,2545.7099609375,2541.139892578125,2543.669921875,37255168
1789400100000,2543.409912109375,2543.5,2535.989990234375,2537.02001953125,15983616
1789400400000,2537.050048828125,2544.510009765625,2537.050048828125,2544.389892578125,5260288
1789400700000,2543.820068359375,2544.330078125,2543.2099609375,2544.330078125,2594816
1789400807000,2544.260009765625,2544.260009765625,2544.260009765625,2544.260009765625,0
1789401000000,2543.159912109375,2543.840087890625,2542.760009765625,2542.93994140625,25255936
1789401122000,2543.27001953125,2543.27001953125,2543.27001953125,2543.27001953125,0
1789401300000,2541.360107421875,2541.360107421875,2539.169921875,2539.169921875,7443456
1789401432000,2539.39990234375,2539.39990234375,2539.39990234375,2539.39990234375,0
1789401600000,2540.64990234375,2541.6298828125,2539.719970703125,2540.340087890625,0
1789401749000,2541.9599609375,2541.9599609375,2541.9599609375,2541.9599609375,0
1789401900000,2543.719970703125,2544.860107421875,2543.719970703125,2543.889892578125,29169664
1789402059000,2544.18994140625,2544.18994140625,2544.18994140625,2544.18994140625,0
1789402200000,2543.47998046875,2548.030029296875,2543.47998046875,2548.030029296875,0
1789402375000,2570.840087890625,2570.840087890625,2570.840087890625,2570.840087890625,0
1789402500000,2565.10009765625,2586.7099609375,2565.10009765625,2585.89990234375,106364928
1789402691000,2590.06005859375,2590.06005859375,2590.06005859375,2590.06005859375,0
1789402800000,2593.5,2598.050048828125,2591.989990234375,2597.570068359375,270309376
1789403007000,2603.590087890625,2603.590087890625,2603.590087890625,2603.590087890625,0
1789403100000,2606.179931640625,2606.179931640625,2594.199951171875,2597.6298828125,234006528
1789403317000,2594.3701171875,2594.3701171875,2594.3701171875,2594.3701171875,0
1789403400000,2601.47998046875,2601.47998046875,2590.989990234375,2591.97998046875,27984896
1789403632000,2590.820068359375,2590.820068359375,2590.820068359375,2590.820068359375,0
1789403700000,2599.77001953125,2599.77001953125,2591.179931640625,2591.300048828125,229595136
1789404000000,2591.60009765625,2595,2586.280029296875,2587.1201171875,68237312
1789404300000,2587.360107421875,2591.4599609375,2582.010009765625,2582.52001953125,146837504
1789404600000,2581.9599609375,2582.97998046875,2576.75,2577.81005859375,38891520
1789404900000,2577.860107421875,2577.860107421875,2567.31005859375,2570.449951171875,144326656
1789405200000,2571.06005859375,2571.06005859375,2540.02001953125,2556.929931640625,40671232
1789405500000,2556.919921875,2562.5400390625,2556.840087890625,2558.159912109375,114680832
1789405800000,2557.9599609375,2559.60009765625,2547.929931640625,2550.39990234375,162153472
1789406100000,2551.340087890625,2558.780029296875,2549.199951171875,2556.6201171875,76475392
1789406400000,2555.139892578125,2559.659912109375,2555.139892578125,2558.530029296875,68743168
1789406700000,2557.699951171875,2558.6201171875,2554.070068359375,2555.280029296875,166317056
1789407000000,2555.8701171875,2559.169921875,2551.659912109375,2553.89990234375,115065856
1789407300000,2553.31005859375,2553.610107421875,2543.820068359375,2546.4599609375,57543680
1789407600000,2547.10009765625,2549.85009765625,2546.0400390625,2547.2099609375,157719552
1789407900000,2546.89990234375,2550.159912109375,2545.300048828125,2549.219970703125,0
1789408200000,2548.81005859375,2549.9599609375,2544.760009765625,2547.840087890625,221955072
1789408500000,2547.8798828125,2549.090087890625,2545.52001953125,2546.530029296875,0
1789408800000,2547.77001953125,2547.77001953125,2542.3798828125,2544.3798828125,6220800
1789409100000,2546.56005859375,2553.3798828125,2545.800048828125,2552.85009765625,16992256
1789409400000,2553.090087890625,2555.85009765625,2550.909912109375,2554.3798828125,6358016
1789409700000,2554.409912109375,2555.06005859375,2545.6298828125,2545.6298828125,6106112
1789410000000,2545.840087890625,2546.570068359375,2543,2543,24931328
1789410300000,2542.919921875,2546.18994140625,2541.64990234375,2544.35009765625,28585984
1789410600000,2543.860107421875,2544.360107421875,2536.590087890625,2539.389892578125,0
1789410900000,2537.719970703125,2541.1298828125,2536.1201171875,2537.1298828125,46804992
1789411200000,2536.919921875,2540.360107421875,2536.919921875,2539.139892578125,0
1789411500000,2538.52001953125,2538.52001953125,2534,2535.02001953125,133611520
1789411800000,2534.610107421875,2535.550048828125,2532.389892578125,2533.639892578125,12939264
1789412100000,2533.7099609375,2533.85009765625,2532.199951171875,2532.8701171875,0
1789412400000,2532.39990234375,2534.199951171875,2531.89990234375,2533.199951171875,0
1789412486000,2531.56005859375,2531.56005859375,2531.56005859375,2531.56005859375,0
1789412700000,2529.179931640625,2529.179931640625,2527.330078125,2527.93994140625,59173888
1789412803000,2526.179931640625,2526.179931640625,2526.179931640625,2526.179931640625,0
1789413000000,2527.389892578125,2527.389892578125,2526.27001953125,2526.4599609375,0
1789413112000,2526.31005859375,2526.31005859375,2526.31005859375,2526.31005859375,0
1789413300000,2524,2526.570068359375,2524,2525.8701171875,1481728
1789413423000,2525.75,2525.75,2525.75,2525.75,0
1789413600000,2523.409912109375,2524.2099609375,2523.409912109375,2523.47998046875,0
1789413734000,2523.4599609375,2523.4599609375,2523.4599609375,2523.4599609375,0
1789413900000,2524.97998046875,2525.800048828125,2524.739990234375,2525.800048828125,0
1789414046000,2522.5400390625,2522.5400390625,2522.5400390625,2522.5400390625,0
1789414200000,2524.68994140625,2524.68994140625,2520.31005859375,2520.39990234375,0
1789414353000,2521.52001953125,2521.52001953125,2521.52001953125,2521.52001953125,0
1789414500000,2520.409912109375,2520.5400390625,2517.18994140625,2517.860107421875,0
1789414668000,2515.919921875,2515.919921875,2515.919921875,2515.919921875,0
1789414800000,2518.18994140625,2521.080078125,2518.070068359375,2520.169921875,2093056
1789414983000,2520.169921875,2520.169921875,2520.169921875,2520.169921875,0
1789415100000,2518.570068359375,2519.169921875,2516.14990234375,2516.52001953125,0
1789415294000,2516.300048828125,2516.300048828125,2516.300048828125,2516.300048828125,0
1789415400000,2516.010009765625,2517.4599609375,2512.830078125,2516.8701171875,0
1789415700000,2516.56005859375,2516.56005859375,2513.699951171875,2515.780029296875,33372160
1789416000000,2514.8798828125,2515.639892578125,2512.22998046875,2512.8701171875,0
1789416300000,2512.3701171875,2516.8701171875,2510.610107421875,2516.8701171875,98230272
1789416600000,2517.010009765625,2517.090087890625,2511.800048828125,2511.89990234375,53074944
1789416900000,2512.199951171875,2512.199951171875,2508.2900390625,2508.320068359375,0
1789417200000,2508.3798828125,2511.47998046875,2507.090087890625,2507.340087890625,12316672
1789417500000,2507.0400390625,2510.3798828125,2507.0400390625,2509.47998046875,209833984
1789417800000,2509.52001953125,2514.469970703125,2509.219970703125,2514.469970703125,60829696
1789418100000,2514.27001953125,2515.989990234375,2511.18994140625,2514.7900390625,0
1789418400000,2514.7900390625,2515.52001953125,2510.550048828125,2513.449951171875,14843904
1789418700000,2513.89990234375,2515.159912109375,2511.820068359375,2514.64990234375,0
1789419000000,2515.1298828125,2516.4599609375,2513.89990234375,2513.89990234375,0
1789419300000,2513.889892578125,2516.010009765625,2513.699951171875,2515.610107421875,134880256
1789419600000,2515.64990234375,2515.64990234375,2511.719970703125,2511.860107421875,0
1789419900000,2511.85009765625,2513.050048828125,2507.9599609375,2508.219970703125,8175616
1789420200000,2508.239990234375,2513.320068359375,2508.179931640625,2511.4599609375,0
1789420500000,2510.10009765625,2514.5,2510.10009765625,2512.449951171875,88692736
1789420800000,2512.6201171875,2518.010009765625,2512.6201171875,2518.010009765625,0
1789421100000,2517.85009765625,2517.989990234375,2508.27001953125,2511.010009765625,0
1789421400000,2510.909912109375,2516.169921875,2509.56005859375,2513.340087890625,150181888
1789421700000,2513.139892578125,2514.830078125,2512.360107421875,2514.64990234375,126131200
1789422000000,2514.590087890625,2516.5,2512.89990234375,2516.10009765625,0
1789422300000,2513.60009765625,2518.949951171875,2513.330078125,2518.800048828125,0
1789422600000,2518.8701171875,2519.010009765625,2516.1298828125,2517.35009765625,15770624
1789422900000,2517.1298828125,2517.8701171875,2514.510009765625,2515.030029296875,27891712
1789423200000,2515.1298828125,2518.39990234375,2514.72998046875,2518.260009765625,0
1789423500000,2518,2518.85009765625,2514.760009765625,2518.510009765625,35132416
1789423800000,2518.47998046875,2519.60009765625,2517.300048828125,2517.72998046875,0
1789424100000,2517.590087890625,2519.239990234375,2517.1298828125,2518.530029296875,0
1789424400000,2518.360107421875,2518.419921875,2516.510009765625,2517.489990234375,0
1789424700000,2517.25,2518.639892578125,2515.469970703125,2516.169921875,0
1789425000000,2516.159912109375,2517.280029296875,2515.219970703125,2515.89990234375,98809856
1789425300000,2515.8701171875,2515.8701171875,2511.199951171875,2513.27001953125,0
1789425600000,2513.5,2513.659912109375,2511.610107421875,2512.169921875,0
1789425900000,2512.10009765625,2512.760009765625,2510.52001953125,2510.530029296875,0
1789426200000,2510.4599609375,2512.27001953125,2509.530029296875,2511.5,106968064
1789426500000,2511.47998046875,2512.56005859375,2510.800048828125,2511.7099609375,0
1789426800000,2511.699951171875,2511.699951171875,2503.389892578125,2504.679931640625,50587648
1789427100000,2504.949951171875,2506.0400390625,2500.60009765625,2500.949951171875,30744576
1789427400000,2501.590087890625,2501.800048828125,2495.760009765625,2498.10009765625,0
1789427700000,2498.090087890625,2500.580078125,2496.31005859375,2499.6298828125,25129984
1789428000000,2499.6298828125,2501.6201171875,2499.43994140625,2500.550048828125,0
1789428300000,2500.25,2502.300048828125,2500.169921875,2502.280029296875,0
1789428600000,2502.260009765625,2504.39990234375,2500.820068359375,2504.179931640625,306717696
1789428900000,2504.169921875,2505.1298828125,2503,2503,0
1789429200000,2503,2504.110107421875,2502.47998046875,2503.52001953125,0
1789429500000,2503.64990234375,2504.75,2501.469970703125,2501.489990234375,2128896
1789429800000,2501.68994140625,2502.31005859375,2500.159912109375,2500.159912109375,0
1789430100000,2500.169921875,2500.25,2497.330078125,2498.2099609375,12127232
1789430400000,2497.52001953125,2499.699951171875,2497.22998046875,2499.699951171875,0
1789430700000,2499.699951171875,2500.030029296875,2496.3701171875,2499.489990234375,151745536
1789431000000,2499.179931640625,2499.419921875,2498.0400390625,2498.0400390625,34522112
1789431300000,2498.010009765625,2499.169921875,2497.39990234375,2499.169921875,11319296
1789431600000,2499.2099609375,2499.699951171875,2494.820068359375,2494.820068359375,0
1789431900000,2494.830078125,2494.830078125,2492.570068359375,2493.22998046875,0
1789432200000,2494.080078125,2494.590087890625,2490.6201171875,2492.639892578125,139574272
1789432500000,2492.56005859375,2493.3701171875,2489.260009765625,2491.1298828125,53281792
1789432800000,2491.070068359375,2494.64990234375,2490.85009765625,2493.340087890625,34307072
1789433100000,2493.090087890625,2493.800048828125,2492.22998046875,2493.5,0
1789433400000,2493.570068359375,2493.739990234375,2491.43994140625,2492.43994140625,0
1789433700000,2492.47998046875,2492.510009765625,2489.820068359375,2490.1201171875,8748032
1789434000000,2489.929931640625,2492.429931640625,2489.929931640625,2491.679931640625,102835200
1789434300000,2491.760009765625,2493.360107421875,2488.919921875,2488.949951171875,0
1789434600000,2488.010009765625,2488.010009765625,2478.949951171875,2483.300048828125,0
1789434900000,2483.10009765625,2483.989990234375,2478.97998046875,2480.070068359375,0
1789435200000,2480.68994140625,2484.820068359375,2480.68994140625,2483.830078125,132244480
1789435500000,2483.85009765625,2489.580078125,2483.68994140625,2488.2099609375,127791104
1789435800000,2488.199951171875,2489.60009765625,2487.39990234375,2488.820068359375,15731712
1789436100000,2488.530029296875,2488.530029296875,2485.5,2486.7099609375,67995648
1789436400000,2486.9599609375,2490.280029296875,2486.800048828125,2490.1201171875,12954624
1789436700000,2490.18994140625,2492.659912109375,2490.18994140625,2492.080078125,91288576
1789437000000,2492.219970703125,2496.81005859375,2492.219970703125,2496.22998046875,27754496
1789437300000,2496.360107421875,2497.320068359375,2495.85009765625,2495.969970703125,0
1789437600000,2496.530029296875,2500.139892578125,2496.530029296875,2499.639892578125,0
1789437900000,2500,2500,2497.719970703125,2497.719970703125,0
1789438200000,2497.6201171875,2497.6201171875,2495.3701171875,2495.909912109375,0
1789438500000,2495.800048828125,2495.800048828125,2493.699951171875,2493.699951171875,113292288
1789438800000,2493.639892578125,2493.639892578125,2490.260009765625,2490.300048828125,0
1789439100000,2490.639892578125,2490.639892578125,2488.010009765625,2488.77001953125,0
1789439400000,2488.419921875,2490.3798828125,2487.469970703125,2488.080078125,72388608
1789439700000,2488.280029296875,2489.06005859375,2487.1201171875,2487.610107421875,146260992
1789440000000,2487.679931640625,2489.5400390625,2487.22998046875,2489.5400390625,0
1789440300000,2488.760009765625,2490.070068359375,2486.429931640625,2486.429931640625,0
1789440600000,2486.590087890625,2487.010009765625,2481.7099609375,2482.43994140625,0
1789440900000,2482.2099609375,2485.52001953125,2481.22998046875,2485.52001953125,24219648
1789441200000,2485.010009765625,2485.469970703125,2481.929931640625,2485.199951171875,0
1789441500000,2485.1201171875,2485.35009765625,2480.179931640625,2482.5,15141888
1789441800000,2482.530029296875,2482.530029296875,2478.85009765625,2480.580078125,66719744
1789442100000,2480.75,2482.590087890625,2477.260009765625,2482.260009765625,27289600
1789442400000,2483.330078125,2484.080078125,2480.669921875,2483.090087890625,0
1789442700000,2483.429931640625,2483.840087890625,2482.7099609375,2483.050048828125,0
1789443000000,2483.1201171875,2483.18994140625,2477.2099609375,2477.2099609375,0
1789443300000,2476.7099609375,2479.4599609375,2475.030029296875,2476.89990234375,477685760
1789443600000,2477.199951171875,2478.800048828125,2476.800048828125,2477.419921875,0
1789443900000,2477.75,2481.139892578125,2476.4599609375,2476.830078125,117000192
1789444200000,2476.7900390625,2476.7900390625,2469.800048828125,2470.81005859375,41381888
1789444500000,2470.830078125,2472.840087890625,2469.469970703125,2472.77001953125,0
1789444800000,2472.889892578125,2473.030029296875,2467.510009765625,2467.530029296875,26221568
1789445100000,2467.919921875,2468.6298828125,2463.9599609375,2465.669921875,235860992
1789445400000,2465.300048828125,2470.530029296875,2464.280029296875,2470.530029296875,125606912
1789445700000,2470.360107421875,2471.7900390625,2465.919921875,2470.889892578125,36553728
1789446000000,2471.02001953125,2473.10009765625,2470.35009765625,2472.340087890625,24247296
1789446300000,2472.340087890625,2473.389892578125,2471.0400390625,2471.2099609375,0
1789446600000,2471.27001953125,2472.449951171875,2469.489990234375,2471.77001953125,195885056
1789446900000,2471.8798828125,2472.72998046875,2470.81005859375,2472.43994140625,16091136
1789447200000,2472.4599609375,2473.840087890625,2471.7900390625,2472.010009765625,41219072
1789447500000,2472.010009765625,2475.590087890625,2472,2472.570068359375,14089216
1789447800000,2472.389892578125,2474.909912109375,2471.739990234375,2474.800048828125,0
1789448100000,2474.800048828125,2476.60009765625,2474.679931640625,2476.489990234375,173216768
1789448400000,2476.080078125,2476.080078125,2472.830078125,2473.659912109375,28478464
1789448700000,2473.610107421875,2474.169921875,2472.68994140625,2473.469970703125,127327232
1789449000000,2473.050048828125,2473.18994140625,2472.02001953125,2472.949951171875,48012288
1789449300000,2472.800048828125,2475.10009765625,2472.3798828125,2472.3798828125,17444864
1789449600000,2472.419921875,2473.570068359375,2472.419921875,2472.97998046875,36527104
1789449900000,2472.9599609375,2474.4599609375,2472.239990234375,2474.239990234375,30527488
1789450200000,2474.1298828125,2475.889892578125,2473.18994140625,2475.889892578125,0
1789450500000,2475.909912109375,2476.239990234375,2473.60009765625,2474.800048828125,0
1789450800000,2474.800048828125,2475.52001953125,2473.300048828125,2475.429931640625,4653056
1789451100000,2475.43994140625,2478.110107421875,2474.340087890625,2478.110107421875,542720
1789451400000,2476.469970703125,2479.550048828125,2476.320068359375,2479.39990234375,0
1789451700000,2476.60009765625,2477.5400390625,2472.9599609375,2473.52001953125,108349440
1789452000000,2473.909912109375,2475.6298828125,2470.77001953125,2473.860107421875,147145728
1789452300000,2473.919921875,2477.1298828125,2473.3798828125,2477.1201171875,36191232
1789452600000,2477.06005859375,2477.4599609375,2473.590087890625,2473.89990234375,32949248
1789452900000,2473.75,2476.60009765625,2473.429931640625,2475.389892578125,34770944
1789453200000,2474.969970703125,2475.840087890625,2473.60009765625,2475.830078125,160581632
1789453500000,2476.300048828125,2476.320068359375,2473.25,2473.260009765625,19278848
1789453800000,2473.080078125,2475.1201171875,2472.340087890625,2474.43994140625,75164672
1789454100000,2474.43994140625,2475.39990234375,2473.639892578125,2474.570068359375,134329344
1789454400000,2474.179931640625,2478.0400390625,2474.090087890625,2478.0400390625,6036480
1789454700000,2478.14990234375,2481.89990234375,2478.080078125,2481.89990234375,98587648
1789455000000,2482.949951171875,2484.889892578125,2481.169921875,2481.7900390625,22956032
1789455300000,2481.7900390625,2484.5,2481.7900390625,2482.669921875,320259072
1789455600000,2482.820068359375,2485.7099609375,2482.530029296875,2484.070068359375,41819136
1789455900000,2484.43994140625,2487.070068359375,2482.97998046875,2487.0400390625,386048
1789456200000,2486.77001953125,2486.77001953125,2480.52001953125,2481.39990234375,12886016
1789456500000,2481.409912109375,2484.3798828125,2481.2099609375,2482.9599609375,56828928
1789456800000,2482.550048828125,2482.610107421875,2481.429931640625,2482.090087890625,117248000
1789456912000,2480.8798828125,2480.8798828125,2480.8798828125,2480.8798828125,0
1789457100000,2479.639892578125,2480.260009765625,2479.1298828125,2479.1298828125,0
1789457228000,2479.139892578125,2479.139892578125,2479.139892578125,2479.139892578125,0
1789457400000,2480.25,2480.25,2477.429931640625,2477.429931640625,3058688
1789457544000,2476.659912109375,2476.659912109375,2476.659912109375,2476.659912109375,0
1789457700000,2475.06005859375,2475.909912109375,2475.050048828125,2475.6298828125,0
1789457855000,2475.219970703125,2475.219970703125,2475.219970703125,2475.219970703125,0
1789458000000,2475.570068359375,2475.739990234375,2472.510009765625,2473.070068359375,0
1789458171000,2473.179931640625,2473.179931640625,2473.179931640625,2473.179931640625,0
1789458300000,2474.510009765625,2474.800048828125,2472.43994140625,2472.43994140625,9952256
1789458486000,2472.25,2472.25,2472.25,2472.25,0
1789458600000,2472.320068359375,2475.330078125,2472.070068359375,2475.330078125,4914176
1789458802000,2474.919921875,2474.919921875,2474.919921875,2474.919921875,0
1789458900000,2474.199951171875,2475.949951171875,2474.050048828125,2475.949951171875,40062976
1789459114000,2475.820068359375,2475.820068359375,2475.820068359375,2475.820068359375,0
1789459200000,2475.260009765625,2477,2474.18994140625,2474.4599609375,2405376
1789459427000,2474.199951171875,2474.199951171875,2474.199951171875,2474.199951171875,0
1789459500000,2477.97998046875,2478.25,2475.989990234375,2477.60009765625,17899520
1789459743000,2477.22998046875,2477.22998046875,2477.22998046875,2477.22998046875,0
1789459800000,2476.090087890625,2480.409912109375,2476.080078125,2479.260009765625,0
1789460100000,2479.239990234375,2480.010009765625,2477.60009765625,2478.159912109375,28626944
1789460400000,2478.3701171875,2479.300048828125,2476.47998046875,2477.169921875,3431424
1789460700000,2477.139892578125,2478.219970703125,2476.7099609375,2478.219970703125,0
1789460779000,2478.419921875,2478.419921875,2478.419921875,2478.419921875,0
1789461000000,2478.219970703125,2478.72998046875,2474.1201171875,2477.909912109375,0
1789461010000,2478.06005859375,2478.06005859375,2478.06005859375,2478.06005859375,0
1789461300000,2477.89990234375,2477.909912109375,2475.39990234375,2476,0
1789461409000,2476.010009765625,2476.010009765625,2476.010009765625,2476.010009765625,0
1789461600000,2476.429931640625,2476.760009765625,2474.97998046875,2474.97998046875,0
1789461722000,2474.93994140625,2474.93994140625,2474.93994140625,2474.93994140625,0
1789461900000,2475.6201171875,2476.070068359375,2474.14990234375,2476.06005859375,25741312
1789462039000,2477.1298828125,2477.1298828125,2477.1298828125,2477.1298828125,0
1789462200000,2480.1201171875,2482.5400390625,2479.89990234375,2482.5400390625,197565440
1789462355000,2481.580078125,2481.580078125,2481.580078125,2481.580078125,0
1789462500000,2484.97998046875,2484.989990234375,2482.199951171875,2482.22998046875,0
1789462671000,2478.840087890625,2478.840087890625,2478.840087890625,2478.840087890625,0
1789462800000,2478.469970703125,2481.47998046875,2478.469970703125,2481.090087890625,54479872
1789462986000,2481.550048828125,2481.550048828125,2481.550048828125,2481.550048828125,0
1789463100000,2482.580078125,2485.449951171875,2480.340087890625,2480.47998046875,48730112
1789463302000,2481.199951171875,2481.199951171875,2481.199951171875,2481.199951171875,0
1789463400000,2479.8798828125,2480.260009765625,2478.550048828125,2478.919921875,0
1789463618000,2476.360107421875,2476.360107421875,2476.360107421875,2476.360107421875,0
1789463700000,2477.9599609375,2478.739990234375,2476.340087890625,2477.969970703125,0
1789464000000,2477.550048828125,2479.090087890625,2477.260009765625,2478.3798828125,38552576
1789464300000,2477.300048828125,2478.81005859375,2476.9599609375,2477.469970703125,0
1789464600000,2477.280029296875,2477.280029296875,2468.10009765625,2469.830078125,134308864
1789464900000,2469.77001953125,2469.77001953125,2432.2099609375,2439.10009765625,0
1789465200000,2437.699951171875,2450.199951171875,2436.56005859375,2448.64990234375,262991872
1789465500000,2449.159912109375,2452.080078125,2444.830078125,2447.1201171875,271805440
1789465800000,2446.02001953125,2446.179931640625,2438.6201171875,2443.81005859375,62242816
1789466100000,2443.9599609375,2452.320068359375,2443.9599609375,2452.320068359375,49040384
1789466400000,2452.550048828125,2456.159912109375,2449.860107421875,2450.260009765625,153247744
1789466613000,2453.050048828125,2453.050048828125,2453.050048828125,2453.050048828125,0
1789466700000,2447.4599609375,2449.39990234375,2444.68994140625,2445.8701171875,81367040
1789466929000,2446.510009765625,2446.510009765625,2446.510009765625,2446.510009765625,0
1789467000000,2450.969970703125,2452.449951171875,2446.18994140625,2446.419921875,181259264
1789467245000,2447.949951171875,2447.949951171875,2447.949951171875,2447.949951171875,0
1789467300000,2445.860107421875,2448.830078125,2441.830078125,2442.280029296875,0
1789467563000,2442.530029296875,2442.530029296875,2442.530029296875,2442.530029296875,0
1789467600000,2442.830078125,2444.409912109375,2435.10009765625,2437.02001953125,9682944
1789467878000,2440.800048828125,2440.800048828125,2440.800048828125,2440.800048828125,0
1789467900000,2439.5400390625,2442.820068359375,2438.35009765625,2441.85009765625,10187776
1789468188000,2437.330078125,2437.330078125,2437.330078125,2437.330078125,0
1789468200000,2437.320068359375,2437.60009765625,2431.7099609375,2432.570068359375,476763136
1789468500000,2432.14990234375,2432.14990234375,2416.449951171875,2416.760009765625,48663552
1789468508000,2432,2432,2432,2432,0
1789468800000,2416.8798828125,2418.389892578125,2409.909912109375,2415.2900390625,122369024
1789468824000,2414.300048828125,2414.300048828125,2414.300048828125,2414.300048828125,0
1789469100000,2415.719970703125,2415.719970703125,2404.199951171875,2405.39990234375,192066560
1789469139000,2412.9599609375,2412.9599609375,2412.9599609375,2412.9599609375,0
1789469400000,2405.68994140625,2405.68994140625,2388.679931640625,2399.199951171875,161071104
1789469457000,2402.820068359375,2402.820068359375,2402.820068359375,2402.820068359375,0
1789469700000,2401.06005859375,2408.39990234375,2395.9599609375,2406.5400390625,230666240
1789470000000,2405.72998046875,2409.659912109375,2396.60009765625,2408.669921875,162455552
1789470300000,2409.3701171875,2412.580078125,2408.02001953125,2411.72998046875,104349696
1789470600000,2410.909912109375,2412.550048828125,2409.669921875,2411.820068359375,29251584
1789470900000,2411.4599609375,2415.1201171875,2409.199951171875,2412.300048828125,190941184
1789471200000,2412.0400390625,2424.06005859375,2412.0400390625,2422.800048828125,76281856
1789471500000,2422.389892578125,2428.2900390625,2422.389892578125,2424.360107421875,76582912
1789471800000,2424.35009765625,2428.39990234375,2422.9599609375,2428.39990234375,62296064
1789472100000,2428.43994140625,2429.919921875,2425.260009765625,2427.260009765625,12410880
1789472400000,2427.340087890625,2427.75,2424.530029296875,2425.89990234375,374142976
1789472700000,2426.219970703125,2427.72998046875,2424.14990234375,2424.989990234375,148770816
1789473000000,2426.090087890625,2431.199951171875,2422.010009765625,2422.010009765625,34392064
1789473300000,2422.60009765625,2427.6201171875,2422.56005859375,2423.199951171875,64903168
1789473600000,2422.6201171875,2423.800048828125,2420.530029296875,2420.820068359375,12898304
1789473900000,2421.199951171875,2421.739990234375,2414.18994140625,2414.25,0
1789474200000,2415.4599609375,2417.969970703125,2411.340087890625,2412,6639616
1789474500000,2412.64990234375,2419.3701171875,2412.64990234375,2416.56005859375,162304000
1789474800000,2416.22998046875,2423.360107421875,2416.22998046875,2421.93994140625,20942848
1789475100000,2422.030029296875,2423.830078125,2419.389892578125,2422.6201171875,159815680
1789475400000,2422.6298828125,2423.64990234375,2418.64990234375,2418.93994140625,168554496
1789475700000,2419.080078125,2421.85009765625,2418.280029296875,2419.35009765625,18051072
1789476000000,2418.75,2418.780029296875,2416.010009765625,2418.659912109375,99059712
1789476300000,2418.739990234375,2421.75,2418.530029296875,2420.570068359375,894976
1789476600000,2420.5,2424.340087890625,2420.5,2423.4599609375,158754816
1789476900000,2423.469970703125,2424.35009765625,2420.52001953125,2420.8798828125,32563200
1789477200000,2420.60009765625,2422.3798828125,2417.22998046875,2417.22998046875,1032192
1789477500000,2417.219970703125,2418.409912109375,2411.280029296875,2411.52001953125,0
1789477800000,2411.8701171875,2416.110107421875,2411.2099609375,2415.06005859375,14962688
1789478100000,2415.02001953125,2416.219970703125,2413.510009765625,2414.820068359375,28045312
1789478400000,2414.989990234375,2417.610107421875,2414.989990234375,2417.27001953125,0
1789478700000,2416.449951171875,2423.7099609375,2416.449951171875,2423.510009765625,20312064
1789478736000,2417.3701171875,2417.3701171875,2417.3701171875,2417.3701171875,0
1789479000000,2423.18994140625,2437.179931640625,2422.0400390625,2436.25,0
1789479050000,2422.090087890625,2422.090087890625,2422.090087890625,2422.090087890625,0
1789479300000,2436.89990234375,2446.199951171875,2436.89990234375,2442.6298828125,107804672
1789479367000,2444.6201171875,2444.6201171875,2444.6201171875,2444.6201171875,0
1789479600000,2432.510009765625,2433.110107421875,2430.0400390625,2432.43994140625,0
1789479683000,2432.360107421875,2432.360107421875,2432.360107421875,2432.360107421875,0
1789479900000,2428.419921875,2432.669921875,2428.330078125,2432.669921875,0
1789479998000,2433.340087890625,2433.340087890625,2433.340087890625,2433.340087890625,0
1789480200000,2438.81005859375,2443.1201171875,2438.81005859375,2443,0
1789480314000,2441.1201171875,2441.1201171875,2441.1201171875,2441.1201171875,0
1789480500000,2440.739990234375,2440.739990234375,2436.780029296875,2439.52001953125,7032832
1789480629000,2439.639892578125,2439.639892578125,2439.639892578125,2439.639892578125,0
1789480800000,2439.31005859375,2439.449951171875,2435.43994140625,2439.02001953125,0
1789480950000,2439.2099609375,2439.2099609375,2439.2099609375,2439.2099609375,0
1789481100000,2437.25,2439.18994140625,2435.93994140625,2439.18994140625,52862976
1789481264000,2437.5400390625,2437.5400390625,2437.5400390625,2437.5400390625,0
1789481400000,2435.31005859375,2436.550048828125,2434.1201171875,2434.919921875,59607040
1789481573000,2433.6201171875,2433.6201171875,2433.6201171875,2433.6201171875,0
1789481700000,2434.800048828125,2435.35009765625,2422.159912109375,2426.1298828125,50083840
1789482000000,2426.43994140625,2428.389892578125,2424.27001953125,2425.860107421875,17063936
1789482300000,2425.340087890625,2443.5,2423.679931640625,2434.860107421875,0
1789482600000,2435.409912109375,2435.409912109375,2418.219970703125,2429.909912109375,197103616
1789482900000,2430.60009765625,2430.60009765625,2391.22998046875,2407.909912109375,239407104
1789483200000,2406.989990234375,2407.300048828125,2379.780029296875,2386.139892578125,468037632
1789483500000,2387.39990234375,2387.39990234375,2363.300048828125,2363.300048828125,499300352
1789483746000,2362.06005859375,2362.06005859375,2362.06005859375,2362.06005859375,0
1789483800000,2357.93994140625,2397.409912109375,2357.93994140625,2396.239990234375,13729792
1789484066000,2399.27001953125,2399.27001953125,2399.27001953125,2399.27001953125,0
1789484100000,2400.840087890625,2412.909912109375,2395.800048828125,2400.840087890625,72888320
1789484382000,2399.72998046875,2399.72998046875,2399.72998046875,2399.72998046875,0
1789484400000,2401.02001953125,2412.360107421875,2395.97998046875,2406.5400390625,176136192
1789484700000,2406.52001953125,2407.68994140625,2400.4599609375,2403.760009765625,91359232
1789484703000,2406.52001953125,2406.52001953125,2406.52001953125,2406.52001953125,0
1789485000000,2403.8701171875,2406.6201171875,2401.27001953125,2404,312154112
1789485018000,2404.840087890625,2404.840087890625,2404.840087890625,2404.840087890625,0
1789485300000,2404.169921875,2417.340087890625,2401.429931640625,2410.489990234375,149972992
1789485333000,2405.2900390625,2405.2900390625,2405.2900390625,2405.2900390625,0
1789485600000,2409.669921875,2413.080078125,2403.610107421875,2408.580078125,10287104
1789485650000,2405.610107421875,2405.610107421875,2405.610107421875,2405.610107421875,0
1789485900000,2408.159912109375,2408.159912109375,2406.260009765625,2407.72998046875,104759296
1789485965000,2406.929931640625,2406.929931640625,2406.929931640625,2406.929931640625,0
1789486200000,2402.669921875,2405.949951171875,2400.679931640625,2404.639892578125,0
1789486286000,2405.35009765625,2405.35009765625,2405.35009765625,2405.35009765625,0
1789486500000,2402.85009765625,2402.989990234375,2401.389892578125,2401.9599609375,0
1789486602000,2402.570068359375,2402.570068359375,2402.570068359375,2402.570068359375,0
1789486800000,2407.110107421875,2407.830078125,2401.429931640625,2402.5,116408320
1789487100000,2402.25,2404.8701171875,2401.2900390625,2404.06005859375,220438528
1789487400000,2404.2900390625,2409.070068359375,2402.989990234375,2408.8798828125,135258112
1789487700000,2409.93994140625,2414.389892578125,2408.449951171875,2414.330078125,67131392
1789488000000,2413.93994140625,2416.199951171875,2407.409912109375,2407.75,0
1789488300000,2407.260009765625,2408.320068359375,2403.5400390625,2405.25,271865856
1789488600000,2405.14990234375,2410.010009765625,2405.14990234375,2407.93994140625,159602688
1789488900000,2407.300048828125,2407.300048828125,2401.070068359375,2401.449951171875,0
1789489200000,2402,2403.489990234375,2397.139892578125,2403.489990234375,0
1789489500000,2404.47998046875,2404.47998046875,2397.919921875,2397.919921875,0
1789489800000,2396.800048828125,2402.39990234375,2395.139892578125,2397.8798828125,0
1789490100000,2398.85009765625,2403.389892578125,2397.219970703125,2400.780029296875,0
1789490400000,2402.2900390625,2404.139892578125,2401.449951171875,2403.929931640625,43196416
1789490700000,2404.97998046875,2408.3701171875,2403.5,2408.280029296875,0
1789491000000,2408.1298828125,2408.3798828125,2405.85009765625,2408.3798828125,369192960
1789491300000,2408.159912109375,2408.969970703125,2404.8798828125,2405.860107421875,0
1789491600000,2406.050048828125,2406.1201171875,2397.830078125,2398.56005859375,10590208
1789491900000,2398.89990234375,2401.219970703125,2397.570068359375,2397.570068359375,4558848
1789492200000,2397.919921875,2404.449951171875,2397.169921875,2399.719970703125,129202176
1789492500000,2399.409912109375,2403.0400390625,2397.1201171875,2403.0400390625,164634624
1789492800000,2402.330078125,2402.330078125,2397.0400390625,2397.93994140625,7211008
1789493100000,2397.590087890625,2398.360107421875,2394.72998046875,2396.2099609375,17160192
1789493400000,2396.219970703125,2398.169921875,2394.68994140625,2395.300048828125,2713600
1789493700000,2395.27001953125,2399.81005859375,2393.929931640625,2398.550048828125,0
1789494000000,2398.570068359375,2400.840087890625,2398.570068359375,2399.68994140625,13979648
1789494300000,2399.590087890625,2399.8701171875,2395.469970703125,2395.469970703125,33603584
1789494600000,2395.949951171875,2396.699951171875,2392.590087890625,2395.679931640625,0
1789494900000,2395.669921875,2395.669921875,2388.8798828125,2390.169921875,25237504
1789495200000,2389.820068359375,2394.659912109375,2386.3798828125,2390.510009765625,0
1789495252000,2389.830078125,2389.830078125,2389.830078125,2389.830078125,0
1789495500000,2390.260009765625,2390.260009765625,2388.030029296875,2388.550048828125,20709376
1789495567000,2388.889892578125,2388.889892578125,2388.889892578125,2388.889892578125,0
1789495800000,2386.340087890625,2389.3798828125,2385.530029296875,2389.3798828125,0
1789495878000,2388.070068359375,2388.070068359375,2388.070068359375,2388.070068359375,0
1789496100000,2386.610107421875,2386.760009765625,2384.1298828125,2384.1298828125,0
1789496194000,2382.419921875,2382.419921875,2382.419921875,2382.419921875,0
1789496400000,2381.409912109375,2383.06005859375,2381.409912109375,2381.780029296875,261257216
1789496505000,2382.449951171875,2382.449951171875,2382.449951171875,2382.449951171875,0
1789496700000,2382.47998046875,2393.860107421875,2382.1201171875,2393.860107421875,47788032
1789496820000,2393.550048828125,2393.550048828125,2393.550048828125,2393.550048828125,0
1789497000000,2392.02001953125,2397.6201171875,2392.02001953125,2397.6201171875,0
1789497136000,2397.139892578125,2397.139892578125,2397.139892578125,2397.139892578125,0
1789497300000,2397.06005859375,2397.06005859375,2393.860107421875,2396.070068359375,71440384
1789497447000,2396.85009765625,2396.85009765625,2396.85009765625,2396.85009765625,0
1789497600000,2396.909912109375,2397.3798828125,2395.280029296875,2395.280029296875,202725376
1789497757000,2393.830078125,2393.830078125,2393.830078125,2393.830078125,0
1789497900000,2394.070068359375,2397.409912109375,2394.06005859375,2396.75,23793664
1789498078000,2395.27001953125,2395.27001953125,2395.27001953125,2395.27001953125,0
1789498200000,2397.280029296875,2400.010009765625,2397.25,2399.47998046875,0
1789498500000,2399.47998046875,2399.47998046875,2394.340087890625,2395.159912109375,32215040
1789498800000,2395.070068359375,2401.590087890625,2395.070068359375,2400.85009765625,0
1789499100000,2400,2404.2900390625,2400,2403.8798828125,0
1789499400000,2403.93994140625,2407.699951171875,2403.5,2407.699951171875,76003328
1789499700000,2408.030029296875,2410.77001953125,2406.72998046875,2410.510009765625,62040064
1789500000000,2409.610107421875,2410.639892578125,2407.570068359375,2408.7900390625,108165120
1789500300000,2408.360107421875,2408.489990234375,2404.10009765625,2404.469970703125,0
1789500600000,2403.10009765625,2403.610107421875,2396.75,2400.27001953125,34654208
1789500900000,2399.4599609375,2400.840087890625,2396.6201171875,2396.97998046875,0
1789501200000,2396.7900390625,2400.389892578125,2396.530029296875,2399.550048828125,460767232
1789501500000,2399.550048828125,2400.340087890625,2398.18994140625,2398.449951171875,0
1789501800000,2398.550048828125,2400.7099609375,2398.18994140625,2399.719970703125,163952640
1789502100000,2398.919921875,2399.72998046875,2396.010009765625,2396.139892578125,0
1789502400000,2397.070068359375,2402.179931640625,2395.6201171875,2402.179931640625,0
1789502700000,2402.35009765625,2403.4599609375,2399.06005859375,2399.159912109375,0
1789503000000,2399.639892578125,2401.85009765625,2399.0400390625,2399.590087890625,16834560
1789503300000,2399.489990234375,2403.590087890625,2399.070068359375,2403.530029296875,0
1789503600000,2403.27001953125,2403.60009765625,2399.989990234375,2402.3701171875,0
1789503900000,2402.3701171875,2403.219970703125,2400.409912109375,2403.10009765625,105164800
1789504200000,2403.050048828125,2403.469970703125,2401.010009765625,2401.22998046875,29655040
1789504500000,2401.110107421875,2404.219970703125,2400.27001953125,2404.050048828125,0
1789504800000,2403.760009765625,2403.760009765625,2400.110107421875,2401.639892578125,0
1789505100000,2402.35009765625,2403.47998046875,2398.9599609375,2401.72998046875,61915136
1789505400000,2401.6298828125,2402.39990234375,2398.050048828125,2398.280029296875,0
1789505700000,2398.080078125,2399.949951171875,2396.4599609375,2397.739990234375,0
1789506000000,2397.580078125,2401.429931640625,2394.570068359375,2395.010009765625,2310144
1789506300000,2394.77001953125,2397.760009765625,2394.64990234375,2396.030029296875,0
1789506600000,2396.10009765625,2399.989990234375,2394.760009765625,2398.669921875,0
1789506900000,2398.669921875,2401.080078125,2396.81005859375,2400.780029296875,0
1789507200000,2400.68994140625,2405.300048828125,2400.260009765625,2405.300048828125,16195584
1789507500000,2404.85009765625,2405.27001953125,2402.010009765625,2402.080078125,0
1789507800000,2402.070068359375,2402.070068359375,2395.9599609375,2395.989990234375,99999744
1789508100000,2395.97998046875,2397.280029296875,2391.72998046875,2392.10009765625,0
1789508400000,2391.89990234375,2396.800048828125,2391.89990234375,2396.449951171875,94808064
1789508700000,2396.5,2398.4599609375,2394.070068359375,2394.239990234375,0
1789509000000,2394.25,2394.25,2389.860107421875,2390.030029296875,219787264
1789509300000,2391,2391,2388.56005859375,2389.090087890625,22812672
1789509600000,2389.050048828125,2394.68994140625,2388.06005859375,2392.52001953125,0
1789509900000,2392.929931640625,2393.6201171875,2390.590087890625,2391.139892578125,12789760
1789510200000,2391.050048828125,2392.47998046875,2387.159912109375,2391.6201171875,14166016
1789510500000,2391.429931640625,2397.659912109375,2391.429931640625,2396.919921875,126337024
1789510800000,2396.989990234375,2398.2900390625,2396.47998046875,2397.280029296875,0
1789511100000,2397.510009765625,2400.25,2396.89990234375,2400.25,156141568
1789511400000,2401.47998046875,2405.510009765625,2400.5,2405.510009765625,0
1789511700000,2405.639892578125,2408.679931640625,2405.35009765625,2407.590087890625,5984256
1789512000000,2407.7900390625,2408.050048828125,2403.719970703125,2404.489990234375,196640768
1789512300000,2404.070068359375,2406.10009765625,2403.080078125,2405.75,0
1789512600000,2405.719970703125,2405.719970703125,2402.610107421875,2402.7900390625,21843968
1789512900000,2402.75,2402.89990234375,2397.93994140625,2401.159912109375,0
1789513200000,2401.570068359375,2404.949951171875,2400.840087890625,2402.429931640625,0
1789513500000,2402.72998046875,2403.719970703125,2398.97998046875,2399.6201171875,16396288
1789513800000,2400.989990234375,2405.110107421875,2400.14990234375,2404.93994140625,131139584
1789514100000,2405.1201171875,2409.300048828125,2404.800048828125,2407.2099609375,0
1789514400000,2407.409912109375,2409.699951171875,2406.669921875,2408.68994140625,741376
1789514700000,2408.22998046875,2408.22998046875,2402.820068359375,2402.820068359375,141719552
1789515000000,2402.77001953125,2404.699951171875,2401.39990234375,2401.989990234375,0
1789515300000,2401.72998046875,2401.800048828125,2398.60009765625,2399.360107421875,40747008
1789515600000,2399.669921875,2400.989990234375,2398.179931640625,2399.5,157018112
1789515900000,2399.85009765625,2401.530029296875,2399.090087890625,2400,0
1789516200000,2399.60009765625,2399.97998046875,2398.52001953125,2398.56005859375,0
1789516500000,2398.56005859375,2400.969970703125,2398.56005859375,2400.090087890625,15136768
1789516800000,2400.4599609375,2403.669921875,2400.080078125,2403.580078125,0
1789517100000,2403.260009765625,2403.27001953125,2400.429931640625,2400.6201171875,0
1789517400000,2400.6201171875,2402.580078125,2400.6201171875,2401.760009765625,0
1789517700000,2401.280029296875,2401.280029296875,2400.010009765625,2400.02001953125,0
1789518000000,2400.0400390625,2406.7099609375,2400.0400390625,2405.47998046875,0
1789518300000,2405.719970703125,2406.02001953125,2402.360107421875,2402.360107421875,0
1789518600000,2402.360107421875,2402.919921875,2400.199951171875,2402.7900390625,121944064
1789518900000,2403.409912109375,2405.77001953125,2402.469970703125,2405.77001953125,0
1789519200000,2405.760009765625,2408.800048828125,2403.89990234375,2404.110107421875,0
1789519500000,2403.909912109375,2406.739990234375,2403.8798828125,2404.179931640625,0
1789519800000,2403.8701171875,2403.8701171875,2401.610107421875,2402.1298828125,160966656
1789520100000,2401.989990234375,2403.75,2401.0400390625,2401.989990234375,0
1789520400000,2401.639892578125,2402.739990234375,2393.68994140625,2395.89990234375,125405184
1789520700000,2397.06005859375,2398.68994140625,2392.97998046875,2398.68994140625,0
1789521000000,2399.050048828125,2399.179931640625,2397.360107421875,2398.340087890625,1497088
1789521300000,2398.330078125,2400.050048828125,2398.10009765625,2399.780029296875,0
1789521600000,2399.60009765625,2402.739990234375,2398.93994140625,2401.14990234375,0
1789521900000,2402,2402.5,2400.85009765625,2402.300048828125,0
1789522200000,2402.3798828125,2402.719970703125,2400.679931640625,2401.820068359375,13596672
1789522500000,2401.89990234375,2404.199951171875,2401.52001953125,2403.360107421875,8974336
1789522800000,2403.840087890625,2405.070068359375,2402.330078125,2404.969970703125,8243200
1789523100000,2405.159912109375,2405.199951171875,2402.52001953125,2403.139892578125,137330688
1789523400000,2403.139892578125,2403.719970703125,2402.02001953125,2402.320068359375,24020992
1789523700000,2402.31005859375,2405.60009765625,2402.31005859375,2405.330078125,0
1789524000000,2405.889892578125,2407.199951171875,2404.0400390625,2404.0400390625,0
1789524300000,2403.719970703125,2404.47998046875,2403.239990234375,2403.8701171875,0
1789524600000,2403.860107421875,2404,2401.60009765625,2402.0400390625,24924160
1789524900000,2401.7900390625,2402.9599609375,2400.320068359375,2402.39990234375,64727040
1789525200000,2402.68994140625,2402.739990234375,2399.64990234375,2399.75,8622080
1789525500000,2399.330078125,2400.080078125,2398.570068359375,2399.0400390625,0
1789525800000,2398.8798828125,2399.090087890625,2396.929931640625,2398.070068359375,0
1789526100000,2396.280029296875,2396.77001953125,2391.949951171875,2394.1201171875,0
1789526400000,2394.3701171875,2397.090087890625,2394.18994140625,2396.429931640625,40067072
1789526700000,2396.5400390625,2398.93994140625,2396.280029296875,2397.169921875,0
1789527000000,2397.5,2397.679931640625,2396.3701171875,2397.090087890625,0
1789527300000,2397.18994140625,2404.72998046875,2397.179931640625,2404.72998046875,323241984
1789527600000,2404.659912109375,2408.659912109375,2402.719970703125,2407.090087890625,0
1789527900000,2406.43994140625,2407.35009765625,2402.409912109375,2402.409912109375,0
1789528200000,2402.3798828125,2402.3798828125,2397.050048828125,2400.449951171875,48402432
1789528500000,2400.840087890625,2402.72998046875,2396.85009765625,2396.85009765625,68780032
1789528800000,2396.929931640625,2399.110107421875,2396.820068359375,2398.89990234375,884736
1789529100000,2398.449951171875,2400.830078125,2396.47998046875,2397.1298828125,197373952
1789529400000,2397.419921875,2398.550048828125,2396.2900390625,2397.7099609375,0
1789529700000,2397.679931640625,2399.429931640625,2397.340087890625,2399.429931640625,2283520
1789530000000,2399.360107421875,2399.780029296875,2396.340087890625,2396.919921875,0
1789530300000,2396.929931640625,2397.989990234375,2395.659912109375,2396.699951171875,152979456
1789530600000,2397.0400390625,2397.0400390625,2395.280029296875,2395.409912109375,0
1789530900000,2395.699951171875,2396.360107421875,2394.39990234375,2394.760009765625,0
1789531200000,2394.169921875,2395.510009765625,2388.72998046875,2388.72998046875,259389440
1789531500000,2389.60009765625,2389.800048828125,2380.75,2385.360107421875,0
1789531800000,2384.52001953125,2387.530029296875,2384.330078125,2385.340087890625,0
1789532100000,2385.2900390625,2390.889892578125,2385.2900390625,2388.199951171875,0
1789532400000,2388.199951171875,2391.050048828125,2386.360107421875,2387.050048828125,225673216
1789532700000,2386.679931640625,2388.18994140625,2383.239990234375,2388.159912109375,0
1789533000000,2386.9599609375,2389.25,2386.800048828125,2388.89990234375,0
1789533300000,2388.89990234375,2390.43994140625,2388.14990234375,2390.199951171875,99508224
1789533600000,2390.22998046875,2392.18994140625,2389.5400390625,2392.1201171875,160870400
1789533900000,2391.47998046875,2393.22998046875,2391.340087890625,2392.550048828125,0
1789534200000,2392.669921875,2396.909912109375,2392.669921875,2396.909912109375,317081600
1789534500000,2396.260009765625,2401.39990234375,2396.260009765625,2400.77001953125,112631808
1789534800000,2401,2403.93994140625,2400,2403.93994140625,2955264
1789535100000,2404.06005859375,2405,2399.43994140625,2401.070068359375,78510080
1789535400000,2401.199951171875,2401.340087890625,2399.360107421875,2399.360107421875,314179584
1789535700000,2399.320068359375,2400.860107421875,2396.77001953125,2400.31005859375,482293760
1789536000000,2400.25,2402.909912109375,2400.25,2402.340087890625,16793600
1789536300000,2402.530029296875,2402.530029296875,2399.929931640625,2400.159912109375,18485248
1789536600000,2400.580078125,2401.2099609375,2399.3701171875,2399.68994140625,11943936
1789536900000,2399.68994140625,2402.39990234375,2399.68994140625,2401.280029296875,14913536
1789537200000,2401.6201171875,2402.93994140625,2400.43994140625,2400.919921875,381161472
1789537500000,2401.159912109375,2402.030029296875,2399.7099609375,2401.260009765625,5679104
1789537800000,2401.27001953125,2403.8798828125,2400.840087890625,2403.8798828125,315600896
1789538100000,2403.949951171875,2404.56005859375,2402.97998046875,2403.89990234375,33574912
1789538400000,2403.820068359375,2404.530029296875,2401.5400390625,2401.5400390625,0
1789538700000,2401.530029296875,2401.97998046875,2399.739990234375,2401.97998046875,0
1789539000000,2401.97998046875,2402.68994140625,2396.43994140625,2397.570068359375,328017920
1789539300000,2397.570068359375,2402.0400390625,2397.570068359375,2402.0400390625,21813248
1789539600000,2401.77001953125,2401.9599609375,2398.18994140625,2398.429931640625,23525376
1789539900000,2398.449951171875,2400.93994140625,2398.449951171875,2400.639892578125,4964352
1789540200000,2401.219970703125,2401.60009765625,2399.719970703125,2401.010009765625,5556224
1789540500000,2401.419921875,2402.72998046875,2400.8701171875,2402.43994140625,0
1789540800000,2402.449951171875,2405.199951171875,2402.39990234375,2404.469970703125,5595136
1789541100000,2404.39990234375,2404.800048828125,2403.239990234375,2403.300048828125,184610816
1789541400000,2403.300048828125,2403.469970703125,2401.27001953125,2401.27001953125,24397824
1789541700000,2401.22998046875,2403,2400,2403,5183488
1789542000000,2404.889892578125,2407.429931640625,2403.360107421875,2406.340087890625,109975552
1789542300000,2406.340087890625,2406.679931640625,2405.989990234375,2406.639892578125,0
1789542365000,2406.56005859375,2406.56005859375,2406.56005859375,2406.56005859375,0
1789542600000,2403.800048828125,2404.530029296875,2403.800048828125,2404.530029296875,0
1789542681000,2404.570068359375,2404.570068359375,2404.570068359375,2404.570068359375,0
1789542900000,2402.659912109375,2402.659912109375,2400.77001953125,2401.219970703125,0
1789542991000,2403.330078125,2403.330078125,2403.330078125,2403.330078125,0
1789543200000,2404.60009765625,2404.7900390625,2404.510009765625,2404.56005859375,0
1789543307000,2404.5,2404.5,2404.5,2404.5,0
1789543500000,2402.419921875,2403.75,2402.419921875,2403.35009765625,0
1789543618000,2405.659912109375,2405.659912109375,2405.659912109375,2405.659912109375,0
1789543800000,2405.429931640625,2409.5,2404.85009765625,2409.5,28598272
1789543933000,2412.199951171875,2412.199951171875,2412.199951171875,2412.199951171875,0
1789544100000,2409.9599609375,2412.199951171875,2409.9599609375,2412.199951171875,0
1789544244000,2414.64990234375,2414.64990234375,2414.64990234375,2414.64990234375,0
1789544400000,2412.56005859375,2414.469970703125,2410.949951171875,2414.179931640625,281518080
1789544560000,2419.14990234375,2419.14990234375,2419.14990234375,2419.14990234375,0
1789544700000,2425.60009765625,2425.60009765625,2420,2420.260009765625,235087872
1789544870000,2421.52001953125,2421.52001953125,2421.52001953125,2421.52001953125,0
1789545000000,2421.199951171875,2423.080078125,2419.06005859375,2419.06005859375,33140736
1789545186000,2419.929931640625,2419.929931640625,2419.929931640625,2419.929931640625,0
1789545300000,2418.52001953125,2421.340087890625,2418.39990234375,2420.760009765625,263759872
1789545600000,2420.159912109375,2421.639892578125,2418.010009765625,2420.7900390625,3047424
1789545900000,2420.81005859375,2420.81005859375,2414.419921875,2414.56005859375,25759744
1789546200000,2414.679931640625,2415.280029296875,2410.8701171875,2411.669921875,0
1789546500000,2411.199951171875,2415.3701171875,2410.7900390625,2412.5400390625,50274304
1789546800000,2412.39990234375,2412.39990234375,2408.6201171875,2409.010009765625,246116352
1789547042000,2408.739990234375,2408.739990234375,2408.739990234375,2408.739990234375,0
1789547100000,2407.75,2408.60009765625,2404.10009765625,2404.419921875,517615616
1789547352000,2404.080078125,2404.080078125,2404.080078125,2404.080078125,0
1789547400000,2404.0400390625,2407.570068359375,2401.179931640625,2407.510009765625,128894976
1789547673000,2407,2407,2407,2407,0
1789547700000,2408.219970703125,2408.610107421875,2403.550048828125,2404.820068359375,43700224
1789547987000,2405.159912109375,2405.159912109375,2405.159912109375,2405.159912109375,0
1789548000000,2404.889892578125,2406.2900390625,2404.659912109375,2404.81005859375,0
1789548300000,2404.64990234375,2406.969970703125,2403.68994140625,2406.969970703125,0
1789548305000,2404.64990234375,2404.64990234375,2404.64990234375,2404.64990234375,0
1789548600000,2407.110107421875,2408.889892578125,2404.800048828125,2404.800048828125,231190528
1789548626000,2407.10009765625,2407.10009765625,2407.10009765625,2407.10009765625,0
1789548900000,2404.010009765625,2406.159912109375,2401.75,2404.760009765625,47331328
1789548929000,2401.75,2401.75,2401.75,2401.75,0
1789549200000,2403.840087890625,2404.659912109375,2395.1298828125,2398.1201171875,0
1789549251000,2402.909912109375,2402.909912109375,2402.909912109375,2402.909912109375,0
1789549500000,2398.820068359375,2399.47998046875,2398.320068359375,2398.320068359375,0
1789549566000,2398.18994140625,2398.18994140625,2398.18994140625,2398.18994140625,0
1789549800000,2397.5400390625,2397.5400390625,2394.64990234375,2395.159912109375,0
1789549886000,2395.280029296875,2395.280029296875,2395.280029296875,2395.280029296875,0
1789550100000,2399.570068359375,2403.6201171875,2398.93994140625,2401.02001953125,74995712
1789550400000,2399.429931640625,2400.989990234375,2397.449951171875,2397.6201171875,211601408
1789550700000,2397.030029296875,2401.60009765625,2396.159912109375,2398.93994140625,0
1789551000000,2398.360107421875,2400.25,2393.449951171875,2394.56005859375,13918208
1789551300000,2394.030029296875,2396.860107421875,2388.110107421875,2388.989990234375,441282560
1789551600000,2388.81005859375,2397.7900390625,2388.81005859375,2397.090087890625,10848256
1789551900000,2395.989990234375,2399.760009765625,2389.760009765625,2398.8798828125,0
1789552200000,2398.550048828125,2401.60009765625,2392.1201171875,2394.260009765625,0
1789552500000,2394.550048828125,2396.719970703125,2394.169921875,2395.330078125,88006656
1789552623000,2394.840087890625,2394.840087890625,2394.840087890625,2394.840087890625,0
1789552800000,2391.419921875,2391.919921875,2389.510009765625,2390.35009765625,0
1789552944000,2388.27001953125,2388.27001953125,2388.27001953125,2388.27001953125,0
1789553100000,2389.60009765625,2391.97998046875,2389.60009765625,2391.7099609375,0
1789553259000,2388.179931640625,2388.179931640625,2388.179931640625,2388.179931640625,0
1789553400000,2387.5,2387.5,2383.919921875,2385.489990234375,31047680
1789553575000,2383.93994140625,2383.93994140625,2383.93994140625,2383.93994140625,0
1789553700000,2387.9599609375,2394.639892578125,2387.9599609375,2390.969970703125,18194432
1789553895000,2392.02001953125,2392.02001953125,2392.02001953125,2392.02001953125,0
1789554000000,2386.8701171875,2390.800048828125,2386.81005859375,2388.6298828125,219891712
1789554211000,2386.699951171875,2386.699951171875,2386.699951171875,2386.699951171875,0
1789554300000,2388.010009765625,2393.1298828125,2388.010009765625,2393.010009765625,44808192
1789554526000,2395.72998046875,2395.72998046875,2395.72998046875,2395.72998046875,0
1789554600000,2395.510009765625,2395.739990234375,2386.909912109375,2391.969970703125,79912960
1789554842000,2389.830078125,2389.830078125,2389.830078125,2389.830078125,0
1789554900000,2390.580078125,2392.679931640625,2387.5400390625,2387.780029296875,15179776
1789555163000,2386.530029296875,2386.530029296875,2386.530029296875,2386.530029296875,0
1789555200000,2384.18994140625,2389.610107421875,2382.81005859375,2389.610107421875,0
1789555482000,2390.889892578125,2390.889892578125,2390.889892578125,2390.889892578125,0
1789555500000,2389.580078125,2389.580078125,2379.89990234375,2383.739990234375,115537920
1789555800000,2383.97998046875,2387.47998046875,2379.360107421875,2384.760009765625,0
1789556100000,2384.77001953125,2388.60009765625,2382.27001953125,2388.60009765625,120952832
1789556400000,2388.3701171875,2393.02001953125,2388.3701171875,2389.830078125,0
1789556700000,2390.110107421875,2393.239990234375,2384.659912109375,2390.8798828125,28579840
1789557000000,2391.93994140625,2393.719970703125,2390.2099609375,2392.85009765625,17696768
1789557300000,2392.090087890625,2392.090087890625,2386.77001953125,2387.909912109375,0
1789557600000,2386.610107421875,2392.739990234375,2386.47998046875,2388.090087890625,76084224
1789557900000,2388.409912109375,2389.39990234375,2385.27001953125,2385.550048828125,21919744
1789558200000,2385.2900390625,2386.02001953125,2382.22998046875,2385.449951171875,0
1789558500000,2385.6201171875,2393.570068359375,2385.6201171875,2391.489990234375,0
1789558800000,2392.47998046875,2392.52001953125,2389.06005859375,2389.260009765625,8389632
1789559100000,2389.3798828125,2398.929931640625,2389.3798828125,2395.75,37265408
1789559400000,2395.639892578125,2397.800048828125,2394.5400390625,2395.68994140625,22753280
1789559700000,2395.260009765625,2395.2900390625,2388.830078125,2390.570068359375,0
1789560000000,2390.97998046875,2394,2389.050048828125,2392.72998046875,21908480
1789560300000,2392.6298828125,2395.449951171875,2386.9599609375,2390.919921875,78980096
1789560600000,2390.699951171875,2395.52001953125,2390.699951171875,2395.52001953125,12931072
1789560893000,2394.2900390625,2394.2900390625,2394.2900390625,2394.2900390625,0
1789560900000,2395.159912109375,2397.68994140625,2391.85009765625,2397.419921875,24350720
1789561200000,2397.77001953125,2397.77001953125,2392.85009765625,2392.8798828125,23393280
1789561209000,2396.820068359375,2396.820068359375,2396.820068359375,2396.820068359375,0
1789561500000,2393.610107421875,2394.969970703125,2390.9599609375,2394.389892578125,2438144
1789561522000,2394.669921875,2394.669921875,2394.669921875,2394.669921875,0
1789561800000,2394.75,2396.2099609375,2389.760009765625,2390.64990234375,322002944
1789561839000,2395.81005859375,2395.81005859375,2395.81005859375,2395.81005859375,0
1789562100000,2390.969970703125,2392.60009765625,2389.199951171875,2389.93994140625,0
1789562156000,2392,2392,2392,2392,0
1789562400000,2388.7900390625,2389.159912109375,2386.510009765625,2387.320068359375,5516288
1789562471000,2386.10009765625,2386.10009765625,2386.10009765625,2386.10009765625,0
1789562700000,2386.06005859375,2389.159912109375,2386.06005859375,2389.0400390625,29450240
1789562787000,2389.469970703125,2389.469970703125,2389.469970703125,2389.469970703125,0
1789563000000,2390.3701171875,2390.8701171875,2389.75,2389.830078125,0
1789563098000,2390.679931640625,2390.679931640625,2390.679931640625,2390.679931640625,0
1789563300000,2392.469970703125,2392.800048828125,2391.800048828125,2392.800048828125,0
1789563418000,2391.030029296875,2391.030029296875,2391.030029296875,2391.030029296875,0
1789563600000,2389.35009765625,2389.800048828125,2387.47998046875,2388.25,0
1789563732000,2387.949951171875,2387.949951171875,2387.949951171875,2387.949951171875,0
1789563900000,2391.93994140625,2392.010009765625,2385.35009765625,2385.35009765625,0
1789564200000,2385.659912109375,2389.06005859375,2384.81005859375,2389.030029296875,26833920
1789564500000,2389.22998046875,2392,2388.580078125,2391.0400390625,35155968
1789564800000,2391.070068359375,2391.409912109375,2384.909912109375,2387.22998046875,110651392
1789565100000,2386.64990234375,2389.199951171875,2386.56005859375,2387.02001953125,22648832
1789565400000,2386.639892578125,2387.139892578125,2381.320068359375,2381.860107421875,47060992
1789565700000,2381.52001953125,2381.679931640625,2373.489990234375,2374.489990234375,0
1789566000000,2373.7099609375,2376.760009765625,2369.72998046875,2373.97998046875,0
1789566300000,2374.56005859375,2379.199951171875,2369.510009765625,2370.3701171875,151501824
1789566600000,2370.9599609375,2380.639892578125,2370,2377.7099609375,0
1789566606000,2371.239990234375,2371.239990234375,2371.239990234375,2371.239990234375,0
1789566900000,2377.60009765625,2392.47998046875,2376.10009765625,2387.199951171875,2539520
1789566927000,2377.300048828125,2377.300048828125,2377.300048828125,2377.300048828125,0
1789567200000,2388.530029296875,2399.800048828125,2370.43994140625,2396.239990234375,129457152
1789567243000,2393.419921875,2393.419921875,2393.419921875,2393.419921875,0
1789567500000,2401.219970703125,2426.85009765625,2401.219970703125,2414.139892578125,250895360
1789567554000,2408.419921875,2408.419921875,2408.419921875,2408.419921875,0
1789567800000,2413.320068359375,2415.9599609375,2406.739990234375,2409.679931640625,0
1789567874000,2406.419921875,2406.419921875,2406.419921875,2406.419921875,0
1789568100000,2400.360107421875,2404.02001953125,2399.909912109375,2404.02001953125,0
1789568190000,2403,2403,2403,2403,0
1789568400000,2401.739990234375,2405.4599609375,2399.659912109375,2405.4599609375,238473216
1789568505000,2407,2407,2407,2407,0
1789568700000,2402.75,2404.2099609375,2400.800048828125,2403.8798828125,0
1789568821000,2404.25,2404.25,2404.25,2404.25,0
1789569000000,2409.929931640625,2410.3701171875,2402.679931640625,2403.909912109375,323360768
1789569137000,2401.550048828125,2401.550048828125,2401.550048828125,2401.550048828125,0
1789569300000,2397.3701171875,2397.3701171875,2367.889892578125,2372.89990234375,0
1789569452000,2376.139892578125,2376.139892578125,2376.139892578125,2376.139892578125,0
1789569600000,2399.89990234375,2418.300048828125,2397.800048828125,2407.070068359375,1230981120
1789569900000,2406.760009765625,2410.340087890625,2406.669921875,2407.669921875,0
1789569993000,2408.06005859375,2408.06005859375,2408.06005859375,2408.06005859375,0
1789570200000,2401.8798828125,2402.530029296875,2397.6201171875,2397.6201171875,0
1789570308000,2401.75,2401.75,2401.75,2401.75,0
1789570500000,2389.14990234375,2393.610107421875,2387.14990234375,2392.590087890625,4892672
1789570623000,2391.60009765625,2391.60009765625,2391.60009765625,2391.60009765625,0
1789570800000,2397.10009765625,2413.6298828125,2397.10009765625,2408.89990234375,13541376
1789570945000,2408.27001953125,2408.27001953125,2408.27001953125,2408.27001953125,0
1789571100000,2409.320068359375,2412.64990234375,2406.590087890625,2411.669921875,0
1789571260000,2412.110107421875,2412.110107421875,2412.110107421875,2412.110107421875,0
1789571400000,2406,2406,2400,2401.679931640625,18651136
1789571576000,2401.159912109375,2401.159912109375,2401.159912109375,2401.159912109375,0
1789571700000,2405.199951171875,2407.300048828125,2399.780029296875,2399.800048828125,32891904
1789571892000,2402.64990234375,2402.64990234375,2402.64990234375,2402.64990234375,0
1789572000000,2397.35009765625,2399.2099609375,2389.97998046875,2390.10009765625,0
1789572207000,2387.989990234375,2387.989990234375,2387.989990234375,2387.989990234375,0
1789572300000,2386.14990234375,2387.989990234375,2374.820068359375,2383.590087890625,215985152
1789572528000,2378.35009765625,2378.35009765625,2378.35009765625,2378.35009765625,0
1789572600000,2385.260009765625,2392.25,2380.2900390625,2392.10009765625,81748992
1789572844000,2393.780029296875,2393.780029296875,2393.780029296875,2393.780029296875,0
1789572900000,2399.699951171875,2401.800048828125,2392.27001953125,2398.419921875,144318464
1789573200000,2398.610107421875,2405.02001953125,2396.719970703125,2403.860107421875,2429952
1789573500000,2404.780029296875,2408.9599609375,2403.300048828125,2405.39990234375,252164096
1789573800000,2406.52001953125,2407.2099609375,2403.610107421875,2406.330078125,197507072
1789574100000,2405.409912109375,2407.2900390625,2404.090087890625,2406.7900390625,0
1789574400000,2406.43994140625,2412.93994140625,2402.719970703125,2412.93994140625,11145216
1789574700000,2412.52001953125,2416.860107421875,2408.739990234375,2410.320068359375,0
1789575000000,2409.199951171875,2412.1201171875,2408.06005859375,2410.3701171875,103437312
1789575300000,2409.9599609375,2413.639892578125,2406.840087890625,2412.840087890625,42257408
1789575600000,2412.1201171875,2415.699951171875,2411.570068359375,2412.6201171875,17887232
1789575900000,2412.659912109375,2412.659912109375,2405.070068359375,2409.199951171875,17648640
1789576200000,2410.260009765625,2411.22998046875,2406.5400390625,2411.06005859375,4575232
1789576500000,2412.360107421875,2412.989990234375,2405.7900390625,2406.409912109375,97422336
1789576800000,2406.169921875,2407.360107421875,2402.280029296875,2406.6298828125,0
1789577100000,2406.64990234375,2410.43994140625,2405.02001953125,2409.56005859375,172989440
1789577400000,2409.25,2409.25,2405.280029296875,2407.760009765625,0
1789577700000,2408.10009765625,2409.02001953125,2406.68994140625,2408.7900390625,236544
1789578000000,2408.75,2408.969970703125,2407.31005859375,2407.5,0
1789578300000,2407.489990234375,2410.830078125,2407.31005859375,2409.31005859375,89669632
1789578600000,2409.14990234375,2410.110107421875,2405.56005859375,2407.3798828125,6134784
1789578900000,2407.929931640625,2409.199951171875,2406.1201171875,2406.6298828125,11287552
1789579200000,2406.820068359375,2408.39990234375,2405.260009765625,2405.669921875,26291200
1789579500000,2405.800048828125,2408.159912109375,2403.300048828125,2403.56005859375,9178112
1789579800000,2403.5,2405.679931640625,2402.77001953125,2403.06005859375,164525056
1789580100000,2403.219970703125,2405.159912109375,2399.5400390625,2400.18994140625,6752256
1789580400000,2400.2099609375,2401.199951171875,2398.699951171875,2400.429931640625,84702208
1789580700000,2400.719970703125,2402.320068359375,2399.52001953125,2400.159912109375,79170560
1789581000000,2400.1201171875,2403.949951171875,2399.570068359375,2403.93994140625,9991168
1789581300000,2404.0400390625,2404.580078125,2400.570068359375,2404.199951171875,13279232
1789581547000,2403.8701171875,2403.8701171875,2403.8701171875,2403.8701171875,0
1789581600000,2404.159912109375,2404.159912109375,2389.699951171875,2393.22998046875,0
1789581868000,2391.429931640625,2391.429931640625,2391.429931640625,2391.429931640625,0
1789581900000,2390,2390.56005859375,2386.5400390625,2388.590087890625,0
1789582186000,2390.0400390625,2390.0400390625,2390.0400390625,2390.0400390625,0
1789582200000,2390.7900390625,2397.659912109375,2390.60009765625,2397.419921875,6174720
1789582500000,2397,2397,2397,2397,0
1789582800000,2394.139892578125,2395.1201171875,2391.070068359375,2392.090087890625,85015552
1789582817000,2393.820068359375,2393.820068359375,2393.820068359375,2393.820068359375,0
1789583100000,2391.989990234375,2394.360107421875,2391.6201171875,2392.659912109375,266877952
1789583130000,2392.110107421875,2392.110107421875,2392.110107421875,2392.110107421875,0
1789583400000,2391.360107421875,2392.43994140625,2390.090087890625,2390.590087890625,1769472
1789583445000,2391.3798828125,2391.3798828125,2391.3798828125,2391.3798828125,0
1789583700000,2390.2900390625,2392.06005859375,2390.2900390625,2391.300048828125,0
1789583768000,2391.179931640625,2391.179931640625,2391.179931640625,2391.179931640625,0
1789584000000,2395.02001953125,2395.27001953125,2393.550048828125,2393.550048828125,0
1789584084000,2394.360107421875,2394.360107421875,2394.360107421875,2394.360107421875,0
1789584300000,2396.5,2396.780029296875,2395.89990234375,2396.570068359375,0
1789584401000,2396.2099609375,2396.2099609375,2396.2099609375,2396.2099609375,0
1789584600000,2391.8798828125,2392.1201171875,2389.300048828125,2389.639892578125,0
1789584900000,2389.610107421875,2390.699951171875,2388.989990234375,2390.699951171875,301643776
1789585200000,2390.580078125,2392.639892578125,2388.52001953125,2392.469970703125,0
1789585500000,2393.030029296875,2396.260009765625,2392.679931640625,2395.800048828125,0
1789585800000,2396.1201171875,2397.25,2395.02001953125,2397.139892578125,0
1789586100000,2397.419921875,2406.81005859375,2397.419921875,2406.739990234375,93997056
1789586400000,2407.330078125,2413.35009765625,2407.320068359375,2411.260009765625,0
1789586700000,2411.820068359375,2413.3701171875,2409.580078125,2411.02001953125,150200320
1789587000000,2411.199951171875,2413.8798828125,2409.9599609375,2413.510009765625,0
1789587300000,2412.6298828125,2415.06005859375,2410.919921875,2414.10009765625,129449984
1789587600000,2414.409912109375,2420.169921875,2414.409912109375,2417.219970703125,48877568
1789587900000,2417.5,2419.68994140625,2413.760009765625,2416.679931640625,63540224
1789588200000,2415.889892578125,2420.219970703125,2415.889892578125,2418.280029296875,46848000
1789588500000,2418.449951171875,2419.60009765625,2415.2900390625,2416.449951171875,9370624
1789588800000,2416.3701171875,2416.610107421875,2414.389892578125,2415.97998046875,0
1789589100000,2415.280029296875,2421.199951171875,2414.110107421875,2421.199951171875,0
1789589400000,2420.679931640625,2422.85009765625,2417.81005859375,2419.68994140625,71264256
1789589700000,2419.3701171875,2424.070068359375,2418.7099609375,2423.050048828125,25245696
1789590000000,2422.6298828125,2424.080078125,2420.77001953125,2423.8798828125,0
1789590300000,2423.830078125,2424.010009765625,2419.320068359375,2419.6201171875,0
1789590600000,2420.14990234375,2425.2900390625,2419.179931640625,2423.260009765625,27942912
1789590900000,2422.889892578125,2425.669921875,2420.52001953125,2423.89990234375,0
1789591200000,2423.6298828125,2424.389892578125,2421.409912109375,2422,182801408
1789591500000,2421.8701171875,2422.8798828125,2419.320068359375,2420.6201171875,0
1789591800000,2421.080078125,2421.080078125,2418.340087890625,2418.510009765625,140953600
1789592100000,2418.580078125,2419.070068359375,2416.60009765625,2416.60009765625,0
1789592400000,2417.010009765625,2417.010009765625,2411.85009765625,2413.929931640625,0
1789592700000,2413.1201171875,2419.2099609375,2413.010009765625,2414.429931640625,31055872
1789593000000,2413.510009765625,2416.590087890625,2413.18994140625,2416.590087890625,2291712
1789593300000,2417.110107421875,2420.3701171875,2414.60009765625,2418.929931640625,0
1789593600000,2419.169921875,2424.699951171875,2419.169921875,2424.699951171875,182634496
1789593900000,2424.97998046875,2438.330078125,2424.97998046875,2437.0400390625,25221120
1789594200000,2436.010009765625,2442.909912109375,2434.030029296875,2435.139892578125,0
1789594500000,2435.860107421875,2438.47998046875,2431.25,2431.43994140625,404593664
1789594800000,2431.25,2434.840087890625,2428.080078125,2432.860107421875,84629504
1789595100000,2432.5,2433.9599609375,2429.489990234375,2433.1298828125,18711552
1789595400000,2432.530029296875,2433.110107421875,2427.929931640625,2428.070068359375,16844800
1789595700000,2428.02001953125,2428.300048828125,2425.260009765625,2425.56005859375,0
1789596000000,2425.550048828125,2426.969970703125,2424.39990234375,2425.6298828125,0
1789596300000,2426.0400390625,2426.300048828125,2417.75,2418.0400390625,36402176
1789596600000,2418.050048828125,2420.4599609375,2416.1201171875,2420.39990234375,14357504
1789596900000,2419.989990234375,2419.989990234375,2416.139892578125,2416.139892578125,0
1789597200000,2416.050048828125,2416.85009765625,2413.949951171875,2415.8701171875,18388992
1789597500000,2415.5400390625,2420.969970703125,2415.31005859375,2420.5400390625,0
1789597800000,2420.3701171875,2423.02001953125,2418.530029296875,2422.31005859375,0
1789598100000,2421.889892578125,2429.56005859375,2421.7900390625,2427.7900390625,141663232
1789598400000,2427.85009765625,2430.800048828125,2426.300048828125,2429.169921875,0
1789598700000,2429.3798828125,2429.6201171875,2425.610107421875,2429.18994140625,19664896
1789599000000,2428.590087890625,2430.56005859375,2425.570068359375,2426.679931640625,117224448
1789599300000,2426.6298828125,2428.030029296875,2426.39990234375,2426.9599609375,0
1789599600000,2427.320068359375,2431.510009765625,2427.320068359375,2431.320068359375,0
1789599900000,2431.6201171875,2434.510009765625,2431.050048828125,2431.659912109375,0
1789600200000,2431.64990234375,2431.669921875,2430.169921875,2431.669921875,121696256
1789600500000,2432.550048828125,2432.800048828125,2429.590087890625,2430.760009765625,0
1789600800000,2431.840087890625,2433.219970703125,2430.820068359375,2433.219970703125,0
1789601100000,2433.5,2435.5400390625,2432.64990234375,2434.110107421875,14825472
1789601400000,2434.25,2436.60009765625,2432.39990234375,2435,0
1789601700000,2435.320068359375,2436.909912109375,2433.969970703125,2434.52001953125,191685632
1789602000000,2435.199951171875,2436.1298828125,2434.35009765625,2435.159912109375,0
1789602300000,2435.340087890625,2435.820068359375,2433.6201171875,2434.919921875,7310336
1789602600000,2434.699951171875,2435.43994140625,2432.10009765625,2432.989990234375,89295872
1789602900000,2433.0400390625,2434.93994140625,2432.010009765625,2433.409912109375,0
1789603200000,2433.5,2433.93994140625,2429.840087890625,2431.47998046875,0
1789603500000,2431.25,2432,2429.760009765625,2429.760009765625,131709952
1789603800000,2429.8798828125,2429.889892578125,2428.5,2429.3701171875,0
1789604100000,2429.239990234375,2429.330078125,2427.889892578125,2427.889892578125,0
1789604400000,2427.570068359375,2427.77001953125,2423.77001953125,2424.139892578125,0
1789604700000,2425,2426.02001953125,2423.300048828125,2423.679931640625,42070016
1789605000000,2423.639892578125,2426.360107421875,2422.800048828125,2425.2099609375,3405824
1789605300000,2426.330078125,2433.14990234375,2426.330078125,2432.919921875,0
1789605600000,2433.18994140625,2435.0400390625,2431.6298828125,2433.360107421875,4901888
1789605900000,2433.14990234375,2438.68994140625,2432.639892578125,2438.3701171875,106712064
1789606200000,2438.89990234375,2440.3701171875,2435.02001953125,2435.02001953125,18880512
1789606500000,2435.02001953125,2442.139892578125,2435.02001953125,2439.97998046875,39761920
1789606800000,2440.0400390625,2444.300048828125,2439.830078125,2440.7900390625,0
1789607100000,2440.659912109375,2441.909912109375,2439.39990234375,2441.360107421875,0
1789607400000,2441.820068359375,2441.820068359375,2436.840087890625,2439.10009765625,0
1789607700000,2438.840087890625,2438.840087890625,2436.02001953125,2438.530029296875,0
1789608000000,2438.330078125,2440.6298828125,2438.110107421875,2440.6298828125,3204096
1789608300000,2440.679931640625,2442.909912109375,2439.72998046875,2440.8701171875,120944640
1789608600000,2440.610107421875,2440.72998046875,2436.60009765625,2439.719970703125,17580032
1789608900000,2440.22998046875,2440.35009765625,2436.860107421875,2437.139892578125,0
1789609200000,2437.429931640625,2437.590087890625,2434.81005859375,2436.570068359375,28188672
1789609500000,2436.330078125,2438.830078125,2436.320068359375,2437.7099609375,0
1789609800000,2437.77001953125,2438.840087890625,2437.070068359375,2437.14990234375,77221888
1789610100000,2437.080078125,2437.080078125,2433.639892578125,2434.719970703125,43439104
1789610400000,2434.18994140625,2437.739990234375,2433.72998046875,2437.22998046875,0
1789610700000,2436.9599609375,2440.580078125,2435.97998046875,2440.31005859375,0
1789611000000,2440.2099609375,2440.6201171875,2438.830078125,2439.409912109375,0
1789611300000,2439.18994140625,2439.18994140625,2435.52001953125,2436.469970703125,137930752
1789611600000,2436.139892578125,2436.139892578125,2433.570068359375,2433.77001953125,3139584
1789611900000,2433.7900390625,2437.739990234375,2433.239990234375,2437.739990234375,0
1789612200000,2439.219970703125,2440.81005859375,2437.39990234375,2439.360107421875,36247552
1789612500000,2439.43994140625,2442.300048828125,2439.27001953125,2442.2099609375,0
1789612800000,2442.139892578125,2443.219970703125,2441.6201171875,2443.10009765625,180393984
1789613100000,2442.969970703125,2444.469970703125,2440.77001953125,2440.77001953125,107860992
1789613400000,2440.89990234375,2440.949951171875,2439.389892578125,2439.4599609375,0
1789613700000,2439.27001953125,2439.340087890625,2438.179931640625,2438.919921875,0
1789614000000,2438.64990234375,2442.590087890625,2438.6298828125,2442.590087890625,0
1789614300000,2442.89990234375,2451.360107421875,2442.7900390625,2449.199951171875,0
1789614600000,2449.14990234375,2451.820068359375,2444.360107421875,2445.929931640625,31327232
1789614900000,2445.610107421875,2450.0400390625,2444.800048828125,2445.909912109375,17929216
1789615200000,2445.8798828125,2447.7900390625,2444.7099609375,2447.7900390625,28472320
1789615500000,2447.340087890625,2447.8701171875,2445.469970703125,2446.1201171875,94500864
1789615800000,2446.39990234375,2446.81005859375,2444.800048828125,2445.39990234375,8901632
1789616100000,2445.389892578125,2446.080078125,2444.27001953125,2444.35009765625,0
1789616400000,2444.60009765625,2446.719970703125,2443.97998046875,2443.97998046875,18537472
1789616700000,2443.8798828125,2446.18994140625,2443.090087890625,2443.2099609375,0
1789617000000,2443,2443,2440.56005859375,2440.830078125,0
1789617300000,2440.8798828125,2442.050048828125,2440.43994140625,2442.050048828125,0
1789617600000,2442.56005859375,2444.3701171875,2440.89990234375,2444.3701171875,0
1789617900000,2444.10009765625,2444.10009765625,2440.510009765625,2440.699951171875,0
1789618200000,2440.719970703125,2441.89990234375,2436.570068359375,2436.570068359375,1532928
1789618500000,2436.610107421875,2439.919921875,2435.60009765625,2439.1298828125,0
1789618800000,2439.1298828125,2441.7099609375,2438.639892578125,2439.389892578125,0
1789619100000,2439.070068359375,2440.159912109375,2436.610107421875,2436.820068359375,161620992
1789619400000,2436.919921875,2439.60009765625,2435.2900390625,2438.590087890625,0
1789619700000,2438.719970703125,2443.47998046875,2438.110107421875,2443.47998046875,0
1789620000000,2443.409912109375,2443.43994140625,2438.7099609375,2440.6298828125,0
1789620300000,2440.6201171875,2441.4599609375,2439.8798828125,2440.110107421875,24549376
1789620600000,2440.02001953125,2444.179931640625,2440.02001953125,2443.840087890625,10062848
1789620900000,2444.070068359375,2444.070068359375,2442.889892578125,2443.22998046875,0
1789621200000,2443.43994140625,2444.969970703125,2442.929931640625,2443.929931640625,0
1789621500000,2444.27001953125,2445.1298828125,2442.659912109375,2443.239990234375,0
1789621800000,2443.409912109375,2446.81005859375,2443.409912109375,2444.409912109375,6825984
1789622100000,2444.469970703125,2446.18994140625,2443.110107421875,2443.110107421875,0
1789622400000,2443.219970703125,2445.89990234375,2443.179931640625,2443.8701171875,75399168
1789622700000,2443.780029296875,2446.219970703125,2442.909912109375,2442.909912109375,63447040
1789623000000,2442.9599609375,2445.3701171875,2442.679931640625,2445.139892578125,5431296
1789623300000,2444.780029296875,2446.679931640625,2443.989990234375,2444.1298828125,0
1789623600000,2443.93994140625,2444.389892578125,2440.10009765625,2440.340087890625,59585536
1789623900000,2440.330078125,2442.25,2438.3701171875,2438.85009765625,0
1789624200000,2438.85009765625,2438.85009765625,2435.800048828125,2437.889892578125,0
1789624500000,2437.72998046875,2439.110107421875,2436.60009765625,2436.60009765625,132723712
1789624800000,2436.60009765625,2437.179931640625,2429.75,2432.77001953125,0
1789625100000,2432.330078125,2434.97998046875,2432.330078125,2432.800048828125,0
1789625400000,2432.989990234375,2434.760009765625,2432.280029296875,2433,0
1789625700000,2433.050048828125,2433.239990234375,2430.110107421875,2431.070068359375,0
1789626000000,2430.760009765625,2431.35009765625,2429.31005859375,2430.889892578125,85721088
1789626300000,2430.889892578125,2432.320068359375,2430.72998046875,2431.10009765625,0
1789626600000,2430.8798828125,2431.780029296875,2429.7099609375,2429.989990234375,0
1789626900000,2430.35009765625,2433.52001953125,2430.35009765625,2433.070068359375,0
1789627200000,2432.5400390625,2432.780029296875,2430.550048828125,2430.56005859375,0
1789627500000,2430.56005859375,2430.919921875,2427.9599609375,2429.7900390625,101857280
1789627800000,2430.090087890625,2432.27001953125,2429.080078125,2432.070068359375,151661568
1789628100000,2432.06005859375,2433.449951171875,2431.110107421875,2433.419921875,12773376
1789628400000,2433.449951171875,2436.1201171875,2433.300048828125,2435.10009765625,5569536
1789628700000,2434.580078125,2434.580078125,2431.889892578125,2433.3798828125,23544832
1789629000000,2433.89990234375,2436.2900390625,2433.7099609375,2436.2900390625,13008896
1789629300000,2436.22998046875,2436.72998046875,2431.8701171875,2433.47998046875,125179904
1789629330000,2436.580078125,2436.580078125,2436.580078125,2436.580078125,0
1789629600000,2433.72998046875,2435.070068359375,2433.6298828125,2433.6298828125,227616768
1789629653000,2434.429931640625,2434.429931640625,2434.429931640625,2434.429931640625,0
1789629900000,2432.68994140625,2434.989990234375,2432.31005859375,2434.7099609375,68111360
1789629957000,2432.5400390625,2432.5400390625,2432.5400390625,2432.5400390625,0
1789630200000,2434.22998046875,2434.22998046875,2433,2433.139892578125,0
1789630275000,2432.39990234375,2432.39990234375,2432.39990234375,2432.39990234375,0
1789630500000,2431.1298828125,2431.1298828125,2430,2430.25,0
1789630594000,2430.60009765625,2430.60009765625,2430.60009765625,2430.60009765625,0
1789630800000,2428.919921875,2428.919921875,2426.10009765625,2426.10009765625,10209280
1789630905000,2426.6298828125,2426.6298828125,2426.6298828125,2426.6298828125,0
1789631100000,2426.010009765625,2427,2426.010009765625,2426.489990234375,0
1789631220000,2426.6298828125,2426.6298828125,2426.6298828125,2426.6298828125,0
1789631400000,2427.239990234375,2429.39990234375,2427.1201171875,2428.8798828125,0
1789631529000,2428.800048828125,2428.800048828125,2428.800048828125,2428.800048828125,0
1789631700000,2429.909912109375,2430.909912109375,2429.699951171875,2430.909912109375,0
1789631847000,2431.6298828125,2431.6298828125,2431.6298828125,2431.6298828125,0
1789632000000,2439.639892578125,2443,2438.7099609375,2443,123052032
1789632158000,2438.18994140625,2438.18994140625,2438.18994140625,2438.18994140625,0
1789632300000,2440.8701171875,2446.5,2438.93994140625,2445.949951171875,47543296
1789632600000,2445.969970703125,2454.27001953125,2443.389892578125,2452.919921875,49593344
1789632900000,2453.06005859375,2457.340087890625,2452.659912109375,2457.340087890625,92072960
1789633200000,2458.8701171875,2460.800048828125,2456.35009765625,2459.97998046875,49338368
1789633414000,2460.469970703125,2460.469970703125,2460.469970703125,2460.469970703125,0
1789633500000,2460.7099609375,2465,2460.7099609375,2464.85009765625,11550720
1789633729000,2467.320068359375,2467.320068359375,2467.320068359375,2467.320068359375,0
1789633800000,2467.800048828125,2477.0400390625,2466,2466,55571456
1789633964000,2463.969970703125,2463.969970703125,2463.969970703125,2463.969970703125,0
1789634100000,2470.169921875,2470.169921875,2464.5,2464.5,145992704
1789634358000,2464.489990234375,2464.489990234375,2464.489990234375,2464.489990234375,0
1789634400000,2463.97998046875,2464.449951171875,2460.360107421875,2461.800048828125,244195328
1789634676000,2460.3701171875,2460.3701171875,2460.3701171875,2460.3701171875,0
1789634700000,2460.7099609375,2462.06005859375,2457.860107421875,2458.35009765625,38856704
1789634989000,2458.25,2458.25,2458.25,2458.25,0
1789635000000,2458.590087890625,2463.97998046875,2457.9599609375,2458.659912109375,0
1789635300000,2458.22998046875,2461.969970703125,2456.610107421875,2457.639892578125,26570752
1789635303000,2458.22998046875,2458.22998046875,2458.22998046875,2458.22998046875,0
1789635600000,2457.56005859375,2462.820068359375,2457.56005859375,2460.0400390625,40598528
1789635623000,2458.800048828125,2458.800048828125,2458.800048828125,2458.800048828125,0
1789635900000,2459.8701171875,2460.25,2454.52001953125,2454.75,103234560
1789635934000,2459,2459,2459,2459,0
1789636200000,2455.169921875,2457.919921875,2452.699951171875,2454.929931640625,101967872
1789636250000,2453.469970703125,2453.469970703125,2453.469970703125,2453.469970703125,0
1789636500000,2454.260009765625,2457.780029296875,2453.81005859375,2454.39990234375,160187392
1789636800000,2454.300048828125,2456.60009765625,2450.81005859375,2451.56005859375,55632896
1789637100000,2451.050048828125,2452.60009765625,2449.0400390625,2450.429931640625,6999040
1789637400000,2450.6201171875,2453.280029296875,2443.14990234375,2445,15506432
1789637700000,2444.9599609375,2445.800048828125,2430.699951171875,2431.780029296875,24160256
1789638000000,2433.60009765625,2438.969970703125,2432.89990234375,2436.2099609375,51469312
1789638300000,2437.590087890625,2449.169921875,2434.300048828125,2446.6298828125,49772544
1789638600000,2445.93994140625,2457.8701171875,2445.93994140625,2453,164891648
1789638900000,2452.7900390625,2461.10009765625,2452.7900390625,2460.06005859375,239971328
1789639200000,2461.68994140625,2463.050048828125,2448.469970703125,2450.27001953125,139899904
1789639227000,2460.929931640625,2460.929931640625,2460.929931640625,2460.929931640625,0
1789639500000,2450.02001953125,2462.25,2448.77001953125,2460.7900390625,16194560
1789639547000,2454.1201171875,2454.1201171875,2454.1201171875,2454.1201171875,0
1789639800000,2461.60009765625,2465.030029296875,2461.449951171875,2465.030029296875,112035840
1789639862000,2465.2099609375,2465.2099609375,2465.2099609375,2465.2099609375,0
1789640100000,2474.8701171875,2477.10009765625,2473.5,2473.5,52478976
1789640177000,2473.8701171875,2473.8701171875,2473.8701171875,2473.8701171875,0
1789640400000,2467.449951171875,2469.10009765625,2467.110107421875,2467.969970703125,0
1789640494000,2473.800048828125,2473.800048828125,2473.800048828125,2473.800048828125,0
1789640700000,2476.320068359375,2479.889892578125,2473.68994140625,2474.330078125,0
1789640810000,2478.6298828125,2478.6298828125,2478.6298828125,2478.6298828125,0
1789641000000,2475.1201171875,2478.300048828125,2472.860107421875,2477.610107421875,238787584
1789641125000,2476.389892578125,2476.389892578125,2476.389892578125,2476.389892578125,0
1789641300000,2474.449951171875,2475,2468.25,2469.85009765625,68703232
1789641441000,2469.860107421875,2469.860107421875,2469.860107421875,2469.860107421875,0
1789641600000,2469.14990234375,2470.300048828125,2467.219970703125,2467.219970703125,67342336
1789641757000,2464.56005859375,2464.56005859375,2464.56005859375,2464.56005859375,0
1789641900000,2462.8798828125,2466.22998046875,2462.85009765625,2464.6298828125,0
1789642070000,2461.60009765625,2461.60009765625,2461.60009765625,2461.60009765625,0
1789642200000,2464.510009765625,2464.510009765625,2459.8701171875,2462.81005859375,75760640
1789642500000,2462.489990234375,2464.18994140625,2459.030029296875,2459.030029296875,0
1789642800000,2459.280029296875,2459.489990234375,2451.68994140625,2451.719970703125,0
1789643100000,2451.949951171875,2452.1298828125,2447.010009765625,2450.8701171875,0
1789643400000,2450.219970703125,2450.469970703125,2445.969970703125,2448.89990234375,61451264
1789643700000,2449.1201171875,2454.5400390625,2446.909912109375,2451.010009765625,15757312
1789644000000,2450.39990234375,2452.159912109375,2448.64990234375,2449.219970703125,71333888
1789644300000,2449.72998046875,2453.89990234375,2449.2099609375,2452.909912109375,84486144
1789644600000,2453.6201171875,2456.510009765625,2452.5,2456.14990234375,0
1789644900000,2455.56005859375,2468.93994140625,2455.25,2468.93994140625,16762880
1789645200000,2468.60009765625,2475.639892578125,2468.260009765625,2469.93994140625,176138240
1789645500000,2469.75,2469.75,2465.56005859375,2465.56005859375,143437824
1789645800000,2465.780029296875,2471.639892578125,2464.5400390625,2467.919921875,2590720
1789646100000,2466.9599609375,2468.679931640625,2465.52001953125,2468.320068359375,23343104
1789646400000,2467.85009765625,2471.5,2466.68994140625,2468.929931640625,0
1789646700000,2468.669921875,2470.489990234375,2466,2469.820068359375,0
1789647000000,2469.610107421875,2469.610107421875,2466.6298828125,2468.22998046875,45253632
1789647300000,2468.360107421875,2469.780029296875,2466.2099609375,2466.429931640625,122527744
1789647600000,2466.489990234375,2469.419921875,2464.14990234375,2468.340087890625,19100672
1789647900000,2468.929931640625,2468.929931640625,2464.68994140625,2466.93994140625,42705920
1789648200000,2467.0400390625,2467.0400390625,2453.659912109375,2456.699951171875,3612672
1789648500000,2456.659912109375,2462.2900390625,2456.659912109375,2461.419921875,19720192
1789648800000,2461.320068359375,2462.43994140625,2458.030029296875,2462.39990234375,154536960
1789649100000,2462.43994140625,2464.14990234375,2457.8701171875,2459.110107421875,39772160
1789649400000,2459.280029296875,2465.360107421875,2459.280029296875,2463.199951171875,131995648
1789649700000,2462.699951171875,2467.760009765625,2461.1201171875,2467.760009765625,47735808
1789650000000,2468.60009765625,2474.260009765625,2467.27001953125,2474.260009765625,51467264
1789650300000,2473.97998046875,2473.97998046875,2470.3798828125,2471.39990234375,91737088
1789650600000,2471.6201171875,2471.6201171875,2466.840087890625,2466.969970703125,231704576
1789650900000,2467.2099609375,2469.409912109375,2465.0400390625,2468.77001953125,0
1789651200000,2468.800048828125,2472.0400390625,2468.800048828125,2472.0400390625,41265152
1789651428000,2473.85009765625,2473.85009765625,2473.85009765625,2473.85009765625,0
1789651500000,2471.669921875,2472.159912109375,2469.300048828125,2469.8701171875,51950592
1789651746000,2469.280029296875,2469.280029296875,2469.280029296875,2469.280029296875,0
1789651800000,2471.31005859375,2471.550048828125,2467.06005859375,2469.93994140625,65745920
1789652060000,2469.889892578125,2469.889892578125,2469.889892578125,2469.889892578125,0
1789652100000,2470.889892578125,2471.550048828125,2466.969970703125,2468.340087890625,58432512
1789652377000,2467.47998046875,2467.47998046875,2467.47998046875,2467.47998046875,0
1789652400000,2467.090087890625,2469.330078125,2466.429931640625,2466.72998046875,0
1789652693000,2463.489990234375,2463.489990234375,2463.489990234375,2463.489990234375,0
1789652700000,2463.260009765625,2463.360107421875,2458.330078125,2460.2900390625,0
1789653000000,2460.39990234375,2462.06005859375,2457.8701171875,2458.9599609375,159391744
1789653008000,2460.60009765625,2460.60009765625,2460.60009765625,2460.60009765625,0
1789653300000,2459.7900390625,2461.60009765625,2459.7900390625,2460.669921875,0
1789653324000,2459.840087890625,2459.840087890625,2459.840087890625,2459.840087890625,0
1789653600000,2460.679931640625,2460.89990234375,2458.800048828125,2458.929931640625,172935168
1789653639000,2460.31005859375,2460.31005859375,2460.31005859375,2460.31005859375,0
1789653900000,2458.93994140625,2459.4599609375,2457.909912109375,2457.909912109375,0
1789653960000,2458.1201171875,2458.1201171875,2458.1201171875,2458.1201171875,0
1789654200000,2457.199951171875,2457.47998046875,2457.1298828125,2457.159912109375,0
1789654271000,2457.409912109375,2457.409912109375,2457.409912109375,2457.409912109375,0
1789654500000,2460.070068359375,2461.179931640625,2459.300048828125,2460.360107421875,0
1789654800000,2461.280029296875,2461.530029296875,2458.64990234375,2458.889892578125,0
1789655100000,2458.780029296875,2460.239990234375,2458.43994140625,2458.6201171875,0
1789655400000,2458.610107421875,2459.360107421875,2452.860107421875,2454.360107421875,33913856
1789655700000,2454.360107421875,2455.760009765625,2447.550048828125,2447.550048828125,0
1789656000000,2448.39990234375,2453.889892578125,2448.39990234375,2453.22998046875,0
1789656300000,2453.97998046875,2455.929931640625,2452.31005859375,2455.699951171875,2415616
1789656600000,2455.699951171875,2455.699951171875,2452.02001953125,2452.360107421875,0
1789656900000,2452.510009765625,2453.60009765625,2450.239990234375,2450.5,71615488
1789657157000,2450.389892578125,2450.389892578125,2450.389892578125,2450.389892578125,0
1789657200000,2449.60009765625,2453.0400390625,2449.22998046875,2452.2900390625,0
1789657477000,2452.340087890625,2452.340087890625,2452.340087890625,2452.340087890625,0
1789657500000,2452.10009765625,2453.530029296875,2451.43994140625,2451.43994140625,0
1789657793000,2450.9599609375,2450.9599609375,2450.9599609375,2450.9599609375,0
1789657800000,2451.31005859375,2451.3701171875,2449.06005859375,2449.06005859375,0
1789658100000,2449.0400390625,2449.4599609375,2447.699951171875,2449.409912109375,0
1789658107000,2449,2449,2449,2449,0
1789658400000,2449.75,2452.860107421875,2449.75,2452.22998046875,51798016
1789658419000,2450.389892578125,2450.389892578125,2450.389892578125,2450.389892578125,0
1789658700000,2450.47998046875,2451.389892578125,2449.300048828125,2451.389892578125,4311040
1789658735000,2450.47998046875,2450.47998046875,2450.47998046875,2450.47998046875,0
1789659000000,2451.239990234375,2452.919921875,2448.389892578125,2450.929931640625,0
1789659050000,2450.760009765625,2450.760009765625,2450.760009765625,2450.760009765625,0
1789659300000,2450.4599609375,2450.4599609375,2449.5,2449.5,0
1789659366000,2449,2449,2449,2449,0
1789659600000,2446.77001953125,2447.669921875,2446.77001953125,2447.070068359375,4414464
1789659677000,2447.409912109375,2447.409912109375,2447.409912109375,2447.409912109375,0
1789659900000,2448.260009765625,2448.260009765625,2446.89990234375,2446.89990234375,0
1789659992000,2445.6201171875,2445.6201171875,2445.6201171875,2445.6201171875,0
1789660200000,2446.030029296875,2452.97998046875,2446.030029296875,2449.010009765625,0
1789660500000,2448.43994140625,2449.409912109375,2446.949951171875,2447.340087890625,0
1789660800000,2446.909912109375,2450.409912109375,2445.5400390625,2450.030029296875,40741888
1789661100000,2450.449951171875,2451.4599609375,2449.52001953125,2449.800048828125,0
1789661400000,2450.340087890625,2452.070068359375,2449.7900390625,2452.070068359375,0
1789661700000,2451.830078125,2452.5,2450.64990234375,2451.4599609375,0
1789662000000,2451.31005859375,2456.5400390625,2451.31005859375,2456.5400390625,4386816
1789662300000,2456.47998046875,2456.929931640625,2455.52001953125,2455.72998046875,0
1789662600000,2455.610107421875,2455.77001953125,2452.469970703125,2452.590087890625,0
1789662900000,2453.139892578125,2454.090087890625,2450.739990234375,2450.739990234375,10831872
1789663200000,2450.9599609375,2451.530029296875,2447.550048828125,2448.969970703125,35694592
1789663500000,2449.050048828125,2449.6201171875,2447.6201171875,2447.6201171875,0
1789663800000,2447.72998046875,2450.3701171875,2446.2900390625,2449.679931640625,0
1789664100000,2449.5400390625,2451.43994140625,2449.010009765625,2451.43994140625,0
1789664400000,2451.489990234375,2454.080078125,2448.610107421875,2449.18994140625,61514752
1789664700000,2449.199951171875,2449.919921875,2448.52001953125,2448.5400390625,30145536
1789665000000,2448.68994140625,2449.429931640625,2448.0400390625,2448.550048828125,1967104
1789665300000,2448.840087890625,2449.2900390625,2448.43994140625,2448.889892578125,252928
1789665600000,2448.889892578125,2450.25,2448.47998046875,2449.830078125,60290048
1789665900000,2449.800048828125,2450.469970703125,2449.179931640625,2450.469970703125,1249280
1789666200000,2450.110107421875,2450.6201171875,2449.590087890625,2449.85009765625,0
1789666500000,2449.570068359375,2451.719970703125,2448.360107421875,2451.530029296875,23306240
1789666800000,2451.300048828125,2451.39990234375,2449.0400390625,2449.580078125,236299264
1789667100000,2449.6298828125,2449.639892578125,2447.889892578125,2447.9599609375,42779648
1789667400000,2448,2448.050048828125,2446.52001953125,2447.47998046875,83595264
1789667700000,2447.739990234375,2448.179931640625,2445.429931640625,2445.429931640625,0
1789668000000,2444.719970703125,2447.889892578125,2442.679931640625,2444.590087890625,106530816
1789668009000,2443.56005859375,2443.56005859375,2443.56005859375,2443.56005859375,0
1789668300000,2444.97998046875,2447.0400390625,2440.7099609375,2442.60009765625,0
1789668322000,2445.27001953125,2445.27001953125,2445.27001953125,2445.27001953125,0
1789668600000,2442.489990234375,2444.360107421875,2440.389892578125,2441.679931640625,63425536
1789668640000,2443.179931640625,2443.179931640625,2443.179931640625,2443.179931640625,0
1789668900000,2441.679931640625,2442.159912109375,2437.2099609375,2439.010009765625,135533568
1789668955000,2440.780029296875,2440.780029296875,2440.780029296875,2440.780029296875,0
1789669200000,2439.219970703125,2439.219970703125,2437.300048828125,2438.10009765625,0
1789669271000,2437.14990234375,2437.14990234375,2437.14990234375,2437.14990234375,0
1789669500000,2438.570068359375,2438.8798828125,2438.570068359375,2438.639892578125,0
1789669581000,2437.56005859375,2437.56005859375,2437.56005859375,2437.56005859375,0
1789669800000,2436.239990234375,2436.77001953125,2435.2900390625,2436.719970703125,10262528
1789669896000,2438.06005859375,2438.06005859375,2438.06005859375,2438.06005859375,0
1789670100000,2439.780029296875,2442.949951171875,2439.780029296875,2442.830078125,0
1789670213000,2441.969970703125,2441.969970703125,2441.969970703125,2441.969970703125,0
1789670400000,2445.830078125,2445.97998046875,2444.659912109375,2445.860107421875,8860672
1789670528000,2445.590087890625,2445.590087890625,2445.590087890625,2445.590087890625,0
1789670700000,2444.949951171875,2445.199951171875,2444.320068359375,2444.77001953125,0
1789670843000,2445.31005859375,2445.31005859375,2445.31005859375,2445.31005859375,0
1789671000000,2444.280029296875,2444.280029296875,2441.030029296875,2441.7099609375,52657152
1789671300000,2441.889892578125,2444.0400390625,2439.75,2443.8701171875,0
1789671600000,2443.77001953125,2447.39990234375,2442.31005859375,2446.580078125,0
1789671900000,2446.60009765625,2448.02001953125,2445.679931640625,2445.679931640625,0
1789672200000,2445.590087890625,2446.969970703125,2443.7900390625,2445.679931640625,0
1789672500000,2445.7900390625,2446.8798828125,2445.5400390625,2446.169921875,67258368
1789672800000,2446.179931640625,2447.889892578125,2446.179931640625,2447.52001953125,23547904
1789673100000,2447.280029296875,2447.610107421875,2446.31005859375,2447.330078125,0
1789673400000,2447.39990234375,2447.429931640625,2444.60009765625,2444.840087890625,0
1789673700000,2445.010009765625,2446.47998046875,2444.3798828125,2445.260009765625,0
1789674000000,2445.419921875,2446.139892578125,2443.889892578125,2445.909912109375,42029056
1789674300000,2445.639892578125,2448.669921875,2445.320068359375,2446.75,0
1789674600000,2446.590087890625,2447.06005859375,2444.590087890625,2446.7099609375,0
1789674900000,2446.889892578125,2448.22998046875,2445.070068359375,2445.43994140625,64018432
1789675200000,2445.60009765625,2446.06005859375,2444.169921875,2445.280029296875,0
1789675500000,2444.840087890625,2444.860107421875,2442.2099609375,2444.429931640625,0
1789675800000,2444.260009765625,2444.68994140625,2440.81005859375,2442.169921875,0
1789676100000,2441.860107421875,2441.97998046875,2438.43994140625,2439.070068359375,37632000
1789676400000,2439.070068359375,2439.070068359375,2437.02001953125,2438.219970703125,0
1789676700000,2438.169921875,2439,2434.60009765625,2438.389892578125,24494080
1789677000000,2438.699951171875,2442.280029296875,2438.139892578125,2442.280029296875,19188736
1789677300000,2441.840087890625,2441.929931640625,2438.27001953125,2438.550048828125,14789632
1789677600000,2438.080078125,2441.199951171875,2437.169921875,2441.0400390625,0
1789677900000,2441.010009765625,2441.010009765625,2438.7900390625,2440.239990234375,0
1789678200000,2440.080078125,2444.840087890625,2439.760009765625,2444.820068359375,118487040
1789678500000,2445.139892578125,2446.489990234375,2443.969970703125,2445.8701171875,0
1789678800000,2446.340087890625,2449.449951171875,2443.5400390625,2444.409912109375,0
1789679100000,2444.340087890625,2447.969970703125,2444,2447.409912109375,78822400
1789679400000,2447.25,2450.489990234375,2447.25,2448.489990234375,0
1789679700000,2448,2448.8798828125,2446.179931640625,2448.4599609375,94529536
1789680000000,2449.050048828125,2451.169921875,2448.260009765625,2448.85009765625,0
1789680300000,2448.8798828125,2449.360107421875,2447.7099609375,2448.9599609375,0
1789680600000,2448.510009765625,2450.360107421875,2448.510009765625,2449.72998046875,0
1789680900000,2449,2453.280029296875,2449,2452.2099609375,1539072
1789681200000,2452.2099609375,2456.14990234375,2452.2099609375,2453.300048828125,0
1789681500000,2453.31005859375,2456.72998046875,2452.949951171875,2456.72998046875,0
1789681800000,2456.550048828125,2457.22998046875,2453.800048828125,2456,0
1789682100000,2456.050048828125,2457.47998046875,2454.43994140625,2454.89990234375,53339136
1789682400000,2455.5,2458.72998046875,2454.31005859375,2454.52001953125,81310720
1789682700000,2454.419921875,2454.610107421875,2452.35009765625,2452.35009765625,0
1789683000000,2452.35009765625,2455.030029296875,2450.280029296875,2453.989990234375,0
1789683300000,2454.18994140625,2456.860107421875,2453.699951171875,2453.699951171875,8914944
1789683600000,2454.02001953125,2457.760009765625,2453.77001953125,2456.989990234375,0
1789683900000,2457.89990234375,2460.090087890625,2456.3798828125,2458.800048828125,31388672
1789684200000,2458.889892578125,2463.699951171875,2458.889892578125,2463.3701171875,84699136
1789684500000,2463.090087890625,2464.5,2461.830078125,2462.7099609375,0
1789684800000,2462.830078125,2462.830078125,2459.3701171875,2459.969970703125,0
1789685100000,2459.929931640625,2460.35009765625,2459.080078125,2459.530029296875,0
1789685400000,2459.699951171875,2462.159912109375,2459.699951171875,2462.050048828125,0
1789685700000,2461.8798828125,2462.8701171875,2460.43994140625,2460.43994140625,55644160
1789686000000,2460.6201171875,2461.14990234375,2459.18994140625,2461.10009765625,36484096
1789686300000,2461.280029296875,2465.10009765625,2461.030029296875,2464.06005859375,0
1789686600000,2464.43994140625,2472.300048828125,2464.43994140625,2472.300048828125,0
1789686900000,2472.590087890625,2482.860107421875,2470.1298828125,2475.77001953125,47878144
1789687200000,2476.110107421875,2476.110107421875,2467.68994140625,2468.6201171875,178464768
1789687500000,2468.68994140625,2475.010009765625,2466.010009765625,2472.27001953125,56303616
1789687800000,2473.409912109375,2475.64990234375,2471.159912109375,2471.64990234375,30551040
1789688100000,2472.320068359375,2472.320068359375,2467.239990234375,2467.60009765625,13253632
1789688400000,2467.7900390625,2472.030029296875,2467.5,2472.030029296875,154245120
1789688700000,2472.02001953125,2478,2472.02001953125,2477.18994140625,98459648
1789689000000,2476.5,2478.27001953125,2476.14990234375,2477.52001953125,0
1789689300000,2477.3798828125,2477.3798828125,2475.340087890625,2476.929931640625,45535232
1789689600000,2477.280029296875,2480.800048828125,2475.780029296875,2476.949951171875,200431616
1789689900000,2475.669921875,2475.669921875,2471.340087890625,2471.4599609375,61210624
1789690200000,2471.64990234375,2474.1298828125,2471.199951171875,2473.1201171875,0
1789690500000,2473.360107421875,2475.330078125,2471.699951171875,2473.929931640625,157829120
1789690800000,2474.199951171875,2475.5,2469.580078125,2469.580078125,34093056
1789691100000,2469.6298828125,2470.93994140625,2468.52001953125,2470.300048828125,0
1789691400000,2470.340087890625,2471.10009765625,2467.550048828125,2469.39990234375,204800
1789691700000,2472.14990234375,2472.43994140625,2470.7099609375,2470.7099609375,0
1789692000000,2470.840087890625,2474.64990234375,2468,2474.60009765625,24528896
1789692300000,2474.7900390625,2476.6201171875,2472.89990234375,2472.989990234375,0
1789692600000,2473.02001953125,2475.43994140625,2472.47998046875,2474.7099609375,50969600
1789692900000,2474.64990234375,2479.93994140625,2474.64990234375,2479.6201171875,104138752
1789693200000,2480.18994140625,2480.18994140625,2475.110107421875,2475.25,0
1789693500000,2475.89990234375,2487.300048828125,2475.260009765625,2480.489990234375,0
1789693800000,2479.889892578125,2490.7099609375,2479.889892578125,2486.320068359375,305702912
1789694100000,2486.64990234375,2489.070068359375,2484,2484.9599609375,0
1789694400000,2484.919921875,2485.659912109375,2481.219970703125,2482.030029296875,159734784
1789694700000,2482.340087890625,2483.4599609375,2478.68994140625,2482.739990234375,142205952
1789695000000,2482.6298828125,2485.43994140625,2481.570068359375,2485.43994140625,0
1789695300000,2485.43994140625,2487.300048828125,2481,2484.93994140625,181158912
1789695600000,2485.10009765625,2485.169921875,2481.8798828125,2482.75,59415552
1789695900000,2482.64990234375,2483.679931640625,2479.179931640625,2479.89990234375,0
1789696200000,2479.5,2481.1201171875,2477.679931640625,2477.7900390625,59082752
1789696500000,2477.7900390625,2478.77001953125,2476.5400390625,2478.3701171875,0
1789696800000,2478.85009765625,2485.429931640625,2478.85009765625,2484.43994140625,94536704
1789697100000,2484.139892578125,2484.860107421875,2482.0400390625,2482.419921875,0
1789697400000,2482.39990234375,2484.260009765625,2480.52001953125,2481.280029296875,0
1789697700000,2481.3798828125,2484.89990234375,2480.719970703125,2482.52001953125,102243328
1789698000000,2481.89990234375,2485.60009765625,2480.72998046875,2483.780029296875,94311424
1789698300000,2483.75,2485.300048828125,2481,2481,0
1789698600000,2480.989990234375,2483,2480.02001953125,2480.02001953125,80232448
1789698900000,2480.02001953125,2484.9599609375,2480.02001953125,2484,0
1789699200000,2483.97998046875,2483.97998046875,2482.530029296875,2483.550048828125,131109888
1789699500000,2483.510009765625,2484.449951171875,2482.699951171875,2483.989990234375,39134208
1789699800000,2483.989990234375,2484.010009765625,2482.35009765625,2482.60009765625,0
1789700100000,2482.3798828125,2485.610107421875,2480.10009765625,2484.919921875,0
1789700400000,2483.889892578125,2491.360107421875,2483.330078125,2487.659912109375,67224576
1789700700000,2488.219970703125,2493.449951171875,2485.469970703125,2486.27001953125,0
1789701000000,2486.909912109375,2490.5,2486.909912109375,2487.820068359375,28922880
1789701300000,2487.639892578125,2490.489990234375,2486.60009765625,2489.7900390625,273497088
1789701600000,2490.139892578125,2496.010009765625,2489.659912109375,2491.139892578125,0
1789701900000,2491.93994140625,2493.89990234375,2490.31005859375,2491.080078125,154572800
1789702200000,2491.139892578125,2492.389892578125,2488.969970703125,2491.27001953125,0
1789702500000,2491.260009765625,2491.260009765625,2488.489990234375,2489.75,63207424
1789702800000,2489.89990234375,2490.06005859375,2486.590087890625,2490.06005859375,12066816
1789703100000,2489.610107421875,2489.6201171875,2486.919921875,2487.7900390625,97577984
1789703400000,2487.8798828125,2491.179931640625,2487.8798828125,2489.239990234375,70151168
1789703700000,2488.800048828125,2489.47998046875,2485.419921875,2487.60009765625,189923328
1789704000000,2487.590087890625,2496.2900390625,2487.590087890625,2491.929931640625,5239808
1789704300000,2491.199951171875,2491.199951171875,2484.469970703125,2484.469970703125,74199040
1789704600000,2484.840087890625,2489,2483.320068359375,2486.47998046875,48500736
1789704900000,2485.800048828125,2489.8701171875,2485.469970703125,2489.110107421875,15729664
1789705200000,2489.030029296875,2503.909912109375,2489.030029296875,2502.27001953125,77474816
1789705500000,2502.18994140625,2502.2099609375,2494.949951171875,2495.77001953125,207988736
1789705800000,2495.14990234375,2497.31005859375,2493.60009765625,2496.39990234375,29577216
1789706100000,2496,2496.449951171875,2491.860107421875,2492.340087890625,100535296
1789706400000,2492.330078125,2495.0400390625,2491.68994140625,2494.389892578125,15913984
1789706700000,2494.1201171875,2496.199951171875,2493.81005859375,2494.780029296875,53011456
1789707000000,2494.159912109375,2497.639892578125,2493.239990234375,2497.35009765625,0
1789707300000,2497.449951171875,2503.22998046875,2497.239990234375,2503.159912109375,71866368
1789707600000,2503.800048828125,2509.52001953125,2502.010009765625,2505.139892578125,63003648
1789707900000,2505.510009765625,2513.949951171875,2504.780029296875,2511,84922368
1789708200000,2509.840087890625,2513.159912109375,2504.81005859375,2512.60009765625,114149376
1789708500000,2512.179931640625,2518.510009765625,2510.820068359375,2517.22998046875,259492864
1789708800000,2517.31005859375,2518.330078125,2512.449951171875,2513.590087890625,121709568
1789709100000,2513.080078125,2513.080078125,2504.2099609375,2506,305571840
1789709400000,2505.929931640625,2506.18994140625,2502.699951171875,2502.699951171875,40130560
1789709700000,2502.429931640625,2503.43994140625,2500.25,2500.260009765625,43795456
1789710000000,2500.169921875,2502.070068359375,2500.080078125,2501.260009765625,22336512
1789710300000,2500.800048828125,2506.389892578125,2499.969970703125,2500.2900390625,137356288
1789710600000,2500.4599609375,2505.10009765625,2500.409912109375,2503.330078125,20709376
1789710900000,2503.669921875,2506.669921875,2503.669921875,2505.830078125,62360576
1789711200000,2505.77001953125,2510.050048828125,2505.77001953125,2509.47998046875,8637440
1789711500000,2509.699951171875,2514.010009765625,2509.489990234375,2509.889892578125,130755584
1789711800000,2512.35009765625,2513.489990234375,2508.300048828125,2513.489990234375,2220032
1789712100000,2513.389892578125,2514,2511.31005859375,2513.10009765625,196812800
1789712400000,2513.090087890625,2514.25,2509.639892578125,2509.639892578125,57725952
1789712700000,2509.199951171875,2516.219970703125,2508.860107421875,2515.10009765625,8953856
1789713000000,2515.10009765625,2516.679931640625,2514.010009765625,2514.89990234375,48254976
1789713300000,2515.1201171875,2517.010009765625,2513.639892578125,2516.2099609375,145452032
1789713600000,2516.2099609375,2517.239990234375,2512.800048828125,2514.639892578125,14222336
1789713900000,2514.52001953125,2515.889892578125,2513.6298828125,2515.139892578125,0
1789714109000,2515.159912109375,2515.159912109375,2515.159912109375,2515.159912109375,0
1789714200000,2518.419921875,2518.419921875,2512.27001953125,2514.580078125,30284800
1789714427000,2513.860107421875,2513.860107421875,2513.860107421875,2513.860107421875,0
1789714500000,2512.35009765625,2513.489990234375,2510.610107421875,2510.85009765625,21275648
1789714743000,2510.820068359375,2510.820068359375,2510.820068359375,2510.820068359375,0
1789714800000,2510.8701171875,2514.1298828125,2510.8701171875,2514.1298828125,0
1789715053000,2514.81005859375,2514.81005859375,2514.81005859375,2514.81005859375,0
1789715100000,2515.300048828125,2516.10009765625,2499.22998046875,2502,0
1789715368000,2503.39990234375,2503.39990234375,2503.39990234375,2503.39990234375,0
1789715400000,2503.280029296875,2505,2497.610107421875,2499.31005859375,91219968
1789715680000,2500.139892578125,2500.139892578125,2500.139892578125,2500.139892578125,0
1789715700000,2500.639892578125,2503.260009765625,2499.60009765625,2503.030029296875,71894016
1789716000000,2503.179931640625,2503.179931640625,2503.179931640625,2503.179931640625,0
1789716300000,2501.929931640625,2503.699951171875,2500.389892578125,2501.239990234375,40858624
1789716312000,2501.0400390625,2501.0400390625,2501.0400390625,2501.0400390625,0
1789716600000,2500.800048828125,2508.39990234375,2500.77001953125,2506.81005859375,53115904
1789716630000,2502.56005859375,2502.56005859375,2502.56005859375,2502.56005859375,0
1789716900000,2507.2900390625,2511.72998046875,2506.52001953125,2509.75,14220288
1789716945000,2506.52001953125,2506.52001953125,2506.52001953125,2506.52001953125,0
1789717200000,2509.72998046875,2509.72998046875,2503.2900390625,2503.989990234375,216891392
1789717500000,2503.919921875,2506.639892578125,2503.909912109375,2505.929931640625,3337216
1789717800000,2505.300048828125,2509.5,2504.989990234375,2509.5,168738816
1789718100000,2509.489990234375,2509.489990234375,2504.800048828125,2505.800048828125,0
1789718400000,2505.989990234375,2506.719970703125,2502.860107421875,2503.510009765625,204444672
1789718585000,2503.949951171875,2503.949951171875,2503.949951171875,2503.949951171875,0
1789718700000,2507.85009765625,2507.85009765625,2503.050048828125,2503.550048828125,17927168
1789718900000,2504.260009765625,2504.260009765625,2504.260009765625,2504.260009765625,0
1789719000000,2501.85009765625,2502.080078125,2498.7099609375,2500.030029296875,0
1789719216000,2500.909912109375,2500.909912109375,2500.909912109375,2500.909912109375,0
1789719300000,2502.389892578125,2503.219970703125,2501.2900390625,2502.18994140625,0
1789719532000,2500.85009765625,2500.85009765625,2500.85009765625,2500.85009765625,0
1789719600000,2499.610107421875,2503.35009765625,2498.199951171875,2501.090087890625,16351232
1789719841000,2500.820068359375,2500.820068359375,2500.820068359375,2500.820068359375,0
1789719900000,2501.739990234375,2503.72998046875,2501.18994140625,2503.72998046875,14292992
1789720163000,2502.93994140625,2502.93994140625,2502.93994140625,2502.93994140625,0
1789720200000,2502.18994140625,2504.389892578125,2498.75,2503.5,77652992
1789720479000,2503.169921875,2503.169921875,2503.169921875,2503.169921875,0
1789720500000,2504.389892578125,2506.43994140625,2503.56005859375,2504.800048828125,0
1789720795000,2506.080078125,2506.080078125,2506.080078125,2506.080078125,0
1789720800000,2506.780029296875,2506.889892578125,2502.050048828125,2502.22998046875,0
1789721100000,2501.39990234375,2504.06005859375,2500.780029296875,2501.239990234375,0
1789721107000,2501.989990234375,2501.989990234375,2501.989990234375,2501.989990234375,0
1789721400000,2500.989990234375,2502,2498.820068359375,2500.409912109375,169791488
1789721424000,2501.639892578125,2501.639892578125,2501.639892578125,2501.639892578125,0
1789721700000,2500.449951171875,2501.260009765625,2499.1201171875,2500.159912109375,119135232
1789722000000,2500,2500.949951171875,2493.219970703125,2496.590087890625,615424
1789722300000,2496.780029296875,2498.22998046875,2495.969970703125,2496.590087890625,8199168
1789722600000,2496.22998046875,2497.6201171875,2495.489990234375,2496.679931640625,4080640
1789722900000,2496.68994140625,2497.68994140625,2495.889892578125,2497.330078125,65984512
1789723039000,2497.85009765625,2497.85009765625,2497.85009765625,2497.85009765625,0
1789723200000,2502.02001953125,2504.320068359375,2502.02001953125,2504.010009765625,40393728
1789723354000,2504.580078125,2504.580078125,2504.580078125,2504.580078125,0
1789723500000,2500.27001953125,2501.889892578125,2499.669921875,2501.590087890625,49515520
1789723670000,2502.60009765625,2502.60009765625,2502.60009765625,2502.60009765625,0
1789723800000,2502.60009765625,2508.639892578125,2502.31005859375,2506.429931640625,0
1789723961000,2506,2506,2506,2506,0
1789724100000,2509.010009765625,2510.070068359375,2507,2509.429931640625,5369856
1789724302000,2509.830078125,2509.830078125,2509.830078125,2509.830078125,0
1789724400000,2525.39990234375,2533.580078125,2521.6298828125,2530.949951171875,18338816
1789724612000,2532.60009765625,2532.60009765625,2532.60009765625,2532.60009765625,0
1789724700000,2534.489990234375,2549.610107421875,2531.110107421875,2549.409912109375,52417536
1789724928000,2546.39990234375,2546.39990234375,2546.39990234375,2546.39990234375,0
1789725000000,2556.199951171875,2574.389892578125,2551.989990234375,2568.110107421875,389620736
1789725244000,2567.550048828125,2567.550048828125,2567.550048828125,2567.550048828125,0
1789725300000,2554.260009765625,2554.260009765625,2545.199951171875,2549.320068359375,290381824
1789725558000,2549.699951171875,2549.699951171875,2549.699951171875,2549.699951171875,0
1789725600000,2553.699951171875,2563.860107421875,2553.699951171875,2561.0400390625,272028672
1789725875000,2560.199951171875,2560.199951171875,2560.199951171875,2560.199951171875,0
1789725900000,2561.1298828125,2567.669921875,2553.0400390625,2561.68994140625,466567168
1789726200000,2558.780029296875,2560.75,2554.360107421875,2559.8798828125,184410112
1789726500000,2559.949951171875,2566.39990234375,2558.280029296875,2565.6201171875,165433344
1789726800000,2565.3798828125,2580.949951171875,2565.010009765625,2580.39990234375,35804160
1789727100000,2581.2099609375,2581.2099609375,2565.5400390625,2567.760009765625,84134912
1789727400000,2568.510009765625,2570.719970703125,2562.419921875,2568.989990234375,384823296
1789727700000,2569.7900390625,2575.639892578125,2567.6298828125,2570.409912109375,88687616
1789728000000,2569.830078125,2578.43994140625,2569.110107421875,2576.3798828125,7695360
1789728300000,2577.320068359375,2579.7099609375,2573.570068359375,2574.070068359375,48097280
1789728600000,2574.260009765625,2580.1201171875,2573.39990234375,2577.89990234375,480513024
1789728900000,2578.860107421875,2582.300048828125,2577.800048828125,2581.590087890625,138586112
1789729200000,2581.5,2585.840087890625,2576.409912109375,2577.27001953125,2539520
1789729500000,2577.06005859375,2583.989990234375,2572.419921875,2572.419921875,130357248
1789729800000,2569.800048828125,2574.300048828125,2564.280029296875,2574.300048828125,147735552
1789730100000,2574.909912109375,2586.60009765625,2574.760009765625,2581.02001953125,207327232
1789730400000,2581.4599609375,2592.139892578125,2578.7099609375,2591.840087890625,147993600
1789730700000,2592.85009765625,2595.39990234375,2583.77001953125,2585.72998046875,0
1789731000000,2587,2587,2574.679931640625,2581.2900390625,277284864
1789731300000,2581.5,2584.929931640625,2578.9599609375,2580.199951171875,5584896
1789731600000,2580.35009765625,2580.35009765625,2572.4599609375,2572.4599609375,133388288
1789731900000,2571.659912109375,2579.1298828125,2568.300048828125,2576.949951171875,11190272
1789732200000,2578.199951171875,2583.2900390625,2577,2580.050048828125,170209280
1789732500000,2579.39990234375,2584.260009765625,2577.469970703125,2583.219970703125,39860224
1789732800000,2584.06005859375,2585.679931640625,2578.030029296875,2585.679931640625,22128640
1789733100000,2584.830078125,2594.7900390625,2584,2589.820068359375,323131392
1789733400000,2591.139892578125,2596.280029296875,2589.72998046875,2595.989990234375,49606656
1789733700000,2596.389892578125,2600.89990234375,2592.340087890625,2597.510009765625,163129344
1789734000000,2596.72998046875,2601.169921875,2591.7099609375,2596.06005859375,143456256
1789734300000,2595.639892578125,2598.679931640625,2591.409912109375,2598.679931640625,243146752
1789734600000,2598.530029296875,2609.409912109375,2597.389892578125,2607.60009765625,204972032
1789734900000,2606.320068359375,2606.320068359375,2598.77001953125,2601.639892578125,116383744
1789735200000,2602.280029296875,2602.800048828125,2598.56005859375,2600.820068359375,0
1789735500000,2599,2599.580078125,2591.60009765625,2592.8798828125,148244480
1789735800000,2593.409912109375,2595.35009765625,2591.719970703125,2591.719970703125,40030208
1789735905000,2592.590087890625,2592.590087890625,2592.590087890625,2592.590087890625,0
1789736100000,2599.550048828125,2599.550048828125,2595.75,2599.06005859375,422844416
1789736221000,2598.840087890625,2598.840087890625,2598.840087890625,2598.840087890625,0
1789736400000,2596.919921875,2596.919921875,2592.449951171875,2593.8798828125,0
1789736537000,2592.5,2592.5,2592.5,2592.5,0
1789736700000,2592.330078125,2594.550048828125,2589.110107421875,2590.199951171875,9484288
1789736846000,2589.3701171875,2589.3701171875,2589.3701171875,2589.3701171875,0
1789737000000,2589.4599609375,2590.800048828125,2588.2900390625,2589.300048828125,3835904
1789737161000,2589.6298828125,2589.6298828125,2589.6298828125,2589.6298828125,0
1789737300000,2596,2597.429931640625,2593.840087890625,2596.159912109375,2066432
1789737473000,2595.800048828125,2595.800048828125,2595.800048828125,2595.800048828125,0
1789737600000,2591.800048828125,2594.43994140625,2590.60009765625,2590.60009765625,102709248
1789737793000,2589.840087890625,2589.840087890625,2589.840087890625,2589.840087890625,0
1789737900000,2591.889892578125,2594,2590.85009765625,2593.669921875,0
1789738105000,2592.830078125,2592.830078125,2592.830078125,2592.830078125,0
1789738200000,2591.6298828125,2591.6298828125,2585.360107421875,2585.360107421875,98373632
1789738420000,2585.919921875,2585.919921875,2585.919921875,2585.919921875,0
1789738500000,2587.18994140625,2589.7099609375,2586.830078125,2586.9599609375,28211200
1789738735000,2588.7099609375,2588.7099609375,2588.7099609375,2588.7099609375,0
1789738800000,2590.31005859375,2594.489990234375,2588.929931640625,2594.39990234375,5926912
1789739100000,2594.409912109375,2601.860107421875,2594.409912109375,2601.860107421875,205830144
1789739400000,2602.989990234375,2607.68994140625,2601.330078125,2605.489990234375,59154432
1789739700000,2605.070068359375,2609.14990234375,2603.81005859375,2606.780029296875,55347200
1789740000000,2604.280029296875,2605.1298828125,2601.550048828125,2602.72998046875,190787584
1789740300000,2603.0400390625,2609.080078125,2601.889892578125,2605.3701171875,190275584
1789740600000,2606.320068359375,2607,2602.800048828125,2603.860107421875,28659712
1789740795000,2602.39990234375,2602.39990234375,2602.39990234375,2602.39990234375,0
1789740900000,2605.27001953125,2606.030029296875,2602.97998046875,2605.6201171875,103325696
1789741115000,2606.820068359375,2606.820068359375,2606.820068359375,2606.820068359375,0
1789741200000,2606.10009765625,2608.070068359375,2604.340087890625,2607.989990234375,0
1789741436000,2607.2900390625,2607.2900390625,2607.2900390625,2607.2900390625,0
1789741500000,2604.110107421875,2611.389892578125,2604.110107421875,2607.85009765625,35424256
1789741751000,2607.14990234375,2607.14990234375,2607.14990234375,2607.14990234375,0
1789741800000,2609.9599609375,2618.050048828125,2606.159912109375,2611.4599609375,137936896
1789742072000,2615.179931640625,2615.179931640625,2615.179931640625,2615.179931640625,0
1789742100000,2621.280029296875,2624.989990234375,2615.2099609375,2621.419921875,278841344
1789742388000,2623.300048828125,2623.300048828125,2623.300048828125,2623.300048828125,0
1789742400000,2620.610107421875,2620.610107421875,2609.030029296875,2609.639892578125,150554624
1789742700000,2609.389892578125,2613.919921875,2609.22998046875,2613.919921875,102219776
1789742709000,2609.639892578125,2609.639892578125,2609.639892578125,2609.639892578125,0
1789743000000,2613.489990234375,2617.9599609375,2611.219970703125,2615.31005859375,223002624
1789743024000,2614.010009765625,2614.010009765625,2614.010009765625,2614.010009765625,0
1789743300000,2615.090087890625,2616.64990234375,2609.22998046875,2611.669921875,15525888
1789743345000,2613.760009765625,2613.760009765625,2613.760009765625,2613.760009765625,0
1789743600000,2612.39990234375,2612.81005859375,2611.43994140625,2612.280029296875,0
1789743666000,2611.610107421875,2611.610107421875,2611.610107421875,2611.610107421875,0
1789743900000,2617.429931640625,2621.989990234375,2616.320068359375,2621.6298828125,49967104
1789744200000,2621.570068359375,2625.969970703125,2620.4599609375,2625.199951171875,92162048
1789744500000,2624.8798828125,2635.419921875,2624.300048828125,2632.840087890625,143437824
1789744800000,2632.580078125,2632.580078125,2626.219970703125,2627.5,423778304
1789745100000,2627.860107421875,2639.550048828125,2627.860107421875,2635.81005859375,258981888
1789745400000,2634.5400390625,2634.6298828125,2629.800048828125,2631.68994140625,157106176
1789745700000,2631.7900390625,2632.139892578125,2626.669921875,2629.449951171875,225171456
1789746000000,2629.2099609375,2642.02001953125,2629.2099609375,2641.47998046875,232316928
1789746300000,2639.7099609375,2645.070068359375,2636.320068359375,2640.780029296875,238143488
1789746600000,2640.64990234375,2643.409912109375,2635.330078125,2635.330078125,77545472
1789746900000,2636.39990234375,2640.800048828125,2636.39990234375,2636.800048828125,277671936
1789747200000,2637.320068359375,2637.320068359375,2629.75,2635.8798828125,11696128
1789747500000,2635.489990234375,2636.830078125,2628.219970703125,2629.52001953125,20727808
1789747800000,2629.68994140625,2635.580078125,2629.68994140625,2634.419921875,221863936
1789748100000,2634.3798828125,2639.3701171875,2633.239990234375,2637.7900390625,48549888
1789748400000,2637.070068359375,2638.47998046875,2631.10009765625,2631.889892578125,448290816
1789748700000,2631.010009765625,2631.090087890625,2625.14990234375,2627.64990234375,279808000
1789749000000,2627.760009765625,2629.9599609375,2626.909912109375,2628.60009765625,11776000
1789749300000,2628.570068359375,2629.280029296875,2624.43994140625,2628.330078125,504875008
1789749600000,2628.2099609375,2635.7099609375,2627.64990234375,2634.030029296875,50720768
1789749900000,2634.510009765625,2636.9599609375,2630.77001953125,2632.35009765625,4093952
1789750200000,2632.7900390625,2635.719970703125,2631.080078125,2631.169921875,153212928
1789750500000,2631.89990234375,2632.64990234375,2630.02001953125,2630.989990234375,14753792
1789750739000,2630.02001953125,2630.02001953125,2630.02001953125,2630.02001953125,0
1789750800000,2632.43994140625,2635.239990234375,2629.7900390625,2634.699951171875,23447552
1789751054000,2634.64990234375,2634.64990234375,2634.64990234375,2634.64990234375,0
1789751100000,2635.0400390625,2636.179931640625,2633.43994140625,2634.080078125,262144
1789751375000,2633.139892578125,2633.139892578125,2633.139892578125,2633.139892578125,0
1789751400000,2631.550048828125,2637.68994140625,2631.550048828125,2637.68994140625,86204416
1789751657000,2639.070068359375,2639.070068359375,2639.070068359375,2639.070068359375,0
1789751700000,2638.469970703125,2638.93994140625,2632.1201171875,2632.75,47925248
1789752000000,2633.280029296875,2634.590087890625,2630.889892578125,2631.860107421875,47095808
1789752003000,2633.280029296875,2633.280029296875,2633.280029296875,2633.280029296875,0
1789752300000,2631.81005859375,2635.280029296875,2631.139892578125,2632,319088640
1789752317000,2633.699951171875,2633.699951171875,2633.699951171875,2633.699951171875,0
1789752600000,2632.199951171875,2632.239990234375,2627.10009765625,2629.02001953125,1873920
1789752634000,2632.02001953125,2632.02001953125,2632.02001953125,2632.02001953125,0
1789752900000,2628.8798828125,2633.199951171875,2628.7099609375,2632.389892578125,63631360
1789752950000,2628.989990234375,2628.989990234375,2628.989990234375,2628.989990234375,0
1789753200000,2632.2900390625,2632.2900390625,2630.489990234375,2631.080078125,8814592
1789753260000,2630.840087890625,2630.840087890625,2630.840087890625,2630.840087890625,0
1789753500000,2628.429931640625,2628.429931640625,2627.27001953125,2627.27001953125,0
1789753576000,2626.8798828125,2626.8798828125,2626.8798828125,2626.8798828125,0
1789753800000,2628.090087890625,2628.77001953125,2624.43994140625,2626.6201171875,50651136
1789754100000,2626.409912109375,2626.669921875,2625.02001953125,2626.31005859375,31514624
1789754400000,2626.5,2629.300048828125,2625.68994140625,2627.530029296875,0
1789754700000,2628.090087890625,2632.530029296875,2627.9599609375,2632.239990234375,47804416
1789755000000,2631.9599609375,2632.75,2628.340087890625,2629.429931640625,0
1789755300000,2629.320068359375,2633.85009765625,2629.320068359375,2633.85009765625,0
1789755600000,2634.06005859375,2634.06005859375,2629.919921875,2630.0400390625,144922624
1789755900000,2630.14990234375,2632,2630.050048828125,2632,24862720
1789756200000,2631.889892578125,2632.06005859375,2625.530029296875,2625.780029296875,356278272
1789756500000,2624.919921875,2624.919921875,2617.93994140625,2621.860107421875,39385088
1789756800000,2622.050048828125,2622.570068359375,2618.590087890625,2618.590087890625,425709568
1789757100000,2618.639892578125,2619.330078125,2617.669921875,2619.2900390625,46827520
1789757400000,2619.27001953125,2620.409912109375,2617.18994140625,2620.409912109375,9177088
1789757700000,2620.719970703125,2621.4599609375,2618.89990234375,2619.68994140625,139317248
1789758000000,2619.9599609375,2621.820068359375,2616.030029296875,2616.219970703125,98377728
1789758300000,2615.919921875,2617.639892578125,2612.93994140625,2616.64990234375,7624704
1789758600000,2616.639892578125,2619.1298828125,2616.639892578125,2619.1298828125,85940224
1789758791000,2618.530029296875,2618.530029296875,2618.530029296875,2618.530029296875,0
1789758900000,2619.669921875,2621,2617.510009765625,2617.840087890625,0
1789759107000,2618.2900390625,2618.2900390625,2618.2900390625,2618.2900390625,0
1789759200000,2617.56005859375,2617.9599609375,2616.580078125,2616.929931640625,169811968
1789759420000,2616.14990234375,2616.14990234375,2616.14990234375,2616.14990234375,0
1789759500000,2615,2615.18994140625,2612.9599609375,2614.93994140625,5783552
1789759732000,2614.239990234375,2614.239990234375,2614.239990234375,2614.239990234375,0
1789759800000,2613.889892578125,2613.93994140625,2611.409912109375,2612.570068359375,2443264
1789760040000,2612.760009765625,2612.760009765625,2612.760009765625,2612.760009765625,0
1789760100000,2614.239990234375,2614.239990234375,2609.169921875,2609.780029296875,66768896
1789760364000,2611.35009765625,2611.35009765625,2611.35009765625,2611.35009765625,0
1789760400000,2610.389892578125,2612.719970703125,2609.75,2612.52001953125,217393152
1789760676000,2612.010009765625,2612.010009765625,2612.010009765625,2612.010009765625,0
1789760700000,2611.590087890625,2612.260009765625,2608.969970703125,2609.239990234375,37502976
1789760990000,2609.9599609375,2609.9599609375,2609.9599609375,2609.9599609375,0
1789761000000,2610.199951171875,2613.260009765625,2609.77001953125,2611.2099609375,119443456
1789761300000,2611.1201171875,2613.409912109375,2609.860107421875,2611.340087890625,12283904
1789761306000,2611.1201171875,2611.1201171875,2611.1201171875,2611.1201171875,0
1789761600000,2611.9599609375,2612.60009765625,2607.06005859375,2609.06005859375,0
1789761620000,2612.389892578125,2612.389892578125,2612.389892578125,2612.389892578125,0
1789761900000,2609.669921875,2611.929931640625,2607.030029296875,2608.3701171875,43378688
1789762200000,2608.409912109375,2612.60009765625,2608.409912109375,2611.830078125,0
1789762500000,2611.93994140625,2617.669921875,2611.93994140625,2616.64990234375,0
1789762800000,2616.47998046875,2616.800048828125,2611.969970703125,2613.239990234375,21944320
1789763100000,2613.239990234375,2614.93994140625,2612.530029296875,2614.93994140625,225699840
1789763400000,2615.050048828125,2620.780029296875,2614.989990234375,2619.610107421875,0
1789763700000,2619.739990234375,2620.85009765625,2619.3798828125,2619.4599609375,98920448
1789764000000,2619.419921875,2621.330078125,2618.8798828125,2621.239990234375,181936128
1789764300000,2620.330078125,2621.7099609375,2618.77001953125,2618.909912109375,146040832
1789764600000,2618.909912109375,2624.139892578125,2618.419921875,2621.800048828125,22837248
1789764900000,2622.139892578125,2626.2099609375,2621.6298828125,2626.199951171875,0
1789765200000,2625.199951171875,2626.31005859375,2619.6201171875,2620.080078125,74221568
1789765500000,2619.989990234375,2620.8798828125,2616.860107421875,2616.8798828125,113948672
1789765800000,2617.080078125,2617.239990234375,2612.39990234375,2612.469970703125,0
1789766100000,2612.659912109375,2614.139892578125,2607.02001953125,2607.419921875,117487616
1789766400000,2607.159912109375,2612.06005859375,2603.35009765625,2612.06005859375,48384000
1789766700000,2612.139892578125,2614.10009765625,2611.1298828125,2611.77001953125,48357376
1789767000000,2611.81005859375,2612.6201171875,2605.81005859375,2605.97998046875,35747840
1789767300000,2606.10009765625,2610.010009765625,2603.39990234375,2609.429931640625,0
1789767600000,2609.72998046875,2611.68994140625,2608.199951171875,2611.639892578125,102086656
1789767900000,2611.85009765625,2617.77001953125,2611.85009765625,2617.77001953125,23310336
1789768200000,2617.610107421875,2619.469970703125,2613.06005859375,2614.22998046875,0
1789768500000,2614.239990234375,2614.239990234375,2611.81005859375,2612.469970703125,30754816
1789768800000,2612.199951171875,2614.02001953125,2611.610107421875,2612.889892578125,0
1789769100000,2612.89990234375,2614.72998046875,2611.510009765625,2614.31005859375,223047680
1789769400000,2614.949951171875,2617.169921875,2614.35009765625,2615.550048828125,47044608
1789769700000,2615.330078125,2615.989990234375,2613.6201171875,2615.8798828125,0
1789770000000,2615.8798828125,2621.39990234375,2615.820068359375,2619.800048828125,0
1789770300000,2619.0400390625,2620.02001953125,2617,2617,70402048
1789770600000,2616.97998046875,2620.81005859375,2616.5,2619.3701171875,0
1789770900000,2618.1201171875,2622.659912109375,2618.1201171875,2619.830078125,131866624
1789771200000,2619.72998046875,2620.1201171875,2618,2619.25,0
1789771500000,2618.780029296875,2620.7900390625,2617.5400390625,2620.570068359375,166383616
1789771800000,2620.110107421875,2621,2618.97998046875,2618.97998046875,0
1789772100000,2619.169921875,2623.090087890625,2619.10009765625,2622.639892578125,14215168
1789772400000,2622.699951171875,2631.010009765625,2621.5400390625,2631.010009765625,0
1789772700000,2630.570068359375,2630.77001953125,2625.010009765625,2625.010009765625,40343552
1789773000000,2625.10009765625,2626.070068359375,2623.739990234375,2625.860107421875,107630592
1789773300000,2625.860107421875,2625.860107421875,2621.64990234375,2621.64990234375,91185152
1789773600000,2621.8701171875,2625.97998046875,2621.260009765625,2623.10009765625,0
1789773900000,2622.60009765625,2622.860107421875,2620.050048828125,2620.1201171875,126048256
1789774200000,2620.1201171875,2621.10009765625,2619.81005859375,2620.389892578125,0
1789774500000,2620.2099609375,2620.530029296875,2618.679931640625,2619.10009765625,0
1789774800000,2619.10009765625,2622.389892578125,2619.10009765625,2622.389892578125,0
1789775100000,2622.239990234375,2622.2900390625,2620.610107421875,2620.9599609375,29134848
1789775400000,2620.669921875,2621.18994140625,2619.419921875,2620.159912109375,131371008
1789775700000,2620.159912109375,2620.989990234375,2619.330078125,2619.330078125,0
1789776000000,2619.110107421875,2621.81005859375,2619.110107421875,2621.77001953125,0
1789776300000,2621.81005859375,2624.22998046875,2621,2623.35009765625,0
1789776600000,2623.340087890625,2625.469970703125,2623.219970703125,2624.949951171875,0
1789776900000,2625.06005859375,2625.969970703125,2621.610107421875,2622.070068359375,0
1789777200000,2621.85009765625,2624.070068359375,2621.179931640625,2621.889892578125,237228032
1789777500000,2621.590087890625,2626.6201171875,2620.9599609375,2624.489990234375,0
1789777800000,2624.179931640625,2624.179931640625,2616.2099609375,2616.2099609375,0
1789778100000,2616.419921875,2618.639892578125,2611.949951171875,2612.860107421875,66717696
1789778400000,2612.469970703125,2616.139892578125,2612.219970703125,2613.77001953125,17752064
1789778700000,2613.699951171875,2616.739990234375,2612.330078125,2616.419921875,233541632
1789779000000,2616.3798828125,2618.719970703125,2615.8701171875,2617.989990234375,3776512
1789779300000,2617.2099609375,2619.25,2617.2099609375,2619.02001953125,0
1789779600000,2619.10009765625,2622.219970703125,2618.800048828125,2620.8798828125,77518848
1789779900000,2621.409912109375,2629.75,2621.409912109375,2627.780029296875,0
1789780200000,2627.389892578125,2627.389892578125,2623.760009765625,2624.22998046875,0
1789780500000,2624.090087890625,2627.780029296875,2623.179931640625,2627.3798828125,9570304
1789780800000,2627,2628.179931640625,2624.02001953125,2627.989990234375,177985536
1789781100000,2627.9599609375,2631.9599609375,2627.199951171875,2627.31005859375,0
1789781400000,2627.2099609375,2631.10009765625,2626.64990234375,2631.10009765625,28704768
1789781700000,2631.179931640625,2632.639892578125,2629.570068359375,2631.5,0
1789782000000,2631.320068359375,2631.320068359375,2625.8701171875,2625.89990234375,0
1789782300000,2626.06005859375,2627.6201171875,2625.4599609375,2627.169921875,117968896
1789782600000,2627.510009765625,2631.909912109375,2627.510009765625,2630.7900390625,66760704
1789782900000,2630.719970703125,2631.590087890625,2626.72998046875,2628.090087890625,0
1789783200000,2628.469970703125,2628.919921875,2625.139892578125,2626.389892578125,126132224
1789783500000,2625.85009765625,2629.989990234375,2625.85009765625,2626.550048828125,0
1789783800000,2626.0400390625,2626.429931640625,2624.43994140625,2624.5,0
1789784100000,2624.510009765625,2626.929931640625,2623.77001953125,2623.93994140625,149997568
1789784400000,2624.110107421875,2624.429931640625,2621.580078125,2622,178980864
1789784700000,2621.39990234375,2623.949951171875,2619.72998046875,2623.949951171875,0
1789785000000,2624.10009765625,2626.659912109375,2621.800048828125,2626.659912109375,0
1789785300000,2626.760009765625,2628.760009765625,2626.610107421875,2626.949951171875,0
1789785600000,2627.080078125,2628.340087890625,2626.60009765625,2627.93994140625,0
1789785900000,2627.199951171875,2628.699951171875,2626.800048828125,2626.800048828125,162568192
1789786200000,2626.580078125,2627.929931640625,2626.10009765625,2626.199951171875,86816768
1789786500000,2626.320068359375,2626.64990234375,2625.590087890625,2626.389892578125,21870592
1789786800000,2626.360107421875,2626.81005859375,2625.469970703125,2625.919921875,0
1789787100000,2625.949951171875,2628.179931640625,2624.860107421875,2628.179931640625,0
1789787400000,2628.050048828125,2629.570068359375,2627.6298828125,2629.260009765625,0
1789787700000,2629.27001953125,2634.739990234375,2629.27001953125,2631.760009765625,0
1789788000000,2631.60009765625,2631.60009765625,2625.77001953125,2626.919921875,0
1789788300000,2627,2628.719970703125,2626.27001953125,2628.3798828125,0
1789788600000,2628.800048828125,2629.3798828125,2626.1298828125,2627.22998046875,172077056
1789788900000,2627.199951171875,2627.199951171875,2623.3798828125,2623.719970703125,0
1789789200000,2623.800048828125,2624.75,2623.320068359375,2624.199951171875,0
1789789500000,2624.2099609375,2624.3701171875,2622.81005859375,2623.550048828125,154843136
1789789800000,2623.110107421875,2627.9599609375,2622.360107421875,2627.52001953125,0
1789790100000,2627.89990234375,2629.4599609375,2626.010009765625,2626.010009765625,7665664
1789790400000,2626.360107421875,2627.60009765625,2623.39990234375,2625.469970703125,0
1789790700000,2625.360107421875,2630.929931640625,2624.68994140625,2630.929931640625,0
1789791000000,2631.199951171875,2635.409912109375,2630.409912109375,2634.610107421875,0
1789791300000,2633.97998046875,2637.1298828125,2631.919921875,2637.1298828125,311984128
1789791600000,2637,2658.489990234375,2637,2644.360107421875,5353472
1789791900000,2644.110107421875,2644.8798828125,2642.39990234375,2644.280029296875,245112832
1789792200000,2643.840087890625,2647.669921875,2642.010009765625,2647.669921875,0
1789792500000,2650.239990234375,2656.3701171875,2650.10009765625,2651.570068359375,371980288
1789792800000,2650.199951171875,2651.60009765625,2647.7099609375,2647.8701171875,0
1789793100000,2647.800048828125,2650.3701171875,2647.139892578125,2647.219970703125,0
1789793400000,2647.239990234375,2650.760009765625,2646,2646,119662592
1789793700000,2645.909912109375,2646.699951171875,2642.340087890625,2644.39990234375,34117632
1789794000000,2644.3798828125,2649.0400390625,2643.389892578125,2648.449951171875,0
1789794300000,2648.469970703125,2658.409912109375,2648.199951171875,2651.169921875,0
1789794600000,2650.39990234375,2651.52001953125,2648.280029296875,2649.2099609375,0
1789794900000,2649.179931640625,2649.389892578125,2647.199951171875,2648.739990234375,0
1789795200000,2648.659912109375,2652.570068359375,2648.659912109375,2652.199951171875,0
1789795500000,2652.159912109375,2652.159912109375,2645.110107421875,2645.7099609375,0
1789795800000,2645.699951171875,2647.6201171875,2634.919921875,2635.7900390625,0
1789796100000,2635.2099609375,2636.360107421875,2632.3701171875,2636.360107421875,126906368
1789796400000,2635.580078125,2636.22998046875,2633.340087890625,2635.320068359375,96677888
1789796700000,2635.31005859375,2641.56005859375,2635.31005859375,2641.56005859375,188669952
1789797000000,2641.06005859375,2642.72998046875,2638.5,2642.72998046875,160348160
1789797300000,2642.340087890625,2642.47998046875,2640.18994140625,2640.18994140625,0
1789797600000,2639.3798828125,2641.429931640625,2637.60009765625,2637.60009765625,0
1789797900000,2637.590087890625,2640,2637.590087890625,2639.010009765625,0
1789798200000,2639.14990234375,2641.169921875,2638.409912109375,2639.85009765625,0
1789798500000,2640.199951171875,2641.3798828125,2639.199951171875,2641.330078125,87218176
1789798800000,2642.169921875,2643.199951171875,2641.68994140625,2642.1201171875,0
1789799100000,2641.760009765625,2644.199951171875,2641.639892578125,2643.610107421875,102150144
1789799400000,2643.489990234375,2644.77001953125,2643.239990234375,2644.469970703125,0
1789799700000,2643.8798828125,2644.389892578125,2641.68994140625,2642.679931640625,75102208
1789800000000,2641.60009765625,2643.989990234375,2641.590087890625,2642.93994140625,106258432
1789800300000,2643.06005859375,2643.949951171875,2641.010009765625,2641.300048828125,68675584
1789800600000,2640.97998046875,2641.989990234375,2639.179931640625,2641.72998046875,0
1789800900000,2642,2642.52001953125,2636.81005859375,2637.260009765625,145180672
1789801200000,2637.159912109375,2641.60009765625,2636.81005859375,2640,0
1789801500000,2639.989990234375,2642,2638.800048828125,2641.919921875,0
1789801800000,2641.75,2641.75,2636.949951171875,2637.110107421875,73732096
1789802100000,2637,2639.6298828125,2635.60009765625,2638.3701171875,21047296
1789802400000,2638.820068359375,2642,2638.820068359375,2642,0
1789802700000,2641.679931640625,2641.679931640625,2637.3701171875,2637.669921875,531998720
1789803000000,2637.800048828125,2637.919921875,2635.659912109375,2637.530029296875,31176704
1789803300000,2637.39990234375,2639.760009765625,2636.8798828125,2639.22998046875,0
1789803600000,2639.219970703125,2639.260009765625,2637.570068359375,2638.139892578125,0
1789803900000,2638.239990234375,2639.97998046875,2638.090087890625,2639.31005859375,0
1789804200000,2639.18994140625,2639.989990234375,2639.02001953125,2639.989990234375,262612992
1789804500000,2639.830078125,2640.39990234375,2638.219970703125,2638.590087890625,0
1789804800000,2638.739990234375,2640.3701171875,2636.570068359375,2640.260009765625,0
1789805100000,2640.47998046875,2642.06005859375,2639.199951171875,2640.02001953125,80541696
1789805400000,2640.06005859375,2641.68994140625,2640.06005859375,2641.340087890625,0
1789805700000,2641.39990234375,2643.1201171875,2640.35009765625,2640.419921875,0
1789806000000,2640.860107421875,2641.050048828125,2639.360107421875,2639.3701171875,141832192
1789806300000,2639.7099609375,2643,2639.360107421875,2640.800048828125,0
1789806600000,2640.489990234375,2642.0400390625,2639.3701171875,2642.0400390625,33662976
1789806900000,2642.22998046875,2642.590087890625,2639.3701171875,2639.889892578125,0
1789807200000,2640.389892578125,2640.72998046875,2638.72998046875,2639.010009765625,0
1789807500000,2639.27001953125,2639.85009765625,2637.0400390625,2639.550048828125,0
1789807800000,2639.570068359375,2642.760009765625,2639.2099609375,2641.39990234375,1622016
1789808100000,2641.43994140625,2641.89990234375,2640.25,2641.550048828125,189024256
1789808400000,2641.5,2642.780029296875,2639.550048828125,2642.389892578125,0
1789808700000,2642.389892578125,2642.389892578125,2636.52001953125,2637.3798828125,0
1789809000000,2637.89990234375,2638.5,2632.800048828125,2636.56005859375,0
1789809300000,2637.06005859375,2641.389892578125,2637.06005859375,2637.669921875,169510912
1789809600000,2637.93994140625,2637.93994140625,2635.1298828125,2636.219970703125,0
1789809900000,2636.2099609375,2636.22998046875,2632.6201171875,2634.070068359375,0
1789810200000,2633.5400390625,2636.360107421875,2628.72998046875,2635.52001953125,0
1789810500000,2636.5400390625,2637.2900390625,2634.43994140625,2637,0
1789810800000,2636.919921875,2636.919921875,2633.52001953125,2635.090087890625,60936192
1789811100000,2635,2635.43994140625,2633.56005859375,2634.139892578125,0
1789811400000,2634.070068359375,2636.739990234375,2632.840087890625,2636.659912109375,0
1789811700000,2636,2638.8798828125,2635.3798828125,2637.6298828125,0
1789812000000,2637.9599609375,2639.889892578125,2637.25,2639.889892578125,0
1789812300000,2639.989990234375,2641.43994140625,2638.27001953125,2638.27001953125,0
1789812600000,2638.550048828125,2639.489990234375,2635.800048828125,2637.669921875,0
1789812900000,2637.669921875,2640.7099609375,2637.669921875,2640.010009765625,0
1789813200000,2640.090087890625,2642.39990234375,2640.090087890625,2641.8798828125,6577152
1789813500000,2642.219970703125,2642.93994140625,2641.280029296875,2642.93994140625,0
1789813800000,2642.989990234375,2643.320068359375,2639.860107421875,2641.06005859375,130701312
1789814100000,2641,2641,2635.030029296875,2636.81005859375,0
1789814400000,2636.780029296875,2639.139892578125,2636.469970703125,2638.300048828125,0
1789814700000,2638.340087890625,2641.18994140625,2637.97998046875,2638.47998046875,64561152
1789815000000,2638.47998046875,2638.47998046875,2636.68994140625,2636.68994140625,0
1789815300000,2636.52001953125,2638.77001953125,2636.010009765625,2638.280029296875,0
1789815600000,2638.169921875,2642.389892578125,2638.169921875,2642.389892578125,0
1789815900000,2641.760009765625,2644.39990234375,2641.760009765625,2643.949951171875,0
1789816200000,2643.679931640625,2644.179931640625,2639.679931640625,2641.8701171875,0
1789816500000,2642.179931640625,2644.25,2640.1298828125,2640.1298828125,0
1789816800000,2640.6298828125,2641.840087890625,2640.06005859375,2641.760009765625,0
1789817100000,2641.64990234375,2641.64990234375,2637.02001953125,2637.02001953125,0
1789817400000,2637.02001953125,2640.080078125,2637.02001953125,2639.56005859375,0
1789817700000,2639.570068359375,2641.6201171875,2639.570068359375,2641.199951171875,0
1789818000000,2641.8798828125,2650.030029296875,2641.360107421875,2648.6201171875,119616512
1789818300000,2648.070068359375,2648.070068359375,2642.760009765625,2643.840087890625,0
1789818600000,2643.929931640625,2647.449951171875,2643.6201171875,2644.39990234375,33269760
1789818900000,2643.2099609375,2643.2099609375,2639.6201171875,2640.590087890625,0
1789819200000,2640.679931640625,2640.679931640625,2635.5,2635.639892578125,0
1789819500000,2636.070068359375,2643.56005859375,2636.02001953125,2641.010009765625,0
1789819800000,2640.800048828125,2646.389892578125,2640.679931640625,2644.330078125,0
1789820100000,2644.56005859375,2645.590087890625,2642.469970703125,2644.8701171875,0
1789820400000,2644.8798828125,2649.139892578125,2643.830078125,2648.8701171875,0
1789820700000,2648.610107421875,2649.9599609375,2647.199951171875,2647.199951171875,76360704
1789821000000,2647.010009765625,2651,2646.8798828125,2649.989990234375,0
1789821300000,2649.81005859375,2650.6298828125,2646.39990234375,2647.179931640625,0
1789821600000,2647.219970703125,2649.39990234375,2647.02001953125,2647.159912109375,0
1789821900000,2647.179931640625,2647.360107421875,2645.830078125,2646.919921875,0
1789822200000,2646.75,2648.56005859375,2646.110107421875,2648.469970703125,16828416
1789822500000,2648.4599609375,2650.389892578125,2648.4599609375,2649.8701171875,0
1789822800000,2649.25,2650,2648.090087890625,2649.929931640625,0
1789823100000,2650.239990234375,2654.68994140625,2650.239990234375,2652.39990234375,0
1789823400000,2651.85009765625,2653.530029296875,2649.14990234375,2649.14990234375,40278016
1789823700000,2649.860107421875,2660.75,2648.89990234375,2653.409912109375,0
1789824000000,2653.110107421875,2657.840087890625,2644.530029296875,2644.530029296875,128818176
1789824300000,2644.31005859375,2647.77001953125,2641.81005859375,2646.300048828125,0
1789824600000,2646.43994140625,2650.18994140625,2645.360107421875,2647.39990234375,0
1789824900000,2646.429931640625,2647.030029296875,2641.68994140625,2643.3701171875,144105472
1789825200000,2644,2647.489990234375,2643.530029296875,2646.389892578125,0
1789825500000,2646.6298828125,2648.550048828125,2646.320068359375,2647.530029296875,53698560
1789825800000,2647.239990234375,2647.239990234375,2644.2099609375,2645.110107421875,0
1789826100000,2645.27001953125,2647.330078125,2644.820068359375,2644.929931640625,0
1789826400000,2644.89990234375,2646.780029296875,2643.60009765625,2644.7900390625,0
1789826700000,2644.89990234375,2646.719970703125,2640.889892578125,2643.659912109375,0
1789827000000,2643.639892578125,2643.639892578125,2636.300048828125,2637.60009765625,0
1789827300000,2636.830078125,2640.909912109375,2635,2639.7099609375,0
1789827600000,2639.93994140625,2642.889892578125,2639.10009765625,2640.3701171875,236068864
1789827900000,2640.739990234375,2640.919921875,2639.60009765625,2640.3798828125,67294208
1789828200000,2640.3798828125,2640.3798828125,2635.739990234375,2639.3701171875,0
1789828500000,2638.8701171875,2643.929931640625,2638.56005859375,2642.3701171875,0
1789828800000,2642.639892578125,2643.590087890625,2640.889892578125,2640.889892578125,0
1789829100000,2640.989990234375,2641.52001953125,2637.2099609375,2638.5400390625,102988800
1789829400000,2638.1201171875,2638.1201171875,2635.840087890625,2636.64990234375,0
1789829700000,2636.639892578125,2638.580078125,2635.77001953125,2638.39990234375,7721984
1789830000000,2638.7900390625,2640.1298828125,2638.300048828125,2639.989990234375,1173504
1789830300000,2639.85009765625,2640.090087890625,2633.300048828125,2636.080078125,0
1789830600000,2635.889892578125,2636.7900390625,2633.64990234375,2633.929931640625,8218624
1789830900000,2634.06005859375,2635.409912109375,2631.60009765625,2634.330078125,0
1789831200000,2634.510009765625,2637.3701171875,2634.510009765625,2636.35009765625,0
1789831500000,2636.56005859375,2637.909912109375,2636.340087890625,2636.68994140625,0
1789831800000,2636.489990234375,2637.639892578125,2635.860107421875,2637.6201171875,0
1789832100000,2637.570068359375,2637.60009765625,2634.800048828125,2636.39990234375,0
1789832400000,2636.159912109375,2637.60009765625,2634.43994140625,2634.830078125,0
1789832700000,2634.820068359375,2637.3798828125,2634.699951171875,2635.909912109375,0
1789833000000,2635.919921875,2636.39990234375,2635.199951171875,2635.469970703125,0
1789833300000,2635.320068359375,2635.739990234375,2632.219970703125,2634.330078125,0
1789833600000,2634.050048828125,2635.7099609375,2632.52001953125,2633.989990234375,0
1789833900000,2634.139892578125,2636.10009765625,2633.60009765625,2635.25,0
1789834200000,2635.330078125,2635.5400390625,2633.2099609375,2634.5,0
1789834500000,2634.1298828125,2634.820068359375,2632.10009765625,2634.820068359375,0
1789834800000,2634.7900390625,2639.35009765625,2634.7900390625,2638.1298828125,0
1789835100000,2638.260009765625,2638.800048828125,2634.360107421875,2634.669921875,0
1789835400000,2634.81005859375,2636.469970703125,2634.35009765625,2635,56488960
1789835700000,2635.340087890625,2638.9599609375,2635.110107421875,2638.9599609375,0
1789836000000,2639.010009765625,2640,2638.3798828125,2639.85009765625,55421952
1789836300000,2638.5,2639.840087890625,2634.409912109375,2637.6201171875,0
1789836600000,2637.31005859375,2637.6201171875,2633.39990234375,2634.39990234375,0
1789836900000,2634.570068359375,2635.510009765625,2631.85009765625,2635.3798828125,0
1789837200000,2635.60009765625,2638.3798828125,2635,2636.22998046875,0
1789837500000,2636.06005859375,2637.199951171875,2631.429931640625,2631.429931640625,0
1789837800000,2630.8798828125,2631.010009765625,2623.7099609375,2624.43994140625,24888320
1789838100000,2623.739990234375,2626.889892578125,2622.179931640625,2623.139892578125,45023232
1789838400000,2623.590087890625,2625.75,2617.669921875,2625.75,0
1789838700000,2625.02001953125,2628.18994140625,2624.830078125,2626.949951171875,0
1789839000000,2626.739990234375,2627.6298828125,2624.010009765625,2624.5,0
1789839300000,2623.280029296875,2624.989990234375,2620.31005859375,2624.919921875,165529600
1789839600000,2625.199951171875,2625.199951171875,2621.570068359375,2623.419921875,0
1789839900000,2623.56005859375,2627.06005859375,2623.39990234375,2627.06005859375,0
1789840200000,2627.080078125,2627.989990234375,2626.10009765625,2627.590087890625,0
1789840500000,2627.8701171875,2628.72998046875,2627.1298828125,2627.56005859375,0
1789840800000,2626.5400390625,2626.8701171875,2620.139892578125,2621.469970703125,0
1789841100000,2621.320068359375,2624.760009765625,2621.320068359375,2624.31005859375,0
1789841400000,2623.60009765625,2624.580078125,2619.2099609375,2619.2099609375,159176704
1789841700000,2619.239990234375,2623.050048828125,2618.93994140625,2620.260009765625,0
1789842000000,2620.300048828125,2622.300048828125,2618.840087890625,2621,3468288
1789842300000,2620.669921875,2622.68994140625,2620.010009765625,2621.800048828125,0
1789842600000,2621.919921875,2623.47998046875,2621.239990234375,2622.5,0
1789842900000,2622.510009765625,2628.530029296875,2622.510009765625,2628.530029296875,0
1789843200000,2628.580078125,2629.1201171875,2626.639892578125,2628.860107421875,0
1789843500000,2628.4599609375,2629.659912109375,2627.75,2628.68994140625,235676672
1789843800000,2629.1201171875,2630.39990234375,2628.080078125,2630.39990234375,0
1789844100000,2630.409912109375,2631.070068359375,2629.3701171875,2630.110107421875,0
1789844400000,2630.2900390625,2631.3798828125,2629.9599609375,2630.47998046875,0
1789844700000,2630.64990234375,2631.77001953125,2630.570068359375,2630.580078125,0
1789845000000,2630.570068359375,2635.56005859375,2630.570068359375,2635.300048828125,88909824
1789845300000,2635.330078125,2637.02001953125,2632.800048828125,2633.8798828125,0
1789845600000,2633.60009765625,2633.6201171875,2629.219970703125,2629.739990234375,132343808
1789845900000,2629.739990234375,2631.8701171875,2628.639892578125,2631.830078125,0
1789846200000,2631.8798828125,2634.8798828125,2630.360107421875,2634.780029296875,0
1789846500000,2634.739990234375,2636.949951171875,2633.219970703125,2634.39990234375,72778752
1789846800000,2633.830078125,2634.02001953125,2633.10009765625,2634.02001953125,0
1789847100000,2634.02001953125,2634.929931640625,2633.330078125,2633.75,66782208
1789847400000,2634.139892578125,2634.4599609375,2632.81005859375,2633.080078125,0
1789847700000,2632.89990234375,2632.89990234375,2631.6201171875,2631.699951171875,19646464
1789848000000,2630.889892578125,2630.889892578125,2627.300048828125,2627.31005859375,0
1789848300000,2627.070068359375,2627.280029296875,2625.860107421875,2627.06005859375,0
1789848600000,2627.68994140625,2629.219970703125,2627.0400390625,2629.219970703125,0
1789848900000,2629.6298828125,2630.830078125,2627.7099609375,2628.830078125,5497856
1789849200000,2629.1201171875,2629.1201171875,2626.030029296875,2626.760009765625,0
1789849500000,2626.25,2628.97998046875,2626.25,2628.389892578125,60916736
1789849800000,2628.330078125,2630.780029296875,2625.969970703125,2629.919921875,0
1789850100000,2630.159912109375,2630.679931640625,2626.840087890625,2629.68994140625,144671744
1789850400000,2628.89990234375,2630.239990234375,2628.7900390625,2630,0
1789850700000,2629.639892578125,2629.639892578125,2626.93994140625,2627.239990234375,0
1789851000000,2627.429931640625,2628.2099609375,2626.820068359375,2627.389892578125,0
1789851300000,2626.800048828125,2627.02001953125,2625.18994140625,2626.72998046875,0
1789851600000,2626.429931640625,2626.429931640625,2623.510009765625,2623.610107421875,0
1789851900000,2623.830078125,2625.300048828125,2622.860107421875,2622.909912109375,0
1789852200000,2622.449951171875,2622.469970703125,2619.610107421875,2620.31005859375,0
1789852500000,2619.530029296875,2623.9599609375,2619.530029296875,2623.780029296875,0
1789852800000,2623.3798828125,2624.97998046875,2622.929931640625,2623.139892578125,0
1789853100000,2622.39990234375,2622.97998046875,2620.010009765625,2620.070068359375,0
1789853400000,2619.81005859375,2620.530029296875,2617.610107421875,2617.669921875,68570112
1789853700000,2617.60009765625,2618.1298828125,2612.7900390625,2618.1298828125,4476928
1789854000000,2617.7099609375,2618.989990234375,2617,2617.280029296875,1030144
1789854300000,2618.719970703125,2619.4599609375,2614.800048828125,2617.97998046875,70702080
1789854600000,2618.27001953125,2618.780029296875,2617.239990234375,2618.530029296875,0
1789854900000,2618.5400390625,2619.10009765625,2617.219970703125,2618.389892578125,25152512
1789855200000,2618.10009765625,2621.570068359375,2617.320068359375,2619.330078125,0
1789855500000,2618.669921875,2619.75,2617.10009765625,2618.97998046875,4786176
1789855800000,2618.97998046875,2621.840087890625,2618.510009765625,2621.699951171875,0
1789856100000,2621.760009765625,2623.179931640625,2616.139892578125,2618.6201171875,0
1789856400000,2619,2619,2614.159912109375,2614.419921875,0
1789856700000,2614.2900390625,2614.52001953125,2612.6201171875,2613.340087890625,0
1789857000000,2613.31005859375,2614.530029296875,2608.909912109375,2608.909912109375,28999680
1789857300000,2608.360107421875,2610.469970703125,2605.6201171875,2605.639892578125,3202048
1789857600000,2606.0400390625,2606.909912109375,2587.719970703125,2589.590087890625,106656768
1789857900000,2591.409912109375,2598.389892578125,2588.489990234375,2592.360107421875,147431424
1789858200000,2591.669921875,2595.090087890625,2582.919921875,2588.72998046875,0
1789858500000,2588.7900390625,2590.050048828125,2566.4599609375,2573.719970703125,24349696
1789858800000,2573.1298828125,2575.800048828125,2564.169921875,2575.590087890625,205894656
1789859100000,2576.43994140625,2584.97998046875,2576.43994140625,2580.43994140625,159581184
1789859400000,2582,2583.60009765625,2574.1201171875,2574.489990234375,164140032
1789859700000,2574.72998046875,2584.18994140625,2569.199951171875,2584.18994140625,36206592
1789860000000,2584.39990234375,2590.27001953125,2584.39990234375,2588.389892578125,0
1789860300000,2588.389892578125,2588.389892578125,2583.85009765625,2584.199951171875,119269376
1789860600000,2583.830078125,2588.35009765625,2583.830078125,2585.989990234375,34979840
1789860900000,2585.659912109375,2585.659912109375,2577.669921875,2577.669921875,85548032
1789861200000,2578.77001953125,2581.8798828125,2578.27001953125,2580.89990234375,16894976
1789861500000,2580.7099609375,2584.830078125,2579.199951171875,2584.739990234375,30891008
1789861800000,2584.669921875,2587.389892578125,2583.60009765625,2586.820068359375,0
1789862100000,2587.10009765625,2587.3798828125,2585.429931640625,2587.179931640625,43422720
1789862400000,2587.179931640625,2587.179931640625,2583.0400390625,2586.669921875,0
1789862700000,2586.919921875,2586.919921875,2582.43994140625,2584.800048828125,90150912
1789863000000,2584.6201171875,2584.6201171875,2580.25,2584.389892578125,0
1789863300000,2583.219970703125,2587.570068359375,2581.419921875,2582.050048828125,98171904
1789863600000,2582.139892578125,2583.35009765625,2578.669921875,2582.25,0
1789863900000,2582.489990234375,2585.02001953125,2582.139892578125,2582.929931640625,148713472
1789864200000,2583.10009765625,2584.5,2582.27001953125,2583.449951171875,0
1789864500000,2583.199951171875,2584.989990234375,2581.280029296875,2584.97998046875,107502592
1789864800000,2584.7099609375,2584.929931640625,2580.169921875,2580.169921875,0
1789865100000,2579.840087890625,2580.72998046875,2576.030029296875,2577.9599609375,0
1789865400000,2578.280029296875,2580.5400390625,2577.010009765625,2580.199951171875,47744000
1789865700000,2580.239990234375,2580.60009765625,2578.070068359375,2578.679931640625,723968
1789866000000,2579.199951171875,2579.389892578125,2575.659912109375,2578.8798828125,95213568
1789866300000,2578.929931640625,2579.81005859375,2577.510009765625,2578.719970703125,12945408
1789866600000,2578.89990234375,2584.14990234375,2578.18994140625,2583.179931640625,0
1789866900000,2583.06005859375,2583.06005859375,2577.780029296875,2577.840087890625,35745792
1789867200000,2577.590087890625,2579.169921875,2574.10009765625,2574.10009765625,116430848
1789867500000,2574,2578,2574,2577.35009765625,789504
1789867800000,2577.330078125,2581.47998046875,2577.22998046875,2579.830078125,55149568
1789868100000,2580.030029296875,2580.030029296875,2573.300048828125,2575.2099609375,0
1789868400000,2575.989990234375,2575.989990234375,2573.8798828125,2575.3798828125,34259968
1789868700000,2575.5,2578.159912109375,2574.39990234375,2577.909912109375,0
1789869000000,2578.2099609375,2578.5,2575.590087890625,2575.590087890625,7634944
1789869300000,2575.409912109375,2578.419921875,2575.219970703125,2577.159912109375,0
1789869600000,2576.659912109375,2578.3798828125,2574.89990234375,2575.2099609375,0
1789869900000,2574.89990234375,2577.89990234375,2573.929931640625,2576,0
1789870200000,2576.169921875,2578,2573.64990234375,2578,1254400
1789870500000,2577.949951171875,2584.330078125,2577.780029296875,2582.070068359375,11209728
1789870800000,2582.06005859375,2582.06005859375,2577.64990234375,2579.830078125,152065024
1789871100000,2580.280029296875,2581.409912109375,2578.969970703125,2579.2099609375,0
1789871400000,2578.800048828125,2580.110107421875,2577.659912109375,2578.7099609375,9923584
1789871700000,2578.77001953125,2578.929931640625,2574.860107421875,2575.02001953125,2080768
1789872000000,2574.56005859375,2574.56005859375,2569.300048828125,2573.14990234375,19453952
1789872300000,2573,2575.340087890625,2570.199951171875,2573.889892578125,43686912
1789872600000,2573.56005859375,2574.3701171875,2572.570068359375,2572.60009765625,43700224
1789872900000,2572.550048828125,2575.570068359375,2570.699951171875,2573.260009765625,10238976
1789873200000,2573.7099609375,2575.1201171875,2572.800048828125,2572.800048828125,0
1789873500000,2573.320068359375,2575.18994140625,2572,2573.719970703125,7297024
1789873800000,2573,2575.699951171875,2573,2574.780029296875,0
1789874100000,2574,2574.320068359375,2571.6201171875,2571.6201171875,0
1789874400000,2571.860107421875,2574.780029296875,2570.5,2574.780029296875,0
1789874700000,2574.840087890625,2576.989990234375,2574.840087890625,2576.280029296875,0
1789875000000,2576.219970703125,2576.969970703125,2575.10009765625,2575.10009765625,24409088
1789875300000,2575.10009765625,2575.169921875,2571.02001953125,2573.0400390625,100626432
1789875600000,2572.780029296875,2575.580078125,2572.72998046875,2574.8701171875,0
1789875900000,2574.5,2576.080078125,2574.35009765625,2575.43994140625,63513600
1789876200000,2575.010009765625,2577.60009765625,2574.9599609375,2576.260009765625,39680000
1789876500000,2576.550048828125,2577.590087890625,2575.9599609375,2576.0400390625,0
1789876800000,2576.3798828125,2582.860107421875,2575.110107421875,2582.389892578125,0
1789877100000,2582.199951171875,2582.199951171875,2577.889892578125,2580.77001953125,12115968
1789877400000,2580.8798828125,2581.199951171875,2579.199951171875,2579.419921875,0
1789877700000,2579.199951171875,2580.1298828125,2577.9599609375,2578.4599609375,0
1789878000000,2578.6298828125,2578.6298828125,2576.1201171875,2576.1201171875,0
1789878300000,2575.8701171875,2577.489990234375,2575.8701171875,2577.070068359375,0
1789878600000,2577.070068359375,2578.570068359375,2576.39990234375,2576.409912109375,0
1789878900000,2576.070068359375,2577.610107421875,2575.8798828125,2576.110107421875,0
1789879200000,2575.949951171875,2575.949951171875,2571.8798828125,2573.110107421875,0
1789879500000,2573.3701171875,2574.840087890625,2570.6201171875,2572.360107421875,0
1789879800000,2572.360107421875,2574.5400390625,2568.800048828125,2573.4599609375,13725696
1789880100000,2573.610107421875,2574.27001953125,2572.679931640625,2573.8798828125,14697472
1789880400000,2573.43994140625,2576.300048828125,2573.43994140625,2575.860107421875,0
1789880700000,2575.860107421875,2576.610107421875,2574.580078125,2575.590087890625,0
1789881000000,2575.56005859375,2576.699951171875,2575.080078125,2575.739990234375,22979584
1789881300000,2575.860107421875,2577.199951171875,2575.3701171875,2576.360107421875,0
1789881600000,2576.4599609375,2579.840087890625,2575.7900390625,2578.219970703125,0
1789881900000,2578.199951171875,2579.860107421875,2578.199951171875,2578.419921875,3026944
1789882200000,2578.409912109375,2581.10009765625,2578.409912109375,2581.02001953125,0
1789882500000,2581.35009765625,2583.6201171875,2580.6201171875,2583.6201171875,1851392
1789882800000,2583.199951171875,2586.469970703125,2581.419921875,2584.780029296875,0
1789883100000,2584.669921875,2584.669921875,2581.679931640625,2581.909912109375,0
1789883400000,2582.090087890625,2582.090087890625,2580.2099609375,2580.2099609375,23247872
1789883700000,2580.179931640625,2580.85009765625,2578.64990234375,2578.800048828125,0
1789884000000,2579.10009765625,2580.340087890625,2579.10009765625,2579.1298828125,17792000
1789884300000,2579.1298828125,2579.1298828125,2571.199951171875,2573.7900390625,0
1789884600000,2573.780029296875,2575.260009765625,2571.419921875,2575.260009765625,18628608
1789884900000,2575.860107421875,2578.800048828125,2574.199951171875,2574.199951171875,0
1789885200000,2574.27001953125,2574.989990234375,2573.52001953125,2573.949951171875,91794432
1789885500000,2573.929931640625,2574.7900390625,2573.72998046875,2574.7900390625,638976
1789885800000,2574.679931640625,2577.260009765625,2574.31005859375,2574.77001953125,0
1789886100000,2574.639892578125,2575.14990234375,2573.030029296875,2573.030029296875,0
1789886400000,2572.6201171875,2573.679931640625,2572,2573.35009765625,0
1789886700000,2573.719970703125,2573.9599609375,2572.5,2573.5,0
1789887000000,2573.320068359375,2575.570068359375,2573.260009765625,2574.199951171875,0
1789887300000,2574.159912109375,2574.340087890625,2569.760009765625,2570.489990234375,0
1789887600000,2570.139892578125,2572,2567.280029296875,2569.580078125,69470208
1789887900000,2569.570068359375,2574.39990234375,2568.840087890625,2570.14990234375,0
1789888200000,2570.3798828125,2571.739990234375,2569.7900390625,2570.969970703125,30336000
1789888500000,2570.800048828125,2570.989990234375,2567.9599609375,2570.8798828125,0
1789888800000,2570.550048828125,2571.830078125,2569.3701171875,2571.2099609375,0
1789889100000,2571.389892578125,2571.64990234375,2570.429931640625,2571.590087890625,3793920
1789889400000,2571.820068359375,2577.010009765625,2571.820068359375,2573.10009765625,0
1789889700000,2573.510009765625,2575.1298828125,2571.409912109375,2572.739990234375,14836736
1789890000000,2572.97998046875,2574.60009765625,2572.97998046875,2574.159912109375,6511616
1789890300000,2574.52001953125,2576.56005859375,2573.72998046875,2576.27001953125,0
1789890600000,2576.4599609375,2579.469970703125,2575.97998046875,2579.179931640625,19278848
1789890900000,2579.35009765625,2579.35009765625,2576.97998046875,2577.8701171875,20979712
1789891200000,2577.489990234375,2578.6298828125,2574.469970703125,2577.8798828125,0
1789891500000,2577.659912109375,2580.3798828125,2577.659912109375,2579.429931640625,0
1789891800000,2579.070068359375,2581.77001953125,2578.929931640625,2579.39990234375,0
1789892100000,2579.739990234375,2579.739990234375,2574.800048828125,2574.800048828125,80178176
1789892400000,2575,2576,2574.169921875,2574.169921875,0
1789892700000,2574.10009765625,2576.070068359375,2573.6298828125,2573.8701171875,5160960
1789893000000,2574.1201171875,2574.1201171875,2570.969970703125,2572.820068359375,0
1789893300000,2573.219970703125,2574.85009765625,2572.47998046875,2574.60009765625,0
1789893600000,2574.5400390625,2574.949951171875,2572.8798828125,2573.760009765625,58923008
1789893900000,2573.669921875,2576.010009765625,2573.469970703125,2576.010009765625,12549120
1789894200000,2576.31005859375,2578.409912109375,2575.179931640625,2578.409912109375,0
1789894500000,2578.02001953125,2579.85009765625,2575.909912109375,2579.39990234375,0
1789894800000,2579.31005859375,2582.25,2579.31005859375,2582.25,0
1789895100000,2582.449951171875,2585.199951171875,2582,2582.419921875,0
1789895400000,2582,2582.199951171875,2580.47998046875,2580.72998046875,20602880
1789895700000,2580.800048828125,2581.10009765625,2578.25,2580,0
1789896000000,2579.35009765625,2580.7099609375,2577.77001953125,2580.7099609375,15841280
1789896300000,2579.280029296875,2582.18994140625,2579.280029296875,2579.699951171875,0
1789896600000,2579.780029296875,2580.489990234375,2576.280029296875,2576.2900390625,0
1789896900000,2576.5,2577.590087890625,2576.159912109375,2576.659912109375,0
1789897200000,2577.47998046875,2578.800048828125,2575.800048828125,2578.800048828125,140519424
1789897500000,2579.199951171875,2580.070068359375,2577.6298828125,2578.909912109375,0
1789897800000,2578.7900390625,2580.669921875,2578,2579.929931640625,2516992
1789898100000,2579.7900390625,2580.419921875,2578.989990234375,2580.010009765625,0
1789898400000,2579.9599609375,2587.320068359375,2579.9599609375,2585.330078125,0
1789898700000,2584.5,2586,2582.3798828125,2582.85009765625,11823104
1789899000000,2582.81005859375,2582.81005859375,2579.35009765625,2579.35009765625,0
1789899300000,2578.77001953125,2578.9599609375,2574.39990234375,2575.090087890625,12509184
1789899600000,2575,2578.590087890625,2573.469970703125,2577.89990234375,0
1789899900000,2578.080078125,2579.360107421875,2575.60009765625,2576.280029296875,29543424
1789900200000,2576.070068359375,2581.719970703125,2575.199951171875,2579.330078125,65866752
1789900500000,2579.10009765625,2582.820068359375,2578.169921875,2581.169921875,11102208
1789900800000,2581.340087890625,2582.409912109375,2580.39990234375,2580.639892578125,0
1789901100000,2580.699951171875,2582.7900390625,2579.719970703125,2582.050048828125,16028672
1789901400000,2582.14990234375,2585.699951171875,2582.1201171875,2584.97998046875,9621504
1789901700000,2584.489990234375,2587.320068359375,2584.070068359375,2584.8798828125,6523904
1789902000000,2585.510009765625,2606.070068359375,2585.510009765625,2597.919921875,0
1789902300000,2598.419921875,2604.389892578125,2596.6201171875,2599.9599609375,21368832
1789902600000,2598.8798828125,2598.989990234375,2595.47998046875,2596.090087890625,201632768
1789902900000,2597.159912109375,2605.14990234375,2597.159912109375,2600.39990234375,25427968
1789903200000,2598.739990234375,2600.580078125,2597.199951171875,2599.080078125,26559488
1789903500000,2598.510009765625,2598.510009765625,2592.3701171875,2592.3701171875,0
1789903800000,2592.7099609375,2598.530029296875,2592.7099609375,2596.919921875,0
1789904100000,2597.56005859375,2604.679931640625,2596.4599609375,2604.679931640625,210461696
1789904400000,2605.320068359375,2606.110107421875,2601.610107421875,2602.89990234375,6684672
1789904700000,2603.050048828125,2606.820068359375,2602.389892578125,2606.820068359375,0
1789905000000,2606.929931640625,2609.6201171875,2604.610107421875,2608.919921875,0
1789905300000,2609.320068359375,2614.97998046875,2608.659912109375,2612.47998046875,0
1789905600000,2613.169921875,2613.169921875,2605.97998046875,2608.570068359375,1271808
1789905900000,2607.739990234375,2621.52001953125,2606.27001953125,2617.300048828125,33294336
1789906200000,2618.68994140625,2626,2617.030029296875,2622.179931640625,18837504
1789906500000,2622.27001953125,2626.300048828125,2619.909912109375,2620.1201171875,96698368
1789906800000,2620.7099609375,2620.7099609375,2614.9599609375,2618.669921875,24408064
1789907100000,2619.3701171875,2623.530029296875,2616.449951171875,2619.199951171875,3318784
1789907400000,2618.590087890625,2629.31005859375,2618.590087890625,2627.530029296875,0
1789907700000,2627.159912109375,2639.1298828125,2625.489990234375,2638.260009765625,70999040
1789908000000,2637.97998046875,2647,2635.3798828125,2640.7099609375,90072064
1789908300000,2642,2643.60009765625,2633.360107421875,2634.43994140625,54581248
1789908600000,2634.510009765625,2638.580078125,2632.52001953125,2637.93994140625,159983616
1789908900000,2637.989990234375,2640.340087890625,2636.090087890625,2640.300048828125,0
1789909200000,2639.60009765625,2645.919921875,2634.419921875,2645.919921875,45819904
1789909500000,2646.22998046875,2648.31005859375,2637.169921875,2637.169921875,52984832
1789909800000,2637.31005859375,2641.389892578125,2633.830078125,2636.7900390625,92978176
1789910100000,2637.18994140625,2639.72998046875,2633.64990234375,2633.64990234375,24715264
1789910400000,2634.419921875,2637.739990234375,2625.739990234375,2630.090087890625,0
1789910700000,2629.739990234375,2632.06005859375,2618.27001953125,2621.739990234375,0
1789911000000,2621.860107421875,2627.18994140625,2621.47998046875,2626.469970703125,0
1789911300000,2624.8798828125,2638.969970703125,2624.800048828125,2635.590087890625,330674176
1789911600000,2635.080078125,2635.080078125,2632.010009765625,2635.070068359375,51632128
1789911900000,2635.860107421875,2636.93994140625,2630.89990234375,2630.89990234375,30486528
1789912200000,2630.75,2632.2099609375,2624.610107421875,2624.610107421875,15114240
1789912500000,2624.81005859375,2626.260009765625,2622.25,2626.260009765625,0
1789912800000,2625.550048828125,2628,2624.39990234375,2626,3021824
1789913100000,2625.4599609375,2628.419921875,2621.610107421875,2627.510009765625,84485120
1789913400000,2627.6201171875,2628.4599609375,2625,2625.219970703125,0
1789913700000,2625.77001953125,2634.25,2624.760009765625,2633.8798828125,0
1789914000000,2633.85009765625,2634.610107421875,2630.64990234375,2631.219970703125,0
1789914300000,2631.35009765625,2638.010009765625,2631.050048828125,2637.580078125,80838656
1789914600000,2637.85009765625,2639.3798828125,2634.010009765625,2635.110107421875,1885184
1789914900000,2635.409912109375,2636.570068359375,2630.06005859375,2630.659912109375,0
1789915200000,2630.699951171875,2633.60009765625,2630.669921875,2632.06005859375,0
1789915500000,2632.139892578125,2632.39990234375,2627.60009765625,2629.510009765625,0
1789915800000,2628,2628,2622.070068359375,2624.06005859375,0
1789916100000,2624.179931640625,2626.8701171875,2622.800048828125,2625.6201171875,98737152
1789916400000,2626.800048828125,2628.889892578125,2625.260009765625,2627.75,5736448
1789916700000,2627.2099609375,2628.780029296875,2625.199951171875,2628.22998046875,0
1789917000000,2628.72998046875,2629.030029296875,2626.830078125,2626.830078125,0
1789917300000,2626.929931640625,2627.820068359375,2626,2627.800048828125,596992
1789917600000,2628.18994140625,2629.340087890625,2627.340087890625,2627.889892578125,0
1789917900000,2627.60009765625,2629,2625.760009765625,2628.800048828125,0
1789918200000,2629.18994140625,2634.52001953125,2629.1298828125,2633.070068359375,0
1789918500000,2632.300048828125,2635.280029296875,2630.56005859375,2634.4599609375,0
1789918800000,2634.800048828125,2635.60009765625,2633.739990234375,2634.300048828125,88655872
1789919100000,2633.719970703125,2636.760009765625,2633.389892578125,2634.889892578125,1199104
1789919400000,2634.840087890625,2638.419921875,2634.840087890625,2637.14990234375,0
1789919700000,2637.06005859375,2637.06005859375,2631.449951171875,2632.969970703125,0
1789920000000,2632.81005859375,2635.989990234375,2632.449951171875,2635.64990234375,1666048
1789920300000,2635.260009765625,2636.360107421875,2632.639892578125,2633.43994140625,0
1789920600000,2633.2099609375,2633.2099609375,2630.39990234375,2631.139892578125,90981376
1789920900000,2631.60009765625,2633,2629.5400390625,2630.949951171875,7515136
1789921200000,2631.090087890625,2634,2630.39990234375,2632.3798828125,0
1789921500000,2632.340087890625,2637.93994140625,2630.860107421875,2637.75,45089792
1789921800000,2636.2099609375,2636.2099609375,2634,2634.3798828125,0
1789922100000,2634.3798828125,2635.889892578125,2630.7099609375,2634.840087890625,99099648
1789922400000,2635.0400390625,2636.77001953125,2632.949951171875,2636.0400390625,25057280
1789922700000,2635.669921875,2642.39990234375,2633.239990234375,2636.889892578125,0
1789923000000,2636.739990234375,2636.739990234375,2631.679931640625,2632.449951171875,152116224
1789923300000,2632.52001953125,2635.31005859375,2632.35009765625,2634.219970703125,0
1789923600000,2634.330078125,2635.239990234375,2615.169921875,2621.219970703125,0
1789923900000,2620.840087890625,2626.110107421875,2618.60009765625,2619.780029296875,61908992
1789924200000,2619.489990234375,2619.489990234375,2610.60009765625,2619.320068359375,84257792
1789924500000,2619.300048828125,2625.6298828125,2619.2900390625,2625.6298828125,0
1789924800000,2625.6298828125,2626.820068359375,2617.919921875,2618.800048828125,102432768
1789925100000,2619.389892578125,2623.3798828125,2619.389892578125,2623.280029296875,14979072
1789925400000,2622.7900390625,2626.449951171875,2622.419921875,2625.090087890625,4474880
1789925700000,2625.090087890625,2627.159912109375,2623.02001953125,2626.159912109375,0
1789926000000,2625.47998046875,2626,2620.1298828125,2620.1298828125,0
1789926300000,2620.159912109375,2625.8798828125,2620.010009765625,2625.199951171875,31581184
1789926600000,2625.02001953125,2628.169921875,2625.02001953125,2626.989990234375,0
1789926900000,2627.199951171875,2630.18994140625,2625.590087890625,2630.179931640625,0
1789927200000,2632.18994140625,2636.22998046875,2624,2630.659912109375,34956288
1789927500000,2631.97998046875,2642.77001953125,2631.919921875,2642.2099609375,58855424
1789927800000,2640.18994140625,2645.4599609375,2638.909912109375,2645.169921875,0
1789928100000,2645.60009765625,2645.60009765625,2636.330078125,2638.969970703125,51287040
1789928400000,2638.989990234375,2639.7900390625,2634.419921875,2637.47998046875,29580288
1789928700000,2637.47998046875,2640.949951171875,2636.820068359375,2640.280029296875,19092480
1789929000000,2640.3798828125,2640.830078125,2636.530029296875,2637.929931640625,55905280
1789929300000,2637.699951171875,2644.590087890625,2637.699951171875,2644.5,0
1789929600000,2642.4599609375,2642.4599609375,2635.52001953125,2635.780029296875,178267136
1789929900000,2635.409912109375,2639.590087890625,2634.139892578125,2639.18994140625,4269056
1789930200000,2639.60009765625,2642.919921875,2638.719970703125,2638.719970703125,0
1789930500000,2639.3701171875,2640.780029296875,2638.18994140625,2638.949951171875,0
1789930800000,2638.840087890625,2638.840087890625,2632.199951171875,2632.679931640625,163895296
1789931100000,2632.1201171875,2636.699951171875,2631.5400390625,2635.60009765625,25948160
1789931400000,2636.669921875,2637.429931640625,2633.219970703125,2633.219970703125,94569472
1789931700000,2634.090087890625,2640.5400390625,2633.06005859375,2640.320068359375,0
1789932000000,2641.3798828125,2647.7099609375,2640.800048828125,2645.050048828125,0
1789932300000,2643.949951171875,2643.949951171875,2636.81005859375,2637.159912109375,140424192
1789932600000,2637.35009765625,2641.639892578125,2636.659912109375,2638.639892578125,0
1789932900000,2638.010009765625,2643.3798828125,2638.010009765625,2641.090087890625,57184256
1789933200000,2640.39990234375,2643.60009765625,2638.030029296875,2642.840087890625,68927488
1789933500000,2643.739990234375,2646.22998046875,2638.330078125,2643.199951171875,19678208
1789933800000,2643.800048828125,2644.760009765625,2640.6201171875,2644.169921875,52926464
1789934100000,2643.580078125,2646.409912109375,2641.949951171875,2644.090087890625,4805632
1789934400000,2643.60009765625,2659.39990234375,2643.60009765625,2653.739990234375,0
1789934700000,2654.030029296875,2661.4599609375,2652.610107421875,2653.659912109375,161907712
1789935000000,2652.39990234375,2685.0400390625,2648.570068359375,2676.429931640625,258735104
1789935300000,2679.409912109375,2689.340087890625,2671.530029296875,2686.52001953125,277706752
1789935600000,2686,2695.510009765625,2686,2690.2099609375,409089024
1789935900000,2688.39990234375,2690.429931640625,2682.5,2685.47998046875,15466496
1789936200000,2685.080078125,2687.7900390625,2682.1298828125,2683.070068359375,215174144
1789936500000,2683.06005859375,2693.820068359375,2682.68994140625,2687.159912109375,60666880
1789936800000,2689.60009765625,2692.489990234375,2683.56005859375,2689.25,0
1789937100000,2688.3798828125,2703.27001953125,2688.3798828125,2691,222595072
1789937400000,2688.72998046875,2696.10009765625,2686.909912109375,2692.419921875,216438784
1789937700000,2693.06005859375,2693.43994140625,2688.199951171875,2689.179931640625,120028160
1789938000000,2688.169921875,2689.590087890625,2679.889892578125,2684.77001953125,4868096
1789938300000,2683.60009765625,2687.219970703125,2682.580078125,2687.110107421875,85529600
1789938600000,2688.070068359375,2690.39990234375,2686,2689.139892578125,0
1789938900000,2688.340087890625,2691.39990234375,2683.60009765625,2691.39990234375,0
1789939200000,2690.719970703125,2699.820068359375,2688.320068359375,2688.320068359375,218009600
1789939500000,2690.60009765625,2695.35009765625,2671.39990234375,2678.320068359375,0
1789939800000,2677.449951171875,2683.27001953125,2670.199951171875,2673.1201171875,188924928
1789940100000,2673.60009765625,2677.31005859375,2673.39990234375,2676.239990234375,142857216
1789940400000,2674.409912109375,2682.760009765625,2674.409912109375,2681.60009765625,31663104
1789940700000,2682.39990234375,2684.18994140625,2673.02001953125,2673.02001953125,0
1789941000000,2672.590087890625,2674.06005859375,2652.97998046875,2652.97998046875,0
1789941300000,2652.39990234375,2657.9599609375,2645.760009765625,2649.590087890625,337623040
1789941600000,2650.199951171875,2659.530029296875,2644.909912109375,2656,14331904
1789941900000,2655.489990234375,2659,2654.080078125,2657.5400390625,120269824
1789942200000,2657.199951171875,2659.590087890625,2656.39990234375,2659.219970703125,92932096
1789942500000,2659.139892578125,2662.31005859375,2657.4599609375,2661.610107421875,34852864
1789942800000,2661.510009765625,2667.3701171875,2661.510009765625,2664.050048828125,0
1789943100000,2665.580078125,2668.419921875,2664.070068359375,2664.739990234375,25645056
1789943400000,2664.010009765625,2664.43994140625,2652.39990234375,2653.0400390625,0
1789943700000,2652.860107421875,2660.719970703125,2652.580078125,2660.719970703125,10083328
1789944000000,2660.219970703125,2661.6201171875,2658.139892578125,2658.139892578125,105249792
1789944300000,2658.35009765625,2661.510009765625,2655.2099609375,2657.159912109375,0
1789944600000,2656.110107421875,2661.3798828125,2656.0400390625,2661.3798828125,0
1789944900000,2661.760009765625,2664.389892578125,2658.110107421875,2661.139892578125,0
1789945200000,2661.360107421875,2667.929931640625,2659.60009765625,2667.39990234375,0
1789945500000,2667.5400390625,2668.510009765625,2660.43994140625,2661.360107421875,0
1789945800000,2660.7099609375,2662.590087890625,2657.31005859375,2662.320068359375,10914816
1789946100000,2662.550048828125,2666.3701171875,2662.3798828125,2665.06005859375,0
1789946400000,2664.39990234375,2666.72998046875,2663.2900390625,2666.219970703125,0
1789946700000,2665.820068359375,2672.77001953125,2664.080078125,2665.81005859375,0
1789947000000,2667.679931640625,2673.0400390625,2667.39990234375,2668.139892578125,6729728
1789947300000,2668.409912109375,2669.679931640625,2664.39990234375,2664.52001953125,86535168
1789947600000,2664.5,2666.39990234375,2663.219970703125,2664.3798828125,47468544
1789947900000,2665.27001953125,2667.510009765625,2664.010009765625,2665.840087890625,67390464
1789948200000,2664.89990234375,2665.090087890625,2662.010009765625,2662.010009765625,6679552
1789948500000,2661.699951171875,2665.27001953125,2661.409912109375,2665.219970703125,0
1789948800000,2665.320068359375,2667.820068359375,2661.800048828125,2661.800048828125,0
1789949100000,2661.830078125,2661.830078125,2658.52001953125,2658.929931640625,0
1789949400000,2659.050048828125,2660.5,2657.4599609375,2658.840087890625,22304768
1789949700000,2658.800048828125,2660.39990234375,2656.8701171875,2656.909912109375,111733760
1789950000000,2656.679931640625,2658.9599609375,2654.969970703125,2656.5,0
1789950300000,2656.260009765625,2656.260009765625,2654.820068359375,2655.199951171875,0
1789950600000,2654.719970703125,2656.989990234375,2652.75,2656.8798828125,59451392
1789950900000,2657.389892578125,2662.030029296875,2656.719970703125,2661.219970703125,12860416
1789951200000,2660.510009765625,2664.5400390625,2660.2900390625,2664.43994140625,20692992
1789951500000,2664.489990234375,2669.110107421875,2664.360107421875,2668.6201171875,0
1789951800000,2668.969970703125,2669.580078125,2665.610107421875,2665.72998046875,0
1789952100000,2665.60009765625,2665.60009765625,2662.110107421875,2663.179931640625,0
1789952400000,2662.909912109375,2665.300048828125,2661.5400390625,2661.830078125,0
1789952700000,2661.81005859375,2662.7900390625,2658.110107421875,2658.199951171875,88563712
1789953000000,2658.2099609375,2660.070068359375,2658.1201171875,2659.43994140625,0
1789953300000,2659.580078125,2665.199951171875,2659.580078125,2664.330078125,0
1789953600000,2664.070068359375,2670.1201171875,2663.199951171875,2669.969970703125,0
1789953900000,2669.760009765625,2672.320068359375,2668.18994140625,2668.18994140625,0
1789954200000,2668.35009765625,2675,2668.35009765625,2674.9599609375,6971392
1789954500000,2674.570068359375,2674.570068359375,2668.60009765625,2668.60009765625,27305984
1789954800000,2667.080078125,2668.639892578125,2665.22998046875,2667.10009765625,0
1789955100000,2667.989990234375,2669.590087890625,2663.590087890625,2665.739990234375,0
1789955400000,2665.199951171875,2668,2664.27001953125,2666.43994140625,56317952
1789955700000,2665.2099609375,2665.389892578125,2663.64990234375,2664.639892578125,12238848
1789956000000,2665.06005859375,2668.969970703125,2663.610107421875,2668.070068359375,61342720
1789956300000,2668.580078125,2668.7900390625,2663.199951171875,2665,26721280
1789956600000,2664.81005859375,2667.7099609375,2663.409912109375,2665.469970703125,0
1789956900000,2665.8798828125,2673.639892578125,2665.8798828125,2673.639892578125,84186112
1789957200000,2673.3798828125,2677.77001953125,2670.43994140625,2676,0
1789957500000,2675.60009765625,2675.60009765625,2670.31005859375,2670.840087890625,60372992
1789957800000,2671.699951171875,2671.919921875,2669.330078125,2670.030029296875,150336512
1789958100000,2670.139892578125,2670.139892578125,2660.39990234375,2661.10009765625,0
1789958400000,2660.919921875,2660.919921875,2654.10009765625,2654.10009765625,0
1789958700000,2654.179931640625,2666.52001953125,2654.179931640625,2665.72998046875,25507840
1789959000000,2664.949951171875,2664.949951171875,2660.3701171875,2661.10009765625,68301824
1789959300000,2660.97998046875,2663.409912109375,2660.39990234375,2662.7900390625,0
1789959600000,2661.89990234375,2665.06005859375,2660.550048828125,2664.580078125,4755456
1789959900000,2664.81005859375,2665.0400390625,2660.800048828125,2661.6201171875,10342400
1789960200000,2661.0400390625,2661.280029296875,2655.18994140625,2658.669921875,108835840
1789960500000,2658.669921875,2659.909912109375,2656.89990234375,2658.5400390625,0
1789960800000,2658.47998046875,2660.22998046875,2657.610107421875,2658,88225792
1789961100000,2658.010009765625,2660.929931640625,2656.800048828125,2658.360107421875,8926208
1789961400000,2658.25,2658.25,2647.699951171875,2649.60009765625,0
1789961700000,2649.64990234375,2653.52001953125,2648.719970703125,2651.47998046875,6576128
1789962000000,2651.260009765625,2651.260009765625,2646.489990234375,2648.800048828125,118175744
1789962300000,2648.030029296875,2653.300048828125,2646.14990234375,2653.280029296875,0
1789962600000,2653.409912109375,2656.25,2651.820068359375,2656.25,67975168
1789962900000,2655.75,2660.199951171875,2655.2099609375,2660.199951171875,53861376
1789963200000,2660.610107421875,2668.56005859375,2660.610107421875,2666.06005859375,0
1789963500000,2665.93994140625,2669.159912109375,2663.469970703125,2667.139892578125,166523904
1789963800000,2667.530029296875,2670.2900390625,2665.97998046875,2667.2099609375,98274304
1789964100000,2666.669921875,2670.820068359375,2666.219970703125,2669.7900390625,68477952
1789964400000,2669.610107421875,2677.219970703125,2669.52001953125,2676.68994140625,52749312
1789964700000,2675.5400390625,2681.659912109375,2674.39990234375,2680.760009765625,0
1789965000000,2680.06005859375,2693.2099609375,2679.35009765625,2684.699951171875,106756096
1789965300000,2684.360107421875,2712.6298828125,2684.360107421875,2699.179931640625,205239296
1789965600000,2698.989990234375,2708.360107421875,2695,2700,256452608
1789965900000,2700.179931640625,2707,2692.110107421875,2703.409912109375,351339520
1789966200000,2701.60009765625,2706.60009765625,2699.199951171875,2700.469970703125,398365696
1789966500000,2701.60009765625,2702.800048828125,2695.81005859375,2695.81005859375,115484672
1789966800000,2695.97998046875,2702.14990234375,2691.780029296875,2695.31005859375,19957760
1789967100000,2695.43994140625,2704.030029296875,2693.909912109375,2699.2099609375,319663104
1789967400000,2700.340087890625,2703.75,2695.31005859375,2696.27001953125,157906944
1789967700000,2694.81005859375,2700.110107421875,2694.81005859375,2697.25,212959232
1789968000000,2696.7900390625,2701.800048828125,2695.699951171875,2700.580078125,66654208
1789968300000,2700.429931640625,2718.179931640625,2700.1298828125,2717.85009765625,300959744
1789968600000,2716.97998046875,2739.719970703125,2716.97998046875,2733.199951171875,139186176
1789968900000,2733.56005859375,2747.1201171875,2733.56005859375,2740.18994140625,289674240
1789969200000,2740.47998046875,2745.60009765625,2735.090087890625,2741.219970703125,419586048
1789969500000,2740.739990234375,2741.139892578125,2731.719970703125,2732.14990234375,187527168
1789969800000,2732.3701171875,2734.199951171875,2718.760009765625,2722.909912109375,217378816
1789970100000,2722.409912109375,2723.449951171875,2716.530029296875,2720.010009765625,153892864
1789970400000,2720.60009765625,2725.340087890625,2717.60009765625,2719.159912109375,0
1789970700000,2719.25,2722.389892578125,2715.5400390625,2721.81005859375,527812608
1789971000000,2721.93994140625,2721.93994140625,2717.800048828125,2719.10009765625,106047488
1789971300000,2720.39990234375,2721.919921875,2717.330078125,2721.39990234375,127774720
1789971600000,2721.4599609375,2721.60009765625,2714.97998046875,2717.949951171875,0
1789971900000,2717.610107421875,2719.590087890625,2711.070068359375,2711.330078125,106606592
1789972200000,2712.010009765625,2717.02001953125,2711.60009765625,2712.5400390625,125159424
1789972500000,2713.14990234375,2713.75,2709.68994140625,2709.68994140625,0
1789972800000,2709.780029296875,2715.780029296875,2708.760009765625,2714.39990234375,2775040
1789973100000,2714.449951171875,2715.06005859375,2709.570068359375,2710.39990234375,124198912
1789973400000,2710.919921875,2714.25,2709.47998046875,2713.7099609375,148815872
1789973700000,2714.030029296875,2717.25,2712.820068359375,2715.22998046875,57401344
1789974000000,2714.659912109375,2719.159912109375,2713.14990234375,2716.550048828125,0
1789974300000,2716.43994140625,2721.320068359375,2716.43994140625,2720.1201171875,185958400
1789974600000,2719.969970703125,2721.919921875,2718.3701171875,2720.18994140625,0
1789974900000,2719.719970703125,2721.800048828125,2715.199951171875,2719.889892578125,159698944
1789975200000,2719.9599609375,2720.9599609375,2718.1298828125,2718.719970703125,103704576
1789975500000,2718.60009765625,2723.43994140625,2718.60009765625,2720.699951171875,83288064
1789975800000,2720,2726.25,2718.669921875,2724.530029296875,88936448
1789976100000,2724.929931640625,2725.449951171875,2720.860107421875,2724.8701171875,44408832
1789976400000,2725.169921875,2729.110107421875,2725.159912109375,2726.3701171875,208977920
1789976700000,2725.31005859375,2725.56005859375,2721.409912109375,2725.27001953125,109692928
1789977000000,2725.199951171875,2726.570068359375,2723.27001953125,2724.199951171875,18444288
1789977300000,2724.090087890625,2724.739990234375,2720.469970703125,2724.530029296875,78135296
1789977600000,2724.27001953125,2725.60009765625,2718.780029296875,2721.449951171875,106588160
1789977900000,2721.429931640625,2728.919921875,2720.800048828125,2724.110107421875,250908672
1789978200000,2722.39990234375,2724.820068359375,2718.75,2718.75,6842368
1789978500000,2718.889892578125,2729.8701171875,2718.889892578125,2729.8701171875,235347968
1789978800000,2730.429931640625,2732.2099609375,2719.669921875,2724.800048828125,40038400
1789978833000,2729.60009765625,2729.60009765625,2729.60009765625,2729.60009765625,0
1789979100000,2723.81005859375,2724,2718.330078125,2721.47998046875,155129856
1789979154000,2723.2099609375,2723.2099609375,2723.2099609375,2723.2099609375,0
1789979400000,2721.449951171875,2721.840087890625,2720.43994140625,2720.97998046875,0
1789979470000,2720.800048828125,2720.800048828125,2720.800048828125,2720.800048828125,0
1789979700000,2727.719970703125,2730,2727.719970703125,2729.2900390625,0
1789979786000,2728.530029296875,2728.530029296875,2728.530029296875,2728.530029296875,0
1789980000000,2727.159912109375,2728.389892578125,2726.969970703125,2728.389892578125,0
1789980101000,2726.669921875,2726.669921875,2726.669921875,2726.669921875,0
1789980300000,2728.14990234375,2728.14990234375,2725.22998046875,2725.320068359375,0
1789980418000,2724.030029296875,2724.030029296875,2724.030029296875,2724.030029296875,0
