ts,open,high,low,close,volume
1783540800000,1742.4000244140625,1742.7099609375,1739.8199462890625,1740.3699951171875,0
1783541100000,1740.260009765625,1741.0799560546875,1739.4599609375,1739.4599609375,0
1783541400000,1739.25,1742.1700439453125,1738.5999755859375,1741.3900146484375,245902336
1783541700000,1741.300048828125,1741.719970703125,1738.56005859375,1738.949951171875,0
1783542000000,1739.0999755859375,1740.239990234375,1737.9000244140625,1738.3900146484375,338799616
1783542300000,1738.3900146484375,1740.4200439453125,1737.5799560546875,1740.4100341796875,0
1783542600000,1740.530029296875,1742.6199951171875,1739.010009765625,1739.47998046875,0
1783542900000,1739.6700439453125,1740.6300048828125,1738.3199462890625,1738.3199462890625,11995136
1783543200000,1738.31005859375,1738.800048828125,1736.280029296875,1738.5799560546875,0
1783543500000,1738.3399658203125,1740.030029296875,1738.18994140625,1738.989990234375,0
1783543800000,1739.0999755859375,1739.0999755859375,1735.47998046875,1736.22998046875,0
1783544100000,1736.4599609375,1736.760009765625,1735.6800537109375,1736.68994140625,0
1783544400000,1736.239990234375,1739.199951171875,1736.02001953125,1737.719970703125,0
1783544700000,1737.81005859375,1753.3199462890625,1736.4599609375,1753.3199462890625,49339392
1783545000000,1753.3299560546875,1753.3299560546875,1745.4300537109375,1746.3599853515625,0
1783545300000,1746.949951171875,1749.530029296875,1744.3599853515625,1749.530029296875,125031424
1783545600000,1749.2099609375,1750.3199462890625,1744.97998046875,1745.1500244140625,5337088
1783545900000,1745.4599609375,1746.489990234375,1743.43994140625,1745,95804416
1783546200000,1745.260009765625,1745.6800537109375,1739.8699951171875,1740.2099609375,0
1783546500000,1740.530029296875,1740.9599609375,1738.0899658203125,1738.0899658203125,0
1783546800000,1738.4300537109375,1738.4300537109375,1732.780029296875,1735.0400390625,0
1783547100000,1735.3299560546875,1735.3299560546875,1731.239990234375,1733.9200439453125,0
1783547400000,1733.9300537109375,1733.9300537109375,1728.699951171875,1731.5,1522688
1783547700000,1731.5799560546875,1731.6099853515625,1729.050048828125,1730.199951171875,0
1783548000000,1730.72998046875,1732.469970703125,1727.989990234375,1732.449951171875,0
1783548300000,1732.1800537109375,1736.4000244140625,1731.22998046875,1735.969970703125,0
1783548600000,1735.81005859375,1737.699951171875,1735.47998046875,1736.4599609375,0
1783548900000,1736.3399658203125,1737.0799560546875,1732.8199462890625,1734.7099609375,106664960
1783549200000,1734.9000244140625,1736.8399658203125,1733.7099609375,1734.5699462890625,0
1783549500000,1734.9200439453125,1735.9100341796875,1732.56005859375,1733.9100341796875,56112128
1783549800000,1733.9200439453125,1733.9200439453125,1727.9000244140625,1727.989990234375,0
1783550100000,1728.06005859375,1729.0899658203125,1725.81005859375,1729.0899658203125,30592000
1783550400000,1729.31005859375,1729.760009765625,1725.93994140625,1725.93994140625,912384
1783550700000,1725,1726.6099853515625,1723.6700439453125,1724.449951171875,0
1783551000000,1724.5999755859375,1726.9000244140625,1721.77001953125,1726.9000244140625,0
1783551300000,1727.239990234375,1727.239990234375,1725.280029296875,1725.449951171875,0
1783551600000,1725.739990234375,1726.300048828125,1722.75,1722.93994140625,52188160
1783551900000,1722.6600341796875,1725.0400390625,1722.0999755859375,1724.2900390625,58796032
1783552200000,1724.2099609375,1726.469970703125,1722.719970703125,1726.18994140625,16349184
1783552500000,1726.43994140625,1728.300048828125,1720.5899658203125,1722.4000244140625,0
1783552800000,1723.260009765625,1727.5,1723.260009765625,1727.239990234375,38380544
1783553100000,1727.1099853515625,1728.3299560546875,1726,1727.93994140625,0
1783553400000,1728.0999755859375,1732.9300537109375,1728.0999755859375,1730.949951171875,0
1783553700000,1731.1099853515625,1731.8399658203125,1729.8599853515625,1730.1099853515625,65157120
1783554000000,1730.0799560546875,1730.0799560546875,1726.02001953125,1729.0400390625,54496256
1783554300000,1729.1600341796875,1729.1600341796875,1727.0400390625,1727.8599853515625,0
1783554600000,1727.7900390625,1728.969970703125,1727.43994140625,1728.7099609375,134270976
1783554900000,1728.7099609375,1729.5400390625,1728.6099853515625,1729.0400390625,0
1783555200000,1729.8599853515625,1730.68994140625,1728.6400146484375,1730.4000244140625,0
1783555500000,1730.52001953125,1732.1700439453125,1730.52001953125,1731.1500244140625,0
1783555800000,1730.8800048828125,1731.56005859375,1729.52001953125,1729.6600341796875,120117248
1783556100000,1729.739990234375,1732.6800537109375,1729.52001953125,1730,41780224
1783556400000,1729.8699951171875,1730.1600341796875,1729.06005859375,1729.6600341796875,0
1783556700000,1729.8299560546875,1732.27001953125,1729.4300537109375,1732.22998046875,3047424
1783557000000,1732.18994140625,1737.4000244140625,1732.1700439453125,1735.6600341796875,0
1783557300000,1735.5799560546875,1739.0799560546875,1735.5799560546875,1738,0
1783557600000,1738.06005859375,1739.6400146484375,1737.5799560546875,1738.8399658203125,14517248
1783557900000,1738.8499755859375,1738.8499755859375,1736.9100341796875,1737.7099609375,123435008
1783558200000,1737.8599853515625,1740.1800537109375,1737.8599853515625,1738.489990234375,0
1783558500000,1739.0799560546875,1741.9100341796875,1738.1099853515625,1740.97998046875,0
1783558800000,1741,1741,1738.25,1740.8800048828125,35334144
1783559100000,1740.969970703125,1740.969970703125,1738.6700439453125,1740.5899658203125,0
1783559400000,1740.6400146484375,1745.81005859375,1740.280029296875,1742.7900390625,20986880
1783559700000,1743.43994140625,1743.800048828125,1740.760009765625,1741.2900390625,58459136
1783560000000,1741.800048828125,1741.800048828125,1737.22998046875,1738.2900390625,0
1783560300000,1738.22998046875,1738.4000244140625,1736.949951171875,1737.969970703125,41139200
1783560600000,1738.3199462890625,1738.6600341796875,1736.1400146484375,1738.6600341796875,60956672
1783560900000,1738.780029296875,1740.530029296875,1738.22998046875,1739.93994140625,20277248
1783561200000,1739.77001953125,1741.510009765625,1739.699951171875,1741.22998046875,0
1783561500000,1740.760009765625,1744.1500244140625,1740.4599609375,1744.1500244140625,60812288
1783561800000,1744.489990234375,1746.4599609375,1744.3599853515625,1746.1400146484375,0
1783562100000,1746,1748,1745.8399658203125,1747.9100341796875,1860608
1783562400000,1748.239990234375,1751.4200439453125,1748,1749.31005859375,0
1783562700000,1748.8499755859375,1749.1800537109375,1745.3800048828125,1745.3800048828125,260713472
1783563000000,1745.43994140625,1746.280029296875,1744.5999755859375,1746.280029296875,10916864
1783563300000,1745.9300537109375,1747.510009765625,1744.800048828125,1746.3499755859375,0
1783563600000,1746.1800537109375,1749.739990234375,1745.1600341796875,1749,135820288
1783563900000,1748.27001953125,1753.780029296875,1748.27001953125,1751.27001953125,0
1783564200000,1750.949951171875,1751.52001953125,1749.949951171875,1750.7099609375,45625344
1783564500000,1750.8499755859375,1753.1800537109375,1750.8499755859375,1751.760009765625,109442048
1783564800000,1751.8299560546875,1753.6500244140625,1751.1800537109375,1753.6199951171875,25944064
1783565100000,1753.219970703125,1753.949951171875,1751.8900146484375,1751.8900146484375,0
1783565400000,1751.8299560546875,1752.6700439453125,1751.530029296875,1751.75,59565056
1783565700000,1751.52001953125,1753.77001953125,1751.199951171875,1753.77001953125,0
1783566000000,1753.719970703125,1759.97998046875,1753.3800048828125,1754.8299560546875,0
1783566300000,1754.719970703125,1754.8299560546875,1751.8199462890625,1751.9200439453125,216226816
1783566600000,1751.1600341796875,1752.5999755859375,1750.6700439453125,1752.300048828125,0
1783566900000,1752.300048828125,1755.449951171875,1749.949951171875,1755.449951171875,50533376
1783567200000,1755.0999755859375,1755.0999755859375,1750.6600341796875,1750.6600341796875,57662464
1783567500000,1750.5999755859375,1751.780029296875,1749.2099609375,1751.0999755859375,0
1783567800000,1751.010009765625,1751.469970703125,1750.4000244140625,1750.9300537109375,82869248
1783568100000,1750.510009765625,1751.199951171875,1749.5,1749.6099853515625,0
1783568400000,1750.2099609375,1754.5799560546875,1749.800048828125,1754.5799560546875,0
1783568700000,1754.47998046875,1759,1754.47998046875,1755.6099853515625,0
1783569000000,1755.5899658203125,1755.5899658203125,1753.8599853515625,1754.0999755859375,0
1783569300000,1753.6500244140625,1753.6700439453125,1750.81005859375,1751.699951171875,0
1783569600000,1751.699951171875,1752.5999755859375,1749.43994140625,1752.2900390625,0
1783569900000,1751.699951171875,1753.199951171875,1751.010009765625,1751.4200439453125,130210816
1783570200000,1751.75,1753.260009765625,1751.4100341796875,1752.93994140625,0
1783570500000,1752.949951171875,1754.31005859375,1752.5,1754.0400390625,0
1783570800000,1754.18994140625,1756.4000244140625,1754.0999755859375,1755.050048828125,0
1783571100000,1754.8399658203125,1756.81005859375,1754.3699951171875,1756.800048828125,0
1783571400000,1756.800048828125,1757.449951171875,1755.2099609375,1755.3800048828125,21921792
1783571700000,1755.31005859375,1757.02001953125,1755.1099853515625,1756.5,0
1783572000000,1756.06005859375,1757.4000244140625,1755.3800048828125,1756.52001953125,0
1783572300000,1756.3900146484375,1756.3900146484375,1753.81005859375,1753.8199462890625,0
1783572600000,1753.800048828125,1753.800048828125,1751.1099853515625,1753.5999755859375,0
1783572900000,1753.5400390625,1753.5699462890625,1752.3800048828125,1753.1199951171875,0
1783573200000,1752.9000244140625,1753.5799560546875,1751.4000244140625,1751.5400390625,256917504
1783573500000,1751.6099853515625,1751.7900390625,1750.1099853515625,1750.800048828125,0
1783573800000,1750.800048828125,1751.6800537109375,1750.719970703125,1751.1199951171875,0
1783574100000,1751.1800537109375,1752.75,1750.1199951171875,1750.9200439453125,18088960
1783574400000,1750.4100341796875,1751.3199462890625,1750.4100341796875,1750.43994140625,11057152
1783574700000,1750.4599609375,1752.31005859375,1750.010009765625,1752.030029296875,0
1783575000000,1752.1800537109375,1753.5699462890625,1751.3199462890625,1752.780029296875,0
1783575300000,1753.1600341796875,1753.949951171875,1751.81005859375,1752.9000244140625,17567744
1783575600000,1752.800048828125,1753.18994140625,1748.010009765625,1748.5400390625,90475520
1783575900000,1748.6400146484375,1751,1747.9000244140625,1750.7099609375,0
1783576200000,1750.7099609375,1753.75,1750.7099609375,1753.75,38074368
1783576500000,1753.699951171875,1755.0999755859375,1753.699951171875,1754.1600341796875,0
1783576800000,1754.260009765625,1754.6300048828125,1753.300048828125,1754.010009765625,0
1783577100000,1754.010009765625,1755.199951171875,1753.47998046875,1754.77001953125,0
1783577400000,1755.0400390625,1756.0999755859375,1753.6400146484375,1754.2099609375,5910528
1783577700000,1754.2099609375,1755.0799560546875,1753.6099853515625,1753.800048828125,0
1783578000000,1753.800048828125,1753.8399658203125,1751.510009765625,1751.699951171875,0
1783578300000,1751.6400146484375,1751.6500244140625,1750.8199462890625,1751.3399658203125,6452224
1783578600000,1751.199951171875,1751.8900146484375,1750.699951171875,1751.5,0
1783578900000,1751.43994140625,1753.050048828125,1751.4300537109375,1751.9100341796875,0
1783579200000,1751.97998046875,1752.0899658203125,1750.3299560546875,1751.2099609375,0
1783579500000,1751.0899658203125,1751.0899658203125,1749,1749.1099853515625,10758144
1783579800000,1748.9000244140625,1749.3499755859375,1743.0799560546875,1744.1500244140625,2332672
1783580100000,1744.010009765625,1745.2099609375,1742.6700439453125,1744.719970703125,15568896
1783580400000,1744.6500244140625,1746.5,1744.31005859375,1745.4000244140625,0
1783580700000,1745.68994140625,1746.18994140625,1744.6099853515625,1744.7099609375,0
1783581000000,1745.010009765625,1746.97998046875,1744.469970703125,1746.8900146484375,5781504
1783581300000,1746.8800048828125,1746.8800048828125,1741.81005859375,1741.8599853515625,0
1783581600000,1741.6600341796875,1743,1739.9000244140625,1739.9000244140625,6856704
1783581900000,1740.199951171875,1742.6099853515625,1740.199951171875,1740.8299560546875,16333824
1783582200000,1740.9000244140625,1741.7099609375,1739.6500244140625,1740.93994140625,0
1783582500000,1741.31005859375,1742.4000244140625,1740.3800048828125,1741.97998046875,12010496
1783582800000,1741.93994140625,1741.93994140625,1740.5,1740.699951171875,20436992
1783583100000,1740.699951171875,1742.25,1739.6700439453125,1741.4000244140625,0
1783583400000,1741.3399658203125,1743.0799560546875,1740.699951171875,1741.9100341796875,0
1783583700000,1742,1743.6500244140625,1742,1742.530029296875,5775360
1783584000000,1741.3599853515625,1742.43994140625,1739.06005859375,1739.1800537109375,0
1783584300000,1739.31005859375,1743.8599853515625,1737.6500244140625,1742.739990234375,0
1783584600000,1742.219970703125,1743,1739.0799560546875,1739.4100341796875,0
1783584900000,1739.300048828125,1740.949951171875,1737.5999755859375,1739.4100341796875,218486784
1783585200000,1739.9200439453125,1740.5799560546875,1738.550048828125,1740.0999755859375,9368576
1783585500000,1740.219970703125,1741.72998046875,1738.9000244140625,1739.699951171875,0
1783585800000,1739.6500244140625,1741.3800048828125,1738.5699462890625,1740.9000244140625,77990912
1783586100000,1741.5999755859375,1745.800048828125,1741.3800048828125,1744.5899658203125,139501568
1783586400000,1744.75,1744.9100341796875,1736.06005859375,1737.18994140625,2308096
1783586700000,1736.4000244140625,1737.18994140625,1733.050048828125,1737.18994140625,37171200
1783587000000,1737.81005859375,1741.9200439453125,1737.81005859375,1740.4100341796875,51774464
1783587300000,1740.5699462890625,1741.5,1740.010009765625,1740.2900390625,43619328
1783587600000,1740.239990234375,1746.7900390625,1740.239990234375,1745.489990234375,0
1783587900000,1745.5999755859375,1747.5999755859375,1744.719970703125,1747.5899658203125,0
1783588200000,1747.1400146484375,1749.06005859375,1746.5999755859375,1747.47998046875,0
1783588500000,1747.56005859375,1747.56005859375,1744.6099853515625,1745.449951171875,0
1783588800000,1745.4100341796875,1745.5999755859375,1742.72998046875,1743.6300048828125,0
1783589100000,1743.989990234375,1745.280029296875,1741,1742.25,61014016
1783589400000,1742.5699462890625,1742.5699462890625,1734.27001953125,1738.9000244140625,0
1783589700000,1737.699951171875,1741.8699951171875,1736.4000244140625,1736.4000244140625,0
1783590000000,1737.5999755859375,1743.9599609375,1736.22998046875,1743.800048828125,36087808
1783590300000,1743.300048828125,1744.300048828125,1738.43994140625,1741.4200439453125,0
1783590600000,1741.699951171875,1749.699951171875,1740.72998046875,1746.550048828125,0
1783590900000,1746.25,1746.9300537109375,1743.6300048828125,1745.0799560546875,33065984
1783591200000,1745.68994140625,1747.56005859375,1743.699951171875,1745.719970703125,0
1783591500000,1745.719970703125,1747,1741.5899658203125,1741.5899658203125,0
1783591800000,1740.9599609375,1741.699951171875,1739.219970703125,1740.75,0
1783592100000,1739.489990234375,1739.530029296875,1733.52001953125,1735,0
1783592400000,1736,1736.4000244140625,1732.02001953125,1735.9100341796875,189272064
1783592700000,1735.9000244140625,1738.989990234375,1734.9300537109375,1738.4599609375,32128000
1783593000000,1738.530029296875,1738.530029296875,1734.8699951171875,1736.0999755859375,0
1783593300000,1736.1800537109375,1740.489990234375,1734.1700439453125,1740.489990234375,0
1783593600000,1740.199951171875,1742.3900146484375,1739.0999755859375,1739.3599853515625,118784
1783593900000,1739,1742.030029296875,1738.800048828125,1740.1199951171875,0
1783594200000,1740,1740,1735.31005859375,1738.4599609375,0
1783594500000,1738.0999755859375,1741.81005859375,1738.0999755859375,1741.300048828125,0
1783594800000,1742,1743.050048828125,1738.1700439453125,1739.550048828125,0
1783595100000,1739.5799560546875,1745.6199951171875,1738.81005859375,1744.8499755859375,0
1783595400000,1744.9100341796875,1745.800048828125,1742.5,1743.760009765625,0
1783595700000,1743.300048828125,1745.2099609375,1741.800048828125,1743.1099853515625,0
1783596000000,1743.219970703125,1748,1742.3199462890625,1743.489990234375,0
1783596300000,1743.6700439453125,1745.199951171875,1740.27001953125,1740.9599609375,0
1783596600000,1741.47998046875,1744,1740.449951171875,1740.449951171875,0
1783596900000,1740.2099609375,1740.2099609375,1737.5,1739.6300048828125,0
1783597200000,1739.4100341796875,1741.0999755859375,1738.97998046875,1739.300048828125,0
1783597500000,1739.6400146484375,1741.18994140625,1738.77001953125,1740.68994140625,0
1783597800000,1740.780029296875,1740.989990234375,1738.5,1738.5699462890625,0
1783598100000,1738.97998046875,1738.989990234375,1735.760009765625,1737.739990234375,0
1783598400000,1737.9100341796875,1741.3199462890625,1737.9100341796875,1740.719970703125,0
1783598700000,1740.8499755859375,1742.199951171875,1737.4000244140625,1737.760009765625,0
1783599000000,1737.4000244140625,1738.0400390625,1736.1700439453125,1737.0999755859375,0
1783599300000,1736.5,1737.9000244140625,1735,1735.68994140625,14320640
1783599600000,1735.800048828125,1737.0400390625,1734.5,1735.010009765625,0
1783599900000,1734.6199951171875,1734.9000244140625,1730.43994140625,1734.469970703125,16405504
1783600200000,1734.8800048828125,1735.739990234375,1734.010009765625,1734.030029296875,0
1783600500000,1733.8499755859375,1738.219970703125,1733.5,1737.52001953125,35563520
1783600800000,1737.5400390625,1738.5999755859375,1736.8199462890625,1736.9599609375,0
1783601100000,1737.0999755859375,1737.8399658203125,1733.97998046875,1734.800048828125,0
1783601400000,1734.8499755859375,1737.989990234375,1733.4599609375,1737.469970703125,15890944
1783601700000,1737.0999755859375,1737.72998046875,1736.27001953125,1737.3699951171875,0
1783602000000,1737.469970703125,1739.699951171875,1737.469970703125,1738.5999755859375,0
1783602300000,1738.219970703125,1740.550048828125,1737.81005859375,1738.47998046875,0
1783602600000,1738.47998046875,1740.1099853515625,1737.0899658203125,1737.93994140625,12633600
1783602900000,1737.93994140625,1743.010009765625,1737.93994140625,1741.8499755859375,0
1783603200000,1741.989990234375,1742.72998046875,1740.4100341796875,1740.530029296875,0
1783603500000,1740.3800048828125,1741.3199462890625,1739.9300537109375,1741.31005859375,0
1783603800000,1741.219970703125,1741.9599609375,1738.6199951171875,1739.8399658203125,0
1783604100000,1739.4599609375,1750.6600341796875,1739.4599609375,1749.77001953125,0
1783604400000,1749.3399658203125,1749.3399658203125,1746.9100341796875,1748.1500244140625,17508864
1783604700000,1748.0400390625,1749.010009765625,1747.1300048828125,1747.1800537109375,50005504
1783605000000,1747.1700439453125,1748.3299560546875,1746.47998046875,1746.550048828125,121857536
1783605300000,1746.47998046875,1747.43994140625,1745.5799560546875,1747.0799560546875,0
1783605600000,1747.5899658203125,1749.3399658203125,1746.5400390625,1746.6300048828125,0
1783605900000,1746.6300048828125,1756.25,1746.1400146484375,1751.989990234375,15087104
1783606200000,1751.489990234375,1755.760009765625,1751.2099609375,1755,0
1783606500000,1754.969970703125,1758.06005859375,1753.4100341796875,1757.5699462890625,84539392
1783606800000,1757.489990234375,1757.489990234375,1751.8699951171875,1752.280029296875,2210816
1783607100000,1752.2900390625,1752.8699951171875,1750.1400146484375,1752.77001953125,114356224
1783607400000,1753.010009765625,1753.2099609375,1750.97998046875,1752.3900146484375,0
1783607700000,1752.010009765625,1753.1800537109375,1750.6500244140625,1751.3499755859375,45296640
1783608000000,1751.530029296875,1753.489990234375,1751.530029296875,1752.739990234375,75610624
1783608300000,1752.5400390625,1753.3399658203125,1751.9000244140625,1752.1099853515625,20455936
1783608600000,1752.300048828125,1752.8699951171875,1748.1099853515625,1749.449951171875,1474048
1783608900000,1749.550048828125,1750.27001953125,1748.7900390625,1750.0999755859375,0
1783609200000,1750.3199462890625,1750.3199462890625,1748.5699462890625,1750.1600341796875,0
1783609500000,1750.199951171875,1750.4000244140625,1748.1600341796875,1749.2099609375,83930112
1783609800000,1749.2900390625,1749.2900390625,1747.300048828125,1747.6300048828125,806912
1783610100000,1747.77001953125,1748.3399658203125,1745.5999755859375,1747.52001953125,33584640
1783610400000,1747.239990234375,1747.8499755859375,1746.469970703125,1747.3699951171875,0
1783610700000,1747.3800048828125,1748.8900146484375,1746.27001953125,1748.4000244140625,62414848
1783611000000,1748.300048828125,1749.25,1747.6199951171875,1747.6800537109375,30785024
1783611300000,1747.5999755859375,1750.050048828125,1747.5999755859375,1749.9000244140625,0
1783611600000,1749.81005859375,1751.4300537109375,1749.3499755859375,1750.8800048828125,0
1783611900000,1750.8699951171875,1750.8699951171875,1747.8800048828125,1748.3499755859375,29150208
1783612200000,1747.510009765625,1748.300048828125,1746.9000244140625,1747.5,0
1783612500000,1747.9000244140625,1748.2099609375,1746.239990234375,1747.0799560546875,2480640
1783612800000,1747.260009765625,1748.1700439453125,1744.6099853515625,1744.77001953125,126088192
1783613100000,1744.9100341796875,1746.6600341796875,1744.5400390625,1745.6600341796875,0
1783613400000,1745.6600341796875,1746.5400390625,1744.699951171875,1744.8599853515625,107589120
1783613700000,1744.8699951171875,1746.18994140625,1743.9100341796875,1745.010009765625,0
1783614000000,1744.9000244140625,1746.300048828125,1744.719970703125,1746.300048828125,10939904
1783614300000,1746.260009765625,1747.6300048828125,1745.8599853515625,1746.719970703125,0
1783614600000,1746.5899658203125,1748.7099609375,1745.489990234375,1748.6099853515625,0
1783614900000,1748.6700439453125,1749.18994140625,1747.5999755859375,1747.8699951171875,5600768
1783615200000,1747.77001953125,1748.77001953125,1747.3599853515625,1748.6500244140625,0
1783615500000,1748.699951171875,1748.780029296875,1747.5699462890625,1747.6099853515625,16840192
1783615800000,1747.5,1747.800048828125,1746.1400146484375,1746.699951171875,0
1783616100000,1746.8299560546875,1747.9000244140625,1746.3499755859375,1747.449951171875,0
1783616400000,1747.6500244140625,1749.699951171875,1747.6500244140625,1749.4599609375,0
1783616700000,1749.43994140625,1749.760009765625,1747.6800537109375,1748.469970703125,19444736
1783617000000,1748.3900146484375,1748.3900146484375,1745.3599853515625,1746.81005859375,95041024
1783617300000,1746.68994140625,1748.280029296875,1746.3800048828125,1747.5799560546875,0
1783617600000,1747.5999755859375,1747.760009765625,1746.030029296875,1746.1800537109375,7079936
1783617900000,1746.2900390625,1746.3699951171875,1744.7099609375,1745.1199951171875,6461440
1783618200000,1745.1400146484375,1745.68994140625,1745.1400146484375,1745.27001953125,3313664
1783618500000,1745.260009765625,1746.0899658203125,1744.9300537109375,1746.0799560546875,0
1783618800000,1745.8399658203125,1745.8399658203125,1743.739990234375,1744.699951171875,81311744
1783619100000,1744.6600341796875,1745.3900146484375,1743.760009765625,1745.3499755859375,35386368
1783619400000,1745.6300048828125,1747.3499755859375,1744.6099853515625,1746.9100341796875,8193024
1783619700000,1747.010009765625,1747.449951171875,1746.4100341796875,1747.030029296875,0
1783620000000,1746.9000244140625,1748.800048828125,1745.5999755859375,1746.9100341796875,0
1783620300000,1747.300048828125,1749,1745.800048828125,1747.030029296875,89198080
1783620600000,1746.9200439453125,1747.06005859375,1746.510009765625,1746.8499755859375,12610048
1783620900000,1746.8599853515625,1749.550048828125,1746.5400390625,1748.199951171875,0
1783621200000,1747.800048828125,1749.1300048828125,1747.5899658203125,1748.8599853515625,0
1783621500000,1748.9200439453125,1749,1747.6800537109375,1747.9100341796875,0
1783621800000,1747.739990234375,1748.4200439453125,1745.719970703125,1745.719970703125,103785984
1783622100000,1745.1500244140625,1747.3800048828125,1745.030029296875,1746.9599609375,10240000
1783622400000,1746.9599609375,1749.5999755859375,1746.81005859375,1748.780029296875,0
1783622700000,1748.780029296875,1749.5999755859375,1748.3900146484375,1748.6700439453125,0
1783623000000,1748.4000244140625,1748.5899658203125,1746.9100341796875,1747.260009765625,4267008
1783623300000,1747.260009765625,1747.260009765625,1746.06005859375,1746.1600341796875,0
1783623600000,1746.1600341796875,1747.5799560546875,1745.31005859375,1747.5799560546875,73087488
1783623900000,1747.5799560546875,1747.8900146484375,1745.81005859375,1746.469970703125,21355008
1783624200000,1746.5699462890625,1746.5699462890625,1745.010009765625,1745.02001953125,0
1783624500000,1744.949951171875,1744.949951171875,1741.1600341796875,1741.5400390625,19275264
1783624800000,1741.52001953125,1746.8399658203125,1740.3900146484375,1746.8399658203125,0
1783625100000,1746.3599853515625,1747.22998046875,1745.06005859375,1745.06005859375,25133056
1783625400000,1744.8199462890625,1744.8199462890625,1742.9599609375,1743.8399658203125,21798912
1783625700000,1743.9100341796875,1745.0400390625,1743.9000244140625,1744.8299560546875,5084160
1783626000000,1744.9300537109375,1745.800048828125,1744.81005859375,1745.47998046875,12814336
1783626300000,1745.989990234375,1745.989990234375,1744.530029296875,1744.8299560546875,80771072
1783626600000,1744.8199462890625,1746.3900146484375,1744.8199462890625,1746.3900146484375,2390528
1783626900000,1746.3900146484375,1746.3900146484375,1743.81005859375,1743.8199462890625,0
1783627200000,1743.780029296875,1744.1099853515625,1741.3199462890625,1742.6500244140625,0
1783627500000,1743.06005859375,1743.6400146484375,1741.0400390625,1742.6700439453125,0
1783627800000,1742.300048828125,1743.8299560546875,1740.280029296875,1743.8299560546875,97402880
1783628100000,1743.9000244140625,1744.9599609375,1742.6500244140625,1743.760009765625,0
1783628400000,1743.93994140625,1745.010009765625,1739.300048828125,1739.6600341796875,22798848
1783628700000,1739.9000244140625,1740.9599609375,1739.0899658203125,1740.6300048828125,2422784
1783629000000,1740.81005859375,1740.81005859375,1736.1700439453125,1737.02001953125,642048
1783629300000,1737.3900146484375,1740.4000244140625,1737.1099853515625,1740.0999755859375,6279680
1783629600000,1739.9599609375,1742.469970703125,1739.43994140625,1739.469970703125,17178112
1783629900000,1739.3199462890625,1739.969970703125,1738.3599853515625,1738.93994140625,15881728
1783630200000,1738.9000244140625,1740.0799560546875,1736.760009765625,1737.800048828125,13345792
1783630500000,1738.3499755859375,1741.47998046875,1738.3499755859375,1741.47998046875,0
1783630800000,1741.5999755859375,1742.800048828125,1736.9100341796875,1736.9100341796875,0
1783631100000,1737.02001953125,1739.050048828125,1736.5799560546875,1738.800048828125,117273600
1783631400000,1738.199951171875,1741.2900390625,1737.7099609375,1741.2900390625,0
1783631700000,1741.219970703125,1747.4599609375,1741.219970703125,1747.18994140625,0
1783632000000,1747.18994140625,1749.6800537109375,1745.27001953125,1746.780029296875,0
1783632300000,1746.699951171875,1749.3699951171875,1745.9599609375,1748.8199462890625,0
1783632600000,1749.0999755859375,1749.1400146484375,1746.699951171875,1746.699951171875,99063808
1783632900000,1747.3299560546875,1751.2900390625,1746.8399658203125,1748.8800048828125,18126848
1783633200000,1749.0799560546875,1749.3599853515625,1747.8800048828125,1747.8800048828125,0
1783633500000,1748.260009765625,1774.27001953125,1748,1768.25,0
1783633800000,1768.469970703125,1775.9000244140625,1768.469970703125,1769.81005859375,216661504
1783634100000,1771.1099853515625,1771.1099853515625,1764.9599609375,1766.1400146484375,0
1783634400000,1767.0999755859375,1767.8499755859375,1762.8499755859375,1767.8499755859375,98852352
1783634700000,1767.47998046875,1767.47998046875,1763.219970703125,1765.8199462890625,120818176
1783635000000,1765.5,1768.9599609375,1764.47998046875,1767.22998046875,0
1783635300000,1767.4300537109375,1768.9100341796875,1764.9599609375,1768.9100341796875,48177152
1783635600000,1768.3499755859375,1768.3499755859375,1764.3299560546875,1764.780029296875,0
1783635900000,1765.1099853515625,1766.6500244140625,1764.25,1765.6500244140625,89574400
1783636200000,1764.6199951171875,1766.56005859375,1764.3199462890625,1765.5899658203125,18966016
1783636500000,1766.050048828125,1768.760009765625,1766.050048828125,1768.760009765625,0
1783636800000,1768.75,1768.75,1766.9599609375,1767.68994140625,0
1783637100000,1767.6700439453125,1771.4000244140625,1766.0899658203125,1770.5999755859375,37677056
1783637400000,1770.3499755859375,1773.5400390625,1770.1500244140625,1772.989990234375,16952320
1783637700000,1773.199951171875,1773.199951171875,1771.3599853515625,1771.3599853515625,0
1783638000000,1771.3299560546875,1772.06005859375,1768.8900146484375,1768.9000244140625,106947072
1783638300000,1768.7099609375,1769.97998046875,1768.47998046875,1769.510009765625,0
1783638600000,1769.4599609375,1771.489990234375,1768.199951171875,1770.93994140625,0
1783638900000,1771.2099609375,1771.6300048828125,1768.9200439453125,1769.18994140625,0
1783639200000,1769.550048828125,1770.6700439453125,1769.030029296875,1769.239990234375,90186240
1783639500000,1769.2099609375,1770.22998046875,1769.1099853515625,1769.1400146484375,0
1783639800000,1769.219970703125,1769.4599609375,1767.8299560546875,1769.4100341796875,17476608
1783640100000,1769.800048828125,1772.050048828125,1769.4599609375,1771.530029296875,4272128
1783640400000,1771.530029296875,1774.8800048828125,1771.530029296875,1774.3199462890625,12843008
1783640700000,1774.3699951171875,1778.06005859375,1773.3199462890625,1776.510009765625,1928192
1783641000000,1776.43994140625,1776.7900390625,1774.010009765625,1774.010009765625,38937600
1783641300000,1774,1774.8499755859375,1773.760009765625,1774.800048828125,15656448
1783641600000,1774.8499755859375,1776.9300537109375,1774.4200439453125,1776.4000244140625,18307584
1783641900000,1776.4100341796875,1777.06005859375,1776.02001953125,1776.9599609375,0
1783642200000,1776.989990234375,1778.3800048828125,1776.739990234375,1778.1300048828125,22225920
1783642500000,1778.3699951171875,1779.030029296875,1776.56005859375,1777.300048828125,10178048
1783642800000,1777.3800048828125,1778.0400390625,1773.9000244140625,1774.1400146484375,11622400
1783643100000,1773.8699951171875,1775,1772.719970703125,1772.75,0
1783643400000,1772.760009765625,1773.9000244140625,1770.9000244140625,1773.9000244140625,0
1783643700000,1774.4200439453125,1776.31005859375,1773.8199462890625,1774.030029296875,0
1783644000000,1774.239990234375,1774.5999755859375,1773.760009765625,1774.5999755859375,12967424
1783644300000,1774.5799560546875,1776.4599609375,1774.3199462890625,1776.0799560546875,23821312
1783644600000,1775.9599609375,1776.27001953125,1774.4200439453125,1774.43994140625,107955712
1783644900000,1774.4599609375,1774.4599609375,1772.6500244140625,1773.489990234375,0
1783645200000,1773.550048828125,1773.6199951171875,1771.3499755859375,1772.3900146484375,0
1783645500000,1772.2900390625,1773.9599609375,1771.8800048828125,1771.989990234375,0
1783645800000,1772,1772.5,1771.3399658203125,1771.4300537109375,229165568
1783646100000,1771.3599853515625,1773.6099853515625,1771.3499755859375,1773.260009765625,0
1783646400000,1773.0899658203125,1773.1600341796875,1772.0999755859375,1772.8800048828125,7818240
1783646700000,1773.0999755859375,1773.4300537109375,1771.719970703125,1772.699951171875,0
1783647000000,1772.56005859375,1777.719970703125,1772,1776.8299560546875,55303680
1783647300000,1776.699951171875,1777.9200439453125,1775.5999755859375,1775.5999755859375,0
1783647600000,1775.739990234375,1778.25,1775.4100341796875,1777.8299560546875,282149888
1783647900000,1777.72998046875,1778,1776.280029296875,1777.6600341796875,0
1783648200000,1777.6700439453125,1778.02001953125,1777.02001953125,1777.1600341796875,89487360
1783648500000,1777.0799560546875,1778.1400146484375,1776.75,1777.8199462890625,85359104
1783648800000,1778,1778.77001953125,1775.949951171875,1776.31005859375,0
1783649100000,1776.1300048828125,1777.800048828125,1775.4000244140625,1776.97998046875,0
1783649400000,1776.719970703125,1777.550048828125,1776.199951171875,1776.739990234375,45899264
1783649700000,1776.5999755859375,1776.6199951171875,1772.8699951171875,1773.2099609375,11274240
1783650000000,1773.3599853515625,1774.1400146484375,1771.6300048828125,1771.6400146484375,0
1783650300000,1771.6300048828125,1771.6300048828125,1768.1800537109375,1769.4000244140625,109158912
1783650600000,1769.760009765625,1771.4300537109375,1769.6400146484375,1770.4100341796875,0
1783650900000,1770,1771.6099853515625,1769.9000244140625,1771.3199462890625,0
1783651200000,1771.3299560546875,1772.530029296875,1771.3199462890625,1771.9200439453125,77672448
1783651500000,1771.9200439453125,1773.1099853515625,1771.8199462890625,1772.4100341796875,0
1783651800000,1772.5799560546875,1773,1770.1800537109375,1770.5400390625,0
1783652100000,1770.5,1770.5999755859375,1769.4200439453125,1770.010009765625,76459008
1783652400000,1770.4000244140625,1770.43994140625,1767.8399658203125,1769.300048828125,0
1783652700000,1769.5400390625,1770.06005859375,1768.9300537109375,1770.06005859375,0
1783653000000,1770.06005859375,1772.6199951171875,1769.719970703125,1772.6199951171875,83227136
1783653300000,1772.8199462890625,1774.260009765625,1771.3499755859375,1773.6199951171875,0
1783653600000,1773.9100341796875,1776.5400390625,1773.3599853515625,1776.1300048828125,80394752
1783653900000,1776.3399658203125,1776.3399658203125,1774.5699462890625,1775.0999755859375,0
1783654200000,1775.0899658203125,1775.0899658203125,1772.47998046875,1772.5400390625,0
1783654500000,1772.8699951171875,1772.97998046875,1771.5699462890625,1772.199951171875,0
1783654800000,1772.18994140625,1772.18994140625,1771.0899658203125,1771.0899658203125,0
1783655100000,1771.1099853515625,1771.1099853515625,1770.4000244140625,1770.8599853515625,79082496
1783655400000,1770.8900146484375,1771.6700439453125,1770.8800048828125,1771.27001953125,0
1783655700000,1771.47998046875,1772.7099609375,1771.449951171875,1772.550048828125,0
1783656000000,1772.3299560546875,1773.030029296875,1771.56005859375,1772.6400146484375,0
1783656300000,1772.4100341796875,1774.8299560546875,1772.4100341796875,1774.5400390625,0
1783656600000,1774.5400390625,1775.0899658203125,1774.0799560546875,1775.030029296875,6560256
1783656900000,1775.030029296875,1786.75,1775.030029296875,1784.4100341796875,5663232
1783657200000,1784.469970703125,1785.72998046875,1783.5,1783.6099853515625,0
1783657500000,1783.5699462890625,1785.02001953125,1782.4200439453125,1784.68994140625,26950656
1783657800000,1784.6500244140625,1786.8900146484375,1783.93994140625,1786.8900146484375,144961024
1783658100000,1787.0899658203125,1787.8199462890625,1783.8399658203125,1783.8399658203125,0
1783658400000,1783.8499755859375,1784.6400146484375,1783.449951171875,1784.31005859375,0
1783658700000,1784.1300048828125,1784.510009765625,1783.1199951171875,1784.1500244140625,80468480
1783659000000,1784.2900390625,1784.2900390625,1782.1099853515625,1783.0999755859375,3015680
1783659300000,1783.0799560546875,1784.3199462890625,1782.9000244140625,1782.9000244140625,19487744
1783659600000,1782.43994140625,1783.4300537109375,1780,1783.1400146484375,0
1783659900000,1783.0999755859375,1783.6500244140625,1782.47998046875,1783.6199951171875,10969600
1783660200000,1783.489990234375,1783.8800048828125,1780.6300048828125,1781.8599853515625,4089856
1783660500000,1781.93994140625,1785.050048828125,1781.780029296875,1784.6300048828125,82539008
1783660800000,1784.989990234375,1785.7099609375,1784.0400390625,1784.8800048828125,0
1783661100000,1785.0799560546875,1787.6600341796875,1785.0799560546875,1787.280029296875,91167232
1783661400000,1789.469970703125,1790.52001953125,1788.199951171875,1789.800048828125,0
1783661700000,1789.6800537109375,1792.9000244140625,1789.199951171875,1791.47998046875,70151680
1783662000000,1791.77001953125,1791.77001953125,1789.9200439453125,1791.5899658203125,54748160
1783662300000,1791.219970703125,1793.3800048828125,1790.6600341796875,1791.3399658203125,26636800
1783662600000,1791.3299560546875,1791.489990234375,1790.030029296875,1791.4000244140625,11806720
1783662900000,1791.3900146484375,1791.81005859375,1790.719970703125,1791.4100341796875,114169856
1783663200000,1791.5999755859375,1792.5899658203125,1788.25,1788.97998046875,3161088
1783663500000,1789.030029296875,1791.199951171875,1789.030029296875,1790.4599609375,28397568
1783663800000,1790.800048828125,1790.8499755859375,1788.8499755859375,1789.27001953125,0
1783664100000,1789.27001953125,1791.8399658203125,1789.0899658203125,1791.8399658203125,100252160
1783664400000,1791.4200439453125,1798.6700439453125,1791.4200439453125,1798.5799560546875,9341952
1783664700000,1798.6099853515625,1800.4200439453125,1795.739990234375,1799.4300537109375,40176640
1783665000000,1799.719970703125,1801.219970703125,1797.72998046875,1798.260009765625,29012992
1783665300000,1797.949951171875,1798.3900146484375,1795.0899658203125,1797.6800537109375,129691648
1783665600000,1797.8399658203125,1798.4100341796875,1796.1099853515625,1798.4100341796875,0
1783665900000,1798.469970703125,1798.469970703125,1796.800048828125,1797.3299560546875,100318208
1783666200000,1797.3699951171875,1797.3900146484375,1795.9000244140625,1796.010009765625,22584320
1783666500000,1796.02001953125,1797.5899658203125,1795.780029296875,1795.780029296875,0
1783666800000,1795.8599853515625,1797.719970703125,1795.6700439453125,1797.22998046875,0
1783667100000,1797.25,1798.4100341796875,1796.030029296875,1796.2099609375,6559744
1783667400000,1796.2900390625,1798.760009765625,1796.2900390625,1798.68994140625,13299712
1783667700000,1798.47998046875,1800.8299560546875,1796.010009765625,1796.1800537109375,0
1783668000000,1796.1800537109375,1796.9300537109375,1795.1099853515625,1796.8399658203125,127107072
1783668300000,1796.8900146484375,1797.0899658203125,1795.2900390625,1796.280029296875,9513984
1783668600000,1795.75,1795.75,1793.6600341796875,1794.1500244140625,0
1783668900000,1794.1400146484375,1795.050048828125,1793.469970703125,1794.3900146484375,3365888
1783669200000,1794.199951171875,1796.7099609375,1793.030029296875,1796.4000244140625,0
1783669500000,1796.4000244140625,1800.1400146484375,1795.97998046875,1800.1400146484375,15997952
1783669800000,1800.0699462890625,1801.0999755859375,1798.3299560546875,1799.1800537109375,0
1783670100000,1798.449951171875,1800.3299560546875,1797.7900390625,1800.3299560546875,120974336
1783670400000,1799.9599609375,1800.550048828125,1797.9599609375,1798.800048828125,0
1783670700000,1798.449951171875,1799.4200439453125,1797.0999755859375,1799.4100341796875,0
1783671000000,1799.760009765625,1805.760009765625,1799.72998046875,1803.5999755859375,18580480
1783671300000,1803.1400146484375,1803.550048828125,1799.6400146484375,1800.25,0
1783671600000,1800.1300048828125,1800.4300537109375,1798.7099609375,1800.0400390625,144494592
1783671900000,1799.8599853515625,1801.300048828125,1799.7099609375,1799.7099609375,31810560
1783672200000,1799.010009765625,1799.8299560546875,1796.9599609375,1797.9000244140625,0
1783672500000,1797.9100341796875,1798.8800048828125,1795.6400146484375,1796.1400146484375,0
1783672800000,1796.1800537109375,1796.1800537109375,1793.0799560546875,1793.3399658203125,0
1783673100000,1793.550048828125,1794.5799560546875,1793.31005859375,1794.0899658203125,53422080
1783673400000,1794.0799560546875,1794.18994140625,1792.3499755859375,1792.510009765625,0
1783673700000,1792.8499755859375,1793.8900146484375,1791.800048828125,1792.81005859375,0
1783674000000,1792.699951171875,1794.8199462890625,1792.3399658203125,1793.739990234375,0
1783674300000,1794.5,1795.5799560546875,1793.699951171875,1794.1400146484375,0
1783674600000,1794.1400146484375,1794.489990234375,1792.6099853515625,1793.0699462890625,10641408
1783674900000,1793.199951171875,1794.760009765625,1792.93994140625,1794.0799560546875,0
1783675200000,1794.25,1797.3900146484375,1793.3199462890625,1797.3900146484375,3758080
1783675500000,1795.2900390625,1795.2900390625,1793.68994140625,1794.0999755859375,0
1783675800000,1793.3800048828125,1798.199951171875,1793.3800048828125,1796.199951171875,21738496
1783676100000,1796.5999755859375,1800.9300537109375,1796.4100341796875,1798.6099853515625,24603648
1783676400000,1798.2099609375,1801.9000244140625,1795.800048828125,1800.1800537109375,67567616
1783676700000,1800.300048828125,1804.5899658203125,1800.300048828125,1804.260009765625,0
1783677000000,1803.4000244140625,1809.9200439453125,1802.3199462890625,1805.0999755859375,0
1783677300000,1805,1805.4000244140625,1802.489990234375,1802.550048828125,1952768
1783677600000,1801.0899658203125,1803.18994140625,1797,1797,55754752
1783677900000,1796.6400146484375,1798.3599853515625,1794.0899658203125,1796.0699462890625,0
1783678200000,1795.3199462890625,1795.9599609375,1791.3499755859375,1791.969970703125,22841344
1783678500000,1791.989990234375,1792.5999755859375,1783.699951171875,1785.4000244140625,23185408
1783678800000,1784.5,1786.0999755859375,1778.699951171875,1785.969970703125,0
1783679100000,1785.9300537109375,1788.52001953125,1784.489990234375,1787.7099609375,131548160
1783679400000,1787.77001953125,1793.06005859375,1775.31005859375,1782.050048828125,0
1783679700000,1782.0400390625,1785.9200439453125,1779.3900146484375,1785.2099609375,0
1783680000000,1786.3699951171875,1787.6300048828125,1784.030029296875,1786.699951171875,181812224
1783680300000,1786.969970703125,1788,1783.9300537109375,1787.25,23915520
1783680600000,1787.68994140625,1787.68994140625,1783.47998046875,1785,112122880
1783680900000,1784.9100341796875,1785.5799560546875,1782.699951171875,1783.6500244140625,23736320
1783681200000,1783.300048828125,1786.5,1782.800048828125,1785.260009765625,0
1783681500000,1785.2900390625,1789.530029296875,1784.510009765625,1787.510009765625,226493440
1783681800000,1787.7099609375,1788.9000244140625,1785.8900146484375,1786.52001953125,0
1783682100000,1786.719970703125,1793.530029296875,1786.719970703125,1789.56005859375,0
1783682400000,1789.56005859375,1793.2900390625,1788.949951171875,1793.2900390625,294159360
1783682700000,1792.9200439453125,1795.1500244140625,1791.6800537109375,1792.2900390625,0
1783683000000,1792.719970703125,1793.1700439453125,1790.2900390625,1791.949951171875,60329984
1783683300000,1792,1792,1787.6400146484375,1788,0
1783683600000,1788.02001953125,1788.5999755859375,1785.300048828125,1786.5699462890625,30184448
1783683900000,1786.75,1788.6300048828125,1786.2099609375,1788.18994140625,0
1783684200000,1787.949951171875,1789.3399658203125,1786.800048828125,1789.3399658203125,0
1783684500000,1789.2099609375,1789.7900390625,1788.489990234375,1789.699951171875,0
1783684800000,1789.8399658203125,1790.050048828125,1786.81005859375,1787.699951171875,0
1783685100000,1788.1500244140625,1791.0999755859375,1786.6800537109375,1789.699951171875,0
1783685400000,1789.47998046875,1792.4300537109375,1789.1800537109375,1791.9599609375,0
1783685700000,1792.4000244140625,1794.5699462890625,1791.1400146484375,1792.2099609375,19537920
1783686000000,1792.5,1792.5,1789.280029296875,1789.75,71680
1783686300000,1789.550048828125,1790.9000244140625,1788.6099853515625,1789.8499755859375,0
1783686600000,1789.93994140625,1791.469970703125,1789.5699462890625,1791.4100341796875,0
1783686900000,1790.68994140625,1791.3599853515625,1784.52001953125,1785.5999755859375,0
1783687200000,1785.9000244140625,1790.27001953125,1785.9000244140625,1788.9100341796875,0
1783687500000,1788.9000244140625,1791.0799560546875,1788.469970703125,1789.7099609375,41014272
1783687800000,1790.199951171875,1794.4200439453125,1790.199951171875,1793.6099853515625,472064
1783688100000,1793.3599853515625,1798.06005859375,1793.030029296875,1796,73844736
1783688400000,1795.9000244140625,1797.8900146484375,1795.0899658203125,1797.8900146484375,0
1783688700000,1796.8800048828125,1796.8800048828125,1792.260009765625,1792.260009765625,0
1783689000000,1792.5999755859375,1792.5999755859375,1790.4100341796875,1790.9000244140625,0
1783689300000,1790.6500244140625,1791.550048828125,1788.050048828125,1788.43994140625,0
1783689600000,1788.739990234375,1792.199951171875,1788,1792.199951171875,0
1783689900000,1792.8599853515625,1793.6199951171875,1792.1099853515625,1792.1099853515625,0
1783690200000,1791.6700439453125,1791.699951171875,1787.8900146484375,1789.0699462890625,0
1783690500000,1788.8299560546875,1789.9200439453125,1787.969970703125,1789.6199951171875,0
1783690800000,1789.800048828125,1790.27001953125,1787.1700439453125,1788.1099853515625,0
1783691100000,1788.010009765625,1789.550048828125,1787.010009765625,1789.550048828125,171008
1783691400000,1789.550048828125,1790.2099609375,1788.010009765625,1788.27001953125,0
1783691700000,1788.699951171875,1789.72998046875,1786.72998046875,1786.739990234375,0
1783692000000,1786.8800048828125,1789.6800537109375,1786.8699951171875,1789,0
1783692300000,1789.27001953125,1790.219970703125,1788.68994140625,1789.18994140625,121427968
1783692600000,1789.550048828125,1790.6400146484375,1787.52001953125,1787.800048828125,0
1783692900000,1786.8800048828125,1788.3599853515625,1786.219970703125,1788.300048828125,0
1783693200000,1788.3199462890625,1789.8499755859375,1787.6700439453125,1789.8399658203125,138240
1783693500000,1789.72998046875,1790.6099853515625,1788.9200439453125,1788.97998046875,0
1783693800000,1788.9100341796875,1789.0699462890625,1787.050048828125,1787.6199951171875,0
1783694100000,1787.6300048828125,1788.22998046875,1786.239990234375,1787.6300048828125,0
1783694400000,1787.510009765625,1788.5899658203125,1786.2099609375,1787.06005859375,0
1783694700000,1787.010009765625,1787.0899658203125,1785.1400146484375,1785.47998046875,0
1783695000000,1785.510009765625,1785.68994140625,1780.3199462890625,1780.8299560546875,0
1783695300000,1781.280029296875,1783.68994140625,1781.280029296875,1783.6700439453125,5844992
1783695600000,1783.0999755859375,1784.800048828125,1782.6800537109375,1784.6400146484375,0
1783695900000,1784.5899658203125,1785.5899658203125,1783.68994140625,1785.47998046875,0
1783696200000,1785.719970703125,1786.9200439453125,1785.719970703125,1786.47998046875,0
1783696500000,1786.469970703125,1788.3199462890625,1784.9599609375,1784.969970703125,0
1783696800000,1784.8900146484375,1785.3599853515625,1783.5999755859375,1785.1400146484375,0
1783697100000,1785,1788,1784.9599609375,1786.8499755859375,0
1783697400000,1786.8599853515625,1792,1786.8599853515625,1790.9200439453125,0
1783697700000,1791.3599853515625,1795.52001953125,1791.2900390625,1795.52001953125,0
1783698000000,1795.219970703125,1795.68994140625,1794.3800048828125,1794.97998046875,0
1783698300000,1794.6600341796875,1795.68994140625,1793.0999755859375,1793.5400390625,0
1783698600000,1793.5699462890625,1794.010009765625,1792.449951171875,1792.949951171875,0
1783698900000,1792.31005859375,1792.9300537109375,1790.43994140625,1791.1099853515625,0
1783699200000,1791.8599853515625,1791.8599853515625,1788.8499755859375,1789.1500244140625,57477120
1783699500000,1789.3399658203125,1790.4100341796875,1788.6300048828125,1789.9300537109375,0
1783699800000,1789.93994140625,1791.6099853515625,1789.93994140625,1791.52001953125,0
1783700100000,1791.52001953125,1792.8900146484375,1790.5400390625,1791.3699951171875,0
1783700400000,1789.699951171875,1792.2099609375,1788.56005859375,1790.6500244140625,0
1783700700000,1790.199951171875,1790.9300537109375,1788.1700439453125,1790.0899658203125,0
1783701000000,1790.0899658203125,1791.8199462890625,1789.9300537109375,1791.25,0
1783701300000,1791.4100341796875,1793.0699462890625,1791.4100341796875,1791.8499755859375,0
1783701600000,1791.8199462890625,1791.8199462890625,1790.530029296875,1790.6199951171875,0
1783701900000,1790.199951171875,1791.1800537109375,1789.68994140625,1791.02001953125,0
1783702200000,1790.5400390625,1791.77001953125,1790.3499755859375,1791.3800048828125,28081152
1783702500000,1790.719970703125,1790.719970703125,1788.8399658203125,1788.8499755859375,0
1783702800000,1788.43994140625,1790.27001953125,1788.43994140625,1790.27001953125,0
1783703100000,1790.6500244140625,1791.239990234375,1789.3199462890625,1790.7099609375,0
1783703400000,1790.8299560546875,1791.68994140625,1789.81005859375,1790.780029296875,0
1783703700000,1790.6400146484375,1791.3900146484375,1789.97998046875,1790.1700439453125,0
1783704000000,1790.1700439453125,1791.8900146484375,1789.77001953125,1791.8900146484375,0
1783704300000,1791.52001953125,1792.5899658203125,1790.81005859375,1792.1199951171875,0
1783704600000,1792.31005859375,1794.27001953125,1792.31005859375,1793.3399658203125,0
1783704900000,1793.1700439453125,1795.4200439453125,1793.1700439453125,1794.72998046875,0
1783705200000,1794.47998046875,1794.47998046875,1793.4300537109375,1794.3199462890625,0
1783705500000,1794.239990234375,1794.31005859375,1792.800048828125,1793.22998046875,0
1783705800000,1793,1793.6400146484375,1792.75,1793.2099609375,80911360
1783706100000,1793.2099609375,1793.2099609375,1792.43994140625,1793.0799560546875,0
1783706400000,1792.9200439453125,1793.93994140625,1792.4200439453125,1793.3599853515625,0
1783706700000,1793.050048828125,1794.3699951171875,1792.68994140625,1794.1300048828125,0
1783707000000,1794.1700439453125,1794.8800048828125,1793.8900146484375,1794.52001953125,0
1783707300000,1794.5999755859375,1794.97998046875,1793.4200439453125,1793.510009765625,209587200
1783707600000,1793.27001953125,1793.27001953125,1791.5400390625,1792.3399658203125,0
1783707900000,1792.7900390625,1794.8299560546875,1792.3800048828125,1793.780029296875,0
1783708200000,1793.77001953125,1794.56005859375,1793.010009765625,1793.02001953125,107851776
1783708500000,1793.010009765625,1793.760009765625,1792.81005859375,1793.530029296875,0
1783708800000,1793.5899658203125,1794.1700439453125,1792.469970703125,1792.469970703125,1731584
1783709100000,1792.4599609375,1793.510009765625,1792.4599609375,1792.9100341796875,0
1783709400000,1792.9599609375,1794.5899658203125,1792.3399658203125,1794.3900146484375,4530176
1783709700000,1794.3900146484375,1795.31005859375,1793.75,1793.969970703125,41098240
1783710000000,1794.010009765625,1794.010009765625,1791.3699951171875,1791.780029296875,0
1783710300000,1791.8399658203125,1792.25,1791.18994140625,1791.739990234375,0
1783710600000,1792,1795.0400390625,1791.72998046875,1795.0400390625,0
1783710900000,1794.9599609375,1796.6700439453125,1794.5,1794.9599609375,0
1783711200000,1794.969970703125,1795.4300537109375,1793.5799560546875,1795.4300537109375,11583488
1783711500000,1795.300048828125,1796.4300537109375,1794.760009765625,1794.760009765625,3365888
1783711800000,1794.6400146484375,1795.1199951171875,1794.0699462890625,1794.8399658203125,0
1783712100000,1794.5999755859375,1795.469970703125,1794.5999755859375,1795.469970703125,0
1783712400000,1795.31005859375,1795.3299560546875,1794.1300048828125,1794.969970703125,59128832
1783712700000,1795.3199462890625,1795.7099609375,1794.3399658203125,1794.5799560546875,0
1783713000000,1794.5799560546875,1795.0799560546875,1794.3299560546875,1795.0799560546875,5509120
1783713300000,1794.8599853515625,1796.219970703125,1794.5999755859375,1795.739990234375,26702848
1783713600000,1795.2099609375,1795.969970703125,1793.5400390625,1793.5400390625,0
1783713900000,1794.010009765625,1794.8399658203125,1793.1600341796875,1793.3800048828125,2807808
1783714200000,1793.4300537109375,1793.739990234375,1791.969970703125,1792.3399658203125,0
1783714500000,1792.52001953125,1792.5400390625,1789.530029296875,1790.6800537109375,110896128
1783714800000,1790.6700439453125,1792.3199462890625,1790.4000244140625,1792.3199462890625,0
1783715100000,1792.3699951171875,1794.1099853515625,1792,1792.56005859375,86294528
1783715400000,1792.56005859375,1793.0799560546875,1791.5999755859375,1791.6400146484375,0
1783715700000,1791.72998046875,1792.06005859375,1788.8599853515625,1789.969970703125,68728832
1783716000000,1790.0400390625,1792.3199462890625,1789.68994140625,1792.3199462890625,0
1783716300000,1792.4599609375,1792.4599609375,1790.5400390625,1790.5400390625,0
1783716600000,1790.5799560546875,1792.280029296875,1790.3699951171875,1792.260009765625,0
1783716900000,1792.06005859375,1792.47998046875,1791.4000244140625,1792.0799560546875,98929664
1783717200000,1791.969970703125,1792.2900390625,1790.77001953125,1791.719970703125,0
1783717500000,1791.7099609375,1793.9000244140625,1791.43994140625,1792.0899658203125,0
1783717800000,1792.280029296875,1793.219970703125,1791.9200439453125,1792.3800048828125,10724352
1783718100000,1792.5400390625,1795.4000244140625,1792.3800048828125,1795.4000244140625,1088512
1783718400000,1795.719970703125,1797.3900146484375,1794.8299560546875,1794.8399658203125,0
1783718700000,1794.72998046875,1795.4599609375,1794.1300048828125,1794.5,103119872
1783719000000,1794.6099853515625,1796.239990234375,1794.050048828125,1794.3699951171875,0
1783719300000,1794.010009765625,1794.9100341796875,1789.6600341796875,1790.8299560546875,70262784
1783719600000,1790.5799560546875,1790.5799560546875,1788.030029296875,1788.47998046875,0
1783719900000,1788.3699951171875,1792.1500244140625,1787.2900390625,1791.300048828125,6896640
1783720200000,1791.3599853515625,1791.6700439453125,1790.1300048828125,1790.699951171875,0
1783720500000,1790.5699462890625,1790.5799560546875,1787.739990234375,1788.1199951171875,0
1783720800000,1787.9100341796875,1790.22998046875,1785.25,1790.1700439453125,51427328
1783721100000,1789.6800537109375,1790.449951171875,1788.969970703125,1789.8399658203125,0
1783721400000,1789.9100341796875,1790.18994140625,1788.3599853515625,1788.800048828125,0
1783721700000,1789.260009765625,1790.760009765625,1789.260009765625,1790.3599853515625,0
1783722000000,1790.1700439453125,1790.52001953125,1788.969970703125,1789.2099609375,0
1783722300000,1789.199951171875,1790.6300048828125,1789,1790.3900146484375,0
1783722600000,1790.239990234375,1790.81005859375,1790.050048828125,1790.5999755859375,0
1783722900000,1790.760009765625,1791.699951171875,1790.510009765625,1791.52001953125,0
1783723200000,1791.4599609375,1794.3299560546875,1791.4300537109375,1793.52001953125,0
1783723500000,1793.4200439453125,1794.25,1793.0400390625,1793.949951171875,0
1783723800000,1793.8299560546875,1794.6300048828125,1793.1600341796875,1793.800048828125,0
1783724100000,1793.8599853515625,1794.949951171875,1793.8599853515625,1794.280029296875,38619136
1783724400000,1794.449951171875,1794.9100341796875,1793.2900390625,1793.5,0
1783724700000,1793.5,1794.780029296875,1793.5,1794.4200439453125,0
1783725000000,1794.4300537109375,1796.010009765625,1794.4300537109375,1795.6800537109375,0
1783725300000,1795.68994140625,1796.1600341796875,1791.8399658203125,1795.489990234375,4986880
1783725600000,1795.1400146484375,1795.56005859375,1794.260009765625,1794.3599853515625,0
1783725900000,1794.3499755859375,1794.800048828125,1793.530029296875,1793.8800048828125,149813248
1783726200000,1793.719970703125,1794.3199462890625,1793.5400390625,1794.260009765625,7791616
1783726500000,1794.1500244140625,1796.3399658203125,1794.1500244140625,1796.1400146484375,0
1783726800000,1796.050048828125,1796.8800048828125,1795.489990234375,1795.5899658203125,0
1783727100000,1795.43994140625,1796.8199462890625,1795.3199462890625,1795.8699951171875,40105984
1783727400000,1795.8599853515625,1796.8699951171875,1795.8599853515625,1796.5400390625,0
1783727700000,1796.56005859375,1796.8399658203125,1795.18994140625,1795.18994140625,134696960
1783728000000,1795.1800537109375,1795.550048828125,1794.6400146484375,1795.2900390625,15745024
1783728300000,1795.43994140625,1795.5699462890625,1794.3699951171875,1794.6099853515625,0
1783728600000,1794.5999755859375,1796,1794.5999755859375,1795.7099609375,76482048
1783728900000,1795.7099609375,1797.0400390625,1794.6700439453125,1795.56005859375,0
1783729200000,1795.8800048828125,1796.3599853515625,1795.5400390625,1796.010009765625,0
1783729500000,1796.1800537109375,1796.6300048828125,1795.1300048828125,1795.199951171875,0
1783729800000,1795.3599853515625,1797.4300537109375,1795.300048828125,1797.18994140625,0
1783730100000,1797.1800537109375,1798.8599853515625,1796.8800048828125,1798,0
1783730400000,1798,1798.010009765625,1796.22998046875,1796.300048828125,4828672
1783730700000,1796.469970703125,1797.1199951171875,1795.9000244140625,1796.969970703125,172685312
1783731000000,1796.760009765625,1796.760009765625,1794.43994140625,1794.75,0
1783731300000,1794.75,1795.18994140625,1794.6600341796875,1795.18994140625,20567552
1783731600000,1795.18994140625,1795.18994140625,1793.8599853515625,1794.7900390625,0
1783731900000,1794.77001953125,1795.93994140625,1794.699951171875,1795.780029296875,0
1783732200000,1795.8599853515625,1796.989990234375,1795.800048828125,1796.4599609375,0
1783732500000,1796.5999755859375,1796.8199462890625,1795.9300537109375,1796.510009765625,0
1783732800000,1796.3299560546875,1797.739990234375,1796.3299560546875,1797.739990234375,0
1783733100000,1797.949951171875,1798.8299560546875,1797.3199462890625,1797.8399658203125,0
1783733400000,1797.489990234375,1800.4200439453125,1797.300048828125,1799.199951171875,0
1783733700000,1799.3199462890625,1799.8699951171875,1798.72998046875,1798.81005859375,0
1783734000000,1798.7099609375,1798.760009765625,1796.8800048828125,1796.8800048828125,93179904
1783734300000,1796.77001953125,1797.280029296875,1796.260009765625,1796.300048828125,0
1783734600000,1796.5999755859375,1797.469970703125,1796.4000244140625,1796.8900146484375,0
1783734900000,1796.8800048828125,1798.300048828125,1796.8800048828125,1797.9200439453125,70247424
1783735200000,1797.9200439453125,1797.9200439453125,1794.3599853515625,1795.68994140625,32370176
1783735500000,1795.68994140625,1796.52001953125,1795.68994140625,1796.4599609375,0
1783735800000,1796.6800537109375,1797.530029296875,1796.469970703125,1796.9000244140625,0
1783736100000,1796.8800048828125,1798.5799560546875,1796.8800048828125,1798.5699462890625,0
1783736400000,1798.5799560546875,1801.6400146484375,1798.5799560546875,1800.9000244140625,0
1783736700000,1800.760009765625,1801.0699462890625,1798.3199462890625,1798.7900390625,0
1783737000000,1798.7900390625,1801.3800048828125,1798.7900390625,1800.9000244140625,128791040
1783737300000,1800.8900146484375,1801.1199951171875,1799.6300048828125,1799.6300048828125,0
1783737600000,1799.81005859375,1800.27001953125,1798.81005859375,1798.8299560546875,65731584
1783737900000,1798.7900390625,1799.81005859375,1798.4599609375,1798.6600341796875,112888832
1783738200000,1798.56005859375,1798.699951171875,1797.3900146484375,1798.6199951171875,0
1783738500000,1798.7099609375,1798.7099609375,1797.9599609375,1797.969970703125,11645440
1783738800000,1797.9000244140625,1798.4599609375,1797.47998046875,1797.6099853515625,0
1783739100000,1797.6099853515625,1797.6099853515625,1796.8900146484375,1797.489990234375,0
1783739400000,1797.4599609375,1798.9200439453125,1797.25,1798.7099609375,0
1783739700000,1798.699951171875,1799.050048828125,1798.0899658203125,1799,0
1783740000000,1799,1799.469970703125,1798.81005859375,1799.010009765625,64566272
1783740300000,1799.18994140625,1800.5699462890625,1799.1800537109375,1799.68994140625,0
1783740600000,1799.6199951171875,1800.5,1798.6500244140625,1798.6500244140625,0
1783740900000,1798.8599853515625,1799.6300048828125,1798.550048828125,1799.5400390625,17451520
1783741200000,1799.56005859375,1800.5400390625,1798.9300537109375,1799.18994140625,0
1783741500000,1799.1800537109375,1799.3399658203125,1798.3900146484375,1798.5799560546875,6855680
1783741800000,1798.52001953125,1799.06005859375,1798.280029296875,1798.2900390625,0
1783742100000,1798.27001953125,1798.6800537109375,1798.0699462890625,1798.6800537109375,0
1783742400000,1798.6600341796875,1799.27001953125,1798.43994140625,1798.5400390625,0
1783742700000,1798.530029296875,1799.06005859375,1798.1700439453125,1798.949951171875,0
1783743000000,1798.8800048828125,1800.5999755859375,1798.8699951171875,1800.239990234375,0
1783743300000,1800.25,1800.4300537109375,1799.4000244140625,1799.72998046875,657920
1783743600000,1799.760009765625,1800.5899658203125,1799.6099853515625,1800.3499755859375,0
1783743900000,1800.3599853515625,1800.469970703125,1799.77001953125,1800,0
1783744200000,1800.010009765625,1800.25,1799.6500244140625,1800.1500244140625,0
1783744500000,1800.3599853515625,1800.8499755859375,1800.3599853515625,1800.8199462890625,0
1783744800000,1800.760009765625,1802.0799560546875,1800.6800537109375,1801.2099609375,0
1783745100000,1801.2099609375,1801.27001953125,1799.550048828125,1799.550048828125,0
1783745400000,1799.1700439453125,1799.6099853515625,1799.1700439453125,1799.56005859375,0
1783745700000,1799.5699462890625,1800.22998046875,1799.5699462890625,1800.22998046875,0
1783746000000,1800.050048828125,1801.3199462890625,1800.050048828125,1801.010009765625,0
1783746300000,1801.0400390625,1801.18994140625,1799.5,1799.5,0
1783746600000,1799.5799560546875,1799.68994140625,1797.3699951171875,1797.3699951171875,15134208
1783746900000,1797.5799560546875,1798.6400146484375,1797.3699951171875,1797.3699951171875,0
1783747200000,1797.3599853515625,1797.5699462890625,1796.800048828125,1797.550048828125,0
1783747500000,1797.5400390625,1798.4000244140625,1797.3699951171875,1798.3699951171875,50706432
1783747800000,1798.25,1798.6099853515625,1795.969970703125,1796.780029296875,0
1783748100000,1796.6600341796875,1799.18994140625,1796.02001953125,1798.8499755859375,0
1783748400000,1798.9300537109375,1798.969970703125,1797.6099853515625,1797.6099853515625,0
1783748700000,1797.469970703125,1797.6400146484375,1796.219970703125,1797.1099853515625,0
1783749000000,1797.1199951171875,1797.43994140625,1795.9100341796875,1795.9200439453125,0
1783749300000,1796.050048828125,1796.68994140625,1793.56005859375,1794,0
1783749600000,1794.469970703125,1795.31005859375,1793.9200439453125,1795.050048828125,0
1783749900000,1795.0400390625,1795.199951171875,1794.2900390625,1794.6600341796875,0
1783750200000,1794.9599609375,1795.7900390625,1794.6300048828125,1795.7900390625,26996224
1783750500000,1795.800048828125,1795.800048828125,1794.010009765625,1794.22998046875,0
1783750800000,1794.22998046875,1795.9599609375,1794.22998046875,1795.9599609375,43843072
1783751100000,1796.0400390625,1796.8800048828125,1795.68994140625,1796.8800048828125,0
1783751400000,1796.93994140625,1796.93994140625,1796.050048828125,1796.5,0
1783751700000,1796.5,1796.5,1795.22998046875,1795.52001953125,0
1783752000000,1795.47998046875,1797.280029296875,1795.47998046875,1796.06005859375,1882112
1783752300000,1796.18994140625,1797.719970703125,1796.18994140625,1797,0
1783752600000,1797.010009765625,1797.550048828125,1796.52001953125,1796.8900146484375,0
1783752900000,1796.8900146484375,1797.1400146484375,1796.6500244140625,1796.7099609375,0
1783753200000,1796.800048828125,1796.800048828125,1795.5699462890625,1796.4000244140625,0
1783753500000,1796.4000244140625,1797.72998046875,1796.3299560546875,1796.6400146484375,0
1783753800000,1796.800048828125,1797.4000244140625,1796.47998046875,1797.4000244140625,0
1783754100000,1797.56005859375,1797.56005859375,1796.31005859375,1796.5999755859375,226816
1783754400000,1796.760009765625,1796.969970703125,1796.280029296875,1796.4599609375,0
1783754700000,1796.6300048828125,1797.6300048828125,1796.6300048828125,1797.550048828125,0
1783755000000,1797.5400390625,1798.1400146484375,1797.3599853515625,1798.1400146484375,0
1783755300000,1798.219970703125,1799.1199951171875,1798.1199951171875,1798.1199951171875,0
1783755600000,1798.4200439453125,1798.97998046875,1798.0799560546875,1798.1400146484375,9797632
1783755900000,1798.1800537109375,1798.760009765625,1797.6099853515625,1798.760009765625,0
1783756200000,1798.8399658203125,1798.8399658203125,1797.8199462890625,1798.3199462890625,0
1783756500000,1798.25,1799.4300537109375,1798.1300048828125,1798.949951171875,0
1783756800000,1798.949951171875,1799.989990234375,1798.93994140625,1799.5400390625,0
1783757100000,1799.5400390625,1799.5400390625,1797.760009765625,1798.6700439453125,0
1783757400000,1798.5899658203125,1798.97998046875,1798.56005859375,1798.9599609375,0
1783757700000,1798.969970703125,1799.280029296875,1797.56005859375,1797.56005859375,0
1783758000000,1797.5,1797.6700439453125,1797.0999755859375,1797.239990234375,0
1783758300000,1797.219970703125,1798.6500244140625,1797.2099609375,1798.52001953125,0
1783758600000,1798.52001953125,1798.77001953125,1797.6199951171875,1797.6199951171875,0
1783758900000,1797.6199951171875,1798.43994140625,1797.280029296875,1797.280029296875,0
1783759200000,1797.300048828125,1797.6800537109375,1796.81005859375,1797.6500244140625,0
1783759500000,1797.6300048828125,1798.8299560546875,1797.56005859375,1798.8299560546875,0
1783759800000,1798.8199462890625,1799.6300048828125,1798.68994140625,1799.1800537109375,0
1783760100000,1799.239990234375,1799.31005859375,1798.5799560546875,1798.6600341796875,0
1783760400000,1798.9599609375,1798.969970703125,1797.6099853515625,1797.6199951171875,0
1783760700000,1797.6099853515625,1798.2900390625,1797.3900146484375,1798.06005859375,0
1783761000000,1797.8599853515625,1798.75,1797.47998046875,1798.75,0
1783761300000,1798.739990234375,1800.8399658203125,1798.3599853515625,1800.5899658203125,0
1783761600000,1800.8299560546875,1801.3199462890625,1800.1500244140625,1800.1500244140625,0
1783761900000,1800.1400146484375,1800.6800537109375,1800.0699462890625,1800.3699951171875,0
1783762200000,1800.25,1804.719970703125,1800.239990234375,1801.4599609375,0
1783762500000,1801.449951171875,1802.219970703125,1800.0999755859375,1801.0799560546875,6633984
1783762800000,1800.949951171875,1802.27001953125,1800.47998046875,1802.27001953125,0
1783763100000,1802.3900146484375,1803.5899658203125,1802.3900146484375,1803.3599853515625,46138368
1783763400000,1803.239990234375,1803.239990234375,1801.530029296875,1801.5699462890625,0
1783763700000,1801.5699462890625,1801.739990234375,1800.969970703125,1801.550048828125,0
1783764000000,1801.3199462890625,1802.6099853515625,1801.3199462890625,1802.3599853515625,0
1783764300000,1802.5,1802.9000244140625,1802.1500244140625,1802.9000244140625,0
1783764600000,1802.989990234375,1803.239990234375,1801.449951171875,1801.449951171875,101130240
1783764900000,1801.449951171875,1802.6400146484375,1801.199951171875,1802.6400146484375,894464
1783765200000,1802.3299560546875,1805.010009765625,1801.8900146484375,1804.280029296875,0
1783765500000,1804,1805.8699951171875,1802.780029296875,1804.8299560546875,0
1783765800000,1804.8399658203125,1807.8800048828125,1804.7099609375,1806,0
1783766100000,1806.2900390625,1815.199951171875,1806.2900390625,1813.0899658203125,0
1783766400000,1813.1600341796875,1813.1600341796875,1811.510009765625,1813.1600341796875,0
1783766700000,1813.1600341796875,1814.1199951171875,1811.0799560546875,1811.199951171875,78362112
1783767000000,1811.1700439453125,1812.469970703125,1809.8699951171875,1811.6500244140625,189330432
1783767300000,1811.9000244140625,1811.9599609375,1809.530029296875,1809.6500244140625,0
1783767600000,1809.949951171875,1813.18994140625,1809.949951171875,1813.18994140625,0
1783767900000,1812.8800048828125,1813.5799560546875,1811.8499755859375,1812.8800048828125,0
1783768200000,1812.6099853515625,1822.6300048828125,1812.489990234375,1820.1300048828125,0
1783768500000,1819.93994140625,1820.530029296875,1817.469970703125,1818.0699462890625,207674880
1783768800000,1818.47998046875,1825.9200439453125,1818.47998046875,1825.489990234375,0
1783769100000,1825.199951171875,1825.3699951171875,1822.550048828125,1823.010009765625,0
1783769400000,1822.9100341796875,1823.030029296875,1821.1199951171875,1822.010009765625,170350592
1783769700000,1822.8199462890625,1823,1812.5899658203125,1813.4000244140625,0
1783770000000,1813.31005859375,1815.1199951171875,1810.300048828125,1810.6800537109375,23445504
1783770300000,1811.7099609375,1812.68994140625,1807.4300537109375,1810.449951171875,57920512
1783770600000,1809.699951171875,1811.75,1808.1600341796875,1811.75,0
1783770900000,1812,1814.1700439453125,1811.6400146484375,1813.52001953125,130096128
1783771200000,1813.510009765625,1814.8299560546875,1811.6099853515625,1812.7099609375,11065856
1783771500000,1812.7099609375,1812.9599609375,1809.8299560546875,1810.31005859375,15936000
1783771800000,1810.5699462890625,1813.780029296875,1809.949951171875,1813.5899658203125,7922176
1783772100000,1813.5999755859375,1814.97998046875,1812.489990234375,1814.97998046875,0
1783772400000,1815.47998046875,1817.9300537109375,1813.739990234375,1817.8800048828125,3807744
1783772700000,1817.719970703125,1819,1817.030029296875,1818.260009765625,46296576
1783773000000,1818.3499755859375,1822.3199462890625,1818.0899658203125,1819.989990234375,123533824
1783773300000,1819.989990234375,1819.989990234375,1815.969970703125,1817.7900390625,54506496
1783773600000,1817.7900390625,1817.7900390625,1815.9000244140625,1816.800048828125,43258368
1783773900000,1816.81005859375,1818.25,1815.0799560546875,1817.949951171875,0
1783774200000,1818.47998046875,1819.8900146484375,1818.3299560546875,1818.6199951171875,0
1783774500000,1819.0899658203125,1822.3199462890625,1818.68994140625,1822.010009765625,0
1783774800000,1822.3299560546875,1822.6700439453125,1819.4599609375,1820.1500244140625,58937344
1783775100000,1820.260009765625,1821.6700439453125,1819.800048828125,1820.3599853515625,672256
1783775400000,1820.0400390625,1820.280029296875,1819.43994140625,1819.43994140625,0
1783775700000,1819.300048828125,1821.2900390625,1819.300048828125,1819.8399658203125,0
1783776000000,1819.4000244140625,1819.4000244140625,1817.0400390625,1818.3599853515625,0
1783776300000,1818.5,1821.5999755859375,1818.5,1821.3699951171875,0
1783776600000,1821.4599609375,1825.6300048828125,1821.1700439453125,1825.3199462890625,0
1783776900000,1825.4100341796875,1826.280029296875,1823.4599609375,1825.93994140625,32353792
1783777200000,1827.8499755859375,1827.8499755859375,1824.219970703125,1825.3199462890625,75161088
1783777500000,1825.5799560546875,1826.719970703125,1822.93994140625,1823.6099853515625,29084672
1783777800000,1823.6199951171875,1824.3699951171875,1823.1700439453125,1823.97998046875,2719744
1783778100000,1823.97998046875,1824.219970703125,1822.699951171875,1823.280029296875,414720
1783778400000,1823.6800537109375,1823.9100341796875,1822.81005859375,1823.1700439453125,0
1783778700000,1823.3499755859375,1824.7099609375,1822.5999755859375,1823.510009765625,17131520
1783779000000,1823.6800537109375,1823.989990234375,1822.5699462890625,1823.4000244140625,0
1783779300000,1822.9200439453125,1825.0699462890625,1822.9200439453125,1825.06005859375,0
1783779600000,1824.739990234375,1827.18994140625,1824.5799560546875,1826.31005859375,0
1783779900000,1825.8399658203125,1826.510009765625,1824.3599853515625,1824.8399658203125,25203712
1783780200000,1824.8399658203125,1825.6199951171875,1824.3199462890625,1825.550048828125,4241408
1783780500000,1825.550048828125,1826.27001953125,1825.43994140625,1826.010009765625,55014400
1783780800000,1826,1827.8399658203125,1826,1827.43994140625,3868672
1783781100000,1827,1827.47998046875,1824.72998046875,1825.1400146484375,24216576
1783781400000,1824.9000244140625,1825.0999755859375,1823.2900390625,1824.3199462890625,0
1783781700000,1824.3199462890625,1825.719970703125,1824.3199462890625,1824.9599609375,0
1783782000000,1824.719970703125,1825.1400146484375,1822.9000244140625,1823.68994140625,0
1783782300000,1823.699951171875,1823.75,1822.5899658203125,1823.4000244140625,42546176
1783782600000,1823.4000244140625,1826.1600341796875,1823.4000244140625,1823.9599609375,13680640
1783782900000,1823.949951171875,1824.3599853515625,1823.6400146484375,1824.3599853515625,30899200
1783783200000,1824.3699951171875,1824.3699951171875,1822.81005859375,1823.25,2901504
1783783500000,1823.300048828125,1823.68994140625,1818.0799560546875,1818.6500244140625,1255936
1783783800000,1818.6800537109375,1819.3399658203125,1818.0400390625,1819.0400390625,0
1783784100000,1818.949951171875,1820.3900146484375,1818.6700439453125,1819.1800537109375,0
1783784400000,1819.43994140625,1820.0799560546875,1818.9000244140625,1820.0799560546875,42307584
1783784700000,1820.280029296875,1822.47998046875,1820.010009765625,1821.739990234375,3612160
1783785000000,1821.72998046875,1823.030029296875,1821.6800537109375,1823.030029296875,0
1783785300000,1823.1300048828125,1823.489990234375,1822.9100341796875,1823.4100341796875,5885952
1783785600000,1823.4000244140625,1824.300048828125,1823.0899658203125,1824.2900390625,0
1783785900000,1824.300048828125,1824.300048828125,1822.9200439453125,1823.4000244140625,0
1783786200000,1823.219970703125,1824.47998046875,1823.2099609375,1824.1199951171875,0
1783786500000,1823.8499755859375,1824.7099609375,1823.68994140625,1824.7099609375,33058816
1783786800000,1824.7099609375,1824.949951171875,1823.800048828125,1824.010009765625,0
1783787100000,1824.239990234375,1824.93994140625,1823.9000244140625,1824.93994140625,0
1783787400000,1825.06005859375,1825.3399658203125,1824.3399658203125,1824.5999755859375,0
1783787700000,1824.6600341796875,1825.550048828125,1824.3199462890625,1825.1300048828125,0
1783788000000,1825.1300048828125,1827.6199951171875,1825.1300048828125,1826.3800048828125,0
1783788300000,1826.550048828125,1827.260009765625,1824.239990234375,1824.5999755859375,0
1783788600000,1824.7099609375,1825.550048828125,1824.6099853515625,1825.3800048828125,628736
1783788900000,1825.3699951171875,1825.550048828125,1824.9100341796875,1825.0899658203125,0
1783789200000,1824.8499755859375,1827.22998046875,1824.8499755859375,1827.22998046875,23696384
1783789500000,1827.239990234375,1828.0799560546875,1826.8599853515625,1827.1099853515625,0
1783789800000,1827.0999755859375,1827.4599609375,1825.3199462890625,1825.5400390625,34494464
1783790100000,1825.4599609375,1826.6500244140625,1825.0899658203125,1826.010009765625,0
1783790400000,1826.219970703125,1827.0799560546875,1825.800048828125,1826.18994140625,0
1783790700000,1825.6099853515625,1825.6099853515625,1824.31005859375,1824.699951171875,8787968
1783791000000,1824.7099609375,1825.800048828125,1823.1600341796875,1823.9200439453125,0
1783791300000,1823.9100341796875,1824.27001953125,1823.6600341796875,1823.8599853515625,0
1783791600000,1823.280029296875,1823.52001953125,1821.6099853515625,1822.18994140625,89118208
1783791900000,1822.0999755859375,1823.030029296875,1821.8800048828125,1822.9100341796875,5548032
1783792200000,1823.6600341796875,1824.3399658203125,1823.02001953125,1823.2099609375,0
1783792500000,1823.2099609375,1823.2099609375,1822.31005859375,1822.719970703125,0
1783792800000,1822.719970703125,1822.969970703125,1821.47998046875,1821.719970703125,0
1783793100000,1821.489990234375,1821.6800537109375,1820.760009765625,1821.6700439453125,8961536
1783793400000,1821.6600341796875,1822.5799560546875,1821.47998046875,1821.47998046875,3041280
1783793700000,1821.0999755859375,1821.5899658203125,1818.3599853515625,1819.02001953125,584192
1783794000000,1818.47998046875,1818.47998046875,1809.3699951171875,1812.760009765625,8601088
1783794300000,1812.68994140625,1814.030029296875,1812.0899658203125,1812.6700439453125,82643456
1783794600000,1813.1199951171875,1816.0400390625,1812.9100341796875,1815.489990234375,9104896
1783794900000,1814.1700439453125,1816.1400146484375,1812.0400390625,1812.0400390625,7034368
1783795200000,1812.5,1814.6800537109375,1811.760009765625,1814.3900146484375,18535424
1783795500000,1814.4000244140625,1814.47998046875,1811.8399658203125,1812.3399658203125,0
1783795800000,1812.1300048828125,1812.469970703125,1811,1811.219970703125,60305408
1783796100000,1811.25,1813.3800048828125,1811.22998046875,1812.7900390625,0
1783796400000,1812.780029296875,1814.280029296875,1811.800048828125,1814.0699462890625,34086400
1783796700000,1814.010009765625,1814.5699462890625,1807.800048828125,1807.8199462890625,0
1783797000000,1807.9100341796875,1808.3299560546875,1806.0699462890625,1807.4100341796875,0
1783797300000,1807.219970703125,1809.47998046875,1807.219970703125,1808.1199951171875,22942720
1783797600000,1807.800048828125,1807.800048828125,1796.3399658203125,1797.199951171875,74059776
1783797900000,1797.4000244140625,1798.0899658203125,1791.699951171875,1794.5,48040960
1783798200000,1794.1099853515625,1795.3599853515625,1788.0400390625,1789.199951171875,96305664
1783798500000,1788.9599609375,1790.4000244140625,1785.719970703125,1787.77001953125,104448512
1783798800000,1787.75,1790.93994140625,1787.75,1790.030029296875,90267136
1783799100000,1789.9300537109375,1792.9100341796875,1789.72998046875,1792.8900146484375,11373568
1783799400000,1793,1793.4000244140625,1788.8900146484375,1789.550048828125,4506624
1783799700000,1789.5,1789.5,1786.81005859375,1786.81005859375,31017472
1783800000000,1786.81005859375,1789.6800537109375,1786.22998046875,1787.449951171875,0
1783800300000,1787.5899658203125,1787.6400146484375,1781.949951171875,1782.3900146484375,69866496
1783800600000,1782.0999755859375,1785.8399658203125,1782.0699462890625,1782.8599853515625,0
1783800900000,1782.75,1786.0699462890625,1782.260009765625,1785.72998046875,75379200
1783801200000,1785.6099853515625,1789.1500244140625,1785.6099853515625,1786.4599609375,0
1783801500000,1786.5,1787.800048828125,1786.010009765625,1786.3800048828125,85957120
1783801800000,1786.3199462890625,1787.030029296875,1779,1784.6800537109375,12274688
1783802100000,1784,1785.8800048828125,1783.699951171875,1783.7099609375,84169728
1783802400000,1783.3199462890625,1785.8399658203125,1782.06005859375,1785.4300537109375,23635968
1783802700000,1785.5999755859375,1786.8699951171875,1783.68994140625,1784.3399658203125,0
1783803000000,1784.3299560546875,1787.449951171875,1784.2099609375,1787.449951171875,14977536
1783803300000,1787.4200439453125,1789.4000244140625,1787.2900390625,1787.72998046875,17214976
1783803600000,1787.6099853515625,1792.5699462890625,1786.989990234375,1792.0799560546875,2280448
1783803900000,1792.800048828125,1793.800048828125,1791.3699951171875,1793.800048828125,30213120
1783804200000,1793.4100341796875,1794.969970703125,1792.2099609375,1792.3299560546875,0
1783804500000,1791.719970703125,1800.030029296875,1791.719970703125,1799.0999755859375,62411776
1783804800000,1798.5999755859375,1800.3800048828125,1797.6800537109375,1798.9200439453125,46515712
1783805100000,1798.5999755859375,1800.0400390625,1798.0899658203125,1799.699951171875,11855360
1783805400000,1799.760009765625,1802.52001953125,1799.0400390625,1802.1800537109375,0
1783805700000,1802.1300048828125,1804.43994140625,1802.1300048828125,1803.97998046875,146304512
1783806000000,1804.1099853515625,1807.0999755859375,1804.1099853515625,1806.0999755859375,18626560
1783806300000,1806,1806.5799560546875,1804.02001953125,1805.31005859375,12181504
1783806600000,1805.8499755859375,1807.18994140625,1805.050048828125,1806.449951171875,0
1783806900000,1806.030029296875,1806.3599853515625,1805.199951171875,1805.5799560546875,0
1783807200000,1805.5799560546875,1805.5799560546875,1802.300048828125,1802.6600341796875,0
1783807500000,1802.8699951171875,1804.43994140625,1802.06005859375,1803.2099609375,0
1783807800000,1802.9300537109375,1803.719970703125,1802.06005859375,1802.6400146484375,0
1783808100000,1802.47998046875,1805.030029296875,1802.4100341796875,1803.510009765625,7488512
1783808400000,1803.8499755859375,1806.31005859375,1803.4200439453125,1805.780029296875,18138624
1783808700000,1805.5,1805.5,1803.8399658203125,1804.27001953125,11513856
1783809000000,1804.3299560546875,1804.6800537109375,1803.1199951171875,1804.1600341796875,3521536
1783809300000,1804.47998046875,1805.8199462890625,1804.47998046875,1804.6800537109375,5482496
1783809600000,1804.530029296875,1805.2099609375,1803.8499755859375,1804.3299560546875,5443584
1783809900000,1804.3900146484375,1804.949951171875,1803.4200439453125,1803.9599609375,0
1783810200000,1803.6300048828125,1804.68994140625,1803.4300537109375,1803.8599853515625,0
1783810500000,1803.8399658203125,1805.800048828125,1803.739990234375,1803.9599609375,0
1783810800000,1803.8599853515625,1804.5799560546875,1803.3699951171875,1803.43994140625,0
1783811100000,1803.4100341796875,1804.0400390625,1802.6300048828125,1802.6600341796875,2330112
1783811400000,1802.5699462890625,1805.75,1802.030029296875,1804.75,7561728
1783811700000,1804.7099609375,1806.4100341796875,1804.6800537109375,1805.3299560546875,10496512
1783812000000,1805.6400146484375,1807.3699951171875,1805.52001953125,1806.0999755859375,0
1783812300000,1805.8800048828125,1806.2900390625,1804.699951171875,1806.2900390625,9672192
1783812600000,1806.3199462890625,1811.1700439453125,1805.8499755859375,1810.739990234375,2487808
1783812900000,1810.8499755859375,1811.0400390625,1808.3399658203125,1808.4100341796875,20161024
1783813200000,1808.52001953125,1810.1199951171875,1808.52001953125,1809.0799560546875,3142656
1783813500000,1808.8599853515625,1810.8499755859375,1808.8599853515625,1809.31005859375,36385792
1783813800000,1809.1300048828125,1809.3499755859375,1807.9100341796875,1809.3499755859375,2664960
1783814100000,1809.1199951171875,1810.4200439453125,1809.1199951171875,1810.4200439453125,1606144
1783814400000,1810.239990234375,1810.43994140625,1808.7900390625,1809.25,5503488
1783814700000,1809.219970703125,1810.0400390625,1808.8900146484375,1809.4000244140625,3929088
1783815000000,1809.3900146484375,1809.3900146484375,1808.77001953125,1809.199951171875,2350592
1783815300000,1809.199951171875,1811.3900146484375,1806.97998046875,1807.97998046875,4280320
1783815600000,1808.1600341796875,1809.2099609375,1808.0799560546875,1808.989990234375,0
1783815900000,1809.0400390625,1810.18994140625,1808.31005859375,1808.510009765625,16229888
1783816200000,1808.550048828125,1809.1800537109375,1806.1300048828125,1806.1300048828125,0
1783816500000,1806.4000244140625,1806.4000244140625,1804.2099609375,1805.52001953125,10927616
1783816800000,1805.550048828125,1807.77001953125,1805.550048828125,1807.18994140625,6048256
1783817100000,1807.18994140625,1807.18994140625,1804.449951171875,1804.68994140625,0
1783817400000,1804.800048828125,1804.81005859375,1803.97998046875,1804.0400390625,0
1783817700000,1804.4000244140625,1804.800048828125,1803,1804.800048828125,9041920
1783818000000,1804.8399658203125,1805.56005859375,1804.199951171875,1805.2900390625,8121856
1783818300000,1805.550048828125,1806.010009765625,1804.5999755859375,1805.1700439453125,1388544
1783818600000,1805.1700439453125,1805.1800537109375,1803.3199462890625,1803.489990234375,0
1783818900000,1803.47998046875,1803.6600341796875,1801.199951171875,1802.02001953125,14970368
1783819200000,1802.489990234375,1802.6600341796875,1800.25,1800.5999755859375,38859776
1783819500000,1800.5899658203125,1802.0799560546875,1800.25,1800.52001953125,0
1783819800000,1800.510009765625,1802.68994140625,1800.1500244140625,1801.9200439453125,629760
1783820100000,1801.5899658203125,1804.699951171875,1801.5899658203125,1804.3900146484375,5836288
1783820400000,1804.0799560546875,1804.6400146484375,1803.7099609375,1804.25,0
1783820700000,1804.56005859375,1804.6199951171875,1803.550048828125,1803.550048828125,18327040
1783821000000,1803.56005859375,1803.5699462890625,1802.6800537109375,1803.010009765625,1528832
1783821300000,1803.030029296875,1803.25,1802.1700439453125,1802.1700439453125,0
1783821600000,1801.8199462890625,1801.8199462890625,1795.68994140625,1795.8199462890625,32543744
1783821900000,1795.6800537109375,1796.4200439453125,1793.8900146484375,1794.1600341796875,0
1783822200000,1793.47998046875,1793.9100341796875,1792.0799560546875,1792.2099609375,0
1783822500000,1792.489990234375,1793.52001953125,1791.3299560546875,1793.1700439453125,7761920
1783822800000,1793.1400146484375,1793.489990234375,1792.1800537109375,1792.5699462890625,78092288
1783823100000,1792.6199951171875,1793.4200439453125,1788.8800048828125,1789.8900146484375,19160576
1783823400000,1789.3599853515625,1792.6800537109375,1789.030029296875,1792.6700439453125,0
1783823700000,1792.6400146484375,1793.989990234375,1792.6400146484375,1792.7099609375,6661632
1783824000000,1792.81005859375,1793.43994140625,1792.6400146484375,1793.050048828125,2697216
1783824300000,1793.0400390625,1794.050048828125,1793.0400390625,1794.02001953125,8557568
1783824600000,1793.8399658203125,1793.8900146484375,1791.9000244140625,1793.8900146484375,25192960
1783824900000,1794.02001953125,1794.949951171875,1793.6500244140625,1794.02001953125,89600
1783825200000,1793.989990234375,1795.5799560546875,1793.0899658203125,1795.5799560546875,0
1783825500000,1795.6800537109375,1796.5799560546875,1795.6800537109375,1796.1700439453125,0
1783825800000,1796.1700439453125,1796.7099609375,1795.9300537109375,1796.6800537109375,7015424
1783826100000,1796.52001953125,1797.1600341796875,1795.9200439453125,1796.5799560546875,0
1783826400000,1796.6700439453125,1797.9599609375,1796.31005859375,1796.9000244140625,0
1783826700000,1796.9000244140625,1796.9000244140625,1795.3399658203125,1795.699951171875,29457408
1783827000000,1796.1500244140625,1796.43994140625,1795.22998046875,1796.1600341796875,0
1783827300000,1796.1700439453125,1796.1700439453125,1795.4000244140625,1795.6600341796875,54734336
1783827600000,1795.6600341796875,1796.4200439453125,1795.6600341796875,1796.0899658203125,0
1783827900000,1796.0899658203125,1797.47998046875,1795.52001953125,1797.47998046875,27365888
1783828200000,1797.239990234375,1797.719970703125,1796.27001953125,1797.239990234375,0
1783828500000,1797.25,1798,1797.0999755859375,1797.699951171875,77745664
1783828800000,1797.3199462890625,1801.18994140625,1797.3199462890625,1799.6600341796875,0
1783829100000,1799.68994140625,1807.199951171875,1799.469970703125,1803.969970703125,0
1783829400000,1803.8399658203125,1807.18994140625,1803.1199951171875,1806.47998046875,20303872
1783829700000,1806.6099853515625,1807.8399658203125,1804.449951171875,1805.3199462890625,6277120
1783830000000,1805.239990234375,1805.239990234375,1803.3599853515625,1803.9000244140625,25990656
1783830300000,1803.6199951171875,1804.0999755859375,1802.77001953125,1802.77001953125,0
1783830600000,1802.77001953125,1804.27001953125,1802.510009765625,1804.2099609375,17606656
1783830900000,1804.219970703125,1804.56005859375,1802.77001953125,1803.1500244140625,538624
1783831200000,1803.1700439453125,1804.1400146484375,1802.719970703125,1803.8499755859375,0
1783831500000,1803.989990234375,1803.989990234375,1802.2900390625,1803.1400146484375,0
1783831800000,1803.449951171875,1803.8299560546875,1802.989990234375,1803.6800537109375,8041472
1783832100000,1803.3699951171875,1804.3499755859375,1803.25,1803.9200439453125,0
1783832400000,1803.93994140625,1804.800048828125,1802.9599609375,1803.1400146484375,0
1783832700000,1803.199951171875,1803.300048828125,1802.52001953125,1802.9000244140625,0
1783833000000,1802.9100341796875,1803.0999755859375,1799.81005859375,1799.81005859375,0
1783833300000,1799.800048828125,1799.8800048828125,1798.5999755859375,1799.47998046875,7455744
1783833600000,1799.47998046875,1799.489990234375,1795.5,1796.2900390625,0
1783833900000,1796.75,1798.9200439453125,1796.5400390625,1798.4300537109375,0
1783834200000,1798.4300537109375,1799.5999755859375,1798.3599853515625,1799.199951171875,35694592
1783834500000,1799.2900390625,1800.5,1799.199951171875,1800.5,197120
1783834800000,1800.469970703125,1803.3599853515625,1800.469970703125,1802.43994140625,4468224
1783835100000,1802.510009765625,1802.8299560546875,1801.449951171875,1801.800048828125,13071360
1783835400000,1801.8199462890625,1802.050048828125,1801.1300048828125,1801.800048828125,0
1783835700000,1801.56005859375,1801.6300048828125,1801.0799560546875,1801.3299560546875,0
1783836000000,1801.3199462890625,1801.3199462890625,1799.8199462890625,1800.1300048828125,0
1783836300000,1800.469970703125,1800.9300537109375,1799.050048828125,1799.1800537109375,0
1783836600000,1798.9000244140625,1800,1798.9000244140625,1799.93994140625,442880
1783836900000,1800,1800,1798.3499755859375,1799.9599609375,0
1783837200000,1799.949951171875,1801.27001953125,1799.8599853515625,1799.8599853515625,0
1783837500000,1799.77001953125,1800.280029296875,1799.3900146484375,1799.5999755859375,57697792
1783837800000,1799.5999755859375,1800.469970703125,1799.280029296875,1800.22998046875,0
1783838100000,1800.27001953125,1800.5999755859375,1799.050048828125,1799.050048828125,309760
1783838400000,1799.0400390625,1799.0400390625,1798.22998046875,1798.8199462890625,0
1783838700000,1798.9100341796875,1798.9100341796875,1797.9200439453125,1797.9200439453125,5911552
1783839000000,1798.219970703125,1800.02001953125,1797.9599609375,1798.1099853515625,0
1783839300000,1798.1199951171875,1798.9599609375,1798.1199951171875,1798.3299560546875,34317312
1783839600000,1798.3299560546875,1799.9000244140625,1797.9599609375,1799.9000244140625,0
1783839900000,1799.780029296875,1800.030029296875,1798.550048828125,1798.8299560546875,5036032
1783840200000,1798.8800048828125,1799.3699951171875,1795.5,1797.25,15635968
1783840500000,1797.5899658203125,1799.75,1797.5899658203125,1799.7099609375,0
1783840800000,1799.6600341796875,1799.6600341796875,1797.3699951171875,1798.3800048828125,6204928
1783841100000,1798.47998046875,1799.9000244140625,1798.47998046875,1799.8499755859375,275456
1783841400000,1800.1199951171875,1802.8399658203125,1800.1199951171875,1802.8399658203125,1761792
1783841700000,1803.1300048828125,1805.47998046875,1803.1300048828125,1803.6300048828125,34936832
1783842000000,1803.9300537109375,1804.8800048828125,1803.4200439453125,1804.800048828125,0
1783842300000,1804.9100341796875,1805.52001953125,1803.8900146484375,1804.030029296875,26878464
1783842600000,1804.199951171875,1804.5400390625,1802.3599853515625,1803.050048828125,0
1783842900000,1803.050048828125,1804,1802.6500244140625,1802.6500244140625,0
1783843200000,1802.260009765625,1803.260009765625,1801.8900146484375,1802.0400390625,7240704
1783843500000,1802.1600341796875,1803.68994140625,1802.1600341796875,1803.6700439453125,10560512
1783843800000,1803.5999755859375,1806.3599853515625,1803.4100341796875,1805.4300537109375,0
1783844100000,1805.760009765625,1806.6300048828125,1804.800048828125,1804.800048828125,32669696
1783844400000,1804.9200439453125,1805.5999755859375,1804.3299560546875,1804.47998046875,0
1783844700000,1804.949951171875,1806.300048828125,1804.550048828125,1806.300048828125,0
1783845000000,1806.2900390625,1806.3599853515625,1804.3299560546875,1804.8900146484375,26506752
1783845300000,1804.800048828125,1805.3800048828125,1804.219970703125,1804.510009765625,0
1783845600000,1804.47998046875,1805.199951171875,1803.8199462890625,1805.199951171875,17315840
1783845900000,1805.18994140625,1807.699951171875,1805.18994140625,1806.6099853515625,7067136
1783846200000,1806.5799560546875,1806.800048828125,1804.5400390625,1806.780029296875,10271744
1783846500000,1806.47998046875,1806.8599853515625,1805.5999755859375,1805.989990234375,0
1783846800000,1805.969970703125,1806.81005859375,1804.2900390625,1806.81005859375,2650112
1783847100000,1806.8499755859375,1807.3199462890625,1805.489990234375,1807.25,1187328
1783847400000,1807.43994140625,1807.739990234375,1806.43994140625,1806.9599609375,3802112
1783847700000,1806.9599609375,1808.1600341796875,1806.0699462890625,1808.0699462890625,0
1783848000000,1808.06005859375,1808.0699462890625,1805.8199462890625,1805.9200439453125,0
1783848300000,1805.9300537109375,1806.800048828125,1805.56005859375,1806.77001953125,21930496
1783848600000,1806.47998046875,1807.0899658203125,1805.5999755859375,1806.719970703125,0
1783848900000,1806.949951171875,1807.9300537109375,1806.780029296875,1806.780029296875,0
1783849200000,1806.780029296875,1807.25,1806.3699951171875,1806.489990234375,16847360
1783849500000,1806.489990234375,1806.9599609375,1804.949951171875,1804.949951171875,29913088
1783849800000,1804.989990234375,1805.81005859375,1804.47998046875,1805.5699462890625,0
1783850100000,1805.5699462890625,1805.6500244140625,1804.800048828125,1804.800048828125,0
1783850400000,1804.989990234375,1805.8900146484375,1804.0400390625,1805.8900146484375,0
1783850700000,1806.02001953125,1806.0400390625,1804.0799560546875,1804.6400146484375,0
1783851000000,1804.6300048828125,1804.739990234375,1803.239990234375,1803.489990234375,0
1783851300000,1803.47998046875,1804.6700439453125,1803.199951171875,1804.280029296875,0
1783851600000,1804.300048828125,1804.5699462890625,1803.969970703125,1804.43994140625,8236032
1783851900000,1804.4599609375,1805.02001953125,1804.0400390625,1804.6300048828125,31363072
1783852200000,1804.6500244140625,1808.1400146484375,1804.6300048828125,1808.1400146484375,0
1783852500000,1807.4300537109375,1807.77001953125,1806.97998046875,1807.3299560546875,44983808
1783852800000,1807.1800537109375,1809.1199951171875,1806.699951171875,1808.4100341796875,0
1783853100000,1808.4000244140625,1816.199951171875,1807.8499755859375,1814.8800048828125,0
1783853400000,1814.739990234375,1820.199951171875,1813.9000244140625,1818.4000244140625,4630528
1783853700000,1818.1300048828125,1819.3199462890625,1817.800048828125,1818.510009765625,78271488
1783854000000,1818.6500244140625,1819.6400146484375,1815.4100341796875,1817.9300537109375,0
1783854300000,1818.010009765625,1822.81005859375,1818.010009765625,1819.6099853515625,2160128
1783854600000,1819.8699951171875,1822.0400390625,1819.68994140625,1820.68994140625,36641792
1783854900000,1820.780029296875,1820.9100341796875,1818.5400390625,1818.5400390625,0
1783855200000,1818.1300048828125,1821.6700439453125,1816.9300537109375,1821.6700439453125,0
1783855500000,1821.739990234375,1824.8399658203125,1820.77001953125,1824.3199462890625,0
1783855800000,1824.550048828125,1825.0899658203125,1819.3199462890625,1819.3199462890625,0
1783856100000,1818.8499755859375,1819.780029296875,1817.8900146484375,1819.550048828125,31257600
1783856400000,1819.7900390625,1821.0999755859375,1819.0400390625,1820.5799560546875,0
1783856700000,1820.5999755859375,1822.56005859375,1820.4200439453125,1822.56005859375,0
1783857000000,1822.9100341796875,1823.8499755859375,1821.510009765625,1821.75,0
1783857300000,1821.300048828125,1821.43994140625,1819.530029296875,1819.9599609375,32527360
1783857600000,1820.1300048828125,1820.4200439453125,1817.9100341796875,1818.4599609375,0
1783857900000,1818.6099853515625,1822.43994140625,1818.6099853515625,1822.3399658203125,0
1783858200000,1822.469970703125,1823.1099853515625,1816.8599853515625,1817.030029296875,0
1783858500000,1817.030029296875,1819.6500244140625,1817.030029296875,1819.1400146484375,86693888
1783858800000,1819.43994140625,1821.989990234375,1819.4000244140625,1821.3599853515625,185344
1783859100000,1821.239990234375,1822.7900390625,1821.030029296875,1821.68994140625,70195712
1783859400000,1821.75,1821.75,1818.0999755859375,1818.7900390625,0
1783859700000,1818.97998046875,1819.489990234375,1817.9599609375,1818.47998046875,0
1783860000000,1818.4000244140625,1819.0699462890625,1818.25,1818.6099853515625,0
1783860300000,1818.9599609375,1820.699951171875,1818.300048828125,1820.3399658203125,0
1783860600000,1820.530029296875,1820.72998046875,1818.27001953125,1819.1700439453125,0
1783860900000,1819.1600341796875,1821.27001953125,1819.0899658203125,1820.75,0
1783861200000,1820.719970703125,1821.239990234375,1819.5699462890625,1819.6800537109375,0
1783861500000,1819.6099853515625,1820.3699951171875,1818.800048828125,1820.3199462890625,20396544
1783861800000,1820.3499755859375,1820.699951171875,1818.8199462890625,1818.8299560546875,0
1783862100000,1818.72998046875,1820,1818.1500244140625,1819.8199462890625,0
1783862400000,1819.9599609375,1820.050048828125,1818.1300048828125,1818.3599853515625,0
1783862700000,1818.280029296875,1818.719970703125,1817.5799560546875,1817.6800537109375,0
1783863000000,1817.6400146484375,1818.75,1817.280029296875,1818.739990234375,0
1783863300000,1818.6700439453125,1819.93994140625,1818.25,1819.5999755859375,1728512
1783863600000,1820,1821.1700439453125,1819.5699462890625,1820.199951171875,0
1783863900000,1820.030029296875,1820.3299560546875,1819.4000244140625,1819.4000244140625,0
1783864200000,1819.3800048828125,1819.800048828125,1814.5799560546875,1815.4000244140625,0
1783864500000,1815.4000244140625,1817.5799560546875,1814.8800048828125,1817.199951171875,29603328
1783864800000,1817.31005859375,1820.010009765625,1817.31005859375,1819.030029296875,0
1783865100000,1819.010009765625,1819.010009765625,1814.7900390625,1814.9300537109375,0
1783865400000,1815.02001953125,1816.4300537109375,1815.02001953125,1816.260009765625,7775744
1783865700000,1816.25,1816.4100341796875,1814.5999755859375,1814.6400146484375,0
1783866000000,1814.8599853515625,1816.5699462890625,1814.0699462890625,1815.4000244140625,0
1783866300000,1815.280029296875,1818.8499755859375,1814.8399658203125,1817.5999755859375,0
1783866600000,1817.6700439453125,1818.47998046875,1817.6500244140625,1817.72998046875,0
1783866900000,1817.6700439453125,1821,1817.6300048828125,1820.3699951171875,0
1783867200000,1820.3699951171875,1821.0899658203125,1819.3299560546875,1820.0799560546875,0
1783867500000,1819.989990234375,1821.25,1819.989990234375,1820.9300537109375,17887232
1783867800000,1820.4000244140625,1820.9200439453125,1820.06005859375,1820.300048828125,0
1783868100000,1820.280029296875,1820.5699462890625,1820.050048828125,1820.4000244140625,0
1783868400000,1820.4300537109375,1821.0400390625,1819.719970703125,1820.5999755859375,0
1783868700000,1820.75,1821.3499755859375,1820.1400146484375,1820.9200439453125,0
1783869000000,1820.9100341796875,1821.8299560546875,1819.800048828125,1819.800048828125,0
1783869300000,1819.6600341796875,1820.3699951171875,1818.97998046875,1818.97998046875,0
1783869600000,1819.3199462890625,1820.3199462890625,1819.31005859375,1820.0400390625,0
1783869900000,1819.97998046875,1820.6300048828125,1819.4300537109375,1820.3800048828125,0
1783870200000,1820.3800048828125,1820.3800048828125,1818.27001953125,1818.8299560546875,0
1783870500000,1818.8199462890625,1819.18994140625,1818.260009765625,1818.77001953125,0
1783870800000,1818.77001953125,1818.77001953125,1817.7900390625,1817.7900390625,0
1783871100000,1817.75,1819.4300537109375,1817.75,1819.4100341796875,0
1783871400000,1819.2099609375,1821.52001953125,1819.2099609375,1821.260009765625,0
1783871700000,1821.239990234375,1821.260009765625,1820.1600341796875,1820.3900146484375,0
1783872000000,1820.489990234375,1821.0699462890625,1818.969970703125,1819.1800537109375,0
1783872300000,1819.1600341796875,1819.260009765625,1818.4300537109375,1818.6400146484375,0
1783872600000,1818.8299560546875,1818.969970703125,1818.3499755859375,1818.469970703125,0
1783872900000,1818.469970703125,1819.52001953125,1817.550048828125,1818.97998046875,2324480
1783873200000,1818.8900146484375,1819.3199462890625,1818.260009765625,1818.3900146484375,0
1783873500000,1818.3900146484375,1818.9599609375,1817.8800048828125,1818.8699951171875,1276416
1783873800000,1818.8699951171875,1819.949951171875,1817.550048828125,1818.6199951171875,0
1783874100000,1818.6199951171875,1820.4100341796875,1818.280029296875,1820.3900146484375,18509824
1783874400000,1820.530029296875,1822.68994140625,1819.489990234375,1822.0999755859375,3312640
1783874700000,1822.0799560546875,1822.449951171875,1820.7099609375,1821.97998046875,3135488
1783875000000,1821.969970703125,1821.97998046875,1820.77001953125,1820.989990234375,49349120
1783875300000,1820.4100341796875,1820.6400146484375,1819.9200439453125,1820.199951171875,2385408
1783875600000,1820.3900146484375,1822.5999755859375,1820.239990234375,1821.8199462890625,0
1783875900000,1821.800048828125,1821.97998046875,1819.4100341796875,1819.6400146484375,0
1783876200000,1819.6300048828125,1820.4200439453125,1818.9200439453125,1818.9200439453125,0
1783876500000,1818.8699951171875,1818.949951171875,1815.0999755859375,1815.0999755859375,5180416
1783876800000,1815.6199951171875,1815.6199951171875,1812.239990234375,1813.3599853515625,0
1783877100000,1813.6199951171875,1814.52001953125,1812.969970703125,1814.18994140625,5708800
1783877400000,1813.81005859375,1813.81005859375,1811.300048828125,1812.47998046875,39822848
1783877700000,1812.469970703125,1813.449951171875,1811.81005859375,1812.72998046875,3318272
1783878000000,1813.0799560546875,1813.0799560546875,1811.3599853515625,1812.0400390625,0
1783878300000,1811.9300537109375,1813.199951171875,1810.6099853515625,1812.3699951171875,717824
1783878600000,1812.530029296875,1812.8299560546875,1810.27001953125,1810.27001953125,0
1783878900000,1810.239990234375,1811.800048828125,1810.239990234375,1811.4000244140625,0
1783879200000,1807.1700439453125,1807.72998046875,1799.9200439453125,1800.739990234375,0
1783879500000,1799.989990234375,1803.5899658203125,1796.75,1802.72998046875,0
1783879800000,1802.1600341796875,1804.3399658203125,1801.199951171875,1801.3900146484375,0
1783880100000,1800.97998046875,1803.6199951171875,1798.1600341796875,1798.2099609375,3883520
1783880400000,1796.6500244140625,1802.52001953125,1796.5400390625,1802.52001953125,155583488
1783880700000,1802.5,1802.52001953125,1800.06005859375,1801.1199951171875,0
1783881000000,1801.3499755859375,1802.7900390625,1800.97998046875,1801.06005859375,0
1783881300000,1801.050048828125,1802.27001953125,1799.2900390625,1801.5400390625,0
1783881600000,1801.5799560546875,1801.6800537109375,1799.8900146484375,1800,0
1783881900000,1799.9599609375,1799.9599609375,1796.75,1798.4100341796875,0
1783882200000,1798.22998046875,1802.6300048828125,1797.969970703125,1802.6300048828125,0
1783882500000,1802.5699462890625,1805.5999755859375,1802.3699951171875,1804.010009765625,0
1783882800000,1803.8299560546875,1803.8299560546875,1800.8399658203125,1801.3699951171875,0
1783883100000,1801.56005859375,1804.199951171875,1800.1800537109375,1800.4100341796875,0
1783883400000,1800.5999755859375,1802.4000244140625,1799.7099609375,1802.050048828125,0
1783883700000,1801.9200439453125,1802.9200439453125,1801.0899658203125,1802.0899658203125,0
1783884000000,1802.010009765625,1803.739990234375,1802.010009765625,1803.4200439453125,23879680
1783884300000,1803.4100341796875,1803.699951171875,1802.18994140625,1803.4599609375,0
1783884600000,1803.5400390625,1807.780029296875,1803.22998046875,1806.969970703125,0
1783884900000,1807.5699462890625,1807.5699462890625,1803.800048828125,1806.1400146484375,0
1783885200000,1806.239990234375,1806.3699951171875,1804.4100341796875,1806.22998046875,0
1783885500000,1806.4100341796875,1806.4100341796875,1803.1099853515625,1804.010009765625,0
1783885800000,1804,1807.4200439453125,1804,1805.3599853515625,0
1783886100000,1805.469970703125,1806.030029296875,1804.6700439453125,1805.510009765625,0
1783886400000,1805.739990234375,1812.1199951171875,1803.1099853515625,1811.9200439453125,0
1783886700000,1811.2900390625,1820.6400146484375,1811.27001953125,1819.6199951171875,0
1783887000000,1820.68994140625,1840.77001953125,1820.3299560546875,1838.25,1019904
1783887300000,1838.6099853515625,1840.8499755859375,1832.3399658203125,1835.1600341796875,0
1783887600000,1835.52001953125,1837.5699462890625,1832.530029296875,1832.8900146484375,0
1783887900000,1832.719970703125,1832.719970703125,1830.010009765625,1830.2900390625,0
1783888200000,1830.68994140625,1831.699951171875,1825.1700439453125,1825.3900146484375,0
1783888500000,1825.47998046875,1826.8800048828125,1811.530029296875,1811.989990234375,13971456
1783888800000,1812.52001953125,1813.43994140625,1806.1199951171875,1813.0400390625,0
1783889100000,1813.5799560546875,1821.5999755859375,1813.5799560546875,1818.969970703125,0
1783889400000,1819.1099853515625,1824.989990234375,1819.1099853515625,1824,0
1783889700000,1823.5,1827.239990234375,1823.4599609375,1825.3299560546875,0
1783890000000,1825.199951171875,1828.199951171875,1823,1823.8900146484375,0
1783890300000,1824.5899658203125,1825.1300048828125,1816.6700439453125,1816.6700439453125,0
1783890600000,1816.199951171875,1822.43994140625,1814.52001953125,1821.3599853515625,0
1783890900000,1821.719970703125,1826.8800048828125,1817.1400146484375,1818.9599609375,0
1783891200000,1819.4000244140625,1819.9300537109375,1816.9300537109375,1816.989990234375,0
1783891500000,1817.5999755859375,1818.0400390625,1813.6700439453125,1815.550048828125,0
1783891800000,1815.3900146484375,1816.6600341796875,1811.4000244140625,1812.2900390625,0
1783892100000,1812.719970703125,1817.8199462890625,1811,1817.8199462890625,0
1783892400000,1817.43994140625,1819.31005859375,1816.300048828125,1817,0
1783892700000,1817.280029296875,1817.280029296875,1810.5,1811.0899658203125,0
1783893000000,1810.6300048828125,1813.6099853515625,1809.3699951171875,1810.5699462890625,0
1783893300000,1810.3199462890625,1810.3199462890625,1804.3299560546875,1805.739990234375,0
1783893600000,1805.77001953125,1806.8399658203125,1802.4000244140625,1802.47998046875,0
1783893900000,1801.81005859375,1805.4000244140625,1798.6300048828125,1801.199951171875,0
1783894200000,1801.030029296875,1801.199951171875,1798.050048828125,1799,0
1783972800000,1775.0899658203125,1775.3800048828125,1772.25,1773.3900146484375,1191089152
1783973100000,1773.4000244140625,1774.510009765625,1771.4100341796875,1774.199951171875,0
1783973400000,1774.72998046875,1779.31005859375,1774.72998046875,1777.969970703125,115608576
1783973700000,1777.300048828125,1777.3299560546875,1775.1099853515625,1775.5999755859375,0
1783974000000,1775.1099853515625,1778.989990234375,1774.5,1777.300048828125,0
1783974300000,1777.6700439453125,1777.6700439453125,1774.510009765625,1776.7099609375,0
1783974600000,1776.989990234375,1781.4100341796875,1776.989990234375,1778.800048828125,339456
1783974900000,1779,1781.3399658203125,1777.8599853515625,1778.4000244140625,0
1783975200000,1778.6500244140625,1780.1099853515625,1776.9000244140625,1777.43994140625,56358912
1783975500000,1777.8900146484375,1779.18994140625,1777.5699462890625,1778.75,2540544
1783975800000,1779,1781.8599853515625,1778.8599853515625,1781.8599853515625,0
1783976100000,1782.0999755859375,1786.449951171875,1782.0999755859375,1784.1800537109375,1502720
1783976400000,1783.4100341796875,1784.219970703125,1782.2099609375,1783.5699462890625,0
1783976700000,1782.6700439453125,1784.6500244140625,1782.0899658203125,1783.3499755859375,28881408
1783977000000,1782.6600341796875,1784.1500244140625,1782.1099853515625,1783.31005859375,0
1783977300000,1783.7900390625,1787.550048828125,1782.47998046875,1786.989990234375,2893312
1783977600000,1786.949951171875,1790.9300537109375,1784.9200439453125,1790.9300537109375,146468352
1783977900000,1790.5,1792.489990234375,1784.4300537109375,1785.6700439453125,0
1783978200000,1785.5999755859375,1786.0999755859375,1783.760009765625,1783.97998046875,0
1783978500000,1784.5899658203125,1784.7900390625,1781.6800537109375,1783.010009765625,0
1783978800000,1783.300048828125,1783.3699951171875,1781.219970703125,1782.22998046875,0
1783979100000,1782.780029296875,1784.1500244140625,1782.0999755859375,1783.5999755859375,0
1783979400000,1783.300048828125,1784.199951171875,1781.72998046875,1783.1199951171875,1475584
1783979700000,1783.1300048828125,1783.6600341796875,1782.6099853515625,1782.949951171875,0
1783980000000,1782.8199462890625,1784.699951171875,1780.8199462890625,1783.93994140625,0
1783980300000,1783.93994140625,1786.989990234375,1783.6500244140625,1784.300048828125,0
1783980600000,1784.0699462890625,1784.0699462890625,1781.239990234375,1781.8900146484375,59536896
1783980900000,1781.8800048828125,1782.8800048828125,1778.5899658203125,1779.4000244140625,0
1783981200000,1779.3599853515625,1779.9300537109375,1777.2099609375,1777.2099609375,0
1783981500000,1777.2099609375,1777.22998046875,1773.239990234375,1776.0400390625,0
1783981800000,1775.989990234375,1778.3900146484375,1775.989990234375,1776.449951171875,0
1783982100000,1776.5,1780.3199462890625,1776.22998046875,1780.22998046875,0
1783982400000,1780.489990234375,1783.68994140625,1780.199951171875,1783.280029296875,0
1783982700000,1783.0400390625,1784.25,1782.3699951171875,1783.1800537109375,6309376
1783983000000,1783.5999755859375,1783.760009765625,1779.81005859375,1779.81005859375,0
1783983300000,1779.81005859375,1781.0799560546875,1779.52001953125,1780.52001953125,0
1783983600000,1780.800048828125,1781.989990234375,1779.300048828125,1779.6300048828125,53910528
1783983900000,1779.8199462890625,1780,1778.7900390625,1778.989990234375,15782912
1783984200000,1778.780029296875,1778.780029296875,1774.0400390625,1774.5,0
1783984500000,1774.5899658203125,1776.0999755859375,1773.699951171875,1775.56005859375,22981120
1783984800000,1775.0899658203125,1775.5400390625,1772.719970703125,1774.2099609375,0
1783985100000,1774.260009765625,1777.9000244140625,1774.260009765625,1777.9000244140625,0
1783985400000,1777.4300537109375,1778.93994140625,1776.800048828125,1777.050048828125,0
1783985700000,1776.9000244140625,1781.5699462890625,1776.9000244140625,1780.5999755859375,57152512
1783986000000,1780.5999755859375,1780.5999755859375,1777.949951171875,1779.3199462890625,0
1783986300000,1778.8299560546875,1781.2900390625,1778.699951171875,1779.800048828125,7263232
1783986600000,1779.800048828125,1781.31005859375,1779.6199951171875,1781.1700439453125,0
1783986900000,1781.1600341796875,1781.9000244140625,1780.4000244140625,1781.8699951171875,0
1783987200000,1781.6300048828125,1784.010009765625,1780.9100341796875,1783.8599853515625,0
1783987500000,1784.0999755859375,1785.780029296875,1781.699951171875,1781.780029296875,9754624
1783987800000,1781.8900146484375,1782.0999755859375,1780.5,1781.93994140625,0
1783988100000,1781.9200439453125,1782.530029296875,1780.3299560546875,1781.719970703125,0
1783988400000,1781.719970703125,1785.0999755859375,1781.7099609375,1784.18994140625,0
1783988700000,1784.260009765625,1786.9000244140625,1784.260009765625,1785.469970703125,0
1783989000000,1785.5,1786.699951171875,1785.0799560546875,1785.6700439453125,4575232
1783989300000,1785.6700439453125,1787.699951171875,1785.1099853515625,1787.6700439453125,0
1783989600000,1787.52001953125,1787.52001953125,1784.1300048828125,1784.1300048828125,0
1783989900000,1784.1300048828125,1784.18994140625,1783.489990234375,1783.8599853515625,26826240
1783990200000,1783.739990234375,1784.1400146484375,1782.8299560546875,1783.9000244140625,0
1783990500000,1783.9100341796875,1784.699951171875,1782.4599609375,1783.719970703125,12800
1783990800000,1783.5999755859375,1785.280029296875,1782.3399658203125,1784.6300048828125,0
1783991100000,1784.5,1790.6800537109375,1784.300048828125,1789.489990234375,0
1783991400000,1789.4100341796875,1789.4100341796875,1787.6700439453125,1787.9000244140625,0
1783991700000,1788.260009765625,1788.3900146484375,1786.3199462890625,1786.949951171875,0
1783992000000,1787.3800048828125,1789.8299560546875,1786.6800537109375,1789.010009765625,0
1783992300000,1788.8499755859375,1789.81005859375,1788.5999755859375,1788.6300048828125,0
1783992600000,1789.22998046875,1790.0400390625,1788.199951171875,1788.199951171875,4355584
1783992900000,1788.4200439453125,1788.9000244140625,1784.469970703125,1784.530029296875,0
1783993200000,1784.6199951171875,1785.2099609375,1783.0999755859375,1785.18994140625,0
1783993500000,1785.2099609375,1785.6800537109375,1784.4000244140625,1785.6099853515625,81822720
1783993800000,1785.6800537109375,1785.6800537109375,1784.800048828125,1785.1099853515625,0
1783994100000,1784.56005859375,1785.300048828125,1784.22998046875,1784.8900146484375,0
1783994400000,1784.5799560546875,1785.1700439453125,1782.780029296875,1783.0799560546875,7562752
1783994700000,1783.5,1783.760009765625,1782.47998046875,1782.699951171875,0
1783995000000,1782.8900146484375,1784.2900390625,1782.81005859375,1783.0899658203125,5689856
1783995300000,1783.1199951171875,1783.8499755859375,1783,1783.6400146484375,0
1783995600000,1783.6500244140625,1785.280029296875,1783.6500244140625,1784.9599609375,18371072
1783995900000,1784.3199462890625,1784.3199462890625,1782.9000244140625,1783.489990234375,0
1783996200000,1783.5,1784.8499755859375,1783.4100341796875,1784.8499755859375,2102272
1783996500000,1784.8599853515625,1785.1600341796875,1782.2900390625,1782.2900390625,221696
1783996800000,1781.699951171875,1782.9000244140625,1781.2099609375,1782.3699951171875,0
1783997100000,1782.3299560546875,1782.56005859375,1781.52001953125,1781.52001953125,0
1783997400000,1781.6099853515625,1782.300048828125,1780.8199462890625,1780.8199462890625,0
1783997700000,1780.3499755859375,1781.3299560546875,1779.4000244140625,1780.9100341796875,0
1783998000000,1780.8800048828125,1781.3599853515625,1779.239990234375,1780.4000244140625,46128128
1783998300000,1780.5999755859375,1781.5400390625,1779.5,1779.989990234375,0
1783998600000,1779.4000244140625,1779.9599609375,1778.6099853515625,1779.9599609375,0
1783998900000,1780.27001953125,1781.6700439453125,1779.6300048828125,1781.5,230400
1783999200000,1781.239990234375,1781.9599609375,1779.6600341796875,1781.280029296875,0
1783999500000,1781.43994140625,1783.81005859375,1781.4100341796875,1783.22998046875,0
1783999800000,1783.199951171875,1783.199951171875,1779.7900390625,1781.72998046875,33747968
1784000100000,1781.72998046875,1781.72998046875,1778.3699951171875,1778.52001953125,0
1784000400000,1778.6199951171875,1779.06005859375,1777.199951171875,1778.5999755859375,23774720
1784000700000,1778.3900146484375,1779.1500244140625,1776.989990234375,1779.1500244140625,0
1784001000000,1779.1600341796875,1780.0999755859375,1778.449951171875,1779.469970703125,1068544
1784001300000,1779.469970703125,1779.469970703125,1778.5899658203125,1778.5899658203125,0
1784001600000,1778.530029296875,1780.0799560546875,1777.4200439453125,1779.8499755859375,0
1784001900000,1780,1780.4300537109375,1777.1600341796875,1777.239990234375,0
1784002200000,1777.1400146484375,1779.6600341796875,1777.050048828125,1779.030029296875,9698304
1784002500000,1779.6199951171875,1781.6400146484375,1779.31005859375,1781.530029296875,0
1784002800000,1781.3599853515625,1782.199951171875,1780.5999755859375,1780.8299560546875,19371520
1784003100000,1780.5400390625,1785.719970703125,1780.5400390625,1784.6300048828125,0
1784003400000,1783.8900146484375,1784.72998046875,1782.6400146484375,1783.989990234375,17032704
1784003700000,1783.7099609375,1787,1783.199951171875,1786.739990234375,0
1784004000000,1786.3199462890625,1787.530029296875,1785.52001953125,1785.780029296875,0
1784004300000,1785.75,1786.0899658203125,1783.3499755859375,1783.6300048828125,0
1784004600000,1783.780029296875,1784.3199462890625,1782.47998046875,1783.6600341796875,0
1784004900000,1783.8599853515625,1784.6800537109375,1783.3699951171875,1783.8900146484375,0
1784005200000,1783.6600341796875,1785.8699951171875,1783.22998046875,1785.8699951171875,0
1784005500000,1786.300048828125,1786.489990234375,1784.949951171875,1785.7900390625,0
1784005800000,1785.68994140625,1786.4100341796875,1785.22998046875,1786.3599853515625,31272448
1784006100000,1786.1600341796875,1787.5799560546875,1784.97998046875,1786.050048828125,0
1784006400000,1786.489990234375,1787.2900390625,1785.239990234375,1786,0
1784006700000,1785.81005859375,1786.47998046875,1785.530029296875,1785.93994140625,5201920
1784007000000,1785.969970703125,1786.3599853515625,1784.1400146484375,1784.1400146484375,0
1784007300000,1784.0699462890625,1784.280029296875,1781.18994140625,1783.780029296875,0
1784007600000,1783.739990234375,1784.3900146484375,1782.989990234375,1783.31005859375,0
1784007900000,1783.1800537109375,1786.9100341796875,1782.699951171875,1783.699951171875,0
1784008200000,1783.6700439453125,1783.6700439453125,1782.3499755859375,1783.219970703125,12216320
1784008500000,1783.3399658203125,1784.3299560546875,1782.56005859375,1784.1099853515625,14137344
1784008800000,1784.3299560546875,1786.93994140625,1784.1400146484375,1786.050048828125,0
1784009100000,1786.4599609375,1789.6600341796875,1786.4200439453125,1789.02001953125,3678720
1784009400000,1788.8699951171875,1789.199951171875,1787.6099853515625,1788.0899658203125,0
1784009700000,1788.0999755859375,1789.1099853515625,1787.5699462890625,1787.760009765625,39697920
1784010000000,1787.5799560546875,1788.52001953125,1786.81005859375,1788.300048828125,0
1784010300000,1788.0999755859375,1788.0999755859375,1785.93994140625,1786.4200439453125,0
1784010600000,1786.3299560546875,1787.800048828125,1784.3299560546875,1785.239990234375,0
1784010900000,1785.239990234375,1791.4200439453125,1785.199951171875,1791.4200439453125,0
1784011200000,1791.43994140625,1793.1199951171875,1790.6300048828125,1792.3499755859375,1398272
1784011500000,1792.3399658203125,1796.7099609375,1791.8900146484375,1796.0699462890625,0
1784011800000,1795.9200439453125,1797.1300048828125,1794.52001953125,1796.02001953125,0
1784012100000,1795.6800537109375,1802.1600341796875,1795.6199951171875,1798.3900146484375,7710208
1784012400000,1798.699951171875,1798.699951171875,1794.050048828125,1794.25,47237120
1784012700000,1794.1800537109375,1795.530029296875,1793.6300048828125,1794.5799560546875,0
1784013000000,1794.5799560546875,1796.7099609375,1793.97998046875,1796.7099609375,0
1784013300000,1796.68994140625,1797.9300537109375,1795.3900146484375,1796.760009765625,0
1784013600000,1796.7900390625,1798.1099853515625,1794.8800048828125,1797.0899658203125,0
1784013900000,1797.030029296875,1800.8699951171875,1796.4000244140625,1798.7900390625,38479872
1784014200000,1798.5999755859375,1798.9200439453125,1797.699951171875,1798.4599609375,620544
1784014500000,1798.469970703125,1798.5799560546875,1795.6099853515625,1795.739990234375,0
1784014800000,1795.760009765625,1797.6400146484375,1795.489990234375,1797.280029296875,39824896
1784015100000,1797.030029296875,1797.1199951171875,1795.68994140625,1796.4200439453125,0
1784015400000,1796.260009765625,1798.0799560546875,1796.260009765625,1797.199951171875,0
1784015700000,1797.6199951171875,1797.8499755859375,1795.8699951171875,1795.9100341796875,0
1784016000000,1796.1300048828125,1796.8299560546875,1795.22998046875,1795.6400146484375,979968
1784016300000,1795.4200439453125,1795.7900390625,1793.1700439453125,1793.199951171875,659456
1784016600000,1793.6099853515625,1794.47998046875,1792.3800048828125,1793.9300537109375,0
1784016900000,1793.9300537109375,1798.27001953125,1793.0999755859375,1798.1800537109375,24995840
1784017200000,1798.3299560546875,1804.31005859375,1797.8399658203125,1804.1400146484375,0
1784017500000,1805.530029296875,1805.530029296875,1796.3499755859375,1799.18994140625,0
1784017800000,1799.52001953125,1823.43994140625,1799.52001953125,1820.6199951171875,0
1784018100000,1820.7900390625,1829.5799560546875,1820.7900390625,1821.6099853515625,0
1784018400000,1821.4300537109375,1824.719970703125,1820.5,1823.3800048828125,0
1784018700000,1825.9200439453125,1849.31005859375,1825.9200439453125,1841.81005859375,0
1784019000000,1841.47998046875,1847.43994140625,1841.47998046875,1845.3199462890625,0
1784019300000,1845.9000244140625,1860.6400146484375,1844.3699951171875,1858.949951171875,3542528
1784019600000,1859.93994140625,1864.0899658203125,1856.3699951171875,1858.6700439453125,70041600
1784019900000,1858.56005859375,1863,1856.02001953125,1856.02001953125,0
1784020200000,1855.260009765625,1857.510009765625,1853.31005859375,1856.8499755859375,0
1784020500000,1857.27001953125,1860.699951171875,1855.1700439453125,1859.93994140625,0
1784020800000,1862.010009765625,1878.8699951171875,1861.989990234375,1877.47998046875,0
1784021100000,1877.5899658203125,1881,1875.800048828125,1878.22998046875,0
1784021400000,1877.3399658203125,1877.3399658203125,1870.469970703125,1871.800048828125,0
1784021700000,1870.739990234375,1877.2099609375,1866.3299560546875,1874.280029296875,22234112
1784022000000,1873.81005859375,1878.3399658203125,1867.9300537109375,1869.4599609375,5242368
1784022300000,1870.280029296875,1873.4100341796875,1863.9000244140625,1869.760009765625,0
1784022600000,1869.4000244140625,1871.010009765625,1865.7099609375,1868.6700439453125,5789184
1784022900000,1868.300048828125,1870.800048828125,1867.43994140625,1869.7900390625,1115136
1784023200000,1870.469970703125,1870.469970703125,1861,1861,178688
1784023500000,1861.6600341796875,1864.0699462890625,1861,1863.030029296875,0
1784023800000,1862.93994140625,1867.3499755859375,1859.760009765625,1867.3499755859375,0
1784024100000,1866.27001953125,1866.27001953125,1858.5,1863.719970703125,2863104
1784024400000,1864.260009765625,1866.8800048828125,1861.8499755859375,1864.9599609375,84571648
1784024700000,1864.3699951171875,1866.1300048828125,1861.8399658203125,1863.6800537109375,0
1784025000000,1863.72998046875,1871.3599853515625,1862.0999755859375,1868.27001953125,0
1784025300000,1868.47998046875,1871.81005859375,1867.300048828125,1870.77001953125,504832
1784025600000,1870.6300048828125,1872.030029296875,1867.800048828125,1868.72998046875,0
1784025900000,1869,1872.0899658203125,1867.8800048828125,1871.22998046875,0
1784026200000,1871.06005859375,1875.6800537109375,1869.4200439453125,1875.3199462890625,59509760
1784026500000,1875.4200439453125,1880,1873.5,1879.550048828125,0
1784026800000,1880.239990234375,1880.239990234375,1874.719970703125,1878.75,0
1784027100000,1877.6500244140625,1878.18994140625,1873.760009765625,1876.8399658203125,0
1784027400000,1876.739990234375,1878.3499755859375,1875.5999755859375,1877.0400390625,0
1784027700000,1877.449951171875,1879.1099853515625,1874.7099609375,1876.3199462890625,0
1784028000000,1876.300048828125,1878.7099609375,1875.510009765625,1875.8299560546875,2278912
1784028300000,1875.989990234375,1882.9000244140625,1875.530029296875,1882.199951171875,8869376
1784028600000,1882.9100341796875,1886.0400390625,1879.27001953125,1881.8900146484375,0
1784028900000,1881.6400146484375,1881.6400146484375,1877.7900390625,1879.18994140625,0
1784029200000,1878.300048828125,1880.8399658203125,1875.510009765625,1879.47998046875,2436608
1784029500000,1879.2900390625,1880.699951171875,1879.030029296875,1880.199951171875,52109312
1784029800000,1880.800048828125,1880.800048828125,1873.1400146484375,1873.3399658203125,0
1784030100000,1873.3599853515625,1875.4100341796875,1871.6400146484375,1873.7099609375,0
1784030400000,1874.3399658203125,1874.6300048828125,1867.5799560546875,1869.969970703125,7556096
1784030700000,1869.8399658203125,1875.1600341796875,1869.8399658203125,1875.02001953125,0
1784031000000,1874.9100341796875,1875.9000244140625,1871.199951171875,1871.469970703125,0
1784031300000,1871.1700439453125,1872.0999755859375,1869.4000244140625,1871.510009765625,0
1784031600000,1871.989990234375,1874.6099853515625,1871.550048828125,1873.800048828125,57111040
1784031900000,1873.800048828125,1875.780029296875,1873.6400146484375,1873.6400146484375,0
1784032200000,1873.5699462890625,1875.760009765625,1872.8800048828125,1874.3800048828125,0
1784032500000,1874.1700439453125,1874.68994140625,1872.7099609375,1873.4000244140625,0
1784032800000,1873.5999755859375,1875.02001953125,1872.1099853515625,1872.1099853515625,0
1784033100000,1872.1800537109375,1873.3800048828125,1871.4000244140625,1871.8199462890625,909312
1784033400000,1872.3599853515625,1875.1300048828125,1872.3599853515625,1872.760009765625,0
1784033700000,1872.949951171875,1873.699951171875,1872.18994140625,1872.6600341796875,469504
1784034000000,1872.199951171875,1872.199951171875,1868.0400390625,1869.3800048828125,0
1784034300000,1869.5,1870.280029296875,1864.3800048828125,1866.5899658203125,2116096
1784034600000,1866.5899658203125,1867.1099853515625,1861.9300537109375,1866.77001953125,0
1784034900000,1866.9100341796875,1868.239990234375,1863.1099853515625,1863.5,0
1784035200000,1863.7099609375,1865.7900390625,1862.9200439453125,1864.9300537109375,0
1784035500000,1864.949951171875,1869.2099609375,1864.3599853515625,1868.6099853515625,937984
1784035800000,1868.4599609375,1869.0699462890625,1865.8199462890625,1866.3399658203125,0
1784036100000,1865.719970703125,1868.02001953125,1864.97998046875,1866.75,5250560
1784036400000,1866.739990234375,1868.050048828125,1866.699951171875,1867.800048828125,25046528
1784036700000,1867.7099609375,1867.7099609375,1865.7099609375,1866.260009765625,0
1784037000000,1866.1400146484375,1869.5799560546875,1866.1400146484375,1869.449951171875,0
1784037300000,1869.449951171875,1871.760009765625,1869.449951171875,1870.510009765625,0
1784037600000,1870.5,1871.3699951171875,1869.219970703125,1870.8399658203125,0
1784037900000,1871.010009765625,1871.010009765625,1868.3199462890625,1868.3699951171875,0
1784038200000,1868.3399658203125,1871.0400390625,1868.3399658203125,1868.9000244140625,3321344
1784038500000,1869.030029296875,1870.199951171875,1869.030029296875,1870.1600341796875,36548608
1784038800000,1869.81005859375,1870.56005859375,1867.3299560546875,1867.8499755859375,7118848
1784039100000,1867.9100341796875,1869.93994140625,1867.7900390625,1869.3299560546875,0
1784039400000,1869.219970703125,1871.8599853515625,1867.780029296875,1871.8599853515625,792064
1784039700000,1872.1600341796875,1874.52001953125,1871.7099609375,1874.1099853515625,0
1784040000000,1874.56005859375,1874.56005859375,1870.6500244140625,1871.9100341796875,23455232
1784040300000,1872.5400390625,1875.81005859375,1872.5400390625,1874.4000244140625,0
1784040600000,1873.72998046875,1874.9000244140625,1872.0899658203125,1873.1800537109375,4259328
1784040900000,1873.3199462890625,1874.1600341796875,1872.6400146484375,1873.4000244140625,0
1784041200000,1873.6600341796875,1875.3299560546875,1873.4599609375,1874.5999755859375,0
1784041500000,1874.5999755859375,1875.1500244140625,1873.4000244140625,1874.449951171875,0
1784041800000,1874.43994140625,1877.06005859375,1873.5699462890625,1876.5400390625,39259136
1784042100000,1876.4300537109375,1876.989990234375,1874.1800537109375,1876.5999755859375,0
1784042400000,1876.3900146484375,1880.280029296875,1876.3199462890625,1877.9000244140625,0
1784042700000,1877.9300537109375,1878.3299560546875,1875.3900146484375,1875.6700439453125,0
1784043000000,1874.699951171875,1875.4200439453125,1874.02001953125,1875.4100341796875,0
1784043300000,1875.27001953125,1876.6800537109375,1874.530029296875,1876.6800537109375,1172480
1784043600000,1876.949951171875,1878.8299560546875,1876.3499755859375,1878.75,6556672
1784043900000,1879.239990234375,1880.22998046875,1878.6300048828125,1879.18994140625,0
1784044200000,1877.97998046875,1879.1500244140625,1877.77001953125,1877.7900390625,41430528
1784044500000,1877.699951171875,1879.199951171875,1874.81005859375,1874.81005859375,5065216
1784044800000,1876.0699462890625,1877.7900390625,1874.7099609375,1874.8499755859375,2395648
1784045100000,1874.75,1875.739990234375,1874.3599853515625,1875.739990234375,0
1784045400000,1875.52001953125,1875.93994140625,1873.989990234375,1873.989990234375,382976
1784045700000,1874.22998046875,1876.0999755859375,1873.8699951171875,1876,0
1784046000000,1875.9200439453125,1876.0400390625,1874.969970703125,1875.6800537109375,16303616
1784046300000,1875.699951171875,1875.8399658203125,1874.530029296875,1875.0400390625,0
1784046600000,1875.219970703125,1876.18994140625,1875.0400390625,1875.8499755859375,44854272
1784046900000,1875.8499755859375,1875.8499755859375,1874.3399658203125,1874.699951171875,0
1784047200000,1874.3399658203125,1874.68994140625,1872.9000244140625,1873.969970703125,0
1784047500000,1873.97998046875,1874.6600341796875,1873.7099609375,1874.0400390625,0
1784047800000,1873.800048828125,1874.5999755859375,1873.4599609375,1874.25,0
1784048100000,1874.3399658203125,1875.489990234375,1873.6400146484375,1874.2099609375,40717312
1784048400000,1874.4100341796875,1874.9300537109375,1873.4300537109375,1874.77001953125,1353728
1784048700000,1875.02001953125,1877.4599609375,1875.02001953125,1876.719970703125,0
1784049000000,1876.699951171875,1877.3800048828125,1876.68994140625,1877.0699462890625,0
1784049300000,1877.239990234375,1877.77001953125,1876.6800537109375,1876.68994140625,5689344
1784049600000,1876.7900390625,1878.5400390625,1876.06005859375,1876.1800537109375,0
1784049900000,1876.06005859375,1877.97998046875,1875.3399658203125,1877.050048828125,0
1784050200000,1877.0400390625,1877.0400390625,1876.1099853515625,1876.3900146484375,0
1784050500000,1876.1199951171875,1876.760009765625,1874.9000244140625,1876.6600341796875,10130432
1784050800000,1875.9599609375,1878.300048828125,1875.25,1875.6099853515625,7592960
1784051100000,1876.449951171875,1877.25,1876.06005859375,1876.239990234375,0
1784051400000,1876.239990234375,1876.5799560546875,1874.1700439453125,1875.4100341796875,0
1784051700000,1875.1600341796875,1875.5,1874.260009765625,1875.469970703125,0
1784052000000,1875.5999755859375,1875.5999755859375,1872.8199462890625,1873.2099609375,0
1784052300000,1873.4000244140625,1875.02001953125,1872.280029296875,1873.0799560546875,279129088
1784052600000,1873.0999755859375,1873.3800048828125,1870.9300537109375,1871.800048828125,683223040
1784052900000,1872.0400390625,1874.6800537109375,1871.4599609375,1874.6800537109375,759840768
1784053200000,1874.93994140625,1883.5999755859375,1874.760009765625,1881.06005859375,991611904
1784053500000,1880.9599609375,1881.3599853515625,1879.1400146484375,1880.4000244140625,0
1784053800000,1880.5999755859375,1894.510009765625,1880.300048828125,1892.5,0
1784054100000,1891.8699951171875,1892.800048828125,1885.010009765625,1885.8499755859375,0
1784054400000,1885.8599853515625,1888.22998046875,1885.1600341796875,1886.1199951171875,500190208
1784054700000,1886.75,1887.6700439453125,1883.5,1883.969970703125,3841075200
1784055000000,1884.27001953125,1884.3699951171875,1882.81005859375,1883.0799560546875,179743744
1784055300000,1883.1400146484375,1883.1400146484375,1880.9000244140625,1880.9000244140625,0
1784055600000,1880.9000244140625,1881.9100341796875,1877.550048828125,1881.02001953125,436253696
1784055900000,1881.260009765625,1884.3800048828125,1881.0999755859375,1882.719970703125,0
1784056200000,1883.02001953125,1887.27001953125,1883.02001953125,1885.3199462890625,27478016
1784056500000,1884.7900390625,1884.7900390625,1882.93994140625,1883.97998046875,0
1784056800000,1883.8399658203125,1884.2099609375,1883.280029296875,1883.7900390625,81188864
1784057100000,1883.7900390625,1885.0699462890625,1882.8399658203125,1884.3699951171875,129888256
1784057400000,1884.530029296875,1884.72998046875,1883.43994140625,1883.81005859375,0
1784057700000,1883.8800048828125,1886.77001953125,1883.8800048828125,1886.510009765625,0
1784058000000,1886.5799560546875,1887.8699951171875,1886.1400146484375,1887.6800537109375,0
1784058300000,1888.06005859375,1890.1099853515625,1888.06005859375,1889.949951171875,98621440
1784058600000,1889.739990234375,1892.0799560546875,1889.239990234375,1890.5799560546875,0
1784058900000,1890.5799560546875,1891.199951171875,1888.8399658203125,1890.510009765625,16411648
1784059200000,1891.050048828125,1892.06005859375,1889.18994140625,1889.2900390625,0
1784059500000,1889.4000244140625,1890.050048828125,1887.300048828125,1888.280029296875,0
1784059800000,1888.280029296875,1888.5999755859375,1885.93994140625,1886.050048828125,0
1784060100000,1886.02001953125,1886.8699951171875,1883.77001953125,1884.199951171875,45385728
1784060400000,1884.010009765625,1884.8699951171875,1879.4000244140625,1880.7099609375,24288256
1784060700000,1880.4100341796875,1880.449951171875,1878.0899658203125,1879.6300048828125,113286144
1784061000000,1879.5999755859375,1879.5999755859375,1876.97998046875,1878.8499755859375,22084608
1784061300000,1879.0899658203125,1879.0899658203125,1876.97998046875,1878.72998046875,0
1784061600000,1878.72998046875,1879.199951171875,1877.1800537109375,1878.239990234375,14944256
1784061900000,1878.7900390625,1881.81005859375,1878.5,1878.97998046875,3146752
1784062200000,1878.43994140625,1880.56005859375,1878.43994140625,1880.56005859375,0
1784062500000,1880.56005859375,1881.1800537109375,1880.1099853515625,1880.3699951171875,0
1784062800000,1880.4000244140625,1880.780029296875,1875.050048828125,1875.9599609375,0
1784063100000,1876.25,1876.5799560546875,1873.800048828125,1874.199951171875,5773312
1784063400000,1874.52001953125,1875.1300048828125,1873.030029296875,1874.5400390625,0
1784063700000,1874.52001953125,1876.050048828125,1872.8800048828125,1873.800048828125,2448384
1784064000000,1874.25,1875.800048828125,1873.27001953125,1875.25,0
1784064300000,1875.4100341796875,1878.239990234375,1875.4100341796875,1877.9100341796875,0
1784064600000,1877.300048828125,1877.8800048828125,1875.25,1875.6400146484375,0
1784064900000,1876.1099853515625,1876.25,1872.8499755859375,1873,0
1784065200000,1872.8900146484375,1872.8900146484375,1867.3199462890625,1868.800048828125,93115392
1784065500000,1869.030029296875,1869.030029296875,1866.219970703125,1867.030029296875,63531008
1784065800000,1866.780029296875,1868.8599853515625,1866.1500244140625,1868.8599853515625,51784704
1784066100000,1868.7900390625,1869.47998046875,1868.2099609375,1869.1300048828125,0
1784066400000,1869.3499755859375,1869.3900146484375,1867.3499755859375,1867.6800537109375,0
1784066700000,1867.9300537109375,1869.300048828125,1866.1800537109375,1869.1700439453125,33850368
1784067000000,1869.0699462890625,1871.2099609375,1869.0699462890625,1869.969970703125,0
1784067300000,1869.989990234375,1869.989990234375,1866.510009765625,1866.780029296875,0
1784067600000,1866.7900390625,1867.5899658203125,1865.8399658203125,1866.1199951171875,0
1784067900000,1866.06005859375,1866.4000244140625,1863.449951171875,1863.5,0
1784068200000,1863.530029296875,1865.3800048828125,1863.530029296875,1864.469970703125,56121344
1784068500000,1864.31005859375,1866.300048828125,1864.31005859375,1865.239990234375,3301376
1784068800000,1865.18994140625,1865.5999755859375,1864.199951171875,1865.5799560546875,1044480
1784069100000,1865.77001953125,1866.3299560546875,1864.7099609375,1864.7099609375,106123264
1784069400000,1865.0699462890625,1865.5,1864.18994140625,1864.699951171875,10136576
1784069700000,1864.699951171875,1865.510009765625,1863.2900390625,1863.52001953125,13832192
1784070000000,1863.52001953125,1866.31005859375,1863.5,1866.1700439453125,21054464
1784070300000,1865.7900390625,1868.75,1865.7900390625,1867.9100341796875,5446656
1784070600000,1867.52001953125,1869.3599853515625,1867.06005859375,1868.6300048828125,0
1784070900000,1869,1869,1867.93994140625,1868.0999755859375,0
1784071200000,1868.3299560546875,1868.8800048828125,1866.760009765625,1867.3299560546875,144302080
1784071500000,1867.43994140625,1867.9000244140625,1866.780029296875,1867.6600341796875,7303168
1784071800000,1867.5,1873.2900390625,1867.5,1872.56005859375,0
1784072100000,1872.56005859375,1872.56005859375,1869.68994140625,1870.030029296875,0
1784072400000,1869.800048828125,1872.7900390625,1868.550048828125,1871.6700439453125,0
1784072700000,1871.4599609375,1872.8800048828125,1870.4000244140625,1872.5999755859375,52889600
1784073000000,1872.77001953125,1877.0999755859375,1872.77001953125,1876.8699951171875,138360832
1784073300000,1876.81005859375,1877.6600341796875,1874.56005859375,1874.93994140625,0
1784073600000,1874.7099609375,1875.760009765625,1874.0799560546875,1874.52001953125,14824448
1784073900000,1874.469970703125,1876.3199462890625,1874.469970703125,1874.800048828125,36841472
1784074200000,1874.8800048828125,1878.3299560546875,1874.800048828125,1875.5,0
1784074500000,1875.3699951171875,1876.6800537109375,1874.5799560546875,1874.5799560546875,23383040
1784074800000,1874.5799560546875,1876.3199462890625,1874.5799560546875,1875.43994140625,4947968
1784075100000,1875.449951171875,1876.300048828125,1874.0799560546875,1874.0799560546875,21002240
1784075400000,1873.6500244140625,1875.25,1872.1800537109375,1874.530029296875,0
1784075700000,1874.4300537109375,1877.1300048828125,1874.25,1876,9841664
1784076000000,1875.8499755859375,1876.780029296875,1875.5899658203125,1876.3399658203125,0
1784076300000,1876.6600341796875,1878.6199951171875,1876.22998046875,1876.22998046875,0
1784076600000,1876.300048828125,1877.75,1875.68994140625,1876.22998046875,27423744
1784076900000,1876.06005859375,1876.06005859375,1873.75,1875,8998912
1784077200000,1875.6800537109375,1877.1199951171875,1874.3399658203125,1874.9100341796875,0
1784077500000,1875.06005859375,1875.06005859375,1871.760009765625,1873.6500244140625,0
1784077800000,1873.7099609375,1873.8900146484375,1870.5,1871.0999755859375,0
1784078100000,1870.9000244140625,1873,1870.8399658203125,1872.760009765625,29528064
1784078400000,1872.6400146484375,1872.969970703125,1871.260009765625,1871.739990234375,76868608
1784078700000,1870.97998046875,1871.989990234375,1870.9200439453125,1871.1099853515625,12342272
1784079000000,1871.0400390625,1873.8900146484375,1871.030029296875,1873.8900146484375,0
1784079300000,1873.5,1874.780029296875,1873.27001953125,1873.280029296875,0
1784079600000,1873.2900390625,1873.699951171875,1872.4000244140625,1872.8499755859375,0
1784079900000,1872.7900390625,1875.6600341796875,1872.5400390625,1875.43994140625,8472576
1784080200000,1875.43994140625,1877.5999755859375,1875.3499755859375,1877.31005859375,0
1784080500000,1877.0999755859375,1881.719970703125,1876.6800537109375,1880.72998046875,3694592
1784080800000,1881.3299560546875,1883.18994140625,1880.3900146484375,1881.9200439453125,22277120
1784081100000,1881.8599853515625,1888.18994140625,1881.0999755859375,1887.0999755859375,63081472
1784081400000,1887.06005859375,1888.2900390625,1885.9000244140625,1887.43994140625,0
1784081700000,1887.5999755859375,1887.5999755859375,1884.7900390625,1885.4200439453125,273108992
1784082000000,1885.75,1886.3900146484375,1885.0799560546875,1885.68994140625,27425792
1784082300000,1885.72998046875,1885.75,1884.0400390625,1884.510009765625,5131264
1784082600000,1884.75,1889.18994140625,1883.4100341796875,1888.8399658203125,0
1784082900000,1890,1890.4100341796875,1883.0699462890625,1883.0699462890625,37664768
1784083200000,1883.18994140625,1884.5999755859375,1882.699951171875,1884.06005859375,0
1784083500000,1883.6099853515625,1884.25,1881.239990234375,1881.760009765625,7600128
1784083800000,1881.9000244140625,1881.989990234375,1880.030029296875,1880.3299560546875,17807360
1784084100000,1880.3299560546875,1881.25,1874.52001953125,1874.5999755859375,0
1784084400000,1874.699951171875,1874.8900146484375,1871.969970703125,1874.800048828125,0
1784084700000,1874.489990234375,1874.9000244140625,1872.8900146484375,1874.3399658203125,420738048
1784085000000,1874.530029296875,1875.6500244140625,1874.1500244140625,1875.43994140625,0
1784085300000,1875.68994140625,1876,1873.25,1873.4200439453125,0
1784085600000,1873.4200439453125,1873.52001953125,1868.030029296875,1869.4000244140625,17783808
1784085900000,1869.6199951171875,1869.6199951171875,1863.510009765625,1865.030029296875,20799488
1784086200000,1864.8399658203125,1867,1864.6700439453125,1865.949951171875,0
1784086500000,1866.1099853515625,1867.989990234375,1865.8199462890625,1866.6600341796875,44349440
1784086800000,1866.9100341796875,1868.6600341796875,1866.6400146484375,1868.6600341796875,128114688
1784087100000,1868.239990234375,1870.050048828125,1867.47998046875,1869.81005859375,0
1784087400000,1869.8699951171875,1870.010009765625,1868.6600341796875,1869.1600341796875,137662464
1784087700000,1869.219970703125,1869.260009765625,1868.4300537109375,1868.9200439453125,0
1784088000000,1869.4000244140625,1873.6800537109375,1868.9100341796875,1873.3199462890625,0
1784088300000,1873.3699951171875,1873.47998046875,1870.6700439453125,1871.2099609375,0
1784088600000,1870.989990234375,1873.06005859375,1870.93994140625,1872.6400146484375,149579776
1784088900000,1872.5999755859375,1873.8399658203125,1872.3299560546875,1872.510009765625,0
1784089200000,1872.510009765625,1872.699951171875,1871.239990234375,1872.1099853515625,60807168
1784089500000,1872.1300048828125,1873.8499755859375,1872.1300048828125,1873.0899658203125,0
1784089800000,1873.1800537109375,1874.1400146484375,1872.3199462890625,1872.97998046875,0
1784090100000,1873.1800537109375,1874.72998046875,1871.97998046875,1874.72998046875,0
1784090400000,1874.739990234375,1876.469970703125,1874.199951171875,1876.469970703125,17750016
1784090700000,1876.699951171875,1877.699951171875,1875.18994140625,1876,0
1784091000000,1876.010009765625,1876.9300537109375,1875.6800537109375,1876.280029296875,1397760
1784091300000,1876.3199462890625,1878.56005859375,1876.06005859375,1878.0999755859375,0
1784091600000,1878.06005859375,1880.4000244140625,1878.06005859375,1880.1700439453125,79195136
1784091900000,1880.239990234375,1881.5899658203125,1879.56005859375,1881.43994140625,34742272
1784092200000,1881.77001953125,1884.8800048828125,1881.77001953125,1881.780029296875,27678720
1784092500000,1881.77001953125,1884.3299560546875,1881.550048828125,1883.5400390625,0
1784092800000,1883.969970703125,1885.25,1882.0400390625,1883.47998046875,0
1784093100000,1883.25,1883.25,1881.699951171875,1881.699951171875,248416256
1784093400000,1881.699951171875,1881.7099609375,1879.02001953125,1879.4599609375,0
1784093700000,1879.4300537109375,1880.219970703125,1878.280029296875,1879.469970703125,310957056
1784094000000,1879.25,1879.4599609375,1878.25,1879.4000244140625,100558848
1784094300000,1879.199951171875,1881.1099853515625,1879.1099853515625,1881.1099853515625,23227392
1784094600000,1881.2099609375,1881.3299560546875,1879.239990234375,1879.699951171875,36720640
1784094900000,1879.699951171875,1879.699951171875,1878.0899658203125,1878.5999755859375,0
1784095200000,1878.3499755859375,1882.0699462890625,1878.3499755859375,1881.8900146484375,0
1784095500000,1881.7900390625,1884.8900146484375,1881.699951171875,1883.8499755859375,0
1784095800000,1883.68994140625,1883.75,1882.3299560546875,1882.4599609375,0
1784096100000,1882.56005859375,1883.1600341796875,1881.52001953125,1881.52001953125,87563264
1784096400000,1882.260009765625,1882.5400390625,1877.8199462890625,1878.47998046875,2587648
1784096700000,1878.5799560546875,1879.02001953125,1874.300048828125,1875.27001953125,20897792
1784097000000,1875.43994140625,1876.0899658203125,1874.81005859375,1874.81005859375,125353984
1784097300000,1874.760009765625,1877.4300537109375,1873.800048828125,1877.25,0
1784097600000,1877.1099853515625,1877.2900390625,1876.300048828125,1876.3800048828125,45562880
1784097900000,1876.3599853515625,1878.31005859375,1875.949951171875,1878.1199951171875,0
1784098200000,1878.22998046875,1878.5699462890625,1875.8800048828125,1876,0
1784098500000,1876.3900146484375,1877.1700439453125,1875.5400390625,1876.75,5298176
1784098800000,1876.739990234375,1879.6700439453125,1876.489990234375,1878.68994140625,0
1784099100000,1878.9000244140625,1880.3399658203125,1878.5899658203125,1880.3399658203125,0
1784099400000,1880.510009765625,1880.8800048828125,1879.6800537109375,1880.3800048828125,105728000
1784099700000,1881.030029296875,1881.050048828125,1877.9300537109375,1877.9300537109375,0
1784100000000,1877.5999755859375,1879.72998046875,1876.8900146484375,1876.8900146484375,0
1784100300000,1876.739990234375,1877.81005859375,1876.5,1877.02001953125,0
1784100600000,1877.02001953125,1879.9000244140625,1877.02001953125,1879.1600341796875,0
1784100900000,1879.4599609375,1880.5400390625,1878.9200439453125,1880.02001953125,0
1784101200000,1880.1800537109375,1880.43994140625,1877.68994140625,1880.02001953125,5742592
1784101500000,1880.0699462890625,1880.47998046875,1879.4200439453125,1879.8399658203125,116754432
1784101800000,1880.010009765625,1882.6800537109375,1879.81005859375,1881.81005859375,15671296
1784102100000,1881.550048828125,1884.3599853515625,1881.3599853515625,1883.0899658203125,35618816
1784102400000,1882.97998046875,1883.300048828125,1881.2900390625,1881.5799560546875,0
1784102700000,1881.260009765625,1881.550048828125,1877.699951171875,1880.8900146484375,0
1784103000000,1881.1099853515625,1882.949951171875,1879.1700439453125,1881.8599853515625,0
1784103300000,1883.1199951171875,1883.1199951171875,1881.8399658203125,1882.4599609375,93310976
1784103600000,1882.219970703125,1882.219970703125,1878.5899658203125,1879.780029296875,0
1784103900000,1879.9200439453125,1883.9000244140625,1879.3599853515625,1883.9000244140625,0
1784104200000,1886.800048828125,1891.699951171875,1886.800048828125,1888.260009765625,0
1784104500000,1888,1894.1700439453125,1886.6400146484375,1893,0
1784104800000,1893.1099853515625,1894.6099853515625,1889.5899658203125,1891.199951171875,45848576
1784105100000,1891.1600341796875,1905.5699462890625,1890.3599853515625,1904.3299560546875,0
1784105400000,1903.1199951171875,1927.43994140625,1902.9200439453125,1927.43994140625,0
1784105700000,1927.0799560546875,1927.0799560546875,1922.010009765625,1925.6099853515625,199405568
1784106000000,1927.4000244140625,1942.5999755859375,1926.18994140625,1935.699951171875,0
1784106300000,1935.4000244140625,1937.5999755859375,1930.6099853515625,1930.8800048828125,124577792
1784106600000,1930.800048828125,1938.22998046875,1930.510009765625,1937.4599609375,229385216
1784106900000,1936.5,1940.699951171875,1934.2099609375,1938.68994140625,0
1784107200000,1938.8399658203125,1944.300048828125,1935.989990234375,1938.0999755859375,0
1784107500000,1934.8199462890625,1935.4200439453125,1930.8800048828125,1935.0400390625,0
1784107800000,1934.5699462890625,1940.760009765625,1933.0400390625,1939,0
1784108100000,1939.5999755859375,1940.510009765625,1934.7099609375,1935.9200439453125,0
1784108400000,1936.0400390625,1936.8800048828125,1929.5999755859375,1932.3299560546875,0
1784108700000,1931.9000244140625,1931.9000244140625,1916.0899658203125,1919.010009765625,178384896
1784109000000,1919.5,1920.489990234375,1915.4300537109375,1920.489990234375,0
1784109300000,1920.5400390625,1924.219970703125,1918.8900146484375,1924.1099853515625,104316928
1784109600000,1925.1099853515625,1930.219970703125,1923.75,1927.449951171875,0
1784109900000,1927.5999755859375,1931.699951171875,1926.0799560546875,1928.6500244140625,0
1784110200000,1928.9599609375,1933.5799560546875,1927.6500244140625,1927.6500244140625,201529344
1784110500000,1927,1930.2900390625,1925.6199951171875,1929.300048828125,0
1784110800000,1929.2900390625,1929.2900390625,1920.8299560546875,1922.3599853515625,0
1784111100000,1921.75,1929.1700439453125,1917.52001953125,1927.3199462890625,99019776
1784111400000,1928.010009765625,1931.9300537109375,1925.4200439453125,1931.5699462890625,74041344
1784111700000,1931.050048828125,1932.9300537109375,1926.4599609375,1926.6700439453125,0
1784112000000,1925.8800048828125,1928.4599609375,1924.3699951171875,1926.300048828125,37473280
1784112300000,1926.260009765625,1929.449951171875,1922.9300537109375,1929.449951171875,0
1784112600000,1928.5799560546875,1930.9100341796875,1927.199951171875,1930.9100341796875,119142400
1784112900000,1931.06005859375,1932.4000244140625,1927.7099609375,1931.3599853515625,0
1784113200000,1931.68994140625,1931.760009765625,1927.2099609375,1928.5,0
1784113500000,1928.8399658203125,1935.3199462890625,1928.8399658203125,1932.4300537109375,0
1784113800000,1932.260009765625,1933.25,1928.510009765625,1928.81005859375,0
1784114100000,1928.7099609375,1930.800048828125,1925,1930.800048828125,0
1784114400000,1930.8599853515625,1930.8599853515625,1924,1927,566673408
1784114700000,1927.199951171875,1930.550048828125,1926.3199462890625,1930.0400390625,0
1784115000000,1929.9599609375,1931.7099609375,1926.800048828125,1930.0699462890625,75499520
1784115300000,1930.8900146484375,1934.0999755859375,1929.9599609375,1933.4599609375,0
1784115600000,1934.3499755859375,1934.3499755859375,1931.1600341796875,1932.489990234375,2515968
1784115900000,1932.449951171875,1933.469970703125,1930.699951171875,1932.93994140625,559104
1784116200000,1932.550048828125,1934.449951171875,1929.3199462890625,1931.050048828125,0
1784116500000,1930.719970703125,1931.489990234375,1928.9000244140625,1930,7220224
1784116800000,1930.52001953125,1930.81005859375,1922.3699951171875,1924.739990234375,0
1784117100000,1923.280029296875,1924.4300537109375,1919.1700439453125,1921.4100341796875,0
1784117400000,1921.2099609375,1922.3499755859375,1917.02001953125,1917.02001953125,27561984
1784117700000,1916.8599853515625,1920,1916.8599853515625,1919.3900146484375,30920704
1784118000000,1919.199951171875,1919.25,1913.1300048828125,1917.52001953125,51661824
1784118300000,1917.219970703125,1920.8599853515625,1916.4300537109375,1920.8599853515625,35290112
1784118600000,1920.489990234375,1921.0400390625,1912.6800537109375,1912.9599609375,0
1784118900000,1912.0699462890625,1912.219970703125,1902.800048828125,1907.2900390625,26665984
1784119200000,1906.5799560546875,1910.25,1905.72998046875,1910.25,51866624
1784119500000,1909.780029296875,1915.6400146484375,1909.0999755859375,1913.7900390625,46230528
1784119800000,1913.780029296875,1916.719970703125,1913,1915.5999755859375,123665408
1784120100000,1915.800048828125,1919.199951171875,1914.8800048828125,1917.6099853515625,100783104
1784120400000,1918.1800537109375,1921.1099853515625,1918.1700439453125,1920.1600341796875,0
1784120700000,1920.3599853515625,1923.199951171875,1919.949951171875,1922.300048828125,0
1784121000000,1921.75,1922.27001953125,1918.18994140625,1918.72998046875,0
1784121300000,1919.06005859375,1922.3499755859375,1918.8599853515625,1919.6800537109375,0
1784121600000,1919.8499755859375,1922.8699951171875,1919.75,1921.6700439453125,0
1784121900000,1921.8699951171875,1922.56005859375,1919.3900146484375,1921.699951171875,59488256
1784122200000,1921.6800537109375,1924.5799560546875,1921.1199951171875,1921.1199951171875,0
1784122500000,1921.3800048828125,1922.25,1920.0999755859375,1921.5699462890625,6000640
1784122800000,1922.06005859375,1924,1920.4100341796875,1923.8699951171875,26639360
1784123100000,1923.77001953125,1929.239990234375,1921.010009765625,1923.469970703125,982016
1784123400000,1923.5,1926.760009765625,1922.969970703125,1925.6700439453125,0
1784123700000,1925.699951171875,1926.8699951171875,1925.22998046875,1926.6500244140625,14784512
1784124000000,1926.0799560546875,1928.3199462890625,1926.0799560546875,1927.3499755859375,143912960
1784124300000,1926.3900146484375,1928.5899658203125,1926.3199462890625,1928.5400390625,26193920
1784124600000,1928.3599853515625,1935.3199462890625,1928.3599853515625,1933.9100341796875,21517312
1784124900000,1934.260009765625,1934.260009765625,1928.530029296875,1929.43994140625,0
1784125200000,1929.0799560546875,1930.18994140625,1928.6300048828125,1929.3599853515625,82150400
1784125500000,1929.27001953125,1930.8599853515625,1928.0999755859375,1929.9000244140625,81580032
1784125800000,1929.800048828125,1934,1929.239990234375,1932.0799560546875,17068032
1784126100000,1931.800048828125,1931.800048828125,1929.1800537109375,1929.43994140625,35099648
1784126400000,1929.3399658203125,1929.8299560546875,1926.93994140625,1926.93994140625,454656
1784126700000,1926.56005859375,1928.3299560546875,1926.5,1927.280029296875,0
1784127000000,1926.780029296875,1927.22998046875,1922.4000244140625,1922.47998046875,57417728
1784127300000,1922.3800048828125,1923.489990234375,1921.199951171875,1922.9100341796875,10321920
1784127600000,1923.030029296875,1927.8199462890625,1922.25,1927.0899658203125,0
1784127900000,1927.1300048828125,1927.1600341796875,1923.9599609375,1924.4000244140625,23757824
1784128200000,1924.5799560546875,1926.1600341796875,1924.47998046875,1925.199951171875,0
1784128500000,1925.239990234375,1925.239990234375,1920.4200439453125,1921.02001953125,43259904
1784128800000,1920.5,1922.81005859375,1918.0799560546875,1921.02001953125,194762752
1784129100000,1920.8199462890625,1923.4300537109375,1920.3599853515625,1923.010009765625,0
1784129400000,1923.27001953125,1926.5,1922.9100341796875,1923.6800537109375,0
1784129700000,1922.9200439453125,1924.56005859375,1921.949951171875,1924.5,110237696
1784130000000,1924.5,1926.8699951171875,1924.5,1926.8699951171875,18567168
1784130300000,1926.43994140625,1926.9599609375,1924.2900390625,1924.2900390625,0
1784130600000,1925.3699951171875,1925.3699951171875,1921.6600341796875,1923.5699462890625,0
1784130900000,1923.6400146484375,1925.6400146484375,1921.72998046875,1922.050048828125,41248768
1784131200000,1923.1199951171875,1923.1199951171875,1920.31005859375,1921,78141440
1784131500000,1920.4599609375,1923.260009765625,1919.68994140625,1919.68994140625,0
1784131800000,1919.97998046875,1922.3299560546875,1919.97998046875,1921.719970703125,0
1784132100000,1921.739990234375,1924.56005859375,1921.699951171875,1924.56005859375,0
1784132400000,1924.4599609375,1926.06005859375,1924.02001953125,1924.3900146484375,16873472
1784132700000,1924.449951171875,1925.469970703125,1924,1925.3599853515625,0
1784133000000,1925.77001953125,1929.1400146484375,1925.43994140625,1926.0999755859375,0
1784133300000,1926.1600341796875,1926.1600341796875,1924.8699951171875,1925.77001953125,0
1784133600000,1925.780029296875,1927.1199951171875,1924.1300048828125,1924.3499755859375,0
1784133900000,1924.239990234375,1924.6400146484375,1923.3399658203125,1923.550048828125,0
1784134200000,1923.5400390625,1923.989990234375,1922.8499755859375,1923.4100341796875,0
1784134500000,1923.25,1923.5699462890625,1922.469970703125,1922.469970703125,0
1784134800000,1922.2099609375,1924.780029296875,1922.2099609375,1924.6700439453125,8921088
1784135100000,1922.6300048828125,1924.3599853515625,1922.6300048828125,1923.81005859375,0
1784135400000,1923.199951171875,1923.530029296875,1920.489990234375,1922.68994140625,0
1784135700000,1922.02001953125,1923.239990234375,1921.5899658203125,1921.6500244140625,0
1784136000000,1921.77001953125,1924.0699462890625,1921.77001953125,1923.97998046875,0
1784136300000,1924.1199951171875,1924.56005859375,1922.5799560546875,1922.780029296875,0
1784136600000,1922.5899658203125,1922.8800048828125,1919.719970703125,1920.050048828125,78362624
1784136900000,1919.489990234375,1921.030029296875,1918.72998046875,1919.5899658203125,0
1784137200000,1919.93994140625,1921.0400390625,1919.0400390625,1919.3800048828125,0
1784137500000,1919.780029296875,1920.8499755859375,1919.0699462890625,1919.93994140625,22389760
1784137800000,1919.8399658203125,1920.9200439453125,1919.030029296875,1920.81005859375,0
1784138100000,1920.81005859375,1921.18994140625,1919.719970703125,1921.050048828125,0
1784138400000,1920.489990234375,1923.199951171875,1917.3800048828125,1921.3800048828125,0
1784138700000,1921.3900146484375,1922.6800537109375,1920.0999755859375,1921.489990234375,0
1784139000000,1921.489990234375,1922.7900390625,1919.3900146484375,1919.4000244140625,0
1784139300000,1919.22998046875,1920.489990234375,1918.0799560546875,1919.4000244140625,0
1784139600000,1918.989990234375,1919.8299560546875,1918.300048828125,1919.719970703125,0
1784139900000,1919.72998046875,1923.1199951171875,1919.699951171875,1923.1199951171875,0
1784140200000,1923.239990234375,1925.1400146484375,1922.699951171875,1922.7099609375,0
1784140500000,1922.7099609375,1924.8399658203125,1922.0999755859375,1923.300048828125,0
1784140800000,1923.489990234375,1923.489990234375,1921.719970703125,1922.4200439453125,0
1784141100000,1922.280029296875,1925.4100341796875,1922.280029296875,1923.510009765625,32930816
1784141400000,1923.1500244140625,1928.199951171875,1922.010009765625,1922.0799560546875,0
1784141700000,1922.0799560546875,1922.469970703125,1920.72998046875,1922.25,0
1784142000000,1922.4100341796875,1925.989990234375,1922.1700439453125,1924.75,0
1784142300000,1925.0400390625,1925.550048828125,1923.800048828125,1924.8800048828125,0
1784142600000,1924.8900146484375,1925.8800048828125,1924.02001953125,1924.219970703125,0
1784142900000,1924.22998046875,1924.3399658203125,1922.1500244140625,1923.6700439453125,86000640
1784143200000,1923.5799560546875,1924.199951171875,1920.5,1921.1400146484375,0
1784143500000,1921.1800537109375,1921.300048828125,1919.969970703125,1920.6700439453125,0
1784143800000,1920.6600341796875,1921.9200439453125,1919.989990234375,1920.8299560546875,0
1784144100000,1920.8299560546875,1920.8299560546875,1918.739990234375,1918.780029296875,0
1784144400000,1918.6199951171875,1918.989990234375,1914.18994140625,1914.6300048828125,0
1784144700000,1914.5,1916.0400390625,1914,1915.550048828125,0
1784145000000,1915.3199462890625,1918.8199462890625,1915.3199462890625,1918.6199951171875,8247296
1784145300000,1918.72998046875,1918.72998046875,1916.4100341796875,1916.760009765625,0
1784145600000,1916.27001953125,1920.9000244140625,1916.27001953125,1920.3699951171875,0
1784145900000,1920.9200439453125,1922.1500244140625,1918.949951171875,1921.93994140625,0
1784146200000,1921.81005859375,1923.27001953125,1921.0400390625,1923.1400146484375,0
1784146500000,1922.97998046875,1923.81005859375,1918.219970703125,1918.5899658203125,0
1784146800000,1918.199951171875,1918.199951171875,1915.3299560546875,1915.469970703125,0
1784147100000,1914.5999755859375,1916.6199951171875,1913.31005859375,1914.449951171875,0
1784147400000,1915.2099609375,1916.1500244140625,1913.06005859375,1915.8399658203125,0
1784147700000,1914.77001953125,1915.5400390625,1911.9200439453125,1912.1300048828125,11325440
1784148000000,1912.52001953125,1913.1800537109375,1910.5,1911.3299560546875,0
1784148300000,1911.4599609375,1914.2099609375,1910.31005859375,1914.2099609375,0
1784148600000,1914.550048828125,1917.1800537109375,1913.8900146484375,1915.8800048828125,0
1784148900000,1915.5999755859375,1915.5999755859375,1913.5400390625,1913.5999755859375,0
1784149200000,1914.1099853515625,1914.81005859375,1912.3599853515625,1914.47998046875,8426496
1784149500000,1914.280029296875,1917.0699462890625,1914.280029296875,1915.719970703125,0
1784149800000,1915.719970703125,1916.31005859375,1912.5699462890625,1913.2099609375,0
1784150100000,1913.1600341796875,1913.6700439453125,1907.5999755859375,1907.760009765625,0
1784150400000,1907.18994140625,1912.3399658203125,1907.18994140625,1911.780029296875,1511424
1784150700000,1912.02001953125,1915.5699462890625,1911.780029296875,1913.1400146484375,0
1784151000000,1913.77001953125,1915.8599853515625,1913.239990234375,1915.8599853515625,0
1784151300000,1915.8699951171875,1919.81005859375,1915.8699951171875,1919.4100341796875,0
1784151600000,1919.199951171875,1920.31005859375,1915.800048828125,1915.81005859375,0
1784151900000,1915.800048828125,1921.699951171875,1915.800048828125,1921.699951171875,0
1784152200000,1921.699951171875,1924.5,1921.5799560546875,1922.8599853515625,0
1784152500000,1922.739990234375,1923.9599609375,1921.3900146484375,1921.4000244140625,0
1784152800000,1921.199951171875,1921.52001953125,1919.8299560546875,1920.2099609375,0
1784153100000,1920.2900390625,1921.0799560546875,1919.449951171875,1919.449951171875,0
1784153400000,1919.469970703125,1919.9100341796875,1918.739990234375,1919.300048828125,109404160
1784153700000,1919.300048828125,1920.739990234375,1917.75,1920.739990234375,0
1784154000000,1920.800048828125,1921.739990234375,1918.6400146484375,1921.6800537109375,7500800
1784154300000,1921.56005859375,1922.25,1920.199951171875,1921,0
1784154600000,1921.0400390625,1921.260009765625,1919.4000244140625,1920.1600341796875,0
1784154900000,1920.2099609375,1922.1300048828125,1919.949951171875,1919.949951171875,0
1784155200000,1919.489990234375,1920.6400146484375,1919.2900390625,1920.6099853515625,29217792
1784155500000,1920.81005859375,1924.22998046875,1920.510009765625,1923.050048828125,0
1784155800000,1922.510009765625,1923.6600341796875,1922.030029296875,1923.6600341796875,0
1784156100000,1923.780029296875,1924.699951171875,1922.800048828125,1923.8900146484375,50412544
1784156400000,1923.8900146484375,1925.199951171875,1922.6800537109375,1922.6800537109375,0
1784156700000,1922.3599853515625,1924.56005859375,1922.31005859375,1924.56005859375,0
1784157000000,1924.3599853515625,1927.6700439453125,1924.1300048828125,1925.3499755859375,0
1784157300000,1925.3299560546875,1925.43994140625,1921.6099853515625,1922.510009765625,39277568
1784157600000,1922.6500244140625,1924.3399658203125,1921.93994140625,1922.2099609375,0
1784157900000,1922.8599853515625,1924.3299560546875,1922.5799560546875,1924.3299560546875,15662080
1784158200000,1923.8399658203125,1925.3800048828125,1923.2900390625,1924.300048828125,41184256
1784158500000,1924.1199951171875,1925.3499755859375,1922.5899658203125,1922.72998046875,0
1784158800000,1922.72998046875,1923.3499755859375,1920.8900146484375,1921.3599853515625,92398592
1784159100000,1921.3599853515625,1921.3699951171875,1915.530029296875,1915.949951171875,0
1784159400000,1916,1917.4300537109375,1916,1917.3399658203125,0
1784159700000,1917.3399658203125,1917.52001953125,1916.760009765625,1917.47998046875,2420736
1784160000000,1917.469970703125,1917.9200439453125,1916.5400390625,1916.9000244140625,68332544
1784160300000,1916.969970703125,1917.3599853515625,1914.81005859375,1914.8699951171875,913408
1784160600000,1915.3199462890625,1919.6099853515625,1915.3199462890625,1918.4000244140625,0
1784160900000,1918.1800537109375,1918.1800537109375,1914.1099853515625,1914.8399658203125,0
1784161200000,1914.8399658203125,1915.2099609375,1912.8299560546875,1914.800048828125,101452800
1784161500000,1915.0999755859375,1917.699951171875,1915,1917.699951171875,6827008
1784161800000,1917.6700439453125,1919.0400390625,1916.489990234375,1917.52001953125,0
1784162100000,1917.52001953125,1917.6300048828125,1916.760009765625,1917.4100341796875,275562496
1784162400000,1917.27001953125,1918.4000244140625,1916.8800048828125,1918.1300048828125,0
1784162700000,1918.0699462890625,1918.43994140625,1916.3399658203125,1917.800048828125,0
1784163000000,1918.06005859375,1918.2900390625,1916.699951171875,1917.9599609375,0
1784163300000,1917.8900146484375,1918.3800048828125,1916.239990234375,1916.8199462890625,19712000
1784163600000,1916.9000244140625,1918.8399658203125,1916.4200439453125,1917.4300537109375,0
1784163900000,1916.7900390625,1918.510009765625,1916.280029296875,1916.3299560546875,0
1784164200000,1916.52001953125,1919.760009765625,1915.75,1919.760009765625,0
1784164500000,1919.9300537109375,1922.0999755859375,1919.75,1920.4100341796875,0
1784164800000,1920.5699462890625,1924.81005859375,1920.5699462890625,1924.81005859375,8034304
1784165100000,1924.3299560546875,1924.9100341796875,1922.8699951171875,1923.9599609375,20912128
1784165400000,1924.4000244140625,1926.030029296875,1922.260009765625,1922.75,3099648
1784165700000,1922.3599853515625,1923.72998046875,1920.5999755859375,1923.72998046875,12298240
1784166000000,1923.8299560546875,1924.77001953125,1922.5899658203125,1923.760009765625,119187456
1784166300000,1923.760009765625,1924.25,1923.0400390625,1923.9000244140625,0
1784166600000,1924.0899658203125,1924.6400146484375,1922.9100341796875,1923.6700439453125,7075840
1784166900000,1923.6800537109375,1924.6600341796875,1923.5,1924.1700439453125,0
1784167200000,1924.199951171875,1925.219970703125,1922.56005859375,1923.7900390625,0
1784167500000,1923.77001953125,1927.5699462890625,1922.260009765625,1926.199951171875,0
1784167800000,1925.8800048828125,1926.2099609375,1921.9200439453125,1923.0799560546875,33750016
1784168100000,1923.22998046875,1924.280029296875,1921.8199462890625,1924.280029296875,0
1784168400000,1924.3800048828125,1924.7900390625,1921.7099609375,1923.300048828125,92313600
1784168700000,1923.300048828125,1923.550048828125,1920.3800048828125,1921.1500244140625,83915776
1784169000000,1921.0400390625,1921.1400146484375,1919.8399658203125,1920.030029296875,0
1784169300000,1920.02001953125,1920.02001953125,1914.72998046875,1915.8199462890625,0
1784169600000,1916.219970703125,1918.5999755859375,1916.219970703125,1918.030029296875,0
1784169900000,1917.800048828125,1920.1600341796875,1917.199951171875,1920.1600341796875,7315456
1784170200000,1920.199951171875,1921.25,1919.6500244140625,1920.1600341796875,72566784
1784170500000,1920.27001953125,1921.3900146484375,1920.27001953125,1921.1600341796875,0
1784170800000,1921.06005859375,1921.18994140625,1919.3900146484375,1920.5699462890625,0
1784171100000,1919.969970703125,1919.969970703125,1917.6800537109375,1918.7900390625,0
1784171400000,1919.06005859375,1920.6099853515625,1918.8900146484375,1919.280029296875,38951936
1784171700000,1919.199951171875,1919.199951171875,1916.5999755859375,1917.3499755859375,0
1784172000000,1917.0400390625,1918.3699951171875,1916.760009765625,1917.050048828125,0
1784172300000,1917.2099609375,1917.489990234375,1915.3599853515625,1915.8399658203125,0
1784172600000,1915.8900146484375,1915.8900146484375,1913.1700439453125,1913.9599609375,0
1784172900000,1913.97998046875,1914.3199462890625,1907.010009765625,1907.280029296875,0
1784173200000,1907.25,1907.3199462890625,1904.300048828125,1905.3699951171875,182640640
1784173500000,1905.5899658203125,1908.31005859375,1903.800048828125,1907.800048828125,26586112
1784173800000,1907.5,1907.6600341796875,1903.7099609375,1905.97998046875,128916480
1784174100000,1906.0799560546875,1909.1600341796875,1905.5400390625,1909.1600341796875,18338816
1784174400000,1908.9000244140625,1911,1906.3399658203125,1909.219970703125,11188224
1784174700000,1909.4599609375,1909.4599609375,1904.47998046875,1905.4000244140625,23119872
1784175000000,1904.4599609375,1904.4599609375,1884.199951171875,1884.199951171875,14731264
1784175300000,1886.280029296875,1886.280029296875,1876.300048828125,1877.3900146484375,352026624
1784175600000,1876.8199462890625,1882.5999755859375,1875.1300048828125,1880.969970703125,95280128
1784175900000,1881.43994140625,1890.22998046875,1881.43994140625,1890.22998046875,180694016
1784176200000,1890.5999755859375,1893.5400390625,1889.8800048828125,1891.6199951171875,70089728
1784176500000,1891.300048828125,1894.6300048828125,1891.300048828125,1893.5,212602880
1784176800000,1893.199951171875,1894.31005859375,1887.7099609375,1888.4000244140625,32366592
1784177100000,1888.1300048828125,1890.7900390625,1886.47998046875,1887.010009765625,41606144
1784177400000,1886.6099853515625,1886.6099853515625,1883.0899658203125,1883.1400146484375,141136896
1784177700000,1883.280029296875,1885.0699462890625,1880.3599853515625,1884.969970703125,125016064
1784178000000,1884.5999755859375,1887.550048828125,1884.5999755859375,1886.8199462890625,0
1784178300000,1887.0400390625,1887.56005859375,1883.3900146484375,1885.18994140625,0
1784178600000,1885.3199462890625,1887.1800537109375,1884.6400146484375,1884.6400146484375,41913344
1784178900000,1884.510009765625,1885.93994140625,1884.18994140625,1884.8699951171875,105594880
1784179200000,1884.8699951171875,1886.050048828125,1883.969970703125,1883.969970703125,35408896
1784179500000,1884.1600341796875,1885.239990234375,1881.2900390625,1881.68994140625,0
1784179800000,1881.5899658203125,1884.0999755859375,1879.489990234375,1882.3699951171875,0
1784180100000,1882.489990234375,1883.969970703125,1881.8699951171875,1881.8699951171875,115686400
1784180400000,1881.6300048828125,1883.9200439453125,1881.6300048828125,1882.6500244140625,0
1784180700000,1882.43994140625,1884.1099853515625,1881.81005859375,1882.760009765625,19745792
1784181000000,1882.77001953125,1884.550048828125,1881.1600341796875,1882.77001953125,11868160
1784181300000,1882.6400146484375,1883.0899658203125,1882.27001953125,1882.93994140625,20779008
1784181600000,1883.4100341796875,1884.6700439453125,1882.219970703125,1883.75,0
1784181900000,1883.9599609375,1887.1500244140625,1883.6300048828125,1886.6400146484375,19514368
1784182200000,1886.199951171875,1886.199951171875,1884.6500244140625,1884.969970703125,0
1784182500000,1884.9000244140625,1887.8199462890625,1884.5400390625,1887.7900390625,2322432
1784182800000,1887.7900390625,1887.8399658203125,1886.2099609375,1886.219970703125,103377920
1784183100000,1886.489990234375,1887.3499755859375,1885.5899658203125,1887.3499755859375,4800512
1784183400000,1887.3299560546875,1890,1887.1600341796875,1889.93994140625,0
1784183700000,1889.97998046875,1889.97998046875,1887.280029296875,1887.489990234375,0
1784184000000,1887.4000244140625,1887.9300537109375,1886.47998046875,1886.719970703125,132070400
1784184300000,1886.5699462890625,1887.3900146484375,1884.780029296875,1884.969970703125,12288
1784184600000,1885.0400390625,1886.27001953125,1884.97998046875,1885.0699462890625,0
1784184900000,1885.1099853515625,1887.1199951171875,1885.1099853515625,1886.9300537109375,0
1784185200000,1886.989990234375,1886.989990234375,1885,1885.1800537109375,0
1784185500000,1885.1700439453125,1885.3699951171875,1883.489990234375,1885.0699462890625,0
1784185800000,1885.0799560546875,1886.22998046875,1883.47998046875,1884.719970703125,24630272
1784186100000,1885.3199462890625,1886.0400390625,1881.6300048828125,1883.1600341796875,119585792
1784186400000,1882.9200439453125,1886.8900146484375,1882.9200439453125,1886.77001953125,0
1784186700000,1886.4599609375,1886.4599609375,1881.1099853515625,1881.56005859375,27125760
1784187000000,1881.3299560546875,1883.030029296875,1881.1199951171875,1882.969970703125,167318528
1784187300000,1882.800048828125,1883.77001953125,1881.8599853515625,1883.4200439453125,0
1784187600000,1883.6400146484375,1886.1700439453125,1883.43994140625,1885.6800537109375,4795392
1784187900000,1885.4100341796875,1885.5699462890625,1879.6099853515625,1879.6099853515625,3179520
1784188200000,1880.780029296875,1882.8399658203125,1878.02001953125,1882.4000244140625,57577472
1784188500000,1882.489990234375,1884.3800048828125,1882.3599853515625,1883.780029296875,0
1784188800000,1883.77001953125,1883.77001953125,1880.3699951171875,1880.3699951171875,64719872
1784189100000,1880.699951171875,1880.8800048828125,1878.6500244140625,1879.43994140625,0
1784189400000,1879.1800537109375,1879.6600341796875,1877,1879.1700439453125,0
1784189700000,1879.0999755859375,1880.6600341796875,1877.6700439453125,1880.6600341796875,125189120
1784190000000,1880.2099609375,1880.93994140625,1876.739990234375,1877.77001953125,11939840
1784190300000,1877.5400390625,1881.3499755859375,1877.3900146484375,1881.3499755859375,13775872
1784190600000,1882.3399658203125,1882.3399658203125,1878.81005859375,1879.3699951171875,0
1784190900000,1879.5,1879.510009765625,1870.719970703125,1872.030029296875,0
1784191200000,1871.6500244140625,1871.6800537109375,1866.5,1868.8599853515625,0
1784191500000,1869.1099853515625,1872.93994140625,1868.3199462890625,1871.719970703125,23177216
1784191800000,1871.0999755859375,1874.4000244140625,1871.0999755859375,1873.219970703125,0
1784192100000,1873.199951171875,1873.199951171875,1871.239990234375,1871.300048828125,4916224
1784192400000,1871.0999755859375,1872.8499755859375,1869.6700439453125,1870.1500244140625,0
1784192700000,1870.3800048828125,1872.739990234375,1869.93994140625,1872.739990234375,0
1784193000000,1872.5400390625,1874.699951171875,1872.52001953125,1874.4200439453125,0
1784193300000,1874.469970703125,1876.0699462890625,1873.699951171875,1876.06005859375,0
1784193600000,1876.199951171875,1882.8399658203125,1876.1099853515625,1882,0
1784193900000,1881.3399658203125,1882.43994140625,1880.199951171875,1882.43994140625,0
1784194200000,1883.43994140625,1885.97998046875,1881.27001953125,1881.93994140625,0
1784194500000,1881.780029296875,1888.6500244140625,1881.1600341796875,1881.699951171875,0
1784194800000,1881.8800048828125,1883.699951171875,1875.510009765625,1875.510009765625,0
1784195100000,1876.1600341796875,1879.699951171875,1873.989990234375,1877.8599853515625,42414080
1784195400000,1877.199951171875,1882.3199462890625,1877.199951171875,1878.3900146484375,0
1784195700000,1877.2099609375,1881.4300537109375,1876.719970703125,1880.699951171875,0
1784196000000,1881.1099853515625,1884.56005859375,1880.5699462890625,1880.81005859375,0
1784196300000,1881.550048828125,1887.719970703125,1881.27001953125,1887.719970703125,0
1784196600000,1887.3800048828125,1890.969970703125,1886,1887.050048828125,0
1784196900000,1886.239990234375,1889.8900146484375,1886.239990234375,1889.4599609375,75430912
1784197200000,1889.1400146484375,1889.1400146484375,1883.0999755859375,1883.6300048828125,196511744
1784197500000,1882.260009765625,1889.280029296875,1882.260009765625,1885.8599853515625,9906176
1784197800000,1885.7900390625,1888.5799560546875,1883.449951171875,1887.06005859375,0
1784198100000,1887.06005859375,1889.31005859375,1885.719970703125,1886.43994140625,0
1784198400000,1886.5,1887.949951171875,1884.75,1886.68994140625,0
1784198700000,1886.9200439453125,1887.5,1884.9000244140625,1885.760009765625,66542592
1784199000000,1885.8299560546875,1885.8299560546875,1879.989990234375,1880.3299560546875,0
1784199300000,1879.5999755859375,1881.6600341796875,1873.3199462890625,1881.6600341796875,24425472
1784199600000,1882.5,1882.5,1876.489990234375,1877.9300537109375,0
1784199900000,1876.5999755859375,1876.5999755859375,1873.56005859375,1875.5899658203125,0
1784200200000,1875.6099853515625,1876.43994140625,1869.52001953125,1871.739990234375,130923520
1784200500000,1871.97998046875,1877.489990234375,1871.050048828125,1877.02001953125,0
1784200800000,1877.550048828125,1880.9000244140625,1876.1099853515625,1880.489990234375,44269568
1784201100000,1881,1892.3800048828125,1881,1889.489990234375,117086208
1784201400000,1889.4300537109375,1889.4300537109375,1886.010009765625,1886.93994140625,14863360
1784201700000,1886.5,1887.4300537109375,1883.9300537109375,1885.9000244140625,9392128
1784202000000,1885.77001953125,1886.2099609375,1880.56005859375,1880.8299560546875,0
1784202300000,1880.6800537109375,1883.010009765625,1877.06005859375,1883.010009765625,0
1784202600000,1883.1099853515625,1884.0799560546875,1880.489990234375,1881.27001953125,239310848
1784202900000,1880.9599609375,1881.4000244140625,1878.1300048828125,1880.31005859375,72883200
1784203200000,1880.5999755859375,1880.5999755859375,1876,1877.3199462890625,0
1784203500000,1876.219970703125,1878.219970703125,1874.9599609375,1878.1600341796875,0
1784203800000,1878.030029296875,1878.030029296875,1874.1800537109375,1875.68994140625,0
1784204100000,1875.199951171875,1877.72998046875,1874.6199951171875,1875.969970703125,0
1784204400000,1874.9100341796875,1875.719970703125,1873.050048828125,1874.8900146484375,0
1784204700000,1875.050048828125,1879.260009765625,1874.6700439453125,1878.4200439453125,0
1784205000000,1879.1300048828125,1881.6600341796875,1878.43994140625,1879.75,132084736
1784205300000,1879.8699951171875,1880.010009765625,1874.949951171875,1875.4000244140625,0
1784205600000,1875.6400146484375,1877.68994140625,1874.18994140625,1874.5899658203125,0
1784205900000,1874.719970703125,1875.780029296875,1873.4200439453125,1874.93994140625,177350656
1784206200000,1875.18994140625,1877.5799560546875,1874.510009765625,1876.9200439453125,0
1784206500000,1876.81005859375,1879.449951171875,1876.81005859375,1877.489990234375,0
1784206800000,1877.3800048828125,1877.6800537109375,1873.050048828125,1874.9599609375,0
1784207100000,1875.1099853515625,1875.4000244140625,1872.280029296875,1873.22998046875,0
1784207400000,1873.239990234375,1873.239990234375,1867.4599609375,1867.4599609375,0
1784207700000,1867.6700439453125,1870.06005859375,1863.9300537109375,1869.6400146484375,0
1784208000000,1870.489990234375,1872.9300537109375,1869.949951171875,1871.260009765625,0
1784208300000,1870.4000244140625,1871.1099853515625,1866.52001953125,1870.3800048828125,0
1784208600000,1870.219970703125,1873.6500244140625,1870.219970703125,1872.0899658203125,0
1784208900000,1872.25,1873.27001953125,1871.1099853515625,1871.6099853515625,0
1784209200000,1871.6800537109375,1871.6800537109375,1868,1869.010009765625,0
1784209500000,1869.1199951171875,1869.56005859375,1866.06005859375,1868.7900390625,116502528
1784209800000,1868.5799560546875,1869.050048828125,1864.5999755859375,1867.4599609375,0
1784210100000,1867.18994140625,1867.6700439453125,1863.199951171875,1867.6600341796875,0
1784210400000,1867.6600341796875,1870.4100341796875,1867.0400390625,1868.68994140625,0
1784210700000,1868.1600341796875,1872.47998046875,1868.1600341796875,1872.1199951171875,0
1784211000000,1872.56005859375,1874.5,1872.0999755859375,1872.9200439453125,0
1784211300000,1872.760009765625,1875.6500244140625,1872.47998046875,1875.6500244140625,1081344
1784211600000,1875.27001953125,1878,1875.27001953125,1876.6600341796875,0
1784211900000,1876.5999755859375,1877.1099853515625,1873.949951171875,1874,0
1784212200000,1873.75,1875.3299560546875,1872.6500244140625,1872.780029296875,0
1784212500000,1871.739990234375,1872.530029296875,1870.8900146484375,1871.9200439453125,0
1784212800000,1871.739990234375,1872.6099853515625,1869.9100341796875,1872.31005859375,0
1784213100000,1872.030029296875,1874.449951171875,1871.780029296875,1874.3499755859375,0
1784213400000,1874.1600341796875,1876.3299560546875,1874.1500244140625,1875.2900390625,0
1784213700000,1874.8499755859375,1876.1700439453125,1874.280029296875,1874.280029296875,0
1784214000000,1874.739990234375,1876.4000244140625,1874.52001953125,1874.9599609375,0
1784214300000,1874.9200439453125,1875.6400146484375,1871.8599853515625,1873.280029296875,0
1784214600000,1873.1099853515625,1874.260009765625,1872.0999755859375,1872.0999755859375,0
1784214900000,1872.43994140625,1874.56005859375,1871.469970703125,1872.7900390625,165608448
1784215200000,1872.5799560546875,1873.31005859375,1870.699951171875,1871.050048828125,0
1784215500000,1871.7099609375,1873.8800048828125,1869.8299560546875,1873.1099853515625,0
1784215800000,1872.4000244140625,1874.31005859375,1872.3399658203125,1873.030029296875,0
1784216100000,1873.260009765625,1874.760009765625,1872.3800048828125,1873.300048828125,0
1784216400000,1872.1800537109375,1873.8599853515625,1871.2900390625,1871.75,0
1784216700000,1871.219970703125,1871.8800048828125,1869.550048828125,1870.43994140625,20824064
1784217000000,1870.6099853515625,1873.510009765625,1870.4000244140625,1873.510009765625,0
1784217300000,1874.3399658203125,1874.6500244140625,1872.4300537109375,1874.0999755859375,0
1784217600000,1873.2900390625,1874.3499755859375,1871.9000244140625,1872.510009765625,16391168
1784217900000,1872.510009765625,1873.760009765625,1871.9599609375,1872.27001953125,83352576
1784218200000,1872.0999755859375,1872.52001953125,1871.1099853515625,1871.239990234375,0
1784218500000,1871.1800537109375,1872.93994140625,1869.8399658203125,1872.93994140625,0
1784218800000,1873.0699462890625,1873.93994140625,1871.550048828125,1871.550048828125,0
1784219100000,1871.43994140625,1872.260009765625,1870.4200439453125,1871.9000244140625,0
1784219400000,1871.8800048828125,1873.1700439453125,1870.300048828125,1872.550048828125,62931968
1784219700000,1872.43994140625,1873.1700439453125,1871.219970703125,1871.219970703125,0
1784220000000,1871.199951171875,1871.52001953125,1870.4000244140625,1871.3399658203125,0
1784220300000,1871.3399658203125,1871.9200439453125,1870.219970703125,1871.8800048828125,0
1784220600000,1871.68994140625,1871.760009765625,1870.6500244140625,1871.0999755859375,64050176
1784220900000,1871.1099853515625,1872.489990234375,1870.010009765625,1870.010009765625,22532096
1784221200000,1870.010009765625,1872.75,1870.010009765625,1872.75,0
1784221500000,1872.77001953125,1875.760009765625,1872.77001953125,1874.5,11955200
1784221800000,1874.469970703125,1876.3699951171875,1872.7099609375,1874.1400146484375,0
1784222100000,1874.27001953125,1876.56005859375,1874,1876.56005859375,63205376
1784222400000,1876.280029296875,1876.5999755859375,1875.3199462890625,1875.93994140625,0
1784222700000,1875.72998046875,1877.8800048828125,1875.3900146484375,1876.25,45298688
1784223000000,1875.8399658203125,1877.47998046875,1875.2900390625,1877.22998046875,84468736
1784223300000,1877.219970703125,1879.449951171875,1876.969970703125,1876.969970703125,0
1784223600000,1877.0400390625,1878.030029296875,1876.7099609375,1877.47998046875,0
1784223900000,1877.5,1877.52001953125,1875.8599853515625,1876.3699951171875,7205888
1784224200000,1876.3800048828125,1878.030029296875,1876.3800048828125,1876.989990234375,0
1784224500000,1877.0400390625,1877.1099853515625,1876,1877.1099853515625,0
1784224800000,1877.5899658203125,1879.8800048828125,1877.56005859375,1879.25,66442240
1784225100000,1879.27001953125,1879.780029296875,1878.2900390625,1879.050048828125,0
1784225400000,1879.06005859375,1879.3299560546875,1877.6300048828125,1878.6800537109375,28724224
1784225700000,1878.3699951171875,1878.3699951171875,1877.199951171875,1877.5999755859375,0
1784226000000,1877.5999755859375,1877.5999755859375,1874.1500244140625,1874.260009765625,4303872
1784226300000,1874.260009765625,1874.780029296875,1872.1099853515625,1872.719970703125,3305472
1784226600000,1872.969970703125,1875.1500244140625,1872.5400390625,1873.6099853515625,0
1784226900000,1873.43994140625,1875.1199951171875,1873.0899658203125,1873.75,47874048
1784227200000,1873.3800048828125,1873.3800048828125,1868.5999755859375,1870.199951171875,0
1784227500000,1870.199951171875,1871.4100341796875,1869.9000244140625,1870.3399658203125,0
1784227800000,1870.3299560546875,1870.93994140625,1867.3800048828125,1868.1300048828125,299466752
1784228100000,1868.0400390625,1868.8800048828125,1866.9000244140625,1867.5699462890625,0
1784228400000,1866.9599609375,1869.1099853515625,1865.52001953125,1865.52001953125,3333120
1784228700000,1865.530029296875,1866.1199951171875,1864.3299560546875,1864.719970703125,85394432
1784229000000,1864.6099853515625,1865.6500244140625,1863.699951171875,1865.510009765625,32740352
1784229300000,1865.5,1865.5,1862.010009765625,1862.02001953125,8687616
1784229600000,1862.0799560546875,1862.5699462890625,1856.0899658203125,1856.719970703125,0
1784229900000,1856.7099609375,1861.2900390625,1856.7099609375,1859.9000244140625,133751808
1784230200000,1858.800048828125,1862.0799560546875,1858.699951171875,1859.9000244140625,23995392
1784230500000,1859.77001953125,1859.97998046875,1857.0799560546875,1858.4200439453125,53483520
1784230800000,1857.7900390625,1861.5999755859375,1857.5699462890625,1861.4100341796875,0
1784231100000,1861.4000244140625,1862.52001953125,1859.9599609375,1861.6300048828125,0
1784231400000,1861.8800048828125,1864.8299560546875,1861.8800048828125,1863.9599609375,22280192
1784231700000,1864.3299560546875,1864.3299560546875,1861.97998046875,1863.239990234375,3608576
1784232000000,1863.1800537109375,1864.8599853515625,1861.969970703125,1863.300048828125,80178176
1784232300000,1862.7900390625,1863.22998046875,1860.9300537109375,1861.780029296875,1538048
1784232600000,1861.8599853515625,1863.8900146484375,1859.3499755859375,1861.0899658203125,1323008
1784232900000,1861.1600341796875,1865.050048828125,1860.81005859375,1862.8499755859375,16045056
1784233200000,1862.530029296875,1862.8599853515625,1860.1300048828125,1860.1300048828125,0
1784233500000,1860.1500244140625,1860.5,1858.300048828125,1859.52001953125,0
1784233800000,1859.5999755859375,1859.5999755859375,1853.739990234375,1853.8699951171875,13678592
1784234100000,1854.050048828125,1855.1099853515625,1847.6300048828125,1852.300048828125,57165824
1784234400000,1852.4599609375,1857.0999755859375,1852.4599609375,1856.530029296875,145753088
1784234700000,1856.72998046875,1860.75,1856.72998046875,1860.75,0
1784235000000,1860.3800048828125,1862.1700439453125,1860.0799560546875,1861.949951171875,0
1784235300000,1862.3699951171875,1864.3399658203125,1860.4200439453125,1864.260009765625,94876672
1784235600000,1864.4100341796875,1868.699951171875,1863.6199951171875,1866.300048828125,0
1784235900000,1866.0999755859375,1868.800048828125,1865.719970703125,1867.2099609375,57017344
1784236200000,1868.199951171875,1869.3499755859375,1866.47998046875,1866.6199951171875,27375616
1784236500000,1866.6300048828125,1867.5699462890625,1860.5999755859375,1861.3299560546875,0
1784236800000,1861.0699462890625,1861.0699462890625,1858.22998046875,1860.3499755859375,0
1784237100000,1860.43994140625,1863.3299560546875,1859.489990234375,1862.510009765625,50961408
1784237400000,1861.75,1862.6400146484375,1856.0699462890625,1856.0699462890625,0
1784237700000,1856.1600341796875,1860.0899658203125,1855.7099609375,1858.8900146484375,24190976
1784238000000,1858.5,1859.4300537109375,1854.280029296875,1854.280029296875,0
1784238300000,1853.5400390625,1854.3599853515625,1850.010009765625,1852.9100341796875,206641152
1784238600000,1852.8499755859375,1852.8499755859375,1847.25,1847.550048828125,79066112
1784238900000,1847.5699462890625,1850.510009765625,1846.4000244140625,1849.6199951171875,0
1784239200000,1848.8199462890625,1852.22998046875,1847.9599609375,1852.22998046875,177682432
1784239500000,1852.5799560546875,1852.5999755859375,1844.75,1844.9000244140625,0
1784239800000,1844.4599609375,1852.219970703125,1843.719970703125,1852.1300048828125,117264384
1784240100000,1851.7900390625,1853.8699951171875,1850.5999755859375,1851.75,31756288
1784240400000,1851.9599609375,1851.9599609375,1847.5,1849.1400146484375,0
1784240700000,1849.1800537109375,1851.5,1847.8800048828125,1849.77001953125,63345664
1784241000000,1848.97998046875,1849.949951171875,1846.300048828125,1846.300048828125,8436736
1784241300000,1846.31005859375,1847.4200439453125,1843.5999755859375,1844.3399658203125,51737600
1784241600000,1843.93994140625,1846.56005859375,1841.969970703125,1844.7099609375,10781696
1784241900000,1844.8499755859375,1846.1300048828125,1842.93994140625,1844.199951171875,0
1784242200000,1844.97998046875,1845.3199462890625,1842.6400146484375,1842.6700439453125,35821568
1784242500000,1843.0400390625,1847.4100341796875,1843.010009765625,1846.5,68316160
1784242800000,1846.510009765625,1850.0799560546875,1845.68994140625,1849.25,0
1784243100000,1848.68994140625,1853,1848.68994140625,1851.3299560546875,0
1784243400000,1851.0799560546875,1852.510009765625,1850.760009765625,1852.3599853515625,0
1784243700000,1851.449951171875,1856.199951171875,1851.449951171875,1855.8499755859375,6182912
1784244000000,1855.81005859375,1855.81005859375,1854.469970703125,1854.8399658203125,0
1784244300000,1855.1400146484375,1857.6700439453125,1854.9300537109375,1856.4599609375,151982080
1784244600000,1856.3599853515625,1856.530029296875,1854.5999755859375,1856.530029296875,0
1784244900000,1857.030029296875,1857.06005859375,1854.8800048828125,1854.9599609375,11833344
1784245200000,1854.9599609375,1854.9599609375,1852.6600341796875,1853.5,0
1784245500000,1853.5,1853.510009765625,1850.9000244140625,1850.9200439453125,0
1784245800000,1850.9200439453125,1852.5999755859375,1849.699951171875,1851.6500244140625,0
1784246100000,1851.3299560546875,1852.4000244140625,1850.8599853515625,1850.9100341796875,0
1784246400000,1850.8499755859375,1851.0799560546875,1848.6700439453125,1848.800048828125,6004736
1784246700000,1848.800048828125,1849.4300537109375,1847.9000244140625,1848.1199951171875,3917824
1784247000000,1848.030029296875,1850.0899658203125,1847.8499755859375,1848.31005859375,3999744
1784247300000,1848.2099609375,1849.6500244140625,1843.31005859375,1843.8199462890625,425984
1784247600000,1842.9300537109375,1847.469970703125,1842.5899658203125,1847.469970703125,28639232
1784247900000,1847.4000244140625,1847.4000244140625,1843.8800048828125,1845.550048828125,15297536
1784248200000,1845.469970703125,1845.8599853515625,1843.1099853515625,1844,92871680
1784248500000,1844.1199951171875,1845.25,1842.489990234375,1844.6500244140625,0
1784248800000,1844.4100341796875,1848.469970703125,1843.3499755859375,1847.199951171875,22764544
1784249100000,1847.1800537109375,1851.0400390625,1847.1800537109375,1849.77001953125,4381696
1784249400000,1849.77001953125,1850.0999755859375,1848.6300048828125,1848.6300048828125,0
1784249700000,1848.699951171875,1849.3800048828125,1847.8900146484375,1848.43994140625,112964608
1784250000000,1847.22998046875,1847.280029296875,1842.8800048828125,1845.5799560546875,911360
1784250300000,1845.469970703125,1845.6300048828125,1843.3800048828125,1845.5699462890625,7896064
1784250600000,1845.1300048828125,1846.56005859375,1844.8599853515625,1846.1600341796875,0
1784250900000,1846.1600341796875,1846.6600341796875,1844.8199462890625,1844.9300537109375,9039872
1784251200000,1844.6400146484375,1844.800048828125,1842.2099609375,1842.699951171875,0
1784251500000,1842.4000244140625,1842.4000244140625,1835.22998046875,1836.02001953125,0
1784251800000,1836.43994140625,1837.8499755859375,1833.31005859375,1833.31005859375,0
1784252100000,1833.9100341796875,1835.97998046875,1832.47998046875,1832.47998046875,220992512
1784252400000,1832.800048828125,1833.77001953125,1829.77001953125,1830.9100341796875,138749952
1784252700000,1830.68994140625,1831.050048828125,1823.8699951171875,1826.43994140625,42918912
1784253000000,1826.6500244140625,1826.6500244140625,1821.18994140625,1824.2900390625,111191040
1784253300000,1824.4599609375,1825.6400146484375,1820.550048828125,1822.199951171875,39325696
1784253600000,1822.0799560546875,1826.2099609375,1820,1825.239990234375,42755072
1784253900000,1825.56005859375,1828.4599609375,1823.3699951171875,1823.3699951171875,66172928
1784254200000,1823.8900146484375,1825.6600341796875,1823.5,1825.4599609375,58683392
1784254500000,1825.449951171875,1827.760009765625,1824.0999755859375,1827.5999755859375,2457600
1784254800000,1827.0899658203125,1832.300048828125,1826.8900146484375,1831.5,0
1784255100000,1831.489990234375,1833.1600341796875,1831.489990234375,1832.9000244140625,0
1784255400000,1832.3800048828125,1833.3699951171875,1831.3699951171875,1832.6700439453125,83102720
1784255700000,1832.9200439453125,1834.5699462890625,1832.6099853515625,1834.280029296875,166965248
1784256000000,1833.47998046875,1833.72998046875,1830.47998046875,1830.6199951171875,7825408
1784256300000,1830.9200439453125,1831.25,1829.8599853515625,1830.8800048828125,4507648
1784256600000,1830.800048828125,1831.7099609375,1828.530029296875,1829.199951171875,0
1784256900000,1829.3699951171875,1830.510009765625,1828.75,1830.510009765625,0
1784257200000,1830,1830.969970703125,1829.4200439453125,1830.2900390625,0
1784257500000,1830.219970703125,1830.25,1828.4000244140625,1829.27001953125,185336832
1784257800000,1829.0999755859375,1829.0999755859375,1827.300048828125,1828.0699462890625,0
1784258100000,1828.2900390625,1828.7900390625,1827.4100341796875,1827.489990234375,9337856
1784258400000,1827.5999755859375,1828.68994140625,1825.5999755859375,1827.469970703125,16447488
1784258700000,1827.5999755859375,1830.3599853515625,1827.3800048828125,1830,0
1784259000000,1829.8499755859375,1831.6700439453125,1825.81005859375,1825.9300537109375,0
1784259300000,1825.4599609375,1827.300048828125,1824.7900390625,1827.300048828125,100454400
1784259600000,1827.47998046875,1829.6600341796875,1826.8800048828125,1828.199951171875,0
1784259900000,1828.199951171875,1828.6800537109375,1825.800048828125,1827.0799560546875,257906688
1784260200000,1827.219970703125,1829.4100341796875,1827.219970703125,1828.52001953125,3885056
1784260500000,1828.6600341796875,1829.050048828125,1826.050048828125,1826.3900146484375,20795392
1784260800000,1826.760009765625,1828.93994140625,1826,1827.9599609375,0
1784261100000,1827.97998046875,1828.56005859375,1827.1800537109375,1828.0699462890625,3593216
1784261400000,1827.4000244140625,1828.3199462890625,1826.239990234375,1828.3199462890625,0
1784261700000,1828.280029296875,1828.280029296875,1822.3900146484375,1823,0
1784262000000,1823.5899658203125,1825.4599609375,1822.9100341796875,1824.93994140625,0
1784262300000,1824.489990234375,1826.199951171875,1822.93994140625,1823.5999755859375,9579520
1784262600000,1823.0400390625,1823.8199462890625,1820.699951171875,1821.52001953125,0
1784262900000,1821.969970703125,1823.3599853515625,1819.56005859375,1820.739990234375,0
1784263200000,1820.780029296875,1826.0999755859375,1820.6400146484375,1826.0999755859375,0
1784263500000,1825.9000244140625,1828.780029296875,1825.9000244140625,1828.5999755859375,0
1784263800000,1828.31005859375,1829.0400390625,1827.8599853515625,1827.9000244140625,0
1784264100000,1827.8499755859375,1830.7099609375,1827.699951171875,1828.1700439453125,46661632
1784264400000,1828.219970703125,1829.72998046875,1827.8599853515625,1828.0899658203125,71234560
1784264700000,1828.0899658203125,1830.0400390625,1827.5999755859375,1828.27001953125,0
1784265000000,1828.0699462890625,1830.949951171875,1827.4300537109375,1830.760009765625,67640320
1784265300000,1830.760009765625,1830.760009765625,1827.8699951171875,1828.0400390625,0
1784265600000,1828.550048828125,1830.5999755859375,1828.4000244140625,1830.2099609375,0
1784265900000,1830.3499755859375,1830.949951171875,1829.7099609375,1830,0
1784266200000,1830.02001953125,1830.7099609375,1829.1099853515625,1829.1500244140625,55969792
1784266500000,1829.0699462890625,1832.550048828125,1829.06005859375,1832.4100341796875,0
1784266800000,1832.1800537109375,1833.4599609375,1831.449951171875,1833.4599609375,0
1784267100000,1833.5999755859375,1833.5999755859375,1830.9100341796875,1830.9100341796875,0
1784267400000,1830.6700439453125,1834.18994140625,1830.6700439453125,1833.8399658203125,41447424
1784267700000,1833.47998046875,1834.0899658203125,1832.010009765625,1832.8800048828125,12631040
1784268000000,1833.1300048828125,1836.199951171875,1832.4100341796875,1835.8900146484375,0
1784268300000,1836.3299560546875,1837.3900146484375,1833.7900390625,1834.6800537109375,0
1784268600000,1834.43994140625,1836.8299560546875,1832.1800537109375,1836.8299560546875,31843328
1784268900000,1836.81005859375,1838.18994140625,1836.1800537109375,1836.1800537109375,91855872
1784269200000,1836.1600341796875,1836.7900390625,1834.739990234375,1835.1700439453125,42988544
1784269500000,1835.1500244140625,1836.8399658203125,1835.1500244140625,1835.9200439453125,30575616
1784269800000,1835.8299560546875,1836.219970703125,1835.1400146484375,1836.1700439453125,0
1784270100000,1836.030029296875,1837.5999755859375,1836.030029296875,1837.3599853515625,0
1784270400000,1837.300048828125,1837.7900390625,1836.4200439453125,1836.9599609375,0
1784270700000,1836.9599609375,1837.199951171875,1836.239990234375,1836.239990234375,65695744
1784271000000,1836.0799560546875,1836.5999755859375,1835.1700439453125,1836.5999755859375,7046144
1784271300000,1836.449951171875,1836.8399658203125,1835.050048828125,1835.1700439453125,0
1784271600000,1835.2099609375,1836.4300537109375,1833.5999755859375,1834.0999755859375,0
1784271900000,1834.050048828125,1834.5,1832.9599609375,1833.5999755859375,0
1784272200000,1833.5999755859375,1834.199951171875,1832.72998046875,1832.77001953125,0
1784272500000,1832.77001953125,1834.0799560546875,1831.550048828125,1833.719970703125,0
1784272800000,1833.6300048828125,1834.3699951171875,1833.239990234375,1833.489990234375,0
1784273100000,1833.239990234375,1835.0899658203125,1833.239990234375,1834.77001953125,0
1784273400000,1834.8399658203125,1835.699951171875,1833.4300537109375,1835.6500244140625,6220800
1784273700000,1835.75,1840.489990234375,1835.75,1840.489990234375,0
1784274000000,1840.0799560546875,1840.719970703125,1838.6400146484375,1840.25,45580288
1784274300000,1839.81005859375,1841.4000244140625,1838.4599609375,1838.4599609375,85311488
1784274600000,1838.449951171875,1839.18994140625,1837.9200439453125,1838.72998046875,0
1784274900000,1838.72998046875,1839.1099853515625,1837.1400146484375,1837.4200439453125,0
1784275200000,1837.550048828125,1838.5400390625,1836,1836,0
1784275500000,1835.97998046875,1836.260009765625,1834.5999755859375,1835.030029296875,0
1784275800000,1835.0400390625,1835.6800537109375,1833.9599609375,1834.06005859375,59402240
1784276100000,1834.8599853515625,1835.5,1833.0899658203125,1833.1300048828125,0
1784276400000,1833.0699462890625,1835.1600341796875,1832.6500244140625,1834.97998046875,0
1784276700000,1834.6800537109375,1834.6800537109375,1831.1700439453125,1832.1300048828125,40053760
1784277000000,1832.1600341796875,1833.239990234375,1831.449951171875,1832.3199462890625,0
1784277300000,1832.27001953125,1832.27001953125,1828.18994140625,1828.18994140625,74473472
1784277600000,1828.31005859375,1829.27001953125,1826.5999755859375,1827.68994140625,0
1784277900000,1827.72998046875,1828.719970703125,1826.030029296875,1826.199951171875,0
1784278200000,1825.800048828125,1828.4100341796875,1825.6800537109375,1828.4100341796875,49623040
1784278500000,1828.550048828125,1829.3900146484375,1826.530029296875,1826.699951171875,0
1784278800000,1826.699951171875,1827.530029296875,1824.1800537109375,1824.8299560546875,27423744
1784279100000,1825.0799560546875,1825.0799560546875,1811.8399658203125,1813.199951171875,49243136
1784279400000,1813.3199462890625,1813.969970703125,1806.9599609375,1812.5,83989504
1784279700000,1812.02001953125,1814.7900390625,1811.3399658203125,1812.9100341796875,60597248
1784280000000,1813.52001953125,1817.1500244140625,1813.52001953125,1814.06005859375,22488064
1784280300000,1815.239990234375,1815.77001953125,1813.0799560546875,1813.9300537109375,96118784
1784280600000,1815.56005859375,1816.93994140625,1808.1600341796875,1808.1600341796875,6021120
1784280900000,1808.199951171875,1809.260009765625,1802.3499755859375,1803.2900390625,0
1784281200000,1803.9599609375,1810.199951171875,1803.9599609375,1805.4300537109375,111326208
1784281500000,1805.2900390625,1812.9300537109375,1803.9599609375,1812.1800537109375,0
1784281800000,1812.47998046875,1816.719970703125,1810.800048828125,1814.8699951171875,0
1784282100000,1813.8599853515625,1825.0999755859375,1813.6800537109375,1823.4000244140625,0
1784282400000,1824.31005859375,1827.1300048828125,1821.47998046875,1823.31005859375,0
1784282700000,1825.22998046875,1831.3199462890625,1825.199951171875,1827.550048828125,15847424
1784283000000,1828.6700439453125,1831.800048828125,1826.280029296875,1827.800048828125,44278784
1784283300000,1827.8699951171875,1831.199951171875,1825.199951171875,1825.43994140625,50126848
1784283600000,1825.5699462890625,1826.5,1823.8299560546875,1825.1099853515625,5526528
1784283900000,1825.739990234375,1826.9000244140625,1820.6500244140625,1821.8699951171875,0
1784284200000,1821.47998046875,1822.760009765625,1815.47998046875,1819.469970703125,0
1784284500000,1819.5899658203125,1825.68994140625,1819.5899658203125,1825.0899658203125,68390912
1784284800000,1824.8499755859375,1825.1500244140625,1820.0400390625,1820.280029296875,0
1784285100000,1819.5999755859375,1820.02001953125,1815.5999755859375,1818.0999755859375,2810880
1784285400000,1818.0999755859375,1820.699951171875,1817.3199462890625,1818.719970703125,107389952
1784285700000,1818.719970703125,1822.9599609375,1818.719970703125,1820.530029296875,0
1784286000000,1820.25,1820.25,1815.5999755859375,1818.780029296875,0
1784286300000,1818.219970703125,1818.219970703125,1812.239990234375,1816.6199951171875,0
1784286600000,1817,1818.030029296875,1809.47998046875,1812.219970703125,104130560
1784286900000,1811.6400146484375,1814.0400390625,1811.6400146484375,1812.72998046875,0
1784287200000,1813,1817.0799560546875,1811.2099609375,1815.4000244140625,0
1784287500000,1815.1199951171875,1820.199951171875,1815.1199951171875,1820.199951171875,0
1784287800000,1820.0999755859375,1822.0999755859375,1815.6300048828125,1819.1800537109375,0
1784288100000,1819,1824.47998046875,1818.5899658203125,1824.260009765625,111285248
1784288400000,1824.2099609375,1824.6300048828125,1820.5699462890625,1822.3900146484375,0
1784288700000,1822.0400390625,1822.7900390625,1821.010009765625,1822.4599609375,72455168
1784289000000,1822.8599853515625,1826.199951171875,1822.0899658203125,1825.8199462890625,49709056
1784289300000,1825.6400146484375,1829.9000244140625,1825.6400146484375,1829.3599853515625,0
1784289600000,1828.77001953125,1830.6800537109375,1826.2900390625,1828.280029296875,0
1784289900000,1828.3199462890625,1828.7900390625,1825.260009765625,1828.7900390625,98918400
1784290200000,1829.280029296875,1833.010009765625,1829.280029296875,1830.47998046875,0
1784290500000,1830.280029296875,1835.3599853515625,1830.010009765625,1834.77001953125,25948160
1784290800000,1834.02001953125,1834.0799560546875,1829.1600341796875,1829.5799560546875,0
1784291100000,1829.5699462890625,1834.6800537109375,1829.5699462890625,1834.2099609375,100756480
1784291400000,1833.93994140625,1835.31005859375,1831.0899658203125,1831.0899658203125,0
1784291700000,1831.0999755859375,1834.1500244140625,1831.0999755859375,1833.3399658203125,0
1784292000000,1833.530029296875,1836.8399658203125,1832.4000244140625,1836.719970703125,0
1784292300000,1837.199951171875,1838.56005859375,1834.52001953125,1837.9000244140625,4583424
1784292600000,1838.3199462890625,1839.1199951171875,1835.75,1836.9599609375,12332032
1784292900000,1836.9100341796875,1837.1300048828125,1834.449951171875,1834.8499755859375,0
1784293200000,1835.52001953125,1839.530029296875,1835.4300537109375,1839.469970703125,0
1784293500000,1839.3599853515625,1849.010009765625,1838.18994140625,1849.010009765625,39784448
1784293800000,1848.4300537109375,1855.1099853515625,1845.550048828125,1845.699951171875,59907072
1784294100000,1844.760009765625,1846.7900390625,1842.5400390625,1842.7099609375,0
1784294400000,1843.1400146484375,1845.25,1842,1844.5,109623296
1784294700000,1844.52001953125,1848.6199951171875,1844.52001953125,1845.469970703125,0
1784295000000,1845.199951171875,1847.02001953125,1843.9000244140625,1845.050048828125,7044096
1784295300000,1845.800048828125,1845.8599853515625,1841.93994140625,1843.719970703125,21516288
1784295600000,1843.6300048828125,1843.800048828125,1841.8199462890625,1843.3199462890625,92764160
1784295900000,1843.1300048828125,1846.8499755859375,1842.6800537109375,1845.489990234375,0
1784296200000,1845.949951171875,1845.9599609375,1841.97998046875,1842.3299560546875,160484352
1784296500000,1841.699951171875,1843.3699951171875,1841.3299560546875,1842.6300048828125,24464384
1784296800000,1842.719970703125,1843.1500244140625,1840.699951171875,1841.4100341796875,0
1784297100000,1840.8599853515625,1841.969970703125,1839.489990234375,1841.52001953125,10103808
1784297400000,1841.9000244140625,1842.3599853515625,1839.8699951171875,1841.780029296875,0
1784297700000,1841.5999755859375,1841.5999755859375,1837.010009765625,1837.3199462890625,0
1784298000000,1837.6099853515625,1837.6099853515625,1834.489990234375,1835.2900390625,0
1784298300000,1835.0699462890625,1836.5699462890625,1833.9200439453125,1836.0400390625,19152896
1784298600000,1835.8800048828125,1838.4100341796875,1835.8800048828125,1837.6800537109375,4815872
1784298900000,1837.800048828125,1839.22998046875,1837.0799560546875,1838.9200439453125,8326144
1784299200000,1838.9300537109375,1842.0799560546875,1838.010009765625,1842.0799560546875,6298624
1784299500000,1841.7900390625,1847.52001953125,1841.7900390625,1845.1800537109375,2421760
1784299800000,1844.8599853515625,1848.510009765625,1843.9000244140625,1848.1500244140625,36110336
1784300100000,1848.239990234375,1848.239990234375,1844.5400390625,1845.9599609375,29395968
1784300400000,1845.5699462890625,1846.030029296875,1843.22998046875,1845.239990234375,71652352
1784300700000,1845.0699462890625,1845.0699462890625,1840.8800048828125,1840.8900146484375,2889728
1784301000000,1840.739990234375,1841.050048828125,1839,1839.1199951171875,0
1784301300000,1838.8499755859375,1839.5999755859375,1837.0699462890625,1838.4200439453125,95553536
1784301600000,1837.6800537109375,1838.010009765625,1835.050048828125,1836.0899658203125,0
1784301900000,1835.969970703125,1840,1834.780029296875,1839.9599609375,11844608
1784302200000,1840.4000244140625,1841.989990234375,1839.47998046875,1839.719970703125,0
1784302500000,1839.260009765625,1843.3699951171875,1839.260009765625,1842.239990234375,21265408
1784302800000,1841.56005859375,1844.219970703125,1841.56005859375,1844.18994140625,0
1784303100000,1844.050048828125,1845.1700439453125,1842.719970703125,1843.800048828125,9799680
1784303400000,1844.1199951171875,1844.4000244140625,1841.5999755859375,1842.8699951171875,121957376
1784303700000,1842.47998046875,1843.47998046875,1841.8199462890625,1842.510009765625,4724736
1784304000000,1842.2099609375,1842.2099609375,1837.9300537109375,1838.47998046875,0
1784304300000,1838.56005859375,1838.5799560546875,1836.1199951171875,1836.6700439453125,0
1784304600000,1836.6600341796875,1838.5,1836.6099853515625,1837.93994140625,0
1784304900000,1837.6300048828125,1838.5699462890625,1837.3499755859375,1838.27001953125,86851584
1784305200000,1838.510009765625,1839.550048828125,1837.699951171875,1839.469970703125,3654656
1784305500000,1840.0400390625,1840.6700439453125,1839.47998046875,1839.780029296875,0
1784305800000,1839.449951171875,1840.6300048828125,1838.760009765625,1839.760009765625,16128000
1784306100000,1839.760009765625,1839.81005859375,1838.97998046875,1839,0
1784306400000,1838.5999755859375,1840.4300537109375,1837.0400390625,1840.4300537109375,102528000
1784306700000,1841.02001953125,1842.199951171875,1840.27001953125,1840.68994140625,0
1784307000000,1840.719970703125,1844.489990234375,1840.3599853515625,1844.300048828125,26619904
1784307300000,1844.52001953125,1845.280029296875,1841.5400390625,1841.739990234375,0
1784307600000,1841.5799560546875,1844.199951171875,1841.5799560546875,1843.75,0
1784307900000,1843.56005859375,1843.9200439453125,1843.1500244140625,1843.52001953125,57056256
1784308200000,1843.52001953125,1844.699951171875,1842.5,1843.8499755859375,0
1784308500000,1843.7099609375,1845.0999755859375,1843.4100341796875,1843.4100341796875,8278016
1784308800000,1843.3299560546875,1845.0699462890625,1843.199951171875,1844.5,0
1784309100000,1844.0400390625,1845.550048828125,1843.81005859375,1843.9100341796875,0
1784309400000,1843.9000244140625,1843.9000244140625,1840.5699462890625,1840.949951171875,26635264
1784309700000,1840.7900390625,1842.5,1840.449951171875,1841.530029296875,7084032
1784310000000,1841.530029296875,1841.9300537109375,1840.050048828125,1841.050048828125,0
1784310300000,1841.050048828125,1841.5400390625,1839.8199462890625,1841.510009765625,25439232
1784310600000,1841.510009765625,1841.6700439453125,1840.22998046875,1840.800048828125,0
1784310900000,1840.7900390625,1841.8299560546875,1840.1300048828125,1840.43994140625,0
1784311200000,1840.489990234375,1842.719970703125,1839.3800048828125,1839.8399658203125,0
1784311500000,1840.1300048828125,1840.6199951171875,1839.260009765625,1839.260009765625,0
1784311800000,1839.4300537109375,1841.260009765625,1839.4300537109375,1840.7900390625,16358400
1784312100000,1840.6800537109375,1840.6800537109375,1837.93994140625,1839.1500244140625,27321344
1784312400000,1839.1700439453125,1839.5899658203125,1838.8800048828125,1839.27001953125,0
1784312700000,1839.3699951171875,1839.72998046875,1837.6099853515625,1838,0
1784313000000,1838,1839.0400390625,1838,1838.0400390625,120655872
1784313300000,1837.780029296875,1837.9599609375,1837.0899658203125,1837.300048828125,0
1784313600000,1837.18994140625,1837.8699951171875,1836.8299560546875,1836.8399658203125,0
1784313900000,1836.8199462890625,1837.5899658203125,1836.199951171875,1837.5899658203125,0
1784314200000,1837.5899658203125,1838.8699951171875,1837.5899658203125,1838.199951171875,0
1784314500000,1838.199951171875,1838.6099853515625,1838.199951171875,1838.5999755859375,0
1784314800000,1838.699951171875,1838.699951171875,1835.739990234375,1836.93994140625,0
1784315100000,1836.5,1836.6199951171875,1834.800048828125,1835.2900390625,0
1784315400000,1835.0400390625,1835.6600341796875,1833.969970703125,1835.6600341796875,0
1784315700000,1835.5400390625,1836.8499755859375,1835.5400390625,1836.6199951171875,70902784
1784316000000,1836.72998046875,1839.02001953125,1836.72998046875,1839.02001953125,0
1784316300000,1839.02001953125,1840.0699462890625,1838.6400146484375,1839.9300537109375,0
1784316600000,1840.1199951171875,1843.2900390625,1840,1842.9599609375,0
1784316900000,1843.010009765625,1843.260009765625,1841.800048828125,1841.949951171875,0
1784317200000,1841.72998046875,1842.1099853515625,1840.449951171875,1842.1099853515625,27370496
1784317500000,1841,1842.530029296875,1840.800048828125,1840.800048828125,4429824
1784317800000,1840.6300048828125,1842.1099853515625,1840.6300048828125,1841.0400390625,10351616
1784318100000,1841.0400390625,1841.6600341796875,1840.5400390625,1840.93994140625,0
1784318400000,1840.949951171875,1841.5,1839.6199951171875,1839.68994140625,0
1784318700000,1839.4200439453125,1840.06005859375,1838.8900146484375,1839.0899658203125,0
1784319000000,1839.3499755859375,1842.56005859375,1839.300048828125,1842.1400146484375,69673984
1784319300000,1842.1400146484375,1843.739990234375,1842.1400146484375,1843.3199462890625,0
1784319600000,1843.3499755859375,1843.3499755859375,1841.1800537109375,1841.800048828125,168360960
1784319900000,1841.989990234375,1842.6099853515625,1841.699951171875,1841.72998046875,64066560
1784320200000,1841.72998046875,1841.72998046875,1840,1840,0
1784320500000,1839.969970703125,1840.489990234375,1839,1839.5899658203125,0
1784320800000,1839.56005859375,1840.1300048828125,1839.31005859375,1839.8800048828125,0
1784321100000,1839.9000244140625,1842.3199462890625,1839.9000244140625,1841.77001953125,0
1784321400000,1841.77001953125,1841.77001953125,1839.02001953125,1839.47998046875,0
1784321700000,1839.530029296875,1839.9000244140625,1839.3499755859375,1839.8599853515625,0
1784322000000,1839.8199462890625,1840.050048828125,1838.9599609375,1839.719970703125,0
1784322300000,1839.7099609375,1839.800048828125,1838.300048828125,1839.800048828125,28638208
1784322600000,1839.6600341796875,1839.8299560546875,1838.8699951171875,1839.47998046875,0
1784322900000,1839.6600341796875,1840.18994140625,1838.780029296875,1838.8900146484375,0
1784323200000,1839.1099853515625,1840.6400146484375,1838.300048828125,1840.510009765625,1816576
1784323500000,1840.2900390625,1842.18994140625,1840.2900390625,1841.8499755859375,0
1784323800000,1841.8499755859375,1841.8599853515625,1839.1199951171875,1839.27001953125,0
1784324100000,1839.27001953125,1839.5999755859375,1838.4100341796875,1839.5,0
1784324400000,1839.5699462890625,1840.56005859375,1839.199951171875,1840.3599853515625,0
1784324700000,1840.4000244140625,1841.699951171875,1840.3800048828125,1841.1099853515625,0
1784325000000,1840.97998046875,1842.1400146484375,1840.9300537109375,1841.5799560546875,0
1784325300000,1841.5699462890625,1841.719970703125,1841.0999755859375,1841.300048828125,0
1784325600000,1841.68994140625,1842.2099609375,1840.9300537109375,1841.3699951171875,0
1784325900000,1841.3800048828125,1842.2099609375,1840.3199462890625,1842.2099609375,0
1784326200000,1842.02001953125,1843.18994140625,1840.5,1842.5699462890625,0
1784326500000,1842.510009765625,1843.800048828125,1841.800048828125,1842.0799560546875,0
1784326800000,1842.0699462890625,1844.1400146484375,1842.0699462890625,1843.7900390625,55123968
1784327100000,1843.800048828125,1843.8199462890625,1842.9000244140625,1843.02001953125,0
1784327400000,1842.9599609375,1844.3900146484375,1842.8399658203125,1843.8599853515625,0
1784327700000,1843.8599853515625,1845.5699462890625,1842.800048828125,1843.68994140625,4189184
1784328000000,1843.43994140625,1843.43994140625,1841.469970703125,1841.469970703125,0
1784328300000,1841.6500244140625,1842.3499755859375,1841.4000244140625,1841.6300048828125,0
1784328600000,1841.52001953125,1841.52001953125,1840.6600341796875,1841.4000244140625,0
1784328900000,1841.43994140625,1841.43994140625,1840.8299560546875,1841.030029296875,0
1784329200000,1840.8499755859375,1841.0899658203125,1840.43994140625,1840.8199462890625,0
1784329500000,1841.06005859375,1843.0699462890625,1840.77001953125,1842.97998046875,0
1784329800000,1842.949951171875,1843.1400146484375,1840.47998046875,1841.7900390625,0
1784330100000,1841.760009765625,1843.4300537109375,1841.6500244140625,1842.72998046875,0
1784330400000,1842.72998046875,1843.18994140625,1842.3399658203125,1842.6300048828125,0
1784330700000,1842.7900390625,1842.7900390625,1842.02001953125,1842.300048828125,5532672
1784331000000,1842.1300048828125,1843.4599609375,1842.0400390625,1842.1800537109375,0
1784331300000,1842.1199951171875,1842.1300048828125,1841.739990234375,1842.0799560546875,0
1784331600000,1842.0400390625,1843.4200439453125,1841.8399658203125,1842.0799560546875,0
1784331900000,1842.0899658203125,1842.3599853515625,1841.43994140625,1842.31005859375,0
1784332200000,1842.1199951171875,1842.199951171875,1841.4599609375,1842.199951171875,0
1784332500000,1842.449951171875,1845.239990234375,1842.43994140625,1844.6700439453125,0
1784332800000,1844.9000244140625,1845.0699462890625,1843.52001953125,1844.010009765625,0
1784333100000,1844,1844.510009765625,1843.6099853515625,1843.9300537109375,71678976
1784333400000,1843.8299560546875,1844.1600341796875,1843.31005859375,1843.449951171875,0
1784333700000,1843.2900390625,1843.3900146484375,1842.4100341796875,1843,0
1784334000000,1842.75,1842.75,1841.31005859375,1841.8499755859375,0
1784334300000,1842,1843.550048828125,1842,1843.0899658203125,0
1784334600000,1842.9599609375,1843.280029296875,1841.5400390625,1842.5,0
1784334900000,1842.5,1842.5,1841.25,1841.9300537109375,0
1784335200000,1841.9300537109375,1842.8399658203125,1841.8900146484375,1842.25,0
1784335500000,1842.3199462890625,1842.8299560546875,1842.260009765625,1842.5899658203125,0
1784335800000,1842.52001953125,1843.75,1842.510009765625,1843.3199462890625,0
1784336100000,1843.3199462890625,1843.6199951171875,1843.0899658203125,1843.3499755859375,0
1784336400000,1843.3900146484375,1843.719970703125,1842.260009765625,1843.3199462890625,0
1784336700000,1843.280029296875,1843.75,1842.72998046875,1842.72998046875,0
1784337000000,1842.72998046875,1842.72998046875,1842.050048828125,1842.1199951171875,2311168
1784337300000,1842,1842.5899658203125,1841.8800048828125,1842.3900146484375,0
1784337600000,1842.239990234375,1844.5899658203125,1842.239990234375,1844.4100341796875,0
1784337900000,1844.6199951171875,1845.4300537109375,1844.0400390625,1844.56005859375,0
1784338200000,1844.550048828125,1845.300048828125,1844.550048828125,1845.010009765625,0
1784338500000,1845.25,1847.530029296875,1845.1500244140625,1845.25,0
1784338800000,1845.25,1845.300048828125,1844.8399658203125,1844.8800048828125,0
1784339100000,1844.77001953125,1848,1844.6400146484375,1846.06005859375,0
1784339400000,1846.06005859375,1846.6199951171875,1844.5,1845.25,0
1784339700000,1844.800048828125,1844.800048828125,1843.6600341796875,1844.6199951171875,0
1784340000000,1844.75,1845.1199951171875,1844.2900390625,1844.530029296875,0
1784340300000,1844.530029296875,1844.760009765625,1843.9300537109375,1844.3900146484375,0
1784340600000,1844.4000244140625,1844.4100341796875,1843.4200439453125,1843.5899658203125,14753280
1784340900000,1843.5899658203125,1846.2099609375,1843.3199462890625,1846.2099609375,0
1784341200000,1846.18994140625,1846.77001953125,1845.22998046875,1845.22998046875,0
1784341500000,1845.22998046875,1845.3699951171875,1844.530029296875,1844.81005859375,0
1784341800000,1845,1845,1842.06005859375,1842.6400146484375,0
1784342100000,1842.3199462890625,1843.43994140625,1841.8399658203125,1843.0999755859375,0
1784342400000,1843.3599853515625,1844.239990234375,1843.3199462890625,1843.56005859375,53188608
1784342700000,1843.5400390625,1843.9100341796875,1843.0799560546875,1843.6500244140625,0
1784343000000,1843.75,1844.1400146484375,1843.6600341796875,1843.81005859375,0
1784343300000,1843.800048828125,1844.280029296875,1843.469970703125,1843.6099853515625,0
1784343600000,1843.6099853515625,1844.9000244140625,1843.5699462890625,1843.5699462890625,0
1784343900000,1843.3900146484375,1843.3900146484375,1842.0400390625,1842.969970703125,0
1784344200000,1843.0699462890625,1843.25,1841.7900390625,1841.8699951171875,0
1784344500000,1841.9200439453125,1843.260009765625,1841.9200439453125,1842.9200439453125,0
1784344800000,1842.8800048828125,1844.02001953125,1842.5,1843.9599609375,0
1784345100000,1843.969970703125,1844.280029296875,1843.9300537109375,1844.0699462890625,0
1784345400000,1843.800048828125,1844.300048828125,1843.800048828125,1843.8800048828125,0
1784345700000,1843.8800048828125,1844.199951171875,1843.8599853515625,1844.02001953125,0
1784346000000,1843.81005859375,1844.1300048828125,1843.77001953125,1844.0699462890625,0
1784346300000,1844.1500244140625,1844.1500244140625,1843.3800048828125,1843.4100341796875,0
1784346600000,1843,1843.260009765625,1842.280029296875,1842.280029296875,0
1784346900000,1842.2900390625,1843.18994140625,1842.2900390625,1843.030029296875,0
1784347200000,1843.239990234375,1843.239990234375,1841.199951171875,1841.550048828125,0
1784347500000,1841.52001953125,1843.0699462890625,1841.52001953125,1842.6099853515625,0
1784347800000,1843.800048828125,1843.9000244140625,1843.27001953125,1843.449951171875,0
1784348100000,1843.4200439453125,1844.06005859375,1843.3299560546875,1844.050048828125,0
1784348400000,1843.9599609375,1844.0400390625,1843.0999755859375,1844.0400390625,0
1784348700000,1844.25,1845.77001953125,1844.02001953125,1845.5899658203125,0
1784349000000,1845.4100341796875,1848.02001953125,1845.3800048828125,1847.449951171875,0
1784349300000,1847.489990234375,1847.489990234375,1846.3399658203125,1846.6199951171875,0
1784349600000,1846.6199951171875,1846.6199951171875,1845.510009765625,1845.6199951171875,0
1784349900000,1845.6199951171875,1846.760009765625,1845.52001953125,1846.760009765625,0
1784350200000,1846.719970703125,1846.7900390625,1846.010009765625,1846.75,0
1784350500000,1846.699951171875,1846.699951171875,1845.8499755859375,1846.18994140625,530432
1784350800000,1846.27001953125,1846.7900390625,1845.2900390625,1845.3699951171875,0
1784351100000,1845.3800048828125,1845.97998046875,1845.25,1845.25,418304
1784351400000,1845.239990234375,1845.9100341796875,1845.010009765625,1845.199951171875,0
1784351700000,1845.199951171875,1845.2099609375,1843,1843.0699462890625,0
1784352000000,1843.0799560546875,1843.0799560546875,1841.8399658203125,1843.0400390625,0
1784352300000,1842.989990234375,1843.52001953125,1842.239990234375,1842.5999755859375,0
1784352600000,1842.47998046875,1843.4000244140625,1842.3599853515625,1843.4000244140625,7342592
1784352900000,1843.4300537109375,1844.1500244140625,1843.260009765625,1844.1500244140625,0
1784353200000,1843.93994140625,1844.280029296875,1843.7099609375,1844.050048828125,14483456
1784353500000,1844.1500244140625,1844.3199462890625,1843.800048828125,1843.800048828125,0
1784353800000,1843.800048828125,1844.3900146484375,1843.800048828125,1844.3900146484375,0
1784354100000,1844.3900146484375,1844.3900146484375,1843.8599853515625,1843.8699951171875,0
1784354400000,1843.68994140625,1843.8699951171875,1843.56005859375,1843.8699951171875,0
1784354700000,1843.8699951171875,1844.4000244140625,1843.8699951171875,1844.239990234375,0
1784355000000,1844.18994140625,1844.4000244140625,1843.3199462890625,1843.550048828125,0
1784355300000,1843.52001953125,1843.699951171875,1843.5,1843.68994140625,0
1784355600000,1843.68994140625,1844.1800537109375,1843.1800537109375,1844.1099853515625,0
1784355900000,1844.1199951171875,1845.27001953125,1844.0799560546875,1845.22998046875,0
1784356200000,1845.219970703125,1845.47998046875,1844.780029296875,1845.1500244140625,0
1784356500000,1845.1600341796875,1845.1600341796875,1842.9000244140625,1843.510009765625,0
1784356800000,1843.489990234375,1843.510009765625,1842.9000244140625,1843.1500244140625,11296256
1784357100000,1843.1500244140625,1843.550048828125,1843.1500244140625,1843.550048828125,0
1784357400000,1843.5400390625,1843.800048828125,1843.5400390625,1843.800048828125,7792640
1784357700000,1843.800048828125,1844.3499755859375,1843.800048828125,1844.18994140625,0
1784358000000,1844.18994140625,1844.4000244140625,1843.5400390625,1843.550048828125,0
1784358300000,1843.8399658203125,1844.4100341796875,1843.8399658203125,1844.050048828125,0
1784358600000,1844.02001953125,1844.02001953125,1843.5799560546875,1843.6700439453125,1850880
1784358900000,1843.6600341796875,1843.969970703125,1843.47998046875,1843.489990234375,0
1784359200000,1843.489990234375,1844.1600341796875,1843.47998046875,1844.1500244140625,0
1784359500000,1844.1700439453125,1844.4200439453125,1844.0400390625,1844.0400390625,0
1784359800000,1844.0999755859375,1844.0999755859375,1843.5799560546875,1843.7099609375,0
1784360100000,1843.760009765625,1844.0899658203125,1843.199951171875,1843.199951171875,0
1784360400000,1843.2099609375,1843.6300048828125,1842.949951171875,1843.5799560546875,0
1784360700000,1843.43994140625,1844.3199462890625,1843.3299560546875,1844.1300048828125,0
1784361000000,1844.1199951171875,1844.3499755859375,1843.68994140625,1844.030029296875,0
1784361300000,1844.1199951171875,1845.4100341796875,1844.0699462890625,1844.1700439453125,0
1784361600000,1844.1800537109375,1846.31005859375,1844.1800537109375,1846.31005859375,0
1784361900000,1846.4200439453125,1849.0799560546875,1845.489990234375,1845.489990234375,0
1784362200000,1845.489990234375,1846.0899658203125,1845.2099609375,1845.2099609375,65740288
1784362500000,1845.2099609375,1845.5400390625,1842.239990234375,1842.7099609375,0
1784362800000,1842.8399658203125,1842.9000244140625,1840.3699951171875,1840.739990234375,0
1784363100000,1840.800048828125,1841.199951171875,1840.0899658203125,1840.0899658203125,0
1784363400000,1840.0999755859375,1841.4000244140625,1838.800048828125,1841.0999755859375,0
1784363700000,1841.0999755859375,1843.43994140625,1841.030029296875,1843.43994140625,0
1784364000000,1843.550048828125,1843.7099609375,1842.8399658203125,1843.199951171875,9949696
1784364300000,1843.1400146484375,1846.3699951171875,1843.1400146484375,1844.6400146484375,0
1784364600000,1844.5799560546875,1845.530029296875,1844.449951171875,1845.469970703125,0
1784364900000,1845.449951171875,1845.9200439453125,1843.4100341796875,1843.4100341796875,61380096
1784365200000,1843.0799560546875,1843.0799560546875,1841.4300537109375,1842.010009765625,0
1784365500000,1841.8900146484375,1842.199951171875,1840.219970703125,1840.3599853515625,0
1784365800000,1839.68994140625,1839.68994140625,1836.4300537109375,1837.8399658203125,0
1784366100000,1837.8399658203125,1840.1400146484375,1837.3900146484375,1837.3900146484375,0
1784366400000,1837.6800537109375,1838.1600341796875,1836.25,1837.5,0
1784366700000,1837.5,1840.1600341796875,1837.5,1840.1500244140625,46597120
1784367000000,1840.030029296875,1840.9100341796875,1839.5999755859375,1840.0899658203125,0
1784367300000,1840.1199951171875,1840.9100341796875,1838.9100341796875,1840.6199951171875,0
1784367600000,1840.68994140625,1841.22998046875,1839.6099853515625,1840.199951171875,0
1784367900000,1840.22998046875,1840.6700439453125,1839.550048828125,1839.8399658203125,0
1784368200000,1840.199951171875,1840.25,1839.3699951171875,1840.0799560546875,0
1784368500000,1840.31005859375,1840.9200439453125,1840.010009765625,1840.31005859375,0
1784368800000,1840.56005859375,1841.43994140625,1839.6099853515625,1840.6800537109375,0
1784369100000,1840.800048828125,1841.43994140625,1839.6099853515625,1840.9000244140625,0
1784369400000,1840.9000244140625,1842.469970703125,1840.75,1842.1199951171875,3914752
1784369700000,1842.010009765625,1842.300048828125,1840.9200439453125,1841.5400390625,0
1784370000000,1841.530029296875,1842.8399658203125,1841.4300537109375,1842.43994140625,0
1784370300000,1842.4100341796875,1844.3599853515625,1842.4100341796875,1844.300048828125,0
1784370600000,1844.52001953125,1845.0899658203125,1843.8199462890625,1844.72998046875,0
1784370900000,1844.719970703125,1845.050048828125,1843.800048828125,1843.9300537109375,0
1784371200000,1844.0699462890625,1844.6300048828125,1843.5799560546875,1844.6300048828125,0
1784371500000,1844.68994140625,1844.68994140625,1843.56005859375,1844.1700439453125,0
1784371800000,1844.1099853515625,1844.97998046875,1843.8800048828125,1844.5,0
1784372100000,1844.449951171875,1845.010009765625,1843.0799560546875,1844.550048828125,0
1784372400000,1844.68994140625,1844.93994140625,1843.9300537109375,1844.280029296875,0
1784372700000,1844.1700439453125,1844.52001953125,1843.5699462890625,1843.5699462890625,0
1784373000000,1843.989990234375,1843.989990234375,1842.3900146484375,1843.06005859375,0
1784373300000,1843.050048828125,1844.52001953125,1842.8399658203125,1842.8399658203125,0
1784373600000,1842.81005859375,1843.9200439453125,1842.81005859375,1843.5999755859375,0
1784373900000,1843.6700439453125,1843.739990234375,1842.3499755859375,1842.3499755859375,9866240
1784374200000,1842.3499755859375,1842.8399658203125,1841.9200439453125,1842.489990234375,0
1784374500000,1842.5999755859375,1843.0899658203125,1842.3699951171875,1842.6700439453125,0
1784374800000,1842.6400146484375,1842.6400146484375,1842.1300048828125,1842.1300048828125,0
1784375100000,1842.1300048828125,1843.56005859375,1840.8599853515625,1843.56005859375,37063680
1784375400000,1843.6300048828125,1844.300048828125,1842.68994140625,1842.72998046875,0
1784375700000,1842.72998046875,1843.0799560546875,1842.47998046875,1842.5,0
1784376000000,1842.5,1842.68994140625,1840.760009765625,1840.760009765625,0
1784376300000,1840.75,1841.9599609375,1840.5,1841.9599609375,5786112
1784376600000,1841.949951171875,1842.8900146484375,1841.8800048828125,1842.719970703125,0
1784376900000,1842.719970703125,1843.3499755859375,1842.719970703125,1842.719970703125,0
1784377200000,1842.6800537109375,1842.6800537109375,1841.3599853515625,1841.9000244140625,0
1784377500000,1842.1099853515625,1842.3599853515625,1841.8900146484375,1842.22998046875,0
1784377800000,1842.3299560546875,1843.280029296875,1841.8900146484375,1842.6500244140625,0
1784378100000,1842.800048828125,1843.800048828125,1841.3199462890625,1841.3199462890625,0
1784378400000,1841.3199462890625,1841.949951171875,1841.31005859375,1841.949951171875,44107264
1784378700000,1841.949951171875,1843.4200439453125,1841.949951171875,1842.93994140625,0
1784379000000,1842.93994140625,1845.1099853515625,1841.0400390625,1844.52001953125,0
1784379300000,1844.530029296875,1845.5999755859375,1843.9300537109375,1844.510009765625,0
1784379600000,1844.719970703125,1844.949951171875,1843.550048828125,1844.1300048828125,0
1784379900000,1844.1600341796875,1844.52001953125,1843.31005859375,1843.5999755859375,0
1784380200000,1843.5799560546875,1844.7900390625,1843.4000244140625,1844.530029296875,0
1784380500000,1844.489990234375,1845.780029296875,1844.4100341796875,1845.3699951171875,0
1784380800000,1845.4000244140625,1845.969970703125,1842.31005859375,1843,0
1784381100000,1843.06005859375,1843.1500244140625,1842.010009765625,1842.5899658203125,0
1784381400000,1842.6400146484375,1844.6099853515625,1842.6400146484375,1844.1700439453125,13081600
1784381700000,1844.52001953125,1847.3299560546875,1844.52001953125,1847.2900390625,0
1784382000000,1847.6400146484375,1848.8599853515625,1846.8199462890625,1848.2900390625,0
1784382300000,1848.0999755859375,1852.1500244140625,1847.77001953125,1850.5,122564608
1784382600000,1850.510009765625,1850.989990234375,1848.800048828125,1850.1400146484375,0
1784382900000,1850.1700439453125,1851.8800048828125,1850.0400390625,1851.4100341796875,53453824
1784383200000,1851.719970703125,1851.760009765625,1849.8599853515625,1850.7900390625,0
1784383500000,1851.0999755859375,1851.0999755859375,1849.5699462890625,1849.699951171875,29471744
1784383800000,1849.699951171875,1850.1800537109375,1849.0899658203125,1849.0899658203125,0
1784384100000,1849.0899658203125,1850.8699951171875,1848.719970703125,1850.56005859375,2828288
1784384400000,1850.5400390625,1856.510009765625,1849.8199462890625,1856.510009765625,0
1784384700000,1863.780029296875,1863.780029296875,1856.800048828125,1857.8399658203125,125038080
1784385000000,1858.0799560546875,1858.2099609375,1854.18994140625,1854.719970703125,8485888
1784385300000,1854.6700439453125,1855.0699462890625,1853.4100341796875,1853.4100341796875,78409216
1784385600000,1853.5899658203125,1854.3599853515625,1853.1099853515625,1853.8699951171875,173056
1784385900000,1853.9200439453125,1856.510009765625,1853.9200439453125,1855.3299560546875,0
1784386200000,1855.199951171875,1856.68994140625,1855.0999755859375,1855.3299560546875,0
1784386500000,1855.3199462890625,1857.9599609375,1854.27001953125,1856.2900390625,0
1784386800000,1856.800048828125,1859.489990234375,1856.6400146484375,1857.489990234375,46896128
1784387100000,1857.800048828125,1859.27001953125,1857.6700439453125,1857.6700439453125,0
1784387400000,1857.010009765625,1857.6099853515625,1855.969970703125,1857.6099853515625,47497728
1784387700000,1857.97998046875,1860.0799560546875,1857.0799560546875,1857.9599609375,0
1784388000000,1857.9100341796875,1858.0799560546875,1855.030029296875,1855.0699462890625,19725312
1784388300000,1855.199951171875,1856.22998046875,1855,1855.510009765625,0
1784388600000,1855.800048828125,1856.22998046875,1854.5699462890625,1855.72998046875,0
1784388900000,1856.8499755859375,1857.8399658203125,1856.7099609375,1856.9200439453125,0
1784389200000,1856.760009765625,1856.8699951171875,1855.800048828125,1856.75,2761728
1784389500000,1856.6800537109375,1857.6500244140625,1856.6700439453125,1857.25,0
1784389800000,1857.1199951171875,1857.550048828125,1855.81005859375,1856.699951171875,47088640
1784390100000,1856.699951171875,1857.31005859375,1856.5999755859375,1857.239990234375,0
1784390400000,1857.3499755859375,1857.719970703125,1856.0899658203125,1857.3499755859375,794624
1784390700000,1856.77001953125,1857.3199462890625,1855.9300537109375,1856.300048828125,0
1784391000000,1856.300048828125,1859.030029296875,1856.300048828125,1858.530029296875,11888640
1784391300000,1858.449951171875,1860.1600341796875,1858.199951171875,1859.969970703125,0
1784391600000,1859.969970703125,1861.8699951171875,1859.5899658203125,1859.6700439453125,12069376
1784391900000,1859.68994140625,1860.1099853515625,1857.9000244140625,1858.3299560546875,22679040
1784392200000,1858.3699951171875,1858.3699951171875,1857.31005859375,1857.56005859375,0
1784392500000,1857.5699462890625,1857.5799560546875,1855.3800048828125,1856.030029296875,46490624
1784392800000,1856.02001953125,1856.8299560546875,1855.7099609375,1856.6700439453125,0
1784393100000,1856.93994140625,1856.93994140625,1855.1099853515625,1855.1800537109375,0
1784393400000,1855.1500244140625,1856.9100341796875,1854.5400390625,1856.6800537109375,9031680
1784393700000,1856.760009765625,1856.760009765625,1855.9000244140625,1855.9200439453125,0
1784394000000,1856.2900390625,1856.8599853515625,1855.52001953125,1856.75,3857920
1784394300000,1856.8699951171875,1857.52001953125,1854.780029296875,1855.8599853515625,35806720
1784394600000,1855.8499755859375,1860.5899658203125,1855.8499755859375,1860.5899658203125,0
1784394900000,1860.989990234375,1861.5,1859.5999755859375,1860.7900390625,0
1784395200000,1860.7900390625,1860.7900390625,1857.969970703125,1857.989990234375,22973440
1784395500000,1857.969970703125,1859.510009765625,1857.969970703125,1858.1400146484375,19708928
1784395800000,1858.199951171875,1858.550048828125,1857.0999755859375,1858.030029296875,38990848
1784396100000,1858.0999755859375,1858.300048828125,1856.5,1857.530029296875,0
1784396400000,1857.72998046875,1858.550048828125,1856.5999755859375,1856.5999755859375,6614528
1784396700000,1857.3599853515625,1857.489990234375,1855.739990234375,1857.489990234375,0
1784397000000,1857.550048828125,1861.6400146484375,1857.550048828125,1860.6099853515625,7576064
1784397300000,1860.449951171875,1861.1300048828125,1859.530029296875,1859.530029296875,0
1784397600000,1859.760009765625,1861.9000244140625,1858.43994140625,1861.7900390625,31028736
1784397900000,1861.8900146484375,1862.949951171875,1860.5999755859375,1861.969970703125,0
1784398200000,1861.969970703125,1864.3199462890625,1861.6300048828125,1861.68994140625,7281664
1784398500000,1861.68994140625,1861.7900390625,1860.8199462890625,1861.7900390625,53423104
1784398800000,1861.800048828125,1863.3699951171875,1860.949951171875,1860.949951171875,1127424
1784399100000,1860.9300537109375,1861.0999755859375,1860.0799560546875,1860.0799560546875,0
1784399400000,1859.760009765625,1860.699951171875,1859.280029296875,1860.47998046875,18727936
1784399700000,1860.47998046875,1860.68994140625,1859.530029296875,1860.47998046875,33356800
1784400000000,1860.5899658203125,1861.9200439453125,1860.5899658203125,1861.3900146484375,0
1784400300000,1861.3800048828125,1861.4000244140625,1860.5,1861.3399658203125,6005760
1784400600000,1861.3399658203125,1863.1099853515625,1861.300048828125,1861.300048828125,0
1784400900000,1861.2900390625,1863.22998046875,1861.1099853515625,1862.5400390625,0
1784401200000,1862.4000244140625,1863.0999755859375,1862.050048828125,1862.449951171875,11738112
1784401500000,1862.3199462890625,1862.8699951171875,1860.1199951171875,1860.3699951171875,11168256
1784401800000,1860.3599853515625,1860.6099853515625,1858.81005859375,1859.3800048828125,0
1784402100000,1859.4200439453125,1860.5999755859375,1859.1099853515625,1860.5999755859375,0
1784402400000,1860.7900390625,1862.0699462890625,1860.7900390625,1861.1500244140625,0
1784402700000,1861.31005859375,1862.199951171875,1860.8900146484375,1861.989990234375,51094016
1784403000000,1861.81005859375,1861.949951171875,1860.489990234375,1860.5999755859375,0
1784403300000,1860.800048828125,1861.3199462890625,1860.3900146484375,1861.199951171875,11035136
1784403600000,1860.8399658203125,1860.8399658203125,1859.949951171875,1860.5999755859375,0
1784403900000,1860.56005859375,1861.31005859375,1860.25,1860.8499755859375,2897408
1784404200000,1860.8499755859375,1860.9100341796875,1859.8299560546875,1860.239990234375,0
1784404500000,1860.8399658203125,1861.6500244140625,1860.510009765625,1861.5400390625,612352
1784404800000,1861.6099853515625,1862.0999755859375,1861.0799560546875,1861.1199951171875,0
1784405100000,1861.06005859375,1861.760009765625,1861.06005859375,1861.760009765625,10365952
1784405400000,1861.6800537109375,1861.81005859375,1861.199951171875,1861.199951171875,2121728
1784405700000,1861.2900390625,1861.68994140625,1861.0899658203125,1861.0999755859375,0
1784406000000,1861.0899658203125,1861.4599609375,1860.1600341796875,1861.199951171875,11896320
1784406300000,1861.449951171875,1862.27001953125,1858.2099609375,1858.3299560546875,25054208
1784406600000,1858.68994140625,1860.18994140625,1858.5,1859.06005859375,10865152
1784406900000,1859.06005859375,1859.06005859375,1858.1099853515625,1858.56005859375,0
1784407200000,1858.56005859375,1859.3399658203125,1858.3299560546875,1858.469970703125,26523136
1784407500000,1858.68994140625,1860.5899658203125,1858.5,1860.030029296875,0
1784407800000,1859.81005859375,1861.800048828125,1859.81005859375,1861.02001953125,27001344
1784408100000,1861.02001953125,1861.02001953125,1859.4599609375,1860.1099853515625,3592704
1784408400000,1860.1199951171875,1860.3699951171875,1858.3599853515625,1859.3800048828125,0
1784408700000,1859.52001953125,1859.68994140625,1858.699951171875,1859.050048828125,458752
1784409000000,1858.9599609375,1859.3800048828125,1858.8900146484375,1859.2900390625,0
1784409300000,1859.3399658203125,1859.4300537109375,1858.22998046875,1859.27001953125,0
1784409600000,1859.3499755859375,1859.6099853515625,1858.449951171875,1858.6800537109375,22649344
1784409900000,1858.9300537109375,1860.0799560546875,1858.6500244140625,1858.6500244140625,6188544
1784410200000,1858.449951171875,1858.9200439453125,1857.4200439453125,1858.9200439453125,32253440
1784410500000,1859.02001953125,1859.510009765625,1858.199951171875,1858.199951171875,20107776
1784410800000,1858.0999755859375,1858.0999755859375,1857.47998046875,1857.8299560546875,8664064
1784411100000,1857.9200439453125,1858.489990234375,1857.4200439453125,1857.7099609375,2057728
1784411400000,1857.52001953125,1858.9000244140625,1857.52001953125,1858.7900390625,34951680
1784411700000,1858.43994140625,1858.43994140625,1857.4300537109375,1857.8699951171875,16225792
1784412000000,1857.72998046875,1862.3399658203125,1857.5999755859375,1861.22998046875,0
1784412300000,1861.530029296875,1870.6400146484375,1861.530029296875,1865.5899658203125,1918464
1784412600000,1865.8900146484375,1870.550048828125,1865.8900146484375,1869.0999755859375,37872640
1784412900000,1869.3499755859375,1871.3199462890625,1866.239990234375,1866.239990234375,63533056
1784413200000,1866.4200439453125,1867.260009765625,1866.2099609375,1866.4000244140625,8429568
1784413500000,1866.31005859375,1867.4000244140625,1866.31005859375,1866.8199462890625,14803968
1784413800000,1866.72998046875,1874.199951171875,1866.72998046875,1871.989990234375,31029248
1784414100000,1872.8699951171875,1876.280029296875,1872.25,1873.3299560546875,41583616
1784414400000,1873.6800537109375,1873.6800537109375,1870.699951171875,1871.6400146484375,0
1784414700000,1871.68994140625,1872.469970703125,1869.969970703125,1870.9200439453125,36123136
1784415000000,1870.699951171875,1873.3900146484375,1870.4000244140625,1872.0799560546875,8033280
1784415300000,1872.4200439453125,1872.5,1870.1500244140625,1870.25,0
1784415600000,1871.719970703125,1871.739990234375,1869.1199951171875,1869.219970703125,13583872
1784415900000,1869.219970703125,1869.219970703125,1867.1300048828125,1867.6500244140625,0
1784416200000,1867.6300048828125,1868.1800537109375,1866.719970703125,1866.72998046875,11266048
1784416500000,1866.6700439453125,1866.6700439453125,1863.1600341796875,1864.5799560546875,4752896
1784416800000,1864.3299560546875,1864.739990234375,1862.6400146484375,1862.9000244140625,7970816
1784417100000,1862.68994140625,1864.4000244140625,1862.68994140625,1864.1099853515625,47418368
1784417400000,1864.1400146484375,1865.719970703125,1864.050048828125,1864.6500244140625,0
1784417700000,1864.5799560546875,1865.22998046875,1864.010009765625,1864.1800537109375,282112
1784418000000,1864.31005859375,1865.06005859375,1863.449951171875,1864.199951171875,26070528
1784418300000,1864,1865.219970703125,1863.1500244140625,1865.1800537109375,24823296
1784418600000,1865.1800537109375,1865.72998046875,1865.010009765625,1865.1199951171875,1386496
1784418900000,1864.6199951171875,1866.02001953125,1864.5,1866.02001953125,4275200
1784419200000,1866,1867.1099853515625,1864.9200439453125,1865.56005859375,0
1784419500000,1865.510009765625,1865.8499755859375,1864.1300048828125,1864.6600341796875,0
1784419800000,1864.550048828125,1864.5899658203125,1863.0799560546875,1864.2099609375,0
1784420100000,1864.4000244140625,1865.0899658203125,1864.4000244140625,1864.760009765625,0
1784420400000,1864.699951171875,1866,1864.3199462890625,1864.5400390625,0
1784420700000,1864.5400390625,1865.5799560546875,1864.1700439453125,1865.5,119384064
1784421000000,1865.5699462890625,1865.8699951171875,1864.9300537109375,1865.8699951171875,0
1784421300000,1865.800048828125,1869.0899658203125,1865.7900390625,1868.239990234375,6297600
1784421600000,1868.1600341796875,1868.1600341796875,1866.8599853515625,1867.1700439453125,0
1784421900000,1867.1700439453125,1868.5799560546875,1867.1300048828125,1867.68994140625,0
1784422200000,1867.68994140625,1867.699951171875,1865.1400146484375,1865.2900390625,43813376
1784422500000,1865.260009765625,1866.27001953125,1865.260009765625,1866.0899658203125,0
1784422800000,1866.469970703125,1868.530029296875,1866.469970703125,1868.1099853515625,87682560
1784423100000,1868.1099853515625,1868.27001953125,1867.010009765625,1867.469970703125,0
1784423400000,1867.550048828125,1868.8900146484375,1867.5400390625,1868.8900146484375,33162752
1784423700000,1868.949951171875,1869.18994140625,1867.800048828125,1867.9300537109375,5384192
1784424000000,1867.9300537109375,1868.1700439453125,1867.5400390625,1868.1300048828125,12160512
1784424300000,1868.280029296875,1868.6199951171875,1866.780029296875,1867.030029296875,10459648
1784424600000,1866.8800048828125,1866.8900146484375,1865.6400146484375,1865.6400146484375,9057792
1784424900000,1865.3599853515625,1866.300048828125,1864.449951171875,1866.300048828125,6470656
1784425200000,1866.25,1866.6600341796875,1866,1866.31005859375,0
1784425500000,1866.31005859375,1867.75,1866.31005859375,1867.6099853515625,10058752
1784425800000,1867.6500244140625,1868.7900390625,1867.6500244140625,1867.9200439453125,0
1784426100000,1867.8699951171875,1868.1700439453125,1867.1800537109375,1867.2099609375,0
1784426400000,1867.010009765625,1868.02001953125,1866.8299560546875,1867.6400146484375,0
1784426700000,1867.6700439453125,1868.030029296875,1867.3299560546875,1867.6400146484375,7677952
1784427000000,1867.43994140625,1868.760009765625,1867.0799560546875,1868.1700439453125,0
1784427300000,1868.1700439453125,1868.5999755859375,1867.56005859375,1867.8599853515625,0
1784427600000,1867.8499755859375,1869.4000244140625,1867.6500244140625,1869.3199462890625,1250816
1784427900000,1869.31005859375,1869.31005859375,1867.31005859375,1867.989990234375,0
1784428200000,1868.3900146484375,1870.199951171875,1867.300048828125,1869.1300048828125,0
1784428500000,1869.1199951171875,1869.3699951171875,1868.5899658203125,1868.8499755859375,100597760
1784428800000,1868.8499755859375,1868.969970703125,1868.4000244140625,1868.969970703125,0
1784429100000,1868.969970703125,1869,1867.3299560546875,1867.68994140625,63180288
1784429400000,1868.030029296875,1868.4599609375,1867.68994140625,1867.969970703125,10357248
1784429700000,1867.9200439453125,1868.3299560546875,1867.81005859375,1867.9000244140625,0
1784430000000,1867.77001953125,1867.989990234375,1867.31005859375,1867.510009765625,0
1784430300000,1867.5,1867.510009765625,1866.4000244140625,1866.8499755859375,6463488
1784430600000,1866.3900146484375,1866.739990234375,1865.9100341796875,1866.72998046875,9339904
1784430900000,1866.739990234375,1867.68994140625,1866.199951171875,1867.5400390625,0
1784431200000,1867.5400390625,1868.27001953125,1867.22998046875,1867.6300048828125,31480832
1784431500000,1867.8399658203125,1868.300048828125,1867.8199462890625,1868.300048828125,0
1784431800000,1868.0400390625,1868.22998046875,1867.2099609375,1868.22998046875,5501440
1784432100000,1868.239990234375,1870.3800048828125,1867.9300537109375,1869.9200439453125,2848768
1784432400000,1869.8900146484375,1870.6300048828125,1869.47998046875,1869.8399658203125,52335616
1784432700000,1869.8399658203125,1869.8699951171875,1868.239990234375,1868.239990234375,6687744
1784433000000,1868.52001953125,1868.699951171875,1868.1600341796875,1868.43994140625,0
1784433300000,1868.6199951171875,1869.1099853515625,1867.6300048828125,1868.6500244140625,99902976
1784433600000,1869.0699462890625,1869.0799560546875,1867.06005859375,1867.9200439453125,0
1784433900000,1868.1500244140625,1868.77001953125,1867.6700439453125,1867.9000244140625,0
1784434200000,1867.93994140625,1869.9100341796875,1867.9200439453125,1869.25,18685440
1784434500000,1869.239990234375,1869.239990234375,1867.300048828125,1867.300048828125,0
1784434800000,1867.47998046875,1867.550048828125,1866.4599609375,1867.43994140625,6839296
1784435100000,1867.5400390625,1868.030029296875,1867.5400390625,1867.760009765625,8900608
1784435400000,1867.8800048828125,1868.18994140625,1867.5699462890625,1867.5699462890625,0
1784435700000,1867.56005859375,1868.3599853515625,1866.5999755859375,1868.050048828125,0
1784436000000,1868.0799560546875,1870.030029296875,1867.9300537109375,1869.489990234375,0
1784436300000,1869.550048828125,1872.1600341796875,1869.4599609375,1871.4100341796875,13111296
1784436600000,1871.719970703125,1873.800048828125,1871.2900390625,1871.300048828125,4547072
1784436900000,1871.1700439453125,1872.6500244140625,1870.800048828125,1872.6500244140625,34553344
1784437200000,1872.7099609375,1872.8299560546875,1872.010009765625,1872.3599853515625,69797888
1784437500000,1872.300048828125,1872.31005859375,1871.4000244140625,1871.77001953125,18131968
1784437800000,1871.760009765625,1871.77001953125,1869.8699951171875,1869.9200439453125,2683904
1784438100000,1869.9000244140625,1869.9000244140625,1865.56005859375,1866.1199951171875,0
1784438400000,1865.77001953125,1867.050048828125,1865.1099853515625,1866.989990234375,0
1784438700000,1867,1867.56005859375,1866.9200439453125,1867.550048828125,75462144
1784439000000,1867.5400390625,1869.050048828125,1867.5400390625,1867.989990234375,0
1784439300000,1867.800048828125,1868.9599609375,1865.8900146484375,1865.8900146484375,16358912
1784439600000,1865.81005859375,1866.280029296875,1864.5899658203125,1865.449951171875,0
1784439900000,1865.4200439453125,1866.4100341796875,1865,1866.22998046875,5082624
1784440200000,1866.239990234375,1867.02001953125,1864.8299560546875,1865.0799560546875,33690624
1784440500000,1865.02001953125,1865.52001953125,1864.199951171875,1865.1600341796875,22049280
1784440800000,1865.050048828125,1866.4000244140625,1862.97998046875,1866.31005859375,0
1784441100000,1866.3800048828125,1866.3800048828125,1864.77001953125,1864.8800048828125,0
1784441400000,1864.8900146484375,1865.8800048828125,1864.8900146484375,1865.0799560546875,54492160
1784441700000,1865.0699462890625,1866.22998046875,1865.0699462890625,1866.22998046875,0
1784442000000,1866.0999755859375,1866.219970703125,1865.4599609375,1865.4599609375,0
1784442300000,1865.7099609375,1867.27001953125,1865.199951171875,1867.1600341796875,15141888
1784442600000,1867.1600341796875,1867.280029296875,1866.1199951171875,1866.8399658203125,0
1784442900000,1866.8299560546875,1867.5999755859375,1866.6600341796875,1867.02001953125,2983936
1784443200000,1867.199951171875,1870.9200439453125,1867.199951171875,1870.7099609375,0
1784443500000,1870.8800048828125,1876.4200439453125,1870.8800048828125,1872.3599853515625,28357120
1784443800000,1872.719970703125,1873.7900390625,1871.5799560546875,1872.4599609375,19148288
1784444100000,1872.52001953125,1872.7099609375,1870.6099853515625,1870.949951171875,62605312
1784444400000,1871.030029296875,1873.4300537109375,1868.969970703125,1873.0799560546875,3525120
1784444700000,1873.3800048828125,1875.4000244140625,1872.72998046875,1874.3800048828125,14594560
1784445000000,1874.52001953125,1874.8599853515625,1872.9000244140625,1873.9300537109375,1424384
1784445300000,1874.030029296875,1875.239990234375,1873.1400146484375,1875.199951171875,4262400
1784445600000,1875.199951171875,1877.199951171875,1874.9100341796875,1875.8499755859375,55617024
1784445900000,1875.719970703125,1875.719970703125,1873.800048828125,1874.8800048828125,30876672
1784446200000,1874.760009765625,1875.3599853515625,1873.8699951171875,1875.1099853515625,0
1784446500000,1875.239990234375,1876.43994140625,1873.780029296875,1874.0899658203125,44433920
1784446800000,1874.280029296875,1874.31005859375,1873,1874.27001953125,33232896
1784447100000,1874.280029296875,1874.75,1871.77001953125,1871.77001953125,8140288
1784447400000,1871.9200439453125,1871.9200439453125,1870.5899658203125,1870.75,1849344
1784447700000,1870.75,1870.8499755859375,1869.1500244140625,1870.050048828125,10356224
1784448000000,1869.9599609375,1870.18994140625,1867.31005859375,1867.8900146484375,0
1784448300000,1867.56005859375,1867.9599609375,1863.81005859375,1864.6700439453125,0
1784448600000,1864.1400146484375,1865.2099609375,1863.6400146484375,1863.6400146484375,66014208
1784448900000,1863.5999755859375,1867.5400390625,1863.550048828125,1866.9200439453125,14561280
1784449200000,1867.1099853515625,1871.93994140625,1866.760009765625,1871.93994140625,18564096
1784449500000,1872.1099853515625,1872.9000244140625,1866.760009765625,1867.8399658203125,14220800
1784449800000,1867.4100341796875,1870.75,1867.4100341796875,1869.8199462890625,0
1784450100000,1869.8199462890625,1872.5899658203125,1869.6199951171875,1871.1700439453125,0
1784450400000,1871.3900146484375,1871.4000244140625,1868.9000244140625,1869.75,116311040
1784450700000,1869.5,1869.5,1867.3800048828125,1868.030029296875,0
1784451000000,1868.050048828125,1869.81005859375,1867.81005859375,1869.06005859375,327168
1784451300000,1869.199951171875,1870.52001953125,1868.8900146484375,1869.1199951171875,0
1784451600000,1869.1099853515625,1869.300048828125,1865.6600341796875,1866.6500244140625,0
1784451900000,1866.780029296875,1867.56005859375,1866,1866.4599609375,0
1784452200000,1866.449951171875,1866.469970703125,1864.5899658203125,1865.77001953125,64714240
1784452500000,1865.699951171875,1866.97998046875,1864.5999755859375,1865.8599853515625,35860992
1784452800000,1866,1866.8399658203125,1865.4599609375,1866.0999755859375,57332224
1784453100000,1865.7900390625,1867.949951171875,1865.6400146484375,1867.550048828125,54136832
1784453400000,1868.0999755859375,1871.0999755859375,1867.81005859375,1870.239990234375,0
1784453700000,1870.2099609375,1870.2099609375,1866.949951171875,1867.68994140625,188163584
1784454000000,1867.1500244140625,1868.5,1866.719970703125,1867.8699951171875,127924224
1784454300000,1867.77001953125,1870.43994140625,1867.75,1870.3800048828125,4128256
1784454600000,1870.3499755859375,1872.239990234375,1870.260009765625,1870.530029296875,35384320
1784454900000,1870.6800537109375,1871.300048828125,1870.2900390625,1870.4200439453125,25644032
1784455200000,1870.5400390625,1872.3399658203125,1869.489990234375,1872.27001953125,0
1784455500000,1872.300048828125,1872.699951171875,1870.800048828125,1870.8699951171875,17648640
1784455800000,1870.969970703125,1872.9300537109375,1870.969970703125,1871.8900146484375,4749312
1784456100000,1872.22998046875,1872.699951171875,1869.3800048828125,1870.0799560546875,11099136
1784456400000,1869.780029296875,1869.9000244140625,1867.3299560546875,1868.77001953125,2668032
1784456700000,1868.6400146484375,1870.2099609375,1867.5699462890625,1870.02001953125,0
1784457000000,1870.02001953125,1873.06005859375,1869.6199951171875,1873,3042304
1784457300000,1873.800048828125,1874.52001953125,1871.5,1872.0999755859375,32641024
1784457600000,1871.8900146484375,1872.3199462890625,1870.9000244140625,1872.3199462890625,39578624
1784457900000,1871.8800048828125,1875.3499755859375,1871.8800048828125,1875.0799560546875,0
1784458200000,1874.9300537109375,1876.72998046875,1872.8299560546875,1874.010009765625,21302272
1784458500000,1874.3900146484375,1874.4200439453125,1872.8399658203125,1873.31005859375,53285376
1784458800000,1873.31005859375,1874.739990234375,1872.8800048828125,1872.9599609375,0
1784459100000,1872.6600341796875,1874.030029296875,1871.93994140625,1871.93994140625,0
1784459400000,1871.5699462890625,1873.52001953125,1871.550048828125,1872.760009765625,42447872
1784459700000,1873.0799560546875,1873.6600341796875,1870.800048828125,1871.56005859375,0
1784460000000,1871.56005859375,1871.5999755859375,1869.9000244140625,1870.5699462890625,110447616
1784460300000,1870.5999755859375,1870.6199951171875,1867.489990234375,1867.97998046875,5028864
1784460600000,1868.27001953125,1870.199951171875,1868.050048828125,1869.3800048828125,0
1784460900000,1869.449951171875,1871.3800048828125,1869.449951171875,1871.3699951171875,1239040
1784461200000,1871.3699951171875,1872.3800048828125,1870.550048828125,1870.5999755859375,61274112
1784461500000,1870.5,1871.22998046875,1869.6600341796875,1870.3800048828125,49667584
1784461800000,1870.27001953125,1870.6400146484375,1868.75,1870.0999755859375,0
1784462100000,1870.1700439453125,1870.239990234375,1868.8800048828125,1869.68994140625,16860160
1784462400000,1869.5799560546875,1870.800048828125,1866.9599609375,1870.800048828125,0
1784462700000,1870.949951171875,1872.22998046875,1867.699951171875,1868.6300048828125,23204352
1784463000000,1868.6400146484375,1869.9100341796875,1868.1600341796875,1869.25,0
1784463300000,1868.8199462890625,1868.8199462890625,1867.5,1868.6600341796875,8124928
1784463600000,1868.6600341796875,1871.010009765625,1868.2900390625,1870.1300048828125,49039360
1784463900000,1870.1199951171875,1870.199951171875,1868.1199951171875,1869.050048828125,42885120
1784464200000,1868.9300537109375,1869.0400390625,1866.06005859375,1866.969970703125,0
1784464500000,1866.969970703125,1867.4200439453125,1865.8399658203125,1866.300048828125,0
1784464800000,1866.739990234375,1867.3599853515625,1866.199951171875,1867.1300048828125,52891648
1784465100000,1867.25,1867.97998046875,1866.530029296875,1866.68994140625,35840
1784465400000,1866.739990234375,1866.739990234375,1864.56005859375,1865.0899658203125,0
1784465700000,1865.0999755859375,1865.800048828125,1864.68994140625,1865.1099853515625,0
1784466000000,1865.22998046875,1866.0400390625,1857.719970703125,1862.25,0
1784466300000,1862.4100341796875,1867,1861.81005859375,1865.43994140625,67773440
1784466600000,1865.280029296875,1870.2099609375,1865.050048828125,1870.2099609375,47445504
1784466900000,1870.0899658203125,1872.199951171875,1866.3599853515625,1867.030029296875,0
1784467200000,1867.25,1868.2099609375,1866.2099609375,1867.8499755859375,177833984
1784467500000,1867.47998046875,1868.72998046875,1867.1300048828125,1868.72998046875,5694976
1784467800000,1868.1800537109375,1871.8800048828125,1868.1099853515625,1870.800048828125,0
1784468100000,1870.6400146484375,1872.0899658203125,1870.5,1870.800048828125,18919936
1784468400000,1870.800048828125,1870.800048828125,1867.4000244140625,1868.2099609375,8329728
1784468700000,1868.030029296875,1868.800048828125,1867.5400390625,1868.3199462890625,0
1784469000000,1868,1868.1500244140625,1866.43994140625,1867.739990234375,23350784
1784469300000,1867.6600341796875,1867.7900390625,1865.800048828125,1865.9200439453125,0
1784469600000,1865.8900146484375,1866.56005859375,1860.1400146484375,1861.5799560546875,0
1784469900000,1861.3699951171875,1861.5899658203125,1853.5899658203125,1860.0999755859375,0
1784470200000,1860.56005859375,1863,1860.050048828125,1861.3199462890625,110381568
1784470500000,1861.199951171875,1861.9200439453125,1859.8499755859375,1861.9200439453125,35753984
1784470800000,1861.300048828125,1861.72998046875,1859.6500244140625,1861.43994140625,0
1784471100000,1861.219970703125,1861.219970703125,1856.6400146484375,1856.8699951171875,0
1784471400000,1856.6800537109375,1858.7900390625,1855.510009765625,1858.6800537109375,0
1784471700000,1858.4200439453125,1859.31005859375,1857.8199462890625,1859.27001953125,0
1784472000000,1859.27001953125,1860.0400390625,1858,1858.4300537109375,0
1784472300000,1858.3199462890625,1859.699951171875,1856.5,1859.0699462890625,2051072
1784472600000,1858.6800537109375,1858.6800537109375,1857.3699951171875,1857.699951171875,11109376
1784472900000,1857.77001953125,1859.7099609375,1856.9200439453125,1859.7099609375,0
1784473200000,1860.25,1860.25,1853.530029296875,1856.280029296875,0
1784473500000,1857.030029296875,1858.9200439453125,1856.56005859375,1858.9200439453125,23214080
1784473800000,1858.9000244140625,1859.18994140625,1858.239990234375,1858.699951171875,0
1784474100000,1858.989990234375,1858.989990234375,1857.6400146484375,1858.4000244140625,25176576
1784474400000,1858.4000244140625,1858.760009765625,1857.72998046875,1858.27001953125,23863296
1784474700000,1858.280029296875,1859.6700439453125,1857.489990234375,1858.81005859375,0
1784475000000,1858.81005859375,1859.06005859375,1857.1199951171875,1858.1300048828125,0
1784475300000,1858.050048828125,1859.8800048828125,1857.72998046875,1858.0400390625,13273600
1784475600000,1858.0799560546875,1858.8499755859375,1857.6099853515625,1857.8299560546875,0
1784475900000,1857.7900390625,1858.449951171875,1857.0799560546875,1858.31005859375,0
1784476200000,1858.4599609375,1858.68994140625,1857.6099853515625,1858.68994140625,0
1784476500000,1858.6300048828125,1861.300048828125,1858.5899658203125,1860.969970703125,15281664
1784476800000,1860.969970703125,1864.3299560546875,1860.969970703125,1862.9100341796875,0
1784477100000,1862.81005859375,1864.0899658203125,1862.3399658203125,1864.030029296875,0
1784477400000,1863.97998046875,1863.97998046875,1862.1099853515625,1862.2900390625,43900928
1784477700000,1862.2900390625,1862.77001953125,1860.6800537109375,1861.5,0
1784478000000,1860.72998046875,1863.22998046875,1860.72998046875,1863.219970703125,0
1784478300000,1863.22998046875,1863.3299560546875,1862.0400390625,1862.8900146484375,27822592
1784478600000,1862.719970703125,1863.719970703125,1862.2900390625,1863.719970703125,10215424
1784478900000,1863.6600341796875,1865.1500244140625,1862.6400146484375,1863.780029296875,0
1784479200000,1863.6700439453125,1864.0999755859375,1863.0999755859375,1864.0999755859375,0
1784479500000,1864.0999755859375,1865.1800537109375,1863.1800537109375,1863.5899658203125,0
1784479800000,1863.5999755859375,1863.8399658203125,1862.5899658203125,1863.8399658203125,0
1784480100000,1864.0899658203125,1865.760009765625,1863.9000244140625,1865.760009765625,2460672
1784480400000,1866.6800537109375,1866.6800537109375,1865.4100341796875,1865.8199462890625,0
1784480700000,1866.050048828125,1866.050048828125,1865.1700439453125,1865.25,40017408
1784481000000,1865.260009765625,1866.050048828125,1863.6400146484375,1865.3699951171875,17008128
1784481300000,1865.75,1865.75,1862.449951171875,1862.449951171875,0
1784481600000,1862.199951171875,1863.0899658203125,1861.949951171875,1862.22998046875,0
1784481900000,1861.8699951171875,1863.239990234375,1861.31005859375,1862.800048828125,0
1784482200000,1862.800048828125,1862.800048828125,1860.469970703125,1860.75,6374400
1784482500000,1860.97998046875,1861.800048828125,1858.969970703125,1859.739990234375,0
1784482800000,1859.739990234375,1859.739990234375,1856.030029296875,1857.6199951171875,0
1784483100000,1858.0899658203125,1860.1400146484375,1858.0899658203125,1859.739990234375,44953600
1784483400000,1859.739990234375,1860.18994140625,1859.0699462890625,1859.1500244140625,0
1784483700000,1859.1500244140625,1860.6700439453125,1857.719970703125,1860.6700439453125,33021952
1784484000000,1858.280029296875,1868.68994140625,1858.280029296875,1860.9000244140625,0
1784484300000,1861.199951171875,1863.1199951171875,1856.7099609375,1863.1199951171875,9280000
1784484600000,1863.31005859375,1867.56005859375,1862.3199462890625,1867.56005859375,164784128
1784484900000,1867.72998046875,1875.030029296875,1867.72998046875,1874,0
1784485200000,1874.06005859375,1875.8399658203125,1869.489990234375,1869.8599853515625,70435328
1784485500000,1869.5,1871.75,1869.3900146484375,1870.0799560546875,52277248
1784485800000,1869.969970703125,1871.3900146484375,1867.8499755859375,1869.6199951171875,5117952
1784486100000,1869.47998046875,1871.739990234375,1866.5799560546875,1871.68994140625,25034752
1784486400000,1871.699951171875,1873.6199951171875,1869.6500244140625,1873.199951171875,8775680
1784486700000,1872.25,1872.4300537109375,1870.199951171875,1870.199951171875,76077056
1784487000000,1870.219970703125,1870.6700439453125,1868.489990234375,1869.8800048828125,10260992
1784487300000,1869.949951171875,1870,1868.6600341796875,1869.239990234375,0
1784487600000,1869.1199951171875,1869.1199951171875,1863.9599609375,1865.02001953125,0
1784487900000,1865.02001953125,1867.0799560546875,1863.9599609375,1866.5799560546875,22574080
1784488200000,1866.5,1870.0999755859375,1865.800048828125,1869.6800537109375,0
1784488500000,1869.8299560546875,1869.8299560546875,1867.0799560546875,1868.8299560546875,10600960
1784488800000,1869.010009765625,1869.010009765625,1866.5999755859375,1868.8900146484375,33578496
1784489100000,1868.969970703125,1870.4300537109375,1866.9100341796875,1867.800048828125,24110592
1784489400000,1867.800048828125,1871.9100341796875,1867.5699462890625,1871.5899658203125,0
1784489700000,1871.780029296875,1873.050048828125,1866.47998046875,1868,0
1784490000000,1866.5999755859375,1872.7099609375,1866.5999755859375,1872.7099609375,100789248
1784490300000,1873.7900390625,1873.7900390625,1868.760009765625,1868.760009765625,20650496
1784490600000,1868.300048828125,1871.27001953125,1868.300048828125,1869.2900390625,18198016
1784490900000,1869.6600341796875,1871.8699951171875,1869.6099853515625,1870.9599609375,8765952
1784491200000,1871.010009765625,1871.010009765625,1865.4000244140625,1868.1300048828125,513024
1784491500000,1868.1199951171875,1876.68994140625,1868.1199951171875,1875.550048828125,30646784
1784491800000,1875.9599609375,1888.5799560546875,1875.9599609375,1886.2099609375,26252800
1784492100000,1886.4000244140625,1890.199951171875,1884.1300048828125,1886.300048828125,81881088
1784492400000,1885.449951171875,1885.449951171875,1875.6500244140625,1880.1500244140625,88587776
1784492700000,1880,1880.3800048828125,1877.5999755859375,1878.4100341796875,32430080
1784493000000,1878.2900390625,1879.030029296875,1875,1875.47998046875,0
1784493300000,1875.050048828125,1883.489990234375,1875.050048828125,1882.02001953125,69888000
1784493600000,1881.010009765625,1883.77001953125,1879.2099609375,1879.219970703125,0
1784493900000,1878.5999755859375,1878.5999755859375,1871.4000244140625,1872.5999755859375,20124160
1784494200000,1872.52001953125,1873.199951171875,1861.5999755859375,1870.5,0
1784494500000,1870.5400390625,1871.4000244140625,1869.489990234375,1870.72998046875,153325568
1784494800000,1870.780029296875,1872.5899658203125,1868.8900146484375,1872.5699462890625,33044480
1784495100000,1872.5899658203125,1887.0400390625,1871.800048828125,1887.0400390625,0
1784495400000,1888.1300048828125,1888.1300048828125,1878.1199951171875,1878.3900146484375,0
1784495700000,1878.719970703125,1879.449951171875,1871.699951171875,1873.43994140625,88715264
1784496000000,1873.699951171875,1881.1500244140625,1872.969970703125,1879.25,42931200
1784496300000,1879.0999755859375,1883.3800048828125,1878.5999755859375,1879.4200439453125,0
1784496600000,1879.219970703125,1879.81005859375,1875.7900390625,1875.7900390625,73475584
1784496900000,1875.550048828125,1878.9599609375,1873.989990234375,1876.6600341796875,13694976
1784497200000,1876.9100341796875,1877.280029296875,1868.47998046875,1872.5,62447104
1784497500000,1872.8399658203125,1873.6700439453125,1871.1600341796875,1873.2099609375,0
1784497800000,1873.5999755859375,1873.5999755859375,1865.1099853515625,1865.52001953125,31820288
1784498100000,1865.2900390625,1868.6600341796875,1864.2900390625,1867.81005859375,21860352
1784498400000,1867.7900390625,1879.1500244140625,1867.7900390625,1879.0799560546875,0
1784498700000,1878.260009765625,1881.1500244140625,1875.9000244140625,1878.030029296875,0
1784499000000,1878.5999755859375,1878.8399658203125,1875.3800048828125,1875.9300537109375,38188032
1784499300000,1876.47998046875,1876.77001953125,1868.4000244140625,1868.5899658203125,0
1784499600000,1867.3599853515625,1871,1866.719970703125,1869.949951171875,0
1784499900000,1870.199951171875,1871.1600341796875,1868.3199462890625,1870.43994140625,110000640
1784500200000,1869.8199462890625,1876.760009765625,1869.8199462890625,1874.1700439453125,2822656
1784500500000,1874.3399658203125,1875.3599853515625,1871.75,1873.2099609375,0
1784500800000,1873.18994140625,1879.47998046875,1872.5,1875.8800048828125,0
1784501100000,1876.18994140625,1881.6600341796875,1875.9000244140625,1880.4000244140625,22747136
1784501400000,1880.800048828125,1880.800048828125,1877.760009765625,1878.719970703125,31373312
1784501700000,1878.9599609375,1879.8499755859375,1877.1600341796875,1877.5,62424576
1784502000000,1877.4200439453125,1879.8900146484375,1877.1800537109375,1878.68994140625,0
1784502300000,1879,1879,1875.3699951171875,1877.5899658203125,25294848
1784502600000,1877.5899658203125,1879.4200439453125,1875.97998046875,1878.719970703125,24838144
1784502900000,1878.3599853515625,1880.760009765625,1876.449951171875,1876.8599853515625,0
1784503200000,1876.050048828125,1876.43994140625,1870.550048828125,1872.9000244140625,0
1784503500000,1872.260009765625,1872.5,1869.4300537109375,1871.52001953125,0
1784503800000,1871.050048828125,1875,1870.4000244140625,1872.8399658203125,0
1784504100000,1872.5799560546875,1876.06005859375,1871.6300048828125,1874.989990234375,43209728
1784504400000,1875.81005859375,1878.719970703125,1874.6800537109375,1878.719970703125,44427776
1784504700000,1878.949951171875,1879.260009765625,1876.3299560546875,1877.5400390625,1419776
1784505000000,1877.510009765625,1879.1600341796875,1876.5699462890625,1876.6500244140625,587264
1784505300000,1876.93994140625,1878.3699951171875,1875.02001953125,1878.3699951171875,0
1784505600000,1878.5,1878.5,1875.47998046875,1876.3399658203125,45673984
1784505900000,1876.3399658203125,1876.3499755859375,1872.6500244140625,1872.97998046875,536576
1784506200000,1872.93994140625,1874.3800048828125,1870.489990234375,1871.199951171875,8477184
1784506500000,1871.18994140625,1871.18994140625,1867.199951171875,1869.239990234375,0
1784506800000,1869.5899658203125,1870.550048828125,1868.280029296875,1870.25,58820096
1784507100000,1870.239990234375,1873.3800048828125,1870.239990234375,1872.4000244140625,5503488
1784507400000,1872.6099853515625,1876,1870.9300537109375,1874.0799560546875,0
1784507700000,1874.1500244140625,1877.4000244140625,1874.030029296875,1875.1600341796875,30242304
1784508000000,1875.239990234375,1875.56005859375,1872.8499755859375,1874.6500244140625,0
1784508300000,1874.4100341796875,1875.8599853515625,1872.3699951171875,1872.3699951171875,58138624
1784508600000,1872.1099853515625,1872.1700439453125,1868.1199951171875,1868.31005859375,84560384
1784508900000,1868.1700439453125,1869.5,1867.0799560546875,1867.0799560546875,58962432
1784509200000,1867.6700439453125,1868.4000244140625,1863.6099853515625,1865.1600341796875,9596928
1784509500000,1865.22998046875,1866.5,1863.1300048828125,1863.3900146484375,12240896
1784509800000,1863,1863,1851.3499755859375,1857.719970703125,0
1784510100000,1856.699951171875,1862.4100341796875,1855.9200439453125,1861.97998046875,592905728
1784510400000,1861.43994140625,1861.9100341796875,1854.4000244140625,1857,261741056
1784510700000,1856.6400146484375,1859,1855.9599609375,1857.56005859375,0
1784511000000,1857.6600341796875,1859.300048828125,1855.800048828125,1857.1800537109375,113153024
1784511300000,1856.3699951171875,1857.199951171875,1854.800048828125,1856.52001953125,7496192
1784511600000,1856.510009765625,1858.97998046875,1855.719970703125,1857.0400390625,124728320
1784511900000,1857.3399658203125,1857.3399658203125,1854.719970703125,1856.1099853515625,9591808
1784512200000,1856.239990234375,1856.5,1853.199951171875,1853.5899658203125,21542400
1784512500000,1853.530029296875,1855.0799560546875,1852.56005859375,1854.050048828125,40386560
1784512800000,1854.4200439453125,1855.6500244140625,1852.68994140625,1854.5799560546875,0
1784513100000,1854.4200439453125,1855.260009765625,1850.9100341796875,1854.260009765625,0
1784513400000,1853.219970703125,1856.0699462890625,1853.0400390625,1855.6600341796875,157076480
1784513700000,1855.3299560546875,1856.8499755859375,1853.52001953125,1856.27001953125,0
1784514000000,1856.260009765625,1858.449951171875,1853.1600341796875,1853.1600341796875,0
1784514300000,1853.239990234375,1856,1853.1600341796875,1855.2900390625,113528320
1784514600000,1854.8800048828125,1855.56005859375,1845.9200439453125,1849.3900146484375,0
1784514900000,1848.6600341796875,1849.68994140625,1842.68994140625,1845.6300048828125,49490432
1784515200000,1845.030029296875,1847.22998046875,1844.4100341796875,1846.530029296875,139200512
1784515500000,1846.1199951171875,1847.8399658203125,1844.4300537109375,1847.4200439453125,13220864
1784515800000,1847.31005859375,1849.18994140625,1846.68994140625,1848.0999755859375,4100096
1784516100000,1848.1199951171875,1849.300048828125,1846.9300537109375,1847.800048828125,16440832
1784516400000,1848.4100341796875,1851.760009765625,1848.4100341796875,1851.1800537109375,0
1784516700000,1850.989990234375,1852.4300537109375,1850.530029296875,1851.8299560546875,0
1784517000000,1852.1800537109375,1852.5999755859375,1850.530029296875,1851.280029296875,79321600
1784517300000,1851.06005859375,1851.699951171875,1847.780029296875,1850.550048828125,21805056
1784517600000,1850.8800048828125,1855.43994140625,1849.68994140625,1855.2900390625,0
1784517900000,1855.5,1857.4100341796875,1853.8900146484375,1856.199951171875,4656128
1784518200000,1856.199951171875,1858.719970703125,1855.4100341796875,1858.510009765625,20588544
1784518500000,1858.0899658203125,1858.0899658203125,1856,1856.72998046875,7485440
1784518800000,1856.0899658203125,1861.0899658203125,1855.969970703125,1861.050048828125,0
1784519100000,1860.8599853515625,1862.5999755859375,1859.6400146484375,1860.469970703125,0
1784519400000,1860.43994140625,1863.8199462890625,1859.81005859375,1863.3399658203125,66776064
1784519700000,1862.8399658203125,1863.0999755859375,1861.31005859375,1862.3900146484375,9863168
1784520000000,1862.0400390625,1865.0999755859375,1861.7900390625,1862.68994140625,0
1784520300000,1862.52001953125,1862.7099609375,1860.18994140625,1860.6500244140625,86598656
1784520600000,1860.6500244140625,1863.800048828125,1859.5999755859375,1863.1300048828125,26908672
1784520900000,1863.239990234375,1866.81005859375,1862.1700439453125,1864.0799560546875,35379200
1784521200000,1863.9000244140625,1863.97998046875,1862.1700439453125,1863.3900146484375,0
1784521500000,1863.239990234375,1863.719970703125,1862.2900390625,1862.8499755859375,123035648
1784521800000,1862.8299560546875,1863,1860.6199951171875,1861.2900390625,0
1784522100000,1860.8299560546875,1862.760009765625,1852.1800537109375,1856.06005859375,60180480
1784522400000,1855.7099609375,1856.6099853515625,1853.06005859375,1853.06005859375,58301440
1784522700000,1853.3900146484375,1859.969970703125,1853.3900146484375,1859.56005859375,93499392
1784523000000,1859.530029296875,1861.6700439453125,1857.5999755859375,1857.949951171875,44741632
1784523300000,1858.68994140625,1859.1800537109375,1857.199951171875,1859.1600341796875,0
1784523600000,1859.030029296875,1859.9300537109375,1857.3599853515625,1857.3699951171875,0
1784523900000,1856.9100341796875,1858.3399658203125,1856.1199951171875,1857.9000244140625,25689088
1784524200000,1857.6199951171875,1858.93994140625,1857.6199951171875,1858.4300537109375,0
1784524500000,1858.4200439453125,1862.5799560546875,1858.4200439453125,1858.81005859375,0
1784524800000,1858.3599853515625,1862.0400390625,1858.3599853515625,1861.0899658203125,10214400
1784525100000,1861.0999755859375,1862.3599853515625,1860.5899658203125,1862.1199951171875,111315968
1784525400000,1862.1099853515625,1863.8900146484375,1861.2099609375,1862.949951171875,4734976
1784525700000,1863.47998046875,1864.1800537109375,1862.0400390625,1862.75,36129792
1784526000000,1863.1199951171875,1864.1600341796875,1862.510009765625,1863.8699951171875,2071552
1784526300000,1864.06005859375,1864.9100341796875,1863.760009765625,1864.1600341796875,0
1784526600000,1863.969970703125,1865.6600341796875,1863.1500244140625,1864.4100341796875,26212352
1784526900000,1864.0999755859375,1864.18994140625,1862.4000244140625,1862.4000244140625,248832
1784527200000,1862.5699462890625,1864.18994140625,1860.9599609375,1864.18994140625,0
1784527500000,1864.1500244140625,1864.1500244140625,1862.0999755859375,1863.5799560546875,0
1784527800000,1863.5699462890625,1865.0999755859375,1863.5699462890625,1864.300048828125,16533504
1784528100000,1864.0799560546875,1864.0799560546875,1862.6500244140625,1863.43994140625,0
1784528400000,1863.68994140625,1869.1800537109375,1863.280029296875,1868.1800537109375,0
1784528700000,1868.75,1869.699951171875,1866.719970703125,1868.75,0
1784529000000,1868.52001953125,1868.52001953125,1865.8800048828125,1867.5400390625,12762112
1784529300000,1867.1199951171875,1868.4200439453125,1865.9100341796875,1866.5400390625,6122496
1784529600000,1866.550048828125,1869.0400390625,1865.5999755859375,1868.800048828125,62857216
1784529900000,1868.4000244140625,1868.4100341796875,1867.0799560546875,1867.93994140625,0
1784530200000,1867.949951171875,1868.3199462890625,1866.68994140625,1867.9000244140625,0
1784530500000,1868.0400390625,1868.1300048828125,1866.9100341796875,1867.239990234375,61492224
1784530800000,1867.6500244140625,1869.02001953125,1866.300048828125,1868.6099853515625,4189184
1784531100000,1869.3900146484375,1874.9599609375,1869.3900146484375,1874.81005859375,0
1784531400000,1874.5699462890625,1874.6500244140625,1872.800048828125,1873.300048828125,0
1784531700000,1873.1099853515625,1873.9000244140625,1871.6600341796875,1872,16365568
1784532000000,1871.75,1873.18994140625,1870.550048828125,1871.489990234375,120403968
1784532300000,1871.5,1872.97998046875,1871.4599609375,1872.449951171875,65038336
1784532600000,1872.219970703125,1886.8800048828125,1872.219970703125,1886.0699462890625,0
1784532900000,1885.18994140625,1893.300048828125,1885.18994140625,1890.0999755859375,91167744
1784533200000,1890.3699951171875,1891.3900146484375,1885.8599853515625,1885.8599853515625,175523840
1784533500000,1886.989990234375,1890.0999755859375,1885.8399658203125,1888.1800537109375,110515200
1784533800000,1887.1300048828125,1889.3599853515625,1886.27001953125,1888.0899658203125,0
1784534100000,1888.219970703125,1894.43994140625,1887.010009765625,1891.56005859375,125451264
1784534400000,1891.6600341796875,1891.6600341796875,1878.3800048828125,1880.68994140625,13463552
1784534700000,1881.22998046875,1882.4000244140625,1879.4000244140625,1882.4000244140625,84741120
1784535000000,1882.219970703125,1882.219970703125,1877.3299560546875,1878.8399658203125,20451328
1784535300000,1879,1880.239990234375,1877.43994140625,1877.489990234375,0
1784535600000,1877.489990234375,1877.9000244140625,1875.699951171875,1876.280029296875,1543168
1784535900000,1876.2099609375,1877.02001953125,1874.800048828125,1875.6800537109375,12244992
1784536200000,1875.739990234375,1877,1871.93994140625,1875.489990234375,84090880
1784536500000,1875.3199462890625,1875.5899658203125,1873.3299560546875,1873.3299560546875,13054976
1784536800000,1873.510009765625,1875.5,1871.300048828125,1871.31005859375,41195520
1784537100000,1871.6500244140625,1874.199951171875,1871.1400146484375,1873.510009765625,0
1784537400000,1873.530029296875,1873.7099609375,1870.72998046875,1870.9200439453125,60944384
1784537700000,1870.9599609375,1871.800048828125,1870.1400146484375,1871.3800048828125,7675904
1784538000000,1871.9100341796875,1872.3399658203125,1870.4300537109375,1871.4300537109375,0
1784538300000,1872.18994140625,1873.199951171875,1871.6199951171875,1873.02001953125,64909312
1784538600000,1873.199951171875,1873.5400390625,1871.2099609375,1871.2099609375,11414528
1784538900000,1871.9000244140625,1873.7900390625,1871.25,1873.3199462890625,0
1784539200000,1873.3199462890625,1873.3199462890625,1870.31005859375,1871.199951171875,0
1784539500000,1869.56005859375,1869.56005859375,1865.8199462890625,1867.8699951171875,0
1784539800000,1868.18994140625,1876.489990234375,1868.010009765625,1874.5999755859375,0
1784540100000,1874.97998046875,1878.8399658203125,1874.699951171875,1876.5899658203125,79438848
1784540400000,1876.800048828125,1877.68994140625,1872.75,1874.4200439453125,0
1784540700000,1874.7900390625,1874.8900146484375,1863.2900390625,1873.8800048828125,0
1784541000000,1873.6099853515625,1875.5799560546875,1862,1862,0
1784541300000,1862.0799560546875,1864.6500244140625,1855.800048828125,1860.5,241863680
1784541600000,1860.4599609375,1864,1857.9000244140625,1862.31005859375,30710784
1784541900000,1861.2099609375,1863.9100341796875,1860.47998046875,1862.969970703125,0
1784542200000,1862.5999755859375,1862.5999755859375,1857.93994140625,1859.6400146484375,193238016
1784542500000,1858.81005859375,1861.3599853515625,1854.8199462890625,1856.9100341796875,0
1784542800000,1856.8299560546875,1862.4000244140625,1852,1862.4000244140625,0
1784543100000,1861.800048828125,1865.3399658203125,1861.530029296875,1865.3399658203125,44224512
1784543400000,1865.4000244140625,1867.75,1864.3800048828125,1865.510009765625,0
1784543700000,1864.9000244140625,1865.760009765625,1861.75,1863.8199462890625,264623104
1784544000000,1863.8599853515625,1866.3499755859375,1863.030029296875,1865.1600341796875,31046656
1784544300000,1864.4000244140625,1868.719970703125,1862.280029296875,1862.280029296875,0
1784544600000,1862.1600341796875,1864.1099853515625,1861.2099609375,1863.199951171875,139132928
1784544900000,1862.8499755859375,1866.449951171875,1862.8499755859375,1866.260009765625,21536768
1784545200000,1866.72998046875,1874,1865.93994140625,1873.5,0
1784545500000,1873.3199462890625,1881.3399658203125,1870.780029296875,1880.2099609375,49313792
1784545800000,1880.699951171875,1884.5799560546875,1879.0999755859375,1883.6300048828125,103107584
1784546100000,1883.81005859375,1884.93994140625,1881.1600341796875,1883.27001953125,32080896
1784546400000,1882.3399658203125,1883.8499755859375,1880.989990234375,1883.0799560546875,193963008
1784546700000,1883.1700439453125,1884.530029296875,1881,1883.97998046875,26292224
1784547000000,1884.1199951171875,1887.27001953125,1880.2099609375,1882.260009765625,0
1784547300000,1881.4599609375,1882.6099853515625,1880.800048828125,1882.530029296875,26305536
1784547600000,1882.2099609375,1891.4599609375,1881.9300537109375,1889.4000244140625,11981824
1784547900000,1890.239990234375,1900,1890.1199951171875,1895.3499755859375,44505088
1784548200000,1895.280029296875,1902.27001953125,1894.9200439453125,1900.4100341796875,95285248
1784548500000,1900.0400390625,1902,1898.760009765625,1901.0400390625,66190336
1784548800000,1901.239990234375,1902.4000244140625,1896.5899658203125,1897.199951171875,17238016
1784549100000,1896.6800537109375,1897.9200439453125,1892.4100341796875,1894.9200439453125,100753408
1784549400000,1895.199951171875,1903,1895.18994140625,1902.530029296875,99562496
1784549700000,1902.4000244140625,1904.510009765625,1898.449951171875,1898.93994140625,58162176
1784550000000,1899.3399658203125,1900.4200439453125,1897.7900390625,1900.4200439453125,126769152
1784550300000,1900.3900146484375,1900.550048828125,1895.68994140625,1898.989990234375,0
1784550600000,1899.219970703125,1900.4300537109375,1897.7099609375,1899.449951171875,93087744
1784550900000,1900.300048828125,1901.5699462890625,1898.699951171875,1899.9200439453125,0
1784551200000,1900.300048828125,1902.81005859375,1895.3599853515625,1895.5899658203125,207643648
1784551500000,1895.5400390625,1901.199951171875,1895.5400390625,1898.0699462890625,0
1784551800000,1898.280029296875,1898.4200439453125,1896.2099609375,1896.2099609375,192946176
1784552100000,1896.050048828125,1898.1199951171875,1894.3699951171875,1898.1199951171875,0
1784552400000,1897.56005859375,1899.030029296875,1895.52001953125,1896.4100341796875,49399808
1784552700000,1895.8599853515625,1901.9100341796875,1895.8599853515625,1901.3599853515625,0
1784553000000,1901.6099853515625,1901.6099853515625,1897.3299560546875,1897.3299560546875,37192704
1784553300000,1896.030029296875,1898.1099853515625,1893.9599609375,1898.1099853515625,48643072
1784553600000,1898.1600341796875,1899.3499755859375,1896.3699951171875,1897.3399658203125,0
1784553900000,1897.0899658203125,1898.739990234375,1896.969970703125,1898.6099853515625,56054784
1784554200000,1898.6400146484375,1898.6700439453125,1896.1300048828125,1896.1300048828125,0
1784554500000,1895.760009765625,1898.1199951171875,1895.3499755859375,1895.3499755859375,2695168
1784554800000,1895.1700439453125,1897.3299560546875,1894.5999755859375,1895.9200439453125,954368
1784555100000,1895.8199462890625,1901.280029296875,1895.8199462890625,1901.280029296875,0
1784555400000,1901.5999755859375,1908.1700439453125,1901.1600341796875,1906.1199951171875,0
1784555700000,1906,1908.4000244140625,1904.7099609375,1906.6800537109375,6576128
1784556000000,1907.4000244140625,1914.02001953125,1905.9599609375,1911.1199951171875,148365312
1784556300000,1910.530029296875,1910.719970703125,1908.1700439453125,1909.800048828125,132954112
1784556600000,1909.0899658203125,1916.719970703125,1908.4000244140625,1913.52001953125,0
1784556900000,1913.3199462890625,1917.030029296875,1911.489990234375,1911.5999755859375,0
1784557200000,1911.239990234375,1911.3599853515625,1905.7099609375,1906.1099853515625,82563072
1784557500000,1906.1199951171875,1909.1099853515625,1906.1199951171875,1906.97998046875,145081344
1784557800000,1907.1300048828125,1907.1300048828125,1903.5699462890625,1904.6400146484375,0
1784558100000,1905.8499755859375,1906.739990234375,1903.949951171875,1904.7900390625,0
1784558400000,1904.2900390625,1904.800048828125,1900.7900390625,1900.7900390625,74714112
1784558700000,1901.280029296875,1901.5,1898.280029296875,1898.719970703125,0
1784559000000,1899.010009765625,1900,1896.8599853515625,1896.989990234375,82049024
1784559300000,1897.1400146484375,1898.4300537109375,1896.0799560546875,1898.010009765625,117364736
1784559600000,1898.1199951171875,1898.449951171875,1892.72998046875,1894.72998046875,20143104
1784559900000,1894,1895.7900390625,1893.239990234375,1894.800048828125,29264896
1784560200000,1894.6700439453125,1895.280029296875,1890.9000244140625,1890.9000244140625,20941824
1784560500000,1889.6400146484375,1893.9599609375,1888.7099609375,1893,0
1784560800000,1893.0999755859375,1894.800048828125,1892.52001953125,1894.010009765625,152280064
1784561100000,1894.030029296875,1895.8599853515625,1891.5999755859375,1895.4000244140625,0
1784561400000,1895.3900146484375,1895.3900146484375,1892.6400146484375,1894.5999755859375,159128576
1784561700000,1894.22998046875,1895.280029296875,1892.1700439453125,1894.300048828125,25400320
1784562000000,1894.3399658203125,1897.300048828125,1893.780029296875,1896.1400146484375,25132032
1784562300000,1896.1400146484375,1897.5899658203125,1894.800048828125,1897.43994140625,1370112
1784562600000,1896.199951171875,1899.1199951171875,1895.77001953125,1899.1099853515625,47175680
1784562900000,1898.6600341796875,1899.8199462890625,1896.5899658203125,1897.199951171875,0
1784563200000,1898.6500244140625,1898.6500244140625,1894.9000244140625,1896.5899658203125,5580800
1784563500000,1896.72998046875,1898.52001953125,1896.530029296875,1897.469970703125,99955712
1784563800000,1897.3199462890625,1900.6300048828125,1897.199951171875,1900.1600341796875,0
1784564100000,1900.510009765625,1901.1199951171875,1898.9000244140625,1899.969970703125,1178624
1784564400000,1900,1901.93994140625,1900,1900.5400390625,18225152
1784564700000,1900.6199951171875,1901.6300048828125,1899.1199951171875,1900.4100341796875,95118336
1784565000000,1900.0799560546875,1905.3800048828125,1900.0799560546875,1904.6099853515625,2121728
1784565300000,1904.1700439453125,1905.4100341796875,1903.3299560546875,1903.699951171875,0
1784565600000,1904.1099853515625,1904.5699462890625,1901.4000244140625,1902.5999755859375,77532160
1784565900000,1902.5999755859375,1903.800048828125,1902.510009765625,1902.6099853515625,0
1784566200000,1902.6300048828125,1903.9200439453125,1901.18994140625,1903.9200439453125,109425664
1784566500000,1903.5699462890625,1903.9599609375,1902.7900390625,1903.5400390625,8107008
1784566800000,1903.8399658203125,1904.81005859375,1902.739990234375,1904.4200439453125,0
1784567100000,1904.510009765625,1905.0999755859375,1902.8399658203125,1904.5899658203125,18080768
1784567400000,1904.800048828125,1906.3199462890625,1904.1600341796875,1904.1700439453125,0
1784567700000,1903.9300537109375,1905.7900390625,1903.9300537109375,1904.72998046875,2481152
1784568000000,1904.719970703125,1905.6099853515625,1904.52001953125,1904.6300048828125,19389440
1784568300000,1904.2900390625,1904.6199951171875,1903.2099609375,1903.56005859375,13450240
1784568600000,1903.56005859375,1904.8800048828125,1903.43994140625,1904.8199462890625,0
1784568900000,1904.6400146484375,1905.719970703125,1903.8499755859375,1903.8499755859375,9289728
1784569200000,1903.8599853515625,1904.68994140625,1903.1199951171875,1903.56005859375,0
1784569500000,1903.9100341796875,1904.300048828125,1901.530029296875,1901.5400390625,6370304
1784569800000,1901.8599853515625,1902.1199951171875,1900.52001953125,1901.97998046875,34570240
1784570100000,1902.239990234375,1902.469970703125,1900.3800048828125,1901.050048828125,0
1784570400000,1900.8399658203125,1900.8399658203125,1898.0799560546875,1899.1199951171875,0
1784570700000,1898.8900146484375,1899.949951171875,1897.43994140625,1899.530029296875,0
1784571000000,1899.530029296875,1900.699951171875,1898.4000244140625,1898.77001953125,51294208
1784571300000,1898.4200439453125,1898.5699462890625,1895.5,1897.6600341796875,0
1784571600000,1897.6700439453125,1897.9200439453125,1896.6600341796875,1897.56005859375,0
1784571900000,1897.56005859375,1897.6800537109375,1895.1700439453125,1895.2900390625,0
1784572200000,1895.2900390625,1896.5999755859375,1894.239990234375,1894.25,0
1784572500000,1894.280029296875,1895.4000244140625,1893.780029296875,1894.489990234375,0
1784572800000,1894.449951171875,1894.449951171875,1892.9000244140625,1893.6700439453125,7497728
1784573100000,1894.199951171875,1894.9100341796875,1893.7900390625,1894.9100341796875,0
1784573400000,1894.9000244140625,1894.9000244140625,1894.1600341796875,1894.510009765625,81020928
1784573700000,1894.510009765625,1894.760009765625,1893.530029296875,1894.5799560546875,0
1784574000000,1894.56005859375,1896.0899658203125,1894.050048828125,1895.8299560546875,0
1784574300000,1896.1199951171875,1900.0699462890625,1896.1099853515625,1899.1600341796875,6092800
1784574600000,1899.02001953125,1899.3299560546875,1897.9100341796875,1897.93994140625,0
1784574900000,1898.22998046875,1901.6199951171875,1898.22998046875,1901.6199951171875,202497024
1784575200000,1901.739990234375,1902.47998046875,1900.469970703125,1901.1600341796875,0
1784575500000,1901.06005859375,1902.469970703125,1901.06005859375,1902.3900146484375,77786112
1784575800000,1902.489990234375,1903.6400146484375,1901.8800048828125,1901.8800048828125,15295488
1784576100000,1902.1099853515625,1902.469970703125,1900.2900390625,1900.4599609375,0
1784576400000,1900.1800537109375,1900.81005859375,1899.77001953125,1900.52001953125,0
1784576700000,1901.1700439453125,1902.4200439453125,1900.0799560546875,1901.1199951171875,0
1784577000000,1900.6800537109375,1900.6800537109375,1898.77001953125,1900.3199462890625,0
1784577300000,1900.4000244140625,1904.1500244140625,1899.969970703125,1903.5400390625,83991552
1784577600000,1903,1903.1500244140625,1900.22998046875,1903.1500244140625,0
1784577900000,1903.760009765625,1903.760009765625,1899.5699462890625,1901.5,98451456
1784578200000,1901.219970703125,1904.0400390625,1899.77001953125,1901.530029296875,0
1784578500000,1901.6300048828125,1907.3299560546875,1900.4000244140625,1907.280029296875,0
1784578800000,1906.6099853515625,1908.4599609375,1905.1199951171875,1908.4599609375,0
1784579100000,1909.1500244140625,1909.1500244140625,1905.719970703125,1906.300048828125,104452096
1784579400000,1905.969970703125,1910.5899658203125,1905.969970703125,1909.699951171875,1414144
1784579700000,1909.3199462890625,1912.18994140625,1908.4000244140625,1912.0400390625,0
1784580000000,1912.0799560546875,1915.4599609375,1912.0400390625,1913.5400390625,9465856
1784580300000,1914.1199951171875,1916.800048828125,1913.77001953125,1914,17020928
1784580600000,1914,1914.699951171875,1913.06005859375,1914.6400146484375,0
1784580900000,1914.3299560546875,1914.3900146484375,1912.97998046875,1913.9000244140625,91837440
1784581200000,1913.2900390625,1914.1199951171875,1911.4000244140625,1914.1199951171875,0
1784581500000,1914.5899658203125,1916.3199462890625,1913.52001953125,1915.800048828125,0
1784581800000,1915.9200439453125,1916.9100341796875,1912.800048828125,1912.800048828125,0
1784582100000,1912.43994140625,1912.72998046875,1909.2900390625,1910.4200439453125,48083968
1784582400000,1910.6400146484375,1910.8299560546875,1908.9300537109375,1908.9300537109375,0
1784582700000,1908.6500244140625,1910.18994140625,1908.52001953125,1908.969970703125,3719168
1784583000000,1909.18994140625,1911.949951171875,1907.800048828125,1911.4000244140625,90646528
1784583300000,1911.6099853515625,1914,1910.699951171875,1910.699951171875,0
1784583600000,1910.1600341796875,1910.1600341796875,1907.72998046875,1908.699951171875,0
1784583900000,1908.510009765625,1909.800048828125,1908.3599853515625,1908.699951171875,0
1784584200000,1908.6099853515625,1909.0400390625,1907.3199462890625,1907.9300537109375,0
1784584500000,1907.6600341796875,1907.97998046875,1905.5,1906.2099609375,75491328
1784584800000,1906.300048828125,1909.199951171875,1905.8699951171875,1908.3699951171875,0
1784585100000,1908.72998046875,1912.5899658203125,1908.239990234375,1908.239990234375,0
1784585400000,1908.1199951171875,1909.050048828125,1907.260009765625,1908.3299560546875,105289728
1784585700000,1908.1600341796875,1908.1600341796875,1903.699951171875,1903.8800048828125,0
1784586000000,1903.8399658203125,1907.43994140625,1903.3299560546875,1907.43994140625,0
1784586300000,1907.3599853515625,1907.510009765625,1905.719970703125,1906.47998046875,0
1784586600000,1906.3299560546875,1911.0799560546875,1906.3299560546875,1910.5999755859375,14105600
1784586900000,1910.530029296875,1912.25,1909.9300537109375,1910.52001953125,65536
1784587200000,1910.5,1911.1400146484375,1908.8499755859375,1910.8900146484375,81678336
1784587500000,1910.5999755859375,1910.8399658203125,1909.469970703125,1910.6700439453125,0
1784587800000,1910.6700439453125,1913.3699951171875,1910.6700439453125,1913.18994140625,0
1784588100000,1913.219970703125,1920.3499755859375,1913.219970703125,1916.1700439453125,0
1784588400000,1916.050048828125,1923.0999755859375,1915.9000244140625,1922,0
1784588700000,1922.47998046875,1926.199951171875,1921.1199951171875,1922.8499755859375,67724288
1784589000000,1922.699951171875,1923.800048828125,1921.0400390625,1923.800048828125,170858496
1784589300000,1924.0999755859375,1925,1921.56005859375,1922.0400390625,0
1784589600000,1922,1926.760009765625,1921.93994140625,1923.5,57026560
1784589900000,1923.239990234375,1924.18994140625,1922.25,1923.6099853515625,30546944
1784590200000,1923.199951171875,1925.5,1921.6199951171875,1925.5,0
1784590500000,1925.72998046875,1926.3299560546875,1923.5,1924.5400390625,18108416
1784590800000,1924.739990234375,1926.3800048828125,1924.3499755859375,1925.1099853515625,4075520
1784591100000,1924.800048828125,1925.27001953125,1923.719970703125,1923.72998046875,6411264
1784591400000,1924.0799560546875,1926.5999755859375,1923.1600341796875,1925.760009765625,4379648
1784591700000,1925.77001953125,1926.5999755859375,1924.1300048828125,1925.4599609375,29530112
1784592000000,1925.4100341796875,1929.4599609375,1925.0400390625,1929.010009765625,0
1784592300000,1928.77001953125,1929.8399658203125,1926.3699951171875,1926.3699951171875,0
1784592600000,1926.43994140625,1926.449951171875,1923.9300537109375,1924.8699951171875,99189760
1784592900000,1924.6199951171875,1925.25,1922.9100341796875,1924.219970703125,21226496
1784593200000,1924.449951171875,1925.510009765625,1922.47998046875,1922.510009765625,0
1784593500000,1922.510009765625,1923.239990234375,1921.81005859375,1921.8199462890625,10050560
1784593800000,1922.239990234375,1922.8699951171875,1921.3800048828125,1921.9200439453125,14213120
1784594100000,1921.8800048828125,1924.4100341796875,1921.260009765625,1922.5400390625,2861056
1784594400000,1922.6400146484375,1923.5,1921.3299560546875,1923.1400146484375,109894656
1784594700000,1922.8800048828125,1924.2099609375,1922.1800537109375,1923.18994140625,10105856
1784595000000,1923.199951171875,1924.449951171875,1922.510009765625,1923.4599609375,0
1784595300000,1923.31005859375,1924.3800048828125,1923,1923.3599853515625,16941056
1784595600000,1923.1199951171875,1924.9100341796875,1921.969970703125,1924.719970703125,0
1784595900000,1924.8900146484375,1924.8900146484375,1921.5799560546875,1922.8299560546875,0
1784596200000,1922.9200439453125,1923.219970703125,1921.7900390625,1922.3199462890625,0
1784596500000,1922.1300048828125,1922.4000244140625,1920.72998046875,1920.949951171875,0
1784596800000,1921.550048828125,1923.760009765625,1921.199951171875,1923.719970703125,0
1784597100000,1923.719970703125,1925.22998046875,1923.27001953125,1923.75,0
1784597400000,1923.9599609375,1924.3900146484375,1922.550048828125,1923.4100341796875,0
1784597700000,1923.4100341796875,1924.06005859375,1922.1600341796875,1922.1600341796875,76854272
1784598000000,1922.239990234375,1925.97998046875,1922.239990234375,1925.18994140625,10242048
1784598300000,1924.9300537109375,1932.9200439453125,1924.5999755859375,1930.68994140625,0
1784598600000,1930.699951171875,1931.3399658203125,1927.8699951171875,1928.1700439453125,67426304
1784598900000,1928.0400390625,1929.719970703125,1927,1929.239990234375,0
1784599200000,1929.7099609375,1932.8199462890625,1928.530029296875,1931.050048828125,0
1784599500000,1931.4000244140625,1931.8199462890625,1928.510009765625,1928.510009765625,0
1784599800000,1927.5999755859375,1931.1199951171875,1926.5,1930.4599609375,0
1784600100000,1930.449951171875,1931.1099853515625,1928.4200439453125,1929.1300048828125,37658624
1784600400000,1929.010009765625,1932.5999755859375,1928.4100341796875,1931.8800048828125,75973632
1784600700000,1931.5999755859375,1932.449951171875,1930.4300537109375,1931.1700439453125,0
1784601000000,1931.0400390625,1935.6099853515625,1931.0400390625,1935.3399658203125,0
1784601300000,1935.5799560546875,1938.739990234375,1935.5,1937.97998046875,25063424
1784601600000,1937.6400146484375,1937.6400146484375,1935.27001953125,1936.6800537109375,0
1784601900000,1936.699951171875,1936.8599853515625,1932.6500244140625,1934.4000244140625,98211840
1784602200000,1934.5,1935.1800537109375,1932.4100341796875,1933.280029296875,127227904
1784602500000,1933.4200439453125,1934.3900146484375,1932.9300537109375,1933.5999755859375,111604736
1784602800000,1933.5699462890625,1935.0999755859375,1933.1199951171875,1934.6500244140625,0
1784603100000,1934.6300048828125,1935.0899658203125,1932.43994140625,1933.3199462890625,0
1784603400000,1933.3199462890625,1934.5899658203125,1933.199951171875,1934.52001953125,27840512
1784603700000,1934.469970703125,1936.3199462890625,1934.199951171875,1936.3199462890625,15704064
1784604000000,1936.43994140625,1937.1400146484375,1933.0899658203125,1933.3299560546875,0
1784604300000,1933.1800537109375,1934.1500244140625,1932.6800537109375,1934.02001953125,106071040
1784604600000,1933.800048828125,1937.0400390625,1933.300048828125,1935.3599853515625,0
1784604900000,1935.4200439453125,1936.300048828125,1934.699951171875,1935.219970703125,7970816
1784605200000,1935.5999755859375,1938,1933.1600341796875,1933.43994140625,128831488
1784605500000,1933.22998046875,1935.8199462890625,1932.1600341796875,1934.8800048828125,36334592
1784605800000,1934.8900146484375,1935.1199951171875,1933.1500244140625,1934.6099853515625,41155584
1784606100000,1934.199951171875,1934.219970703125,1932.8800048828125,1932.8900146484375,21555200
1784606400000,1932.77001953125,1935.06005859375,1931.93994140625,1934.550048828125,0
1784606700000,1934.2099609375,1934.72998046875,1932.010009765625,1932.1700439453125,0
1784607000000,1932.030029296875,1936.9300537109375,1930.3699951171875,1936.9300537109375,0
1784607300000,1936.6300048828125,1941,1936,1941,27143168
1784607600000,1940.8699951171875,1949.3699951171875,1940.239990234375,1944.719970703125,72206336
1784607900000,1943.8900146484375,1944.8699951171875,1937.4000244140625,1938.93994140625,321204224
1784608200000,1939.43994140625,1940.22998046875,1937.0799560546875,1939.719970703125,0
1784608500000,1939.3699951171875,1941.3800048828125,1939.050048828125,1941.3800048828125,102390784
1784608800000,1941.4300537109375,1941.4300537109375,1938.719970703125,1941.1800537109375,0
1784609100000,1941.239990234375,1941.7099609375,1938.699951171875,1939.4599609375,0
1784609400000,1939.449951171875,1940.0400390625,1938.550048828125,1938.550048828125,35286016
1784609700000,1938.530029296875,1939.199951171875,1937.6500244140625,1938.6199951171875,16735232
1784610000000,1938.25,1938.300048828125,1936.31005859375,1937.6500244140625,5210112
1784610300000,1937.449951171875,1938.68994140625,1936.5699462890625,1937.6300048828125,46190592
1784610600000,1937.6300048828125,1939.0699462890625,1935.8399658203125,1938.8900146484375,122782720
1784610900000,1939.0400390625,1939.800048828125,1938,1938,85841920
1784611200000,1937.9000244140625,1939.050048828125,1937.1600341796875,1938.47998046875,71263232
1784611500000,1938.3299560546875,1939.22998046875,1937.06005859375,1937.1700439453125,30949376
1784611800000,1937.760009765625,1939.7900390625,1937.1600341796875,1939.3299560546875,13427712
1784612100000,1939.6800537109375,1940.4200439453125,1937.800048828125,1938.3800048828125,0
1784612400000,1938.47998046875,1938.8599853515625,1937.800048828125,1938.6600341796875,72076288
1784612700000,1938.56005859375,1940.1600341796875,1938.56005859375,1940.1600341796875,13001728
1784613000000,1940.1600341796875,1940.760009765625,1938.8900146484375,1940.530029296875,66263040
1784613300000,1940.780029296875,1942.3199462890625,1939.9100341796875,1940.800048828125,6828032
1784613600000,1941.010009765625,1942.280029296875,1940.6099853515625,1941.489990234375,11980800
1784613900000,1941.9200439453125,1943.4000244140625,1941.5699462890625,1942.800048828125,0
1784614200000,1942.300048828125,1945.800048828125,1942.300048828125,1943.780029296875,60997632
1784614500000,1943.7099609375,1944.469970703125,1941.780029296875,1943.1400146484375,74088448
1784614800000,1943.1300048828125,1943.1500244140625,1940.77001953125,1942.780029296875,0
1784615100000,1942.77001953125,1942.77001953125,1940.77001953125,1941.1300048828125,153972736
1784615400000,1941.3900146484375,1941.4599609375,1940.47998046875,1941.1400146484375,0
1784615700000,1941.1500244140625,1942.6800537109375,1939.989990234375,1939.989990234375,25090048
1784616000000,1939.8699951171875,1939.8699951171875,1938.0699462890625,1938.739990234375,29668352
1784616300000,1938.5,1939.8800048828125,1936.0999755859375,1936.0999755859375,21411840
1784616600000,1936.3299560546875,1936.3299560546875,1931.0400390625,1932.47998046875,0
1784616900000,1931.0400390625,1933.43994140625,1931.0400390625,1932.8499755859375,44503040
1784617200000,1932.8800048828125,1933.31005859375,1930.52001953125,1930.719970703125,0
1784617500000,1930.550048828125,1931.7900390625,1928.68994140625,1928.68994140625,207062016
1784617800000,1928.8800048828125,1931,1927.8800048828125,1928.6500244140625,0
1784618100000,1928.43994140625,1929.6099853515625,1927.510009765625,1927.97998046875,223275008
1784618400000,1927.97998046875,1928.1099853515625,1926.9200439453125,1927.77001953125,119794688
1784618700000,1928.1300048828125,1928.52001953125,1926.02001953125,1928.52001953125,89986048
1784619000000,1928.5799560546875,1931.06005859375,1928.530029296875,1930.9300537109375,29624320
1784619300000,1930.760009765625,1932.25,1930.699951171875,1930.7099609375,0
1784619600000,1930.68994140625,1933.739990234375,1930.6800537109375,1933.739990234375,0
1784619900000,1933.5999755859375,1935.6099853515625,1933.56005859375,1935.25,86890496
1784620200000,1935.25,1936.02001953125,1934.199951171875,1934.3499755859375,0
1784620500000,1934.3599853515625,1934.75,1933.56005859375,1934.75,54626304
1784620800000,1934.7900390625,1935.7099609375,1931.6600341796875,1932.1800537109375,0
1784621100000,1932.18994140625,1934.8699951171875,1931.68994140625,1933.6800537109375,0
1784621400000,1933.6500244140625,1937.800048828125,1933.300048828125,1934.8900146484375,0
1784621700000,1934.8199462890625,1939.8499755859375,1932.4000244140625,1939.3599853515625,1030144
1784622000000,1939.1600341796875,1942.199951171875,1938.5999755859375,1941.699951171875,11646976
1784622300000,1941.81005859375,1941.81005859375,1938.6099853515625,1938.9599609375,160347136
1784622600000,1939.239990234375,1942.239990234375,1938.0400390625,1941.239990234375,0
1784622900000,1940.760009765625,1944.1800537109375,1939.800048828125,1943.4000244140625,0
1784623200000,1943.0799560546875,1943.0799560546875,1939.1099853515625,1940.6199951171875,114098176
1784623500000,1940.6400146484375,1941.3499755859375,1938.719970703125,1941.0999755859375,0
1784623800000,1940.8900146484375,1942.800048828125,1940.199951171875,1941,0
1784624100000,1940.5400390625,1942.199951171875,1939.9100341796875,1941.5999755859375,127076352
1784624400000,1941.300048828125,1941.300048828125,1939.5999755859375,1940.989990234375,0
1784624700000,1940.9000244140625,1942.5,1940.2900390625,1941.3599853515625,0
1784625000000,1941.1300048828125,1941.1300048828125,1939.3599853515625,1940.8800048828125,115912704
1784625300000,1940.8699951171875,1941.5899658203125,1937.5999755859375,1937.8599853515625,0
1784625600000,1937.93994140625,1938.800048828125,1936.9599609375,1937.2099609375,13775872
1784625900000,1936.43994140625,1936.43994140625,1934.5999755859375,1935.530029296875,0
1784626200000,1935.6500244140625,1936.6800537109375,1933.1500244140625,1934.030029296875,498688
1784626500000,1934.1500244140625,1935.8299560546875,1930.9100341796875,1930.949951171875,22581248
1784626800000,1931.030029296875,1931.030029296875,1926.1500244140625,1927.4200439453125,35510272
1784627100000,1928,1933.9000244140625,1926.9599609375,1933.9000244140625,14464000
1784627400000,1933.7099609375,1937.4100341796875,1932.489990234375,1937.1300048828125,20228096
1784627700000,1938.199951171875,1940.18994140625,1937.4100341796875,1939.0799560546875,0
1784628000000,1939.1600341796875,1940.969970703125,1937.5699462890625,1939.81005859375,0
1784628300000,1939.9100341796875,1943.1700439453125,1935.47998046875,1935.6099853515625,35600384
1784628600000,1935.7099609375,1940.1400146484375,1935.7099609375,1940.1199951171875,0
1784628900000,1940.5400390625,1940.5799560546875,1933.9599609375,1935.6500244140625,2563072
1784629200000,1935.800048828125,1937.280029296875,1929.2900390625,1929.2900390625,0
1784629500000,1929.5400390625,1931.4599609375,1926.1800537109375,1931.1500244140625,0
1784629800000,1931.510009765625,1935.93994140625,1931.0400390625,1935.3699951171875,196940800
1784630100000,1934.989990234375,1935.6400146484375,1932.7099609375,1933.530029296875,107525120
1784630400000,1933.5400390625,1935.1600341796875,1929.72998046875,1935.1600341796875,94668800
1784630700000,1935.800048828125,1937.3900146484375,1933.739990234375,1934.739990234375,0
1784631000000,1934.81005859375,1935.699951171875,1931.5799560546875,1932.1199951171875,1889280
1784631300000,1932.4599609375,1932.4599609375,1930,1930.219970703125,35589120
1784631600000,1930.3299560546875,1930.3299560546875,1923.75,1924.6800537109375,0
1784631900000,1924.6500244140625,1929.260009765625,1924.02001953125,1929.18994140625,0
1784632200000,1928.93994140625,1929.3800048828125,1927.0899658203125,1927.0899658203125,0
1784632500000,1926.6600341796875,1928.800048828125,1925.699951171875,1928.469970703125,0
1784632800000,1928.0400390625,1929.699951171875,1926.6600341796875,1928.2099609375,261173248
1784633100000,1928.1400146484375,1928.1400146484375,1923.81005859375,1925.1700439453125,0
1784633400000,1924.1500244140625,1925.760009765625,1922.489990234375,1924.97998046875,9667584
1784633700000,1924.5999755859375,1928.5999755859375,1923.72998046875,1928.5999755859375,0
1784634000000,1927.9000244140625,1928.3800048828125,1926.050048828125,1926.050048828125,22871040
1784634300000,1926.4000244140625,1928.530029296875,1925.25,1927.9200439453125,0
1784634600000,1928.510009765625,1931.0400390625,1928,1929.739990234375,0
1784634900000,1929.719970703125,1931.449951171875,1929.1500244140625,1930.760009765625,0
1784635200000,1930.969970703125,1934.4300537109375,1930.0999755859375,1933.8900146484375,0
1784635500000,1933.47998046875,1933.5799560546875,1929.5699462890625,1929.5699462890625,0
1784635800000,1928.9000244140625,1931.75,1928.510009765625,1929.1700439453125,0
1784636100000,1928.469970703125,1928.93994140625,1926.510009765625,1926.699951171875,74005504
1784636400000,1926.8399658203125,1927.25,1925.9599609375,1926.199951171875,0
1784636700000,1926.260009765625,1927.0400390625,1923,1923.5899658203125,276658176
1784637000000,1923.3299560546875,1924.8499755859375,1922.02001953125,1924.8499755859375,0
1784637300000,1924.699951171875,1926.0699462890625,1923.8499755859375,1926.0699462890625,0
1784637600000,1926.1600341796875,1926.7900390625,1923.1500244140625,1923.510009765625,6548480
1784637900000,1923.68994140625,1923.9599609375,1920.5899658203125,1923.6500244140625,0
1784638200000,1924.199951171875,1926.1600341796875,1924.199951171875,1926.1199951171875,0
1784638500000,1926.449951171875,1927.2900390625,1925.31005859375,1925.4200439453125,0
1784638800000,1925.0999755859375,1926.47998046875,1925.0999755859375,1925.8800048828125,107798528
1784639100000,1925.77001953125,1927.199951171875,1925.1700439453125,1926.9200439453125,4497408
1784639400000,1926.47998046875,1926.8299560546875,1924.219970703125,1924.97998046875,0
1784639700000,1925.0400390625,1925.47998046875,1921.510009765625,1922.5,0
1784640000000,1922.800048828125,1925.300048828125,1921.5899658203125,1925.27001953125,136963072
1784640300000,1925.300048828125,1925.4000244140625,1923.6199951171875,1923.800048828125,0
1784640600000,1924.0799560546875,1925.300048828125,1922.4000244140625,1923.699951171875,112636928
1784640900000,1923.510009765625,1925.0400390625,1922.4100341796875,1925.0400390625,21515264
1784641200000,1925.280029296875,1926.31005859375,1923.969970703125,1926.0999755859375,0
1784641500000,1926.1800537109375,1926.3699951171875,1915.6199951171875,1920.1099853515625,13151232
1784641800000,1920.3299560546875,1921.739990234375,1916.6199951171875,1917.1199951171875,0
1784642100000,1917.0400390625,1918.3599853515625,1915.5400390625,1917.300048828125,0
1784642400000,1917.5,1918.699951171875,1914.4599609375,1918.699951171875,0
1784642700000,1918.3299560546875,1921.4200439453125,1917.81005859375,1921.4200439453125,38860800
1784643000000,1921.0799560546875,1921.219970703125,1919.239990234375,1919.239990234375,0
1784643300000,1919.0699462890625,1919.760009765625,1918.219970703125,1918.68994140625,0
1784643600000,1918.6700439453125,1920.7099609375,1917.8299560546875,1918.5899658203125,0
1784643900000,1918.010009765625,1919.1700439453125,1916.6700439453125,1919.06005859375,0
1784644200000,1919.06005859375,1919.1199951171875,1914.3199462890625,1918.31005859375,0
1784644500000,1918.02001953125,1921.0799560546875,1918.010009765625,1919.989990234375,40025088
1784644800000,1920.1199951171875,1920.800048828125,1919.1700439453125,1920.5,0
1784645100000,1920.510009765625,1921.1500244140625,1919.1600341796875,1919.68994140625,78567424
1784645400000,1919.5,1919.75,1918,1918.5400390625,16267264
1784645700000,1918.0799560546875,1919.0999755859375,1917.77001953125,1918.949951171875,0
1784646000000,1918.56005859375,1922.1199951171875,1918.5,1921.199951171875,4976640
1784646300000,1920.8599853515625,1922.5,1920.5999755859375,1922.0400390625,0
1784646600000,1921.97998046875,1922.030029296875,1917.4300537109375,1918.68994140625,15746048
1784646900000,1918.43994140625,1921.239990234375,1918.0799560546875,1920.9100341796875,6866944
1784647200000,1920.9100341796875,1922.780029296875,1920.5699462890625,1922.1700439453125,0
1784647500000,1922.2099609375,1923.780029296875,1921.81005859375,1923.1400146484375,40247296
1784647800000,1923.52001953125,1924.1600341796875,1922,1922.8800048828125,0
1784648100000,1922.699951171875,1925.489990234375,1922.3499755859375,1923.800048828125,111732736
1784648400000,1923.800048828125,1924.239990234375,1923.0999755859375,1923.510009765625,4831232
1784648700000,1923,1925.1099853515625,1922.7900390625,1923.43994140625,0
1784649000000,1922.0999755859375,1924.4300537109375,1922.0400390625,1922.3800048828125,37798912
1784649300000,1923.010009765625,1923.699951171875,1922.030029296875,1922.3599853515625,13692928
1784649600000,1922.800048828125,1922.800048828125,1920.4100341796875,1921.989990234375,0
1784649900000,1921.989990234375,1922.75,1921.199951171875,1921.8399658203125,9919488
1784650200000,1921.8499755859375,1922.6300048828125,1921.489990234375,1921.5999755859375,14539776
1784650500000,1921.199951171875,1921.9000244140625,1920.6199951171875,1921.56005859375,23723008
1784650800000,1921.449951171875,1921.550048828125,1920.550048828125,1921.1600341796875,0
1784651100000,1921.31005859375,1922.1500244140625,1920.760009765625,1922.1400146484375,14048256
1784651400000,1922.1400146484375,1924.0899658203125,1922.1400146484375,1924.0899658203125,15772672
1784651700000,1924.0899658203125,1925.27001953125,1923.5999755859375,1923.5999755859375,0
1784652000000,1923.280029296875,1924.1199951171875,1922.8800048828125,1924.030029296875,106810368
1784652300000,1924.02001953125,1924.0899658203125,1922.300048828125,1922.8499755859375,0
1784652600000,1922.800048828125,1922.800048828125,1921.9200439453125,1921.9200439453125,0
1784652900000,1921.9100341796875,1922.4000244140625,1921.8199462890625,1922.0999755859375,0
1784653200000,1922.0999755859375,1922.0999755859375,1918.780029296875,1919.3900146484375,0
1784653500000,1919.52001953125,1921.75,1919.4300537109375,1921.3299560546875,0
1784653800000,1921.3299560546875,1922.4100341796875,1920.47998046875,1922.4100341796875,0
1784654100000,1922.4100341796875,1922.6300048828125,1921.3199462890625,1922.1700439453125,10479616
1784654400000,1922.1700439453125,1924.0899658203125,1921.989990234375,1924.0899658203125,87243776
1784654700000,1923.8499755859375,1924.27001953125,1923.0400390625,1923.0400390625,0
1784655000000,1923.02001953125,1924.43994140625,1923,1924.3199462890625,0
1784655300000,1924.3199462890625,1925.4599609375,1924.300048828125,1925.1700439453125,33295360
1784655600000,1925,1925.719970703125,1924.3199462890625,1925.1500244140625,0
1784655900000,1925.050048828125,1925.050048828125,1922.989990234375,1923.3599853515625,111512576
1784656200000,1923.25,1924.5,1923.25,1923.5400390625,6562816
1784656500000,1923.3800048828125,1924.3299560546875,1922.6500244140625,1923.1300048828125,0
1784656800000,1922.300048828125,1922.3699951171875,1920.1300048828125,1921.3299560546875,11384832
1784657100000,1921.489990234375,1922.8199462890625,1920.6099853515625,1922.8199462890625,0
1784657400000,1922.5,1922.93994140625,1921.0799560546875,1921.5699462890625,7004160
1784657700000,1921.5699462890625,1921.699951171875,1919.800048828125,1919.800048828125,0
1784658000000,1920.1199951171875,1921.0699462890625,1919.3299560546875,1919.3299560546875,8795136
1784658300000,1918.800048828125,1921.4300537109375,1918.800048828125,1920.5400390625,4805632
1784658600000,1920.199951171875,1922.0400390625,1919.2900390625,1922.0400390625,23019520
1784658900000,1922.280029296875,1922.510009765625,1920.8399658203125,1920.8399658203125,0
1784659200000,1920.6099853515625,1921.9000244140625,1920.1199951171875,1920.1300048828125,0
1784659500000,1920.1199951171875,1920.1199951171875,1917.1400146484375,1918.0899658203125,17211392
1784659800000,1918.27001953125,1918.989990234375,1917.969970703125,1918.7900390625,0
1784660100000,1918.6800537109375,1919.800048828125,1918.530029296875,1919.5999755859375,0
1784660400000,1919.1600341796875,1919.199951171875,1917.0999755859375,1918.1099853515625,9302016
1784660700000,1917.3599853515625,1918.199951171875,1915.8199462890625,1916.9599609375,0
1784661000000,1916.97998046875,1917.449951171875,1915.699951171875,1916.56005859375,55053312
1784661300000,1916.5,1919.8800048828125,1916.47998046875,1919.8800048828125,46826496
1784661600000,1919.81005859375,1919.81005859375,1917.81005859375,1918.699951171875,13679616
1784661900000,1918.7099609375,1921.31005859375,1918.469970703125,1921.31005859375,0
1784662200000,1920.9000244140625,1923.0899658203125,1919.9000244140625,1922.0400390625,0
1784662500000,1921.8499755859375,1923.5799560546875,1921.5400390625,1922.6600341796875,0
1784662800000,1922.550048828125,1923.1800537109375,1921.5400390625,1922.800048828125,95788032
1784663100000,1922.9000244140625,1923.8599853515625,1921.0400390625,1923.56005859375,0
1784663400000,1923.5699462890625,1927.949951171875,1923.5699462890625,1927.949951171875,15134720
1784663700000,1927.4599609375,1929.8299560546875,1927.0400390625,1928.5,11305984
1784664000000,1929,1930.9000244140625,1927.800048828125,1930.9000244140625,0
1784664300000,1930.9300537109375,1934.989990234375,1929.3199462890625,1932.81005859375,0
1784664600000,1932.6700439453125,1937.3299560546875,1931.199951171875,1936.989990234375,25371648
1784664900000,1937.0999755859375,1938.31005859375,1935.3299560546875,1938.239990234375,22320128
1784665200000,1938,1942.8199462890625,1936.8199462890625,1938.010009765625,121416704
1784665500000,1938.010009765625,1938.219970703125,1934.68994140625,1935.800048828125,44682240
1784665800000,1935.9599609375,1939.5999755859375,1933.280029296875,1939.5999755859375,20167680
1784666100000,1938.5999755859375,1941.4599609375,1936.0899658203125,1941.3499755859375,9841664
1784666400000,1940.8299560546875,1941.010009765625,1938.3599853515625,1938.800048828125,18562048
1784666700000,1938.4000244140625,1940.3699951171875,1935.1500244140625,1939.9200439453125,0
1784667000000,1939.43994140625,1939.43994140625,1937.25,1938.199951171875,0
1784667300000,1938.260009765625,1939.3699951171875,1937.280029296875,1938.0999755859375,71294976
1784667600000,1938.469970703125,1939.1099853515625,1935.9000244140625,1937.52001953125,0
1784667900000,1937.6600341796875,1937.81005859375,1935.9599609375,1937.1099853515625,0
1784668200000,1936.6500244140625,1936.699951171875,1933.2900390625,1933.3800048828125,0
1784668500000,1933.800048828125,1934.0400390625,1931.050048828125,1931.050048828125,17257472
1784668800000,1931.4000244140625,1931.8800048828125,1927.239990234375,1927.949951171875,0
1784669100000,1928.4000244140625,1932.68994140625,1928.1199951171875,1929.75,136488960
1784669400000,1929.510009765625,1934.239990234375,1929.489990234375,1932.7099609375,11848704
1784669700000,1932.780029296875,1934.31005859375,1932.18994140625,1933.1800537109375,0
1784670000000,1932.5799560546875,1932.93994140625,1927.52001953125,1931.989990234375,28700672
1784670300000,1931.52001953125,1936.3599853515625,1931.52001953125,1935.02001953125,0
1784670600000,1935.47998046875,1935.5400390625,1932.969970703125,1932.969970703125,0
1784670900000,1932.8499755859375,1934.5999755859375,1930.510009765625,1932.4200439453125,2331648
1784671200000,1931.739990234375,1932.1700439453125,1929.5400390625,1931.2900390625,196976640
1784671500000,1931.3199462890625,1933.43994140625,1928.0799560546875,1930.199951171875,13621248
1784671800000,1929.8499755859375,1932.3199462890625,1929.4100341796875,1932.3199462890625,1616896
1784672100000,1932.010009765625,1935.239990234375,1932.010009765625,1933,0
1784672400000,1933,1933.0999755859375,1930.699951171875,1932.7900390625,0
1784672700000,1932.7900390625,1932.8299560546875,1931.010009765625,1931.06005859375,131948544
1784673000000,1930.449951171875,1930.8499755859375,1927.81005859375,1928.989990234375,23732224
1784673300000,1929,1929,1925.52001953125,1926.47998046875,34899968
1784673600000,1926.6500244140625,1929.4100341796875,1926.6500244140625,1929.199951171875,0
1784673900000,1928.93994140625,1930.25,1927.9300537109375,1928.739990234375,0
1784674200000,1929.1800537109375,1929.5699462890625,1927.0999755859375,1929.5699462890625,126489600
1784674500000,1929.510009765625,1929.56005859375,1927.52001953125,1929.0699462890625,0
1784674800000,1928.5400390625,1931.5999755859375,1927.8699951171875,1929.93994140625,0
1784675100000,1929.699951171875,1932.4000244140625,1928.4100341796875,1928.5400390625,0
1784675400000,1928.5400390625,1928.5400390625,1925.4000244140625,1925.75,0
1784675700000,1925.8499755859375,1928.6800537109375,1925.77001953125,1928.52001953125,5644288
1784676000000,1928.52001953125,1930.780029296875,1928.280029296875,1930.25,0
1784676300000,1929.8900146484375,1931.4100341796875,1929.530029296875,1930.6099853515625,7706624
1784676600000,1930.93994140625,1931.760009765625,1928.739990234375,1928.8299560546875,114921472
1784676900000,1928.9100341796875,1929.7900390625,1927.449951171875,1929.5999755859375,0
1784677200000,1929.6400146484375,1930.989990234375,1929.1600341796875,1930.550048828125,91548672
1784677500000,1930.5400390625,1934.56005859375,1930.5400390625,1933.800048828125,0
1784677800000,1933.4599609375,1933.9599609375,1930.9100341796875,1931.27001953125,0
1784678100000,1931.0400390625,1931.0699462890625,1926.02001953125,1927.4599609375,31779840
1784678400000,1926.8499755859375,1932.22998046875,1926.8499755859375,1931.719970703125,0
1784678700000,1931.8599853515625,1932.9100341796875,1931.6500244140625,1932.1099853515625,0
1784679000000,1932.1500244140625,1932.949951171875,1931.3199462890625,1932.5899658203125,113641472
1784679300000,1932.449951171875,1934.3399658203125,1932.4200439453125,1933.4200439453125,151939072
1784679600000,1933.199951171875,1935.949951171875,1933.0999755859375,1933.699951171875,9670656
1784679900000,1933.760009765625,1935.300048828125,1932.969970703125,1934.0699462890625,44033024
1784680200000,1934.1099853515625,1934.4200439453125,1932.6099853515625,1934.4200439453125,12800000
1784680500000,1934.219970703125,1935.8900146484375,1933.56005859375,1934.97998046875,4943872
1784680800000,1934.699951171875,1937.989990234375,1934.300048828125,1937.719970703125,6804480
1784681100000,1937.6600341796875,1937.97998046875,1934.8800048828125,1935.3499755859375,4681728
1784681400000,1935.469970703125,1936.8599853515625,1934.6500244140625,1935.18994140625,0
1784681700000,1935.1400146484375,1935.8299560546875,1934.4599609375,1935.489990234375,131108864
1784682000000,1935.739990234375,1935.739990234375,1931.949951171875,1931.949951171875,0
1784682300000,1931.9200439453125,1933.0799560546875,1931.5,1931.6400146484375,0
1784682600000,1931.7900390625,1932.5999755859375,1930.47998046875,1931.4300537109375,15052800
1784682900000,1931.510009765625,1931.510009765625,1926.7900390625,1927.3800048828125,0
1784683200000,1927.3800048828125,1927.3800048828125,1921.1700439453125,1922.3900146484375,43142144
1784683500000,1922.8699951171875,1924.4100341796875,1921.31005859375,1921.800048828125,34463744
1784683800000,1921.56005859375,1924.8699951171875,1920.8599853515625,1924.4200439453125,0
1784684100000,1923.8399658203125,1924.27001953125,1918.8800048828125,1919.6700439453125,167663616
1784684400000,1919.1700439453125,1920.0699462890625,1918.3199462890625,1919.4000244140625,0
1784684700000,1919.3900146484375,1920.93994140625,1918.5,1919.5899658203125,113197056
1784685000000,1919.280029296875,1920.7099609375,1917.0699462890625,1917.260009765625,0
1784685300000,1917.800048828125,1919.8499755859375,1917.5699462890625,1918.0799560546875,0
1784685600000,1918.72998046875,1919.8900146484375,1916.800048828125,1918.6400146484375,0
1784685900000,1918.3199462890625,1918.9000244140625,1916.2900390625,1916.760009765625,0
1784686200000,1916.68994140625,1919.0400390625,1915.6500244140625,1918.6700439453125,0
1784686500000,1918.0999755859375,1918.0999755859375,1916.6500244140625,1917.4100341796875,85962752
1784686800000,1917.4599609375,1917.4599609375,1913.7900390625,1914.989990234375,29292544
1784687100000,1914.6300048828125,1914.949951171875,1912.469970703125,1913.530029296875,0
1784687400000,1913.7099609375,1917.1199951171875,1912.199951171875,1916.6400146484375,0
1784687700000,1917.1199951171875,1918.4000244140625,1915.9200439453125,1916.81005859375,80774144
1784688000000,1917.239990234375,1917.6800537109375,1916.449951171875,1916.77001953125,0
1784688300000,1916.3900146484375,1916.5799560546875,1914.8800048828125,1916.030029296875,84057088
1784688600000,1916.27001953125,1918.06005859375,1915.81005859375,1916.4000244140625,0
1784688900000,1916.5400390625,1916.5400390625,1915.699951171875,1916.27001953125,0
1784689200000,1916.8800048828125,1917.719970703125,1915.9200439453125,1916.75,65447936
1784689500000,1916.4000244140625,1916.52001953125,1914.7099609375,1915.7900390625,0
1784689800000,1916,1916.4100341796875,1914.8199462890625,1915.199951171875,1658880
1784690100000,1915.47998046875,1916.699951171875,1912.010009765625,1913.72998046875,4064256
1784690400000,1913.6400146484375,1916.4000244140625,1913.6400146484375,1913.719970703125,6872064
1784690700000,1913.719970703125,1917.1700439453125,1912.8800048828125,1917.1700439453125,0
1784691000000,1917.1400146484375,1917.81005859375,1913.81005859375,1914.1099853515625,43066368
1784691300000,1913.9100341796875,1914.0400390625,1911,1911.3199462890625,493568
1784691600000,1911.280029296875,1912.52001953125,1909.6199951171875,1911.5699462890625,7465984
1784691900000,1911.9000244140625,1913.010009765625,1909.47998046875,1909.6700439453125,0
1784692200000,1910.02001953125,1912.5999755859375,1909.9200439453125,1912.300048828125,41998336
1784692500000,1912.3399658203125,1913.0999755859375,1912.1099853515625,1912.8800048828125,18537472
1784692800000,1912.68994140625,1917.0400390625,1912.68994140625,1917.0400390625,0
1784693100000,1917.280029296875,1922.0999755859375,1917.199951171875,1921.2099609375,0
1784693400000,1921.010009765625,1921.7099609375,1919.199951171875,1919.75,0
1784693700000,1919.8900146484375,1920.5,1918.5999755859375,1920.5,0
1784694000000,1920.5899658203125,1923.9000244140625,1920.5799560546875,1921.4200439453125,144047104
1784694300000,1921.219970703125,1921.4200439453125,1920.1099853515625,1920.1400146484375,0
1784694600000,1920.6099853515625,1922.27001953125,1920.4100341796875,1921.4599609375,0
1784694900000,1921.27001953125,1921.489990234375,1918.280029296875,1919.219970703125,0
1784695200000,1919.2099609375,1919.719970703125,1917.4000244140625,1917.8900146484375,0
1784695500000,1918.3199462890625,1920.4000244140625,1918.1400146484375,1918.9000244140625,0
1784695800000,1919,1919.9000244140625,1917.9000244140625,1919.9000244140625,0
1784696100000,1919.760009765625,1920.0999755859375,1919.31005859375,1919.800048828125,90203136
1784696400000,1919.510009765625,1921.6400146484375,1919.239990234375,1921.6400146484375,0
1784696700000,1921.4100341796875,1925.1700439453125,1919.6500244140625,1924.5999755859375,0
1784697000000,1924.1099853515625,1925.02001953125,1922.4000244140625,1923,0
1784697300000,1923.260009765625,1924.4000244140625,1922.72998046875,1923.989990234375,0
1784697600000,1923.699951171875,1924.77001953125,1922.780029296875,1923.4100341796875,0
1784697900000,1923.6400146484375,1924.72998046875,1923.4599609375,1923.9599609375,0
1784698200000,1923.9100341796875,1923.9599609375,1919.199951171875,1919.699951171875,63776768
1784698500000,1919.8199462890625,1920.5,1918.2099609375,1919.449951171875,0
1784698800000,1919.449951171875,1920.6600341796875,1919.3599853515625,1920.18994140625,0
1784699100000,1920.1800537109375,1920.9599609375,1919.969970703125,1919.969970703125,108731392
1784699400000,1919.989990234375,1920.199951171875,1918.5,1920.199951171875,0
1784699700000,1920.800048828125,1923.3900146484375,1920.5400390625,1923.199951171875,2854912
1784700000000,1923.300048828125,1924.06005859375,1922.010009765625,1922.97998046875,0
1784700300000,1923.0799560546875,1923.6300048828125,1921.9100341796875,1922.81005859375,83500032
1784700600000,1923.1099853515625,1923.8599853515625,1922.4100341796875,1923,0
1784700900000,1922.9000244140625,1923.9000244140625,1922.1600341796875,1923.3199462890625,0
1784701200000,1922.800048828125,1926.1800537109375,1922.800048828125,1924.22998046875,0
1784701500000,1924.449951171875,1927.300048828125,1924.43994140625,1926.6600341796875,53006336
1784701800000,1926.97998046875,1927.8399658203125,1925.8199462890625,1926.8199462890625,1462272
1784702100000,1927.06005859375,1927.5,1925.699951171875,1926.4000244140625,4875264
1784702400000,1926.4599609375,1930.1199951171875,1926,1929.6199951171875,0
1784702700000,1929.56005859375,1932.199951171875,1929.3399658203125,1931.9000244140625,9221120
1784703000000,1931.239990234375,1931.5999755859375,1930.5999755859375,1931.199951171875,0
1784703300000,1931.1600341796875,1931.1600341796875,1928.9000244140625,1929.4100341796875,0
1784703600000,1929.1400146484375,1929.8599853515625,1928.3399658203125,1928.9000244140625,24567808
1784703900000,1929,1930.1600341796875,1927.5999755859375,1928.239990234375,0
1784704200000,1928.27001953125,1928.2900390625,1927.31005859375,1927.8900146484375,0
1784704500000,1927.7099609375,1927.739990234375,1925.7099609375,1926.1800537109375,0
1784704800000,1926.199951171875,1928.8800048828125,1926.199951171875,1928.77001953125,0
1784705100000,1928.4000244140625,1928.4000244140625,1926.47998046875,1927.0699462890625,0
1784705400000,1927.010009765625,1927.9100341796875,1925.9000244140625,1927.449951171875,0
1784705700000,1927.300048828125,1927.9200439453125,1925.56005859375,1927.1099853515625,0
1784706000000,1927.1099853515625,1927.27001953125,1921.4000244140625,1921.5,0
1784706300000,1921.52001953125,1926.5999755859375,1920.9599609375,1926.0999755859375,0
1784706600000,1925.9000244140625,1926.3599853515625,1925.52001953125,1926.300048828125,0
1784706900000,1926.3900146484375,1926.800048828125,1925.699951171875,1926.1600341796875,48094208
1784707200000,1925.9100341796875,1926.1600341796875,1922.9300537109375,1923.300048828125,38489088
1784707500000,1923.5699462890625,1923.8900146484375,1921.4100341796875,1922.8499755859375,0
1784707800000,1922.8499755859375,1924.9000244140625,1922.8499755859375,1924.8800048828125,0
1784708100000,1925.4100341796875,1926.1199951171875,1922.2099609375,1922.25,73366528
1784708400000,1922.43994140625,1923.5899658203125,1921.22998046875,1921.6099853515625,0
1784708700000,1921.5999755859375,1923.1099853515625,1921.510009765625,1922.31005859375,0
1784709000000,1922.800048828125,1923.949951171875,1920,1920,0
1784709300000,1920,1922.199951171875,1919.3900146484375,1921.6700439453125,0
1784709600000,1921.75,1921.9100341796875,1919.9200439453125,1919.9200439453125,0
1784709900000,1919.550048828125,1921.780029296875,1917.8399658203125,1918.0899658203125,0
1784710200000,1917.5999755859375,1920.9100341796875,1917.5999755859375,1919.8199462890625,92827648
1784710500000,1919.8299560546875,1919.8299560546875,1912.1500244140625,1915.5999755859375,0
1784710800000,1915.72998046875,1918.3900146484375,1915.5999755859375,1917.97998046875,0
1784711100000,1917.8499755859375,1920.0899658203125,1916.97998046875,1920.0899658203125,87155712
1784711400000,1919.93994140625,1920,1918.510009765625,1919.06005859375,6200320
1784711700000,1918.7099609375,1919.550048828125,1917.47998046875,1919.550048828125,0
1784712000000,1919.280029296875,1919.280029296875,1917.699951171875,1918.780029296875,0
1784712300000,1918.5699462890625,1920.72998046875,1918.3399658203125,1919.81005859375,0
1784712600000,1921.1500244140625,1929.6500244140625,1921.1500244140625,1929.6500244140625,377856
1784712900000,1930.6099853515625,1934.6700439453125,1928.02001953125,1931.969970703125,0
1784713200000,1931,1937.7900390625,1930.25,1936.2099609375,252429312
1784713500000,1936.699951171875,1940.8900146484375,1935.1700439453125,1938.8399658203125,0
1784713800000,1938.3499755859375,1938.989990234375,1934.199951171875,1938.800048828125,299034624
1784714100000,1938.68994140625,1939.510009765625,1936,1938.800048828125,0
1784714400000,1938.3199462890625,1941.4100341796875,1936.989990234375,1940.969970703125,0
1784714700000,1943.550048828125,1952.7099609375,1942.239990234375,1943.699951171875,93508608
1784715000000,1944.949951171875,1945.800048828125,1940.2900390625,1940.2900390625,115408896
1784715300000,1938.9100341796875,1938.9100341796875,1931.9200439453125,1933.199951171875,19574784
1784715600000,1933.6300048828125,1933.699951171875,1926.280029296875,1927.72998046875,0
1784715900000,1928.1199951171875,1930.1600341796875,1922.02001953125,1923.47998046875,162567168
1784716200000,1923.699951171875,1928.300048828125,1922.31005859375,1926.9100341796875,0
1784716500000,1927.8499755859375,1934,1926.530029296875,1929.2900390625,156574720
1784716800000,1929.3199462890625,1929.6600341796875,1926.1199951171875,1926.1199951171875,0
1784717100000,1925.72998046875,1929.780029296875,1925.699951171875,1929.030029296875,0
1784717400000,1929.199951171875,1931.4300537109375,1927.719970703125,1929.469970703125,14991360
1784717700000,1929.300048828125,1932.1600341796875,1927.0999755859375,1932,0
1784718000000,1932.199951171875,1939.9599609375,1931.9000244140625,1937,0
1784718300000,1936.6199951171875,1938.0999755859375,1935.8699951171875,1936.3800048828125,0
1784718600000,1936.5,1942.219970703125,1936.5,1941.4000244140625,127557632
1784718900000,1941.030029296875,1944.699951171875,1939.719970703125,1944.699951171875,0
1784719200000,1944.47998046875,1951.530029296875,1944.47998046875,1947.469970703125,27375616
1784719500000,1946.97998046875,1951.5400390625,1945.949951171875,1947.68994140625,120218624
1784719800000,1948.1300048828125,1948.6099853515625,1941.81005859375,1941.81005859375,129232896
1784720100000,1942.0999755859375,1943.6500244140625,1940.22998046875,1942.4000244140625,0
1784720400000,1942.31005859375,1944.52001953125,1940.77001953125,1943.5,81560576
1784720700000,1943.7099609375,1945.68994140625,1941.1300048828125,1944.6400146484375,71142400
1784721000000,1945.52001953125,1945.9000244140625,1941.81005859375,1942.3299560546875,3725312
1784721300000,1942.989990234375,1943.6500244140625,1940.5999755859375,1941.949951171875,0
1784721600000,1942.06005859375,1942.0999755859375,1939.0999755859375,1940.1099853515625,10120192
1784721900000,1940.0999755859375,1946.0899658203125,1939.739990234375,1945.199951171875,0
1784722200000,1944.4000244140625,1944.8299560546875,1942.510009765625,1943.52001953125,0
1784722500000,1943.4599609375,1943.4599609375,1937.1600341796875,1941.5999755859375,0
1784722800000,1940.9000244140625,1941.56005859375,1939.010009765625,1939.760009765625,183404544
1784723100000,1939.1199951171875,1939.4100341796875,1935.31005859375,1938.8599853515625,6061056
1784723400000,1938.3800048828125,1953.780029296875,1938.3800048828125,1953.780029296875,108873728
1784723700000,1953.97998046875,1955.81005859375,1949.449951171875,1954.7900390625,0
1784724000000,1954.800048828125,1954.800048828125,1950.1400146484375,1950.489990234375,133099520
1784724300000,1951,1951.550048828125,1947.1099853515625,1947.510009765625,42771456
1784724600000,1947.5799560546875,1950,1946.2900390625,1946.2900390625,0
1784724900000,1947.1099853515625,1949.6700439453125,1947.1099853515625,1949.300048828125,9167872
1784725200000,1949.0999755859375,1949.5799560546875,1946.300048828125,1947.300048828125,15482880
1784725500000,1947.3499755859375,1949.47998046875,1946.5799560546875,1946.6199951171875,23534592
1784725800000,1947.3599853515625,1947.6400146484375,1944.75,1945.3299560546875,15352832
1784726100000,1945.3199462890625,1945.3199462890625,1940.5999755859375,1940.8900146484375,0
1784726400000,1941.2900390625,1941.7099609375,1937.8199462890625,1939.0799560546875,0
1784726700000,1938.8599853515625,1938.9000244140625,1934.300048828125,1935.6800537109375,11350016
1784727000000,1936.0899658203125,1940.6199951171875,1935.56005859375,1938.800048828125,31923200
1784727300000,1937.22998046875,1941.9100341796875,1937.22998046875,1941.9000244140625,0
1784727600000,1941.93994140625,1943.9200439453125,1940.9599609375,1943.550048828125,102283264
1784727900000,1943.3800048828125,1945.5400390625,1942.02001953125,1943.77001953125,0
1784728200000,1943.280029296875,1944.4300537109375,1938.43994140625,1939.219970703125,0
1784728500000,1938.719970703125,1940.1400146484375,1937.27001953125,1937.699951171875,0
1784728800000,1937.760009765625,1939.1700439453125,1935.780029296875,1938.72998046875,0
1784729100000,1938.449951171875,1939.300048828125,1932.739990234375,1932.739990234375,0
1784729400000,1932.3399658203125,1935,1932.3399658203125,1934.800048828125,76194816
1784729700000,1934.7099609375,1937.449951171875,1933.8599853515625,1936.25,0
1784730000000,1936.9000244140625,1938.47998046875,1932.02001953125,1932.3699951171875,0
1784730300000,1932,1932.7900390625,1931.02001953125,1932.3499755859375,0
1784730600000,1931.7900390625,1931.7900390625,1925.1400146484375,1925.6300048828125,29534208
1784730900000,1926.1199951171875,1927.18994140625,1921.989990234375,1923.3599853515625,19053568
1784731200000,1923.4100341796875,1925.1099853515625,1922.8800048828125,1925.1099853515625,0
1784731500000,1924.3699951171875,1928.4000244140625,1923.969970703125,1926.77001953125,181047296
1784731800000,1926.8199462890625,1930.0699462890625,1926.8199462890625,1930.0699462890625,0
1784732100000,1930.550048828125,1931.5999755859375,1929.6099853515625,1929.8800048828125,228218880
1784732400000,1929.8900146484375,1931.0400390625,1927.5999755859375,1929,0
1784732700000,1928.22998046875,1928.4000244140625,1925.4000244140625,1925.4000244140625,42127360
1784733000000,1925.1600341796875,1925.8800048828125,1920.1800537109375,1923.800048828125,0
1784733300000,1923.800048828125,1926.8699951171875,1923.4100341796875,1926.8499755859375,0
1784733600000,1926.739990234375,1926.8199462890625,1924.56005859375,1925.8800048828125,75216896
1784733900000,1925.800048828125,1927.9000244140625,1925.52001953125,1926.43994140625,0
1784734200000,1926.47998046875,1927.8399658203125,1925.8900146484375,1926.6300048828125,0
1784734500000,1926.3699951171875,1927.489990234375,1925.4100341796875,1925.550048828125,0
1784734800000,1926.1199951171875,1926.5799560546875,1923.739990234375,1924.02001953125,1697792
1784735100000,1924.3699951171875,1925.7099609375,1923.0699462890625,1924.81005859375,0
1784735400000,1925.5999755859375,1925.5999755859375,1922.8599853515625,1924.4599609375,0
1784735700000,1924.260009765625,1925.5,1923.8499755859375,1924,0
1784736000000,1923.5799560546875,1927.18994140625,1923.5799560546875,1924.5,70242304
1784736300000,1924.7099609375,1925.760009765625,1921.7099609375,1925.6300048828125,41936896
1784736600000,1925.27001953125,1928.3800048828125,1924.5999755859375,1928.0999755859375,2538496
1784736900000,1928.5899658203125,1929.1300048828125,1926.31005859375,1928.3900146484375,0
1784737200000,1928.0899658203125,1928.5999755859375,1926.550048828125,1927.4300537109375,0
1784737500000,1927.550048828125,1929.510009765625,1926.3699951171875,1926.6500244140625,93655040
1784737800000,1926.6600341796875,1928.27001953125,1925.5999755859375,1925.5999755859375,0
1784738100000,1925.8499755859375,1926.949951171875,1925.2900390625,1926.9000244140625,0
1784738400000,1926.530029296875,1927.3599853515625,1925.8800048828125,1927.3199462890625,0
1784738700000,1927.0799560546875,1927.0799560546875,1925.4300537109375,1925.9200439453125,0
1784739000000,1925.93994140625,1927.5799560546875,1925.9100341796875,1926.2099609375,0
1784739300000,1926.0999755859375,1926.75,1925.4000244140625,1926.030029296875,0
1784739600000,1925.93994140625,1927.02001953125,1925.93994140625,1926.719970703125,0
1784739900000,1926.699951171875,1929.1400146484375,1926.699951171875,1928.280029296875,5055488
1784740200000,1928.5999755859375,1928.97998046875,1926.6099853515625,1926.6099853515625,1514496
1784740500000,1926.72998046875,1928.1700439453125,1926.1800537109375,1927.0999755859375,0
1784740800000,1927.0999755859375,1928.56005859375,1926.969970703125,1927.93994140625,4073472
1784741100000,1927.27001953125,1928.0799560546875,1926.93994140625,1927,0
1784741400000,1926.8699951171875,1927.989990234375,1926.780029296875,1927.989990234375,0
1784741700000,1928,1933.02001953125,1927.9599609375,1932.2900390625,0
1784742000000,1932.719970703125,1935.06005859375,1932.5799560546875,1934.6400146484375,0
1784742300000,1934.5799560546875,1936.3900146484375,1932.77001953125,1936.3800048828125,33338368
1784742600000,1935.97998046875,1938.6300048828125,1935.1300048828125,1935.6199951171875,88547328
1784742900000,1935.719970703125,1937.9000244140625,1934.989990234375,1937.9000244140625,24281088
1784743200000,1938.3800048828125,1938.3800048828125,1933.4100341796875,1935.699951171875,0
1784743500000,1935.6400146484375,1936.68994140625,1934.3699951171875,1934.9100341796875,0
1784743800000,1935.1800537109375,1936.5899658203125,1934.969970703125,1935.3599853515625,168396800
1784744100000,1935.47998046875,1935.47998046875,1933.280029296875,1933.5,3075072
1784744400000,1933.3199462890625,1934.199951171875,1932.260009765625,1933.9300537109375,0
1784744700000,1933.8900146484375,1935.6600341796875,1933.8900146484375,1935.3299560546875,1371136
1784745000000,1935.3299560546875,1935.3299560546875,1932.25,1932.25,0
1784745300000,1931.77001953125,1932.2900390625,1929.949951171875,1932.1400146484375,0
1784745600000,1932,1933,1931.8900146484375,1932.47998046875,143729664
1784745900000,1932.3299560546875,1934.68994140625,1932.3299560546875,1934.68994140625,0
1784746200000,1934.8800048828125,1936.2099609375,1933.9599609375,1936.2099609375,19012608
1784746500000,1936.3199462890625,1938.030029296875,1935.77001953125,1937.4300537109375,4901888
1784746800000,1937.4300537109375,1937.43994140625,1934.050048828125,1934.3299560546875,20006912
1784747100000,1934.449951171875,1935.760009765625,1934.010009765625,1935.5,0
1784747400000,1935.3599853515625,1935.9200439453125,1922.969970703125,1924.68994140625,98530304
1784747700000,1925.280029296875,1926.949951171875,1922.97998046875,1925.6199951171875,0
1784748000000,1925.75,1928.760009765625,1925.75,1928.760009765625,36452352
1784748300000,1928.510009765625,1929.9000244140625,1927.6800537109375,1928.0999755859375,0
1784748600000,1928.0999755859375,1929.3599853515625,1928.0799560546875,1928.0799560546875,172957696
1784748900000,1928.0400390625,1930,1927.760009765625,1929.6600341796875,77084672
1784749200000,1929.2900390625,1929.8399658203125,1928.3599853515625,1929.1700439453125,3315712
1784749500000,1928.760009765625,1931.1099853515625,1928.760009765625,1930.8800048828125,3240960
1784749800000,1930.9300537109375,1932.06005859375,1930.81005859375,1932.050048828125,0
1784750100000,1931.8599853515625,1934.030029296875,1931.4100341796875,1933.550048828125,0
1784750400000,1933.6800537109375,1934.510009765625,1932.530029296875,1934.1800537109375,0
1784750700000,1934.449951171875,1937.0899658203125,1933.93994140625,1936.02001953125,223002624
1784751000000,1935.989990234375,1936.300048828125,1932.9599609375,1934.280029296875,0
1784751300000,1934.260009765625,1936.43994140625,1932.3599853515625,1934.6400146484375,8867840
1784751600000,1934.8900146484375,1938.5999755859375,1934.8699951171875,1938.4599609375,68028416
1784751900000,1938.2900390625,1940.6500244140625,1937.4000244140625,1937.47998046875,0
1784752200000,1937.489990234375,1938.5699462890625,1935.31005859375,1938.5699462890625,5445632
1784752500000,1938.5999755859375,1939.0799560546875,1935.260009765625,1935.949951171875,0
1784752800000,1935.6500244140625,1936.5999755859375,1934.77001953125,1934.780029296875,0
1784753100000,1934.6099853515625,1936.31005859375,1934.6099853515625,1934.9300537109375,0
1784753400000,1935.1400146484375,1936.43994140625,1934.1800537109375,1934.8699951171875,0
1784753700000,1934.800048828125,1934.800048828125,1931.6500244140625,1931.6500244140625,0
1784754000000,1931.6300048828125,1933.6800537109375,1931.199951171875,1933.6800537109375,0
1784754300000,1933.800048828125,1935.8399658203125,1930.56005859375,1930.56005859375,161144832
1784754600000,1930.9200439453125,1932.5999755859375,1930.81005859375,1932.300048828125,71179264
1784754900000,1932.25,1932.72998046875,1927.68994140625,1928.1700439453125,37550080
1784755200000,1927.81005859375,1933.9200439453125,1927.68994140625,1932.3499755859375,18154496
1784755500000,1931.8599853515625,1934.2099609375,1931.7900390625,1932.9599609375,0
1784755800000,1933.6700439453125,1933.6700439453125,1927.4000244140625,1928.1099853515625,0
1784756100000,1928.280029296875,1928.280029296875,1925.9000244140625,1926.72998046875,0
1784756400000,1926.719970703125,1928.47998046875,1926.3699951171875,1927.4100341796875,8961024
1784756700000,1927.2099609375,1928.969970703125,1927.0999755859375,1928.3499755859375,90342400
1784757000000,1928.1600341796875,1929.1600341796875,1926.8599853515625,1929.0400390625,0
1784757300000,1929.18994140625,1929.239990234375,1927.6500244140625,1927.6500244140625,5498880
1784757600000,1927.43994140625,1928.6600341796875,1924.56005859375,1928.6600341796875,0
1784757900000,1927.9100341796875,1927.9100341796875,1926.449951171875,1926.52001953125,0
1784758200000,1926.3299560546875,1926.989990234375,1924.81005859375,1924.81005859375,0
1784758500000,1924.6099853515625,1925.75,1923.6099853515625,1925.6099853515625,0
1784758800000,1925.4100341796875,1925.5999755859375,1922.760009765625,1923.72998046875,0
1784759100000,1923.3699951171875,1923.8800048828125,1921.219970703125,1923.56005859375,79950848
1784759400000,1923.56005859375,1926.97998046875,1923.239990234375,1926.8299560546875,3788800
1784759700000,1926.8299560546875,1927.1500244140625,1924.199951171875,1924.6600341796875,0
1784760000000,1924.449951171875,1925.1500244140625,1923.5999755859375,1925.1099853515625,0
1784760300000,1924.9100341796875,1926.8599853515625,1924.9000244140625,1925.6400146484375,0
1784760600000,1924.8900146484375,1927.0799560546875,1924.8900146484375,1926.18994140625,0
1784760900000,1926.199951171875,1927.3199462890625,1926.18994140625,1926.5,0
1784761200000,1926.800048828125,1926.9599609375,1924.3299560546875,1924.3399658203125,0
1784761500000,1924.6700439453125,1924.6700439453125,1921.9100341796875,1923.719970703125,0
1784761800000,1923.4100341796875,1923.47998046875,1919.260009765625,1920.9100341796875,0
1784762100000,1920.6099853515625,1921.9100341796875,1920.1400146484375,1920.969970703125,3885056
1784762400000,1920.9599609375,1923.75,1920.9599609375,1921.81005859375,2811904
1784762700000,1922.1700439453125,1922.1700439453125,1919.43994140625,1921.6600341796875,87056384
1784763000000,1921.6500244140625,1924.1500244140625,1921.52001953125,1922.9300537109375,0
1784763300000,1922.5999755859375,1923.6600341796875,1921.9200439453125,1923.3699951171875,0
1784763600000,1923.3699951171875,1923.3699951171875,1920.780029296875,1921.9200439453125,0
1784763900000,1921.9200439453125,1922.0400390625,1918.1199951171875,1918.1400146484375,0
1784764200000,1917.780029296875,1919.760009765625,1917.5,1919.2900390625,37076992
1784764500000,1919.050048828125,1919.77001953125,1918.8699951171875,1919.530029296875,996352
1784764800000,1919,1919.0999755859375,1918.0999755859375,1918.8599853515625,0
1784765100000,1919.0999755859375,1920.219970703125,1917.5999755859375,1918.780029296875,0
1784765400000,1918.6300048828125,1921.3199462890625,1918.3299560546875,1921.18994140625,8119296
1784765700000,1921.6800537109375,1922.4000244140625,1920.010009765625,1920.199951171875,8914944
1784766000000,1920.260009765625,1923.6800537109375,1920.260009765625,1923.1199951171875,0
1784766300000,1923.27001953125,1925.06005859375,1923.1400146484375,1924.0799560546875,57485312
1784766600000,1924.2099609375,1924.2099609375,1921.719970703125,1922.739990234375,0
1784766900000,1922.6500244140625,1922.8599853515625,1921.6400146484375,1921.7099609375,24258560
1784767200000,1921.81005859375,1921.9100341796875,1920.8399658203125,1921.4300537109375,0
1784767500000,1921.3800048828125,1922.489990234375,1920.6099853515625,1920.699951171875,0
1784767800000,1920.6700439453125,1920.6700439453125,1918.3199462890625,1918.489990234375,0
1784768100000,1918.489990234375,1918.8699951171875,1917.72998046875,1918.3199462890625,837632
1784768400000,1918.699951171875,1918.699951171875,1917.0699462890625,1917.72998046875,0
1784768700000,1917.719970703125,1919.8499755859375,1917.719970703125,1919.8499755859375,0
1784769000000,1919.93994140625,1919.93994140625,1917.72998046875,1918.68994140625,0
1784769300000,1918.699951171875,1919.6300048828125,1917.47998046875,1919.6300048828125,0
1784769600000,1919.5999755859375,1921.4000244140625,1918.68994140625,1919.6800537109375,0
1784769900000,1919.8499755859375,1924.6600341796875,1919.8499755859375,1924.6600341796875,0
1784770200000,1925.0400390625,1927.6099853515625,1925.0400390625,1925.300048828125,0
1784770500000,1925.3499755859375,1925.3499755859375,1923.780029296875,1924.02001953125,0
1784770800000,1923.9200439453125,1925.050048828125,1923.9000244140625,1924.3399658203125,40558592
1784771100000,1924.3399658203125,1924.780029296875,1921.2099609375,1921.43994140625,0
1784771400000,1921.3800048828125,1921.4300537109375,1920.300048828125,1920.93994140625,0
1784771700000,1920.6700439453125,1922.3900146484375,1920.6700439453125,1921.949951171875,8353792
1784772000000,1921.56005859375,1922.3199462890625,1920.27001953125,1920.949951171875,0
1784772300000,1921.0799560546875,1922.1600341796875,1920.3699951171875,1920.8399658203125,78855168
1784772600000,1920.8299560546875,1922.280029296875,1920.030029296875,1921.9200439453125,0
1784772900000,1922.1600341796875,1924.18994140625,1922.1600341796875,1924.18994140625,0
1784773200000,1924.1099853515625,1924.97998046875,1920.6099853515625,1921.31005859375,0
1784773500000,1921.43994140625,1925.199951171875,1921.43994140625,1925.199951171875,3836928
1784773800000,1925.0799560546875,1925.0799560546875,1923.1300048828125,1923.1300048828125,0
1784774100000,1923.3900146484375,1923.9200439453125,1922.8900146484375,1923.75,0
1784774400000,1923.8299560546875,1925.6500244140625,1923.8199462890625,1924.800048828125,12401664
1784774700000,1924.81005859375,1925.9599609375,1924.6400146484375,1925.1700439453125,0
1784775000000,1925.1700439453125,1925.4200439453125,1923.9200439453125,1924.7099609375,0
1784775300000,1924.7099609375,1924.7099609375,1923.9200439453125,1924.4000244140625,84817920
1784775600000,1924.4000244140625,1924.4000244140625,1920.969970703125,1921.6099853515625,0
1784775900000,1921.72998046875,1921.9100341796875,1920.239990234375,1921.4599609375,0
1784776200000,1922.2099609375,1922.6500244140625,1912.77001953125,1916.6800537109375,0
1784776500000,1916.6400146484375,1916.6400146484375,1913.9200439453125,1915,72711168
1784776800000,1914.8199462890625,1915.8199462890625,1913.4100341796875,1915.56005859375,11576320
1784777100000,1915.5799560546875,1915.9599609375,1914.010009765625,1914.93994140625,0
1784777400000,1914.5999755859375,1915.6099853515625,1913.280029296875,1914.010009765625,109679616
1784777700000,1914.1300048828125,1914.47998046875,1913.300048828125,1913.81005859375,2789376
1784778000000,1913.8299560546875,1914,1912.219970703125,1912.280029296875,0
1784778300000,1912.199951171875,1913.77001953125,1911.1400146484375,1912.8699951171875,0
1784778600000,1913.050048828125,1914.0999755859375,1911.800048828125,1914.0999755859375,4209664
1784778900000,1914.1500244140625,1914.739990234375,1914,1914.199951171875,25127936
1784779200000,1914.3199462890625,1915.9300537109375,1913.0999755859375,1914.719970703125,0
1784779500000,1914.489990234375,1919.1700439453125,1914.489990234375,1917.7099609375,67553280
1784779800000,1917.719970703125,1919.0400390625,1917.6500244140625,1918.3199462890625,0
1784780100000,1918.3299560546875,1921.0799560546875,1917.27001953125,1921.0699462890625,0
1784780400000,1921.0799560546875,1921.6500244140625,1918.68994140625,1918.97998046875,5329920
1784780700000,1919.010009765625,1920.989990234375,1918.3399658203125,1920.989990234375,0
1784781000000,1921.0999755859375,1923.6600341796875,1921.0999755859375,1922.8699951171875,0
1784781300000,1922.8800048828125,1923.760009765625,1922.5400390625,1923.1600341796875,2957312
1784781600000,1923.18994140625,1925.8199462890625,1922.530029296875,1924.72998046875,3721216
1784781900000,1924.68994140625,1925.0400390625,1924.02001953125,1924.5400390625,0
1784782200000,1924.199951171875,1925.0400390625,1923.5999755859375,1924.6400146484375,735232
1784782500000,1924.300048828125,1926.1300048828125,1924,1926.030029296875,0
1784782800000,1925.5400390625,1929.6600341796875,1924.050048828125,1929.6600341796875,0
1784783100000,1929.5,1929.5,1927.1400146484375,1928.800048828125,0
1784783400000,1928.5999755859375,1928.8800048828125,1927.9300537109375,1928.25,5906432
1784783700000,1928.27001953125,1929.6300048828125,1928.27001953125,1929.6099853515625,95736832
1784784000000,1929.780029296875,1930.3800048828125,1927.199951171875,1927.199951171875,3573760
1784784300000,1926.93994140625,1929.0799560546875,1926.8299560546875,1928.4000244140625,22043648
1784784600000,1928.510009765625,1928.949951171875,1926.6099853515625,1927.3299560546875,1309696
1784784900000,1927.280029296875,1928.1600341796875,1927.219970703125,1927.5899658203125,0
1784785200000,1927.5999755859375,1928.6700439453125,1927.239990234375,1928.280029296875,0
1784785500000,1928.25,1928.8800048828125,1926.9100341796875,1926.9200439453125,0
1784785800000,1926.9200439453125,1927,1924.8199462890625,1924.8900146484375,11914240
1784786100000,1924.8599853515625,1925.300048828125,1922.4000244140625,1923.18994140625,1449984
1784786400000,1923.6099853515625,1924.0799560546875,1921.0999755859375,1923.800048828125,0
1784786700000,1923.8900146484375,1924.97998046875,1923.280029296875,1923.8900146484375,0
1784787000000,1925,1925.6300048828125,1924.81005859375,1925.530029296875,61741056
1784787300000,1925.5400390625,1925.9599609375,1924.7099609375,1925.3699951171875,15847424
1784787600000,1925,1925.5999755859375,1924.5999755859375,1925.5999755859375,15161344
1784787900000,1925.800048828125,1927.9000244140625,1925.800048828125,1927.2099609375,0
1784788200000,1927.219970703125,1929.06005859375,1927.02001953125,1927.510009765625,0
1784788500000,1927.5400390625,1928.4200439453125,1927.5400390625,1928.3900146484375,7548928
1784788800000,1928.4000244140625,1929,1927.9100341796875,1929,0
1784789100000,1929.010009765625,1929.5999755859375,1928.3199462890625,1929.5999755859375,0
1784789400000,1929.5999755859375,1929.5999755859375,1927,1927.02001953125,0
1784789700000,1927.02001953125,1927.6700439453125,1927.02001953125,1927.3399658203125,0
1784790000000,1927.300048828125,1927.3299560546875,1925.6099853515625,1926.1199951171875,0
1784790300000,1925.8199462890625,1926.5899658203125,1924.81005859375,1925.699951171875,0
1784790600000,1925.7099609375,1927.739990234375,1925.7099609375,1927.739990234375,15594496
1784790900000,1927.739990234375,1928.4599609375,1926.7099609375,1926.81005859375,2112512
1784791200000,1926.6099853515625,1926.6099853515625,1924.8199462890625,1925.22998046875,59447296
1784791500000,1925.219970703125,1926.260009765625,1924.949951171875,1925.4000244140625,19303424
1784791800000,1925.31005859375,1926.199951171875,1924.8199462890625,1926.199951171875,3235840
1784792100000,1925.9300537109375,1925.9300537109375,1923.75,1925.18994140625,22577152
1784792400000,1925.18994140625,1925.9000244140625,1924.800048828125,1925.2900390625,0
1784792700000,1925.5,1926.300048828125,1925,1925.760009765625,0
1784793000000,1925.699951171875,1926.4000244140625,1924.93994140625,1924.9599609375,8331264
1784793300000,1925,1925.3199462890625,1924.800048828125,1925.260009765625,33603584
1784793600000,1925.0699462890625,1927.1199951171875,1924.3299560546875,1926.010009765625,0
1784793900000,1925.949951171875,1926.5,1922.3599853515625,1922.7099609375,0
1784794200000,1922.8699951171875,1923.4000244140625,1921.300048828125,1922.9100341796875,32401408
1784794500000,1922.800048828125,1923.43994140625,1919.1500244140625,1919.31005859375,9943040
1784794800000,1918.5,1922.3199462890625,1917.56005859375,1918.68994140625,53835776
1784795100000,1918.7099609375,1920.2099609375,1918,1918.4300537109375,0
1784795400000,1917.199951171875,1917.5,1911,1912.800048828125,0
1784795700000,1912.77001953125,1913.02001953125,1904.510009765625,1906.3900146484375,201479168
1784796000000,1905.5799560546875,1906.25,1902.4100341796875,1903.780029296875,134734848
1784796300000,1903.3399658203125,1903.3399658203125,1894.260009765625,1898.800048828125,0
1784796600000,1898.699951171875,1904.6600341796875,1898.699951171875,1903.9300537109375,333966336
1784796900000,1903.8399658203125,1903.989990234375,1902.0999755859375,1903.0999755859375,17672192
1784797200000,1903.2900390625,1906.1500244140625,1900.27001953125,1900.4599609375,0
1784797500000,1900.18994140625,1901.31005859375,1897.5999755859375,1897.5999755859375,19410944
1784797800000,1897.550048828125,1899.260009765625,1896.3900146484375,1897.510009765625,22769664
1784798100000,1897.0999755859375,1898.27001953125,1896.5,1897.5,51440640
1784798400000,1897.6800537109375,1900.300048828125,1897.6800537109375,1899.72998046875,77770752
1784798700000,1899.5999755859375,1899.5999755859375,1894.72998046875,1897,16972800
1784799000000,1897.989990234375,1905.2099609375,1897.300048828125,1905.1600341796875,48186368
1784799300000,1905.5,1905.7900390625,1899.4200439453125,1901.5400390625,0
1784799600000,1901.699951171875,1907.5799560546875,1901.699951171875,1907.43994140625,0
1784799900000,1906.9000244140625,1907.780029296875,1899.469970703125,1902.239990234375,97163264
1784800200000,1902.2099609375,1907.5699462890625,1898.52001953125,1905.9300537109375,0
1784800500000,1906.1600341796875,1906.8299560546875,1897.239990234375,1897.3599853515625,6843392
1784800800000,1897.8299560546875,1900.5,1894.8900146484375,1899.5,0
1784801100000,1899.780029296875,1902.1400146484375,1895.699951171875,1898.5799560546875,0
1784801400000,1899.800048828125,1903.0999755859375,1899.0799560546875,1901.06005859375,0
1784801700000,1900.300048828125,1901.6700439453125,1898.72998046875,1900.5,0
1784802000000,1900.800048828125,1905.800048828125,1900.800048828125,1901.719970703125,73205760
1784802300000,1900.7099609375,1903.0999755859375,1900.7099609375,1902.5999755859375,0
1784802600000,1902.7099609375,1904.510009765625,1899.6700439453125,1900.6099853515625,0
1784802900000,1900.5,1905.6400146484375,1899.9100341796875,1904.27001953125,1982464
1784803200000,1904.3900146484375,1904.780029296875,1897.6600341796875,1898.5,108943360
1784803500000,1898.1099853515625,1900.1199951171875,1896.780029296875,1897.1400146484375,0
1784803800000,1897.219970703125,1897.8599853515625,1892.0899658203125,1892.3599853515625,2420736
1784804100000,1892,1895.5400390625,1892,1895.5400390625,0
1784804400000,1894.5999755859375,1894.93994140625,1890.47998046875,1893.3399658203125,94743552
1784804700000,1892.5999755859375,1892.5999755859375,1888.550048828125,1888.56005859375,0
1784805000000,1887.7900390625,1888.239990234375,1881.6099853515625,1882.9100341796875,0
1784805300000,1882.989990234375,1887.7099609375,1882.52001953125,1887.7099609375,0
1784805600000,1887.800048828125,1894,1887.800048828125,1893.9599609375,0
1784805900000,1894.5,1895,1891.31005859375,1891.3199462890625,251624448
1784806200000,1891.0999755859375,1891.5999755859375,1888.9100341796875,1890,26435584
1784806500000,1890.5,1891.7900390625,1888.27001953125,1891.56005859375,831488
1784806800000,1892.1199951171875,1892.4200439453125,1889.550048828125,1889.550048828125,5416960
1784807100000,1889.1500244140625,1894.199951171875,1888.6800537109375,1894.199951171875,6939648
1784807400000,1893.3199462890625,1896.219970703125,1893.3199462890625,1894.9100341796875,6865920
1784807700000,1895.27001953125,1895.93994140625,1893.760009765625,1893.800048828125,0
1784808000000,1894.02001953125,1894.02001953125,1886.5699462890625,1888.1500244140625,82217984
1784808300000,1887.699951171875,1887.699951171875,1884.3800048828125,1887.3499755859375,0
1784808600000,1887.4000244140625,1889.550048828125,1887.0999755859375,1888.780029296875,93824000
1784808900000,1888.7900390625,1889.18994140625,1883.5,1884.5,0
1784809200000,1884.8699951171875,1887.199951171875,1884.1099853515625,1887.1800537109375,0
1784809500000,1887.280029296875,1888.5,1886.9100341796875,1888.5,62311424
1784809800000,1886.9599609375,1886.989990234375,1884.800048828125,1885,0
1784810100000,1885,1888.22998046875,1884.9300537109375,1888.199951171875,0
1784810400000,1888.1800537109375,1888.1800537109375,1885.5,1886.699951171875,9970688
1784810700000,1886.5,1888.199951171875,1886.0699462890625,1887.300048828125,0
1784811000000,1886.699951171875,1888.4599609375,1886.6700439453125,1887.780029296875,0
1784811300000,1887.5799560546875,1889.9200439453125,1886.3199462890625,1886.3199462890625,4443136
1784811600000,1885.7900390625,1887.9200439453125,1884.68994140625,1885.9200439453125,0
1784811900000,1885.6099853515625,1886.52001953125,1884.4100341796875,1886.31005859375,0
1784812200000,1886.510009765625,1887.8199462890625,1885.5999755859375,1886.3900146484375,0
1784812500000,1886.3699951171875,1889.300048828125,1886.0400390625,1887,18336768
1784812800000,1887.199951171875,1890.2900390625,1887.199951171875,1890.0999755859375,0
1784813100000,1889.8599853515625,1890.449951171875,1888.3699951171875,1889.6500244140625,0
1784813400000,1889.260009765625,1890.2099609375,1888.239990234375,1889.5,0
1784813700000,1889.510009765625,1889.699951171875,1886.4599609375,1887.1099853515625,48546816
1784814000000,1886.81005859375,1887.75,1886.1400146484375,1886.9300537109375,0
1784814300000,1886,1888.4000244140625,1886,1887.5999755859375,0
1784814600000,1887.239990234375,1887.300048828125,1884.510009765625,1884.52001953125,0
1784814900000,1884.72998046875,1884.72998046875,1875.2900390625,1876.530029296875,104484864
1784815200000,1876.72998046875,1878.800048828125,1876.030029296875,1876.1500244140625,0
1784815500000,1875.97998046875,1878.800048828125,1874.6199951171875,1878.5999755859375,28903424
1784815800000,1878.5,1878.52001953125,1876.97998046875,1877.449951171875,28241920
1784816100000,1877,1878.780029296875,1874.800048828125,1876.530029296875,72900608
1784816400000,1876.199951171875,1877.800048828125,1874.5899658203125,1877.1700439453125,19365888
1784816700000,1877.1700439453125,1879.4300537109375,1876.8199462890625,1878.8900146484375,0
1784817000000,1879.199951171875,1882.9599609375,1878.5999755859375,1881.5899658203125,0
1784817300000,1881.9000244140625,1881.9000244140625,1877.9000244140625,1878.300048828125,0
1784817600000,1878.02001953125,1878.22998046875,1875.6099853515625,1877.760009765625,43634688
1784817900000,1877.780029296875,1880.9100341796875,1877.719970703125,1879.6600341796875,0
1784818200000,1879.800048828125,1882.260009765625,1879.0899658203125,1880.3199462890625,0
1784818500000,1880.0799560546875,1881.0899658203125,1878.8299560546875,1879.68994140625,0
1784818800000,1880.3199462890625,1882.0999755859375,1880.0999755859375,1880.81005859375,29343744
1784819100000,1880.760009765625,1880.9100341796875,1879.239990234375,1879.3800048828125,4323328
1784819400000,1879.3399658203125,1879.4000244140625,1873.239990234375,1874.949951171875,15553536
1784819700000,1875.1700439453125,1878,1875.1700439453125,1875.7099609375,0
1784820000000,1875.7900390625,1877.8900146484375,1875.719970703125,1877.8900146484375,0
1784820300000,1879.1300048828125,1879.989990234375,1879.050048828125,1879.6099853515625,0
1784820600000,1880.199951171875,1881.199951171875,1879.2099609375,1879.300048828125,0
1784820900000,1879.0999755859375,1879.43994140625,1875.6800537109375,1875.699951171875,74680320
1784821200000,1875.9000244140625,1876,1873.1700439453125,1874.0999755859375,0
1784821500000,1873.9000244140625,1874.4000244140625,1870.5899658203125,1870.800048828125,67428352
1784821800000,1872.510009765625,1872.510009765625,1867.4000244140625,1869.6800537109375,21711872
1784822100000,1870.6800537109375,1874.6800537109375,1869.699951171875,1873.760009765625,115445760
1784822400000,1873.8599853515625,1879.1700439453125,1872.81005859375,1878.3199462890625,48550912
1784822700000,1878.2099609375,1881.550048828125,1878.1099853515625,1881.0400390625,0
1784823000000,1880.969970703125,1883.1199951171875,1880.9599609375,1882.4000244140625,0
1784823300000,1882.4100341796875,1885.1400146484375,1881.699951171875,1884.699951171875,0
1784823600000,1884.8699951171875,1885.56005859375,1884,1884.8900146484375,34857984
1784823900000,1884.8699951171875,1887.25,1884.5699462890625,1886.2900390625,0
1784824200000,1886.300048828125,1886.760009765625,1884.43994140625,1884.81005859375,28524544
1784824500000,1885.050048828125,1886,1884.1099853515625,1884.1099853515625,96058368
1784824800000,1884.25,1884.25,1883,1883.4599609375,21678080
1784825100000,1883.260009765625,1884.5,1883.0400390625,1884.469970703125,0
1784825400000,1884.3499755859375,1884.5799560546875,1883.800048828125,1884.4300537109375,0
1784825700000,1884.4100341796875,1885.469970703125,1884.1099853515625,1884.469970703125,0
1784826000000,1884.43994140625,1887.280029296875,1884.43994140625,1885.6099853515625,3106816
1784826300000,1885.800048828125,1885.989990234375,1882,1882,28955648
1784826600000,1882.1600341796875,1882.2099609375,1880.4100341796875,1881.4000244140625,0
1784826900000,1881.4000244140625,1882.0999755859375,1879.3299560546875,1880.300048828125,81971200
1784827200000,1880.4000244140625,1881.699951171875,1880.4000244140625,1880.800048828125,139256832
1784827500000,1880.780029296875,1882.699951171875,1880.780029296875,1881.31005859375,1562624
1784827800000,1881.2900390625,1882.4599609375,1881.0999755859375,1881.6199951171875,0
1784828100000,1881.5999755859375,1882.8599853515625,1879.7900390625,1879.7900390625,4393984
1784828400000,1880.719970703125,1880.97998046875,1879.4300537109375,1880.800048828125,0
1784828700000,1880.72998046875,1882.0799560546875,1880.510009765625,1881.489990234375,6367232
1784829000000,1881.3900146484375,1881.7099609375,1879.5699462890625,1879.699951171875,5112832
1784829300000,1879.300048828125,1881.199951171875,1879.300048828125,1881.199951171875,0
1784829600000,1881.2900390625,1881.2900390625,1878.8900146484375,1880.47998046875,8262656
1784829900000,1880.4300537109375,1882.68994140625,1880.4300537109375,1881.719970703125,0
1784830200000,1881.699951171875,1881.699951171875,1876.5999755859375,1877.02001953125,0
1784830500000,1877.4100341796875,1877.5400390625,1873.1800537109375,1876.5,15513600
1784830800000,1876.5,1880.5899658203125,1876.1099853515625,1879.43994140625,0
1784831100000,1879.4000244140625,1880.8900146484375,1878.5799560546875,1878.81005859375,41112576
1784831400000,1878.7900390625,1881.5999755859375,1878.7900390625,1881.5999755859375,42981376
1784831700000,1881.199951171875,1882.43994140625,1880.4100341796875,1882.1099853515625,0
1784832000000,1881.97998046875,1882.3900146484375,1880.3499755859375,1881.9200439453125,65934336
1784832300000,1882.06005859375,1882.199951171875,1880.489990234375,1880.72998046875,0
1784832600000,1880.719970703125,1881.22998046875,1879.81005859375,1881.0999755859375,0
1784832900000,1881.2900390625,1882.0899658203125,1881.1199951171875,1881.97998046875,0
1784833200000,1881.9000244140625,1883.1099853515625,1881.2099609375,1881.52001953125,0
1784833500000,1881.699951171875,1882.5999755859375,1881.3599853515625,1881.3599853515625,2438144
1784833800000,1881.3599853515625,1881.800048828125,1880.9100341796875,1881.760009765625,0
1784834100000,1881.5999755859375,1881.989990234375,1881.1199951171875,1881.9599609375,0
1784834400000,1881.9599609375,1883.0999755859375,1881.800048828125,1882.0999755859375,0
1784834700000,1882.6199951171875,1882.6199951171875,1881,1881.5,0
1784835000000,1881.5999755859375,1881.68994140625,1880.0999755859375,1881.6700439453125,0
1784835300000,1881.68994140625,1882.510009765625,1881.2099609375,1882.02001953125,0
1784835600000,1881.77001953125,1881.81005859375,1879.5999755859375,1880.3800048828125,0
1784835900000,1879.800048828125,1881.1500244140625,1879.5899658203125,1879.6099853515625,0
1784836200000,1879.4100341796875,1879.739990234375,1875.3499755859375,1875.5699462890625,990208
1784836500000,1875.0699462890625,1877.1199951171875,1874.3199462890625,1876.9100341796875,12351488
1784836800000,1877.300048828125,1877.6099853515625,1875.0999755859375,1875.300048828125,0
1784837100000,1875.4000244140625,1875.489990234375,1872.800048828125,1873.1800537109375,0
1784837400000,1873.06005859375,1874.27001953125,1870.9000244140625,1872.9599609375,20443136
1784837700000,1873.1600341796875,1874.0999755859375,1871.8199462890625,1872.1600341796875,0
1784838000000,1871.9599609375,1875.9300537109375,1871.800048828125,1874.800048828125,15120384
1784838300000,1874.7099609375,1874.7900390625,1869.6099853515625,1869.9000244140625,34760704
1784838600000,1869.9000244140625,1870.699951171875,1860.77001953125,1865.6199951171875,0
1784838900000,1864.9000244140625,1867.9200439453125,1862.7099609375,1864.1099853515625,0
1784839200000,1863.9000244140625,1865.2900390625,1860.780029296875,1864.449951171875,77925376
1784839500000,1864.5799560546875,1867.699951171875,1864.52001953125,1866.780029296875,8851456
1784839800000,1866.8299560546875,1868.0400390625,1865.56005859375,1866.5,46471168
1784840100000,1866.5,1869.949951171875,1865.68994140625,1869.949951171875,7252992
1784840400000,1870.0999755859375,1872.68994140625,1869.1800537109375,1872.68994140625,1686528
1784840700000,1873.77001953125,1874.6199951171875,1872.800048828125,1874.1099853515625,143264768
1784841000000,1873.469970703125,1874.3599853515625,1871.760009765625,1872.4000244140625,11429888
1784841300000,1872,1872.9000244140625,1870.5999755859375,1872.18994140625,86106112
1784841600000,1872.199951171875,1872.199951171875,1870.47998046875,1871.699951171875,0
1784841900000,1871.699951171875,1875.8699951171875,1871.699951171875,1872.1500244140625,0
1784842200000,1871.6400146484375,1874.949951171875,1871,1874.31005859375,4793344
1784842500000,1874.260009765625,1876,1873,1874.5,38156288
1784842800000,1874.4300537109375,1876.0999755859375,1874.2099609375,1874.699951171875,13298688
1784843100000,1874.6099853515625,1875.0999755859375,1873.6600341796875,1874.739990234375,0
1784843400000,1873.5999755859375,1875.1600341796875,1872.2099609375,1875.1600341796875,13820928
1784843700000,1874.300048828125,1874.4000244140625,1871.31005859375,1871.4100341796875,7456768
1784844000000,1871.5999755859375,1873.8800048828125,1871.4100341796875,1871.510009765625,0
1784844300000,1871.300048828125,1873.6700439453125,1870.760009765625,1873.6700439453125,0
1784844600000,1873.31005859375,1877.1500244140625,1873.31005859375,1875.780029296875,0
1784844900000,1875.780029296875,1875.9599609375,1872.81005859375,1873.2099609375,16208896
1784845200000,1873.06005859375,1875.27001953125,1871.010009765625,1874.5999755859375,0
1784845500000,1874.31005859375,1875.550048828125,1873.6300048828125,1874.25,108944384
1784845800000,1874.25,1874.2900390625,1867.02001953125,1867.2099609375,0
1784846100000,1867.5,1868.3499755859375,1865.81005859375,1867.3800048828125,0
1784846400000,1867.4000244140625,1870.1700439453125,1867.4000244140625,1869.199951171875,0
1784846700000,1869.06005859375,1869.6400146484375,1863.510009765625,1864.9100341796875,0
1784847000000,1864.9100341796875,1865.8800048828125,1863.7099609375,1864.5799560546875,120889344
1784847300000,1864.699951171875,1867.81005859375,1864.699951171875,1867.81005859375,73138176
1784847600000,1868.0999755859375,1871.699951171875,1866.5699462890625,1871.300048828125,0
1784847900000,1871.199951171875,1875.0899658203125,1871.199951171875,1873.4000244140625,0
1784848200000,1873.1099853515625,1874.5899658203125,1872.5899658203125,1874.300048828125,32952320
1784848500000,1874.199951171875,1876.9100341796875,1874.1099853515625,1876.010009765625,52982784
1784848800000,1875.9000244140625,1878.010009765625,1875.510009765625,1876.199951171875,0
1784849100000,1876.18994140625,1879.300048828125,1875.9000244140625,1877.300048828125,0
1784849400000,1877.2099609375,1879.1600341796875,1876.2900390625,1876.8900146484375,117363712
1784849700000,1877.0999755859375,1878.4000244140625,1876.5,1877.3299560546875,6358016
1784850000000,1877.5,1879.6300048828125,1877.010009765625,1879.510009765625,0
1784850300000,1878.93994140625,1879.6400146484375,1877.969970703125,1879.300048828125,0
1784850600000,1879.2099609375,1879.3399658203125,1878.31005859375,1878.469970703125,0
1784850900000,1878.469970703125,1879.5999755859375,1878.43994140625,1879.199951171875,0
1784851200000,1879.6500244140625,1879.6500244140625,1878.1099853515625,1878.699951171875,0
1784851500000,1878.3800048828125,1879.4000244140625,1878.050048828125,1878.4000244140625,16667648
1784851800000,1878.1700439453125,1878.4000244140625,1877.3699951171875,1877.489990234375,0
1784852100000,1877.239990234375,1877.530029296875,1876.5,1877.530029296875,0
1784852400000,1877.550048828125,1880.4000244140625,1876.010009765625,1879.0899658203125,3728384
1784852700000,1879.0999755859375,1879.5999755859375,1878.1099853515625,1878.6099853515625,5151744
1784853000000,1878.199951171875,1879.5400390625,1877.9000244140625,1878.0999755859375,0
1784853300000,1877.7099609375,1878.199951171875,1875.68994140625,1875.68994140625,0
1784853600000,1875.6700439453125,1875.6700439453125,1873.3699951171875,1875.3499755859375,16712704
1784853900000,1874.77001953125,1875.9200439453125,1874.4200439453125,1874.7099609375,24126464
1784854200000,1874.75,1875.72998046875,1874.52001953125,1875.300048828125,20625408
1784854500000,1875.2099609375,1875.2099609375,1873.300048828125,1874.3800048828125,0
1784854800000,1874.6400146484375,1875.050048828125,1872.199951171875,1873.8800048828125,0
1784855100000,1873.81005859375,1879.699951171875,1873.81005859375,1879.030029296875,29483008
1784855400000,1878.7099609375,1878.7099609375,1877.3800048828125,1878.4000244140625,0
1784855700000,1878.4100341796875,1879.6300048828125,1878.010009765625,1879.4599609375,0
1784856000000,1879.530029296875,1879.9000244140625,1878.3199462890625,1878.469970703125,116885504
1784856300000,1878.6500244140625,1878.7900390625,1878.22998046875,1878.6600341796875,0
1784856600000,1878.510009765625,1878.510009765625,1877.780029296875,1878.219970703125,121346048
1784856900000,1878.510009765625,1879.1800537109375,1877.8299560546875,1878.1300048828125,0
1784857200000,1878.219970703125,1879.77001953125,1876.1400146484375,1879.5,0
1784857500000,1879.5400390625,1880.7900390625,1879.010009765625,1879.010009765625,0
1784857800000,1879.2900390625,1879.8499755859375,1877.9000244140625,1879.8499755859375,22744064
1784858100000,1879.75,1879.75,1878.989990234375,1879.280029296875,1289216
1784858400000,1879.280029296875,1880.0899658203125,1878.97998046875,1880.0899658203125,0
1784858700000,1879.7099609375,1880.5699462890625,1877.510009765625,1880.3499755859375,793600
1784859000000,1880.300048828125,1880.8900146484375,1879.6300048828125,1880.4000244140625,30404608
1784859300000,1880.3800048828125,1884.050048828125,1879.52001953125,1883.800048828125,0
1784859600000,1884,1884.18994140625,1882,1883.760009765625,0
1784859900000,1883.530029296875,1884.8199462890625,1882.199951171875,1882.8299560546875,34311168
1784860200000,1881.800048828125,1883.97998046875,1881.010009765625,1883.97998046875,6413312
1784860500000,1883.969970703125,1886.5699462890625,1883.969970703125,1885.93994140625,0
1784860800000,1885.81005859375,1886.0999755859375,1884.97998046875,1884.97998046875,0
1784861100000,1885.2099609375,1886.0999755859375,1884.25,1884.489990234375,87258112
1784861400000,1884.6400146484375,1885.7900390625,1884.6400146484375,1885.7900390625,27648
1784861700000,1885.6700439453125,1886.8800048828125,1884.969970703125,1886.75,14707712
1784862000000,1887.0999755859375,1891.3199462890625,1887,1889.1600341796875,0
1784862300000,1889.4000244140625,1894.25,1889.4000244140625,1894.25,11453440
1784862600000,1894.199951171875,1908.1099853515625,1894.199951171875,1907.56005859375,76711936
1784862900000,1906.3499755859375,1906.3499755859375,1901.219970703125,1902.239990234375,32380928
1784863200000,1902.489990234375,1902.77001953125,1895.52001953125,1896.739990234375,15043584
1784863500000,1896.5899658203125,1897.77001953125,1896.239990234375,1896.6199951171875,56377344
1784863800000,1896.6300048828125,1900.530029296875,1895.300048828125,1895.9100341796875,0
1784864100000,1894.68994140625,1896.02001953125,1892.18994140625,1893.969970703125,119986176
1784864400000,1893.3699951171875,1893.3699951171875,1887.1199951171875,1889.6600341796875,0
1784864700000,1889.6800537109375,1893.6800537109375,1889.6800537109375,1893.6800537109375,12283904
1784865000000,1893.6800537109375,1894.9200439453125,1892.1700439453125,1894.9200439453125,0
1784865300000,1895,1895.280029296875,1894.3699951171875,1894.6400146484375,6765568
1784865600000,1894.72998046875,1894.72998046875,1890.699951171875,1892.010009765625,0
1784865900000,1892.0400390625,1894.6500244140625,1891.469970703125,1894.43994140625,26986496
1784866200000,1894.300048828125,1894.449951171875,1892.030029296875,1892.52001953125,61838336
1784866500000,1891.8199462890625,1893.260009765625,1891.239990234375,1891.3399658203125,0
1784866800000,1891.3299560546875,1891.6400146484375,1886.6099853515625,1887.06005859375,0
1784867100000,1886.75,1889.1199951171875,1885.0899658203125,1888.760009765625,85466112
1784867400000,1888.989990234375,1890.6500244140625,1888.989990234375,1890.27001953125,0
1784867700000,1890.27001953125,1891.31005859375,1888.81005859375,1890.81005859375,0
1784868000000,1891.0400390625,1891.550048828125,1890.72998046875,1891.3699951171875,9538560
1784868300000,1891.3299560546875,1891.4300537109375,1889.7900390625,1890.489990234375,0
1784868600000,1890.47998046875,1890.489990234375,1887.6800537109375,1887.97998046875,0
1784868900000,1887.8599853515625,1888.199951171875,1886.6600341796875,1886.6600341796875,0
1784869200000,1886.8199462890625,1887.8900146484375,1885.1199951171875,1885.4300537109375,0
1784869500000,1885.010009765625,1885.3199462890625,1881.6800537109375,1884.219970703125,0
1784869800000,1884.31005859375,1884.31005859375,1881,1881.4000244140625,19529728
1784870100000,1881.4000244140625,1882.0899658203125,1878.4599609375,1880.469970703125,0
1784870400000,1881.3599853515625,1881.800048828125,1879.43994140625,1880.47998046875,15374336
1784870700000,1880.199951171875,1882.7900390625,1880.199951171875,1881.0799560546875,690176
1784871000000,1881.3800048828125,1882.4300537109375,1880.6400146484375,1881.47998046875,62932992
1784871300000,1881.8399658203125,1883.6300048828125,1881.75,1883.6300048828125,18841600
1784871600000,1883.6400146484375,1885.3699951171875,1883.6400146484375,1884.3599853515625,4136960
1784871900000,1884.300048828125,1886.3800048828125,1883.969970703125,1883.969970703125,1847296
1784872200000,1884.239990234375,1887.22998046875,1883.6500244140625,1886.8499755859375,0
1784872500000,1886.6400146484375,1887.0999755859375,1885.81005859375,1886.6600341796875,0
1784872800000,1886.68994140625,1887.1199951171875,1885.43994140625,1885.8499755859375,58993664
1784873100000,1885.8199462890625,1885.8199462890625,1883.75,1883.8900146484375,0
1784873400000,1884.22998046875,1884.5899658203125,1881.300048828125,1882.0799560546875,1291264
1784873700000,1881.8399658203125,1883.0400390625,1880.6500244140625,1881.280029296875,0
1784874000000,1881.3199462890625,1884.3399658203125,1880.77001953125,1883.77001953125,12056576
1784874300000,1883.780029296875,1884.739990234375,1883.050048828125,1883.81005859375,0
1784874600000,1883.8900146484375,1885.260009765625,1883.719970703125,1883.719970703125,53736448
1784874900000,1883.68994140625,1885.1300048828125,1883,1883.4000244140625,0
1784875200000,1883.280029296875,1884.030029296875,1882.5799560546875,1882.81005859375,75863040
1784875500000,1882.56005859375,1883.780029296875,1882.0899658203125,1883.68994140625,3976192
1784875800000,1883.760009765625,1883.760009765625,1878.8499755859375,1880.4100341796875,0
1784876100000,1880.2900390625,1882.4000244140625,1880.2900390625,1882.4000244140625,17270784
1784876400000,1882.260009765625,1882.43994140625,1880.2900390625,1881.47998046875,0
1784876700000,1881.469970703125,1882.800048828125,1879.9300537109375,1880.1099853515625,0
1784877000000,1879.9200439453125,1881.6800537109375,1878.6800537109375,1879.8499755859375,0
1784877300000,1879.75,1882.3699951171875,1879.75,1881.8499755859375,9878528
1784877600000,1881.75,1882.6600341796875,1881.199951171875,1881.56005859375,6153216
1784877900000,1881.5699462890625,1881.5999755859375,1879.7099609375,1879.8900146484375,2972672
1784878200000,1880.22998046875,1880.75,1877.199951171875,1879.3299560546875,0
1784878500000,1879.0899658203125,1879.6500244140625,1878.010009765625,1879.199951171875,11972608
1784878800000,1878.8399658203125,1879.1700439453125,1877.0400390625,1877.0400390625,0
1784879100000,1877.4000244140625,1877.9000244140625,1875.1199951171875,1877.6099853515625,0
1784879400000,1877.6300048828125,1881.8800048828125,1877.6300048828125,1881.489990234375,366592
1784879700000,1881.010009765625,1883.3699951171875,1880.199951171875,1882.760009765625,0
1784880000000,1882.199951171875,1882.3199462890625,1880.199951171875,1880.5899658203125,0
1784880300000,1880.5999755859375,1883.469970703125,1880.1600341796875,1883.469970703125,0
1784880600000,1883.25,1883.3199462890625,1881.5999755859375,1882.1300048828125,0
1784880900000,1882.1600341796875,1882.8399658203125,1881.199951171875,1881.3499755859375,44867584
1784881200000,1881.469970703125,1884.0400390625,1880.72998046875,1884.0400390625,60094464
1784881500000,1884.050048828125,1884.4300537109375,1881.4200439453125,1881.4200439453125,0
1784881800000,1881.47998046875,1882.699951171875,1879.239990234375,1879.449951171875,0
1784882100000,1879.1800537109375,1880.9100341796875,1878.4000244140625,1880.1800537109375,0
1784882400000,1880.199951171875,1880.199951171875,1876.0699462890625,1876.199951171875,17195008
1784882700000,1876.1300048828125,1877.47998046875,1872.800048828125,1873.719970703125,0
1784883000000,1874.0400390625,1875.1600341796875,1873.1500244140625,1873.7099609375,0
1784883300000,1873.8599853515625,1874.3900146484375,1870.1600341796875,1870.7099609375,0
1784883600000,1872.47998046875,1873.510009765625,1869.3299560546875,1870.1500244140625,0
1784883900000,1870.43994140625,1870.800048828125,1856.0899658203125,1860.47998046875,107237376
1784884200000,1859.47998046875,1862.56005859375,1858.3199462890625,1860.550048828125,107446272
1784884500000,1860.489990234375,1868.050048828125,1860.489990234375,1866.31005859375,3807232
1784884800000,1866.8299560546875,1868.300048828125,1866.1400146484375,1866.5999755859375,54614016
1784885100000,1866.239990234375,1866.260009765625,1864.56005859375,1865.010009765625,75788288
1784885400000,1865.8699951171875,1866.989990234375,1862.1400146484375,1863.7900390625,0
1784885700000,1864.800048828125,1864.800048828125,1858.800048828125,1858.989990234375,0
1784886000000,1857.6800537109375,1863.3800048828125,1856.75,1863.3800048828125,57641984
1784886300000,1863.5999755859375,1865.3599853515625,1860.010009765625,1860.010009765625,0
1784886600000,1860.1500244140625,1860.1500244140625,1848.1600341796875,1849.4100341796875,48827392
1784886900000,1848.449951171875,1854.9000244140625,1846.5899658203125,1854.9000244140625,0
1784887200000,1856.6400146484375,1859.1300048828125,1853.3499755859375,1853.9599609375,0
1784887500000,1853.72998046875,1859.8699951171875,1853.02001953125,1859.4300537109375,0
1784887800000,1859.4599609375,1860.989990234375,1855.1600341796875,1855.1600341796875,11895808
1784888100000,1854.8499755859375,1855.5999755859375,1848.1199951171875,1851.9000244140625,3620864
1784888400000,1850.760009765625,1853.4000244140625,1848.9300537109375,1852.3599853515625,0
1784888700000,1852.5899658203125,1856.510009765625,1850.510009765625,1856.300048828125,81920
1784889000000,1855.7900390625,1856.0699462890625,1852.800048828125,1852.9000244140625,0
1784889300000,1852.3599853515625,1855.550048828125,1850.4100341796875,1850.4100341796875,0
1784889600000,1851.3599853515625,1853.52001953125,1849.8699951171875,1850.0899658203125,8583168
1784889900000,1850.1099853515625,1852.0999755859375,1847.1700439453125,1851.719970703125,0
1784890200000,1852.56005859375,1856.72998046875,1852.56005859375,1855.530029296875,0
1784890500000,1855.52001953125,1861.0799560546875,1855.52001953125,1860.8800048828125,17658880
1784890800000,1860.4200439453125,1860.4200439453125,1855.25,1855.9200439453125,0
1784891100000,1855.25,1855.8299560546875,1852.0799560546875,1852.989990234375,0
1784891400000,1852.5,1863.27001953125,1852.1400146484375,1863.27001953125,0
1784891700000,1862.8800048828125,1865.9000244140625,1858.199951171875,1858.5699462890625,0
1784892000000,1858.1800537109375,1862.5,1858.1800537109375,1861.47998046875,45091840
1784892300000,1861.199951171875,1864.8299560546875,1861.199951171875,1863.3900146484375,0
1784892600000,1862.52001953125,1865.199951171875,1862.280029296875,1864.800048828125,0
1784892900000,1864.760009765625,1866.739990234375,1863.4599609375,1866.5899658203125,0
1784893200000,1866.4000244140625,1867.6199951171875,1862.1600341796875,1862.8900146484375,0
1784893500000,1862.9000244140625,1863.989990234375,1861.1199951171875,1861.8599853515625,286720
1784893800000,1862.280029296875,1863.6500244140625,1857.9000244140625,1858.8800048828125,0
1784894100000,1859.1600341796875,1862.3900146484375,1859.1600341796875,1860,0
1784894400000,1860.0400390625,1862.3900146484375,1857.280029296875,1862.3900146484375,0
1784894700000,1862.22998046875,1863.06005859375,1860.1199951171875,1862.4100341796875,0
1784895000000,1862.4000244140625,1864.5,1859.6700439453125,1860.5999755859375,97806336
1784895300000,1860.6300048828125,1862.1800537109375,1859.0899658203125,1861.7099609375,118067200
1784895600000,1861.68994140625,1862.06005859375,1859.6600341796875,1861.06005859375,0
1784895900000,1861,1861.6800537109375,1858.5699462890625,1858.9300537109375,13432832
1784896200000,1858.56005859375,1858.6500244140625,1855.8199462890625,1856.6300048828125,0
1784896500000,1856.5999755859375,1856.6700439453125,1854.1400146484375,1855.699951171875,0
1784896800000,1855.81005859375,1856.0999755859375,1854.8599853515625,1854.8599853515625,0
1784897100000,1854.5999755859375,1856.02001953125,1851.5999755859375,1853.300048828125,0
1784897400000,1853.1400146484375,1854.5999755859375,1852.47998046875,1854.219970703125,0
1784897700000,1854,1857.7099609375,1854,1855.6600341796875,282624
1784898000000,1855.5400390625,1856.8399658203125,1854.47998046875,1856.72998046875,0
1784898300000,1856.6199951171875,1856.800048828125,1853.0999755859375,1854.43994140625,0
1784898600000,1853.8800048828125,1855.719970703125,1853.77001953125,1855.6400146484375,24059904
1784898900000,1855.550048828125,1858.6800537109375,1855.31005859375,1858.199951171875,0
1784899200000,1858.2099609375,1860.5,1858.1700439453125,1860.5,0
1784899500000,1860.4000244140625,1862.449951171875,1860.1300048828125,1861.010009765625,16480256
1784899800000,1861.1099853515625,1863.300048828125,1860.6199951171875,1863.300048828125,0
1784900100000,1863.719970703125,1864.1099853515625,1860.8599853515625,1861.06005859375,0
1784900400000,1861.0899658203125,1862.530029296875,1861.0699462890625,1861.5,12251136
1784900700000,1861.3199462890625,1862.02001953125,1860.3800048828125,1861.0400390625,0
1784901000000,1860.8399658203125,1863.6300048828125,1860.8399658203125,1863.3399658203125,35915776
1784901300000,1863.2900390625,1865,1863.2900390625,1864.9000244140625,0
1784901600000,1865.0699462890625,1865.0699462890625,1862.47998046875,1863.1300048828125,977920
1784901900000,1863.550048828125,1864.4200439453125,1862.6300048828125,1863.489990234375,0
1784902200000,1863.2099609375,1863.9599609375,1862.530029296875,1863.6199951171875,0
1784902500000,1863.43994140625,1863.43994140625,1861.3900146484375,1861.4200439453125,0
1784902800000,1861.3699951171875,1862.27001953125,1861.06005859375,1861.93994140625,0
1784903100000,1861.8900146484375,1862.239990234375,1859.1700439453125,1859.9599609375,12244992
1784903400000,1860.1800537109375,1860.8499755859375,1857.969970703125,1858.780029296875,356352
1784903700000,1858.9200439453125,1860.300048828125,1858.3199462890625,1858.81005859375,0
1784904000000,1858.5,1858.5,1856.6600341796875,1858.199951171875,0
1784904300000,1858.0999755859375,1861.469970703125,1858.050048828125,1860.300048828125,0
1784904600000,1860.56005859375,1862.6199951171875,1859.5400390625,1861.18994140625,0
1784904900000,1860.1800537109375,1861.43994140625,1860.1800537109375,1860.800048828125,12838912
1784905200000,1861.43994140625,1862.199951171875,1858.43994140625,1858.5,0
1784905500000,1858.010009765625,1859.4000244140625,1856.219970703125,1856.6500244140625,0
1784905800000,1856.6199951171875,1857.7099609375,1856.239990234375,1856.5400390625,0
1784906100000,1856.489990234375,1858.800048828125,1856.1700439453125,1858,0
1784906400000,1857.97998046875,1859.550048828125,1857,1858.280029296875,3369984
1784906700000,1858.199951171875,1860.010009765625,1857.6700439453125,1859.9200439453125,0
1784907000000,1859.449951171875,1861.0899658203125,1859.4300537109375,1860.8199462890625,0
1784907300000,1860.739990234375,1862.6199951171875,1859.8800048828125,1861.760009765625,0
1784907600000,1861.5400390625,1862.25,1860.780029296875,1861.8499755859375,25586688
1784907900000,1862.4000244140625,1862.469970703125,1860.199951171875,1861.4599609375,0
1784908200000,1861.260009765625,1861.93994140625,1860.0699462890625,1861.93994140625,0
1784908500000,1861.5,1862.030029296875,1860.4200439453125,1862.030029296875,0
1784908800000,1861.9000244140625,1863.6199951171875,1861.4599609375,1861.9000244140625,0
1784909100000,1861.9599609375,1862.050048828125,1860.1300048828125,1860.300048828125,0
1784909400000,1860.300048828125,1861.8299560546875,1860.300048828125,1861.530029296875,69651456
1784909700000,1861.5400390625,1862.8299560546875,1861.0799560546875,1861.2900390625,2430976
1784910000000,1861.239990234375,1863.27001953125,1861.239990234375,1862.6800537109375,0
1784910300000,1862.93994140625,1863.6700439453125,1861.5400390625,1861.550048828125,0
1784910600000,1861.5,1861.5999755859375,1860.1199951171875,1860.489990234375,20611072
1784910900000,1860.489990234375,1861.1400146484375,1858.3800048828125,1860.699951171875,0
1784911200000,1860.719970703125,1860.9200439453125,1859.3499755859375,1859.9200439453125,0
1784911500000,1860.1400146484375,1860.550048828125,1856.56005859375,1857.9100341796875,0
1784911800000,1857.8299560546875,1859.8199462890625,1857.8299560546875,1859.800048828125,0
1784912100000,1859.8299560546875,1859.97998046875,1858.719970703125,1859.22998046875,0
1784912400000,1859.2099609375,1859.6400146484375,1857.8699951171875,1858.949951171875,0
1784912700000,1858.739990234375,1859.3699951171875,1857.510009765625,1858.56005859375,0
1784913000000,1858.5999755859375,1858.6400146484375,1857.010009765625,1857.780029296875,16057344
1784913300000,1857.6700439453125,1859.0899658203125,1857.3199462890625,1857.969970703125,0
1784913600000,1857.8499755859375,1857.8499755859375,1856.6400146484375,1857.6099853515625,18290688
1784913900000,1858.199951171875,1859.1800537109375,1857.5,1858.25,0
1784914200000,1858.31005859375,1859.3900146484375,1858.31005859375,1858.699951171875,2159616
1784914500000,1858.699951171875,1859.4599609375,1857.77001953125,1857.8800048828125,0
1784914800000,1857.72998046875,1858.18994140625,1857.1400146484375,1857.9599609375,7334912
1784915100000,1857.9599609375,1858.0799560546875,1856.4000244140625,1858.0799560546875,0
1784915400000,1857.5999755859375,1857.8699951171875,1856.2900390625,1857.22998046875,0
1784915700000,1857.050048828125,1857.050048828125,1855.3599853515625,1855.6199951171875,3722240
1784916000000,1855.6199951171875,1857.3599853515625,1855.02001953125,1856.6300048828125,0
1784916300000,1856.7099609375,1858.0999755859375,1856.0400390625,1857.1700439453125,0
1784916600000,1857.1600341796875,1858.22998046875,1857,1857.6400146484375,19514368
1784916900000,1857.6400146484375,1858.22998046875,1857.489990234375,1858.22998046875,0
1784917200000,1858.0699462890625,1858.2099609375,1856.719970703125,1857.489990234375,0
1784917500000,1857.3599853515625,1857.449951171875,1857.219970703125,1857.449951171875,0
1784917800000,1857.449951171875,1859.5,1857.449951171875,1858.68994140625,0
1784918100000,1858.489990234375,1859.030029296875,1858.3499755859375,1858.5,3234816
1784918400000,1858.3800048828125,1859.969970703125,1858.3800048828125,1859.030029296875,0
1784918700000,1859.06005859375,1859.0799560546875,1857.449951171875,1858.199951171875,0
1784919000000,1858.1199951171875,1859,1857.77001953125,1858.530029296875,0
1784919300000,1858.52001953125,1858.7099609375,1857.6800537109375,1857.6800537109375,0
1784919600000,1857.6700439453125,1859.1700439453125,1857.199951171875,1858.43994140625,148470784
1784919900000,1858.4000244140625,1858.68994140625,1857.72998046875,1858.2099609375,0
1784920200000,1858.2099609375,1858.6800537109375,1857.9100341796875,1858.219970703125,0
1784920500000,1858.280029296875,1858.81005859375,1857.56005859375,1858.3199462890625,0
1784920800000,1858.300048828125,1859.81005859375,1858.300048828125,1859.5699462890625,0
1784921100000,1859.300048828125,1859.47998046875,1858.5999755859375,1859.3800048828125,14365696
1784921400000,1859.47998046875,1860.050048828125,1859.31005859375,1859.8800048828125,0
1784921700000,1859.52001953125,1859.52001953125,1857.77001953125,1859.06005859375,14393344
1784922000000,1859.0899658203125,1859.8800048828125,1858.719970703125,1859.510009765625,0
1784922300000,1859.0400390625,1859.52001953125,1858.81005859375,1859.52001953125,70065152
1784922600000,1859.68994140625,1861.050048828125,1859.1099853515625,1859.5899658203125,9777152
1784922900000,1859.72998046875,1860.3599853515625,1859.72998046875,1859.8800048828125,0
1784923200000,1859.8800048828125,1861.949951171875,1859.27001953125,1861.469970703125,0
1784923500000,1861.52001953125,1861.6199951171875,1860.25,1860.25,0
1784923800000,1860.4000244140625,1861.43994140625,1860.4000244140625,1861.1400146484375,2169856
1784924100000,1861.1300048828125,1861.1300048828125,1860.3299560546875,1860.93994140625,0
1784924400000,1860.93994140625,1862.31005859375,1860.93994140625,1862.18994140625,0
1784924700000,1862.1199951171875,1862.6099853515625,1861.780029296875,1862.260009765625,0
1784925000000,1862.1300048828125,1862.989990234375,1861.0999755859375,1862.18994140625,0
1784925300000,1862.1300048828125,1862.3699951171875,1861.27001953125,1861.8800048828125,59560960
1784925600000,1861.8499755859375,1861.8499755859375,1858,1858.97998046875,0
1784925900000,1856.6199951171875,1858.489990234375,1855.800048828125,1858.030029296875,0
1784926200000,1858.030029296875,1858.1600341796875,1856.9300537109375,1857.25,21984256
1784926500000,1857.25,1859.199951171875,1857.239990234375,1858.510009765625,0
1784926800000,1858.510009765625,1862.0400390625,1858.510009765625,1860.77001953125,0
1784927100000,1860.6099853515625,1861.31005859375,1859.300048828125,1859.4000244140625,0
1784927400000,1859.2099609375,1859.2099609375,1857.1099853515625,1857.72998046875,126025216
1784927700000,1857.8399658203125,1858.0799560546875,1856.6199951171875,1856.780029296875,0
1784928000000,1856.8499755859375,1857.760009765625,1856.6099853515625,1857.5999755859375,0
1784928300000,1857.5999755859375,1858.8399658203125,1857.3499755859375,1858.469970703125,81887744
1784928600000,1858.2900390625,1858.8499755859375,1857.489990234375,1858.8499755859375,9419776
1784928900000,1859.4599609375,1860.6199951171875,1858.97998046875,1858.97998046875,0
1784929200000,1858.6600341796875,1860.0400390625,1858.6600341796875,1860,9656320
1784929500000,1860.280029296875,1860.719970703125,1859.6099853515625,1859.6700439453125,0
1784929800000,1859.6600341796875,1860.489990234375,1858.6099853515625,1859.0799560546875,0
1784930100000,1858.93994140625,1859.1800537109375,1858.02001953125,1858.1300048828125,0
1784930400000,1858.5999755859375,1859.030029296875,1857.989990234375,1858.989990234375,1329152
1784930700000,1859,1860.1099853515625,1858.5799560546875,1859.68994140625,78756864
1784931000000,1859.6600341796875,1859.6600341796875,1858.3199462890625,1858.3199462890625,3266560
1784931300000,1858.4200439453125,1858.4200439453125,1856.550048828125,1856.8699951171875,0
1784931600000,1856.8499755859375,1858.300048828125,1856.8399658203125,1857.719970703125,0
1784931900000,1857.47998046875,1859.0999755859375,1857.4599609375,1859.0999755859375,0
1784932200000,1859,1859.050048828125,1857.260009765625,1857.949951171875,92371968
1784932500000,1858.0799560546875,1859.1500244140625,1857.1700439453125,1859.0400390625,0
1784932800000,1859.02001953125,1859.5,1858.7900390625,1858.800048828125,0
1784933100000,1858.7099609375,1859.1500244140625,1858.0699462890625,1858.22998046875,0
1784933400000,1858.2099609375,1858.3900146484375,1856.4300537109375,1857.199951171875,0
1784933700000,1856.9000244140625,1857.9000244140625,1856.800048828125,1857.9000244140625,63082496
1784934000000,1857.8199462890625,1858.5999755859375,1856.0999755859375,1858.3800048828125,0
1784934300000,1857.72998046875,1858.3599853515625,1857.489990234375,1857.9300537109375,0
1784934600000,1857.9100341796875,1858.6400146484375,1856.8199462890625,1857.949951171875,0
1784934900000,1857.800048828125,1858.5,1857.4000244140625,1858.1300048828125,0
1784935200000,1858.0999755859375,1858.18994140625,1857.1500244140625,1857.300048828125,0
1784935500000,1857.469970703125,1858.9200439453125,1857.469970703125,1857.5,0
1784935800000,1857.25,1858.3900146484375,1856.699951171875,1858.18994140625,0
1784936100000,1858.280029296875,1858.6700439453125,1857.0699462890625,1857.3199462890625,0
1784936400000,1857.530029296875,1858.1700439453125,1856.9000244140625,1857.989990234375,0
1784936700000,1857.969970703125,1857.989990234375,1855.6800537109375,1855.6800537109375,5279232
1784937000000,1855.4000244140625,1857.31005859375,1854.72998046875,1857.239990234375,10539008
1784937300000,1857,1857.5999755859375,1856.6300048828125,1856.9200439453125,17210880
1784937600000,1856.8299560546875,1858.8499755859375,1856.8299560546875,1858.800048828125,0
1784937900000,1858.8399658203125,1859.1400146484375,1858.27001953125,1859.1199951171875,0
1784938200000,1859.3599853515625,1859.3599853515625,1858.5400390625,1859.1800537109375,77913600
1784938500000,1859.1800537109375,1859.8699951171875,1858.9000244140625,1858.9599609375,0
1784938800000,1858.8699951171875,1858.8699951171875,1858.0899658203125,1858.0899658203125,86510080
1784939100000,1858.1500244140625,1858.56005859375,1857.969970703125,1858.199951171875,0
1784939400000,1858.27001953125,1858.56005859375,1856.9599609375,1857.25,5097984
1784939700000,1857.1500244140625,1859.0400390625,1856.93994140625,1859.0400390625,0
1784940000000,1859.0400390625,1860.1600341796875,1859.030029296875,1859.93994140625,0
1784940300000,1859.93994140625,1860.300048828125,1859.6500244140625,1860.1500244140625,0
1784940600000,1860.1600341796875,1860.949951171875,1859.1600341796875,1859.2099609375,144524288
1784940900000,1859.219970703125,1859.6500244140625,1859.02001953125,1859.6199951171875,0
1784941200000,1859.6300048828125,1861.3599853515625,1859.6300048828125,1860.1300048828125,16384000
1784941500000,1860.1300048828125,1860.1300048828125,1859.4300537109375,1859.8699951171875,40982528
1784941800000,1860.0400390625,1860.0400390625,1858.8499755859375,1859.050048828125,0
1784942100000,1859.050048828125,1859.300048828125,1858.739990234375,1859.0699462890625,0
1784942400000,1858.9300537109375,1859.6800537109375,1858.81005859375,1859.4000244140625,0
1784942700000,1859.280029296875,1859.489990234375,1859.010009765625,1859.2099609375,16443904
1784943000000,1859.199951171875,1859.199951171875,1857.72998046875,1857.72998046875,41368064
1784943300000,1857.6700439453125,1857.75,1855.8900146484375,1855.969970703125,30796800
1784943600000,1855.8800048828125,1856.800048828125,1855.800048828125,1856.5400390625,0
1784943900000,1856.280029296875,1856.43994140625,1855.9300537109375,1856.02001953125,75455488
1784944200000,1856.260009765625,1856.8399658203125,1855.1600341796875,1856.7099609375,152034304
1784944500000,1856.550048828125,1857.2099609375,1856.4000244140625,1856.6400146484375,0
1784944800000,1856.5799560546875,1857.5799560546875,1856.5799560546875,1857.22998046875,0
1784945100000,1857.1700439453125,1857.52001953125,1856.2900390625,1857.52001953125,0
1784945400000,1857.489990234375,1857.780029296875,1856.9200439453125,1857.780029296875,0
1784945700000,1857.780029296875,1858.550048828125,1856.800048828125,1858.199951171875,0
1784946000000,1858.0799560546875,1858.18994140625,1854.75,1854.97998046875,0
1784946300000,1855.0799560546875,1855.8800048828125,1854.800048828125,1855.0899658203125,0
1784946600000,1855.06005859375,1855.43994140625,1853.81005859375,1854.6700439453125,0
1784946900000,1854.47998046875,1855.4599609375,1853.8900146484375,1854.949951171875,0
1784947200000,1854.8900146484375,1854.8900146484375,1853.6700439453125,1853.760009765625,77149696
1784947500000,1853.8699951171875,1854.239990234375,1853.1500244140625,1853.6500244140625,0
1784947800000,1853.72998046875,1855.18994140625,1853.699951171875,1855.0999755859375,0
1784948100000,1855.0999755859375,1857.1800537109375,1855.010009765625,1857.1800537109375,95987200
1784948400000,1856.9000244140625,1857.1199951171875,1856.47998046875,1856.9599609375,0
1784948700000,1856.7900390625,1856.800048828125,1855.9200439453125,1855.9200439453125,0
1784949000000,1856.010009765625,1856.52001953125,1855.93994140625,1855.97998046875,0
1784949300000,1855.7900390625,1856.27001953125,1855.1300048828125,1855.760009765625,0
1784949600000,1855.760009765625,1856.739990234375,1855.5799560546875,1856.6300048828125,0
1784949900000,1856.52001953125,1856.530029296875,1855.5899658203125,1855.5899658203125,0
1784950200000,1855.4000244140625,1855.8399658203125,1854.699951171875,1855.5799560546875,0
1784950500000,1855.6099853515625,1856.199951171875,1855.300048828125,1856.199951171875,0
1784950800000,1856.4000244140625,1856.4100341796875,1855.1099853515625,1855.280029296875,0
1784951100000,1855.3699951171875,1856.199951171875,1854.8499755859375,1854.8499755859375,0
1784951400000,1855.030029296875,1855.300048828125,1854.5999755859375,1854.6099853515625,0
1784951700000,1854.8599853515625,1855.199951171875,1854.489990234375,1854.489990234375,0
1784952000000,1854.4200439453125,1854.4200439453125,1853.449951171875,1853.449951171875,0
1784952300000,1853.52001953125,1853.9300537109375,1850.760009765625,1852.5,0
1784952600000,1852.43994140625,1853.219970703125,1851.300048828125,1852.6400146484375,94753792
1784952900000,1852.739990234375,1853.52001953125,1852.739990234375,1853.52001953125,638976
1784953200000,1853.6500244140625,1854.47998046875,1853.43994140625,1853.68994140625,0
1784953500000,1853.550048828125,1854,1853.3900146484375,1853.9200439453125,60289024
1784953800000,1853.9100341796875,1854.3800048828125,1853.5,1853.8900146484375,0
1784954100000,1853.6500244140625,1853.8399658203125,1852.510009765625,1852.6600341796875,5604352
1784954400000,1852.6600341796875,1853.9000244140625,1852.6600341796875,1853.3599853515625,0
1784954700000,1853.3299560546875,1853.489990234375,1851.56005859375,1851.5899658203125,0
1784955000000,1851.739990234375,1852.0699462890625,1849.6800537109375,1850.9000244140625,0
1784955300000,1850.9100341796875,1852.43994140625,1850.9100341796875,1852.0799560546875,79287296
1784955600000,1852.3299560546875,1853.0400390625,1850.6400146484375,1850.8599853515625,0
1784955900000,1851.010009765625,1851.6600341796875,1850.2099609375,1851.3599853515625,0
1784956200000,1851.5,1852.199951171875,1851.3699951171875,1852.18994140625,0
1784956500000,1852.18994140625,1853.510009765625,1851.7900390625,1852,0
1784956800000,1851.9599609375,1853.5999755859375,1851.5,1853.3900146484375,0
1784957100000,1853.239990234375,1854.0999755859375,1853.0899658203125,1854.0999755859375,0
1784957400000,1854.0799560546875,1854.3399658203125,1853.8900146484375,1853.9000244140625,5138944
1784957700000,1853.9000244140625,1854.7900390625,1853.6800537109375,1853.8800048828125,64036864
1784958000000,1854.0699462890625,1854.739990234375,1854.06005859375,1854.5699462890625,0
1784958300000,1854.6199951171875,1855.969970703125,1854.6199951171875,1855.510009765625,0
1784958600000,1855.43994140625,1857.1600341796875,1855.43994140625,1856.260009765625,0
1784958900000,1856.260009765625,1856.5400390625,1855.7099609375,1856.5400390625,0
1784959200000,1856.75,1857.1700439453125,1856.0699462890625,1857.1700439453125,11776000
1784959500000,1857.1600341796875,1857.47998046875,1856.3299560546875,1856.780029296875,13800448
1784959800000,1856.8199462890625,1857.1099853515625,1856.3399658203125,1856.9000244140625,1857024
1784960100000,1856.9000244140625,1857.489990234375,1856.6500244140625,1857.489990234375,0
1784960400000,1857,1857,1855.68994140625,1855.8800048828125,0
1784960700000,1855.8800048828125,1856.27001953125,1855.6800537109375,1856.1199951171875,0
1784961000000,1856.0999755859375,1856.2900390625,1855.300048828125,1856.2900390625,191488
1784961300000,1856.5,1856.5,1854.739990234375,1855.800048828125,0
1784961600000,1855.7099609375,1856.0799560546875,1854.8499755859375,1855.1600341796875,32105472
1784961900000,1855.1400146484375,1855.5,1854.8900146484375,1855.47998046875,0
1784962200000,1855.47998046875,1855.6600341796875,1855.0899658203125,1855.6500244140625,0
1784962500000,1855.6600341796875,1856.8299560546875,1855.6600341796875,1856.77001953125,0
1784962800000,1856.77001953125,1858,1856.27001953125,1857.8299560546875,0
1784963100000,1858.1600341796875,1858.199951171875,1856.8800048828125,1857.489990234375,0
1784963400000,1857.4200439453125,1857.739990234375,1856.8900146484375,1857.4300537109375,0
1784963700000,1857.3299560546875,1857.739990234375,1856.9200439453125,1857.739990234375,292352
1784964000000,1857.739990234375,1857.800048828125,1857.0899658203125,1857.0899658203125,0
1784964300000,1857.27001953125,1857.27001953125,1856.5,1856.6500244140625,0
1784964600000,1856.6700439453125,1857.949951171875,1855.989990234375,1855.989990234375,927744
1784964900000,1856.010009765625,1856.3800048828125,1855.8599853515625,1856.0999755859375,0
1784965200000,1856.1199951171875,1857.030029296875,1856.1099853515625,1856.530029296875,0
1784965500000,1856.43994140625,1857.030029296875,1856.3299560546875,1856.530029296875,0
1784965800000,1856.530029296875,1857.280029296875,1856.530029296875,1856.699951171875,0
1784966100000,1856.6700439453125,1856.6800537109375,1855.8399658203125,1856.06005859375,0
1784966400000,1856.0899658203125,1856.56005859375,1855.699951171875,1856.550048828125,0
1784966700000,1856.550048828125,1856.5699462890625,1855.949951171875,1856.0400390625,0
1784967000000,1856.030029296875,1856.5999755859375,1855.0999755859375,1856.5999755859375,0
1784967300000,1856.6199951171875,1856.77001953125,1856,1856.760009765625,15114240
1784967600000,1856.5,1856.5,1855.1500244140625,1855.4300537109375,3886592
1784967900000,1855.489990234375,1856.800048828125,1855.489990234375,1856.1199951171875,0
1784968200000,1856.1199951171875,1856.1199951171875,1855.31005859375,1856.1199951171875,0
1784968500000,1856.06005859375,1856.5400390625,1855.199951171875,1856.5400390625,543732224
1784968800000,1856.25,1856.52001953125,1855.6199951171875,1856.469970703125,1554432
1784969100000,1856.31005859375,1857.3399658203125,1855.9000244140625,1856.9200439453125,0
1784969400000,1856.8599853515625,1857.5999755859375,1856.8599853515625,1857.5999755859375,0
1784969700000,1857.5999755859375,1858.5799560546875,1857.4200439453125,1858.3699951171875,0
1784970000000,1858.3599853515625,1860.719970703125,1857.8800048828125,1860,0
1784970300000,1860,1861.530029296875,1859.6400146484375,1861.02001953125,0
1784970600000,1861.0799560546875,1861.739990234375,1860.949951171875,1860.989990234375,0
1784970900000,1861,1861.18994140625,1860.4200439453125,1860.5899658203125,0
1784971200000,1860.6099853515625,1862.510009765625,1860.6099853515625,1861.8599853515625,0
1784971500000,1861.800048828125,1863.3599853515625,1861.800048828125,1862.199951171875,0
1784971800000,1862.1800537109375,1863.22998046875,1861.199951171875,1861.72998046875,0
1784972100000,1861.72998046875,1862.7900390625,1861.449951171875,1862.2900390625,0
1784972400000,1862.6400146484375,1866.530029296875,1862.6400146484375,1866.530029296875,0
1784972700000,1866.300048828125,1869.300048828125,1865.9200439453125,1868.719970703125,1659904
1784973000000,1868.8900146484375,1868.8900146484375,1865.1099853515625,1865.6099853515625,0
1784973300000,1865.469970703125,1865.72998046875,1863.489990234375,1865.260009765625,0
1784973600000,1865.52001953125,1865.52001953125,1863.8499755859375,1863.9000244140625,0
1784973900000,1864.0799560546875,1865.4200439453125,1864.06005859375,1865.280029296875,0
1784974200000,1865.43994140625,1865.5,1864.22998046875,1865.3800048828125,6750208
1784974500000,1865.489990234375,1866.3299560546875,1864.43994140625,1864.9200439453125,0
1784974800000,1864.9599609375,1864.9599609375,1863.510009765625,1864.56005859375,0
1784975100000,1864.510009765625,1864.8299560546875,1864.1099853515625,1864.8299560546875,0
1784975400000,1864.8399658203125,1866.260009765625,1864.8299560546875,1865.8800048828125,0
1784975700000,1865.31005859375,1867.489990234375,1865.31005859375,1866.1700439453125,0
1784976000000,1866.4300537109375,1867.1600341796875,1865.3599853515625,1866.47998046875,0
1784976300000,1866.5899658203125,1866.5899658203125,1865.1300048828125,1865.3599853515625,0
1784976600000,1865.550048828125,1867.02001953125,1865.219970703125,1866.550048828125,0
1784976900000,1866.3800048828125,1867.3599853515625,1866.3800048828125,1867.050048828125,0
1784977200000,1866.8599853515625,1866.8599853515625,1865.4000244140625,1865.760009765625,0
1784977500000,1865.9000244140625,1867.0999755859375,1865.6400146484375,1866.6199951171875,9978368
1784977800000,1866.6199951171875,1868.3800048828125,1866.0699462890625,1867.1300048828125,0
1784978100000,1867.31005859375,1868.3900146484375,1867.0799560546875,1867.8499755859375,0
1784978400000,1868.4300537109375,1869.5999755859375,1867.5,1868.010009765625,0
1784978700000,1868.02001953125,1868.030029296875,1866.5,1866.72998046875,0
1784979000000,1866.699951171875,1866.75,1865.43994140625,1865.8299560546875,0
1784979300000,1865.8599853515625,1869.1199951171875,1865.8599853515625,1869.0699462890625,0
1784979600000,1869.219970703125,1869.219970703125,1867.8900146484375,1868.300048828125,0
1784979900000,1868.280029296875,1868.9300537109375,1866.52001953125,1866.52001953125,0
1784980200000,1866.489990234375,1866.8599853515625,1865.530029296875,1866.530029296875,3959296
1784980500000,1866.5400390625,1866.77001953125,1866.010009765625,1866.0999755859375,0
1784980800000,1866.2099609375,1867.43994140625,1865.8900146484375,1866.6800537109375,0
1784981100000,1866.5899658203125,1867.18994140625,1863.7099609375,1863.9599609375,0
1784981400000,1863.949951171875,1866.969970703125,1863.949951171875,1866.969970703125,0
1784981700000,1866.800048828125,1866.9100341796875,1863.8599853515625,1863.8599853515625,0
1784982000000,1863.949951171875,1864.510009765625,1863.5,1864.0899658203125,0
1784982300000,1863.8399658203125,1864.6500244140625,1862.97998046875,1864.18994140625,0
1784982600000,1864.18994140625,1865.260009765625,1863.8399658203125,1865.260009765625,0
1784982900000,1865.219970703125,1866.969970703125,1865.219970703125,1866.5799560546875,0
1784983200000,1866.5899658203125,1867.3199462890625,1866.300048828125,1867.3199462890625,0
1784983500000,1867.3199462890625,1868.75,1866.8599853515625,1867,10777600
1784983800000,1866.8499755859375,1866.9200439453125,1865.4599609375,1865.6199951171875,0
1784984100000,1865.6199951171875,1866.4599609375,1864.739990234375,1866.3299560546875,0
1784984400000,1866.5999755859375,1867.6800537109375,1866.25,1867.0899658203125,0
1784984700000,1867.219970703125,1867.8599853515625,1866.8800048828125,1867.27001953125,0
1784985000000,1867.27001953125,1867.52001953125,1866.300048828125,1867.52001953125,0
1784985300000,1867.52001953125,1868.5899658203125,1867.43994140625,1867.9200439453125,0
1784985600000,1868.02001953125,1869.1500244140625,1866.9599609375,1869.06005859375,0
1784985900000,1869.300048828125,1870.6700439453125,1868.9000244140625,1869.760009765625,58030080
1784986200000,1869.719970703125,1872.3299560546875,1868.8900146484375,1872.31005859375,0
1784986500000,1872.1300048828125,1872.22998046875,1870.0999755859375,1870.4300537109375,405504
1784986800000,1870.6800537109375,1872.6600341796875,1870.6800537109375,1871.81005859375,1761792
1784987100000,1871.8900146484375,1872.3699951171875,1871.1700439453125,1872.3699951171875,4309504
1784987400000,1872.3299560546875,1872.4599609375,1870.6199951171875,1870.93994140625,14999552
1784987700000,1870.93994140625,1871.3599853515625,1870.4599609375,1871.3599853515625,0
1784988000000,1871.6300048828125,1874.6199951171875,1871.449951171875,1872.3599853515625,24207872
1784988300000,1872.18994140625,1872.93994140625,1870.530029296875,1870.530029296875,0
1784988600000,1870.699951171875,1872.6600341796875,1870.699951171875,1871.780029296875,8729600
1784988900000,1871.77001953125,1872.9100341796875,1871.199951171875,1872.52001953125,21593600
1784989200000,1872.52001953125,1872.739990234375,1871.6300048828125,1872.0799560546875,6203392
1784989500000,1872.0400390625,1873.6800537109375,1871,1873.550048828125,0
1784989800000,1873.4599609375,1874.489990234375,1872.6099853515625,1873.6400146484375,2078208
1784990100000,1873.56005859375,1873.5999755859375,1872.2900390625,1872.68994140625,3779072
1784990400000,1872.6700439453125,1872.97998046875,1871.739990234375,1872.25,0
1784990700000,1872.3599853515625,1873,1872.239990234375,1872.31005859375,0
1784991000000,1872.3900146484375,1873.6300048828125,1872.1400146484375,1872.239990234375,0
1784991300000,1872.56005859375,1874.300048828125,1872.4599609375,1873.7099609375,0
1784991600000,1873.699951171875,1874.1400146484375,1873.239990234375,1873.6600341796875,0
1784991900000,1873.6700439453125,1874.4300537109375,1872.8199462890625,1873.699951171875,0
1784992200000,1873.5699462890625,1874.800048828125,1873.2099609375,1874.3900146484375,50560000
1784992500000,1874.1700439453125,1874.1700439453125,1872.6099853515625,1873.0799560546875,0
1784992800000,1873.0699462890625,1874.0400390625,1872.969970703125,1873.8599853515625,0
1784993100000,1873.8599853515625,1874.1099853515625,1873.449951171875,1873.449951171875,0
1784993400000,1873.469970703125,1874.239990234375,1873.0899658203125,1874.1700439453125,0
1784993700000,1874.1700439453125,1874.47998046875,1873.699951171875,1873.8199462890625,3515904
1784994000000,1874,1874.3699951171875,1873.800048828125,1873.9599609375,0
1784994300000,1873.969970703125,1873.969970703125,1872.6500244140625,1873.3699951171875,0
1784994600000,1873.3599853515625,1874.3399658203125,1873.1400146484375,1874.1500244140625,5970432
1784994900000,1874.1700439453125,1874.8499755859375,1872.9599609375,1873.06005859375,0
1784995200000,1873.3900146484375,1873.3900146484375,1871.3800048828125,1872.5999755859375,0
1784995500000,1872.530029296875,1872.530029296875,1871.3599853515625,1871.72998046875,0
1784995800000,1871.6099853515625,1872.8699951171875,1871.6099853515625,1872.25,26360320
1784996100000,1872.25,1872.4599609375,1869.4000244140625,1869.739990234375,0
1784996400000,1869.489990234375,1870.6300048828125,1869.0999755859375,1870.3499755859375,9590784
1784996700000,1870.3800048828125,1870.699951171875,1870.2099609375,1870.699951171875,0
1784997000000,1870.6600341796875,1870.719970703125,1869.1500244140625,1869.22998046875,27916288
1784997300000,1869.300048828125,1869.5799560546875,1868.8599853515625,1869.5799560546875,15190016
1784997600000,1869.5999755859375,1869.8599853515625,1869.449951171875,1869.5899658203125,0
1784997900000,1869.800048828125,1869.800048828125,1869.3900146484375,1869.699951171875,0
1784998200000,1869.699951171875,1870.3800048828125,1869.699951171875,1870.0999755859375,0
1784998500000,1870.1099853515625,1870.5,1870.0799560546875,1870.5,9622528
1784998800000,1870.510009765625,1870.5999755859375,1868.68994140625,1868.68994140625,0
1784999100000,1868.7900390625,1869.8199462890625,1868.0999755859375,1868.3599853515625,0
1784999400000,1868.3499755859375,1868.6400146484375,1866.1300048828125,1868.43994140625,0
1784999700000,1868.4300537109375,1869.0799560546875,1867.4100341796875,1868.6300048828125,5151232
1785000000000,1868.1700439453125,1868.4200439453125,1867.9200439453125,1868.4200439453125,0
1785000300000,1867.9300537109375,1868.93994140625,1867.9300537109375,1868.93994140625,7940608
1785000600000,1868.93994140625,1870.0400390625,1868.6800537109375,1870.0400390625,13066752
1785000900000,1870.02001953125,1871.469970703125,1870.02001953125,1870.3900146484375,0
1785001200000,1870.5699462890625,1870.5899658203125,1869.72998046875,1870.280029296875,0
1785001500000,1870.719970703125,1872.68994140625,1869.6300048828125,1871.949951171875,15360
1785001800000,1871.9300537109375,1872.0799560546875,1871.0400390625,1871.6300048828125,1396224
1785002100000,1870.9300537109375,1871.6099853515625,1870,1870.989990234375,4923904
1785002400000,1870.97998046875,1871.699951171875,1870.5,1871.5999755859375,0
1785002700000,1871.300048828125,1872.739990234375,1870.81005859375,1872.6199951171875,0
1785003000000,1872.6300048828125,1873.1800537109375,1871.760009765625,1872.300048828125,0
1785003300000,1872.469970703125,1873.8699951171875,1871.97998046875,1873.3299560546875,0
1785003600000,1873.3399658203125,1873.3399658203125,1872.699951171875,1872.8499755859375,1178112
1785003900000,1872.8599853515625,1873.510009765625,1872.8499755859375,1873.31005859375,7702016
1785004200000,1873.31005859375,1873.550048828125,1872.1700439453125,1872.5999755859375,3851264
1785004500000,1872.6099853515625,1874.280029296875,1872.5999755859375,1873.9300537109375,1847296
1785004800000,1873.9300537109375,1874.0799560546875,1873.0999755859375,1874.0799560546875,3055104
1785005100000,1874.0999755859375,1874.2900390625,1872.8599853515625,1874.2900390625,340992
1785005400000,1874.3800048828125,1875.31005859375,1874.3800048828125,1874.739990234375,0
1785005700000,1874.6300048828125,1875.3599853515625,1874.0999755859375,1874.31005859375,0
1785006000000,1874.3800048828125,1874.6800537109375,1873.6400146484375,1873.6600341796875,38236672
1785006300000,1873.6400146484375,1874.5899658203125,1872.989990234375,1873.219970703125,0
1785006600000,1873.1600341796875,1873.9100341796875,1873.050048828125,1873.2099609375,5256704
1785006900000,1873.1099853515625,1873.43994140625,1872.22998046875,1872.3399658203125,3611648
1785007200000,1872.3399658203125,1872.3399658203125,1871.5999755859375,1872.1800537109375,3365888
1785007500000,1871.9000244140625,1872.77001953125,1871.6400146484375,1872.47998046875,0
1785007800000,1872.489990234375,1873.25,1872.47998046875,1873.1800537109375,4452864
1785008100000,1873.18994140625,1873.93994140625,1872.719970703125,1872.8800048828125,0
1785008400000,1873.0400390625,1873.199951171875,1872.6099853515625,1872.699951171875,0
1785008700000,1872.6800537109375,1873.93994140625,1872.6400146484375,1873.9200439453125,0
1785009000000,1873.5699462890625,1873.6800537109375,1872.510009765625,1872.5899658203125,186880
1785009300000,1872.5699462890625,1873.43994140625,1872.3599853515625,1873.050048828125,0
1785009600000,1873.010009765625,1873.9000244140625,1872.1600341796875,1873.699951171875,0
1785009900000,1873.760009765625,1876.3900146484375,1873.760009765625,1875.239990234375,0
1785010200000,1875.3900146484375,1876.260009765625,1874.1800537109375,1875.8199462890625,0
1785010500000,1875.8199462890625,1876.489990234375,1875.3800048828125,1875.6099853515625,60991232
1785010800000,1875.25,1877.510009765625,1875.1300048828125,1877.510009765625,2365440
1785011100000,1877.43994140625,1879.5899658203125,1876.989990234375,1877.6500244140625,20957184
1785011400000,1877.47998046875,1877.8499755859375,1875.6800537109375,1876.0400390625,0
1785011700000,1875.6500244140625,1876.219970703125,1875.0899658203125,1875.0899658203125,8608256
1785012000000,1875,1875.449951171875,1874.760009765625,1875.31005859375,0
1785012300000,1875.3599853515625,1875.8199462890625,1874.969970703125,1875,0
1785012600000,1875.010009765625,1877.6800537109375,1875.010009765625,1877.050048828125,0
1785012900000,1876.9000244140625,1879.4300537109375,1876.5799560546875,1879.4000244140625,0
1785013200000,1879.6800537109375,1879.9599609375,1877.0799560546875,1877.6700439453125,0
1785013500000,1877.4100341796875,1878.699951171875,1876.81005859375,1877.780029296875,8930048
1785013800000,1877.81005859375,1878.81005859375,1877.4000244140625,1878.5,28971520
1785014100000,1878.510009765625,1879.0999755859375,1877.93994140625,1878.5899658203125,0
1785014400000,1878.5799560546875,1878.5799560546875,1877.2900390625,1877.5699462890625,0
1785014700000,1877.5799560546875,1877.72998046875,1877.0799560546875,1877.6700439453125,59828736
1785015000000,1877.8599853515625,1878.6300048828125,1877.8599853515625,1877.97998046875,0
1785015300000,1878.06005859375,1878.6600341796875,1877.0899658203125,1878.1099853515625,0
1785015600000,1878.219970703125,1878.300048828125,1877.06005859375,1877.949951171875,6899200
1785015900000,1877.5799560546875,1877.699951171875,1876.93994140625,1876.93994140625,0
1785016200000,1877.3199462890625,1878.3399658203125,1876.699951171875,1878.25,2510336
1785016500000,1877.8900146484375,1878.3399658203125,1876.1199951171875,1877.0400390625,4886016
1785016800000,1877.1300048828125,1877.5999755859375,1876.0799560546875,1877.0899658203125,0
1785017100000,1876.800048828125,1876.800048828125,1875.5,1876.4300537109375,0
1785017400000,1876.4000244140625,1877.8800048828125,1876.4000244140625,1877.719970703125,0
1785017700000,1877.6800537109375,1877.8499755859375,1876.8800048828125,1876.8800048828125,16342784
1785018000000,1876.8399658203125,1878.760009765625,1876.280029296875,1876.52001953125,0
1785018300000,1876.5400390625,1877.699951171875,1876.3199462890625,1877.489990234375,32531200
1785018600000,1877.489990234375,1878.050048828125,1875.5400390625,1876.2900390625,0
1785018900000,1876.219970703125,1876.800048828125,1875.5999755859375,1876.5400390625,10379264
1785019200000,1876.239990234375,1876.760009765625,1876.1300048828125,1876.4100341796875,0
1785019500000,1876.3800048828125,1877.969970703125,1876.3800048828125,1877.8900146484375,0
1785019800000,1877.8800048828125,1879.77001953125,1877.8800048828125,1879.5699462890625,11713792
1785020100000,1879.7099609375,1879.7099609375,1878.9200439453125,1879.1400146484375,6019584
1785020400000,1879.1500244140625,1879.8900146484375,1877.81005859375,1877.8499755859375,0
1785020700000,1877.8599853515625,1878.199951171875,1877.2900390625,1878.18994140625,11867136
1785021000000,1878.1099853515625,1882.0699462890625,1877.6700439453125,1881.550048828125,0
1785021300000,1881.6300048828125,1881.6300048828125,1879.4599609375,1879.949951171875,0
1785021600000,1879.93994140625,1880.8299560546875,1879.6099853515625,1880.219970703125,36105472
1785021900000,1880.050048828125,1880.25,1879.3399658203125,1879.81005859375,351488
1785022200000,1879.530029296875,1882.4000244140625,1879.3399658203125,1882.1099853515625,11826688
1785022500000,1882.219970703125,1882.4000244140625,1881.300048828125,1881.719970703125,0
1785022800000,1881.5,1881.6300048828125,1880.719970703125,1880.9100341796875,4270592
1785023100000,1881.2099609375,1881.3499755859375,1880.4200439453125,1880.4200439453125,0
1785023400000,1880.3299560546875,1880.719970703125,1880.31005859375,1880.6600341796875,0
1785023700000,1880.72998046875,1880.72998046875,1880.050048828125,1880.43994140625,0
1785024000000,1881.1600341796875,1881.1600341796875,1879.6600341796875,1880.8800048828125,0
1785024300000,1880.8599853515625,1881.3399658203125,1878.9200439453125,1880,15403264
1785024600000,1880.030029296875,1880.56005859375,1879.18994140625,1879.43994140625,6189312
1785024900000,1879.239990234375,1879.3399658203125,1878.6400146484375,1879.02001953125,1691136
1785025200000,1879.0799560546875,1881.719970703125,1879.050048828125,1881.7099609375,0
1785025500000,1881.7099609375,1883.0899658203125,1881.31005859375,1882.5699462890625,0
1785025800000,1882.56005859375,1882.75,1881.8399658203125,1882.0699462890625,399616
1785026100000,1882.1300048828125,1883.52001953125,1882.0799560546875,1883.510009765625,17129984
1785026400000,1883.530029296875,1885.699951171875,1883.1700439453125,1885.699951171875,35121920
1785026700000,1885.8699951171875,1887.43994140625,1884.3399658203125,1885.780029296875,19595776
1785027000000,1886.0400390625,1886.949951171875,1885.199951171875,1885.5,25382144
1785027300000,1885.550048828125,1885.550048828125,1883.760009765625,1884.6800537109375,6420736
1785027600000,1884.8299560546875,1884.969970703125,1883.199951171875,1884.9200439453125,0
1785027900000,1884.9200439453125,1884.9300537109375,1884,1884.31005859375,23868928
1785028200000,1884.4200439453125,1885.739990234375,1884.4200439453125,1885.6500244140625,9264896
1785028500000,1885.739990234375,1885.780029296875,1884.199951171875,1884.5999755859375,591616
1785028800000,1884.7099609375,1884.7099609375,1883.8900146484375,1884.31005859375,35738624
1785029100000,1884.3499755859375,1884.3499755859375,1883.1700439453125,1883.2099609375,10741760
1785029400000,1883.2099609375,1883.719970703125,1881.97998046875,1883.52001953125,0
1785029700000,1883.5400390625,1884.3199462890625,1883.239990234375,1884.1300048828125,0
1785030000000,1884.25,1884.6400146484375,1884.1300048828125,1884.4599609375,0
1785030300000,1884.550048828125,1884.5999755859375,1883.25,1883.43994140625,60293376
1785030600000,1883.489990234375,1883.9300537109375,1882.5799560546875,1882.5799560546875,10839296
1785030900000,1882.5899658203125,1882.8800048828125,1881.739990234375,1881.8399658203125,0
1785031200000,1881.719970703125,1883.3199462890625,1881.719970703125,1882.9100341796875,6239744
1785031500000,1882.219970703125,1882.530029296875,1881.3699951171875,1881.699951171875,50442752
1785031800000,1881.6800537109375,1881.6800537109375,1879.3299560546875,1879.6700439453125,0
1785032100000,1879.489990234375,1880.449951171875,1878.489990234375,1878.5,5001472
1785032400000,1878.489990234375,1878.489990234375,1876.9100341796875,1877,46793216
1785032700000,1876.989990234375,1877.6700439453125,1876.9200439453125,1877,1730304
1785033000000,1877.2099609375,1879.5400390625,1877.1700439453125,1879.5400390625,0
1785033300000,1879.6400146484375,1881.0899658203125,1879.5999755859375,1881.0799560546875,6867200
1785033600000,1880.8299560546875,1880.9000244140625,1880.02001953125,1880.5999755859375,0
1785033900000,1880.5699462890625,1882.1800537109375,1880.550048828125,1881.9599609375,33644032
1785034200000,1881.8599853515625,1882.5,1881.5,1882.2900390625,0
1785034500000,1882.3399658203125,1883.6300048828125,1882.3299560546875,1883.3800048828125,11696384
1785034800000,1883.6300048828125,1884.6199951171875,1883,1883,0
1785035100000,1883.030029296875,1883.6500244140625,1882.68994140625,1882.68994140625,15218432
1785035400000,1882.5699462890625,1883.1099853515625,1881.9599609375,1883.1099853515625,39964416
1785035700000,1883.1600341796875,1883.3900146484375,1881.8499755859375,1881.8499755859375,3213568
1785036000000,1881.969970703125,1882.18994140625,1881.3699951171875,1881.469970703125,0
1785036300000,1881.3699951171875,1881.8900146484375,1881.300048828125,1881.489990234375,0
1785036600000,1881.489990234375,1881.489990234375,1880.469970703125,1880.52001953125,46937856
1785036900000,1880.4300537109375,1880.52001953125,1879.1199951171875,1879.47998046875,1796864
1785037200000,1879.3299560546875,1880.0400390625,1878.989990234375,1878.989990234375,0
1785037500000,1878.989990234375,1880,1878.989990234375,1880,25579008
1785037800000,1879.989990234375,1879.989990234375,1879.02001953125,1879.3199462890625,6621952
1785038100000,1879.3199462890625,1879.8499755859375,1879.25,1879.8499755859375,0
1785038400000,1879.8699951171875,1879.8699951171875,1878.27001953125,1878.47998046875,0
1785038700000,1878.47998046875,1878.780029296875,1878.199951171875,1878.780029296875,16629760
1785039000000,1878.780029296875,1879.199951171875,1878.5999755859375,1878.739990234375,0
1785039300000,1878.800048828125,1879.5799560546875,1878.719970703125,1879.18994140625,0
1785039600000,1879.1800537109375,1879.18994140625,1878.7099609375,1878.719970703125,0
1785039900000,1878.6099853515625,1878.6700439453125,1877.6400146484375,1878.4000244140625,0
1785040200000,1879.0699462890625,1879.4000244140625,1878.260009765625,1879.4000244140625,10560768
1785040500000,1879.4000244140625,1879.5400390625,1879.1099853515625,1879.1400146484375,0
1785040800000,1879.1400146484375,1880.2099609375,1879.1400146484375,1880.2099609375,0
1785041100000,1880.1099853515625,1880.1099853515625,1879.6199951171875,1879.8900146484375,0
1785041400000,1879.8900146484375,1880.8800048828125,1879.8800048828125,1880.780029296875,51526912
1785041700000,1880.77001953125,1880.780029296875,1879.8299560546875,1879.8299560546875,0
1785042000000,1879.8399658203125,1880.8800048828125,1879.6500244140625,1880.8699951171875,0
1785042300000,1880.8599853515625,1881.949951171875,1880.1600341796875,1880.8699951171875,0
1785042600000,1880.8599853515625,1880.8699951171875,1880.2900390625,1880.300048828125,0
1785042900000,1880.3199462890625,1882.5400390625,1880.280029296875,1882.0999755859375,0
1785043200000,1882.199951171875,1883.06005859375,1882.199951171875,1882.4200439453125,0
1785043500000,1882.4200439453125,1882.4599609375,1881.97998046875,1882.43994140625,0
1785043800000,1882.6700439453125,1882.6700439453125,1881.47998046875,1881.489990234375,27607552
1785044100000,1881.6199951171875,1883.300048828125,1881.5699462890625,1883.260009765625,0
1785044400000,1883.1099853515625,1884,1882.8800048828125,1882.9300537109375,6210560
1785044700000,1882.9200439453125,1883.47998046875,1882.9200439453125,1883.199951171875,0
1785045000000,1883.199951171875,1883.199951171875,1881.9000244140625,1882.0799560546875,30092288
1785045300000,1882,1882.18994140625,1881.6300048828125,1882.0899658203125,0
1785045600000,1882.27001953125,1882.5699462890625,1880.699951171875,1882.56005859375,0
1785045900000,1882.56005859375,1882.6199951171875,1881.969970703125,1881.97998046875,0
1785046200000,1881.97998046875,1883.5999755859375,1881.9599609375,1883.280029296875,1058304
1785046500000,1883.1700439453125,1883.1700439453125,1882.1500244140625,1882.1500244140625,0
1785046800000,1882.0799560546875,1884.5899658203125,1882.0799560546875,1884.1300048828125,7411200
1785047100000,1884.010009765625,1884.260009765625,1883.6600341796875,1883.719970703125,0
1785047400000,1883.7099609375,1884.800048828125,1883.4100341796875,1884.56005859375,1421824
1785047700000,1884.6300048828125,1885.3900146484375,1884.52001953125,1884.6300048828125,0
1785048000000,1884.6300048828125,1885.8599853515625,1884.6300048828125,1885.1800537109375,0
1785048300000,1885.2099609375,1885.510009765625,1883.4200439453125,1883.550048828125,60806912
1785048600000,1883.530029296875,1884.5799560546875,1883.5,1884.4300537109375,0
1785048900000,1884.4300537109375,1884.6199951171875,1883.4300537109375,1884.3199462890625,8898560
1785049200000,1884.2099609375,1885.8499755859375,1883.8900146484375,1885.8499755859375,0
1785049500000,1885.8499755859375,1886.0699462890625,1883.800048828125,1883.8699951171875,0
1785049800000,1883.800048828125,1885.0699462890625,1883.77001953125,1885,9581568
1785050100000,1884.93994140625,1886.0899658203125,1884.6600341796875,1885.780029296875,4812032
1785050400000,1885.8699951171875,1885.8699951171875,1885.2099609375,1885.52001953125,0
1785050700000,1885.4599609375,1885.6199951171875,1885.0799560546875,1885.3199462890625,0
1785051000000,1885.260009765625,1885.989990234375,1884.77001953125,1885.97998046875,0
1785051300000,1885.969970703125,1885.989990234375,1885.3399658203125,1885.75,0
1785051600000,1885.7900390625,1885.9100341796875,1884.699951171875,1884.72998046875,27871488
1785051900000,1884.72998046875,1885.4000244140625,1884.300048828125,1884.780029296875,0
1785052200000,1884.8599853515625,1885.22998046875,1884.02001953125,1884.1099853515625,5863680
1785052500000,1884,1884.31005859375,1883.0400390625,1884.2099609375,4626432
1785052800000,1884.4100341796875,1886.75,1883.81005859375,1886.530029296875,0
1785053100000,1886.6300048828125,1891.77001953125,1886.6099853515625,1887.06005859375,6713856
1785053400000,1887.1199951171875,1889.0899658203125,1886.969970703125,1889.0899658203125,41155328
1785053700000,1889.3699951171875,1890.2099609375,1886.280029296875,1886.2900390625,8400128
1785054000000,1886.280029296875,1888,1885.47998046875,1888,11779584
1785054300000,1887.72998046875,1888.4200439453125,1887.449951171875,1888.4100341796875,5199616
1785054600000,1888.4000244140625,1888.800048828125,1887.4000244140625,1887.4599609375,0
1785054900000,1887.4000244140625,1888.4200439453125,1886.530029296875,1886.530029296875,37247744
1785055200000,1886.4000244140625,1886.4200439453125,1885.9100341796875,1886.3599853515625,1800960
1785055500000,1886.1800537109375,1886.1800537109375,1884.43994140625,1885.3199462890625,0
1785055800000,1885.3399658203125,1886.1099853515625,1884.6099853515625,1885.8800048828125,1274368
1785056100000,1885.8800048828125,1885.9000244140625,1884.780029296875,1884.8599853515625,2211072
1785056400000,1884.8399658203125,1885.4200439453125,1882.780029296875,1882.780029296875,0
1785056700000,1882.780029296875,1883.3599853515625,1881.2099609375,1881.27001953125,0
1785057000000,1881.239990234375,1882,1880.550048828125,1881.469970703125,0
1785057300000,1881.3800048828125,1883.6500244140625,1881.3800048828125,1883.6400146484375,0
1785057600000,1883.6099853515625,1886.3599853515625,1883.4100341796875,1885.6400146484375,0
1785057900000,1885.3199462890625,1886.52001953125,1883.510009765625,1884.25,33474560
1785058200000,1884.469970703125,1884.81005859375,1883.6099853515625,1884.0999755859375,0
1785058500000,1884.1099853515625,1885.0799560546875,1884,1884.06005859375,38799360
1785058800000,1884.06005859375,1886.4000244140625,1884.050048828125,1886.3699951171875,28881152
1785059100000,1886.6400146484375,1887.22998046875,1885.5999755859375,1885.5999755859375,0
1785059400000,1885.6099853515625,1885.68994140625,1884.5899658203125,1884.6199951171875,0
1785059700000,1884.6199951171875,1885.199951171875,1884.3299560546875,1885.010009765625,0
1785060000000,1885.0699462890625,1888.800048828125,1885.0699462890625,1888.800048828125,0
1785060300000,1888.9200439453125,1895.4000244140625,1888.5799560546875,1892.7900390625,0
1785060600000,1892.780029296875,1894.0699462890625,1891.800048828125,1893.719970703125,147176192
1785060900000,1893.25,1893.47998046875,1891.5799560546875,1891.8599853515625,46697216
1785061200000,1891.8699951171875,1892.0400390625,1890.9000244140625,1890.989990234375,0
1785061500000,1890.969970703125,1891.6400146484375,1890.3699951171875,1890.72998046875,23488768
1785061800000,1890.9200439453125,1893.6400146484375,1889.52001953125,1892.219970703125,0
1785062100000,1892.239990234375,1893.2900390625,1891.449951171875,1892.050048828125,37776128
1785062400000,1892.02001953125,1896.0899658203125,1892.02001953125,1894.2099609375,0
1785062700000,1894.3399658203125,1897.8399658203125,1894.3399658203125,1895.4000244140625,26084352
1785063000000,1895.300048828125,1896.2900390625,1894.6800537109375,1895.8800048828125,0
1785063300000,1895.93994140625,1897.260009765625,1895.8800048828125,1896.93994140625,52221696
1785063600000,1897.5799560546875,1901.1099853515625,1896.239990234375,1898.1099853515625,11106048
1785063900000,1897.6700439453125,1900.199951171875,1897.02001953125,1898.3399658203125,28031744
1785064200000,1898.3299560546875,1898.3299560546875,1897.1500244140625,1897.6300048828125,9873920
1785064500000,1897.6500244140625,1906.9200439453125,1897.6500244140625,1905.3499755859375,36648192
1785064800000,1905.5,1907.0400390625,1904.760009765625,1905.550048828125,27306496
1785065100000,1905.9599609375,1907.0400390625,1904.8699951171875,1905.3499755859375,0
1785065400000,1905.3900146484375,1907.199951171875,1904.72998046875,1906.18994140625,84755456
1785065700000,1906.31005859375,1914.7099609375,1906.31005859375,1913.469970703125,16016384
1785066000000,1914.3599853515625,1914.3599853515625,1911.6099853515625,1913,0
1785066300000,1913.0999755859375,1913.8699951171875,1910.0899658203125,1911.3199462890625,115103744
1785066600000,1912.0699462890625,1912.5699462890625,1909.719970703125,1912.52001953125,46274048
1785066900000,1912.8599853515625,1914.3499755859375,1910.949951171875,1913.2900390625,0
1785067200000,1914.5899658203125,1914.5899658203125,1910.800048828125,1911.1800537109375,53963264
1785067500000,1911.25,1911.3499755859375,1907.280029296875,1907.4000244140625,6487552
1785067800000,1907.489990234375,1909.800048828125,1907.489990234375,1908.5,31297024
1785068100000,1908.550048828125,1913.5799560546875,1908.550048828125,1911.780029296875,39425536
1785068400000,1911.9599609375,1913.47998046875,1911.43994140625,1912.6800537109375,0
1785068700000,1912.68994140625,1918.760009765625,1912.68994140625,1918.6099853515625,35822592
1785069000000,1917.7900390625,1925.3599853515625,1917.5999755859375,1921.489990234375,63520256
1785069300000,1921.5699462890625,1922.7900390625,1917.739990234375,1918.0999755859375,78548992
1785069600000,1917.8499755859375,1919.030029296875,1916.31005859375,1917.8599853515625,56646656
1785069900000,1917.6800537109375,1919.6099853515625,1916.530029296875,1918.97998046875,51662336
1785070200000,1919.1300048828125,1919.1600341796875,1915.25,1915.550048828125,56288768
1785070500000,1915.8800048828125,1915.8800048828125,1914.530029296875,1914.6099853515625,0
1785070800000,1914.489990234375,1914.489990234375,1910.6500244140625,1913.530029296875,7336960
1785071100000,1912.97998046875,1914.949951171875,1912.31005859375,1913.68994140625,23916544
1785071400000,1913.6800537109375,1916.030029296875,1913.3800048828125,1915.3499755859375,81842688
1785071700000,1915.3399658203125,1915.8599853515625,1913.0999755859375,1913.2900390625,73591296
1785072000000,1912.8299560546875,1913.800048828125,1911.969970703125,1912.719970703125,0
1785072300000,1912.199951171875,1913.280029296875,1912.050048828125,1912.510009765625,0
1785072600000,1912.469970703125,1913.800048828125,1911.75,1913.719970703125,0
1785072900000,1913.7900390625,1913.9200439453125,1909.4599609375,1909.6700439453125,0
1785073200000,1909.6300048828125,1910.56005859375,1909.56005859375,1910.5,0
1785073500000,1910.510009765625,1911.199951171875,1910.1700439453125,1910.9000244140625,0
1785073800000,1910.77001953125,1911.68994140625,1910.550048828125,1911.3599853515625,25218560
1785074100000,1911.1600341796875,1911.18994140625,1909.0999755859375,1909.3499755859375,0
1785074400000,1909.300048828125,1911.199951171875,1909.300048828125,1910.3599853515625,0
1785074700000,1910.2900390625,1910.780029296875,1909.72998046875,1909.8399658203125,0
1785075000000,1909.93994140625,1911.5999755859375,1909.93994140625,1910.6700439453125,0
1785075300000,1910.780029296875,1912.3199462890625,1910.530029296875,1912.27001953125,5243904
1785075600000,1912.18994140625,1914.0999755859375,1912.06005859375,1912.2099609375,0
1785075900000,1912.0999755859375,1912.1199951171875,1910.8599853515625,1911.489990234375,0
1785076200000,1911.9000244140625,1912.280029296875,1911.5,1911.8900146484375,12795392
1785076500000,1911.8800048828125,1912.6600341796875,1909.9599609375,1912.6600341796875,0
1785076800000,1911.8499755859375,1912.280029296875,1911.18994140625,1912.280029296875,0
1785077100000,1912.22998046875,1912.22998046875,1911.4200439453125,1911.4200439453125,28509184
1785077400000,1911.43994140625,1914.4300537109375,1911.43994140625,1913.31005859375,0
1785077700000,1913.3299560546875,1913.5400390625,1912.5799560546875,1912.739990234375,0
1785078000000,1912.739990234375,1914.18994140625,1912.2099609375,1913.06005859375,6811136
1785078300000,1912.9000244140625,1913.1600341796875,1911.3800048828125,1911.719970703125,0
1785078600000,1911.719970703125,1911.81005859375,1910.2099609375,1910.2099609375,794112
1785078900000,1910.5699462890625,1911.550048828125,1910.469970703125,1911.550048828125,0
1785079200000,1911.010009765625,1912.8499755859375,1911,1912.3699951171875,2865664
1785079500000,1912.3699951171875,1912.6199951171875,1911.510009765625,1912.280029296875,12905984
1785079800000,1912.219970703125,1914.06005859375,1911.489990234375,1913.5899658203125,24008192
1785080100000,1913.760009765625,1914.0899658203125,1913.02001953125,1913.47998046875,8464896
1785080400000,1913.489990234375,1913.6600341796875,1912.93994140625,1913.0400390625,0
1785080700000,1912.9200439453125,1913.1400146484375,1912.0799560546875,1912.0999755859375,12580352
1785081000000,1912.0999755859375,1912.9200439453125,1911.75,1912.9200439453125,0
1785081300000,1912.9100341796875,1912.9100341796875,1912.1199951171875,1912.3599853515625,0
1785081600000,1912.550048828125,1913,1911.5999755859375,1911.7900390625,0
1785081900000,1911.7900390625,1912.3699951171875,1911.6500244140625,1911.800048828125,6198784
1785082200000,1911.72998046875,1911.81005859375,1910.75,1911.25,0
1785082500000,1911.25,1911.4599609375,1909.93994140625,1910.56005859375,3052032
1785082800000,1910.5799560546875,1911.0699462890625,1910.1199951171875,1910.8800048828125,0
1785083100000,1910.8399658203125,1911.9000244140625,1910.449951171875,1911.699951171875,0
1785083400000,1911.6199951171875,1912.4100341796875,1911.5,1911.5999755859375,0
1785083700000,1911.6099853515625,1911.6500244140625,1910.8900146484375,1911.050048828125,13652480
1785084000000,1911.06005859375,1911.56005859375,1910.8499755859375,1911.4599609375,0
1785084300000,1911.3599853515625,1911.719970703125,1910.1600341796875,1910.3599853515625,8128512
1785084600000,1910.3599853515625,1912.0999755859375,1909.699951171875,1911.8499755859375,1308672
1785084900000,1911.8599853515625,1912.3399658203125,1911.1300048828125,1912.02001953125,9545216
1785085200000,1912.02001953125,1914.949951171875,1912.02001953125,1914,8652800
1785085500000,1913.77001953125,1913.77001953125,1912.0999755859375,1913.0799560546875,12995584
1785085800000,1913,1914.97998046875,1912.8900146484375,1913.4200439453125,1824768
1785086100000,1913.2900390625,1916.1300048828125,1912.800048828125,1915.6700439453125,0
1785086400000,1915.6500244140625,1918.3399658203125,1915.6500244140625,1918.3399658203125,17180672
1785086700000,1919.300048828125,1922.56005859375,1918.9000244140625,1919.760009765625,0
1785087000000,1919.739990234375,1921.8499755859375,1918.4200439453125,1921.449951171875,40395264
1785087300000,1920.969970703125,1921.06005859375,1919.4100341796875,1919.56005859375,38456832
1785087600000,1919.760009765625,1921.6800537109375,1918.8800048828125,1919.77001953125,43891712
1785087900000,1919.8199462890625,1928.25,1919.6400146484375,1925.7900390625,0
1785088200000,1925.56005859375,1926.0799560546875,1923.47998046875,1925.22998046875,23417344
1785088500000,1925.6800537109375,1926.280029296875,1923.5,1924.0899658203125,59849216
1785088800000,1925.77001953125,1937.5999755859375,1925.77001953125,1936.4300537109375,26589696
1785089100000,1935.9599609375,1937.5400390625,1934.9000244140625,1935.9599609375,78397440
1785089400000,1936.0999755859375,1936.4300537109375,1933.56005859375,1936.1300048828125,105192960
1785089700000,1936.43994140625,1937.43994140625,1934.8900146484375,1934.8900146484375,52494848
1785090000000,1934.9200439453125,1937.0999755859375,1934.5799560546875,1934.5799560546875,33038336
1785090300000,1934.5699462890625,1936.97998046875,1933.6400146484375,1936.6800537109375,0
1785090600000,1936.739990234375,1944.2900390625,1936.6800537109375,1942.800048828125,37435392
1785090900000,1943.969970703125,1945.18994140625,1942.800048828125,1943.219970703125,22708224
1785091200000,1943.5799560546875,1946.0699462890625,1943.469970703125,1945.72998046875,31832576
1785091500000,1945.199951171875,1950.97998046875,1943.3399658203125,1947.6099853515625,137513472
1785091800000,1947.4000244140625,1949.0699462890625,1945.8299560546875,1948.8499755859375,142619136
1785092100000,1948.8800048828125,1948.93994140625,1946.949951171875,1947.9100341796875,10037248
1785092400000,1949.760009765625,1951.9000244140625,1948.0899658203125,1949.9300537109375,66409472
1785092700000,1949.780029296875,1963.81005859375,1949.780029296875,1960.75,45939200
1785093000000,1960.5999755859375,1960.81005859375,1954.9000244140625,1955.300048828125,116095488
1785093300000,1955.5899658203125,1959.800048828125,1953.239990234375,1953.239990234375,64952320
1785093600000,1953.6800537109375,1954.77001953125,1952.56005859375,1953.5999755859375,197465600
1785093900000,1953.52001953125,1954.6400146484375,1950.989990234375,1951.9100341796875,61787136
1785094200000,1951.9300537109375,1951.9300537109375,1945.469970703125,1950.969970703125,86187008
1785094500000,1951.1600341796875,1952.050048828125,1948.9100341796875,1948.9100341796875,71242752
1785094800000,1948.969970703125,1952.449951171875,1948.81005859375,1951.9599609375,14169088
1785095100000,1952.1600341796875,1955.3599853515625,1951.3299560546875,1952.949951171875,1431040
1785095400000,1952.93994140625,1955.199951171875,1951.3299560546875,1952.52001953125,24958976
1785095700000,1952.280029296875,1953.81005859375,1950.68994140625,1952.9300537109375,78073856
1785096000000,1953,1953,1950.1300048828125,1950.1300048828125,27260928
1785096300000,1950.1300048828125,1950.699951171875,1947.010009765625,1947.969970703125,79808000
1785096600000,1948.1800537109375,1948.7900390625,1946.4000244140625,1947.760009765625,0
1785096900000,1946.93994140625,1947.47998046875,1941.5999755859375,1943.010009765625,85776896
1785097200000,1942.3299560546875,1943.6400146484375,1940.72998046875,1941.6600341796875,53968384
1785097500000,1942.300048828125,1945.199951171875,1942.0899658203125,1943.280029296875,17689600
1785097800000,1943.050048828125,1943.469970703125,1941.4000244140625,1942.030029296875,19170816
1785098100000,1942,1942.6400146484375,1939.0799560546875,1940,0
1785098400000,1939.68994140625,1940.989990234375,1939.010009765625,1939.9300537109375,0
1785098700000,1940.280029296875,1942.219970703125,1939.0799560546875,1940.6400146484375,106054656
1785099000000,1940.6700439453125,1943.5999755859375,1939,1940.239990234375,23074816
1785099300000,1940.050048828125,1940.739990234375,1937.7099609375,1940.6300048828125,23772672
1785099600000,1940.719970703125,1944.469970703125,1940.4100341796875,1943.52001953125,3856896
1785099900000,1943.5400390625,1946.3699951171875,1943.4000244140625,1945.469970703125,0
1785100200000,1945.0799560546875,1945.199951171875,1940.6400146484375,1941.239990234375,0
1785100500000,1940.52001953125,1943.199951171875,1939.2099609375,1942.800048828125,90212352
1785100800000,1942.43994140625,1942.489990234375,1939.9100341796875,1941.4599609375,22674944
1785101100000,1941.239990234375,1941.239990234375,1939.18994140625,1939.5,28373504
1785101400000,1939.68994140625,1942.3900146484375,1938.3900146484375,1940.949951171875,41724416
1785101700000,1940.4000244140625,1942.1700439453125,1934.3199462890625,1942.0999755859375,0
1785102000000,1942.0899658203125,1943.1700439453125,1939.800048828125,1940.4000244140625,104933376
1785102300000,1940.2900390625,1944.1099853515625,1940.1600341796875,1943.8399658203125,44323840
1785102600000,1944.1400146484375,1945.1099853515625,1942.699951171875,1943.719970703125,0
1785102900000,1943.760009765625,1946.3399658203125,1943.510009765625,1946.300048828125,0
1785103200000,1946.52001953125,1947.5999755859375,1945.1400146484375,1945.7900390625,69499904
1785103500000,1945.3299560546875,1947,1945.1199951171875,1946.2900390625,62416896
1785103800000,1946.1800537109375,1946.1800537109375,1944.260009765625,1944.8399658203125,46095872
1785104100000,1944.719970703125,1945.0799560546875,1942.9300537109375,1944.9599609375,6235648
1785104400000,1944.949951171875,1947.030029296875,1942.9100341796875,1943.989990234375,35255808
1785104700000,1943.8900146484375,1945.4200439453125,1943.0699462890625,1944.010009765625,8841216
1785105000000,1944.010009765625,1944.010009765625,1942.2099609375,1942.9100341796875,24803840
1785105300000,1942.9100341796875,1947.18994140625,1942.22998046875,1946.1700439453125,15778816
1785105600000,1945.9100341796875,1946.4000244140625,1944.739990234375,1944.739990234375,14593536
1785105900000,1945.27001953125,1946.06005859375,1942.699951171875,1942.7099609375,51230208
1785106200000,1942.4000244140625,1942.56005859375,1939.9599609375,1940.8299560546875,41306624
1785106500000,1941.010009765625,1942.0400390625,1940.699951171875,1941.5999755859375,0
1785106800000,1941.719970703125,1944.97998046875,1940.6400146484375,1940.6800537109375,28362752
1785107100000,1941,1943.5899658203125,1941,1942.199951171875,9186304
1785107400000,1942.0799560546875,1943.68994140625,1940.989990234375,1943.6300048828125,0
1785107700000,1943.8699951171875,1944.5699462890625,1943.4000244140625,1943.6400146484375,28972544
1785108000000,1943.719970703125,1945.1600341796875,1942.9300537109375,1943.719970703125,0
1785108300000,1943.72998046875,1945.1700439453125,1943.72998046875,1944.4100341796875,13766144
1785108600000,1944.25,1944.25,1942.6199951171875,1943.9200439453125,72364544
1785108900000,1943.9100341796875,1944.719970703125,1943.5999755859375,1943.97998046875,0
1785109200000,1943.52001953125,1945.7099609375,1943.52001953125,1945.7099609375,16126976
1785109500000,1945.6800537109375,1946.6300048828125,1945.18994140625,1945.18994140625,0
1785109800000,1945.43994140625,1946.030029296875,1945.0999755859375,1945.3800048828125,6522368
1785110100000,1945.6500244140625,1948.219970703125,1944.5999755859375,1948.02001953125,61132288
1785110400000,1948.06005859375,1953.0899658203125,1946.8900146484375,1953,27803648
1785110700000,1952.97998046875,1955.3399658203125,1949.530029296875,1949.8199462890625,0
1785111000000,1949.9000244140625,1951.510009765625,1947.4300537109375,1951.510009765625,174351360
1785111300000,1951.31005859375,1956.8800048828125,1950.72998046875,1955.1600341796875,26712064
1785111600000,1955.6400146484375,1959.9000244140625,1954.47998046875,1954.47998046875,48495104
1785111900000,1954.47998046875,1954.5999755859375,1950.1600341796875,1952.530029296875,10224640
1785112200000,1952.5999755859375,1952.5999755859375,1948.5400390625,1949.8900146484375,16280064
1785112500000,1949.8900146484375,1955.1400146484375,1949.8900146484375,1953.2900390625,119587840
1785112800000,1952.75,1956.949951171875,1952.75,1956.1700439453125,0
1785113100000,1955.8900146484375,1955.8900146484375,1952.8900146484375,1953.699951171875,0
1785113400000,1953.5899658203125,1953.8699951171875,1952.760009765625,1953.3299560546875,47694336
1785113700000,1952.77001953125,1952.8599853515625,1951.22998046875,1951.5400390625,0
1785114000000,1951.760009765625,1953.4000244140625,1950.5999755859375,1952.5899658203125,59499008
1785114300000,1952.510009765625,1954.4100341796875,1952.449951171875,1953.6600341796875,21904896
1785114600000,1954.18994140625,1955.6199951171875,1954.18994140625,1955.1199951171875,0
1785114900000,1954.469970703125,1954.8800048828125,1952.760009765625,1954.43994140625,63753728
1785115200000,1954.510009765625,1958.8699951171875,1954.510009765625,1957.489990234375,96544256
1785115500000,1957.4300537109375,1957.800048828125,1956.5999755859375,1957.6800537109375,0
1785115800000,1958.5,1958.6300048828125,1956.8299560546875,1957.3399658203125,59919360
1785116100000,1957.300048828125,1959.7099609375,1956.5400390625,1958.77001953125,8213504
1785116400000,1958.77001953125,1959.1199951171875,1957.199951171875,1958.6500244140625,10739712
1785116700000,1958.489990234375,1958.8800048828125,1956.9599609375,1958.199951171875,36234752
1785117000000,1958.280029296875,1959.5,1957.6800537109375,1959.31005859375,21369856
1785117300000,1959.31005859375,1967.8800048828125,1959.1199951171875,1963.9300537109375,51736576
1785117600000,1963.9200439453125,1966.9200439453125,1962,1966.9200439453125,71980544
1785117900000,1967.5899658203125,1975.6199951171875,1965.0999755859375,1967.1600341796875,62424576
1785118200000,1967.93994140625,1970.1600341796875,1966.4100341796875,1968.699951171875,274875904
1785118500000,1968.25,1969.97998046875,1966.0799560546875,1966.3299560546875,102638592
1785118800000,1966.199951171875,1966.199951171875,1963.3499755859375,1965.18994140625,37944320
1785119100000,1964.739990234375,1965,1962.6099853515625,1964.56005859375,11708416
1785119400000,1963.9200439453125,1966.800048828125,1963.3199462890625,1966.800048828125,48732160
1785119700000,1967.0400390625,1969.489990234375,1966.56005859375,1967.6500244140625,32185344
1785120000000,1967.530029296875,1971.0899658203125,1967.06005859375,1970.9000244140625,31355904
1785120300000,1971,1971.6800537109375,1967.300048828125,1967.6400146484375,51949568
1785120600000,1967.56005859375,1968.699951171875,1966.5,1967.989990234375,660480
1785120900000,1967.780029296875,1969.0400390625,1966.5,1966.77001953125,0
1785121200000,1965.9599609375,1967.93994140625,1964.9300537109375,1967.93994140625,67364864
1785121500000,1967.8499755859375,1968.6300048828125,1963.8599853515625,1967.22998046875,58851328
1785121800000,1967.3299560546875,1970,1967,1969.800048828125,10716160
1785122100000,1969.8399658203125,1969.8399658203125,1967.5899658203125,1969.5899658203125,44371968
1785122400000,1969.6800537109375,1969.800048828125,1968.8800048828125,1969.449951171875,0
1785122700000,1969.449951171875,1969.449951171875,1967.8599853515625,1967.9000244140625,15628288
1785123000000,1967.8499755859375,1967.8499755859375,1963.68994140625,1966.0799560546875,84681728
1785123300000,1966.6500244140625,1967.25,1963.4200439453125,1963.5,0
1785123600000,1962.1500244140625,1964.8599853515625,1960.260009765625,1964.8599853515625,33420288
1785123900000,1965.31005859375,1968.300048828125,1965,1967.1199951171875,125356032
1785124200000,1967.280029296875,1967.280029296875,1963.6800537109375,1964.5999755859375,0
1785124500000,1964.56005859375,1966,1962.68994140625,1962.68994140625,79481856
1785124800000,1964.0999755859375,1965.5899658203125,1963.1700439453125,1964.2900390625,100089856
1785125100000,1963.4599609375,1964.7900390625,1962.699951171875,1962.699951171875,46496768
1785125400000,1962.5,1964.8800048828125,1960.5,1963.18994140625,28664832
1785125700000,1963.18994140625,1966.43994140625,1961.02001953125,1965.5999755859375,14110720
1785126000000,1965,1965,1962.8800048828125,1962.8800048828125,2465792
1785126300000,1962.8800048828125,1966.5899658203125,1962.8800048828125,1966.52001953125,0
1785126600000,1966.68994140625,1966.68994140625,1963.719970703125,1964.300048828125,115398656
1785126900000,1963.81005859375,1965.5799560546875,1963.199951171875,1964.25,17455104
1785127200000,1964.239990234375,1965.5799560546875,1963.6099853515625,1963.6099853515625,22468608
1785127500000,1963.68994140625,1966.760009765625,1963.68994140625,1966.6199951171875,11177984
1785127800000,1966.5,1966.9000244140625,1963.0899658203125,1965.0799560546875,14139392
1785128100000,1964.97998046875,1965.5,1963.199951171875,1963.300048828125,71583744
1785128400000,1961.5999755859375,1961.5999755859375,1956.68994140625,1957.5999755859375,13708288
1785128700000,1957.6700439453125,1958.3599853515625,1955.469970703125,1955.469970703125,0
1785129000000,1956.3199462890625,1958.0999755859375,1955.969970703125,1956.010009765625,83978240
1785129300000,1956,1957.199951171875,1955.5999755859375,1955.6099853515625,0
1785129600000,1955.5999755859375,1958.219970703125,1955.5999755859375,1958.219970703125,41997312
1785129900000,1958.0999755859375,1959.22998046875,1957.93994140625,1958.81005859375,0
1785130200000,1958.300048828125,1961.6199951171875,1957.6400146484375,1961.6199951171875,93373440
1785130500000,1961.489990234375,1964.699951171875,1961.2099609375,1964.699951171875,28905472
1785130800000,1964.6400146484375,1965.8800048828125,1964.6400146484375,1964.760009765625,60368896
1785131100000,1964.6800537109375,1965.68994140625,1963.800048828125,1965.68994140625,19333120
1785131400000,1965.699951171875,1966.6400146484375,1962.8499755859375,1962.989990234375,19394560
1785131700000,1963,1964.3599853515625,1962.6400146484375,1963.4200439453125,26098688
1785132000000,1963,1964.3199462890625,1963,1963.0999755859375,6428672
1785132300000,1963.1199951171875,1964.739990234375,1961.8199462890625,1963.75,128000
1785132600000,1963.7900390625,1963.7900390625,1962.1500244140625,1963.010009765625,21256192
1785132900000,1963,1963.6500244140625,1961.780029296875,1963.0999755859375,0
1785133200000,1965,1967.4599609375,1963.5,1967.1400146484375,18532352
1785133500000,1966.699951171875,1966.8800048828125,1964.4599609375,1964.7900390625,0
1785133800000,1965.199951171875,1966.9000244140625,1965.1099853515625,1965.5999755859375,83868672
1785134100000,1966.0899658203125,1967.969970703125,1966.0899658203125,1967.969970703125,0
1785134400000,1967.72998046875,1969.800048828125,1966.9100341796875,1968.780029296875,11408384
1785134700000,1969.18994140625,1970.199951171875,1966.9200439453125,1967.3299560546875,71680
1785135000000,1967.3900146484375,1967.3900146484375,1966,1966.3800048828125,35451904
1785135300000,1966.3399658203125,1966.6099853515625,1965.1099853515625,1965.9200439453125,16947200
1785135600000,1965.4000244140625,1965.4000244140625,1962.0999755859375,1963.510009765625,14060544
1785135900000,1963.530029296875,1964.4599609375,1963,1964.3599853515625,5539840
1785136200000,1963.1400146484375,1964.02001953125,1962.8199462890625,1963.5699462890625,9371648
1785136500000,1963.5,1964.4300537109375,1962.5799560546875,1962.68994140625,41287680
1785136800000,1962.469970703125,1963.219970703125,1960.81005859375,1960.81005859375,17589248
1785137100000,1961,1961.68994140625,1958.489990234375,1958.489990234375,0
1785137400000,1958.4599609375,1959.8299560546875,1957.0999755859375,1958.2900390625,84638720
1785137700000,1958.4000244140625,1959.6300048828125,1958.3599853515625,1959.5,16667648
1785138000000,1959.300048828125,1959.800048828125,1957.47998046875,1958.4100341796875,0
1785138300000,1957.9100341796875,1959.0999755859375,1957.9100341796875,1959.06005859375,74469376
1785138600000,1959.06005859375,1959.3900146484375,1956.43994140625,1958,0
1785138900000,1957.7099609375,1959.1400146484375,1957.4599609375,1957.97998046875,0
1785139200000,1957.699951171875,1962.4599609375,1957.699951171875,1962.4599609375,92627968
1785139500000,1962.0999755859375,1963.030029296875,1961.4000244140625,1961.9100341796875,0
1785139800000,1961.800048828125,1961.989990234375,1953.5899658203125,1953.5899658203125,9977856
1785140100000,1953.9000244140625,1955.5999755859375,1951.199951171875,1951.3900146484375,19129344
1785140400000,1950.699951171875,1950.969970703125,1947.030029296875,1948,17579008
1785140700000,1947.4000244140625,1947.77001953125,1946.0699462890625,1946.800048828125,85744640
1785141000000,1946.510009765625,1948.199951171875,1942.010009765625,1943.5400390625,48603136
1785141300000,1943.550048828125,1946.8499755859375,1943.4599609375,1946.68994140625,49307648
1785141600000,1946.780029296875,1952.3699951171875,1946.780029296875,1951.31005859375,0
1785141900000,1951.56005859375,1956.739990234375,1951.3699951171875,1954.93994140625,77324288
1785142200000,1955.0400390625,1956.06005859375,1953.800048828125,1955.18994140625,40810496
1785142500000,1955.3900146484375,1956.25,1954.9000244140625,1955.5799560546875,80667648
1785142800000,1955.97998046875,1958.739990234375,1954.5799560546875,1956.7099609375,6240256
1785143100000,1956.4000244140625,1956.4000244140625,1954.8499755859375,1955.699951171875,26169344
1785143400000,1956.0899658203125,1956.199951171875,1952.5,1952.5,37768192
1785143700000,1952.9000244140625,1955,1952.4000244140625,1954.8900146484375,0
1785144000000,1954.1400146484375,1955.199951171875,1952.4100341796875,1952.4100341796875,0
1785144300000,1951.719970703125,1951.800048828125,1950.280029296875,1950.800048828125,43203584
1785144600000,1950.1099853515625,1955.199951171875,1948.9000244140625,1954.719970703125,0
1785144900000,1954.300048828125,1968.699951171875,1954.300048828125,1966.800048828125,82585600
1785145200000,1966.030029296875,1975.699951171875,1965.510009765625,1974.199951171875,21609472
1785145500000,1972.6300048828125,1975.0899658203125,1968.2900390625,1969.93994140625,159707136
1785145800000,1969.1500244140625,1969.5999755859375,1962.199951171875,1965.6600341796875,123212800
1785146100000,1964.72998046875,1966.0400390625,1955.5899658203125,1959.0899658203125,100851712
1785146400000,1959.4599609375,1963.27001953125,1957.9000244140625,1962.199951171875,175859712
1785146700000,1962.8299560546875,1963.93994140625,1954.5,1963.9000244140625,47719424
1785147000000,1962.8299560546875,1962.8299560546875,1956,1962.199951171875,213499904
1785147300000,1961.8699951171875,1963.550048828125,1954.949951171875,1954.949951171875,0
1785147600000,1954.7099609375,1954.7099609375,1942.6099853515625,1946.5400390625,0
1785147900000,1946.3800048828125,1946.5899658203125,1935.699951171875,1935.699951171875,121401344
1785148200000,1936,1936,1926.9000244140625,1929.300048828125,60321792
1785148500000,1929.010009765625,1933.6600341796875,1921.5400390625,1927.75,199862272
1785148800000,1927.469970703125,1927.8299560546875,1918.199951171875,1918.8399658203125,298995712
1785149100000,1918.9000244140625,1927.3499755859375,1918.81005859375,1926.7900390625,0
1785149400000,1927,1931.300048828125,1924.550048828125,1927.050048828125,139792384
1785149700000,1927.6199951171875,1932.219970703125,1926.7099609375,1930.1700439453125,79512576
1785150000000,1930.3699951171875,1933.1600341796875,1928.9000244140625,1931.5999755859375,0
1785150300000,1930.3299560546875,1932.199951171875,1924,1924.0699462890625,63039488
1785150600000,1924.2900390625,1932.5,1923.22998046875,1931.8299560546875,19425280
1785150900000,1932.0899658203125,1932.5699462890625,1926.5899658203125,1930.800048828125,0
1785151200000,1932.68994140625,1935.699951171875,1927.25,1929.199951171875,5198848
1785151500000,1928.5999755859375,1929.449951171875,1926.280029296875,1929.0999755859375,17991680
1785151800000,1928.3900146484375,1931.550048828125,1926.5999755859375,1928.1099853515625,30785536
1785152100000,1928.0699462890625,1928.0699462890625,1924,1927.9000244140625,45216768
1785152400000,1929.3499755859375,1930.6600341796875,1927.0899658203125,1929.199951171875,0
1785152700000,1929.010009765625,1929.3399658203125,1926.4000244140625,1927.5999755859375,14183424
1785153000000,1927.52001953125,1928.699951171875,1926.219970703125,1926.6099853515625,74487808
1785153300000,1926.68994140625,1927.81005859375,1925.43994140625,1925.43994140625,0
1785153600000,1925.8800048828125,1928.8499755859375,1923.760009765625,1928.8499755859375,0
1785153900000,1929.47998046875,1929.9000244140625,1924.5999755859375,1927.9000244140625,0
1785154200000,1927.9000244140625,1929.7900390625,1925.31005859375,1925.6400146484375,0
1785154500000,1925.300048828125,1927.3900146484375,1921.300048828125,1926.800048828125,83357696
1785154800000,1926.010009765625,1928.5999755859375,1924.56005859375,1928,0
1785155100000,1928.050048828125,1936.9000244140625,1928.050048828125,1934.9100341796875,115710976
1785155400000,1934.969970703125,1940.4100341796875,1934.969970703125,1940.4100341796875,0
1785155700000,1940.8199462890625,1944.5899658203125,1938.699951171875,1939.300048828125,12617728
1785156000000,1940.3699951171875,1940.699951171875,1939.1700439453125,1940.6500244140625,0
1785156300000,1940.9000244140625,1942.1700439453125,1939.300048828125,1941.449951171875,95700992
1785156600000,1940.3499755859375,1940.3499755859375,1935.739990234375,1935.8499755859375,0
1785156900000,1935.699951171875,1939,1934.81005859375,1938.5,0
1785157200000,1938.02001953125,1939.1500244140625,1933,1934.31005859375,49825792
1785157500000,1934.0999755859375,1936.5999755859375,1933.5799560546875,1935.22998046875,0
1785157800000,1934.9200439453125,1937.7099609375,1934.9200439453125,1937.7099609375,96312320
1785158100000,1937,1938.47998046875,1936.550048828125,1938.1300048828125,0
1785158400000,1938.219970703125,1944.1700439453125,1938.219970703125,1942.72998046875,0
1785158700000,1942.5999755859375,1942.5999755859375,1940.2099609375,1940.3299560546875,45713408
1785159000000,1940.3199462890625,1943.7099609375,1940.1099853515625,1943.219970703125,115701760
1785159300000,1943.1400146484375,1943.800048828125,1940.68994140625,1940.7900390625,0
1785159600000,1940.6500244140625,1942.300048828125,1940.22998046875,1940.5999755859375,24293376
1785159900000,1940.68994140625,1940.97998046875,1938.31005859375,1939.0400390625,59162624
1785160200000,1939.0899658203125,1940.5,1937.9100341796875,1940.1800537109375,0
1785160500000,1940.6800537109375,1942.5,1940.4100341796875,1941.9000244140625,0
1785160800000,1942.1400146484375,1942.5799560546875,1941,1941.0400390625,0
1785161100000,1940.6800537109375,1941.5,1939.719970703125,1940.2099609375,136764416
1785161400000,1940.1300048828125,1940.2900390625,1939.5,1939.699951171875,9659392
1785161700000,1939.199951171875,1939.3199462890625,1934.800048828125,1935.5999755859375,0
1785162000000,1934.800048828125,1937.1700439453125,1934.030029296875,1936.699951171875,14863360
1785162300000,1936.7099609375,1937.27001953125,1935.5999755859375,1936.989990234375,32673792
1785162600000,1937.06005859375,1937.4000244140625,1931.9000244140625,1931.9200439453125,4986880
1785162900000,1931.9200439453125,1933.18994140625,1930.3199462890625,1930.4100341796875,107344896
1785163200000,1929.3800048828125,1934.6700439453125,1927.1500244140625,1933.3900146484375,0
1785163500000,1933.4000244140625,1934.1400146484375,1929.800048828125,1929.800048828125,57092096
1785163800000,1929.530029296875,1934.6700439453125,1929.300048828125,1934.3699951171875,16842752
1785164100000,1934.699951171875,1937.5,1934.699951171875,1937.199951171875,5207040
1785164400000,1937.199951171875,1937.699951171875,1935.530029296875,1936.72998046875,22029312
1785164700000,1936.31005859375,1943.800048828125,1936.31005859375,1943.800048828125,89459712
1785165000000,1943.8900146484375,1949.1400146484375,1943.8900146484375,1946.5999755859375,0
1785165300000,1946.77001953125,1947.77001953125,1945.739990234375,1947.5899658203125,6233088
1785165600000,1948.3199462890625,1950.4000244140625,1947.31005859375,1948,141765632
1785165900000,1948.1400146484375,1948.9000244140625,1945.77001953125,1948.9000244140625,11854848
1785166200000,1945.81005859375,1953.199951171875,1945.81005859375,1952.300048828125,9764864
1785166500000,1951.800048828125,1953.6199951171875,1948.5999755859375,1949.469970703125,0
1785166800000,1949.4300537109375,1950.5,1948.5999755859375,1948.7900390625,98031616
1785167100000,1948.5999755859375,1948.9100341796875,1947.0999755859375,1947.68994140625,37702656
1785167400000,1947.9000244140625,1947.9000244140625,1945.68994140625,1947.0999755859375,0
1785167700000,1947.300048828125,1948.4300537109375,1945.5999755859375,1946.8399658203125,101008384
1785168000000,1948.1700439453125,1948.4000244140625,1945.77001953125,1945.780029296875,27392000
1785168300000,1946.260009765625,1946.260009765625,1943.8499755859375,1944.199951171875,21074944
1785168600000,1943.8299560546875,1944.77001953125,1943.3599853515625,1943.8900146484375,0
1785168900000,1943.5999755859375,1943.75,1941.800048828125,1942.27001953125,61586432
1785169200000,1942.1099853515625,1943.8900146484375,1941.56005859375,1943.8900146484375,0
1785169500000,1944,1945.8399658203125,1944,1945.8399658203125,0
1785169800000,1945.739990234375,1945.739990234375,1943.0799560546875,1944.6199951171875,18386944
1785170100000,1944.7900390625,1946.56005859375,1943.4000244140625,1943.6199951171875,80828416
1785170400000,1943.739990234375,1943.739990234375,1942.6500244140625,1943.5899658203125,21890048
1785170700000,1943.030029296875,1944.5999755859375,1943.030029296875,1944.0999755859375,1342464
1785171000000,1944.0799560546875,1945.18994140625,1943.699951171875,1944.3199462890625,1356800
1785171300000,1944.9000244140625,1945.300048828125,1944.0699462890625,1945,11159552
1785171600000,1944.949951171875,1947.1400146484375,1944.2099609375,1944.489990234375,0
1785171900000,1944.489990234375,1946.6600341796875,1944.219970703125,1946.3900146484375,104391680
1785172200000,1946.3800048828125,1948.199951171875,1945.8199462890625,1946.3900146484375,21919744
1785172500000,1946.56005859375,1946.5699462890625,1944.2099609375,1945.5999755859375,27423744
1785172800000,1945.5999755859375,1945.8800048828125,1944.239990234375,1945.1600341796875,12887040
1785173100000,1945.1099853515625,1945.1099853515625,1942.3900146484375,1942.3900146484375,21826560
1785173400000,1942.3199462890625,1943.550048828125,1941.8599853515625,1941.989990234375,37588992
1785173700000,1941.97998046875,1941.97998046875,1940.1800537109375,1940.260009765625,26194944
1785174000000,1940.260009765625,1941.1400146484375,1939.8499755859375,1941.010009765625,33392640
1785174300000,1940.800048828125,1940.989990234375,1939.27001953125,1939.530029296875,14528512
1785174600000,1939.469970703125,1941.97998046875,1939.199951171875,1940.9000244140625,0
1785174900000,1940.9000244140625,1941.989990234375,1939.8900146484375,1940,0
1785175200000,1939.989990234375,1939.989990234375,1933.219970703125,1934.300048828125,0
1785175500000,1934.699951171875,1936.300048828125,1933.5,1935.8399658203125,0
1785175800000,1935.81005859375,1936.760009765625,1935.4100341796875,1936.489990234375,40264704
1785176100000,1936.6500244140625,1937.489990234375,1936.1300048828125,1936.800048828125,0
1785176400000,1936.8900146484375,1937.18994140625,1930.5,1931,7454720
1785176700000,1930.9100341796875,1930.9100341796875,1926.5,1927.8599853515625,0
1785177000000,1927.199951171875,1929.3599853515625,1925.56005859375,1926.5,0
1785177300000,1926.4100341796875,1928.530029296875,1924.6099853515625,1925.0999755859375,0
1785177600000,1924.4000244140625,1924.4000244140625,1910.010009765625,1912.4000244140625,0
1785177900000,1912.2099609375,1912.9000244140625,1905.9100341796875,1908.8199462890625,119309312
1785178200000,1907.510009765625,1907.510009765625,1900.1500244140625,1900.300048828125,31141888
1785178500000,1899.969970703125,1902,1890.0799560546875,1892.1099853515625,0
1785178800000,1890.449951171875,1892.5999755859375,1883.2099609375,1885.81005859375,93512704
1785179100000,1884.4000244140625,1891.25,1882.8800048828125,1883.0999755859375,66955264
1785179400000,1882.81005859375,1889.25,1881.9100341796875,1889.25,119710720
1785179700000,1888.699951171875,1892.969970703125,1884.4200439453125,1892.9100341796875,0
1785180000000,1893.0699462890625,1894.1400146484375,1890.3399658203125,1890.3399658203125,46817280
1785180300000,1890.800048828125,1892.9599609375,1890.6099853515625,1891.5999755859375,89106432
1785180600000,1891.56005859375,1894.219970703125,1890.8399658203125,1890.8399658203125,0
1785180900000,1891.199951171875,1892.300048828125,1887.9000244140625,1888.550048828125,0
1785181200000,1888.6300048828125,1888.8900146484375,1884.9100341796875,1885.8199462890625,0
1785181500000,1885.199951171875,1887.699951171875,1884.25,1885.5400390625,11411456
1785181800000,1885.5,1888.8699951171875,1885.4599609375,1888.8699951171875,26041344
1785182100000,1889.1800537109375,1891.3599853515625,1888.3599853515625,1890.6700439453125,99761152
1785182400000,1891.27001953125,1892.5999755859375,1890,1890.5799560546875,0
1785182700000,1889.72998046875,1890.1199951171875,1885.8599853515625,1886.4000244140625,59424768
1785183000000,1886.6600341796875,1886.6600341796875,1879.0899658203125,1884.52001953125,0
1785183300000,1885.4000244140625,1887.8399658203125,1884.2099609375,1887.8399658203125,44994560
1785183600000,1887.9000244140625,1889.5999755859375,1879.5999755859375,1881.8499755859375,87703552
1785183900000,1882.010009765625,1882.010009765625,1877.5899658203125,1881.719970703125,34594816
1785184200000,1881.77001953125,1884.239990234375,1877.510009765625,1884.1099853515625,0
1785184500000,1883.5999755859375,1885.56005859375,1883,1884.9100341796875,84256768
1785184800000,1884.5999755859375,1885.0899658203125,1882.3199462890625,1882.3199462890625,0
1785185100000,1881.9000244140625,1882.969970703125,1877.4100341796875,1879.550048828125,106505216
1785185400000,1879.199951171875,1879.199951171875,1876.1700439453125,1877.8699951171875,28996608
1785185700000,1876.699951171875,1880.0999755859375,1876.3499755859375,1877.31005859375,0
1785186000000,1877.699951171875,1878.9000244140625,1876,1876.2099609375,7520256
1785186300000,1875.8499755859375,1875.8499755859375,1865.199951171875,1872.5999755859375,6007808
1785186600000,1872.199951171875,1874.989990234375,1871.0999755859375,1874.219970703125,145389568
1785186900000,1874.5,1874.81005859375,1869.25,1870.31005859375,21028864
1785187200000,1869.9000244140625,1873.6300048828125,1869.699951171875,1871.800048828125,128082944
1785187500000,1871.760009765625,1877.5400390625,1871.4000244140625,1876.9000244140625,0
1785187800000,1876.1099853515625,1880.989990234375,1876.1099853515625,1880.989990234375,58904576
1785188100000,1880.9000244140625,1880.9000244140625,1876.31005859375,1876.739990234375,0
1785188400000,1876.4300537109375,1876.4300537109375,1873.0699462890625,1874.18994140625,76219392
1785188700000,1874.0400390625,1877.68994140625,1872.800048828125,1876.969970703125,0
1785189000000,1876.5999755859375,1876.5999755859375,1873.1500244140625,1873.3499755859375,92011520
1785189300000,1873.5899658203125,1875.5999755859375,1872.3499755859375,1874.1300048828125,7540736
1785189600000,1873.5899658203125,1874.2099609375,1870.8399658203125,1871.93994140625,0
1785189900000,1872.2900390625,1875.800048828125,1871.81005859375,1875.75,0
1785190200000,1875.510009765625,1876.31005859375,1874.5899658203125,1875.8599853515625,0
1785190500000,1875.77001953125,1877.280029296875,1874.219970703125,1877.27001953125,111135744
1785190800000,1876.800048828125,1878.6300048828125,1876.800048828125,1877.9300537109375,0
1785191100000,1877.949951171875,1878.0400390625,1875.780029296875,1876.0899658203125,15362048
1785191400000,1876.050048828125,1876.75,1874.949951171875,1876.25,0
1785191700000,1876.5,1877.199951171875,1874.27001953125,1874.9000244140625,73635840
1785192000000,1874.72998046875,1874.760009765625,1872.8800048828125,1873.510009765625,0
1785192300000,1873.699951171875,1873.699951171875,1870.989990234375,1872.239990234375,0
1785192600000,1872.02001953125,1875.4100341796875,1871.0899658203125,1874.489990234375,0
1785192900000,1874.5,1875.3299560546875,1874,1874,60659712
1785193200000,1873.8599853515625,1875.3499755859375,1873.2900390625,1873.43994140625,0
1785193500000,1873.199951171875,1873.97998046875,1871.5,1871.5899658203125,86838272
1785193800000,1871.5699462890625,1875.949951171875,1871.5,1875.6099853515625,258048
1785194100000,1875.2900390625,1878.5400390625,1874.260009765625,1878.5400390625,0
1785194400000,1878.5999755859375,1879.56005859375,1877.5899658203125,1877.5999755859375,0
1785194700000,1877.5999755859375,1877.949951171875,1875.4100341796875,1876.5699462890625,0
1785195000000,1875.8199462890625,1876.81005859375,1873.510009765625,1876.81005859375,0
1785195300000,1876.8399658203125,1878.25,1875.5,1877.9100341796875,111269888
1785195600000,1878.030029296875,1880.9300537109375,1878.030029296875,1880.5999755859375,56071168
1785195900000,1880.800048828125,1881.22998046875,1878.800048828125,1881.0999755859375,727040
1785196200000,1881.1099853515625,1881.2099609375,1879.4000244140625,1880.300048828125,26638336
1785196500000,1880.1800537109375,1880.300048828125,1877.4300537109375,1879.4100341796875,15269888
1785196800000,1879.22998046875,1880.0899658203125,1878.739990234375,1879.6600341796875,0
1785197100000,1879.9200439453125,1880.800048828125,1879.6600341796875,1879.8900146484375,0
1785197400000,1879.719970703125,1880.25,1878.2099609375,1878.6199951171875,0
1785197700000,1878.31005859375,1879.3399658203125,1877,1879.3399658203125,0
1785198000000,1879.47998046875,1879.5999755859375,1878,1878.2099609375,0
1785198300000,1878.2099609375,1878.2099609375,1877.030029296875,1877.530029296875,0
1785198600000,1877.4100341796875,1877.6500244140625,1875.8299560546875,1875.969970703125,0
1785198900000,1875.9200439453125,1876.199951171875,1875.06005859375,1875.550048828125,0
1785199200000,1875.5400390625,1877.4000244140625,1874.6600341796875,1877.4000244140625,0
1785199500000,1877.3900146484375,1879.3199462890625,1877.3699951171875,1877.6199951171875,0
1785199800000,1877.7099609375,1879.4000244140625,1877.4000244140625,1879.3800048828125,969728
1785200100000,1879.27001953125,1879.27001953125,1875.7900390625,1877.3699951171875,0
1785200400000,1877.3399658203125,1882.0799560546875,1876.7099609375,1882.030029296875,0
1785200700000,1881.800048828125,1883.0400390625,1880.1800537109375,1881,13519872
1785201000000,1881.0699462890625,1881.1600341796875,1880.0799560546875,1880.81005859375,104524800
1785201300000,1880.6300048828125,1887.1400146484375,1880.6300048828125,1886.800048828125,0
1785201600000,1885.699951171875,1887.6099853515625,1884.02001953125,1884.02001953125,21965824
1785201900000,1884.010009765625,1884.219970703125,1881.81005859375,1884.18994140625,0
1785202200000,1884.4000244140625,1884.6700439453125,1881.3699951171875,1881.989990234375,17464320
1785202500000,1881.7099609375,1883.6800537109375,1880.260009765625,1883.6800537109375,1162240
1785202800000,1883.699951171875,1886.260009765625,1883.3299560546875,1886.260009765625,47872000
1785203100000,1886.2099609375,1886.8599853515625,1885.22998046875,1885.3699951171875,44222464
1785203400000,1885.25,1886.31005859375,1883.4100341796875,1884.239990234375,14383104
1785203700000,1884.239990234375,1885.050048828125,1881.31005859375,1881.31005859375,0
1785204000000,1881.2099609375,1881.3199462890625,1879.1500244140625,1879.4599609375,0
1785204300000,1879.4100341796875,1880.1800537109375,1878.050048828125,1878.6700439453125,0
1785204600000,1878.6800537109375,1878.6800537109375,1876.699951171875,1877.8599853515625,0
1785204900000,1878.0999755859375,1878.780029296875,1877.699951171875,1878.06005859375,0
1785205200000,1878.699951171875,1881.4200439453125,1878.4100341796875,1879.6300048828125,0
1785205500000,1879.8800048828125,1881.3399658203125,1879.6700439453125,1881.2900390625,0
1785205800000,1881.5799560546875,1882.3599853515625,1880.760009765625,1882.0799560546875,0
1785206100000,1882.0899658203125,1883.9000244140625,1882.0899658203125,1883.52001953125,128911360
1785206400000,1883.530029296875,1884.5699462890625,1883.4100341796875,1884.0999755859375,0
1785206700000,1883.6600341796875,1884.699951171875,1883.0799560546875,1884.2900390625,184554496
1785207000000,1884.1099853515625,1885.8499755859375,1883.8399658203125,1885.719970703125,0
1785207300000,1885.93994140625,1886.6199951171875,1884.8199462890625,1886.6199951171875,14973952
1785207600000,1886.52001953125,1886.8699951171875,1885.2099609375,1885.5999755859375,0
1785207900000,1885.7099609375,1885.8299560546875,1884,1885.530029296875,0
1785208200000,1885.719970703125,1885.719970703125,1884.31005859375,1884.9300537109375,0
1785208500000,1885.1400146484375,1886.18994140625,1884.4000244140625,1885.6099853515625,0
1785208800000,1885.1099853515625,1885.6500244140625,1883.3399658203125,1884.5899658203125,0
1785209100000,1884.5899658203125,1885.199951171875,1882.9200439453125,1883.300048828125,14910464
1785209400000,1883.300048828125,1884.0999755859375,1882.199951171875,1883.8800048828125,0
1785209700000,1883.8800048828125,1884.0400390625,1880.93994140625,1883.3199462890625,1366016
1785210000000,1883.3800048828125,1884.02001953125,1881.31005859375,1881.6400146484375,0
1785210300000,1881.800048828125,1881.800048828125,1878.0999755859375,1879.6700439453125,0
1785210600000,1879.6099853515625,1882.2099609375,1879.6099853515625,1881.3800048828125,0
1785210900000,1881.3199462890625,1882.8499755859375,1881.3199462890625,1881.8800048828125,67043328
1785211200000,1881.300048828125,1882.760009765625,1879.4100341796875,1881.75,0
1785211500000,1882.18994140625,1882.530029296875,1880.0999755859375,1880.4000244140625,0
1785211800000,1880.219970703125,1880.219970703125,1878.1099853515625,1878.5999755859375,0
1785212100000,1878.9000244140625,1881.260009765625,1878.260009765625,1881.22998046875,0
1785212400000,1880.9100341796875,1881.6800537109375,1879.4000244140625,1881.6800537109375,110369792
1785212700000,1881.4599609375,1883.219970703125,1880.699951171875,1882.739990234375,3394560
1785213000000,1882.4000244140625,1882.4000244140625,1879.02001953125,1880.43994140625,0
1785213300000,1880.4599609375,1881.6099853515625,1879.719970703125,1881.4000244140625,7539712
1785213600000,1881.5,1883.5,1881.5,1882.9000244140625,4449280
1785213900000,1882.9100341796875,1883.6300048828125,1882.469970703125,1882.760009765625,0
1785214200000,1882.6400146484375,1883.6600341796875,1880.93994140625,1881.2099609375,0
1785214500000,1880.81005859375,1882.5999755859375,1880.4000244140625,1882.489990234375,0
1785214800000,1882.1600341796875,1882.9300537109375,1880.8199462890625,1880.8800048828125,0
1785215100000,1878.9100341796875,1881.3299560546875,1878.6199951171875,1880.93994140625,69346304
1785215400000,1881,1881.699951171875,1880.239990234375,1880.510009765625,0
1785215700000,1880.3800048828125,1881.7099609375,1880.260009765625,1881.7099609375,6402048
1785216000000,1881.699951171875,1882.6500244140625,1881.5999755859375,1882.2099609375,0
1785216300000,1882.02001953125,1882.0699462890625,1880.489990234375,1882.0699462890625,1739776
1785216600000,1882.050048828125,1882.9000244140625,1881.8699951171875,1882.1400146484375,0
1785216900000,1881.9200439453125,1881.9200439453125,1879.56005859375,1881.699951171875,0
1785217200000,1881.9000244140625,1882.3499755859375,1880.2099609375,1880.2099609375,0
1785217500000,1880.5400390625,1880.5400390625,1880.010009765625,1880.4100341796875,0
1785217800000,1880.550048828125,1881.6099853515625,1876.3699951171875,1876.3699951171875,0
1785218100000,1876.030029296875,1876.030029296875,1872.510009765625,1874.260009765625,0
1785218400000,1873.699951171875,1876.4599609375,1873.5,1875.280029296875,0
1785218700000,1875.3800048828125,1875.3800048828125,1872.9100341796875,1873.1199951171875,24886272
1785219000000,1873.0999755859375,1874.489990234375,1872.199951171875,1874.010009765625,68216832
1785219300000,1874.010009765625,1878.4300537109375,1873.93994140625,1877.300048828125,0
1785219600000,1877.4000244140625,1877.4100341796875,1874.4300537109375,1875.199951171875,0
1785219900000,1875,1875.4100341796875,1872.010009765625,1875.4100341796875,0
1785220200000,1875.5699462890625,1877.3900146484375,1875.2099609375,1876.5,90979328
1785220500000,1876.1099853515625,1877.2900390625,1874.449951171875,1876.510009765625,20478976
1785220800000,1876.4100341796875,1877.8599853515625,1875.9000244140625,1877.699951171875,33950720
1785221100000,1878.199951171875,1879.199951171875,1877.77001953125,1877.77001953125,0
1785221400000,1877.739990234375,1879.25,1877.739990234375,1878.52001953125,0
1785221700000,1878.510009765625,1878.56005859375,1876.75,1876.9200439453125,0
1785222000000,1877.25,1878.1500244140625,1875.199951171875,1875.280029296875,0
1785222300000,1875.4000244140625,1875.6500244140625,1872.9000244140625,1872.9000244140625,0
1785222600000,1873.1400146484375,1873.4300537109375,1870.5400390625,1871.1400146484375,0
1785222900000,1870.9200439453125,1878.489990234375,1870.3399658203125,1878.239990234375,51309568
1785223200000,1878.8499755859375,1880.22998046875,1873.699951171875,1873.699951171875,47750144
1785223500000,1873.02001953125,1874.280029296875,1871.2900390625,1872.5999755859375,0
1785223800000,1872.3399658203125,1875.1700439453125,1872.3399658203125,1874.4100341796875,0
1785224100000,1874.199951171875,1876.719970703125,1873.8800048828125,1873.8800048828125,34106368
1785224400000,1873.6600341796875,1873.6600341796875,1869.75,1872.3399658203125,107100160
1785224700000,1872.2900390625,1875.4200439453125,1871.719970703125,1874.760009765625,19466240
1785225000000,1874.5,1875.22998046875,1873.4000244140625,1874.5,0
1785225300000,1874.489990234375,1876.9000244140625,1874.4100341796875,1874.7900390625,7625728
1785225600000,1874.8199462890625,1875.6400146484375,1872.510009765625,1875.6400146484375,31052800
1785225900000,1875.0999755859375,1875.5999755859375,1874.4100341796875,1874.8599853515625,0
1785226200000,1874.8199462890625,1876.97998046875,1874.489990234375,1875.56005859375,6857728
1785226500000,1875.530029296875,1876.5,1874.780029296875,1876.0799560546875,56226816
1785226800000,1876.050048828125,1876.9100341796875,1875.3900146484375,1876.25,0
1785227100000,1876.6800537109375,1878.0699462890625,1876.0999755859375,1876.9100341796875,0
1785227400000,1877.1800537109375,1879,1876.780029296875,1878.4599609375,0
1785227700000,1878.4200439453125,1879.0400390625,1877.9100341796875,1878.68994140625,0
1785228000000,1878.699951171875,1881.300048828125,1877.75,1881.300048828125,0
1785228300000,1881.6099853515625,1889.5,1879.7900390625,1888.9000244140625,0
1785228600000,1888.4300537109375,1889.199951171875,1886.510009765625,1889.0999755859375,0
1785228900000,1889.77001953125,1891.239990234375,1887.6099853515625,1890.4000244140625,221554688
1785229200000,1891.199951171875,1891.5799560546875,1888.8199462890625,1889.050048828125,0
1785229500000,1889.1199951171875,1894.31005859375,1888.81005859375,1890.5999755859375,0
1785229800000,1890,1890.699951171875,1888.510009765625,1889.4000244140625,0
1785230100000,1889.4000244140625,1890.760009765625,1888.3199462890625,1890.6800537109375,0
1785230400000,1890.5400390625,1890.72998046875,1885.300048828125,1886.75,20715520
1785230700000,1885.0899658203125,1885.6099853515625,1881.52001953125,1881.52001953125,0
1785231000000,1881.6600341796875,1884.43994140625,1871.3599853515625,1875.800048828125,23183360
1785231300000,1876.300048828125,1880.4000244140625,1860.199951171875,1860.199951171875,23027712
1785231600000,1862.6099853515625,1868.699951171875,1861.18994140625,1866.75,487424
1785231900000,1867.300048828125,1867.4300537109375,1856.0400390625,1864.5,0
1785232200000,1866.5,1872.3800048828125,1865.6700439453125,1869.219970703125,25135104
1785232500000,1869.5,1873.969970703125,1868.6800537109375,1872.0999755859375,139205632
1785232800000,1872.699951171875,1875.9200439453125,1872.5,1874.280029296875,0
1785233100000,1874.43994140625,1879.47998046875,1873.5999755859375,1873.77001953125,210988032
1785233400000,1873.010009765625,1876.0899658203125,1872.0799560546875,1872.9599609375,0
1785233700000,1874.0999755859375,1874.1199951171875,1865.6400146484375,1866.800048828125,70993920
1785234000000,1867.239990234375,1877.4599609375,1866.8599853515625,1876.800048828125,0
1785234300000,1876.1199951171875,1876.5999755859375,1873.7099609375,1874.3599853515625,48254976
1785234600000,1874.9000244140625,1878.5400390625,1874.5999755859375,1876.22998046875,0
1785234900000,1876.2099609375,1884.6600341796875,1876.2099609375,1878.489990234375,0
1785235200000,1878.489990234375,1885.949951171875,1878.489990234375,1884.469970703125,0
1785235500000,1883.81005859375,1889.3399658203125,1882.449951171875,1888.530029296875,0
1785235800000,1888.43994140625,1891.1400146484375,1886.5999755859375,1887.06005859375,0
1785236100000,1887.6199951171875,1890.3199462890625,1885.8800048828125,1886.8399658203125,12358656
1785236400000,1886.5899658203125,1890.0899658203125,1884.06005859375,1884.4100341796875,11173888
1785236700000,1884.1700439453125,1886.2900390625,1882.6600341796875,1884.6099853515625,0
1785237000000,1888.9000244140625,1890.8699951171875,1884.3900146484375,1889.0999755859375,77473792
1785237300000,1888.699951171875,1888.97998046875,1885.6199951171875,1887.0400390625,0
1785237600000,1887.699951171875,1919.93994140625,1887.6800537109375,1918.5999755859375,586752
1785237900000,1917.1800537109375,1922.199951171875,1909.699951171875,1910.27001953125,272244736
1785238200000,1910.010009765625,1913.699951171875,1907.1600341796875,1912,72409088
1785238500000,1910.5999755859375,1915.199951171875,1910.199951171875,1913.1199951171875,122591232
1785238800000,1912.4000244140625,1916.489990234375,1911.4000244140625,1914.27001953125,15496192
1785239100000,1914,1920.2099609375,1913.9100341796875,1915.199951171875,35992576
1785239400000,1914.1600341796875,1916.5999755859375,1911.0999755859375,1913.18994140625,0
1785239700000,1911.1600341796875,1918.550048828125,1911.1500244140625,1918.219970703125,136118272
1785240000000,1917.8299560546875,1917.8699951171875,1915.4300537109375,1915.4300537109375,0
1785240300000,1916.47998046875,1917.0999755859375,1914.199951171875,1915.050048828125,45011968
1785240600000,1914.699951171875,1916.3900146484375,1912.8800048828125,1913.7900390625,16986112
1785240900000,1914.5899658203125,1920.97998046875,1913.68994140625,1920.81005859375,16789504
1785241200000,1920.8900146484375,1921.300048828125,1914.8199462890625,1917.489990234375,0
1785241500000,1916.9000244140625,1917.3900146484375,1915.510009765625,1916.43994140625,0
1785241800000,1915.8599853515625,1916.6600341796875,1912.6199951171875,1914.6800537109375,0
1785242100000,1914.5699462890625,1917,1914.5699462890625,1916.719970703125,0
1785242400000,1917.6800537109375,1921.6800537109375,1917.489990234375,1920.5899658203125,71795712
1785242700000,1920.5,1921,1917.8499755859375,1919.949951171875,142628864
1785243000000,1920.18994140625,1926.300048828125,1920.18994140625,1924.739990234375,18906112
1785243300000,1924.949951171875,1925.75,1923.31005859375,1924.010009765625,45894656
1785243600000,1923.4000244140625,1923.4000244140625,1920.260009765625,1920.6099853515625,0
1785243900000,1920.56005859375,1921.300048828125,1915.0999755859375,1915.1800537109375,67728384
1785244200000,1914.699951171875,1914.699951171875,1910.1800537109375,1910.1800537109375,0
1785244500000,1910.3499755859375,1911,1904.699951171875,1906.1300048828125,45424640
1785244800000,1905.5,1911.989990234375,1905.239990234375,1907.6199951171875,3415040
1785245100000,1906.9000244140625,1908.9000244140625,1905.1400146484375,1906.4100341796875,162712576
1785245400000,1906.6500244140625,1906.6500244140625,1900.3299560546875,1903.4200439453125,0
1785245700000,1903.68994140625,1903.760009765625,1892.06005859375,1894.1400146484375,0
1785246000000,1893.4000244140625,1896.5999755859375,1892.5899658203125,1894.47998046875,217064448
1785246300000,1894.4000244140625,1900.6099853515625,1894.4000244140625,1899.52001953125,0
1785246600000,1899.280029296875,1899.280029296875,1895.6199951171875,1895.7099609375,38653952
1785246900000,1896.219970703125,1899.800048828125,1895.530029296875,1899.800048828125,96000000
1785247200000,1899.489990234375,1910.800048828125,1899.489990234375,1909.2099609375,0
1785247500000,1908.5999755859375,1908.7900390625,1905.7099609375,1907.4200439453125,0
1785247800000,1907.6199951171875,1908.5999755859375,1905.9300537109375,1906.3900146484375,56465408
1785248100000,1906.1800537109375,1908.0799560546875,1906.010009765625,1906.31005859375,0
1785248400000,1906.6199951171875,1908.8699951171875,1906.3399658203125,1907.9300537109375,92710912
1785248700000,1907.4100341796875,1907.6400146484375,1906.31005859375,1906.8599853515625,0
1785249000000,1907.4300537109375,1910.050048828125,1906.2099609375,1909.2099609375,0
1785249300000,1908.97998046875,1910.68994140625,1908.5,1908.9100341796875,0
1785249600000,1908.9200439453125,1911.81005859375,1908.719970703125,1910.3599853515625,0
1785249900000,1910.4000244140625,1912.530029296875,1909.9000244140625,1911.5400390625,0
1785250200000,1911.550048828125,1912.22998046875,1907.7099609375,1907.8699951171875,987136
1785250500000,1907.6199951171875,1909.4000244140625,1907.4100341796875,1908.81005859375,0
1785250800000,1909.31005859375,1913.3199462890625,1909.2900390625,1912.3199462890625,0
1785251100000,1911.800048828125,1913.199951171875,1910.2099609375,1911.1600341796875,0
1785251400000,1911.4000244140625,1912.0799560546875,1910.6099853515625,1912.0799560546875,66720768
1785251700000,1911.550048828125,1911.9100341796875,1910.1500244140625,1911.7900390625,0
1785252000000,1911.5999755859375,1913.81005859375,1910.969970703125,1913.030029296875,0
1785252300000,1913.0799560546875,1913.6400146484375,1911.449951171875,1913.5899658203125,0
1785252600000,1916.260009765625,1918.4200439453125,1915.3699951171875,1917.4599609375,0
1785252900000,1916.949951171875,1918.77001953125,1915.75,1916.0899658203125,119631872
1785253200000,1915.699951171875,1916.5400390625,1913.300048828125,1913.81005859375,0
1785253500000,1913.93994140625,1915.969970703125,1913.6099853515625,1915.719970703125,0
1785253800000,1916.3299560546875,1919.3299560546875,1915.449951171875,1919.2099609375,0
1785254100000,1918.719970703125,1920.239990234375,1918.719970703125,1919.6400146484375,7495680
1785254400000,1921.3299560546875,1921.8299560546875,1917.1099853515625,1918.56005859375,0
1785254700000,1919.3699951171875,1920.2099609375,1916.510009765625,1919.22998046875,89265152
1785255000000,1919.1099853515625,1920.47998046875,1918.4100341796875,1919.530029296875,23202816
1785255300000,1918.9599609375,1920.8900146484375,1918.300048828125,1920,12732416
1785255600000,1919.9599609375,1919.9599609375,1915.8499755859375,1915.8499755859375,6355968
1785255900000,1915.68994140625,1917.0999755859375,1915.31005859375,1916,7711744
1785256200000,1916.1800537109375,1917.300048828125,1915.9100341796875,1916.72998046875,3955712
1785256500000,1916.7099609375,1917.8599853515625,1914.3900146484375,1914.7900390625,0
1785256800000,1914.7900390625,1917.199951171875,1914.5899658203125,1916.56005859375,0
1785257100000,1916.699951171875,1916.739990234375,1915.3199462890625,1916.0799560546875,5264384
1785257400000,1916.0799560546875,1916.1500244140625,1915.02001953125,1915.719970703125,211886080
1785257700000,1915.97998046875,1916.3399658203125,1915.469970703125,1916.1099853515625,0
1785258000000,1916.300048828125,1919.199951171875,1916.02001953125,1919.199951171875,0
1785258300000,1919.800048828125,1920,1916.72998046875,1919.030029296875,5596160
1785258600000,1918.97998046875,1920.989990234375,1917.7099609375,1917.800048828125,0
1785258900000,1917.989990234375,1918.5400390625,1917.5999755859375,1918.010009765625,80094208
1785259200000,1918.010009765625,1918.68994140625,1917.6700439453125,1918.4200439453125,0
1785259500000,1918.0400390625,1918.4000244140625,1917.22998046875,1917.9300537109375,0
1785259800000,1917.9000244140625,1918.06005859375,1916.6300048828125,1917.550048828125,0
1785260100000,1917.5400390625,1920.6600341796875,1917.5400390625,1919.989990234375,0
1785260400000,1920.530029296875,1921.1300048828125,1919.81005859375,1921.0799560546875,0
1785260700000,1924.7099609375,1924.7099609375,1921.43994140625,1923.5,98910208
1785261000000,1923.7900390625,1924.4300537109375,1922.4000244140625,1923.4100341796875,5315584
1785261300000,1923.2099609375,1925.0999755859375,1921.699951171875,1921.7099609375,1084416
1785261600000,1922.550048828125,1924.25,1920.4000244140625,1924.2099609375,13702144
1785261900000,1924.52001953125,1924.6600341796875,1921.719970703125,1921.719970703125,0
1785262200000,1921.7099609375,1922.5899658203125,1919.6600341796875,1920.9000244140625,0
1785262500000,1921.18994140625,1921.8900146484375,1920,1920.2099609375,83753984
1785262800000,1920.27001953125,1920.949951171875,1918.219970703125,1918.489990234375,0
1785263100000,1918.5,1919.3399658203125,1917.52001953125,1917.52001953125,0
1785263400000,1917.4000244140625,1917.489990234375,1915.0699462890625,1915.1400146484375,0
1785263700000,1915.1400146484375,1915.93994140625,1914.4000244140625,1914.4000244140625,0
1785264000000,1914.31005859375,1916.1800537109375,1914.31005859375,1914.6199951171875,0
1785264300000,1914.56005859375,1914.56005859375,1910.9100341796875,1910.97998046875,0
1785264600000,1910.699951171875,1910.699951171875,1907.8499755859375,1908.8499755859375,0
1785264900000,1908.97998046875,1911.989990234375,1908.97998046875,1909.760009765625,0
1785265200000,1909.6099853515625,1910.18994140625,1905.3699951171875,1906,0
1785265500000,1906.3599853515625,1906.5899658203125,1902.47998046875,1902.47998046875,0
1785265800000,1902.239990234375,1906.3199462890625,1902.239990234375,1906.18994140625,0
1785266100000,1906.18994140625,1906.8900146484375,1904.5999755859375,1904.81005859375,76434432
1785266400000,1904.989990234375,1906.56005859375,1903.6500244140625,1904.25,0
1785266700000,1904.1099853515625,1906.1700439453125,1902.010009765625,1906.010009765625,10946560
1785267000000,1906.3699951171875,1912.3900146484375,1906.300048828125,1912.010009765625,0
1785267300000,1912.260009765625,1914.5699462890625,1911.510009765625,1914.2900390625,0
1785267600000,1914.6300048828125,1916.4100341796875,1913.52001953125,1915.81005859375,0
1785267900000,1915.199951171875,1919.81005859375,1914.5,1919.2099609375,0
1785268200000,1919.22998046875,1919.7900390625,1917.5400390625,1919.31005859375,0
1785268500000,1919.489990234375,1920.800048828125,1917.989990234375,1920,13274112
1785268800000,1920,1924,1920,1922.5699462890625,51197952
1785269100000,1922.719970703125,1926.449951171875,1921.1600341796875,1922.77001953125,0
1785269400000,1922.9000244140625,1922.9000244140625,1919.9599609375,1920.0400390625,72911872
1785269700000,1920.25,1923.8800048828125,1919.6199951171875,1921.550048828125,0
1785270000000,1921.8199462890625,1922.0999755859375,1919.3199462890625,1919.3199462890625,0
1785270300000,1918.5899658203125,1920.010009765625,1916.760009765625,1918.300048828125,0
1785270600000,1917.81005859375,1918.4000244140625,1914.5999755859375,1915.969970703125,0
1785270900000,1915.739990234375,1921.02001953125,1915.4000244140625,1919.6800537109375,0
1785271200000,1919.199951171875,1919.5999755859375,1916.800048828125,1919.02001953125,0
1785271500000,1918.9100341796875,1922.93994140625,1916.4000244140625,1917.2099609375,432258048
1785271800000,1917,1919.489990234375,1916.5699462890625,1919.219970703125,85365760
1785272100000,1919.199951171875,1919.199951171875,1914.550048828125,1914.800048828125,0
1785272400000,1914.4599609375,1915.8299560546875,1913.8199462890625,1915.300048828125,0
1785272700000,1915.5899658203125,1915.5899658203125,1911.969970703125,1912.3499755859375,12489728
1785273000000,1912.550048828125,1912.5899658203125,1907.9100341796875,1908.219970703125,0
1785273300000,1908.4000244140625,1910.56005859375,1906.4300537109375,1910.030029296875,0
1785273600000,1910.6099853515625,1913.4000244140625,1910.2099609375,1912.77001953125,73584640
1785273900000,1912.9100341796875,1914.699951171875,1911.6099853515625,1912.77001953125,0
1785274200000,1911.3499755859375,1913.8800048828125,1910.27001953125,1912.4000244140625,0
1785274500000,1912.0999755859375,1912.0999755859375,1909.8599853515625,1910.4300537109375,16520192
1785274800000,1910,1910.3900146484375,1907.0999755859375,1908.010009765625,0
1785275100000,1907.77001953125,1908.8599853515625,1905.9100341796875,1906.1300048828125,0
1785275400000,1906.199951171875,1907.300048828125,1903.7099609375,1905,27543552
1785275700000,1905,1905.5,1902.5899658203125,1903.3900146484375,96777216
1785276000000,1903.0999755859375,1904.4300537109375,1899.0999755859375,1901.199951171875,0
1785276300000,1901.4100341796875,1905.989990234375,1901.3800048828125,1905.4200439453125,8340480
1785276600000,1904.8299560546875,1907.7900390625,1904.3599853515625,1906.260009765625,10915840
1785276900000,1906.1199951171875,1906.2900390625,1901.010009765625,1902.6700439453125,10649600
1785277200000,1902.9000244140625,1908.3800048828125,1902.8900146484375,1906.7099609375,17676288
1785277500000,1906.31005859375,1913.4000244140625,1906.31005859375,1913.260009765625,0
1785277800000,1913.7900390625,1914.7900390625,1911.0999755859375,1911.2099609375,16174080
1785278100000,1911.3900146484375,1915.9100341796875,1911.3900146484375,1915.5999755859375,0
1785278400000,1917.0400390625,1917.1199951171875,1911.5699462890625,1911.7099609375,15008768
1785278700000,1911.8499755859375,1911.8499755859375,1906.7099609375,1907.0400390625,13367296
1785279000000,1907.030029296875,1909.2900390625,1906.77001953125,1908.989990234375,0
1785279300000,1909.300048828125,1909.4100341796875,1907.52001953125,1908.4000244140625,67970048
1785279600000,1907.9000244140625,1908.31005859375,1904.3900146484375,1904.949951171875,0
1785279900000,1904.9000244140625,1910.4200439453125,1904.9000244140625,1910.4200439453125,37608448
1785280200000,1910.5,1910.5,1906.2900390625,1906.9000244140625,0
1785280500000,1907.0999755859375,1907.510009765625,1902.22998046875,1902.530029296875,191775744
1785280800000,1902.5400390625,1905.56005859375,1902.300048828125,1902.4000244140625,0
1785281100000,1902.800048828125,1902.8199462890625,1899.0400390625,1899.4300537109375,28327936
1785281400000,1897.050048828125,1897.050048828125,1892.699951171875,1893.8499755859375,0
1785281700000,1893.0999755859375,1899.72998046875,1893.010009765625,1897.6099853515625,61191168
1785282000000,1897.699951171875,1898.3299560546875,1894.0899658203125,1894.949951171875,82245632
1785282300000,1894.989990234375,1895.8900146484375,1891.0699462890625,1891.449951171875,0
1785282600000,1891.4100341796875,1891.97998046875,1889.3800048828125,1889.7099609375,79162368
1785282900000,1889.4000244140625,1890.469970703125,1888.4100341796875,1890.1600341796875,8769536
1785283200000,1890.43994140625,1890.43994140625,1885.3199462890625,1885.47998046875,16102400
1785283500000,1886,1892.8900146484375,1882.18994140625,1892.5,8093696
1785283800000,1891.699951171875,1891.699951171875,1888,1889.449951171875,58165248
1785284100000,1888.8599853515625,1889.0999755859375,1883.699951171875,1886.3599853515625,17827840
1785284400000,1886.469970703125,1892.199951171875,1884.3299560546875,1892.0400390625,0
1785284700000,1891.280029296875,1893.7900390625,1890.7900390625,1892.9200439453125,23343104
1785285000000,1892.4000244140625,1894.52001953125,1891.81005859375,1893.5400390625,16926720
1785285300000,1893.5999755859375,1903.2900390625,1893.5899658203125,1900.9000244140625,27472896
1785285600000,1901,1901.8499755859375,1898.280029296875,1898.3499755859375,39442432
1785285900000,1898.199951171875,1899.3299560546875,1897.5,1898.9000244140625,99494912
1785286200000,1898.81005859375,1901.3499755859375,1897.93994140625,1901.0400390625,21986304
1785286500000,1901.56005859375,1903.2900390625,1900.72998046875,1903.0699462890625,0
1785286800000,1903.239990234375,1906.3599853515625,1902.4000244140625,1903,48689152
1785287100000,1903.06005859375,1906.1099853515625,1902.6300048828125,1904.8499755859375,20611072
1785287400000,1904.9300537109375,1906.800048828125,1904.719970703125,1906.6300048828125,12748800
1785287700000,1906.4000244140625,1906.4000244140625,1902.9100341796875,1903.3699951171875,0
1785288000000,1903.4000244140625,1907.1500244140625,1901.6099853515625,1905.2099609375,28683264
1785288300000,1905.219970703125,1908.06005859375,1905.219970703125,1906.2099609375,0
1785288600000,1906.0899658203125,1907.989990234375,1904.800048828125,1907.8900146484375,0
1785288900000,1909,1911.4599609375,1908.6099853515625,1911.22998046875,0
1785289200000,1911.1800537109375,1912.6800537109375,1910.010009765625,1910.1199951171875,84923392
1785289500000,1910.6600341796875,1911.1700439453125,1909.43994140625,1910.0400390625,33841152
1785289800000,1909.8800048828125,1912,1909.780029296875,1912,0
1785290100000,1912.1500244140625,1912.3599853515625,1909.52001953125,1910.219970703125,15892480
1785290400000,1910.22998046875,1910.780029296875,1907.81005859375,1907.81005859375,0
1785290700000,1907.5999755859375,1908.6099853515625,1906.5699462890625,1906.5799560546875,0
1785291000000,1906.9000244140625,1911.449951171875,1906.72998046875,1910.4000244140625,20569088
1785291300000,1910.199951171875,1911.25,1908.81005859375,1909.93994140625,0
1785291600000,1909.9000244140625,1913.18994140625,1909.3399658203125,1912.5999755859375,2173952
1785291900000,1912.6500244140625,1916.6700439453125,1912.4100341796875,1916.25,14809088
1785292200000,1917.3199462890625,1918.3499755859375,1915.0999755859375,1917.0400390625,57006080
1785292500000,1916.7099609375,1918,1915.8699951171875,1916.43994140625,0
1785292800000,1916.4599609375,1917.199951171875,1915.7099609375,1917.199951171875,74563584
1785293100000,1916.800048828125,1917.9599609375,1916,1916.9200439453125,15198208
1785293400000,1916.6500244140625,1918.9000244140625,1916.6199951171875,1916.8599853515625,0
1785293700000,1916.8199462890625,1918.4000244140625,1915.6800537109375,1917.81005859375,32785408
1785294000000,1918.5699462890625,1918.6800537109375,1916.3800048828125,1916.6400146484375,3117056
1785294300000,1916.5799560546875,1918.0999755859375,1916.489990234375,1917.030029296875,0
1785294600000,1917.4000244140625,1918.9100341796875,1916.9100341796875,1916.9100341796875,0
1785294900000,1916.9200439453125,1917.27001953125,1914.9599609375,1916.4000244140625,36414464
1785295200000,1916.5,1917.25,1914.5,1914.6700439453125,0
1785295500000,1914.199951171875,1916.219970703125,1913.800048828125,1916.219970703125,31932416
1785295800000,1916.300048828125,1916.300048828125,1913.8399658203125,1913.8499755859375,5499904
1785296100000,1914.010009765625,1914.300048828125,1912.300048828125,1913.5,0
1785296400000,1913.550048828125,1914.0899658203125,1913.4000244140625,1913.510009765625,10242048
1785296700000,1913.31005859375,1913.989990234375,1912.4000244140625,1913.989990234375,18234368
1785297000000,1913.719970703125,1913.719970703125,1911.8699951171875,1911.8800048828125,0
1785297300000,1911.81005859375,1922.0999755859375,1911.81005859375,1921.280029296875,0
1785297600000,1922.3299560546875,1922.9000244140625,1918.4000244140625,1918.6099853515625,0
1785297900000,1918.5999755859375,1918.5999755859375,1915.6099853515625,1915.68994140625,66264064
1785298200000,1915.31005859375,1915.31005859375,1912,1912.81005859375,90162176
1785298500000,1912.6199951171875,1914.780029296875,1912.6199951171875,1914,0
1785298800000,1913.9300537109375,1914.260009765625,1912.0999755859375,1912.93994140625,7599104
1785299100000,1910.510009765625,1911.0400390625,1909.8599853515625,1910.8800048828125,0
1785299400000,1910.780029296875,1912.8699951171875,1909.8199462890625,1911.9200439453125,0
1785299700000,1912.260009765625,1912.75,1911.02001953125,1911.02001953125,72227840
1785300000000,1911.010009765625,1914.1600341796875,1911.010009765625,1914.0999755859375,804864
1785300300000,1914.18994140625,1917.0999755859375,1914.18994140625,1915.1199951171875,0
1785300600000,1915.030029296875,1915.1700439453125,1912.6099853515625,1912.72998046875,3091456
1785300900000,1912.8599853515625,1913.530029296875,1912.699951171875,1912.8599853515625,0
1785301200000,1912.8699951171875,1916.31005859375,1912.699951171875,1915.4200439453125,16977920
1785301500000,1914.6300048828125,1915.9300537109375,1914.4100341796875,1915.9300537109375,0
1785301800000,1916.0999755859375,1917.4000244140625,1916.0999755859375,1916.7099609375,113115136
1785302100000,1916.4000244140625,1917.81005859375,1915.9300537109375,1917.5899658203125,0
1785302400000,1917.449951171875,1918.0899658203125,1916.6700439453125,1918.0899658203125,25044992
1785302700000,1918.3599853515625,1918.8699951171875,1917.3599853515625,1917.969970703125,0
1785303000000,1918.5,1919.260009765625,1918.1600341796875,1918.239990234375,71463936
1785303300000,1918.489990234375,1919.97998046875,1917.699951171875,1919.239990234375,10085376
1785303600000,1919.3599853515625,1922.3399658203125,1919.3499755859375,1920.010009765625,35875840
1785303900000,1919.52001953125,1919.81005859375,1916.5999755859375,1918.1099853515625,7163904
1785304200000,1918.18994140625,1921.469970703125,1917.5999755859375,1920.5999755859375,0
1785304500000,1920.0999755859375,1920.9300537109375,1919.52001953125,1919.97998046875,245760
1785304800000,1920.0899658203125,1920.1700439453125,1918.7099609375,1918.7900390625,0
1785305100000,1918.97998046875,1919.5,1917.199951171875,1919.0999755859375,0
1785305400000,1919.199951171875,1919.199951171875,1917.9000244140625,1918.5,0
1785305700000,1918.3800048828125,1918.6099853515625,1916.8399658203125,1917.8199462890625,69584896
1785306000000,1917.6600341796875,1917.9100341796875,1916.699951171875,1917.469970703125,0
1785306300000,1917.47998046875,1917.47998046875,1916.5999755859375,1917.1800537109375,39385088
1785306600000,1917.1800537109375,1917.699951171875,1916.510009765625,1916.8599853515625,0
1785306900000,1916.760009765625,1916.9000244140625,1914.9200439453125,1915.25,9755648
1785307200000,1915.4000244140625,1918.8299560546875,1915.010009765625,1918.18994140625,0
1785307500000,1918.010009765625,1918.1500244140625,1916.5999755859375,1916.6099853515625,0
1785307800000,1916.6099853515625,1916.6099853515625,1910,1910.5,0
1785308100000,1910.780029296875,1911.1800537109375,1908.56005859375,1909.8299560546875,0
1785308400000,1909.780029296875,1911.75,1909.780029296875,1910.239990234375,130859008
1785308700000,1910.25,1913.699951171875,1909.27001953125,1913.0999755859375,98283520
1785309000000,1913.1099853515625,1914.8900146484375,1913.0400390625,1914.31005859375,0
1785309300000,1914.280029296875,1914.9000244140625,1910.6099853515625,1910.9000244140625,0
1785309600000,1910.9000244140625,1914.3900146484375,1910.9000244140625,1912.6199951171875,0
1785309900000,1912.4100341796875,1913.469970703125,1912.010009765625,1912.010009765625,0
1785310200000,1911.9000244140625,1912.27001953125,1908.3800048828125,1908.5899658203125,0
1785310500000,1908.5,1910.0899658203125,1908.4100341796875,1909.5799560546875,0
1785310800000,1909.8199462890625,1911.4100341796875,1909.6199951171875,1909.6199951171875,0
1785311100000,1909.6300048828125,1913.0899658203125,1909.300048828125,1912.699951171875,72100864
1785311400000,1912.800048828125,1913.760009765625,1912,1912.1099853515625,0
1785311700000,1911.969970703125,1913.3299560546875,1911.9200439453125,1913.010009765625,0
1785312000000,1912.989990234375,1912.989990234375,1909.800048828125,1910.510009765625,0
1785312300000,1910.800048828125,1911.8499755859375,1909.6099853515625,1910.030029296875,0
1785312600000,1910.0400390625,1911.4599609375,1909.43994140625,1909.780029296875,0
1785312900000,1909.1800537109375,1909.1800537109375,1901.280029296875,1902.9300537109375,19100672
1785313200000,1902.9000244140625,1904.800048828125,1901.800048828125,1903.449951171875,17287168
1785313500000,1903.6099853515625,1905.72998046875,1903.6099853515625,1904.0400390625,2215936
1785313800000,1903.5999755859375,1906.3900146484375,1901.52001953125,1906.3900146484375,0
1785314100000,1906,1906.0400390625,1903.1099853515625,1904.0999755859375,13042688
1785314400000,1904.1199951171875,1904.6400146484375,1903.2099609375,1904.6099853515625,0
1785314700000,1904.9200439453125,1905.6800537109375,1903.9100341796875,1904.699951171875,0
1785315000000,1904.7900390625,1905.8499755859375,1903,1903.81005859375,0
1785315300000,1903.969970703125,1904.8900146484375,1901.699951171875,1902.9300537109375,0
1785315600000,1902.77001953125,1903.43994140625,1901.5,1902.780029296875,0
1785315900000,1902.8399658203125,1904.6500244140625,1901.81005859375,1903.489990234375,0
1785316200000,1903.5799560546875,1903.800048828125,1902,1903.5999755859375,0
1785316500000,1903.5799560546875,1903.6800537109375,1899.739990234375,1900.4300537109375,32121856
1785316800000,1900.1199951171875,1902.3900146484375,1899.1800537109375,1901.47998046875,0
1785317100000,1899.8599853515625,1903.010009765625,1899.199951171875,1902.010009765625,65550336
1785317400000,1901.4000244140625,1908.3800048828125,1900.6800537109375,1907.3499755859375,13367296
1785317700000,1906.800048828125,1908.27001953125,1899.4000244140625,1904.22998046875,0
1785318000000,1902.449951171875,1907.6500244140625,1901.4300537109375,1907.27001953125,0
1785318300000,1907.4000244140625,1908.030029296875,1902.5999755859375,1907.260009765625,0
1785318600000,1908.4100341796875,1908.6700439453125,1900.8599853515625,1903.1099853515625,0
1785318900000,1902,1907.300048828125,1895.969970703125,1907.300048828125,0
1785319200000,1907.3199462890625,1908.3900146484375,1903.4000244140625,1905.1300048828125,0
1785319500000,1905.510009765625,1909.300048828125,1901.77001953125,1903.1500244140625,0
1785319800000,1902.3699951171875,1902.3699951171875,1894.72998046875,1895.3199462890625,66034688
1785320100000,1896.3299560546875,1900.699951171875,1895.72998046875,1895.72998046875,0
1785320400000,1895.530029296875,1900.6400146484375,1894.4000244140625,1895.4000244140625,0
1785320700000,1894.699951171875,1895.8499755859375,1890.8499755859375,1895.3800048828125,58420224
1785321000000,1895.1600341796875,1901.1400146484375,1895.1600341796875,1896.1099853515625,0
1785321300000,1895.6099853515625,1896.719970703125,1892,1893.1400146484375,0
1785321600000,1893.1700439453125,1894.1700439453125,1889,1890.81005859375,44263424
1785321900000,1891.0999755859375,1894.699951171875,1890.5,1893.6099853515625,0
1785322200000,1894.3399658203125,1897.699951171875,1893.2099609375,1897.5400390625,70574080
1785322500000,1897.5999755859375,1897.75,1891.3299560546875,1892.6500244140625,0
1785322800000,1892.800048828125,1895.800048828125,1891.1099853515625,1894.5799560546875,0
1785323100000,1894.300048828125,1896,1892.7099609375,1895.780029296875,11055104
1785323400000,1895.780029296875,1895.780029296875,1891.719970703125,1893.7900390625,67817472
1785323700000,1893.7900390625,1895.530029296875,1886.280029296875,1886.280029296875,8134656
1785324000000,1886.280029296875,1894.18994140625,1886.280029296875,1891.7099609375,0
1785324300000,1891.1800537109375,1892.800048828125,1888.5400390625,1892.219970703125,0
1785324600000,1891.9000244140625,1893.2900390625,1890.25,1891.31005859375,0
1785324900000,1891.510009765625,1895.9599609375,1888.81005859375,1888.93994140625,0
1785325200000,1889.199951171875,1891.3499755859375,1888.4300537109375,1888.969970703125,14459904
1785325500000,1888.7099609375,1890.9599609375,1886.68994140625,1890.9599609375,14035968
1785325800000,1890.969970703125,1891.4300537109375,1886.97998046875,1886.97998046875,0
1785326100000,1886.800048828125,1890.010009765625,1884.77001953125,1889.81005859375,0
1785326400000,1889.699951171875,1889.9000244140625,1886.9100341796875,1887.43994140625,0
1785326700000,1888.3599853515625,1889.8900146484375,1887.06005859375,1889.8399658203125,14034944
1785327000000,1890.5799560546875,1891.030029296875,1889.1199951171875,1889.77001953125,0
1785327300000,1889.5,1890.989990234375,1888.219970703125,1889.31005859375,0
1785327600000,1889.300048828125,1895.949951171875,1887.8599853515625,1895.0999755859375,112783360
1785327900000,1895.6099853515625,1896.050048828125,1893.4100341796875,1893.489990234375,0
1785328200000,1893.3800048828125,1895.050048828125,1890.7099609375,1891.5699462890625,123721728
1785328500000,1891.31005859375,1891.9000244140625,1888.9300537109375,1891.6300048828125,0
1785328800000,1890.800048828125,1892.4000244140625,1885.2900390625,1886.9100341796875,26129408
1785329100000,1886.780029296875,1891.300048828125,1886.77001953125,1889.4599609375,0
1785329400000,1889.6199951171875,1891.949951171875,1889.31005859375,1891.6500244140625,0
1785329700000,1890.9000244140625,1893.1800537109375,1890.9000244140625,1892.7099609375,109692928
1785330000000,1892.530029296875,1896.300048828125,1892.530029296875,1895.3900146484375,0
1785330300000,1895.4599609375,1895.9000244140625,1892.6199951171875,1893.9599609375,50193408
1785330600000,1894.02001953125,1898.6099853515625,1894.02001953125,1898.5999755859375,0
1785330900000,1898.47998046875,1898.47998046875,1894.6099853515625,1895.239990234375,0
1785331200000,1895.5899658203125,1897.1199951171875,1894.719970703125,1894.8399658203125,0
1785331500000,1894.7099609375,1896.43994140625,1892.8199462890625,1893.280029296875,0
1785331800000,1893.0999755859375,1897.1099853515625,1892.0999755859375,1896.6099853515625,0
1785332100000,1896.4100341796875,1897.4200439453125,1894.2099609375,1895.31005859375,0
1785332400000,1895.510009765625,1900.02001953125,1895.510009765625,1899.4100341796875,0
1785332700000,1899.6800537109375,1900,1898.1099853515625,1900,0
1785333000000,1900.4000244140625,1911.0699462890625,1900.4000244140625,1909.9200439453125,0
1785333300000,1910.550048828125,1913.739990234375,1909.4200439453125,1913.739990234375,74337280
1785333600000,1923.8199462890625,1931.68994140625,1917.6500244140625,1921.4000244140625,0
1785333900000,1924.1600341796875,1924.300048828125,1916.739990234375,1917.010009765625,333497344
1785334200000,1917.699951171875,1919.9300537109375,1914.2099609375,1914.2099609375,48175104
1785334500000,1914.8900146484375,1917.199951171875,1906.9000244140625,1908.31005859375,28729344
1785334800000,1907.760009765625,1909.9200439453125,1905.9000244140625,1905.9000244140625,0
1785335100000,1904.2099609375,1906.199951171875,1900.530029296875,1905.75,6669312
1785335400000,1906.81005859375,1909.1400146484375,1892.25,1900.489990234375,173291520
1785335700000,1898.75,1914.5,1897.8800048828125,1913.5,130527232
1785336000000,1912.75,1919.6199951171875,1912.75,1918,0
1785336300000,1916.5999755859375,1922.5400390625,1915.449951171875,1921.8199462890625,70174720
1785336600000,1921.5699462890625,1926.280029296875,1918.5,1924.4100341796875,253744128
1785336900000,1924.4000244140625,1924.4000244140625,1916.949951171875,1918.199951171875,68196352
1785337200000,1918.699951171875,1920.4000244140625,1914.9300537109375,1915.6300048828125,0
1785337500000,1914.300048828125,1915.5400390625,1907.81005859375,1908.6700439453125,0
1785337800000,1908.010009765625,1913.6500244140625,1907.0999755859375,1911.0999755859375,135248896
1785338100000,1909.93994140625,1912.47998046875,1905,1906.68994140625,94672896
1785338400000,1906.489990234375,1906.489990234375,1900,1901.5,0
1785338700000,1901.5,1902.25,1896.9000244140625,1900.6300048828125,104710144
1785339000000,1902.5999755859375,1905.239990234375,1895.2900390625,1898.9000244140625,0
1785339300000,1899.5,1901.6500244140625,1897.5999755859375,1897.5999755859375,73879552
1785339600000,1897.699951171875,1900.489990234375,1895.8399658203125,1897.9100341796875,123417600
1785339900000,1898.3900146484375,1898.9000244140625,1885.8900146484375,1888.9000244140625,15072256
1785340200000,1889.18994140625,1889.18994140625,1882.7900390625,1888.5,0
1785340500000,1887.449951171875,1888.8599853515625,1884.969970703125,1886.6199951171875,225923072
1785340800000,1886.02001953125,1887.0899658203125,1878.949951171875,1883.280029296875,26667008
1785341100000,1884.699951171875,1886.8199462890625,1877.6500244140625,1877.6500244140625,0
1785341400000,1878.199951171875,1886.4000244140625,1878.199951171875,1885.6800537109375,121277440
1785341700000,1885.300048828125,1889.5,1884.6500244140625,1886.52001953125,0
1785342000000,1887.199951171875,1888.530029296875,1885.8800048828125,1886.5400390625,0
1785342300000,1886.6700439453125,1887,1876.5,1882.0400390625,33839104
1785342600000,1881.97998046875,1883.739990234375,1880.4000244140625,1883.739990234375,23694336
1785342900000,1883.31005859375,1888.56005859375,1883.31005859375,1887.760009765625,90114048
1785343200000,1888.010009765625,1889.47998046875,1886.6099853515625,1887.199951171875,31643648
1785343500000,1886.9200439453125,1888.4000244140625,1883,1883,0
1785343800000,1882.9200439453125,1885.56005859375,1881.47998046875,1885.4100341796875,127089664
1785344100000,1885.6800537109375,1885.6800537109375,1880.5899658203125,1882.469970703125,0
1785344400000,1882.010009765625,1883.1400146484375,1876.81005859375,1876.81005859375,0
1785344700000,1876.300048828125,1878.4000244140625,1872.25,1878.4000244140625,38421504
1785345000000,1878.6199951171875,1882.969970703125,1878.6199951171875,1882.969970703125,68646912
1785345300000,1882.199951171875,1882.8900146484375,1879.9000244140625,1882.6400146484375,0
1785345600000,1882.6400146484375,1885.4599609375,1882.2099609375,1885.4599609375,124095488
1785345900000,1885,1887.6400146484375,1884.010009765625,1887.4200439453125,16526336
1785346200000,1887.4200439453125,1889.3900146484375,1886.949951171875,1888.27001953125,62008320
1785346500000,1888.3900146484375,1889.510009765625,1887.1099853515625,1889.010009765625,28298240
1785346800000,1888.699951171875,1890.449951171875,1888.3299560546875,1889.4200439453125,91155456
1785347100000,1889.4000244140625,1891.969970703125,1887.800048828125,1890.6199951171875,0
1785347400000,1890.0699462890625,1892.699951171875,1889.1600341796875,1892.699951171875,5235712
1785347700000,1892.6300048828125,1896.050048828125,1891.5,1896.050048828125,0
1785348000000,1896.18994140625,1902.4000244140625,1896.18994140625,1902.4000244140625,0
1785348300000,1902.5,1907.300048828125,1902.5,1902.8399658203125,0
1785348600000,1902.9000244140625,1907.699951171875,1902.9000244140625,1905.18994140625,59169792
1785348900000,1904.75,1909.0899658203125,1903.8900146484375,1907.81005859375,221392896
1785349200000,1908,1908,1905.1400146484375,1905.1700439453125,0
1785349500000,1905.1199951171875,1907,1904.8199462890625,1906.0400390625,27523072
1785349800000,1906.1800537109375,1906.1800537109375,1903.300048828125,1903.4000244140625,13634560
1785350100000,1903.4200439453125,1904.0699462890625,1902.6099853515625,1902.9200439453125,0
1785350400000,1903.010009765625,1907.050048828125,1902.219970703125,1906.0699462890625,128188416
1785350700000,1906.2900390625,1906.4100341796875,1902.780029296875,1902.9200439453125,0
1785351000000,1902.8299560546875,1904.6400146484375,1902.8299560546875,1904.300048828125,68579328
1785351300000,1904.52001953125,1904.8399658203125,1904.2099609375,1904.7099609375,0
1785351600000,1904.760009765625,1904.760009765625,1901.260009765625,1902.300048828125,0
1785351900000,1902.18994140625,1905.030029296875,1901.06005859375,1903.8199462890625,0
1785352200000,1902.4000244140625,1903.25,1900.199951171875,1901.4000244140625,0
1785352500000,1901.3900146484375,1908.550048828125,1901.010009765625,1907.800048828125,12618752
1785352800000,1907.6300048828125,1908.56005859375,1906.010009765625,1906.010009765625,0
1785353100000,1905.9100341796875,1907.25,1905.4100341796875,1906.0400390625,65150976
1785353400000,1906.010009765625,1907.5999755859375,1903.8199462890625,1904.6700439453125,0
1785353700000,1904.6500244140625,1906.81005859375,1904.1099853515625,1905.280029296875,5282816
1785354000000,1905.280029296875,1908.489990234375,1903.47998046875,1908.489990234375,0
1785354300000,1908.93994140625,1910.719970703125,1907.699951171875,1908,0
1785354600000,1907.9200439453125,1910.47998046875,1907.239990234375,1910.47998046875,24380416
1785354900000,1910.030029296875,1910.030029296875,1908.0999755859375,1908.47998046875,0
1785355200000,1908.68994140625,1909.9200439453125,1906.260009765625,1907.469970703125,0
1785355500000,1907.9000244140625,1910.97998046875,1907.010009765625,1910.1099853515625,0
1785355800000,1910.77001953125,1912.5999755859375,1909.800048828125,1909.97998046875,0
1785356100000,1909.300048828125,1912.3699951171875,1909.300048828125,1909.7099609375,83851264
1785356400000,1909.7099609375,1910.1600341796875,1908.3800048828125,1908.780029296875,0
1785356700000,1908.800048828125,1909.449951171875,1907.199951171875,1908.97998046875,0
1785357000000,1909.489990234375,1909.489990234375,1902.1099853515625,1902.1099853515625,0
1785357300000,1901.8299560546875,1902.43994140625,1897.699951171875,1898.300048828125,2561024
1785357600000,1898.2900390625,1898.5,1894.3199462890625,1894.3199462890625,0
1785357900000,1894.9000244140625,1896.6400146484375,1894.0999755859375,1895.52001953125,14424064
1785358200000,1895.719970703125,1895.719970703125,1892.4000244140625,1892.4000244140625,0
1785358500000,1891.699951171875,1895.8299560546875,1891.68994140625,1895.8299560546875,0
1785358800000,1897.0999755859375,1900.8199462890625,1895.31005859375,1900.8199462890625,236957696
1785359100000,1901.9000244140625,1908.1800537109375,1899.9000244140625,1903.97998046875,0
1785359400000,1903.7099609375,1903.7099609375,1898.1600341796875,1898.1600341796875,40764416
1785359700000,1898.5,1900.9000244140625,1898.1400146484375,1900.0899658203125,6214656
1785360000000,1900.300048828125,1904.6099853515625,1899.6800537109375,1904.6099853515625,562176
1785360300000,1904.31005859375,1905.010009765625,1903.699951171875,1904.68994140625,4498432
1785360600000,1904.6199951171875,1911.8199462890625,1904.56005859375,1911.8199462890625,0
1785360900000,1912.2900390625,1916.3499755859375,1910.27001953125,1910.4100341796875,0
1785361200000,1910.510009765625,1914.1600341796875,1910.27001953125,1912.9100341796875,305878016
1785361500000,1913.43994140625,1918.800048828125,1911.469970703125,1915.9100341796875,35706880
1785361800000,1916.1300048828125,1917.6500244140625,1914.8299560546875,1917.260009765625,0
1785362100000,1917.0999755859375,1917.739990234375,1914.2099609375,1914.300048828125,0
1785362400000,1914.7900390625,1915.8199462890625,1912.800048828125,1913.530029296875,69666816
1785362700000,1913.4100341796875,1917.2099609375,1913.0999755859375,1915.1400146484375,0
1785363000000,1915.219970703125,1917.0699462890625,1914.06005859375,1914.4100341796875,0
1785363300000,1914.510009765625,1916.97998046875,1913.6199951171875,1915.18994140625,0
1785363600000,1915.1099853515625,1917.489990234375,1913.719970703125,1913.719970703125,120808448
1785363900000,1914.780029296875,1915.300048828125,1912.5999755859375,1913.050048828125,3450880
1785364200000,1913.06005859375,1913.06005859375,1909.6099853515625,1909.6099853515625,0
1785364500000,1909.489990234375,1910.9300537109375,1907.8800048828125,1910.8299560546875,0
1785364800000,1910.9100341796875,1912.3599853515625,1909.6800537109375,1912.1500244140625,85447680
1785365100000,1912.300048828125,1912.9300537109375,1910.4100341796875,1910.6600341796875,0
1785365400000,1910.699951171875,1912.199951171875,1910.1800537109375,1910.6099853515625,8371200
1785365700000,1910.6099853515625,1910.7900390625,1908,1908.5,0
1785366000000,1908.5400390625,1910.72998046875,1908.4599609375,1910.0699462890625,0
1785366300000,1910.0999755859375,1911.1800537109375,1908,1908,0
1785366600000,1907.77001953125,1908.8499755859375,1905.199951171875,1908.8499755859375,199021568
1785366900000,1908.7900390625,1912.6199951171875,1907.8800048828125,1909.72998046875,68102144
1785367200000,1909.75,1910.0899658203125,1908.4599609375,1909.5,16449536
1785367500000,1909.6400146484375,1911.5999755859375,1909.4100341796875,1911.5899658203125,0
1785367800000,1910.9100341796875,1910.9100341796875,1907.43994140625,1909.8399658203125,0
1785368100000,1909.8299560546875,1910.199951171875,1906.9599609375,1907.3399658203125,0
1785368400000,1907.0999755859375,1908.5999755859375,1906.77001953125,1908.280029296875,0
1785368700000,1908.3199462890625,1910.0899658203125,1908.3199462890625,1909.4100341796875,66122752
1785369000000,1909.300048828125,1909.8900146484375,1908.489990234375,1908.510009765625,0
1785369300000,1908.510009765625,1908.969970703125,1907.3499755859375,1907.5400390625,0
1785369600000,1908.0999755859375,1908.1800537109375,1905.1099853515625,1905.989990234375,0
1785369900000,1905.9599609375,1906.489990234375,1905.010009765625,1905.6099853515625,0
1785370200000,1906.5899658203125,1906.5899658203125,1904.4200439453125,1905.199951171875,74221568
1785370500000,1905.1099853515625,1905.1099853515625,1902.9100341796875,1903.5699462890625,0
1785370800000,1903.56005859375,1904.8199462890625,1903.199951171875,1904.010009765625,0
1785371100000,1904,1906,1903.4599609375,1904.239990234375,0
1785371400000,1903.6400146484375,1905.6600341796875,1903.6400146484375,1905.2099609375,0
1785371700000,1905.06005859375,1905.6099853515625,1901.6199951171875,1902.780029296875,0
1785372000000,1902.800048828125,1903.75,1901.06005859375,1902,0
1785372300000,1902.300048828125,1904.199951171875,1901.1099853515625,1902.1600341796875,3783680
1785372600000,1902.300048828125,1903.2900390625,1901.6099853515625,1901.6099853515625,11804672
1785372900000,1901.5799560546875,1901.949951171875,1899.1199951171875,1899.3199462890625,17855488
1785373200000,1899.3199462890625,1900.280029296875,1897.81005859375,1898.9300537109375,0
1785373500000,1899.3399658203125,1901.1400146484375,1899.010009765625,1899.9200439453125,117927936
1785373800000,1900,1901.050048828125,1899.27001953125,1900.3399658203125,0
1785374100000,1900.6700439453125,1901.8399658203125,1898.3399658203125,1899.550048828125,73828352
1785374400000,1899.5799560546875,1900.6199951171875,1897.699951171875,1898.2099609375,19667968
1785374700000,1898.489990234375,1901.4000244140625,1897.739990234375,1900.6199951171875,0
1785375000000,1900.31005859375,1906.800048828125,1900.31005859375,1905.010009765625,0
1785375300000,1905.3399658203125,1905.989990234375,1903.68994140625,1903.93994140625,0
1785375600000,1903.31005859375,1905.3900146484375,1903.31005859375,1905.1099853515625,80362496
1785375900000,1905.239990234375,1907.050048828125,1903.4100341796875,1904,0
1785376200000,1904.5400390625,1904.8499755859375,1902.9599609375,1903.22998046875,5447680
1785376500000,1902.6600341796875,1904.0400390625,1901.719970703125,1903.800048828125,0
1785376800000,1903.780029296875,1903.989990234375,1901.72998046875,1903.219970703125,62141440
1785377100000,1903.699951171875,1904.050048828125,1900.81005859375,1900.81005859375,0
1785377400000,1900.9200439453125,1902.4000244140625,1900.1700439453125,1901.2099609375,0
1785377700000,1900.800048828125,1900.9000244140625,1899.7099609375,1900.1500244140625,0
1785378000000,1899.9000244140625,1902.0899658203125,1899.31005859375,1902.0899658203125,0
1785378300000,1902.199951171875,1903.5400390625,1902.199951171875,1903.18994140625,85648384
1785378600000,1902.9100341796875,1902.989990234375,1900.2099609375,1900.25,0
1785378900000,1900.3199462890625,1901.5999755859375,1899.969970703125,1901.0799560546875,0
1785379200000,1901.0799560546875,1901.68994140625,1900.31005859375,1900.489990234375,60922880
1785379500000,1900.300048828125,1901.02001953125,1897.9000244140625,1899.2099609375,0
1785379800000,1899.2099609375,1899.2099609375,1896.8399658203125,1898.27001953125,6506496
1785380100000,1898.030029296875,1898.68994140625,1897.3900146484375,1898.5999755859375,0
1785380400000,1898.5999755859375,1905.010009765625,1898.2099609375,1904.010009765625,0
1785380700000,1904.010009765625,1904.010009765625,1900.3900146484375,1902.4000244140625,0
1785381000000,1902.43994140625,1903.280029296875,1901.699951171875,1902.5999755859375,0
1785381300000,1902.989990234375,1905.25,1900.0400390625,1904.6600341796875,71728128
1785381600000,1904.5,1904.719970703125,1902,1903.800048828125,0
1785381900000,1904.6600341796875,1904.68994140625,1901.7099609375,1902.780029296875,204979200
1785382200000,1903.56005859375,1903.56005859375,1898.6400146484375,1899.489990234375,0
1785382500000,1899.47998046875,1902.2900390625,1897.6400146484375,1902.2900390625,0
1785382800000,1903,1903.199951171875,1901.010009765625,1902.0999755859375,10822656
1785383100000,1901.9200439453125,1902.52001953125,1901.219970703125,1901.72998046875,79729664
1785383400000,1901.5,1903.5799560546875,1900.8499755859375,1901.699951171875,0
1785383700000,1901.6099853515625,1901.6500244140625,1900.199951171875,1900.4599609375,0
1785384000000,1900.9100341796875,1901.06005859375,1897.9100341796875,1899.9300537109375,0
1785384300000,1899.0799560546875,1902.4599609375,1899,1900.6300048828125,0
1785384600000,1901.02001953125,1904.1800537109375,1901.02001953125,1902.1800537109375,0
1785384900000,1901.5999755859375,1903.9000244140625,1901.199951171875,1902.199951171875,0
1785385200000,1902.25,1907.5,1902.25,1907.300048828125,0
1785385500000,1907.3199462890625,1915.300048828125,1907.0999755859375,1911.699951171875,0
1785385800000,1912.75,1914.449951171875,1911.5999755859375,1912.5999755859375,133030912
1785386100000,1912.4000244140625,1913.31005859375,1910.8900146484375,1910.8900146484375,224695296
1785386400000,1910.8199462890625,1913.550048828125,1910.31005859375,1913.4599609375,0
1785386700000,1913.47998046875,1914.0799560546875,1912.4100341796875,1912.8599853515625,23832576
1785387000000,1913.1500244140625,1913.800048828125,1911.7099609375,1912,66379776
1785387300000,1911.989990234375,1912.6099853515625,1911.3599853515625,1912.5999755859375,19491840
1785387600000,1912.68994140625,1913.9000244140625,1911.5999755859375,1913.5,0
1785387900000,1912.9100341796875,1913.5899658203125,1912.1099853515625,1913.3199462890625,7976960
1785388200000,1913.4100341796875,1915.550048828125,1911.6099853515625,1915.47998046875,871424
1785388500000,1915,1915.699951171875,1914.1099853515625,1914.4100341796875,0
1785388800000,1914.2099609375,1916.760009765625,1914.0999755859375,1916.699951171875,0
1785389100000,1917.1500244140625,1918,1915.5999755859375,1917.5999755859375,8927232
1785389400000,1917.989990234375,1920.3900146484375,1916.699951171875,1919.739990234375,20258816
1785389700000,1919.97998046875,1919.97998046875,1917.5999755859375,1917.5999755859375,35989504
1785390000000,1918.0699462890625,1918.31005859375,1915.3199462890625,1916.18994140625,0
1785390300000,1916.18994140625,1918.010009765625,1915.699951171875,1917.4100341796875,75918336
1785390600000,1917.4100341796875,1917.6500244140625,1915.8599853515625,1916,3982336
1785390900000,1916,1916,1915.1099853515625,1915.489990234375,8245248
1785391200000,1915.489990234375,1917.3199462890625,1915.1700439453125,1916.550048828125,0
1785391500000,1916.550048828125,1918,1916.550048828125,1916.97998046875,7989248
1785391800000,1917.1400146484375,1917.469970703125,1915.719970703125,1915.8199462890625,0
1785392100000,1915.8499755859375,1917.8599853515625,1915.8499755859375,1917.010009765625,0
1785392400000,1917.010009765625,1917.52001953125,1916.6600341796875,1917.0899658203125,0
1785392700000,1917.050048828125,1917.9200439453125,1917.050048828125,1917.739990234375,0
1785393000000,1917.6400146484375,1917.77001953125,1916.3399658203125,1916.77001953125,0
1785393300000,1916.6700439453125,1917.06005859375,1916.4200439453125,1917.06005859375,0
1785393600000,1917.010009765625,1919.18994140625,1917.010009765625,1918.6500244140625,0
1785393900000,1918.6800537109375,1919.3499755859375,1915.449951171875,1915.7900390625,0
1785394200000,1916.18994140625,1916.219970703125,1914.3299560546875,1914.489990234375,94168064
1785394500000,1914.489990234375,1916.0400390625,1914.3900146484375,1915.9100341796875,0
1785394800000,1916.0799560546875,1916.1400146484375,1914.1300048828125,1914.9599609375,61733888
1785395100000,1914.8800048828125,1917.260009765625,1914.6600341796875,1917.260009765625,0
1785395400000,1917,1917.5,1916.4100341796875,1916.969970703125,0
1785395700000,1917.050048828125,1918.8299560546875,1916.9599609375,1917.9599609375,0
1785396000000,1917.8900146484375,1917.8900146484375,1916.31005859375,1917.5899658203125,82329600
1785396300000,1917.5999755859375,1918.1099853515625,1917.260009765625,1917.9300537109375,0
1785396600000,1917.9300537109375,1917.9300537109375,1916.47998046875,1916.550048828125,5457920
1785396900000,1916.5699462890625,1920.9100341796875,1916.4100341796875,1919.1700439453125,0
1785397200000,1919.1600341796875,1920.050048828125,1918.0699462890625,1918.3399658203125,13386752
1785397500000,1918.7900390625,1919.1500244140625,1918.3399658203125,1919.1199951171875,0
1785397800000,1919.4000244140625,1923.47998046875,1919.4000244140625,1922.93994140625,14802944
1785398100000,1923.0699462890625,1923.5,1920.260009765625,1920.550048828125,0
1785398400000,1921.0799560546875,1923.81005859375,1920.0400390625,1922.2900390625,199372800
1785398700000,1922.5400390625,1922.8800048828125,1921.199951171875,1922.72998046875,18664448
1785399000000,1922.760009765625,1924.6300048828125,1922.1600341796875,1923.7900390625,0
1785399300000,1924.219970703125,1924.239990234375,1919.8599853515625,1919.989990234375,0
1785399600000,1920.050048828125,1920.530029296875,1917.56005859375,1920.4300537109375,63749120
1785399900000,1920.4200439453125,1921.25,1919.050048828125,1920.31005859375,10999808
1785400200000,1922.9000244140625,1923.1600341796875,1917.5400390625,1919.3800048828125,10449920
1785400500000,1919.0799560546875,1919.969970703125,1918.760009765625,1918.9300537109375,916480
1785400800000,1918.81005859375,1919.469970703125,1917.719970703125,1918.239990234375,0
1785401100000,1918.6199951171875,1920.8699951171875,1918.3399658203125,1920.0400390625,0
1785401400000,1920.4300537109375,1923.949951171875,1920.3599853515625,1923.4000244140625,0
1785401700000,1923.3199462890625,1923.8199462890625,1922.449951171875,1922.8900146484375,67102720
1785402000000,1923.1099853515625,1925.239990234375,1922.6500244140625,1923.75,0
1785402300000,1923.75,1926.3900146484375,1923.75,1923.969970703125,8269824
1785402600000,1924.1199951171875,1924.550048828125,1921.81005859375,1923.2900390625,0
1785402900000,1923.25,1923.25,1921.739990234375,1921.739990234375,0
1785403200000,1921.5699462890625,1924.31005859375,1920.719970703125,1924.31005859375,0
1785403500000,1924.0699462890625,1925.0999755859375,1922.6700439453125,1922.8199462890625,0
1785403800000,1922.1700439453125,1922.6099853515625,1917.72998046875,1918.1099853515625,68504576
1785404100000,1916.5899658203125,1917.699951171875,1915.219970703125,1916.5799560546875,0
1785404400000,1915.9200439453125,1929.1099853515625,1914.739990234375,1928.1800537109375,74822656
1785404700000,1928.0400390625,1933.43994140625,1928.0400390625,1932.8699951171875,2572288
1785405000000,1933.25,1934.1500244140625,1927.3399658203125,1928.5999755859375,458752
1785405300000,1928.22998046875,1930.199951171875,1927.219970703125,1927.8900146484375,0
1785405600000,1927.5699462890625,1928.0999755859375,1922.9100341796875,1923.5899658203125,0
1785405900000,1922.81005859375,1923.239990234375,1916.8800048828125,1918.8800048828125,0
1785406200000,1919.030029296875,1919.43994140625,1916.0999755859375,1916.52001953125,9882624
1785406500000,1916.6400146484375,1918.4200439453125,1912.27001953125,1914.010009765625,77168640
1785406800000,1913.4200439453125,1919.1400146484375,1912.1800537109375,1918.280029296875,0
1785407100000,1918.2900390625,1922.8900146484375,1917.969970703125,1918.5999755859375,0
1785407400000,1918.8599853515625,1922.260009765625,1918.1700439453125,1918.5699462890625,4631552
1785407700000,1918.4000244140625,1919.4599609375,1916.5799560546875,1918.5400390625,0
1785408000000,1918.8599853515625,1919.3499755859375,1918.1800537109375,1918.6300048828125,61424640
1785408300000,1918.5999755859375,1919.52001953125,1917.050048828125,1919.449951171875,33773568
1785408600000,1919.550048828125,1919.6400146484375,1916.010009765625,1916.010009765625,17094656
1785408900000,1915.72998046875,1916.0999755859375,1912.800048828125,1915.6800537109375,0
1785409200000,1916.1199951171875,1917.780029296875,1912.9200439453125,1916.6400146484375,0
1785409500000,1916,1919.050048828125,1915.4599609375,1918.8399658203125,30597120
1785409800000,1919.030029296875,1919.030029296875,1913.8800048828125,1914.6500244140625,75848704
1785410100000,1914.239990234375,1917.8399658203125,1913.699951171875,1917.6700439453125,0
1785410400000,1917.8399658203125,1922.1400146484375,1917.8399658203125,1918.0899658203125,0
1785410700000,1918.0999755859375,1918.81005859375,1913.8699951171875,1915.18994140625,0
1785411000000,1914.760009765625,1915.760009765625,1912.199951171875,1914.8499755859375,0
1785411300000,1915.0999755859375,1917.1199951171875,1914.22998046875,1915.4300537109375,0
1785411600000,1915.43994140625,1917.4200439453125,1915.030029296875,1916.8800048828125,119841792
1785411900000,1916.969970703125,1918.239990234375,1915.81005859375,1917.3599853515625,0
1785412200000,1917.27001953125,1917.27001953125,1914.719970703125,1916.5999755859375,82176000
1785412500000,1916.8499755859375,1917.4599609375,1915.9200439453125,1916.699951171875,0
1785412800000,1917.010009765625,1921.239990234375,1916.9100341796875,1919.8199462890625,43873280
1785413100000,1920.5699462890625,1922.5899658203125,1919.760009765625,1920.050048828125,0
1785413400000,1920.199951171875,1923.9599609375,1919.81005859375,1921.4599609375,98484224
1785413700000,1921.7900390625,1923.010009765625,1920.5999755859375,1921.56005859375,7207936
1785414000000,1921.1099853515625,1921.280029296875,1918.5699462890625,1919.6199951171875,0
1785414300000,1919.6400146484375,1921.6199951171875,1919.52001953125,1920.8399658203125,0
1785414600000,1921.0799560546875,1921.3199462890625,1919.030029296875,1919.949951171875,10575872
1785414900000,1919.800048828125,1920.719970703125,1918.47998046875,1918.68994140625,334848
1785415200000,1918.3199462890625,1918.3199462890625,1913.68994140625,1913.68994140625,0
1785415500000,1913.81005859375,1916.4000244140625,1913.81005859375,1916.4000244140625,0
1785415800000,1916.77001953125,1917.550048828125,1915.719970703125,1916.800048828125,0
1785416100000,1916.9100341796875,1917.5999755859375,1916.8399658203125,1917.47998046875,105931776
1785416400000,1917.6099853515625,1918.4000244140625,1917.1300048828125,1917.72998046875,0
1785416700000,1917.9200439453125,1918.3199462890625,1915.81005859375,1916.1600341796875,0
1785417000000,1916.3900146484375,1917.469970703125,1914.27001953125,1915.4000244140625,3966976
1785417300000,1915.449951171875,1918.93994140625,1914.969970703125,1918.8699951171875,0
1785417600000,1918.68994140625,1920.989990234375,1918.68994140625,1920.02001953125,10599424
1785417900000,1920.239990234375,1920.77001953125,1919.1700439453125,1920.3599853515625,91098112
1785418200000,1920.239990234375,1920.800048828125,1918.0799560546875,1918.260009765625,0
1785418500000,1918.3199462890625,1920.5999755859375,1916.800048828125,1918.280029296875,63855616
1785418800000,1918,1923.5400390625,1918,1921.5400390625,14172160
1785419100000,1921.469970703125,1922.510009765625,1921.0899658203125,1921.0899658203125,0
1785419400000,1921.31005859375,1921.5899658203125,1919,1919.010009765625,0
1785419700000,1919.010009765625,1919.4200439453125,1918.4200439453125,1918.6800537109375,65370112
1785420000000,1918.6800537109375,1919.9000244140625,1918.6800537109375,1919.0400390625,0
1785420300000,1919.22998046875,1920.6099853515625,1918.43994140625,1918.5699462890625,0
1785420600000,1918.800048828125,1918.800048828125,1917.6099853515625,1918.3299560546875,0
1785420900000,1918.2900390625,1918.2900390625,1916.22998046875,1917.0400390625,0
1785421200000,1917.1199951171875,1918.1099853515625,1916.699951171875,1917.9000244140625,0
1785421500000,1917.8399658203125,1918.800048828125,1917.43994140625,1918.2900390625,0
1785421800000,1918.5,1918.8499755859375,1916.8900146484375,1916.9200439453125,0
1785422100000,1916.5899658203125,1917.77001953125,1915.199951171875,1915.7900390625,0
1785422400000,1915.800048828125,1916.68994140625,1915.7900390625,1916.5999755859375,0
1785422700000,1916.5999755859375,1916.8800048828125,1915.530029296875,1915.6800537109375,0
1785423000000,1915.7900390625,1915.8800048828125,1913.22998046875,1913.22998046875,0
1785423300000,1913.199951171875,1914.8800048828125,1913.1099853515625,1914.260009765625,0
1785423600000,1914.239990234375,1917.949951171875,1913.97998046875,1917.9100341796875,0
1785423900000,1917.3699951171875,1919.9300537109375,1917.1199951171875,1919.6099853515625,0
1785424200000,1919.550048828125,1921.1199951171875,1919.550048828125,1919.969970703125,0
1785424500000,1919.9300537109375,1921.9200439453125,1918.93994140625,1921.219970703125,46173184
1785424800000,1921.47998046875,1924.219970703125,1921.4599609375,1923.199951171875,0
1785425100000,1922.8800048828125,1927.47998046875,1922.719970703125,1924.6800537109375,13577216
1785425400000,1924.5999755859375,1925.6199951171875,1923.199951171875,1924.8900146484375,0
1785425700000,1925,1925.4000244140625,1922.8399658203125,1924.0899658203125,0
1785426000000,1924.2099609375,1924.260009765625,1922.6600341796875,1923.9100341796875,0
1785426300000,1923.75,1924.469970703125,1920.969970703125,1922.050048828125,0
1785426600000,1921.8800048828125,1923.760009765625,1921.449951171875,1922.72998046875,0
1785426900000,1922.280029296875,1923.25,1921.9300537109375,1922.0799560546875,0
1785427200000,1921.8499755859375,1925.449951171875,1920.77001953125,1923.719970703125,0
1785427500000,1923.4100341796875,1923.949951171875,1920.780029296875,1920.780029296875,33163264
1785427800000,1920.8800048828125,1921.1500244140625,1919.0999755859375,1920.239990234375,0
1785428100000,1919.8900146484375,1921.31005859375,1918.969970703125,1920.9100341796875,0
1785428400000,1920.8699951171875,1923.1199951171875,1920.8699951171875,1922.6400146484375,0
1785428700000,1922.7099609375,1922.8299560546875,1920.6099853515625,1920.6099853515625,0
1785429000000,1920.8900146484375,1920.8900146484375,1918.199951171875,1920.489990234375,0
1785429300000,1920.489990234375,1921.1400146484375,1919.5400390625,1921.06005859375,0
1785429600000,1920.93994140625,1923.9599609375,1920.72998046875,1921.6600341796875,63244800
1785429900000,1921.9200439453125,1923.1800537109375,1920.8399658203125,1922.0999755859375,0
1785430200000,1922.3299560546875,1922.3299560546875,1921.0899658203125,1921.6700439453125,0
1785430500000,1921.5799560546875,1921.800048828125,1919.530029296875,1919.56005859375,0
1785430800000,1919.780029296875,1921.300048828125,1919.5400390625,1920.510009765625,0
1785431100000,1920.3800048828125,1921.56005859375,1919.77001953125,1921.4200439453125,0
1785431400000,1921.3900146484375,1921.4300537109375,1920.239990234375,1921.1700439453125,0
1785431700000,1921.1400146484375,1921.3199462890625,1920.6099853515625,1920.949951171875,0
1785432000000,1921.530029296875,1922.800048828125,1920.97998046875,1921.3299560546875,0
1785432300000,1921.31005859375,1921.7900390625,1920.1700439453125,1920.3199462890625,0
1785432600000,1920.52001953125,1920.9599609375,1919.4599609375,1919.4599609375,0
1785432900000,1919.4599609375,1920.5999755859375,1919.3299560546875,1920.5999755859375,0
1785433200000,1920.8599853515625,1921.4599609375,1919.010009765625,1920.280029296875,0
1785433500000,1920.300048828125,1920.300048828125,1918.0699462890625,1918.1600341796875,183128064
1785433800000,1918.0699462890625,1918.0699462890625,1916.4100341796875,1916.4100341796875,0
1785434100000,1916.4100341796875,1917.6300048828125,1915.6800537109375,1916.8900146484375,0
1785434400000,1916.1400146484375,1921.5799560546875,1914.3699951171875,1921.010009765625,29793280
1785434700000,1921.1600341796875,1925.530029296875,1921,1925.530029296875,0
1785435000000,1925.4200439453125,1926.550048828125,1922.9100341796875,1924.030029296875,0
1785435300000,1923.8499755859375,1925.3699951171875,1923.2099609375,1923.719970703125,0
1785435600000,1923.8800048828125,1926.6600341796875,1923.0999755859375,1925.93994140625,16774656
1785435900000,1926.0799560546875,1930.6300048828125,1925.97998046875,1930.2900390625,14115328
1785436200000,1930.449951171875,1931.510009765625,1927.780029296875,1929.300048828125,0
1785436500000,1929.4100341796875,1929.5999755859375,1927.5799560546875,1927.8800048828125,221538304
1785436800000,1927.3800048828125,1928.52001953125,1926.75,1928.1800537109375,19564032
1785437100000,1928.3499755859375,1928.6400146484375,1926.219970703125,1926.6600341796875,17859584
1785437400000,1926.6600341796875,1927.1500244140625,1924.9000244140625,1925.3699951171875,0
1785437700000,1925.31005859375,1925.47998046875,1923.1600341796875,1924.1199951171875,0
1785438000000,1923.8499755859375,1924.8699951171875,1922.8900146484375,1924.8699951171875,909312
1785438300000,1924.8699951171875,1926.8699951171875,1924.5699462890625,1925.5799560546875,0
1785438600000,1925.5799560546875,1927.1400146484375,1924.5799560546875,1926.8599853515625,0
1785438900000,1926.739990234375,1926.9599609375,1925.72998046875,1925.77001953125,48826368
1785439200000,1925.2900390625,1926.47998046875,1924.449951171875,1926.47998046875,5845504
1785439500000,1926.2099609375,1926.949951171875,1925.1300048828125,1925.22998046875,0
1785439800000,1925.2900390625,1931.760009765625,1925.2099609375,1930.780029296875,0
1785440100000,1930.77001953125,1934.989990234375,1930.77001953125,1932.9200439453125,3382784
1785440400000,1932.72998046875,1932.72998046875,1920.27001953125,1922.8800048828125,0
1785440700000,1922.8800048828125,1925.1500244140625,1921.199951171875,1925.0699462890625,65166336
1785441000000,1924.760009765625,1924.760009765625,1916.3599853515625,1919.0899658203125,14893056
1785441300000,1919.02001953125,1919.550048828125,1916.6400146484375,1916.8199462890625,32943616
1785441600000,1917.3199462890625,1920.260009765625,1917.3199462890625,1919.2900390625,10947584
1785441900000,1919.719970703125,1920.6600341796875,1916.469970703125,1917.219970703125,31563264
1785442200000,1917.2099609375,1918.3399658203125,1915.739990234375,1917.949951171875,67855872
1785442500000,1917.6400146484375,1918.449951171875,1915.56005859375,1916.010009765625,3660800
1785442800000,1915.699951171875,1917.3499755859375,1915.0899658203125,1915.800048828125,8368640
1785443100000,1915.9200439453125,1916.3399658203125,1914.77001953125,1916.25,5255168
1785443400000,1916.4000244140625,1917.6700439453125,1914.6600341796875,1915.81005859375,1217536
1785443700000,1915.8800048828125,1916.72998046875,1915.0799560546875,1915.5799560546875,0
1785444000000,1915.5400390625,1916.199951171875,1914.6099853515625,1916.199951171875,0
1785444300000,1916.3599853515625,1917.199951171875,1914.6099853515625,1915.9200439453125,0
1785444600000,1915.68994140625,1915.9200439453125,1913.81005859375,1913.8900146484375,0
1785444900000,1913.97998046875,1915.25,1913.5,1914.9599609375,2159616
1785445200000,1916.030029296875,1923.5899658203125,1916.030029296875,1923.0699462890625,0
1785445500000,1922.9100341796875,1934,1922.9100341796875,1934,0
1785445800000,1933.989990234375,1933.989990234375,1928.9599609375,1929.3599853515625,0
1785446100000,1929.18994140625,1929.300048828125,1924.3299560546875,1925.760009765625,132624896
1785446400000,1924.550048828125,1927.2900390625,1923.5,1927.030029296875,113339904
1785446700000,1927.4300537109375,1930.72998046875,1927.4300537109375,1928.9599609375,112658432
1785447000000,1928.0699462890625,1928.4000244140625,1923.5,1923.93994140625,6854144
1785447300000,1924.0899658203125,1924.18994140625,1918.780029296875,1919.9000244140625,0
1785447600000,1919.6400146484375,1920.47998046875,1917.4000244140625,1917.719970703125,1830912
1785447900000,1917.6400146484375,1918.800048828125,1907.1500244140625,1908.25,0
1785448200000,1908.43994140625,1910.75,1905.6400146484375,1908.06005859375,33560064
1785448500000,1908.239990234375,1909.8399658203125,1906.199951171875,1908.300048828125,25986048
1785448800000,1907.8399658203125,1909.239990234375,1904.6800537109375,1905.3599853515625,81698816
1785449100000,1905.3800048828125,1910.3499755859375,1905.3800048828125,1910.3499755859375,0
1785449400000,1910.1099853515625,1910.3499755859375,1907.0400390625,1907.0400390625,0
1785449700000,1906.68994140625,1906.7900390625,1902.8199462890625,1903.550048828125,66333184
1785450000000,1903.5400390625,1904.7099609375,1902.4200439453125,1902.4200439453125,0
1785450300000,1902.719970703125,1904.5400390625,1902.0999755859375,1902.699951171875,65806336
1785450600000,1902.4300537109375,1905.2099609375,1901.52001953125,1904.3199462890625,0
1785450900000,1904.3199462890625,1904.530029296875,1900.780029296875,1901.5899658203125,26116096
1785451200000,1901.4000244140625,1901.9100341796875,1899.8499755859375,1900.3399658203125,0
1785451500000,1900.8199462890625,1904.52001953125,1900.3599853515625,1902.719970703125,42933248
1785451800000,1902.800048828125,1904.0400390625,1901.0799560546875,1902.8399658203125,0
1785452100000,1902.239990234375,1902.3399658203125,1900.77001953125,1902.1800537109375,21477376
1785452400000,1902.06005859375,1902.06005859375,1899.9100341796875,1901.4100341796875,0
1785452700000,1901.4100341796875,1901.4100341796875,1899.72998046875,1900.6400146484375,169418752
1785453000000,1900.6400146484375,1901.4000244140625,1898.1600341796875,1899.8399658203125,17937920
1785453300000,1899.9599609375,1904.6500244140625,1899.239990234375,1904.6500244140625,17260032
1785453600000,1904.5699462890625,1906.989990234375,1904.5699462890625,1906.5699462890625,0
1785453900000,1906.6099853515625,1907.8299560546875,1905.8499755859375,1906.1300048828125,93951488
1785454200000,1906.530029296875,1907.5799560546875,1904.77001953125,1904.9000244140625,225111040
1785454500000,1904.949951171875,1905.719970703125,1903.5699462890625,1904.239990234375,0
1785454800000,1904.4100341796875,1906.4000244140625,1903.9599609375,1905.97998046875,20969984
1785455100000,1905.969970703125,1906.8499755859375,1904.760009765625,1905.780029296875,0
1785455400000,1905.3699951171875,1909.6500244140625,1905.3699951171875,1909.6500244140625,24227328
1785455700000,1909.1600341796875,1909.1600341796875,1906.699951171875,1906.81005859375,0
1785456000000,1906.800048828125,1907.1600341796875,1905.7900390625,1906.8399658203125,39632384
1785456300000,1907.1199951171875,1907.5,1904.199951171875,1905.52001953125,58432512
1785456600000,1905.5,1905.5,1903.0899658203125,1903.18994140625,3928576
1785456900000,1903.7099609375,1903.9599609375,1901.8699951171875,1903.1400146484375,0
1785457200000,1903.1700439453125,1903.1700439453125,1901.3299560546875,1901.4000244140625,0
1785457500000,1901.72998046875,1904.550048828125,1901.72998046875,1904.1600341796875,0
1785457800000,1904.3599853515625,1905.1300048828125,1903.56005859375,1904.5,0
1785458100000,1904.489990234375,1904.8800048828125,1903.050048828125,1903.5999755859375,21382144
1785458400000,1903.52001953125,1903.969970703125,1902.6099853515625,1903.8499755859375,49959936
1785458700000,1903.8399658203125,1905.0899658203125,1903.5400390625,1903.7900390625,0
1785459000000,1903.739990234375,1904.199951171875,1903.56005859375,1903.739990234375,0
1785459300000,1903.780029296875,1904.280029296875,1903.3599853515625,1903.9200439453125,0
1785459600000,1904.0799560546875,1906.9000244140625,1903.989990234375,1906.31005859375,0
1785459900000,1906.3699951171875,1906.760009765625,1905.4300537109375,1905.6400146484375,0
1785460200000,1905.949951171875,1906.6600341796875,1905.6300048828125,1906.6600341796875,59500544
1785460500000,1906.6700439453125,1906.9300537109375,1905.6600341796875,1905.6700439453125,0
1785460800000,1905.6700439453125,1907.3699951171875,1904.7099609375,1905.469970703125,0
1785461100000,1905.3800048828125,1905.3800048828125,1902.6600341796875,1902.8399658203125,0
1785461400000,1902.8399658203125,1904.280029296875,1902.3699951171875,1902.3699951171875,9274368
1785461700000,1902.3699951171875,1902.3699951171875,1900.3199462890625,1901.1600341796875,0
1785462000000,1900.9300537109375,1901.1600341796875,1899.5999755859375,1899.5999755859375,0
1785462300000,1899.56005859375,1901.4200439453125,1899.56005859375,1900.72998046875,0
1785462600000,1900.68994140625,1903.1500244140625,1900.68994140625,1902.9599609375,106496
1785462900000,1903.050048828125,1904.4000244140625,1902.6600341796875,1904.4000244140625,591872
1785463200000,1904.27001953125,1904.27001953125,1902.8599853515625,1903.6600341796875,0
1785463500000,1903.6199951171875,1905.9300537109375,1903.6199951171875,1905.9000244140625,72912384
1785463800000,1905.8599853515625,1906.1199951171875,1905.0400390625,1905.260009765625,5606912
1785464100000,1905.260009765625,1905.260009765625,1904.280029296875,1904.760009765625,0
1785464400000,1904.719970703125,1904.8800048828125,1903.77001953125,1904.760009765625,0
1785464700000,1904.75,1908.8800048828125,1904.6500244140625,1908.8800048828125,0
1785465000000,1908.6800537109375,1908.6800537109375,1904.8900146484375,1905.47998046875,0
1785465300000,1905.3699951171875,1905.3699951171875,1901.8499755859375,1902.1300048828125,63140352
1785465600000,1902.3599853515625,1902.5999755859375,1898.68994140625,1900.0799560546875,0
1785465900000,1900.2099609375,1901.52001953125,1898.510009765625,1901.52001953125,15045632
1785466200000,1901.760009765625,1902.8199462890625,1900.800048828125,1901.77001953125,79838208
1785466500000,1902.0400390625,1902.31005859375,1900.800048828125,1900.800048828125,0
1785466800000,1900.02001953125,1900.800048828125,1894.8599853515625,1894.8599853515625,0
1785467100000,1894.739990234375,1895.02001953125,1890.52001953125,1892.6400146484375,0
1785467400000,1892.52001953125,1893.280029296875,1889.469970703125,1889.8199462890625,0
1785467700000,1889.760009765625,1890.1800537109375,1887.3499755859375,1889.760009765625,4552192
1785468000000,1889.699951171875,1889.699951171875,1884.9599609375,1885.010009765625,42413056
1785468300000,1884.8399658203125,1885.760009765625,1884.4599609375,1884.6099853515625,21843968
1785468600000,1882.97998046875,1886.93994140625,1882.97998046875,1884.5999755859375,92256768
1785468900000,1884.3699951171875,1887.0899658203125,1883.9300537109375,1887.0799560546875,57221120
1785469200000,1887.02001953125,1887.0799560546875,1884.6800537109375,1885.5999755859375,9221632
1785469500000,1885.5,1887.719970703125,1885.5,1887.719970703125,35156480
1785469800000,1887.719970703125,1890.199951171875,1887.050048828125,1888.4200439453125,69558784
1785470100000,1888.56005859375,1888.97998046875,1888.1400146484375,1888.239990234375,13913088
1785470400000,1888,1891.050048828125,1887.3599853515625,1889.8900146484375,90159104
1785470700000,1889.5799560546875,1890.8900146484375,1885.9300537109375,1887,19903488
1785471000000,1886.989990234375,1890.719970703125,1886.989990234375,1889.6700439453125,19877376
1785471300000,1889.800048828125,1890.7099609375,1887.550048828125,1887.93994140625,3246080
1785471600000,1887.9100341796875,1888.4300537109375,1886.6600341796875,1887.510009765625,12271104
1785471900000,1887.47998046875,1891.43994140625,1887.47998046875,1890.31005859375,0
1785472200000,1889.1600341796875,1890.8499755859375,1888.8299560546875,1890.77001953125,0
1785472500000,1890.239990234375,1890.239990234375,1887.3199462890625,1887.530029296875,216876544
1785472800000,1887.510009765625,1888.5999755859375,1887.010009765625,1887.8900146484375,25084416
1785473100000,1887.93994140625,1890.06005859375,1887.93994140625,1889.530029296875,0
1785473400000,1889.6099853515625,1889.8199462890625,1887.199951171875,1887.4300537109375,71866368
1785473700000,1887.56005859375,1889.0400390625,1887.550048828125,1888.6199951171875,7775744
1785474000000,1888.8900146484375,1889.510009765625,1888.2099609375,1888.5699462890625,0
1785474300000,1888.56005859375,1888.760009765625,1887.219970703125,1887.52001953125,93773312
1785474600000,1888.0799560546875,1888.56005859375,1887.199951171875,1888.18994140625,0
1785474900000,1888.199951171875,1888.219970703125,1883.989990234375,1883.989990234375,25779200
1785475200000,1884.260009765625,1884.8499755859375,1881.550048828125,1883.1199951171875,0
1785475500000,1883.0999755859375,1884.22998046875,1882.27001953125,1882.6300048828125,0
1785475800000,1882.6400146484375,1883.8299560546875,1879.780029296875,1881.989990234375,233289728
1785476100000,1881.989990234375,1883.010009765625,1880.4100341796875,1881.6400146484375,11342848
1785476400000,1881.6400146484375,1882.97998046875,1881.3199462890625,1881.68994140625,9643008
1785476700000,1881.68994140625,1882.5799560546875,1880.31005859375,1882.5799560546875,0
1785477000000,1882.4599609375,1883.5,1882.010009765625,1882.02001953125,1165312
1785477300000,1882.010009765625,1882.780029296875,1881.199951171875,1881.9300537109375,0
1785477600000,1881.699951171875,1882.9100341796875,1879.7900390625,1880.1300048828125,0
1785477900000,1880.1400146484375,1880.7900390625,1876.0799560546875,1880.780029296875,0
1785478200000,1880.81005859375,1882.18994140625,1879.52001953125,1881.9100341796875,106561536
1785478500000,1881.699951171875,1882.550048828125,1880.800048828125,1882.550048828125,10319872
1785478800000,1882.510009765625,1886,1882.43994140625,1884.449951171875,0
1785479100000,1884.449951171875,1885.5,1884.239990234375,1884.9300537109375,0
1785479400000,1884.7099609375,1886.2099609375,1884.4100341796875,1885.6800537109375,179948544
1785479700000,1885.6199951171875,1886.2099609375,1885.0400390625,1885.780029296875,0
1785480000000,1885.510009765625,1887.530029296875,1885.4000244140625,1887.31005859375,2103296
1785480300000,1887.6300048828125,1888.0999755859375,1884.239990234375,1884.239990234375,9653248
1785480600000,1884.3499755859375,1887.1600341796875,1883.9100341796875,1886.8299560546875,4548608
1785480900000,1887.199951171875,1887.5,1885.010009765625,1885.1800537109375,0
1785481200000,1885.4000244140625,1887.77001953125,1884.6600341796875,1887.6600341796875,9690112
1785481500000,1887.6700439453125,1887.97998046875,1884.6600341796875,1884.6600341796875,0
1785481800000,1884.6800537109375,1884.68994140625,1882.6099853515625,1883.5,5013504
1785482100000,1883.300048828125,1884.3699951171875,1880.699951171875,1883.93994140625,0
1785482400000,1883.9100341796875,1885.1300048828125,1883.6500244140625,1885.050048828125,101913600
1785482700000,1885.2099609375,1885.530029296875,1881.989990234375,1882.4000244140625,8453120
1785483000000,1882.3299560546875,1883.0999755859375,1881.3199462890625,1881.530029296875,0
1785483300000,1881.8900146484375,1882.719970703125,1880.8599853515625,1881.3599853515625,15288320
1785483600000,1881.3599853515625,1882.2900390625,1881.18994140625,1881.5,54344704
1785483900000,1881.510009765625,1882.27001953125,1880.699951171875,1881.0999755859375,0
1785484200000,1881.2900390625,1883.1800537109375,1881.2099609375,1882.6099853515625,0
1785484500000,1881.8399658203125,1882.5999755859375,1881.280029296875,1882.5999755859375,0
1785484800000,1882.5,1882.530029296875,1879.0999755859375,1879.449951171875,0
1785485100000,1879.5,1879.7099609375,1877.1199951171875,1878.030029296875,0
1785485400000,1877.739990234375,1877.739990234375,1873.5400390625,1875.52001953125,0
1785485700000,1874.6500244140625,1876.1500244140625,1873.3299560546875,1874.780029296875,53497856
1785486000000,1875.5999755859375,1877.199951171875,1874.8499755859375,1875.760009765625,10611712
1785486300000,1875.8900146484375,1877.72998046875,1875.8900146484375,1876.93994140625,85698560
1785486600000,1875,1875.77001953125,1871.510009765625,1873.050048828125,17044480
1785486900000,1873.050048828125,1875.31005859375,1872,1874.27001953125,0
1785487200000,1874.25,1876.27001953125,1873.9000244140625,1875.4300537109375,97868800
1785487500000,1875.68994140625,1878.22998046875,1875.2099609375,1876.5,0
1785487800000,1876.510009765625,1878.9300537109375,1875.6099853515625,1878.9300537109375,7183360
1785488100000,1879.239990234375,1881.530029296875,1879.239990234375,1880.56005859375,0
1785488400000,1880.760009765625,1883.550048828125,1880.550048828125,1883.3699951171875,0
1785488700000,1882.75,1883.719970703125,1881.8199462890625,1881.8900146484375,44006400
1785489000000,1882.06005859375,1884.4599609375,1881.4000244140625,1884.4599609375,74752
1785489300000,1884.2099609375,1887.6099853515625,1884.2099609375,1887.260009765625,2088960
1785489600000,1887.0999755859375,1888.5899658203125,1885.449951171875,1886.7099609375,0
1785489900000,1887.7900390625,1888.18994140625,1886.0699462890625,1887.1800537109375,53894144
1785490200000,1887.1400146484375,1887.1400146484375,1879.0999755859375,1884.5999755859375,36670464
1785490500000,1884.199951171875,1884.8800048828125,1877.8699951171875,1878.8800048828125,0
1785490800000,1878.9000244140625,1879.22998046875,1873.9599609375,1874.3499755859375,11064320
1785491100000,1874.3599853515625,1875.75,1865.3399658203125,1871.489990234375,5510144
1785491400000,1869.5999755859375,1870.3900146484375,1862.5899658203125,1864.1700439453125,0
1785491700000,1864.3599853515625,1867.469970703125,1862.5999755859375,1864.3299560546875,68577280
1785492000000,1864.3800048828125,1866.3900146484375,1859.510009765625,1859.510009765625,0
1785492300000,1858.199951171875,1858.27001953125,1848.3800048828125,1853.1700439453125,302970368
1785492600000,1853,1862.5999755859375,1846.260009765625,1862.3699951171875,155633664
1785492900000,1862.2099609375,1867.2900390625,1861.5400390625,1866.4100341796875,253598720
1785493200000,1865.489990234375,1867.7099609375,1861,1862.199951171875,0
1785493500000,1862.239990234375,1863.7900390625,1855.97998046875,1859.300048828125,204701696
1785493800000,1860.9000244140625,1863.9000244140625,1860.52001953125,1863.9000244140625,5999616
1785494100000,1863.699951171875,1865.449951171875,1857.6099853515625,1857.6099853515625,0
1785494400000,1858.219970703125,1859.8199462890625,1856.550048828125,1858.22998046875,152941568
1785494700000,1857.5999755859375,1862.6099853515625,1856.699951171875,1862.050048828125,46535680
1785495000000,1861.8900146484375,1863.1800537109375,1856.219970703125,1856.219970703125,92338176
1785495300000,1856.6300048828125,1859.300048828125,1854.989990234375,1857.300048828125,27352064
1785495600000,1857.4000244140625,1858.1500244140625,1854.010009765625,1857.949951171875,0
1785495900000,1857.9200439453125,1858.75,1856,1856.800048828125,64110592
1785496200000,1856.550048828125,1856.800048828125,1853.719970703125,1856.6099853515625,88688640
1785496500000,1856.5,1859.3900146484375,1853.1600341796875,1855.2900390625,84742144
1785496800000,1855.43994140625,1856.5400390625,1852.780029296875,1854.5999755859375,15221760
1785497100000,1854.75,1855.43994140625,1852.1500244140625,1855.2900390625,54267904
1785497400000,1855.3800048828125,1857.7099609375,1854.1800537109375,1856.8399658203125,15618048
1785497700000,1857.050048828125,1863.9200439453125,1857.050048828125,1862.3199462890625,0
1785498000000,1862.31005859375,1863.3199462890625,1860.0999755859375,1862.510009765625,0
1785498300000,1862.469970703125,1862.469970703125,1856.9599609375,1859,21195776
1785498600000,1859.18994140625,1861.97998046875,1859,1861.219970703125,135281664
1785498900000,1861.3699951171875,1861.9000244140625,1860.31005859375,1860.56005859375,223383552
1785499200000,1860.5400390625,1862.199951171875,1859.699951171875,1860.52001953125,0
1785499500000,1860.68994140625,1863.43994140625,1859.4300537109375,1862.9100341796875,5545984
1785499800000,1863.239990234375,1864.0699462890625,1861.47998046875,1862.300048828125,0
1785500100000,1862.469970703125,1862.68994140625,1858.8599853515625,1862.6500244140625,96117760
1785500400000,1862.4000244140625,1865.030029296875,1862.199951171875,1864.9000244140625,2911232
1785500700000,1863.780029296875,1864.8699951171875,1861.0799560546875,1864.47998046875,2213888
1785501000000,1864.5400390625,1864.949951171875,1862.1300048828125,1862.9599609375,0
1785501300000,1862.5899658203125,1862.8299560546875,1860.0799560546875,1860.8299560546875,98610176
1785501600000,1860.81005859375,1862.469970703125,1859.449951171875,1861.0799560546875,0
1785501900000,1861.9100341796875,1863.0999755859375,1860.2099609375,1861.1700439453125,10598400
1785502200000,1861.280029296875,1863.4200439453125,1861.260009765625,1861.9000244140625,120007680
1785502500000,1862.0999755859375,1863.3399658203125,1861.760009765625,1862.97998046875,18040832
1785502800000,1862.5999755859375,1866.25,1862.3199462890625,1864.1099853515625,0
1785503100000,1863.780029296875,1863.780029296875,1861.4200439453125,1862.81005859375,1715200
1785503400000,1862.9000244140625,1867.030029296875,1862.8900146484375,1865.52001953125,53773312
1785503700000,1865.530029296875,1868.02001953125,1863.6600341796875,1866.5999755859375,0
1785504000000,1866.0699462890625,1869.68994140625,1864.9200439453125,1868.510009765625,16352256
1785504300000,1868.030029296875,1869.800048828125,1867.9200439453125,1869.800048828125,17759232
1785504600000,1869.2099609375,1872.4599609375,1868.5999755859375,1872.4000244140625,18892800
1785504900000,1872.9100341796875,1874.1199951171875,1871.5799560546875,1871.6700439453125,16276480
1785505200000,1871.6099853515625,1872.0899658203125,1870.6300048828125,1871.7099609375,87649280
1785505500000,1871.6300048828125,1873.7099609375,1871.6300048828125,1873.06005859375,0
1785505800000,1873.1700439453125,1876.2099609375,1872.9200439453125,1875.2900390625,2935808
1785506100000,1875.2099609375,1875.97998046875,1872.9000244140625,1873.27001953125,19843072
1785506400000,1873.0799560546875,1874.97998046875,1872.050048828125,1873.25,7556096
1785506700000,1872.75,1872.9100341796875,1870.8499755859375,1871.300048828125,0
1785507000000,1871.260009765625,1871.4100341796875,1869.199951171875,1869.6800537109375,5052416
1785507300000,1869.739990234375,1870.7099609375,1868.9100341796875,1870.489990234375,345088
1785507600000,1870.800048828125,1871.3900146484375,1870.0999755859375,1870.3699951171875,0
1785507900000,1870.6500244140625,1870.760009765625,1867.0799560546875,1867.0799560546875,95955968
1785508200000,1867.4200439453125,1868.52001953125,1867.06005859375,1867.3699951171875,0
1785508500000,1867.510009765625,1868.1300048828125,1863.449951171875,1863.449951171875,92733440
1785508800000,1863.8399658203125,1867.199951171875,1863.0799560546875,1867.199951171875,1985536
1785509100000,1867.199951171875,1869.0699462890625,1867.18994140625,1869.0400390625,6669312
1785509400000,1868.7900390625,1871.9000244140625,1868.6700439453125,1870.9000244140625,0
1785509700000,1870.4100341796875,1871.050048828125,1869.7099609375,1869.780029296875,0
1785510000000,1870.0999755859375,1872.3299560546875,1868.0799560546875,1868.2099609375,5155840
1785510300000,1868.1800537109375,1868.800048828125,1867.5699462890625,1868.43994140625,0
1785510600000,1868.449951171875,1868.7900390625,1867.0999755859375,1868.2900390625,81094656
1785510900000,1868.31005859375,1868.3499755859375,1866.800048828125,1867.469970703125,0
1785511200000,1866.949951171875,1868.4100341796875,1866.5400390625,1866.81005859375,0
1785511500000,1866.52001953125,1866.9000244140625,1865.9599609375,1866.8900146484375,0
1785511800000,1866.81005859375,1866.9300537109375,1864.510009765625,1865.800048828125,0
1785512100000,1866,1866.0999755859375,1863.8299560546875,1864.6199951171875,59785216
1785512400000,1864.510009765625,1866.25,1863.43994140625,1866.25,0
1785512700000,1866.25,1868.489990234375,1866.25,1867.6300048828125,17722368
1785513000000,1867.6199951171875,1867.6199951171875,1865.5999755859375,1866.780029296875,88289280
1785513300000,1866.219970703125,1866.6199951171875,1865.5400390625,1866.52001953125,122880
1785513600000,1865.969970703125,1868,1865.5,1866.760009765625,0
1785513900000,1866.8900146484375,1866.949951171875,1864.9300537109375,1866.3900146484375,7399424
1785514200000,1866.3299560546875,1867.2099609375,1865.31005859375,1867.030029296875,0
1785514500000,1867,1868.6600341796875,1866.4599609375,1868.25,4517888
1785514800000,1868.1800537109375,1868.5,1865.8599853515625,1866.010009765625,0
1785515100000,1865.989990234375,1866.7099609375,1865.8800048828125,1866.5799560546875,0
1785515400000,1866.5899658203125,1866.699951171875,1864.550048828125,1865.1700439453125,109547520
1785515700000,1865,1865.06005859375,1863.239990234375,1863.239990234375,0
1785516000000,1863.1400146484375,1865.050048828125,1862.1600341796875,1865.010009765625,20725760
1785516300000,1864.6099853515625,1865.5999755859375,1862.1600341796875,1862.300048828125,1494016
1785516600000,1862.56005859375,1863.4000244140625,1860.8199462890625,1862.4000244140625,1761280
1785516900000,1862.469970703125,1862.469970703125,1859.550048828125,1860.4000244140625,0
1785517200000,1860.1300048828125,1860.219970703125,1857.3199462890625,1859.989990234375,68972544
1785517500000,1859.989990234375,1861.7900390625,1859.989990234375,1861.7900390625,2224128
1785517800000,1861.3800048828125,1861.3800048828125,1859.969970703125,1861.010009765625,0
1785518100000,1861,1861.3900146484375,1860.9000244140625,1861.3900146484375,12107776
1785518400000,1861.2099609375,1861.469970703125,1861.2099609375,1861.3299560546875,4924416
1785518700000,1860.9000244140625,1861.219970703125,1860.3699951171875,1861.219970703125,90029056
1785519000000,1861.219970703125,1861.260009765625,1860.2900390625,1860.780029296875,0
1785519300000,1860.780029296875,1861.4200439453125,1859.699951171875,1861.4100341796875,0
1785519600000,1861.3399658203125,1861.3399658203125,1859.699951171875,1860.8199462890625,4445184
1785519900000,1860.8499755859375,1862.8800048828125,1860.760009765625,1862.02001953125,7797760
1785520200000,1862.010009765625,1862.010009765625,1860.300048828125,1860.4100341796875,25618432
1785520500000,1860.31005859375,1860.3299560546875,1857.8399658203125,1860,0
1785520800000,1860.199951171875,1860.199951171875,1856.9599609375,1859.8299560546875,0
1785521100000,1859.8299560546875,1861.239990234375,1858.9100341796875,1861.199951171875,0
1785521400000,1861.2900390625,1861.469970703125,1860.6099853515625,1860.9000244140625,0
1785521700000,1860.9200439453125,1861.3599853515625,1860.8499755859375,1861,78642176
1785522000000,1861.93994140625,1862.4300537109375,1861.8199462890625,1862.1099853515625,0
1785522300000,1861.9300537109375,1862.06005859375,1861.3900146484375,1861.81005859375,0
1785522600000,1861.8499755859375,1863.760009765625,1861.8399658203125,1862.9300537109375,26420224
1785522900000,1862.4000244140625,1862.4000244140625,1860.9000244140625,1862.199951171875,0
1785523200000,1862.18994140625,1863.1500244140625,1861.699951171875,1862.239990234375,0
1785523500000,1861.4100341796875,1861.6800537109375,1861.2099609375,1861.2099609375,103387136
1785523800000,1861.2099609375,1861.31005859375,1859.3199462890625,1860.1400146484375,0
1785524100000,1860.1199951171875,1860.43994140625,1859.6300048828125,1859.6300048828125,10238976
1785524400000,1859.8499755859375,1861.6700439453125,1859.77001953125,1861.6700439453125,0
1785524700000,1861.5799560546875,1862.1800537109375,1861.199951171875,1861.4599609375,0
1785525000000,1861.1099853515625,1862.0699462890625,1860.5799560546875,1860.8699951171875,12322816
1785525300000,1860.8699951171875,1862.25,1860.4200439453125,1861.9599609375,5502976
1785525600000,1861.989990234375,1863.010009765625,1861.6800537109375,1861.8299560546875,13169664
1785525900000,1861.8199462890625,1862.3499755859375,1861.760009765625,1862.3399658203125,1451008
1785526200000,1862.3399658203125,1863.02001953125,1861.9000244140625,1862.3800048828125,0
1785526500000,1861.699951171875,1862.510009765625,1861.4300537109375,1862.18994140625,0
1785526800000,1862.280029296875,1862.489990234375,1861.31005859375,1861.6800537109375,0
1785527100000,1861.989990234375,1861.989990234375,1860.5899658203125,1860.5899658203125,0
1785527400000,1860.5899658203125,1861.5899658203125,1859.18994140625,1860.06005859375,0
1785527700000,1860.050048828125,1860.7900390625,1860.050048828125,1860.6400146484375,0
1785528000000,1860.8699951171875,1863.6099853515625,1860.6400146484375,1863.300048828125,55398400
1785528300000,1863.300048828125,1863.4000244140625,1861.9000244140625,1862.81005859375,0
1785528600000,1862.8299560546875,1863.5400390625,1862.780029296875,1863.0799560546875,70556672
1785528900000,1863,1864.25,1862.3599853515625,1864.0699462890625,0
1785529200000,1864.0899658203125,1864.0899658203125,1863.0799560546875,1863.989990234375,0
1785529500000,1864.06005859375,1865.1700439453125,1863.9100341796875,1864.050048828125,0
1785529800000,1864.0400390625,1864.780029296875,1863.030029296875,1864.68994140625,0
1785530100000,1864.6500244140625,1865.1600341796875,1864.1199951171875,1864.7099609375,0
1785530400000,1864.72998046875,1865.31005859375,1864.4200439453125,1865.31005859375,67105792
1785530700000,1865.8499755859375,1865.8499755859375,1864.8800048828125,1865.2099609375,7419904
1785531000000,1865.260009765625,1865.5,1864.3199462890625,1864.56005859375,0
1785531300000,1864.5,1864.5400390625,1862.510009765625,1862.8599853515625,0
1785531600000,1862.8599853515625,1865.0799560546875,1862.8599853515625,1864.8199462890625,0
1785531900000,1864.81005859375,1865.469970703125,1864.81005859375,1864.9200439453125,0
1785532200000,1864.75,1864.9100341796875,1864.4300537109375,1864.719970703125,0
1785532500000,1864.719970703125,1865.1099853515625,1863.699951171875,1863.7099609375,17425408
1785532800000,1863.8900146484375,1865.3599853515625,1863.8900146484375,1864.300048828125,0
1785533100000,1864.199951171875,1865.56005859375,1863.5999755859375,1864.489990234375,3803136
1785533400000,1864.6600341796875,1865.0899658203125,1864.06005859375,1864.18994140625,0
1785533700000,1864.18994140625,1865.219970703125,1864.18994140625,1865.2099609375,0
1785534000000,1865.2099609375,1865.4000244140625,1864.8599853515625,1864.9000244140625,0
1785534300000,1864.8699951171875,1865.6099853515625,1864.800048828125,1865.1500244140625,0
1785534600000,1865.1400146484375,1865.1400146484375,1863.9200439453125,1864.949951171875,0
1785534900000,1864.949951171875,1865.1600341796875,1864.469970703125,1865.1600341796875,0
1785535200000,1865.3900146484375,1865.949951171875,1865.3900146484375,1865.6600341796875,0
1785535500000,1865.719970703125,1865.9300537109375,1865.1099853515625,1865.1099853515625,0
1785535800000,1865.0999755859375,1866.5999755859375,1864.9200439453125,1866.0799560546875,0
1785536100000,1866.260009765625,1866.8699951171875,1866.0699462890625,1866.81005859375,0
1785536400000,1866.989990234375,1868.199951171875,1866.989990234375,1867.010009765625,0
1785536700000,1866.739990234375,1867.5699462890625,1866.739990234375,1867.010009765625,64627712
1785537000000,1867,1867.530029296875,1866.93994140625,1867.1099853515625,0
1785537300000,1867.199951171875,1867.280029296875,1865.780029296875,1865.8299560546875,0
1785537600000,1865.8399658203125,1866.219970703125,1865.6500244140625,1866.219970703125,0
1785537900000,1866.2099609375,1867.7099609375,1866.2099609375,1866.8399658203125,0
1785538200000,1867.199951171875,1867.27001953125,1866.25,1866.56005859375,0
1785538500000,1866.510009765625,1866.7099609375,1866.1700439453125,1866.5699462890625,9649152
1785538800000,1866.4200439453125,1866.800048828125,1866.010009765625,1866.010009765625,0
1785539100000,1866,1866.6800537109375,1865.52001953125,1866.3299560546875,0
1785539400000,1866.1800537109375,1866.1800537109375,1864.8399658203125,1865.3399658203125,1954816
1785539700000,1865.3299560546875,1866,1865.280029296875,1865.9100341796875,0
1785540000000,1865.989990234375,1867.1600341796875,1865.9000244140625,1867.1600341796875,45780992
1785540300000,1867.1300048828125,1867.1300048828125,1866.02001953125,1866.02001953125,1937408
1785540600000,1866.3499755859375,1866.8499755859375,1865.5400390625,1865.5400390625,0
1785540900000,1865.5400390625,1867.199951171875,1865.5400390625,1866.3399658203125,0
1785541200000,1866.3599853515625,1866.5899658203125,1866.280029296875,1866.5899658203125,7396352
1785541500000,1866.75,1867.2099609375,1866.449951171875,1867.0799560546875,0
1785541800000,1867.0899658203125,1867.7900390625,1867.0799560546875,1867.5400390625,0
1785542100000,1867.6099853515625,1868.1199951171875,1867.18994140625,1868.0899658203125,0
