ts,open,high,low,close,volume
1788220800000,1.3541145324707031,1.3542795181274414,1.3541145324707031,1.3542795181274414,0
1788221100000,1.3542795181274414,1.3542795181274414,1.3541145324707031,1.3541145324707031,0
1788221400000,1.3540961742401123,1.3541878461837769,1.3540961742401123,1.3541878461837769,0
1788221700000,1.354169487953186,1.354169487953186,1.3540594577789307,1.3541145324707031,0
1788222000000,1.354132890701294,1.354169487953186,1.3540778160095215,1.3541511297225952,0
1788222300000,1.354169487953186,1.354169487953186,1.3539495468139648,1.3539495468139648,0
1788222600000,1.353931188583374,1.3540228605270386,1.353931188583374,1.3540228605270386,0
1788222900000,1.3540228605270386,1.3540228605270386,1.353931188583374,1.353931188583374,0
1788223200000,1.353931188583374,1.3540594577789307,1.3538578748703003,1.3540228605270386,0
1788223500000,1.3540961742401123,1.3540961742401123,1.3540045022964478,1.3540045022964478,0
1788223800000,1.3541145324707031,1.354224443435669,1.3540594577789307,1.3541511297225952,0
1788224100000,1.3542062044143677,1.3543529510498047,1.354132890701294,1.3543529510498047,0
1788224400000,1.3542977571487427,1.354628086090088,1.3542977571487427,1.354628086090088,0
1788224700000,1.3546464443206787,1.3547382354736328,1.354628086090088,1.354628086090088,0
1788225000000,1.354609727859497,1.3547382354736328,1.354609727859497,1.354719877243042,0
1788225300000,1.354628086090088,1.354628086090088,1.3544262647628784,1.3544262647628784,0
1788225600000,1.3544262647628784,1.3545180559158325,1.3544262647628784,1.3544996976852417,0
1788225900000,1.3545546531677246,1.3546831607818604,1.3545546531677246,1.3546831607818604,0
1788226200000,1.3547382354736328,1.3547382354736328,1.354628086090088,1.3546464443206787,0
1788226500000,1.3547013998031616,1.3548483848571777,1.3546648025512695,1.354830026626587,0
1788226800000,1.3547382354736328,1.354830026626587,1.354719877243042,1.354719877243042,0
1788227100000,1.354719877243042,1.3549401760101318,1.354719877243042,1.354921817779541,0
1788227400000,1.3549401760101318,1.3549401760101318,1.3548115491867065,1.3549033403396606,0
1788227700000,1.3548483848571777,1.3548483848571777,1.354719877243042,1.3547565937042236,0
1788228000000,1.3545364141464233,1.354609727859497,1.3544262647628784,1.3544996976852417,0
1788228300000,1.3547013998031616,1.3547013998031616,1.3545364141464233,1.3545364141464233,0
1788228600000,1.3544996976852417,1.3545730113983154,1.3544996976852417,1.3544996976852417,0
1788228900000,1.3545913696289062,1.354628086090088,1.3542428016662598,1.3542428016662598,0
1788229200000,1.3542062044143677,1.3542062044143677,1.3540412187576294,1.3540412187576294,0
1788229500000,1.3539495468139648,1.3539495468139648,1.353637933731079,1.353637933731079,0
1788229800000,1.353637933731079,1.3538578748703003,1.353637933731079,1.3538578748703003,0
1788230100000,1.3538578748703003,1.3540961742401123,1.3538211584091187,1.3540961742401123,0
1788230400000,1.3541878461837769,1.3543345928192139,1.354132890701294,1.3543345928192139,0
1788230700000,1.3543345928192139,1.3543345928192139,1.3540412187576294,1.3540412187576294,0
1788231000000,1.3540594577789307,1.354132890701294,1.3540228605270386,1.354132890701294,0
1788231300000,1.3541145324707031,1.3541511297225952,1.3541145324707031,1.3541511297225952,0
1788231600000,1.354169487953186,1.3542611598968506,1.3540412187576294,1.3540412187576294,0
1788231900000,1.3540594577789307,1.3540778160095215,1.3540412187576294,1.3540778160095215,0
1788232200000,1.3541145324707031,1.3541145324707031,1.3540594577789307,1.3541145324707031,0
1788232500000,1.3541878461837769,1.3542062044143677,1.3540412187576294,1.3540594577789307,0
1788232800000,1.3540961742401123,1.3541145324707031,1.3535646200180054,1.3535646200180054,0
1788233100000,1.3536012172698975,1.3536561727523804,1.3535280227661133,1.3535462617874146,0
1788233400000,1.3534363508224487,1.3534547090530396,1.353363037109375,1.353363037109375,0
1788233700000,1.3533082008361816,1.3533265590667725,1.3532531261444092,1.3532531261444092,0
1788234000000,1.3532898426055908,1.353363037109375,1.3532898426055908,1.3532898426055908,0
1788234300000,1.353234887123108,1.3537662029266357,1.353234887123108,1.3536561727523804,0
1788234600000,1.3535462617874146,1.3536561727523804,1.3535096645355225,1.3536561727523804,0
1788234900000,1.3537112474441528,1.3537112474441528,1.3535462617874146,1.3536745309829712,0
1788235200000,1.3535462617874146,1.3535462617874146,1.3533997535705566,1.3535280227661133,0
1788235500000,1.3537296056747437,1.3537296056747437,1.353271484375,1.353271484375,0
1788235800000,1.353051781654358,1.3533265590667725,1.3530151844024658,1.3531616926193237,0
1788236100000,1.3531982898712158,1.3534914255142212,1.3531982898712158,1.3534914255142212,0
1788236400000,1.3535828590393066,1.3535828590393066,1.353271484375,1.353271484375,0
1788236700000,1.353234887123108,1.3535462617874146,1.353234887123108,1.3535462617874146,0
1788237000000,1.3531616926193237,1.3534547090530396,1.3531616926193237,1.3532166481018066,0
1788237300000,1.353363037109375,1.3537662029266357,1.3533082008361816,1.3537296056747437,0
1788237600000,1.3539495468139648,1.3540412187576294,1.3538029193878174,1.3540412187576294,0
1788237900000,1.3541878461837769,1.3541878461837769,1.3540961742401123,1.354132890701294,0
1788238200000,1.3540228605270386,1.3540228605270386,1.3538211584091187,1.3538944721221924,0
1788238500000,1.3540045022964478,1.3542062044143677,1.3538029193878174,1.3542062044143677,0
1788238800000,1.3541878461837769,1.3541878461837769,1.3540228605270386,1.354132890701294,0
1788239100000,1.3542062044143677,1.3543529510498047,1.3541145324707031,1.3543529510498047,0
1788239400000,1.3543895483016968,1.3544079065322876,1.3542977571487427,1.3542977571487427,0
1788239700000,1.3542795181274414,1.3544446229934692,1.3542795181274414,1.3544262647628784,0
1788240000000,1.3545180559158325,1.3545546531677246,1.3542795181274414,1.3545546531677246,0
1788240300000,1.3546648025512695,1.3546648025512695,1.3544812202453613,1.3544812202453613,0
1788240600000,1.3544262647628784,1.3546831607818604,1.3543895483016968,1.3546831607818604,0
1788240900000,1.354719877243042,1.354719877243042,1.3545913696289062,1.3546831607818604,0
1788241200000,1.3547931909561157,1.354830026626587,1.354609727859497,1.354609727859497,0
1788241500000,1.3544996976852417,1.3547013998031616,1.3544996976852417,1.3544996976852417,0
1788241800000,1.3543895483016968,1.3543895483016968,1.3543529510498047,1.3543713092803955,0
1788242100000,1.3543895483016968,1.3543895483016968,1.3540045022964478,1.3540045022964478,0
1788242400000,1.3540594577789307,1.354224443435669,1.3539128303527832,1.3539128303527832,0
1788242700000,1.3540594577789307,1.3541878461837769,1.3539495468139648,1.3539495468139648,0
1788243000000,1.3541145324707031,1.354316234588623,1.3541145324707031,1.3542428016662598,0
1788243300000,1.3542795181274414,1.3543895483016968,1.354132890701294,1.3541878461837769,0
1788243600000,1.354224443435669,1.3543713092803955,1.354224443435669,1.3543345928192139,0
1788243900000,1.3543529510498047,1.3543529510498047,1.3541878461837769,1.3541878461837769,0
1788244200000,1.354169487953186,1.354169487953186,1.3539128303527832,1.3539128303527832,0
1788244500000,1.3539128303527832,1.353986144065857,1.3538762331008911,1.3538762331008911,0
1788244800000,1.3537296056747437,1.3537296056747437,1.3535462617874146,1.3535462617874146,0
1788245100000,1.3535096645355225,1.3537296056747437,1.3534914255142212,1.3537296056747437,0
1788245400000,1.353747844696045,1.353747844696045,1.3534730672836304,1.3534730672836304,0
1788245700000,1.3534363508224487,1.3535646200180054,1.3534363508224487,1.3535646200180054,0
1788246000000,1.3532898426055908,1.3533082008361816,1.3531982898712158,1.3532166481018066,0
1788246300000,1.3530884981155396,1.3535096645355225,1.3530884981155396,1.3535096645355225,0
1788246600000,1.3534730672836304,1.3536012172698975,1.3533265590667725,1.3533265590667725,0
1788246900000,1.3533447980880737,1.3535828590393066,1.3533265590667725,1.3535828590393066,0
1788247200000,1.3536745309829712,1.3537112474441528,1.3534547090530396,1.3537112474441528,0
1788247500000,1.3535828590393066,1.3537662029266357,1.3535828590393066,1.3537662029266357,0
1788247800000,1.3539495468139648,1.3539495468139648,1.3537845611572266,1.3537845611572266,0
1788248100000,1.3536195755004883,1.3538211584091187,1.3536195755004883,1.3537296056747437,0
1788248400000,1.3537296056747437,1.3538762331008911,1.3536745309829712,1.3538578748703003,0
1788248700000,1.3538029193878174,1.3538029193878174,1.3537112474441528,1.3537112474441528,0
1788249000000,1.3536012172698975,1.3537296056747437,1.3535462617874146,1.3535462617874146,0
1788249300000,1.3534914255142212,1.3536195755004883,1.3534914255142212,1.3536012172698975,0
1788249600000,1.3534914255142212,1.3534914255142212,1.3533447980880737,1.3533813953399658,0
1788249900000,1.353271484375,1.3533265590667725,1.353051781654358,1.353051781654358,0
1788250200000,1.3530884981155396,1.353179931640625,1.3529785871505737,1.353179931640625,0
1788250500000,1.3532166481018066,1.3535096645355225,1.3532166481018066,1.3535096645355225,0
1788250800000,1.353271484375,1.3533265590667725,1.3532166481018066,1.3533265590667725,0
1788251100000,1.3535280227661133,1.3536012172698975,1.353363037109375,1.353363037109375,0
1788251400000,1.3534363508224487,1.3534730672836304,1.3533997535705566,1.3533997535705566,0
1788251700000,1.3531616926193237,1.353234887123108,1.353143334388733,1.353234887123108,0
1788252000000,1.3530884981155396,1.3531982898712158,1.3530701398849487,1.3531982898712158,0
1788252300000,1.3531982898712158,1.3534914255142212,1.3531982898712158,1.3532898426055908,0
1788252600000,1.3532898426055908,1.3532898426055908,1.3531067371368408,1.3531250953674316,0
1788252900000,1.353143334388733,1.3532166481018066,1.353051781654358,1.3530701398849487,0
1788253200000,1.3528138399124146,1.3528138399124146,1.352649211883545,1.352649211883545,0
1788253500000,1.3528138399124146,1.3530701398849487,1.3528138399124146,1.3530701398849487,0
1788253800000,1.353033423423767,1.353033423423767,1.3528138399124146,1.3529237508773804,0
1788254100000,1.353051781654358,1.3533265590667725,1.353051781654358,1.3533265590667725,0
1788254400000,1.3532531261444092,1.3532531261444092,1.3531250953674316,1.3532166481018066,0
1788254700000,1.353234887123108,1.3535462617874146,1.353234887123108,1.3535462617874146,0
1788255000000,1.3537662029266357,1.3539679050445557,1.3537662029266357,1.3539679050445557,0
1788255300000,1.3538762331008911,1.3540228605270386,1.3538211584091187,1.3538944721221924,0
1788255600000,1.3540961742401123,1.3545364141464233,1.3540961742401123,1.3545364141464233,0
1788255900000,1.3541511297225952,1.3541511297225952,1.353692889213562,1.353692889213562,0
1788256200000,1.353986144065857,1.3540778160095215,1.3538762331008911,1.3540594577789307,0
1788256500000,1.3541878461837769,1.3545546531677246,1.3540961742401123,1.3545546531677246,0
1788256800000,1.3543713092803955,1.354830026626587,1.3543713092803955,1.354628086090088,0
1788257100000,1.3546648025512695,1.3551971912384033,1.3546648025512695,1.3550870418548584,0
1788257400000,1.3550136089324951,1.3552155494689941,1.3550136089324951,1.3551052808761597,0
1788257700000,1.354958415031433,1.354958415031433,1.354719877243042,1.3548115491867065,0
1788258000000,1.354958415031433,1.354976773262024,1.3548115491867065,1.354958415031433,0
1788258300000,1.3548483848571777,1.3548483848571777,1.3542795181274414,1.3542795181274414,0
1788258600000,1.3542062044143677,1.3544812202453613,1.3542062044143677,1.3542795181274414,0
1788258900000,1.3542795181274414,1.3543895483016968,1.3542795181274414,1.3543895483016968,0
1788259200000,1.3541511297225952,1.3542977571487427,1.3541511297225952,1.3542795181274414,0
1788259500000,1.3544996976852417,1.3544996976852417,1.354132890701294,1.354132890701294,0
1788259800000,1.3538395166397095,1.3540228605270386,1.3537845611572266,1.3539679050445557,0
1788260100000,1.3540961742401123,1.3540961742401123,1.3537845611572266,1.3537845611572266,0
1788260400000,1.3540045022964478,1.3540045022964478,1.3531982898712158,1.3531982898712158,0
1788260700000,1.3533082008361816,1.3534914255142212,1.3532531261444092,1.3534914255142212,0
1788261000000,1.3536561727523804,1.3536561727523804,1.3532898426055908,1.3532898426055908,0
1788261300000,1.353234887123108,1.353271484375,1.3529237508773804,1.3531250953674316,0
1788261600000,1.3531250953674316,1.3531250953674316,1.3528504371643066,1.3528504371643066,0
1788261900000,1.3526674509048462,1.3529419898986816,1.352594256401062,1.3529419898986816,0
1788262200000,1.3528321981430054,1.3528321981430054,1.3527040481567383,1.3527772426605225,0
1788262500000,1.352960228919983,1.352960228919983,1.3527590036392212,1.352868676185608,0
1788262800000,1.3529419898986816,1.3529419898986816,1.3527406454086304,1.3529237508773804,0
1788263100000,1.352868676185608,1.352868676185608,1.3527772426605225,1.3527772426605225,0
1788263400000,1.3528138399124146,1.3528138399124146,1.3527040481567383,1.3527040481567383,0
1788263700000,1.3527040481567383,1.3527772426605225,1.3524478673934937,1.3527772426605225,0
1788264000000,1.3528321981430054,1.3528321981430054,1.3526674509048462,1.352685809135437,0
1788264300000,1.352630853652954,1.3527040481567383,1.3526124954223633,1.352649211883545,0
1788264600000,1.3526124954223633,1.3527954816818237,1.3526124954223633,1.3527406454086304,0
1788264900000,1.3527954816818237,1.3527954816818237,1.3524662256240845,1.3524662256240845,0
1788265200000,1.3522101640701294,1.352594256401062,1.3522101640701294,1.3524662256240845,0
1788265500000,1.3525211811065674,1.35255765914917,1.3523015975952148,1.3523930311203003,0
1788265800000,1.352338194847107,1.3524113893508911,1.3523198366165161,1.3523198366165161,0
1788266100000,1.352338194847107,1.352649211883545,1.352338194847107,1.352649211883545,0
1788266400000,1.3527222871780396,1.3527222871780396,1.3522833585739136,1.3522833585739136,0
1788266700000,1.3523198366165161,1.3523198366165161,1.3519177436828613,1.3519177436828613,0
1788267000000,1.351990818977356,1.351990818977356,1.3517898321151733,1.351807951927185,0
1788267300000,1.3517167568206787,1.3517167568206787,1.3515522480010986,1.3515522480010986,0
1788267600000,1.351515769958496,1.3516618013381958,1.351515769958496,1.351607084274292,0
1788267900000,1.3515887260437012,1.3517898321151733,1.3515887260437012,1.3517898321151733,0
1788268200000,1.3517898321151733,1.3517898321151733,1.351643681526184,1.3517167568206787,0
1788268500000,1.3516253232955933,1.3516253232955933,1.3514792919158936,1.3515340089797974,0
1788268800000,1.3516618013381958,1.3517898321151733,1.351643681526184,1.3517898321151733,0
1788269100000,1.351607084274292,1.351990818977356,1.351607084274292,1.351990818977356,0
1788269400000,1.3521004915237427,1.3521369695663452,1.351607084274292,1.351607084274292,0
1788269700000,1.3517898321151733,1.3517898321151733,1.351643681526184,1.351643681526184,0
1788270000000,1.3515887260437012,1.3515887260437012,1.3514609336853027,1.351515769958496,0
1788270300000,1.3514974117279053,1.3514974117279053,1.3512418270111084,1.3513513803482056,0
1788270600000,1.3513330221176147,1.3514974117279053,1.3513330221176147,1.3514974117279053,0
1788270900000,1.3514426946640015,1.3514426946640015,1.3513696193695068,1.351387858390808,0
1788271200000,1.3514243364334106,1.3516618013381958,1.3514243364334106,1.351515769958496,0
1788271500000,1.3514974117279053,1.3514974117279053,1.3513696193695068,1.3513696193695068,0
1788271800000,1.3513330221176147,1.3513330221176147,1.3512965440750122,1.3512965440750122,0
1788272100000,1.351186990737915,1.3513696193695068,1.351186990737915,1.3513696193695068,0
1788272400000,1.3514426946640015,1.3514426946640015,1.3513330221176147,1.3513330221176147,0
1788272700000,1.3512965440750122,1.3512965440750122,1.3510956764221191,1.3510956764221191,0
1788273000000,1.351022720336914,1.3510409593582153,1.3509680032730103,1.351022720336914,0
1788273300000,1.3510409593582153,1.3510409593582153,1.3507490158081055,1.3507490158081055,0
1788273600000,1.3508037328720093,1.3509314060211182,1.350712537765503,1.3509314060211182,0
1788273900000,1.3510043621063232,1.3512052297592163,1.3509862422943115,1.3512052297592163,0
1788274200000,1.3512418270111084,1.3514426946640015,1.3512418270111084,1.3514243364334106,0
1788274500000,1.351314902305603,1.3514426946640015,1.351314902305603,1.3514426946640015,0
1788274800000,1.3514609336853027,1.3514974117279053,1.351314902305603,1.3514974117279053,0
1788275100000,1.3515887260437012,1.3515887260437012,1.3514792919158936,1.3515522480010986,0
1788275400000,1.3515522480010986,1.3515704870224,1.351515769958496,1.3515340089797974,0
1788275700000,1.3516253232955933,1.3516253232955933,1.3514974117279053,1.351515769958496,0
1788276000000,1.3513513803482056,1.3514974117279053,1.3513513803482056,1.3514426946640015,0
1788276300000,1.3514060974121094,1.3514426946640015,1.3513513803482056,1.351387858390808,0
1788276600000,1.3514792919158936,1.3514792919158936,1.351314902305603,1.351314902305603,0
1788276900000,1.3512600660324097,1.3512600660324097,1.3511687517166138,1.351186990737915,0
1788277200000,1.3511687517166138,1.3512052297592163,1.3511322736740112,1.3511322736740112,0
1788277500000,1.3510775566101074,1.3511687517166138,1.3510409593582153,1.3511505126953125,0
1788277800000,1.3512418270111084,1.351387858390808,1.3512052297592163,1.3512052297592163,0
1788278100000,1.3512418270111084,1.3512418270111084,1.3511687517166138,1.3512052297592163,0
1788278400000,1.3510409593582153,1.3511505126953125,1.3510409593582153,1.3511505126953125,0
1788278700000,1.3511687517166138,1.3512600660324097,1.3511687517166138,1.3512600660324097,0
1788279000000,1.3511505126953125,1.3511505126953125,1.35111403465271,1.35111403465271,0
1788279300000,1.351022720336914,1.3511505126953125,1.3510043621063232,1.3511505126953125,0
1788279600000,1.351186990737915,1.3512235879898071,1.3510956764221191,1.3512235879898071,0
1788279900000,1.3512418270111084,1.351278305053711,1.3512235879898071,1.351278305053711,0
1788280200000,1.3512052297592163,1.351314902305603,1.3512052297592163,1.3512235879898071,0
1788280500000,1.351278305053711,1.3512965440750122,1.3512600660324097,1.3512965440750122,0
1788280800000,1.3513330221176147,1.3514974117279053,1.3513330221176147,1.3514792919158936,0
1788281100000,1.3514792919158936,1.3516618013381958,1.3514426946640015,1.3516618013381958,0
1788281400000,1.3515887260437012,1.3516253232955933,1.3515340089797974,1.3515340089797974,0
1788281700000,1.3516618013381958,1.3517532348632812,1.351607084274292,1.3516618013381958,0
1788282000000,1.3513696193695068,1.3514974117279053,1.3510956764221191,1.3514060974121094,0
1788282300000,1.3515340089797974,1.3519543409347534,1.3515340089797974,1.351643681526184,0
1788282600000,1.3515522480010986,1.3518263101577759,1.3515522480010986,1.3518263101577759,0
1788282900000,1.3514792919158936,1.3520456552505493,1.3514792919158936,1.3516253232955933,0
1788283200000,1.3516253232955933,1.3517532348632812,1.3515340089797974,1.3515340089797974,0
1788283500000,1.3515522480010986,1.351862907409668,1.3515522480010986,1.3516618013381958,0
1788283800000,1.3516253232955933,1.3516801595687866,1.3514974117279053,1.3514974117279053,0
1788284100000,1.351515769958496,1.351643681526184,1.351515769958496,1.351643681526184,0
1788284400000,1.3515522480010986,1.3515522480010986,1.3513513803482056,1.3513513803482056,0
1788284700000,1.3513513803482056,1.351607084274292,1.3513513803482056,1.351607084274292,0
1788285000000,1.3514792919158936,1.3518993854522705,1.3514792919158936,1.3518993854522705,0
1788285300000,1.3515887260437012,1.3518263101577759,1.3515887260437012,1.3516618013381958,0
1788285600000,1.3518993854522705,1.3518993854522705,1.3515522480010986,1.3517898321151733,0
1788285900000,1.3517714738845825,1.3518811464309692,1.3517532348632812,1.3517532348632812,0
1788286200000,1.3517167568206787,1.351862907409668,1.3517167568206787,1.351862907409668,0
1788286500000,1.3518445491790771,1.3518993854522705,1.3518445491790771,1.3518993854522705,0
1788286800000,1.351990818977356,1.351990818977356,1.3518811464309692,1.3518993854522705,0
1788287100000,1.351862907409668,1.351862907409668,1.351643681526184,1.351643681526184,0
1788287400000,1.351643681526184,1.3517167568206787,1.3515704870224,1.351643681526184,0
1788287700000,1.3516618013381958,1.3517167568206787,1.3514609336853027,1.3517167568206787,0
1788288000000,1.3516618013381958,1.3516801595687866,1.3515340089797974,1.3515340089797974,0
1788288300000,1.3515522480010986,1.3515887260437012,1.3515522480010986,1.3515887260437012,0
1788288600000,1.351607084274292,1.351607084274292,1.3515522480010986,1.3515522480010986,0
1788288900000,1.3515522480010986,1.3516253232955933,1.3515522480010986,1.3515704870224,0
1788289200000,1.351515769958496,1.351607084274292,1.351515769958496,1.3515340089797974,0
1788289500000,1.3515887260437012,1.3515887260437012,1.351515769958496,1.351515769958496,0
1788289800000,1.3515340089797974,1.3515887260437012,1.3514609336853027,1.351515769958496,0
1788290100000,1.3514974117279053,1.351515769958496,1.3514792919158936,1.3514792919158936,0
1788290400000,1.3514974117279053,1.351607084274292,1.3514974117279053,1.351607084274292,0
1788290700000,1.3514792919158936,1.351515769958496,1.3514792919158936,1.351515769958496,0
1788291000000,1.3515340089797974,1.3515340089797974,1.3514792919158936,1.3514974117279053,0
1788291300000,1.3515340089797974,1.351607084274292,1.3515340089797974,1.3515887260437012,0
1788291600000,1.351607084274292,1.3516618013381958,1.351607084274292,1.3516618013381958,0
1788291900000,1.351643681526184,1.3516801595687866,1.3516253232955933,1.351643681526184,0
1788292200000,1.351698398590088,1.351698398590088,1.3515340089797974,1.3515340089797974,0
1788292500000,1.3514609336853027,1.3515704870224,1.351387858390808,1.351387858390808,0
1788292800000,1.3513330221176147,1.3515340089797974,1.3513330221176147,1.3514792919158936,0
1788293100000,1.351387858390808,1.351387858390808,1.351022720336914,1.35111403465271,0
1788293400000,1.35111403465271,1.3511322736740112,1.351022720336914,1.3511322736740112,0
1788293700000,1.3511322736740112,1.3512052297592163,1.35111403465271,1.35111403465271,0
1788294000000,1.351022720336914,1.351387858390808,1.351022720336914,1.3512235879898071,0
1788294300000,1.351186990737915,1.351186990737915,1.3509496450424194,1.351022720336914,0
1788294600000,1.351022720336914,1.3511505126953125,1.3509680032730103,1.3511505126953125,0
1788294900000,1.351186990737915,1.3512052297592163,1.3510956764221191,1.35111403465271,0
1788295200000,1.3510591983795166,1.3512600660324097,1.3510591983795166,1.3512600660324097,0
1788295500000,1.351186990737915,1.3512235879898071,1.3508949279785156,1.3508949279785156,0
1788295800000,1.3508037328720093,1.351022720336914,1.3508037328720093,1.3509862422943115,0
1788296100000,1.3508403301239014,1.3508766889572144,1.3507671356201172,1.3507671356201172,0
1788296400000,1.3508403301239014,1.3508403301239014,1.3506760597229004,1.3506760597229004,0
1788296700000,1.3506031036376953,1.3506578207015991,1.350548267364502,1.350548267364502,0
1788297000000,1.3506578207015991,1.3506760597229004,1.3504753112792969,1.350511908531189,0
1788297300000,1.350621223449707,1.3507490158081055,1.350621223449707,1.3506578207015991,0
1788297600000,1.3507307767868042,1.3507671356201172,1.3506395816802979,1.350712537765503,0
1788297900000,1.3508219718933105,1.3508219718933105,1.3508037328720093,1.3508219718933105,0
1788298200000,1.3505666255950928,1.3507671356201172,1.3505666255950928,1.3506760597229004,0
1788298500000,1.3505666255950928,1.3505666255950928,1.3503841161727905,1.350511908531189,0
1788298800000,1.3504570722579956,1.3505666255950928,1.3504570722579956,1.350511908531189,0
1788299100000,1.350548267364502,1.350548267364502,1.3504024744033813,1.350511908531189,0
1788299400000,1.3504389524459839,1.3504389524459839,1.3503295183181763,1.3503295183181763,0
1788299700000,1.3504207134246826,1.350548267364502,1.3503658771514893,1.350548267364502,0
1788300000000,1.3502200841903687,1.350311279296875,1.3501653671264648,1.350311279296875,0
1788300300000,1.3503477573394775,1.3503477573394775,1.35023832321167,1.3503295183181763,0
1788300600000,1.3504389524459839,1.3506395816802979,1.3504389524459839,1.350621223449707,0
1788300900000,1.3507490158081055,1.3507490158081055,1.350694179534912,1.350712537765503,0
1788301200000,1.3508037328720093,1.3508037328720093,1.3504207134246826,1.3504389524459839,0
1788301500000,1.3505300283432007,1.3506395816802979,1.3505300283432007,1.350621223449707,0
1788301800000,1.3506031036376953,1.350712537765503,1.3505300283432007,1.350712537765503,0
1788302100000,1.3506578207015991,1.3507490158081055,1.3506031036376953,1.3507490158081055,0
1788302400000,1.3508037328720093,1.350858449935913,1.350785493850708,1.350785493850708,0
1788302700000,1.3508037328720093,1.3508219718933105,1.3507671356201172,1.3508037328720093,0
1788303000000,1.3507307767868042,1.3507490158081055,1.3506578207015991,1.3507307767868042,0
1788303300000,1.3507671356201172,1.3507671356201172,1.3507307767868042,1.3507307767868042,0
1788303600000,1.3507490158081055,1.350785493850708,1.3507307767868042,1.3507671356201172,0
1788303900000,1.3506395816802979,1.3508037328720093,1.3506395816802979,1.3508037328720093,0
1788304200000,1.350785493850708,1.350785493850708,1.350621223449707,1.350621223449707,0
1788304500000,1.350548267364502,1.3506578207015991,1.350548267364502,1.3505666255950928,0
1788304800000,1.350621223449707,1.350621223449707,1.3504207134246826,1.350511908531189,0
1788305100000,1.350548267364502,1.350548267364502,1.3504024744033813,1.3504024744033813,0
1788305400000,1.3504570722579956,1.3504570722579956,1.3504024744033813,1.3504024744033813,0
1788305700000,1.3502748012542725,1.3503477573394775,1.35023832321167,1.3503295183181763,0
1788306000000,1.3503295183181763,1.3503295183181763,1.3501653671264648,1.3501836061477661,0
1788306300000,1.350311279296875,1.350311279296875,1.3502929210662842,1.3502929210662842,0
1788306600000,1.350201964378357,1.3502929210662842,1.350201964378357,1.3502200841903687,0
1788306900000,1.3502200841903687,1.350311279296875,1.3502200841903687,1.350311279296875,0
1788307200000,1.350311279296875,1.350311279296875,1.3501107692718506,1.3501107692718506,0
1788307500000,1.3501471281051636,1.3501471281051636,1.3500195741653442,1.3500195741653442,0
1788307800000,1.3500378131866455,1.3500925302505493,1.3500195741653442,1.350074291229248,0
1788308100000,1.3500925302505493,1.3501288890838623,1.3500195741653442,1.3500195741653442,0
1788308400000,1.3500559329986572,1.3500559329986572,1.3498737812042236,1.3500195741653442,0
1788308700000,1.3499830961227417,1.3499830961227417,1.349892020225525,1.3499102592468262,0
1788309000000,1.349892020225525,1.3499648571014404,1.349837303161621,1.349837303161621,0
1788309300000,1.349892020225525,1.3499102592468262,1.349837303161621,1.349837303161621,0
1788309600000,1.3499284982681274,1.3499648571014404,1.3498737812042236,1.3498737812042236,0
1788309900000,1.349892020225525,1.3499102592468262,1.3497098684310913,1.3497098684310913,0
1788310200000,1.3497098684310913,1.3498737812042236,1.3497098684310913,1.3498737812042236,0
1788310500000,1.349800944328308,1.349800944328308,1.3497098684310913,1.3497098684310913,0
1788310800000,1.3497098684310913,1.3497098684310913,1.3495640754699707,1.3495640754699707,0
1788311100000,1.3495277166366577,1.349727988243103,1.3495277166366577,1.349727988243103,0
1788311400000,1.3497462272644043,1.3499467372894287,1.3497462272644043,1.3499467372894287,0
1788311700000,1.3500195741653442,1.350074291229248,1.350001335144043,1.350001335144043,0
1788312000000,1.3500378131866455,1.3502200841903687,1.3500378131866455,1.3501471281051636,0
1788312300000,1.3500378131866455,1.3502748012542725,1.3500378131866455,1.3502748012542725,0
1788312600000,1.3504024744033813,1.3504389524459839,1.3502565622329712,1.3503295183181763,0
1788312900000,1.350311279296875,1.350311279296875,1.350074291229248,1.350074291229248,0
1788313200000,1.3501107692718506,1.3502200841903687,1.3501107692718506,1.3502200841903687,0
1788313500000,1.3502748012542725,1.350311279296875,1.350201964378357,1.350201964378357,0
1788313800000,1.3501288890838623,1.3504024744033813,1.3501288890838623,1.3504024744033813,0
1788314100000,1.3504024744033813,1.350511908531189,1.350311279296875,1.350311279296875,0
1788314400000,1.3501288890838623,1.3504207134246826,1.3501288890838623,1.3503295183181763,0
1788314700000,1.3503477573394775,1.3504389524459839,1.3502929210662842,1.3504389524459839,0
1788315000000,1.350548267364502,1.3506395816802979,1.3504570722579956,1.3504570722579956,0
1788315300000,1.3503295183181763,1.3504570722579956,1.3501288890838623,1.350201964378357,0
1788315600000,1.3502748012542725,1.3507490158081055,1.3502748012542725,1.3507490158081055,0
1788315900000,1.3507490158081055,1.3508403301239014,1.3504570722579956,1.3504570722579956,0
1788316200000,1.3504570722579956,1.350511908531189,1.3504570722579956,1.3504936695098877,0
1788316500000,1.3504936695098877,1.3504936695098877,1.3502929210662842,1.3504570722579956,0
1788316800000,1.3504207134246826,1.350621223449707,1.3504207134246826,1.3505300283432007,0
1788317100000,1.3504753112792969,1.3504753112792969,1.3499467372894287,1.3500195741653442,0
1788317400000,1.3498555421829224,1.3498555421829224,1.3496551513671875,1.3496551513671875,0
1788317700000,1.3496551513671875,1.349727988243103,1.3493820428848267,1.3493820428848267,0
1788318000000,1.3496187925338745,1.3496187925338745,1.3492181301116943,1.3492181301116943,0
1788318300000,1.3492181301116943,1.349545955657959,1.3492181301116943,1.349545955657959,0
1788318600000,1.3496005535125732,1.3499830961227417,1.3496005535125732,1.3499830961227417,0
1788318900000,1.3499467372894287,1.3504936695098877,1.3499467372894287,1.3504936695098877,0
1788319200000,1.350311279296875,1.350694179534912,1.350311279296875,1.350694179534912,0
1788319500000,1.3504936695098877,1.350712537765503,1.3504207134246826,1.3504389524459839,0
1788319800000,1.3504570722579956,1.3509496450424194,1.3504570722579956,1.3509314060211182,0
1788320100000,1.3509132862091064,1.3512418270111084,1.3509132862091064,1.3512418270111084,0
1788320400000,1.3510956764221191,1.3510956764221191,1.3508403301239014,1.3508949279785156,0
1788320700000,1.3510409593582153,1.3510775566101074,1.3509862422943115,1.351022720336914,0
1788321000000,1.3509680032730103,1.3510591983795166,1.3509314060211182,1.3510591983795166,0
1788321300000,1.3510043621063232,1.3511505126953125,1.3509862422943115,1.3511505126953125,0
1788321600000,1.3511687517166138,1.3514426946640015,1.3511687517166138,1.3514426946640015,0
1788321900000,1.3514243364334106,1.3514243364334106,1.3513330221176147,1.3513696193695068,0
1788322200000,1.3513513803482056,1.3513513803482056,1.3511322736740112,1.3512052297592163,0
1788322500000,1.3510956764221191,1.3513513803482056,1.3510956764221191,1.3511322736740112,0
1788322800000,1.3510956764221191,1.351278305053711,1.3510775566101074,1.351186990737915,0
1788323100000,1.3511322736740112,1.3512600660324097,1.3510775566101074,1.3510956764221191,0
1788323400000,1.3510043621063232,1.351022720336914,1.3509496450424194,1.3509496450424194,0
1788323700000,1.3509132862091064,1.351278305053711,1.3509132862091064,1.351278305053711,0
1788324000000,1.351314902305603,1.3513330221176147,1.3512418270111084,1.3513330221176147,0
1788324300000,1.3513330221176147,1.3513330221176147,1.3511687517166138,1.3511687517166138,0
1788324600000,1.35111403465271,1.35111403465271,1.3506395816802979,1.3506395816802979,0
1788324900000,1.350584864616394,1.350584864616394,1.350201964378357,1.350201964378357,0
1788325200000,1.3501107692718506,1.3504389524459839,1.3500925302505493,1.3504389524459839,0
1788325500000,1.3506760597229004,1.3506760597229004,1.3502929210662842,1.350311279296875,0
1788325800000,1.3504024744033813,1.3504024744033813,1.3500925302505493,1.3501471281051636,0
1788326100000,1.3501471281051636,1.3502565622329712,1.3501471281051636,1.3502565622329712,0
1788326400000,1.3501836061477661,1.3501836061477661,1.3500378131866455,1.350074291229248,0
1788326700000,1.3500378131866455,1.3501107692718506,1.3499467372894287,1.3501107692718506,0
1788327000000,1.349837303161621,1.3499102592468262,1.349582314491272,1.349582314491272,0
1788327300000,1.349582314491272,1.349727988243103,1.349582314491272,1.3496187925338745,0
1788327600000,1.3494912385940552,1.3495094776153564,1.3494731187820435,1.3494731187820435,0
1788327900000,1.3494548797607422,1.3494548797607422,1.3493092060089111,1.349400281906128,0
1788328200000,1.3494184017181396,1.3494184017181396,1.34890878200531,1.34890878200531,0
1788328500000,1.349017858505249,1.349017858505249,1.348690390586853,1.3487086296081543,0
1788328800000,1.3488359451293945,1.3488359451293945,1.3484176397323608,1.3484176397323608,0
1788329100000,1.3483631610870361,1.3485448360443115,1.3483631610870361,1.3485448360443115,0
1788329400000,1.3485448360443115,1.3485448360443115,1.3483085632324219,1.3484176397323608,0
1788329700000,1.3482903242111206,1.3483085632324219,1.348126769065857,1.348126769065857,0
1788330000000,1.3482903242111206,1.3483085632324219,1.348126769065857,1.348126769065857,0
1788330300000,1.3483449220657349,1.3484176397323608,1.3482722043991089,1.3482722043991089,0
1788330600000,1.3483085632324219,1.3484539985656738,1.3481813669204712,1.3484539985656738,0
1788330900000,1.3483812808990479,1.3483812808990479,1.3481813669204712,1.348235845565796,0
1788331200000,1.3482176065444946,1.3482176065444946,1.3479268550872803,1.3479995727539062,0
1788331500000,1.3478360176086426,1.3479995727539062,1.3478360176086426,1.3479995727539062,0
1788331800000,1.3479087352752686,1.348090410232544,1.3478723764419556,1.348090410232544,0
1788332100000,1.3479633331298828,1.348435878753662,1.3479633331298828,1.348435878753662,0
1788332400000,1.348435878753662,1.348617672920227,1.3483994007110596,1.348617672920227,0
1788332700000,1.3485267162322998,1.348581314086914,1.3484903573989868,1.3484903573989868,0
1788333000000,1.3484539985656738,1.3488723039627075,1.3483631610870361,1.3488723039627075,0
1788333300000,1.3487086296081543,1.3487449884414673,1.3485630750656128,1.34865403175354,0
1788333600000,1.3486357927322388,1.3488359451293945,1.3486357927322388,1.3487813472747803,0
1788333900000,1.3485630750656128,1.3485630750656128,1.3483449220657349,1.3483994007110596,0
1788334200000,1.3481813669204712,1.3485267162322998,1.3481813669204712,1.3485267162322998,0
1788334500000,1.3483085632324219,1.3485995531082153,1.3483085632324219,1.3483266830444336,0
1788334800000,1.348508596420288,1.3488178253173828,1.348508596420288,1.3486722707748413,0
1788335100000,1.3487449884414673,1.3491089344024658,1.3487449884414673,1.3491089344024658,0
1788335400000,1.348981499671936,1.3491452932357788,1.3489269018173218,1.3491452932357788,0
1788335700000,1.3491089344024658,1.3491089344024658,1.3483994007110596,1.348508596420288,0
1788336000000,1.348508596420288,1.3487086296081543,1.348508596420288,1.3487086296081543,0
1788336300000,1.3488178253173828,1.3488723039627075,1.3483812808990479,1.3483812808990479,0
1788336600000,1.3483085632324219,1.3483449220657349,1.3481448888778687,1.3483449220657349,0
1788336900000,1.3482903242111206,1.3482903242111206,1.3479633331298828,1.3479633331298828,0
1788337200000,1.3484176397323608,1.3486722707748413,1.3484176397323608,1.3486722707748413,0
1788337500000,1.3485630750656128,1.3486722707748413,1.34816312789917,1.34816312789917,0
1788337800000,1.3479995727539062,1.3481086492538452,1.3479268550872803,1.3479268550872803,0
1788338100000,1.3479087352752686,1.3479087352752686,1.3477997779846191,1.3478178977966309,0
1788338400000,1.3478904962539673,1.3478904962539673,1.3477089405059814,1.3477815389633179,0
1788338700000,1.3478360176086426,1.3483266830444336,1.3478360176086426,1.3480178117752075,0
1788339000000,1.3480722904205322,1.3480722904205322,1.3476907014846802,1.3476907014846802,0
1788339300000,1.3477089405059814,1.3477089405059814,1.347563624382019,1.347563624382019,0
1788339600000,1.3476543426513672,1.3478723764419556,1.3475998640060425,1.3477270603179932,0
1788339900000,1.3477997779846191,1.3480178117752075,1.3477997779846191,1.3480178117752075,0
1788340200000,1.3478723764419556,1.348126769065857,1.3478723764419556,1.348126769065857,0
1788340500000,1.348199486732483,1.3486722707748413,1.348199486732483,1.3486722707748413,0
1788340800000,1.348726749420166,1.3492363691329956,1.348726749420166,1.3492363691329956,0
1788341100000,1.3497827053070068,1.3505300283432007,1.3497827053070068,1.3499284982681274,0
1788341400000,1.3501471281051636,1.3501471281051636,1.3494184017181396,1.3494731187820435,0
1788341700000,1.349800944328308,1.349800944328308,1.3494912385940552,1.349727988243103,0
1788342000000,1.349837303161621,1.350712537765503,1.349837303161621,1.350712537765503,0
1788342300000,1.3503295183181763,1.3504389524459839,1.3501471281051636,1.3501471281051636,0
1788342600000,1.3501836061477661,1.3509680032730103,1.3501836061477661,1.3509680032730103,0
1788342900000,1.3508219718933105,1.3512600660324097,1.350712537765503,1.3512600660324097,0
1788343200000,1.3512600660324097,1.3512600660324097,1.350511908531189,1.3510043621063232,0
1788343500000,1.3507490158081055,1.3507490158081055,1.3504207134246826,1.3504207134246826,0
1788343800000,1.350548267364502,1.3506031036376953,1.35023832321167,1.3503841161727905,0
1788344100000,1.350511908531189,1.350511908531189,1.3500195741653442,1.3500195741653442,0
1788344400000,1.3499830961227417,1.3501107692718506,1.3499830961227417,1.3500378131866455,0
1788344700000,1.3501471281051636,1.3503841161727905,1.3501471281051636,1.3503841161727905,0
1788345000000,1.3502565622329712,1.3502929210662842,1.3501107692718506,1.3502929210662842,0
1788345300000,1.350074291229248,1.3504207134246826,1.350074291229248,1.350311279296875,0
1788345600000,1.35023832321167,1.3503841161727905,1.3500925302505493,1.3502200841903687,0
1788345900000,1.3500559329986572,1.3501107692718506,1.350001335144043,1.3500378131866455,0
1788346200000,1.350712537765503,1.350712537765503,1.3498190641403198,1.3500195741653442,0
1788346500000,1.3502748012542725,1.3505300283432007,1.3502565622329712,1.3505300283432007,0
1788346800000,1.3504570722579956,1.3510591983795166,1.3504570722579956,1.3508037328720093,0
1788347100000,1.3509314060211182,1.3509680032730103,1.3506031036376953,1.3506031036376953,0
1788347400000,1.350511908531189,1.3506578207015991,1.3504024744033813,1.3504024744033813,0
1788347700000,1.350311279296875,1.3503658771514893,1.350311279296875,1.3503658771514893,0
1788348000000,1.350201964378357,1.3502929210662842,1.350001335144043,1.3502929210662842,0
1788348300000,1.3503841161727905,1.3505300283432007,1.3503841161727905,1.3505300283432007,0
1788348600000,1.3506760597229004,1.3506760597229004,1.3501471281051636,1.3501471281051636,0
1788348900000,1.3501653671264648,1.3502200841903687,1.3499284982681274,1.3502200841903687,0
1788349200000,1.350074291229248,1.350074291229248,1.3496005535125732,1.3496005535125732,0
1788349500000,1.349582314491272,1.3499467372894287,1.349582314491272,1.3497827053070068,0
1788349800000,1.349837303161621,1.349837303161621,1.349582314491272,1.3496005535125732,0
1788350100000,1.349545955657959,1.3501107692718506,1.349545955657959,1.3501107692718506,0
1788350400000,1.3503477573394775,1.3503477573394775,1.3501836061477661,1.3501836061477661,0
1788350700000,1.3501288890838623,1.3501653671264648,1.350001335144043,1.3500925302505493,0
1788351000000,1.3502200841903687,1.3503477573394775,1.3500378131866455,1.3503477573394775,0
1788351300000,1.3503841161727905,1.3503841161727905,1.35023832321167,1.3503295183181763,0
1788351600000,1.3503658771514893,1.3503658771514893,1.350001335144043,1.350001335144043,0
1788351900000,1.3500559329986572,1.3500559329986572,1.3496733903884888,1.3496733903884888,0
1788352200000,1.349727988243103,1.3499102592468262,1.349727988243103,1.3497644662857056,0
1788352500000,1.349837303161621,1.3498737812042236,1.3497827053070068,1.3498190641403198,0
1788352800000,1.349837303161621,1.349892020225525,1.3498190641403198,1.3498190641403198,0
1788353100000,1.3497827053070068,1.3499284982681274,1.34969162940979,1.34969162940979,0
1788353400000,1.349727988243103,1.3499102592468262,1.349727988243103,1.349837303161621,0
1788353700000,1.3498190641403198,1.3498190641403198,1.3495094776153564,1.3495094776153564,0
1788354000000,1.3495094776153564,1.3496370315551758,1.3494912385940552,1.3494912385940552,0
1788354300000,1.3493820428848267,1.3493820428848267,1.3491816520690918,1.3491816520690918,0
1788354600000,1.349127173423767,1.349199891090393,1.3490906953811646,1.34916353225708,0
1788354900000,1.3490725755691528,1.3490725755691528,1.348581314086914,1.348581314086914,0
1788355200000,1.3486357927322388,1.348726749420166,1.3486357927322388,1.3487086296081543,0
1788355500000,1.348690390586853,1.3490360975265503,1.348690390586853,1.3490360975265503,0
1788355800000,1.3489997386932373,1.3489997386932373,1.3485995531082153,1.3488359451293945,0
1788356100000,1.3487632274627686,1.3487632274627686,1.348690390586853,1.348726749420166,0
1788356400000,1.3487086296081543,1.34890878200531,1.3487086296081543,1.3488178253173828,0
1788356700000,1.3492363691329956,1.3492363691329956,1.3489269018173218,1.348981499671936,0
1788357000000,1.3489633798599243,1.3489633798599243,1.3487086296081543,1.3487086296081543,0
1788357300000,1.348617672920227,1.3488540649414062,1.348617672920227,1.3488540649414062,0
1788357600000,1.348726749420166,1.348945140838623,1.348726749420166,1.34890878200531,0
1788357900000,1.3488540649414062,1.3488540649414062,1.3487449884414673,1.3487449884414673,0
1788358200000,1.348726749420166,1.3487449884414673,1.348726749420166,1.348726749420166,0
1788358500000,1.348617672920227,1.3490360975265503,1.348617672920227,1.348981499671936,0
1788358800000,1.3488905429840088,1.3488905429840088,1.3485995531082153,1.3485995531082153,0
1788359100000,1.348617672920227,1.348690390586853,1.348617672920227,1.348690390586853,0
1788359400000,1.348726749420166,1.3488359451293945,1.348726749420166,1.3487449884414673,0
1788359700000,1.3487813472747803,1.34890878200531,1.3487086296081543,1.34890878200531,0
1788360000000,1.3489269018173218,1.3489269018173218,1.348690390586853,1.348690390586853,0
1788360300000,1.348726749420166,1.3488540649414062,1.3487086296081543,1.3487813472747803,0
1788360600000,1.3488723039627075,1.3488723039627075,1.3487632274627686,1.3487632274627686,0
1788360900000,1.3487995862960815,1.3487995862960815,1.3485995531082153,1.348617672920227,0
1788361200000,1.34865403175354,1.34865403175354,1.3485267162322998,1.3485267162322998,0
1788361500000,1.3486357927322388,1.3486357927322388,1.3484903573989868,1.3484903573989868,0
1788361800000,1.3485267162322998,1.3485267162322998,1.3484721183776855,1.3484721183776855,0
1788362100000,1.3485630750656128,1.3488178253173828,1.3485448360443115,1.3487813472747803,0
1788362400000,1.3486722707748413,1.3487632274627686,1.3486722707748413,1.348690390586853,0
1788362700000,1.3487086296081543,1.348726749420166,1.3485995531082153,1.3485995531082153,0
1788363000000,1.348581314086914,1.348581314086914,1.3485267162322998,1.348581314086914,0
1788363300000,1.3484721183776855,1.3485995531082153,1.3484721183776855,1.3485995531082153,0
1788363600000,1.348617672920227,1.3486357927322388,1.3485448360443115,1.3486357927322388,0
1788363900000,1.348617672920227,1.348617672920227,1.3483085632324219,1.348435878753662,0
1788364200000,1.3485267162322998,1.3485267162322998,1.3484903573989868,1.348508596420288,0
1788364500000,1.348508596420288,1.3488723039627075,1.348508596420288,1.3488723039627075,0
1788364800000,1.3489269018173218,1.3490543365478516,1.3489269018173218,1.3490543365478516,0
1788365100000,1.349127173423767,1.349127173423767,1.348981499671936,1.348981499671936,0
1788365400000,1.349017858505249,1.3490906953811646,1.349017858505249,1.3490360975265503,0
1788365700000,1.3488723039627075,1.3490543365478516,1.3488723039627075,1.3489269018173218,0
1788366000000,1.3488540649414062,1.3490725755691528,1.3488359451293945,1.3490725755691528,0
1788366300000,1.3490360975265503,1.3490360975265503,1.3488905429840088,1.3488905429840088,0
1788366600000,1.3488178253173828,1.3489633798599243,1.3488178253173828,1.3489633798599243,0
1788366900000,1.3488723039627075,1.3489633798599243,1.3487449884414673,1.3487449884414673,0
1788367200000,1.3488359451293945,1.348945140838623,1.3488359451293945,1.3488905429840088,0
1788367500000,1.3488540649414062,1.349017858505249,1.3488540649414062,1.349017858505249,0
1788367800000,1.3489269018173218,1.3489633798599243,1.3488359451293945,1.3488359451293945,0
1788368100000,1.3488905429840088,1.3488905429840088,1.348508596420288,1.3487632274627686,0
1788368400000,1.34916353225708,1.34916353225708,1.3487813472747803,1.3487813472747803,0
1788368700000,1.3486722707748413,1.34890878200531,1.3485995531082153,1.3485995531082153,0
1788369000000,1.348726749420166,1.3491816520690918,1.348726749420166,1.348945140838623,0
1788369300000,1.349127173423767,1.349199891090393,1.3489269018173218,1.3489269018173218,0
1788369600000,1.3491089344024658,1.349199891090393,1.3491089344024658,1.349199891090393,0
1788369900000,1.3489269018173218,1.349199891090393,1.3489269018173218,1.3490543365478516,0
1788370200000,1.3487449884414673,1.3488540649414062,1.3486357927322388,1.348690390586853,0
1788370500000,1.3486357927322388,1.348690390586853,1.3484539985656738,1.3485448360443115,0
1788370800000,1.3484903573989868,1.348617672920227,1.3484903573989868,1.3485630750656128,0
1788371100000,1.3485995531082153,1.34865403175354,1.3484539985656738,1.3484539985656738,0
1788371400000,1.348508596420288,1.3486357927322388,1.3484176397323608,1.3484176397323608,0
1788371700000,1.3484721183776855,1.3489633798599243,1.3484539985656738,1.3484539985656738,0
1788372000000,1.348508596420288,1.348508596420288,1.3482176065444946,1.348235845565796,0
1788372300000,1.3481813669204712,1.3483449220657349,1.3481813669204712,1.3483266830444336,0
1788372600000,1.3483631610870361,1.3483631610870361,1.3482722043991089,1.3483085632324219,0
1788372900000,1.3483085632324219,1.3483085632324219,1.3481813669204712,1.3481813669204712,0
1788373200000,1.3482176065444946,1.3483085632324219,1.348199486732483,1.3483085632324219,0
1788373500000,1.3482539653778076,1.3483266830444336,1.3482539653778076,1.3483266830444336,0
1788373800000,1.3483085632324219,1.3483812808990479,1.3483085632324219,1.3483812808990479,0
1788374100000,1.3483812808990479,1.3484539985656738,1.3483812808990479,1.3484539985656738,0
1788374400000,1.3484903573989868,1.348508596420288,1.3483994007110596,1.3483994007110596,0
1788374700000,1.3483812808990479,1.3484176397323608,1.3483266830444336,1.3484176397323608,0
1788375000000,1.3483812808990479,1.348508596420288,1.3483812808990479,1.3484176397323608,0
1788375300000,1.3483994007110596,1.3484176397323608,1.3483994007110596,1.3483994007110596,0
1788375600000,1.3484176397323608,1.3484176397323608,1.3483449220657349,1.3483994007110596,0
1788375900000,1.3483812808990479,1.3483812808990479,1.3482903242111206,1.3483085632324219,0
1788376200000,1.3482903242111206,1.3482903242111206,1.3481813669204712,1.3481813669204712,0
1788376500000,1.3482176065444946,1.3482176065444946,1.3481813669204712,1.3482176065444946,0
1788376800000,1.3482176065444946,1.3483085632324219,1.3482176065444946,1.3483085632324219,0
1788377100000,1.3483085632324219,1.3483085632324219,1.3481813669204712,1.3481813669204712,0
1788377400000,1.3481813669204712,1.348199486732483,1.34816312789917,1.348199486732483,0
1788377700000,1.3481813669204712,1.3481813669204712,1.348090410232544,1.3481086492538452,0
1788378000000,1.3481086492538452,1.348199486732483,1.3481086492538452,1.348199486732483,0
1788378300000,1.34816312789917,1.348235845565796,1.34816312789917,1.348235845565796,0
1788378600000,1.348199486732483,1.348199486732483,1.34816312789917,1.34816312789917,0
1788378900000,1.3481448888778687,1.3483266830444336,1.3481448888778687,1.3483266830444336,0
1788379200000,1.348126769065857,1.3483449220657349,1.348126769065857,1.3482722043991089,0
1788379500000,1.3483266830444336,1.3483266830444336,1.34816312789917,1.348235845565796,0
1788379800000,1.3483085632324219,1.3483812808990479,1.3482722043991089,1.3482722043991089,0
1788380100000,1.3483266830444336,1.3483449220657349,1.3482903242111206,1.3483449220657349,0
1788380400000,1.3483266830444336,1.3484903573989868,1.3483266830444336,1.348435878753662,0
1788380700000,1.3484721183776855,1.34865403175354,1.3484721183776855,1.3486357927322388,0
1788381000000,1.348581314086914,1.348581314086914,1.3484721183776855,1.348581314086914,0
1788381300000,1.3485267162322998,1.3485995531082153,1.348508596420288,1.3485995531082153,0
1788381600000,1.3485995531082153,1.3486357927322388,1.3484721183776855,1.3484903573989868,0
1788381900000,1.3484176397323608,1.3488178253173828,1.3484176397323608,1.3488178253173828,0
1788382200000,1.3487995862960815,1.3490360975265503,1.3487995862960815,1.348981499671936,0
1788382500000,1.3489633798599243,1.348981499671936,1.3488359451293945,1.3488359451293945,0
1788382800000,1.3488359451293945,1.3489633798599243,1.3488359451293945,1.3489633798599243,0
1788383100000,1.3488540649414062,1.3488723039627075,1.3487813472747803,1.3488723039627075,0
1788383400000,1.34890878200531,1.3489269018173218,1.3488723039627075,1.3489269018173218,0
1788383700000,1.3488178253173828,1.3488905429840088,1.3488178253173828,1.3488905429840088,0
1788384000000,1.3488359451293945,1.3488359451293945,1.3485630750656128,1.3485630750656128,0
1788384300000,1.348726749420166,1.348981499671936,1.3486722707748413,1.348981499671936,0
1788384600000,1.348981499671936,1.349127173423767,1.348981499671936,1.3491089344024658,0
1788384900000,1.349017858505249,1.349017858505249,1.3489269018173218,1.348981499671936,0
1788385200000,1.3490543365478516,1.3490543365478516,1.3487086296081543,1.3487086296081543,0
1788385500000,1.3487086296081543,1.3487086296081543,1.3484539985656738,1.3485448360443115,0
1788385800000,1.3484176397323608,1.348435878753662,1.3483266830444336,1.3483631610870361,0
1788386100000,1.3483085632324219,1.3483085632324219,1.348126769065857,1.3482176065444946,0
1788386400000,1.348235845565796,1.348435878753662,1.348235845565796,1.3483266830444336,0
1788386700000,1.3482903242111206,1.3483631610870361,1.3482903242111206,1.3483631610870361,0
1788387000000,1.3482539653778076,1.3482903242111206,1.34816312789917,1.3482903242111206,0
1788387300000,1.3483266830444336,1.348435878753662,1.348199486732483,1.3483266830444336,0
1788387600000,1.3483812808990479,1.3487449884414673,1.3483812808990479,1.3487449884414673,0
1788387900000,1.3486357927322388,1.3487086296081543,1.3485267162322998,1.3487086296081543,0
1788388200000,1.3486722707748413,1.348945140838623,1.3486722707748413,1.348945140838623,0
1788388500000,1.3490543365478516,1.3492544889450073,1.3489633798599243,1.3492544889450073,0
1788388800000,1.349199891090393,1.349199891090393,1.3488359451293945,1.3488359451293945,0
1788389100000,1.3488540649414062,1.3489997386932373,1.3486722707748413,1.3489997386932373,0
1788389400000,1.348981499671936,1.349017858505249,1.3488540649414062,1.349017858505249,0
1788389700000,1.3490360975265503,1.3490360975265503,1.3489269018173218,1.348945140838623,0
1788390000000,1.3489997386932373,1.3493455648422241,1.348945140838623,1.3493455648422241,0
1788390300000,1.3493455648422241,1.3495277166366577,1.3493455648422241,1.3495277166366577,0
1788390600000,1.3495094776153564,1.3496187925338745,1.3494731187820435,1.3494731187820435,0
1788390900000,1.3494184017181396,1.3494731187820435,1.349400281906128,1.3494731187820435,0
1788391200000,1.3494548797607422,1.3494548797607422,1.3493092060089111,1.3493092060089111,0
1788391500000,1.349436640739441,1.349582314491272,1.349436640739441,1.3495094776153564,0
1788391800000,1.349545955657959,1.349545955657959,1.3493273258209229,1.3495094776153564,0
1788392100000,1.349436640739441,1.3494912385940552,1.3493820428848267,1.3494912385940552,0
1788392400000,1.3495277166366577,1.349582314491272,1.3495277166366577,1.349582314491272,0
1788392700000,1.3494731187820435,1.3495277166366577,1.3494548797607422,1.3495277166366577,0
1788393000000,1.3495094776153564,1.3496005535125732,1.3495094776153564,1.3496005535125732,0
1788393300000,1.349545955657959,1.349545955657959,1.3494184017181396,1.3495094776153564,0
1788393600000,1.349545955657959,1.349545955657959,1.3494184017181396,1.3494184017181396,0
1788393900000,1.3494184017181396,1.3494912385940552,1.349400281906128,1.349436640739441,0
1788394200000,1.349436640739441,1.3495640754699707,1.349436640739441,1.3495640754699707,0
1788394500000,1.3495094776153564,1.3495094776153564,1.349436640739441,1.3494731187820435,0
1788394800000,1.349545955657959,1.3496187925338745,1.3495277166366577,1.3496187925338745,0
1788395100000,1.3496187925338745,1.3496370315551758,1.3496187925338745,1.3496370315551758,0
1788395400000,1.3496187925338745,1.349800944328308,1.3496187925338745,1.3497098684310913,0
1788395700000,1.3497462272644043,1.349837303161621,1.3496551513671875,1.349837303161621,0
1788396000000,1.349837303161621,1.349837303161621,1.3497462272644043,1.349800944328308,0
1788396300000,1.349800944328308,1.349800944328308,1.3496551513671875,1.3496551513671875,0
1788396600000,1.3496370315551758,1.3496370315551758,1.3494184017181396,1.3494548797607422,0
1788396900000,1.3493455648422241,1.3494184017181396,1.3493273258209229,1.3494184017181396,0
1788397200000,1.3494548797607422,1.3494548797607422,1.349199891090393,1.3492363691329956,0
1788397500000,1.3492363691329956,1.3492363691329956,1.3491089344024658,1.3491089344024658,0
1788397800000,1.3491452932357788,1.3492727279663086,1.3491452932357788,1.3492363691329956,0
1788398100000,1.3492181301116943,1.3494548797607422,1.3492181301116943,1.349400281906128,0
1788398400000,1.3492727279663086,1.3495640754699707,1.3492727279663086,1.3495640754699707,0
1788398700000,1.3496005535125732,1.3497098684310913,1.3495094776153564,1.349582314491272,0
1788399000000,1.3495277166366577,1.3495277166366577,1.3495277166366577,1.3495277166366577,0
1788399300000,1.3494731187820435,1.3496370315551758,1.3494731187820435,1.349582314491272,0
1788399600000,1.3496551513671875,1.3496551513671875,1.3492909669876099,1.3492909669876099,0
1788399900000,1.3493455648422241,1.3493455648422241,1.3492909669876099,1.3493273258209229,0
1788400200000,1.349436640739441,1.349436640739441,1.3490725755691528,1.3490725755691528,0
1788400500000,1.3491089344024658,1.349199891090393,1.3490906953811646,1.349199891090393,0
1788400800000,1.3491089344024658,1.3491089344024658,1.3486357927322388,1.3487632274627686,0
1788401100000,1.3490725755691528,1.3492181301116943,1.3489269018173218,1.3489269018173218,0
1788401400000,1.3488178253173828,1.3488178253173828,1.3485448360443115,1.3487449884414673,0
1788401700000,1.3486722707748413,1.3487995862960815,1.3485630750656128,1.3485630750656128,0
1788402000000,1.3485267162322998,1.3485267162322998,1.3483994007110596,1.3483994007110596,0
1788402300000,1.3484721183776855,1.348617672920227,1.3484721183776855,1.348617672920227,0
1788402600000,1.3488359451293945,1.3493638038635254,1.3488359451293945,1.3492181301116943,0
1788402900000,1.3492727279663086,1.3492727279663086,1.3489269018173218,1.348981499671936,0
1788403200000,1.3492181301116943,1.349436640739441,1.3492181301116943,1.349436640739441,0
1788403500000,1.3493638038635254,1.3497098684310913,1.3493455648422241,1.3497098684310913,0
1788403800000,1.34969162940979,1.349837303161621,1.34969162940979,1.3497462272644043,0
1788404100000,1.3498190641403198,1.3498737812042236,1.3492727279663086,1.3492727279663086,0
1788404400000,1.349436640739441,1.3501107692718506,1.349436640739441,1.3499830961227417,0
1788404700000,1.3501653671264648,1.35023832321167,1.3500378131866455,1.35023832321167,0
1788405000000,1.3501471281051636,1.3502200841903687,1.3498190641403198,1.3499102592468262,0
1788405300000,1.3495094776153564,1.3498555421829224,1.3495094776153564,1.3498555421829224,0
1788405600000,1.349837303161621,1.3499648571014404,1.3494731187820435,1.349800944328308,0
1788405900000,1.3495094776153564,1.3495277166366577,1.3493455648422241,1.3494184017181396,0
1788406200000,1.349545955657959,1.3496733903884888,1.3495277166366577,1.3496005535125732,0
1788406500000,1.3492544889450073,1.3496370315551758,1.3492363691329956,1.3495640754699707,0
1788406800000,1.3495640754699707,1.3499284982681274,1.3495094776153564,1.3499284982681274,0
1788407100000,1.3501836061477661,1.350311279296875,1.3501288890838623,1.350311279296875,0
1788407400000,1.3502565622329712,1.3504570722579956,1.3501107692718506,1.3504570722579956,0
1788407700000,1.3503477573394775,1.3503477573394775,1.350311279296875,1.3503295183181763,0
1788408000000,1.3501836061477661,1.350694179534912,1.3501288890838623,1.3504207134246826,0
1788408300000,1.3507307767868042,1.3507307767868042,1.350511908531189,1.350511908531189,0
1788408600000,1.3502200841903687,1.3502200841903687,1.3499102592468262,1.3499102592468262,0
1788408900000,1.350001335144043,1.3501288890838623,1.3499102592468262,1.3501288890838623,0
1788409200000,1.35023832321167,1.3502748012542725,1.3498190641403198,1.3498190641403198,0
1788409500000,1.3499467372894287,1.3501288890838623,1.3499467372894287,1.3501288890838623,0
1788409800000,1.3499102592468262,1.3502565622329712,1.3498737812042236,1.3498737812042236,0
1788410100000,1.3498190641403198,1.3498555421829224,1.3497098684310913,1.3498555421829224,0
1788410400000,1.3498190641403198,1.3501107692718506,1.3498190641403198,1.3501107692718506,0
1788410700000,1.3502200841903687,1.35023832321167,1.3499830961227417,1.3499830961227417,0
1788411000000,1.3499284982681274,1.3504389524459839,1.3499102592468262,1.3504389524459839,0
1788411300000,1.3503477573394775,1.3503477573394775,1.3500195741653442,1.3500378131866455,0
1788411600000,1.3502929210662842,1.3502929210662842,1.3499284982681274,1.3499467372894287,0
1788411900000,1.349727988243103,1.3502565622329712,1.349727988243103,1.3502200841903687,0
1788412200000,1.3501471281051636,1.3501653671264648,1.3499830961227417,1.3500378131866455,0
1788412500000,1.3500559329986572,1.3500559329986572,1.3498190641403198,1.3499284982681274,0
1788412800000,1.3498190641403198,1.3498190641403198,1.349545955657959,1.349545955657959,0
1788413100000,1.3494731187820435,1.3495094776153564,1.349436640739441,1.3495094776153564,0
1788413400000,1.3494731187820435,1.3494731187820435,1.3491089344024658,1.3491452932357788,0
1788413700000,1.349127173423767,1.3492363691329956,1.3490543365478516,1.3492363691329956,0
1788414000000,1.349127173423767,1.3494548797607422,1.349127173423767,1.3494548797607422,0
1788414300000,1.3496370315551758,1.3496733903884888,1.349545955657959,1.3496551513671875,0
1788414600000,1.349837303161621,1.349837303161621,1.3494912385940552,1.3496370315551758,0
1788414900000,1.3495094776153564,1.3498190641403198,1.3495094776153564,1.3498190641403198,0
1788415200000,1.3498190641403198,1.349892020225525,1.3497827053070068,1.3497827053070068,0
1788415500000,1.349892020225525,1.349892020225525,1.3495277166366577,1.3495277166366577,0
1788415800000,1.349436640739441,1.349436640739441,1.3491452932357788,1.3491452932357788,0
1788416100000,1.3492727279663086,1.3492727279663086,1.3490543365478516,1.3490543365478516,0
1788416400000,1.349017858505249,1.3492363691329956,1.349017858505249,1.3492363691329956,0
1788416700000,1.3494548797607422,1.3494548797607422,1.3492727279663086,1.3492727279663086,0
1788417000000,1.349199891090393,1.349199891090393,1.3488723039627075,1.3488723039627075,0
1788417300000,1.3488359451293945,1.3488359451293945,1.3485995531082153,1.3485995531082153,0
1788417600000,1.348508596420288,1.348690390586853,1.348508596420288,1.348690390586853,0
1788417900000,1.3487449884414673,1.3488359451293945,1.348726749420166,1.3488359451293945,0
1788418200000,1.3489269018173218,1.3491089344024658,1.3488905429840088,1.3491089344024658,0
1788418500000,1.3491452932357788,1.3494912385940552,1.3491452932357788,1.3494912385940552,0
1788418800000,1.3492727279663086,1.3493638038635254,1.349199891090393,1.3492727279663086,0
1788419100000,1.3493273258209229,1.349582314491272,1.3492363691329956,1.349582314491272,0
1788419400000,1.349727988243103,1.3497827053070068,1.3496551513671875,1.349727988243103,0
1788419700000,1.3497644662857056,1.3499284982681274,1.3497462272644043,1.3497462272644043,0
1788420000000,1.3496551513671875,1.3496551513671875,1.3494731187820435,1.3494731187820435,0
1788420300000,1.349400281906128,1.349400281906128,1.349127173423767,1.3492727279663086,0
1788420600000,1.3492181301116943,1.3493092060089111,1.3489997386932373,1.3493092060089111,0
1788420900000,1.3493455648422241,1.3493455648422241,1.349199891090393,1.3492727279663086,0
1788421200000,1.349199891090393,1.3492363691329956,1.3490360975265503,1.3490360975265503,0
1788421500000,1.3490360975265503,1.3492909669876099,1.3490360975265503,1.3492909669876099,0
1788421800000,1.349436640739441,1.349436640739441,1.3492363691329956,1.3493638038635254,0
1788422100000,1.3493638038635254,1.3496005535125732,1.3493638038635254,1.3495277166366577,0
1788422400000,1.3493273258209229,1.3497098684310913,1.3493273258209229,1.3497098684310913,0
1788422700000,1.3496551513671875,1.3498190641403198,1.3496370315551758,1.3498190641403198,0
1788423000000,1.349727988243103,1.349727988243103,1.3495277166366577,1.3496733903884888,0
1788423300000,1.3496187925338745,1.3496551513671875,1.3495277166366577,1.3496187925338745,0
1788423600000,1.3494731187820435,1.3494731187820435,1.349127173423767,1.3493820428848267,0
1788423900000,1.3493455648422241,1.3493455648422241,1.349017858505249,1.3492181301116943,0
1788424200000,1.3501471281051636,1.3508219718933105,1.3501471281051636,1.3504024744033813,0
1788424500000,1.350001335144043,1.3512418270111084,1.350001335144043,1.3512418270111084,0
1788424800000,1.3511505126953125,1.3511505126953125,1.3508037328720093,1.3509314060211182,0
1788425100000,1.3507307767868042,1.3514609336853027,1.3507307767868042,1.3514609336853027,0
1788425400000,1.3514426946640015,1.352027416229248,1.3514060974121094,1.352027416229248,0
1788425700000,1.352155327796936,1.352155327796936,1.3517348766326904,1.3518993854522705,0
1788426000000,1.3517714738845825,1.3519359827041626,1.3516618013381958,1.3517714738845825,0
1788426300000,1.3514974117279053,1.3515522480010986,1.3514426946640015,1.3514426946640015,0
1788426600000,1.351314902305603,1.351515769958496,1.3512235879898071,1.351515769958496,0
1788426900000,1.3514609336853027,1.3514609336853027,1.3509862422943115,1.351022720336914,0
1788427200000,1.3510409593582153,1.3511505126953125,1.3510409593582153,1.3510956764221191,0
1788427500000,1.3511505126953125,1.3511505126953125,1.3509496450424194,1.3510956764221191,0
1788427800000,1.3508219718933105,1.3508219718933105,1.350694179534912,1.3507671356201172,0
1788428100000,1.3507490158081055,1.3508037328720093,1.3506395816802979,1.3506395816802979,0
1788428400000,1.3504389524459839,1.3510591983795166,1.3504389524459839,1.3510591983795166,0
1788428700000,1.3511322736740112,1.3511322736740112,1.3504024744033813,1.3504024744033813,0
1788429000000,1.350584864616394,1.3512235879898071,1.350584864616394,1.3512235879898071,0
1788429300000,1.3513513803482056,1.3518445491790771,1.3512418270111084,1.3518445491790771,0
1788429600000,1.351186990737915,1.3513330221176147,1.3509862422943115,1.3512052297592163,0
1788429900000,1.3512418270111084,1.3514609336853027,1.3509862422943115,1.3509862422943115,0
1788430200000,1.3511505126953125,1.351643681526184,1.3511505126953125,1.3515522480010986,0
1788430500000,1.3514974117279053,1.3514974117279053,1.3512235879898071,1.351278305053711,0
1788430800000,1.3513330221176147,1.3514609336853027,1.3508949279785156,1.3510591983795166,0
1788431100000,1.3509314060211182,1.3511505126953125,1.3507307767868042,1.3511505126953125,0
1788431400000,1.3512052297592163,1.3512052297592163,1.3506760597229004,1.3506760597229004,0
1788431700000,1.3507307767868042,1.3507307767868042,1.3502200841903687,1.3502200841903687,0
1788432000000,1.3501836061477661,1.3503477573394775,1.3501288890838623,1.3503477573394775,0
1788432300000,1.3502748012542725,1.3508037328720093,1.3502748012542725,1.3508037328720093,0
1788432600000,1.3514609336853027,1.3517532348632812,1.351387858390808,1.3517532348632812,0
1788432900000,1.351698398590088,1.3520822525024414,1.3516253232955933,1.351807951927185,0
1788433200000,1.351990818977356,1.3527772426605225,1.351990818977356,1.3527772426605225,0
1788433500000,1.353033423423767,1.353931188583374,1.353033423423767,1.3534914255142212,0
1788433800000,1.3536012172698975,1.3537112474441528,1.3535462617874146,1.3536195755004883,0
1788434100000,1.3534363508224487,1.3537112474441528,1.3533082008361816,1.3537112474441528,0
1788434400000,1.3537112474441528,1.3540045022964478,1.353692889213562,1.353692889213562,0
1788434700000,1.3537112474441528,1.353747844696045,1.3535828590393066,1.3537112474441528,0
1788435000000,1.3539128303527832,1.3540778160095215,1.3536195755004883,1.3536195755004883,0
1788435300000,1.3533997535705566,1.3533997535705566,1.3531616926193237,1.3531616926193237,0
1788435600000,1.353271484375,1.3533447980880737,1.3531250953674316,1.3533447980880737,0
1788435900000,1.3531616926193237,1.3531616926193237,1.3529053926467896,1.3529053926467896,0
1788436200000,1.3528870344161987,1.3528870344161987,1.3527954816818237,1.3528138399124146,0
1788436500000,1.352868676185608,1.3533265590667725,1.352868676185608,1.3533265590667725,0
1788436800000,1.3533447980880737,1.3534363508224487,1.3532166481018066,1.3534363508224487,0
1788437100000,1.3534914255142212,1.3535462617874146,1.3533265590667725,1.3535462617874146,0
1788437400000,1.3535280227661133,1.3540228605270386,1.3535280227661133,1.3540228605270386,0
1788437700000,1.3540594577789307,1.3542611598968506,1.3540594577789307,1.3542611598968506,0
1788438000000,1.3542062044143677,1.3543345928192139,1.354132890701294,1.3543345928192139,0
1788438300000,1.3542795181274414,1.3545546531677246,1.3541145324707031,1.3545546531677246,0
1788438600000,1.3548115491867065,1.3548115491867065,1.3543895483016968,1.3543895483016968,0
1788438900000,1.3543895483016968,1.3544446229934692,1.3543345928192139,1.3544262647628784,0
1788439200000,1.3543713092803955,1.3545180559158325,1.354316234588623,1.3545180559158325,0
1788439500000,1.3545180559158325,1.354719877243042,1.3545180559158325,1.3546831607818604,0
1788439800000,1.354830026626587,1.354830026626587,1.3545913696289062,1.3545913696289062,0
1788440100000,1.3547013998031616,1.354719877243042,1.3545364141464233,1.3545364141464233,0
1788440400000,1.3545364141464233,1.3545364141464233,1.3542611598968506,1.3542795181274414,0
1788440700000,1.3543529510498047,1.3543529510498047,1.354132890701294,1.354132890701294,0
1788441000000,1.354224443435669,1.3543713092803955,1.354224443435669,1.3543713092803955,0
1788441300000,1.3544079065322876,1.3544996976852417,1.3543345928192139,1.3543345928192139,0
1788441600000,1.3544262647628784,1.3546464443206787,1.3544262647628784,1.3546464443206787,0
1788441900000,1.3545180559158325,1.354609727859497,1.3544079065322876,1.354609727859497,0
1788442200000,1.354628086090088,1.354628086090088,1.3545180559158325,1.3545913696289062,0
1788442500000,1.3544996976852417,1.3545730113983154,1.3544446229934692,1.3544446229934692,0
1788442800000,1.3544446229934692,1.3544446229934692,1.3543713092803955,1.3543713092803955,0
1788443100000,1.3543895483016968,1.3544628620147705,1.3543895483016968,1.3543895483016968,0
1788443400000,1.3544628620147705,1.3544628620147705,1.3541145324707031,1.3542977571487427,0
1788443700000,1.354169487953186,1.354224443435669,1.353986144065857,1.3540045022964478,0
1788444000000,1.3540778160095215,1.3541145324707031,1.3540778160095215,1.3540961742401123,0
1788444300000,1.3540961742401123,1.3540961742401123,1.353931188583374,1.353931188583374,0
1788444600000,1.3542977571487427,1.3543713092803955,1.3542977571487427,1.354316234588623,0
1788444900000,1.3543529510498047,1.3544079065322876,1.354224443435669,1.354224443435669,0
1788445200000,1.3541878461837769,1.3541878461837769,1.3540961742401123,1.3541878461837769,0
1788445500000,1.3541511297225952,1.354316234588623,1.3541511297225952,1.3541511297225952,0
1788445800000,1.3540594577789307,1.3540594577789307,1.3538944721221924,1.3538944721221924,0
1788446100000,1.3538578748703003,1.3539128303527832,1.3538578748703003,1.3538944721221924,0
1788446400000,1.3538944721221924,1.3539495468139648,1.3538944721221924,1.3539128303527832,0
1788446700000,1.3539495468139648,1.3539495468139648,1.3538578748703003,1.3538762331008911,0
1788447000000,1.353931188583374,1.3540045022964478,1.353931188583374,1.3539495468139648,0
1788447300000,1.3539679050445557,1.3539679050445557,1.3538762331008911,1.3539128303527832,0
1788447600000,1.3539128303527832,1.3540045022964478,1.3538578748703003,1.3538578748703003,0
1788447900000,1.3538395166397095,1.3539495468139648,1.3537845611572266,1.3537845611572266,0
1788448200000,1.3539128303527832,1.3539128303527832,1.3533997535705566,1.3533997535705566,0
1788448500000,1.353033423423767,1.353051781654358,1.3528870344161987,1.3528870344161987,0
1788448800000,1.3527590036392212,1.3527590036392212,1.3525028228759766,1.3525028228759766,0
1788449100000,1.352539300918579,1.352539300918579,1.3523746728897095,1.3523746728897095,0
1788449400000,1.3524662256240845,1.3525028228759766,1.3523746728897095,1.3523746728897095,0
1788449700000,1.3524113893508911,1.352539300918579,1.3524113893508911,1.352539300918579,0
1788450000000,1.352539300918579,1.352649211883545,1.352539300918579,1.3526124954223633,0
1788450300000,1.3527040481567383,1.3528321981430054,1.3527040481567383,1.3528321981430054,0
1788450600000,1.352868676185608,1.352868676185608,1.3527406454086304,1.3527406454086304,0
1788450900000,1.3526674509048462,1.3527406454086304,1.352630853652954,1.352630853652954,0
1788451200000,1.3525760173797607,1.3529053926467896,1.3525760173797607,1.3529053926467896,0
1788451500000,1.352960228919983,1.3529785871505737,1.3529419898986816,1.3529419898986816,0
1788451800000,1.3529237508773804,1.3529419898986816,1.3527406454086304,1.3527406454086304,0
1788452100000,1.3526674509048462,1.3526674509048462,1.3525211811065674,1.3526124954223633,0
1788452400000,1.352594256401062,1.3527222871780396,1.352594256401062,1.3526124954223633,0
1788452700000,1.3526124954223633,1.352685809135437,1.3526124954223633,1.352685809135437,0
1788453000000,1.3527040481567383,1.3527222871780396,1.352594256401062,1.3526124954223633,0
1788453300000,1.352630853652954,1.3527222871780396,1.352630853652954,1.3527222871780396,0
1788453600000,1.3527222871780396,1.3527222871780396,1.352649211883545,1.352649211883545,0
1788453900000,1.3527040481567383,1.3527406454086304,1.3526674509048462,1.3527406454086304,0
1788454200000,1.3527406454086304,1.3527406454086304,1.3527040481567383,1.3527222871780396,0
1788454500000,1.3527040481567383,1.3527040481567383,1.3524296283721924,1.3525028228759766,0
1788454800000,1.3533082008361816,1.3533082008361816,1.352868676185608,1.352868676185608,0
1788455100000,1.3529053926467896,1.3533082008361816,1.352649211883545,1.3527222871780396,0
1788455400000,1.353179931640625,1.353179931640625,1.3529969453811646,1.3529969453811646,0
1788455700000,1.3529419898986816,1.353033423423767,1.3529053926467896,1.352960228919983,0
1788456000000,1.3530151844024658,1.353143334388733,1.3529419898986816,1.3529419898986816,0
1788456300000,1.3529785871505737,1.3529785871505737,1.3527772426605225,1.3527772426605225,0
1788456600000,1.3527590036392212,1.353051781654358,1.3527040481567383,1.353051781654358,0
1788456900000,1.3528870344161987,1.3529419898986816,1.3527590036392212,1.3528504371643066,0
1788457200000,1.352868676185608,1.3529969453811646,1.3528138399124146,1.3529785871505737,0
1788457500000,1.3528504371643066,1.3529785871505737,1.3528504371643066,1.3529237508773804,0
1788457800000,1.352630853652954,1.352868676185608,1.352630853652954,1.3526674509048462,0
1788458100000,1.3527406454086304,1.352868676185608,1.35255765914917,1.35255765914917,0
1788458400000,1.352649211883545,1.352649211883545,1.3524113893508911,1.3525028228759766,0
1788458700000,1.3525211811065674,1.3525211811065674,1.3524113893508911,1.3524296283721924,0
1788459000000,1.3523930311203003,1.35255765914917,1.3523930311203003,1.3524662256240845,0
1788459300000,1.3525028228759766,1.35255765914917,1.3524844646453857,1.35255765914917,0
1788459600000,1.3524113893508911,1.3524478673934937,1.3523930311203003,1.3523930311203003,0
1788459900000,1.3523930311203003,1.3524662256240845,1.3523565530776978,1.3524113893508911,0
1788460200000,1.3524296283721924,1.3525028228759766,1.3524296283721924,1.3524662256240845,0
1788460500000,1.3524296283721924,1.3524478673934937,1.3524113893508911,1.3524478673934937,0
1788460800000,1.3524662256240845,1.3524662256240845,1.3524296283721924,1.3524478673934937,0
1788461100000,1.3524662256240845,1.3524662256240845,1.3523930311203003,1.3524478673934937,0
1788461400000,1.3524113893508911,1.3524296283721924,1.3523930311203003,1.3523930311203003,0
1788461700000,1.3524296283721924,1.3524662256240845,1.3524296283721924,1.3524296283721924,0
1788462000000,1.3524662256240845,1.352539300918579,1.3524296283721924,1.3525028228759766,0
1788462300000,1.3525211811065674,1.3526124954223633,1.3524844646453857,1.3526124954223633,0
1788462600000,1.352649211883545,1.3526674509048462,1.3525028228759766,1.3525760173797607,0
1788462900000,1.35255765914917,1.352685809135437,1.352539300918579,1.352685809135437,0
1788463200000,1.3526124954223633,1.3527590036392212,1.3526124954223633,1.3527590036392212,0
1788463500000,1.3527040481567383,1.3527222871780396,1.3527040481567383,1.3527040481567383,0
1788463800000,1.3528138399124146,1.3528870344161987,1.3526674509048462,1.3527040481567383,0
1788464100000,1.3527222871780396,1.3527590036392212,1.352685809135437,1.3527040481567383,0
1788464400000,1.3527406454086304,1.3527772426605225,1.352649211883545,1.3527040481567383,0
1788464700000,1.3526674509048462,1.3528504371643066,1.3526674509048462,1.3528504371643066,0
1788465000000,1.3529053926467896,1.3529237508773804,1.3528138399124146,1.3529053926467896,0
1788465300000,1.3529053926467896,1.3529237508773804,1.3529053926467896,1.3529053926467896,0
1788465600000,1.3529237508773804,1.353033423423767,1.3529053926467896,1.3529785871505737,0
1788465900000,1.353051781654358,1.3530701398849487,1.3527954816818237,1.3527954816818237,0
1788466200000,1.352868676185608,1.3529053926467896,1.3527954816818237,1.3529053926467896,0
1788466500000,1.3528321981430054,1.3528321981430054,1.3527040481567383,1.3527406454086304,0
1788466800000,1.3527222871780396,1.3528138399124146,1.352649211883545,1.3527772426605225,0
1788467100000,1.3527040481567383,1.3527406454086304,1.352594256401062,1.3526124954223633,0
1788467400000,1.352630853652954,1.3527772426605225,1.352630853652954,1.352649211883545,0
1788467700000,1.3527772426605225,1.3527772426605225,1.352594256401062,1.352630853652954,0
1788468000000,1.3527040481567383,1.3528504371643066,1.3526124954223633,1.3528321981430054,0
1788468300000,1.352868676185608,1.3530884981155396,1.352868676185608,1.3530884981155396,0
1788468600000,1.353271484375,1.3533813953399658,1.353143334388733,1.3533813953399658,0
1788468900000,1.3533265590667725,1.3533447980880737,1.353051781654358,1.353051781654358,0
1788469200000,1.3530884981155396,1.353143334388733,1.353051781654358,1.353051781654358,0
1788469500000,1.3529969453811646,1.353143334388733,1.3529785871505737,1.353143334388733,0
1788469800000,1.353143334388733,1.3532531261444092,1.3529237508773804,1.3529237508773804,0
1788470100000,1.3530151844024658,1.3531616926193237,1.3529785871505737,1.3531616926193237,0
1788470400000,1.3532166481018066,1.3534547090530396,1.3532166481018066,1.3532898426055908,0
1788470700000,1.3533265590667725,1.3533265590667725,1.3532166481018066,1.3532531261444092,0
1788471000000,1.3533082008361816,1.3533447980880737,1.353234887123108,1.353234887123108,0
1788471300000,1.353271484375,1.3533447980880737,1.353271484375,1.3532898426055908,0
1788471600000,1.353363037109375,1.353363037109375,1.3532898426055908,1.3533265590667725,0
1788471900000,1.3532898426055908,1.353363037109375,1.3532898426055908,1.3533265590667725,0
1788472200000,1.3532531261444092,1.353363037109375,1.353179931640625,1.3533265590667725,0
1788472500000,1.3533447980880737,1.3535280227661133,1.3533447980880737,1.3535280227661133,0
1788472800000,1.3534914255142212,1.3537662029266357,1.3534914255142212,1.3537662029266357,0
1788473100000,1.353637933731079,1.3537112474441528,1.3534914255142212,1.3534914255142212,0
1788473400000,1.3535462617874146,1.3535462617874146,1.3534363508224487,1.3535462617874146,0
1788473700000,1.3535280227661133,1.3535280227661133,1.3532898426055908,1.3532898426055908,0
1788474000000,1.353234887123108,1.353234887123108,1.3531067371368408,1.3531250953674316,0
1788474300000,1.353143334388733,1.353143334388733,1.353051781654358,1.3531250953674316,0
1788474600000,1.353143334388733,1.3531982898712158,1.3531250953674316,1.3531250953674316,0
1788474900000,1.3531067371368408,1.353234887123108,1.3531067371368408,1.353234887123108,0
1788475200000,1.353234887123108,1.3533447980880737,1.353234887123108,1.353234887123108,0
1788475500000,1.353234887123108,1.3533082008361816,1.353234887123108,1.353234887123108,0
1788475800000,1.3531982898712158,1.353417992591858,1.3531982898712158,1.353417992591858,0
1788476100000,1.353417992591858,1.353417992591858,1.353179931640625,1.3531982898712158,0
1788476400000,1.3531982898712158,1.3533265590667725,1.3531982898712158,1.353271484375,0
1788476700000,1.3532166481018066,1.3533082008361816,1.3532166481018066,1.3533082008361816,0
1788477000000,1.3533082008361816,1.3533997535705566,1.3532898426055908,1.3533997535705566,0
1788477300000,1.3534547090530396,1.3535280227661133,1.3534363508224487,1.3534547090530396,0
1788477600000,1.3534730672836304,1.3534730672836304,1.3533997535705566,1.3533997535705566,0
1788477900000,1.3533813953399658,1.3533813953399658,1.3531067371368408,1.3531067371368408,0
1788478200000,1.3529419898986816,1.3531067371368408,1.3529419898986816,1.3531067371368408,0
1788478500000,1.3530701398849487,1.3530701398849487,1.3528504371643066,1.3528504371643066,0
1788478800000,1.3529053926467896,1.3529053926467896,1.3527040481567383,1.3527040481567383,0
1788479100000,1.3527954816818237,1.3528138399124146,1.3527590036392212,1.3528138399124146,0
1788479400000,1.3529053926467896,1.3530151844024658,1.3529053926467896,1.3529969453811646,0
1788479700000,1.352960228919983,1.353051781654358,1.3529237508773804,1.3529969453811646,0
1788480000000,1.3530151844024658,1.3532898426055908,1.3530151844024658,1.3532898426055908,0
1788480300000,1.3532898426055908,1.3532898426055908,1.3530884981155396,1.3530884981155396,0
1788480600000,1.3530884981155396,1.3531982898712158,1.3530884981155396,1.353179931640625,0
1788480900000,1.3530701398849487,1.3531067371368408,1.3530701398849487,1.3531067371368408,0
1788481200000,1.3531250953674316,1.3531250953674316,1.3530884981155396,1.3530884981155396,0
1788481500000,1.3531067371368408,1.3531250953674316,1.353051781654358,1.3531250953674316,0
1788481800000,1.3531982898712158,1.3532898426055908,1.3530884981155396,1.3530884981155396,0
1788482100000,1.3531250953674316,1.3532898426055908,1.3531250953674316,1.3532898426055908,0
1788482400000,1.3533082008361816,1.3533082008361816,1.353234887123108,1.353234887123108,0
1788482700000,1.3532166481018066,1.3532531261444092,1.3531250953674316,1.3532166481018066,0
1788483000000,1.3532166481018066,1.353271484375,1.353143334388733,1.353271484375,0
1788483300000,1.3532531261444092,1.3532531261444092,1.3531982898712158,1.3532166481018066,0
1788483600000,1.3531982898712158,1.3531982898712158,1.3531250953674316,1.3531250953674316,0
1788483900000,1.3530701398849487,1.353234887123108,1.3530701398849487,1.3531067371368408,0
1788484200000,1.3531250953674316,1.3532898426055908,1.3531067371368408,1.3532898426055908,0
1788484500000,1.3533265590667725,1.3533265590667725,1.3532531261444092,1.3533082008361816,0
1788484800000,1.3533447980880737,1.3533447980880737,1.3531982898712158,1.353234887123108,0
1788485100000,1.353234887123108,1.3532898426055908,1.3532166481018066,1.3532898426055908,0
1788485400000,1.3533447980880737,1.3534730672836304,1.3533447980880737,1.3534730672836304,0
1788485700000,1.3533997535705566,1.3535646200180054,1.3533813953399658,1.3535646200180054,0
1788486000000,1.3533997535705566,1.3534547090530396,1.3533997535705566,1.3534363508224487,0
1788486300000,1.353363037109375,1.3534547090530396,1.3532898426055908,1.3534547090530396,0
1788486600000,1.3533813953399658,1.3535096645355225,1.353363037109375,1.3534363508224487,0
1788486900000,1.3534547090530396,1.3536012172698975,1.3534547090530396,1.3535646200180054,0
1788487200000,1.3536195755004883,1.3537845611572266,1.3536195755004883,1.353692889213562,0
1788487500000,1.3538029193878174,1.3541145324707031,1.3538029193878174,1.3541145324707031,0
1788487800000,1.3541511297225952,1.3544262647628784,1.3540412187576294,1.3544262647628784,0
1788488100000,1.3542795181274414,1.3542795181274414,1.3541145324707031,1.3542062044143677,0
1788488400000,1.3542795181274414,1.3543895483016968,1.3542795181274414,1.354316234588623,0
1788488700000,1.3543345928192139,1.3544079065322876,1.354224443435669,1.3544079065322876,0
1788489000000,1.354224443435669,1.3544079065322876,1.3540961742401123,1.3544079065322876,0
1788489300000,1.3544446229934692,1.3544446229934692,1.3542062044143677,1.3542062044143677,0
1788489600000,1.3542428016662598,1.3545364141464233,1.3542428016662598,1.3543529510498047,0
1788489900000,1.3543529510498047,1.3544996976852417,1.354316234588623,1.354316234588623,0
1788490200000,1.3543895483016968,1.3543895483016968,1.354316234588623,1.354316234588623,0
1788490500000,1.3542428016662598,1.3542611598968506,1.354169487953186,1.354169487953186,0
1788490800000,1.3544079065322876,1.3545180559158325,1.3543529510498047,1.3545180559158325,0
1788491100000,1.3547013998031616,1.3547013998031616,1.3545180559158325,1.3545180559158325,0
1788491400000,1.3545546531677246,1.3545546531677246,1.3542611598968506,1.3542611598968506,0
1788491700000,1.354224443435669,1.3543713092803955,1.354224443435669,1.3543713092803955,0
1788492000000,1.3542977571487427,1.3544079065322876,1.3542611598968506,1.3543529510498047,0
1788492300000,1.3544262647628784,1.3547013998031616,1.3543895483016968,1.3547013998031616,0
1788492600000,1.3547931909561157,1.3547931909561157,1.354719877243042,1.354719877243042,0
1788492900000,1.354609727859497,1.354609727859497,1.3542977571487427,1.3542977571487427,0
1788493200000,1.3542062044143677,1.3547749519348145,1.3542062044143677,1.3547749519348145,0
1788493500000,1.354719877243042,1.354719877243042,1.3545180559158325,1.3545180559158325,0
1788493800000,1.3543713092803955,1.3543713092803955,1.3538578748703003,1.3538578748703003,0
1788494100000,1.3536195755004883,1.3536195755004883,1.3533997535705566,1.3534547090530396,0
1788494400000,1.3535646200180054,1.3537296056747437,1.3533997535705566,1.3537296056747437,0
1788494700000,1.353692889213562,1.3538211584091187,1.3534363508224487,1.3535828590393066,0
1788495000000,1.3535280227661133,1.3536012172698975,1.3535280227661133,1.3535280227661133,0
1788495300000,1.3534914255142212,1.3538211584091187,1.353417992591858,1.3538211584091187,0
1788495600000,1.3537662029266357,1.3538029193878174,1.3537112474441528,1.3537296056747437,0
1788495900000,1.3538211584091187,1.3543529510498047,1.3538211584091187,1.3543529510498047,0
1788496200000,1.3539679050445557,1.3539679050445557,1.3531067371368408,1.3531067371368408,0
1788496500000,1.353179931640625,1.3532531261444092,1.3531616926193237,1.3532166481018066,0
1788496800000,1.3532166481018066,1.3533447980880737,1.3531982898712158,1.3533082008361816,0
1788497100000,1.3533447980880737,1.3535280227661133,1.3532531261444092,1.3532531261444092,0
1788497400000,1.3534547090530396,1.3534914255142212,1.3533082008361816,1.3533082008361816,0
1788497700000,1.3533447980880737,1.3535828590393066,1.3533082008361816,1.3533447980880737,0
1788498000000,1.353143334388733,1.3532531261444092,1.3531250953674316,1.3531250953674316,0
1788498300000,1.3530884981155396,1.3531250953674316,1.3529237508773804,1.3531250953674316,0
1788498600000,1.353033423423767,1.353033423423767,1.3528321981430054,1.352868676185608,0
1788498900000,1.3529419898986816,1.3530151844024658,1.3529053926467896,1.3530151844024658,0
1788499200000,1.3530151844024658,1.3530151844024658,1.3527590036392212,1.3527590036392212,0
1788499500000,1.352649211883545,1.3527040481567383,1.3526124954223633,1.3527040481567383,0
1788499800000,1.352649211883545,1.352649211883545,1.352338194847107,1.352338194847107,0
1788500100000,1.35255765914917,1.3527222871780396,1.3525211811065674,1.3527040481567383,0
1788500400000,1.3527590036392212,1.3527590036392212,1.3523930311203003,1.3523930311203003,0
1788500700000,1.3525211811065674,1.3527222871780396,1.3525211811065674,1.3527222871780396,0
1788501000000,1.3526124954223633,1.3526124954223633,1.3523930311203003,1.3525028228759766,0
1788501300000,1.3525211811065674,1.352630853652954,1.3523198366165161,1.3523565530776978,0
1788501600000,1.3523746728897095,1.3524662256240845,1.352338194847107,1.3523930311203003,0
1788501900000,1.3523198366165161,1.3525760173797607,1.3523198366165161,1.3525760173797607,0
1788502200000,1.352539300918579,1.352539300918579,1.3524113893508911,1.3525211811065674,0
1788502500000,1.352539300918579,1.3528138399124146,1.352539300918579,1.3527406454086304,0
1788502800000,1.3526124954223633,1.3526674509048462,1.3525760173797607,1.3526674509048462,0
1788503100000,1.352685809135437,1.352685809135437,1.3525028228759766,1.352649211883545,0
1788503400000,1.3526124954223633,1.3529053926467896,1.3526124954223633,1.352868676185608,0
1788503700000,1.3529053926467896,1.3529053926467896,1.3527406454086304,1.352868676185608,0
1788504000000,1.3528504371643066,1.3531616926193237,1.3528504371643066,1.3531616926193237,0
1788504300000,1.353271484375,1.3534730672836304,1.353271484375,1.3533447980880737,0
1788504600000,1.3535280227661133,1.3535280227661133,1.3533082008361816,1.3534363508224487,0
1788504900000,1.3533265590667725,1.3533265590667725,1.353234887123108,1.353234887123108,0
1788505200000,1.353271484375,1.353417992591858,1.353234887123108,1.353417992591858,0
1788505500000,1.353363037109375,1.3533997535705566,1.3533265590667725,1.3533997535705566,0
1788505800000,1.353363037109375,1.3536195755004883,1.353363037109375,1.3536195755004883,0
1788506100000,1.3535280227661133,1.3537296056747437,1.3535280227661133,1.3536745309829712,0
1788506400000,1.3539128303527832,1.3539128303527832,1.3537112474441528,1.3537662029266357,0
1788506700000,1.3535646200180054,1.3537296056747437,1.3535646200180054,1.353692889213562,0
1788507000000,1.3535828590393066,1.3535828590393066,1.3535096645355225,1.3535280227661133,0
1788507300000,1.353692889213562,1.353692889213562,1.3534730672836304,1.3534730672836304,0
1788507600000,1.3535096645355225,1.3535096645355225,1.3533082008361816,1.3533997535705566,0
1788507900000,1.353637933731079,1.353637933731079,1.3534730672836304,1.3534730672836304,0
1788508200000,1.3536012172698975,1.3537112474441528,1.3534547090530396,1.3534547090530396,0
1788508500000,1.3534914255142212,1.3535828590393066,1.3533082008361816,1.3533082008361816,0
1788508800000,1.3534914255142212,1.3536195755004883,1.3534363508224487,1.3534914255142212,0
1788509100000,1.353363037109375,1.353363037109375,1.3530701398849487,1.3531616926193237,0
1788509400000,1.353179931640625,1.353179931640625,1.3528321981430054,1.3529785871505737,0
1788509700000,1.353179931640625,1.3532531261444092,1.3529969453811646,1.3529969453811646,0
1788510000000,1.353033423423767,1.353051781654358,1.3529419898986816,1.3529969453811646,0
1788510300000,1.353051781654358,1.3533813953399658,1.353033423423767,1.3533813953399658,0
1788510600000,1.349436640739441,1.3498190641403198,1.3491089344024658,1.34969162940979,0
1788510900000,1.3496005535125732,1.3500925302505493,1.349582314491272,1.3498555421829224,0
1788511200000,1.3495277166366577,1.3499284982681274,1.3494731187820435,1.3499284982681274,0
1788511500000,1.349727988243103,1.350074291229248,1.3489633798599243,1.350074291229248,0
1788511800000,1.3501836061477661,1.350201964378357,1.3499648571014404,1.3499648571014404,0
1788512100000,1.3502565622329712,1.3504570722579956,1.3499830961227417,1.3504570722579956,0
1788512400000,1.3499648571014404,1.3503477573394775,1.3498555421829224,1.3498555421829224,0
1788512700000,1.349837303161621,1.3499467372894287,1.3497098684310913,1.3497098684310913,0
1788513000000,1.349582314491272,1.3500378131866455,1.349582314491272,1.349892020225525,0
1788513300000,1.3501288890838623,1.3507307767868042,1.3501288890838623,1.3507307767868042,0
1788513600000,1.3509862422943115,1.3511505126953125,1.3508219718933105,1.3511505126953125,0
1788513900000,1.3512235879898071,1.3515340089797974,1.3512235879898071,1.3514609336853027,0
1788514200000,1.3516253232955933,1.3516801595687866,1.3512600660324097,1.3514609336853027,0
1788514500000,1.3514426946640015,1.3514426946640015,1.3508766889572144,1.3508766889572144,0
1788514800000,1.3509314060211182,1.3511505126953125,1.3509314060211182,1.3511505126953125,0
1788515100000,1.3514974117279053,1.3524296283721924,1.3514974117279053,1.3522651195526123,0
1788515400000,1.3521369695663452,1.3521369695663452,1.3511687517166138,1.3511687517166138,0
1788515700000,1.3510043621063232,1.3510043621063232,1.3504753112792969,1.350694179534912,0
1788516000000,1.3506578207015991,1.3509132862091064,1.3506578207015991,1.350785493850708,0
1788516300000,1.3509496450424194,1.351314902305603,1.3509314060211182,1.3511505126953125,0
1788516600000,1.3510775566101074,1.3510775566101074,1.3506760597229004,1.3510775566101074,0
1788516900000,1.3508949279785156,1.3513696193695068,1.3508949279785156,1.3513696193695068,0
1788517200000,1.351314902305603,1.3513330221176147,1.35111403465271,1.35111403465271,0
1788517500000,1.3513513803482056,1.3514060974121094,1.3512418270111084,1.3512418270111084,0
1788517800000,1.3511687517166138,1.3517532348632812,1.3511687517166138,1.3517532348632812,0
1788518100000,1.3517348766326904,1.351807951927185,1.351515769958496,1.351807951927185,0
1788518400000,1.3518993854522705,1.3521369695663452,1.3518993854522705,1.3521369695663452,0
1788518700000,1.3523198366165161,1.3523198366165161,1.3519543409347534,1.3520822525024414,0
1788519000000,1.3517714738845825,1.3517714738845825,1.3514426946640015,1.351643681526184,0
1788519300000,1.3517348766326904,1.3517348766326904,1.3514060974121094,1.3514974117279053,0
1788519600000,1.3514243364334106,1.3516253232955933,1.3511322736740112,1.3516253232955933,0
1788519900000,1.3517167568206787,1.3517167568206787,1.3515887260437012,1.3516253232955933,0
1788520200000,1.3518811464309692,1.3519543409347534,1.3517532348632812,1.3519543409347534,0
1788520500000,1.3518993854522705,1.3523746728897095,1.3518993854522705,1.3523746728897095,0
1788520800000,1.3523565530776978,1.3523930311203003,1.3521004915237427,1.3522284030914307,0
1788521100000,1.3521919250488281,1.3522833585739136,1.3521188497543335,1.3521188497543335,0
1788521400000,1.352338194847107,1.352338194847107,1.3520456552505493,1.3520456552505493,0
1788521700000,1.3521919250488281,1.3523198366165161,1.3521919250488281,1.3523198366165161,0
1788522000000,1.3522284030914307,1.3524844646453857,1.3522284030914307,1.3522467613220215,0
1788522300000,1.3521919250488281,1.3525211811065674,1.3521919250488281,1.3525211811065674,0
1788522600000,1.3524844646453857,1.3524844646453857,1.3520456552505493,1.3520456552505493,0
1788522900000,1.3522101640701294,1.3522101640701294,1.3521004915237427,1.3521004915237427,0
1788523200000,1.3522284030914307,1.352338194847107,1.3521736860275269,1.3523198366165161,0
1788523500000,1.3523565530776978,1.3523565530776978,1.3522284030914307,1.3522284030914307,0
1788523800000,1.352155327796936,1.3523930311203003,1.3520456552505493,1.3523930311203003,0
1788524100000,1.3524113893508911,1.3524296283721924,1.3522101640701294,1.3522101640701294,0
1788524400000,1.3522467613220215,1.3523198366165161,1.351990818977356,1.351990818977356,0
1788524700000,1.3519359827041626,1.3519724607467651,1.3518811464309692,1.3518811464309692,0
1788525000000,1.351990818977356,1.3522284030914307,1.351990818977356,1.3522101640701294,0
1788525300000,1.3522651195526123,1.3522651195526123,1.351990818977356,1.351990818977356,0
1788525600000,1.3519543409347534,1.3520456552505493,1.3518445491790771,1.3520090579986572,0
1788525900000,1.3521004915237427,1.352155327796936,1.352027416229248,1.352155327796936,0
1788526200000,1.3521188497543335,1.3521369695663452,1.3521004915237427,1.3521004915237427,0
1788526500000,1.3520090579986572,1.3520456552505493,1.3519177436828613,1.3519177436828613,0
1788526800000,1.3517714738845825,1.3517714738845825,1.3513330221176147,1.3513330221176147,0
1788527100000,1.3513330221176147,1.3515522480010986,1.3513330221176147,1.3515522480010986,0
1788527400000,1.3515887260437012,1.3515887260437012,1.351515769958496,1.3515340089797974,0
1788527700000,1.3516801595687866,1.3517532348632812,1.351607084274292,1.351607084274292,0
1788528000000,1.3517167568206787,1.3517167568206787,1.3515887260437012,1.351643681526184,0
1788528300000,1.3516253232955933,1.3516253232955933,1.3514792919158936,1.3514792919158936,0
1788528600000,1.3516253232955933,1.351643681526184,1.3515704870224,1.3515887260437012,0
1788528900000,1.3514609336853027,1.3516253232955933,1.3514609336853027,1.3515340089797974,0
1788529200000,1.3514974117279053,1.3514974117279053,1.3513696193695068,1.3513696193695068,0
1788529500000,1.351387858390808,1.351387858390808,1.3512235879898071,1.3512418270111084,0
1788529800000,1.3513696193695068,1.351387858390808,1.351314902305603,1.351387858390808,0
1788530100000,1.351278305053711,1.3515340089797974,1.351278305053711,1.3513696193695068,0
1788530400000,1.3514609336853027,1.3514609336853027,1.3513330221176147,1.3513513803482056,0
1788530700000,1.3514060974121094,1.3514243364334106,1.351314902305603,1.3513330221176147,0
1788531000000,1.3514426946640015,1.3514426946640015,1.3513696193695068,1.351387858390808,0
1788531300000,1.3512965440750122,1.3513330221176147,1.3512418270111084,1.3512418270111084,0
1788531600000,1.351186990737915,1.3513330221176147,1.351186990737915,1.3513330221176147,0
1788531900000,1.3513696193695068,1.3514060974121094,1.351278305053711,1.351314902305603,0
1788532200000,1.3513513803482056,1.3513513803482056,1.351314902305603,1.3513330221176147,0
1788532500000,1.351314902305603,1.351314902305603,1.351186990737915,1.3512418270111084,0
1788532800000,1.351314902305603,1.3513330221176147,1.3512965440750122,1.3512965440750122,0
1788533100000,1.3511687517166138,1.3512418270111084,1.3511687517166138,1.3512418270111084,0
1788533400000,1.3512235879898071,1.3512418270111084,1.351186990737915,1.351186990737915,0
1788533700000,1.3512418270111084,1.3514243364334106,1.3512418270111084,1.3514243364334106,0
1788534000000,1.3514060974121094,1.3515522480010986,1.3514060974121094,1.3515522480010986,0
1788534300000,1.3515887260437012,1.3516253232955933,1.3515887260437012,1.3516253232955933,0
1788534600000,1.3515887260437012,1.351607084274292,1.3515704870224,1.351607084274292,0
1788534900000,1.3516801595687866,1.3517532348632812,1.3516801595687866,1.351698398590088,0
1788535200000,1.3517348766326904,1.3518445491790771,1.3517348766326904,1.3517898321151733,0
1788535500000,1.3518445491790771,1.3519177436828613,1.351807951927185,1.3519177436828613,0
1788535800000,1.3519177436828613,1.3520638942718506,1.3518811464309692,1.351990818977356,0
1788536100000,1.3519359827041626,1.3520638942718506,1.3519359827041626,1.3520638942718506,0
1788536400000,1.3520638942718506,1.3522101640701294,1.352027416229248,1.3522101640701294,0
1788536700000,1.3521188497543335,1.3521188497543335,1.351990818977356,1.351990818977356,0
1788537000000,1.3520638942718506,1.3521369695663452,1.352027416229248,1.3520822525024414,0
1788537300000,1.351990818977356,1.351990818977356,1.3518993854522705,1.3519543409347534,0
1788537600000,1.3518445491790771,1.351990818977356,1.3518445491790771,1.3518993854522705,0
1788537900000,1.3519177436828613,1.3519177436828613,1.3515887260437012,1.3515887260437012,0
1788538200000,1.3515340089797974,1.3516618013381958,1.3515340089797974,1.3516618013381958,0
1788538500000,1.3516253232955933,1.3516618013381958,1.351607084274292,1.3516253232955933,0
1788538800000,1.3516801595687866,1.351698398590088,1.3516253232955933,1.351698398590088,0
1788539100000,1.3516801595687866,1.3517714738845825,1.351643681526184,1.3517714738845825,0
1788539400000,1.3517167568206787,1.3517167568206787,1.351515769958496,1.351515769958496,0
1788539700000,1.3515340089797974,1.3515887260437012,1.3515340089797974,1.3515887260437012,0
1788540000000,1.3515340089797974,1.3516618013381958,1.3515340089797974,1.3515522480010986,0
1788540300000,1.3515340089797974,1.3515887260437012,1.3514974117279053,1.3515887260437012,0
1788540600000,1.3515887260437012,1.3515887260437012,1.351515769958496,1.3515340089797974,0
1788540900000,1.3515887260437012,1.3517714738845825,1.3515887260437012,1.351698398590088,0
1788541200000,1.351698398590088,1.351698398590088,1.351698398590088,1.351698398590088,0
1788541500000,1.351698398590088,1.351698398590088,1.351698398590088,1.351698398590088,0
1788541800000,1.351698398590088,1.351698398590088,1.351698398590088,1.351698398590088,0
1788542100000,1.351698398590088,1.351698398590088,1.351698398590088,1.351698398590088,0
1788542400000,1.351698398590088,1.351698398590088,1.351698398590088,1.351698398590088,0
1788542700000,1.351698398590088,1.351698398590088,1.351698398590088,1.351698398590088,0
1788721200000,1.3517167568206787,1.3517532348632812,1.3517167568206787,1.3517348766326904,0
1788721500000,1.351807951927185,1.351807951927185,1.3517898321151733,1.351807951927185,0
1788721800000,1.3517898321151733,1.3519359827041626,1.3517348766326904,1.3519359827041626,0
1788722100000,1.3519177436828613,1.3519177436828613,1.3518811464309692,1.3518811464309692,0
1788722400000,1.3518993854522705,1.3518993854522705,1.3518811464309692,1.3518993854522705,0
1788722700000,1.3518263101577759,1.3518993854522705,1.3518263101577759,1.3518993854522705,0
1788723000000,1.3518263101577759,1.351990818977356,1.3518263101577759,1.351990818977356,0
1788723300000,1.352027416229248,1.352027416229248,1.3519177436828613,1.351990818977356,0
1788723600000,1.351990818977356,1.3520090579986572,1.3519543409347534,1.3520090579986572,0
1788723900000,1.3520090579986572,1.3520090579986572,1.351807951927185,1.351807951927185,0
1788724200000,1.351807951927185,1.351807951927185,1.3517167568206787,1.351807951927185,0
1788724500000,1.3518993854522705,1.3518993854522705,1.3517167568206787,1.3517714738845825,0
1788724800000,1.351807951927185,1.351807951927185,1.351698398590088,1.3517532348632812,0
1788725100000,1.351807951927185,1.351807951927185,1.3516253232955933,1.3516253232955933,0
1788725400000,1.3517167568206787,1.3519359827041626,1.3517167568206787,1.3518445491790771,0
1788725700000,1.3519359827041626,1.3521188497543335,1.3519177436828613,1.3520090579986572,0
1788726000000,1.3518993854522705,1.3520090579986572,1.3517348766326904,1.351862907409668,0
1788726300000,1.3519177436828613,1.3521369695663452,1.3518993854522705,1.3520638942718506,0
1788726600000,1.3520456552505493,1.3521369695663452,1.3520456552505493,1.3520638942718506,0
1788726900000,1.3520090579986572,1.3521919250488281,1.3520090579986572,1.3521919250488281,0
1788727200000,1.3521369695663452,1.3522284030914307,1.3521004915237427,1.3522284030914307,0
1788727500000,1.3521369695663452,1.3522101640701294,1.3521188497543335,1.3522101640701294,0
1788727800000,1.3522467613220215,1.3522467613220215,1.352027416229248,1.352027416229248,0
1788728100000,1.3520456552505493,1.3520638942718506,1.3519177436828613,1.3520638942718506,0
1788728400000,1.3520090579986572,1.3520090579986572,1.3517898321151733,1.3517898321151733,0
1788728700000,1.3518445491790771,1.3518811464309692,1.351698398590088,1.351698398590088,0
1788729000000,1.3516253232955933,1.351807951927185,1.351607084274292,1.3517167568206787,0
1788729300000,1.3515704870224,1.3515704870224,1.3513696193695068,1.3513696193695068,0
1788729600000,1.3514060974121094,1.3515887260437012,1.3514060974121094,1.3514974117279053,0
1788729900000,1.351515769958496,1.3517348766326904,1.351515769958496,1.3517348766326904,0
1788730200000,1.3517167568206787,1.3517167568206787,1.351515769958496,1.3515522480010986,0
1788730500000,1.351515769958496,1.351607084274292,1.3514792919158936,1.351607084274292,0
1788730800000,1.3515340089797974,1.3515340089797974,1.3513330221176147,1.351387858390808,0
1788731100000,1.3513330221176147,1.3514792919158936,1.3513330221176147,1.3514792919158936,0
1788731400000,1.3514609336853027,1.351607084274292,1.3514609336853027,1.3515340089797974,0
1788731700000,1.3514060974121094,1.3514060974121094,1.3512235879898071,1.3512235879898071,0
1788732000000,1.351278305053711,1.351278305053711,1.35111403465271,1.3511687517166138,0
1788732300000,1.3511505126953125,1.3511505126953125,1.3509314060211182,1.3509314060211182,0
1788732600000,1.3509314060211182,1.3509680032730103,1.3508219718933105,1.3508403301239014,0
1788732900000,1.350785493850708,1.350858449935913,1.3507307767868042,1.350858449935913,0
1788733200000,1.350858449935913,1.3508949279785156,1.3507307767868042,1.3508949279785156,0
1788733500000,1.3508766889572144,1.3509132862091064,1.3508766889572144,1.3508949279785156,0
1788733800000,1.3510043621063232,1.351022720336914,1.3508949279785156,1.3509862422943115,0
1788734100000,1.351022720336914,1.351022720336914,1.3509862422943115,1.3510043621063232,0
1788734400000,1.3509314060211182,1.3509314060211182,1.3507307767868042,1.3507307767868042,0
1788734700000,1.350712537765503,1.350785493850708,1.350694179534912,1.3507671356201172,0
1788735000000,1.3507671356201172,1.3507671356201172,1.350694179534912,1.350694179534912,0
1788735300000,1.350712537765503,1.3507490158081055,1.3506578207015991,1.3507490158081055,0
1788735600000,1.3507490158081055,1.3509132862091064,1.3507307767868042,1.3509132862091064,0
1788735900000,1.3509680032730103,1.3509680032730103,1.3508403301239014,1.3508766889572144,0
1788736200000,1.350858449935913,1.3508949279785156,1.3508037328720093,1.3508949279785156,0
1788736500000,1.3509132862091064,1.3510956764221191,1.3509132862091064,1.3510956764221191,0
1788736800000,1.3510956764221191,1.3512600660324097,1.3510956764221191,1.3512235879898071,0
1788737100000,1.3512600660324097,1.3512965440750122,1.3512235879898071,1.3512965440750122,0
1788737400000,1.3512235879898071,1.3512235879898071,1.351022720336914,1.351022720336914,0
1788737700000,1.3509862422943115,1.3510043621063232,1.3509314060211182,1.3509314060211182,0
1788738000000,1.3508949279785156,1.3510043621063232,1.3508219718933105,1.3508949279785156,0
1788738300000,1.3509132862091064,1.3509496450424194,1.3508949279785156,1.3508949279785156,0
1788738600000,1.3508949279785156,1.3509132862091064,1.3508219718933105,1.350858449935913,0
1788738900000,1.3509314060211182,1.35111403465271,1.3509314060211182,1.35111403465271,0
1788739200000,1.3511505126953125,1.3511505126953125,1.3510409593582153,1.3510956764221191,0
1788739500000,1.3510409593582153,1.3511505126953125,1.3510409593582153,1.3511505126953125,0
1788739800000,1.3511322736740112,1.3511322736740112,1.35111403465271,1.35111403465271,0
1788740100000,1.3511322736740112,1.3511322736740112,1.3510591983795166,1.3510775566101074,0
1788740400000,1.3510409593582153,1.3510956764221191,1.3509680032730103,1.3510409593582153,0
1788740700000,1.3510409593582153,1.3510775566101074,1.351022720336914,1.3510409593582153,0
1788741000000,1.351022720336914,1.3510409593582153,1.3510043621063232,1.3510043621063232,0
1788741300000,1.351022720336914,1.351022720336914,1.3508949279785156,1.3508949279785156,0
1788741600000,1.3508949279785156,1.351022720336914,1.3508949279785156,1.3510043621063232,0
1788741900000,1.3510409593582153,1.35111403465271,1.351022720336914,1.35111403465271,0
1788742200000,1.35111403465271,1.3512052297592163,1.35111403465271,1.3511687517166138,0
1788742500000,1.351186990737915,1.3512418270111084,1.351186990737915,1.3512418270111084,0
1788742800000,1.3512052297592163,1.3512965440750122,1.3512052297592163,1.351278305053711,0
1788743100000,1.351314902305603,1.351314902305603,1.3511322736740112,1.3511687517166138,0
1788743400000,1.351278305053711,1.351278305053711,1.3511322736740112,1.3511322736740112,0
1788743700000,1.3511322736740112,1.3511505126953125,1.35111403465271,1.3511322736740112,0
1788744000000,1.35111403465271,1.3511505126953125,1.3510775566101074,1.3511505126953125,0
1788744300000,1.3511505126953125,1.3512600660324097,1.351022720336914,1.3512600660324097,0
1788744600000,1.351314902305603,1.351314902305603,1.3512052297592163,1.3512965440750122,0
1788744900000,1.351314902305603,1.3514609336853027,1.351314902305603,1.3514243364334106,0
1788745200000,1.3514426946640015,1.3514426946640015,1.351387858390808,1.3514426946640015,0
1788745500000,1.3514243364334106,1.3514792919158936,1.3514243364334106,1.3514792919158936,0
1788745800000,1.3514243364334106,1.351643681526184,1.3514243364334106,1.3515340089797974,0
1788746100000,1.3516253232955933,1.3519359827041626,1.3516253232955933,1.3519177436828613,0
1788746400000,1.3518445491790771,1.3518445491790771,1.351515769958496,1.351515769958496,0
1788746700000,1.3516253232955933,1.3518263101577759,1.3516253232955933,1.3518263101577759,0
1788747000000,1.3517532348632812,1.351807951927185,1.351698398590088,1.351807951927185,0
1788747300000,1.3516801595687866,1.3520638942718506,1.3516801595687866,1.3520638942718506,0
1788747600000,1.3521369695663452,1.3524478673934937,1.3520822525024414,1.3524478673934937,0
1788747900000,1.352539300918579,1.352649211883545,1.3525211811065674,1.352594256401062,0
1788748200000,1.352649211883545,1.3531067371368408,1.352649211883545,1.3531067371368408,0
1788748500000,1.3531250953674316,1.3531250953674316,1.3527406454086304,1.3529419898986816,0
1788748800000,1.3531067371368408,1.3531067371368408,1.3529053926467896,1.3529237508773804,0
1788749100000,1.3529237508773804,1.3529785871505737,1.3528138399124146,1.3528138399124146,0
1788749400000,1.3528138399124146,1.3528138399124146,1.3527772426605225,1.3527954816818237,0
1788749700000,1.3527222871780396,1.3528138399124146,1.352685809135437,1.352685809135437,0
1788750000000,1.352685809135437,1.3528138399124146,1.3524844646453857,1.3528138399124146,0
1788750300000,1.3527406454086304,1.3527772426605225,1.3525760173797607,1.3525760173797607,0
1788750600000,1.3524844646453857,1.3524844646453857,1.3522833585739136,1.3523746728897095,0
1788750900000,1.3523930311203003,1.352539300918579,1.3523930311203003,1.3524296283721924,0
1788751200000,1.3524113893508911,1.3525028228759766,1.3524113893508911,1.3525028228759766,0
1788751500000,1.35255765914917,1.352649211883545,1.3525211811065674,1.3525211811065674,0
1788751800000,1.3526124954223633,1.3527406454086304,1.352594256401062,1.3527406454086304,0
1788752100000,1.3527040481567383,1.3527040481567383,1.3525211811065674,1.3525211811065674,0
1788752400000,1.352539300918579,1.3526124954223633,1.3523198366165161,1.3526124954223633,0
1788752700000,1.352630853652954,1.3527590036392212,1.352630853652954,1.3527406454086304,0
1788753000000,1.3528321981430054,1.353033423423767,1.3528321981430054,1.3529237508773804,0
1788753300000,1.3529969453811646,1.3533082008361816,1.3529969453811646,1.3533082008361816,0
1788753600000,1.3532531261444092,1.353363037109375,1.3531250953674316,1.3533082008361816,0
1788753900000,1.353143334388733,1.3537112474441528,1.353143334388733,1.3537112474441528,0
1788754200000,1.3536561727523804,1.3539679050445557,1.3536561727523804,1.3538395166397095,0
1788754500000,1.353747844696045,1.3542062044143677,1.353747844696045,1.3542062044143677,0
1788754800000,1.3543345928192139,1.3544996976852417,1.3540228605270386,1.3540412187576294,0
1788755100000,1.3540778160095215,1.3544812202453613,1.3540778160095215,1.3541145324707031,0
1788755400000,1.354316234588623,1.354316234588623,1.354224443435669,1.3542977571487427,0
1788755700000,1.3543895483016968,1.3543895483016968,1.3539679050445557,1.353986144065857,0
1788756000000,1.3537845611572266,1.3537845611572266,1.3536195755004883,1.3537296056747437,0
1788756300000,1.3536195755004883,1.353637933731079,1.3534547090530396,1.3534547090530396,0
1788756600000,1.3533265590667725,1.3534547090530396,1.3533265590667725,1.3534363508224487,0
1788756900000,1.353271484375,1.3535828590393066,1.353271484375,1.3535828590393066,0
1788757200000,1.3535280227661133,1.3535646200180054,1.3535280227661133,1.3535646200180054,0
1788757500000,1.3535646200180054,1.3535646200180054,1.3533265590667725,1.3535462617874146,0
1788757800000,1.353637933731079,1.353637933731079,1.3535096645355225,1.3536195755004883,0
1788758100000,1.3536561727523804,1.3538029193878174,1.3536561727523804,1.3538029193878174,0
1788758400000,1.3537296056747437,1.3538578748703003,1.3537296056747437,1.3538578748703003,0
1788758700000,1.3538211584091187,1.3540412187576294,1.3538211584091187,1.3540412187576294,0
1788759000000,1.353931188583374,1.3543345928192139,1.353931188583374,1.354224443435669,0
1788759300000,1.3542062044143677,1.3542977571487427,1.354132890701294,1.3542428016662598,0
1788759600000,1.354169487953186,1.354169487953186,1.353747844696045,1.353747844696045,0
1788759900000,1.3538211584091187,1.3539128303527832,1.3537845611572266,1.3539128303527832,0
1788760200000,1.353692889213562,1.353692889213562,1.3534914255142212,1.3535828590393066,0
1788760500000,1.3536195755004883,1.3537845611572266,1.3535828590393066,1.3536561727523804,0
1788760800000,1.3536561727523804,1.3536561727523804,1.353637933731079,1.3536561727523804,0
1788761100000,1.3536561727523804,1.3536561727523804,1.3535280227661133,1.3535280227661133,0
1788761400000,1.3534914255142212,1.3535828590393066,1.3534730672836304,1.3534730672836304,0
1788761700000,1.353417992591858,1.3538211584091187,1.353417992591858,1.3538211584091187,0
1788762000000,1.3539128303527832,1.3539128303527832,1.3536745309829712,1.3538578748703003,0
1788762300000,1.3538211584091187,1.3538211584091187,1.3536012172698975,1.3536012172698975,0
1788762600000,1.3536195755004883,1.3537296056747437,1.3535828590393066,1.3535828590393066,0
1788762900000,1.3535462617874146,1.353637933731079,1.3535280227661133,1.353637933731079,0
1788763200000,1.3537112474441528,1.3540045022964478,1.3537112474441528,1.3540045022964478,0
1788763500000,1.3539495468139648,1.3540961742401123,1.353931188583374,1.353931188583374,0
1788763800000,1.353931188583374,1.3541145324707031,1.353931188583374,1.3540045022964478,0
1788764100000,1.3538395166397095,1.353931188583374,1.353692889213562,1.353931188583374,0
1788764400000,1.3539495468139648,1.3539495468139648,1.3537112474441528,1.3538578748703003,0
1788764700000,1.3540228605270386,1.3540228605270386,1.3538578748703003,1.3538578748703003,0
1788765000000,1.3537112474441528,1.353747844696045,1.353637933731079,1.353637933731079,0
1788765300000,1.353637933731079,1.3537296056747437,1.353637933731079,1.353637933731079,0
1788765600000,1.353637933731079,1.3537296056747437,1.353637933731079,1.3537296056747437,0
1788765900000,1.3536012172698975,1.353692889213562,1.3536012172698975,1.3536745309829712,0
1788766200000,1.3536195755004883,1.3536195755004883,1.3535096645355225,1.3535096645355225,0
1788766500000,1.3534730672836304,1.3537112474441528,1.3534730672836304,1.353692889213562,0
1788766800000,1.3536195755004883,1.353747844696045,1.3536195755004883,1.353637933731079,0
1788767100000,1.3535646200180054,1.3537662029266357,1.3535646200180054,1.3537662029266357,0
1788767400000,1.3537112474441528,1.3537112474441528,1.3534914255142212,1.3534914255142212,0
1788767700000,1.353417992591858,1.353417992591858,1.353417992591858,1.353417992591858,0
1788767790000,1.3534730672836304,1.3534730672836304,1.3534730672836304,1.3534730672836304,0
1788768000000,1.3533265590667725,1.3533265590667725,1.3530884981155396,1.3530884981155396,0
1788768300000,1.3531616926193237,1.3533265590667725,1.3531616926193237,1.353234887123108,0
1788768600000,1.3531067371368408,1.353143334388733,1.353051781654358,1.353051781654358,0
1788768900000,1.3530884981155396,1.3532166481018066,1.352960228919983,1.3532166481018066,0
1788769200000,1.3531982898712158,1.3534547090530396,1.3531982898712158,1.3534363508224487,0
1788769500000,1.353363037109375,1.3535646200180054,1.353363037109375,1.3535646200180054,0
1788769800000,1.3535828590393066,1.3537296056747437,1.3535828590393066,1.3537112474441528,0
1788770100000,1.353692889213562,1.3538578748703003,1.3536012172698975,1.3538578748703003,0
1788770400000,1.353747844696045,1.3538395166397095,1.353747844696045,1.3537662029266357,0
1788770700000,1.3538395166397095,1.3538395166397095,1.3537112474441528,1.3537662029266357,0
1788771000000,1.3539128303527832,1.3539128303527832,1.3534363508224487,1.3534363508224487,0
1788771300000,1.3535462617874146,1.3537845611572266,1.3535462617874146,1.3537845611572266,0
1788771600000,1.3538578748703003,1.353986144065857,1.3537845611572266,1.3538762331008911,0
1788771900000,1.3538029193878174,1.3538029193878174,1.353637933731079,1.353692889213562,0
1788772172000,1.3537845611572266,1.3537845611572266,1.3537845611572266,1.3537845611572266,0
1788772200000,1.3538211584091187,1.3539128303527832,1.3537845611572266,1.3539128303527832,0
1788772500000,1.3539128303527832,1.3539128303527832,1.3536745309829712,1.353747844696045,0
1788772800000,1.3537112474441528,1.353931188583374,1.3537112474441528,1.3538395166397095,0
1788773100000,1.3538029193878174,1.3538395166397095,1.3537112474441528,1.3537112474441528,0
1788773400000,1.353637933731079,1.3538395166397095,1.353637933731079,1.3537845611572266,0
1788773700000,1.3538395166397095,1.3538395166397095,1.3536012172698975,1.3536745309829712,0
1788774000000,1.3537845611572266,1.3538578748703003,1.3537662029266357,1.3538578748703003,0
1788774300000,1.3539495468139648,1.3540228605270386,1.3537845611572266,1.3538029193878174,0
1788774600000,1.3538211584091187,1.3538211584091187,1.3538211584091187,1.3538211584091187,0
1788774693000,1.3539495468139648,1.3539495468139648,1.3539495468139648,1.3539495468139648,0
1788774900000,1.3538762331008911,1.3538944721221924,1.3538395166397095,1.3538762331008911,0
1788775200000,1.3538578748703003,1.3538762331008911,1.3537296056747437,1.3537296056747437,0
1788775500000,1.353747844696045,1.3537662029266357,1.3537112474441528,1.3537662029266357,0
1788775800000,1.3539128303527832,1.3541511297225952,1.3539128303527832,1.3541511297225952,0
1788776100000,1.3540412187576294,1.354316234588623,1.3540412187576294,1.3542977571487427,0
1788776400000,1.3541878461837769,1.3541878461837769,1.3540045022964478,1.3540228605270386,0
1788776700000,1.354169487953186,1.354169487953186,1.3540045022964478,1.3540045022964478,0
1788777000000,1.3539495468139648,1.3539495468139648,1.3538762331008911,1.3538762331008911,0
1788777300000,1.353931188583374,1.354169487953186,1.353931188583374,1.3541145324707031,0
1788777600000,1.354169487953186,1.354169487953186,1.3539495468139648,1.3540228605270386,0
1788777900000,1.353986144065857,1.3540412187576294,1.3539128303527832,1.3540228605270386,0
1788778200000,1.3540228605270386,1.3542977571487427,1.3540045022964478,1.3542062044143677,0
1788778500000,1.3541878461837769,1.354628086090088,1.3540961742401123,1.354628086090088,0
1788778800000,1.354628086090088,1.3547565937042236,1.3544812202453613,1.3547382354736328,0
1788779100000,1.3545364141464233,1.3545364141464233,1.3542062044143677,1.3544262647628784,0
1788779400000,1.3543895483016968,1.3544262647628784,1.3542977571487427,1.3542977571487427,0
1788779700000,1.3542611598968506,1.354316234588623,1.3542062044143677,1.3542611598968506,0
1788780000000,1.3542428016662598,1.3543345928192139,1.354224443435669,1.3543345928192139,0
1788780300000,1.3543529510498047,1.3543895483016968,1.3542977571487427,1.3543895483016968,0
1788780600000,1.3543895483016968,1.3544628620147705,1.3542062044143677,1.354224443435669,0
1788780900000,1.3542062044143677,1.3542795181274414,1.3542062044143677,1.3542795181274414,0
1788781200000,1.354316234588623,1.354316234588623,1.3542062044143677,1.3542428016662598,0
1788781500000,1.354224443435669,1.3542428016662598,1.354169487953186,1.3542428016662598,0
1788781800000,1.354132890701294,1.3541511297225952,1.3540594577789307,1.3540594577789307,0
1788782100000,1.3540594577789307,1.3540594577789307,1.3540045022964478,1.3540228605270386,0
1788782400000,1.3540412187576294,1.3540412187576294,1.3538944721221924,1.353931188583374,0
1788782700000,1.3541145324707031,1.3541878461837769,1.3541145324707031,1.3541145324707031,0
1788783000000,1.3541878461837769,1.354224443435669,1.354132890701294,1.354224443435669,0
1788783300000,1.3542062044143677,1.3542062044143677,1.3540778160095215,1.3541145324707031,0
1788783600000,1.3541511297225952,1.3541511297225952,1.3541145324707031,1.3541145324707031,0
1788783900000,1.3541511297225952,1.3544079065322876,1.3541145324707031,1.3543345928192139,0
1788784200000,1.3544079065322876,1.3544079065322876,1.3543895483016968,1.3543895483016968,0
1788784500000,1.3544628620147705,1.3545364141464233,1.3544628620147705,1.3545364141464233,0
1788784800000,1.354609727859497,1.3546464443206787,1.354609727859497,1.3546464443206787,0
1788785100000,1.3547382354736328,1.3547382354736328,1.3547013998031616,1.354719877243042,0
1788785400000,1.3547749519348145,1.3548115491867065,1.3547013998031616,1.3547013998031616,0
1788785700000,1.3546464443206787,1.3547382354736328,1.3546464443206787,1.3547382354736328,0
1788786000000,1.354609727859497,1.354628086090088,1.3544628620147705,1.3544628620147705,0
1788786300000,1.3544079065322876,1.3545364141464233,1.3544079065322876,1.3544446229934692,0
1788786600000,1.3544262647628784,1.3544628620147705,1.3544079065322876,1.3544628620147705,0
1788786900000,1.3544812202453613,1.3544812202453613,1.3543895483016968,1.3543895483016968,0
1788787200000,1.354316234588623,1.3543345928192139,1.3542795181274414,1.3542795181274414,0
1788787500000,1.3542977571487427,1.3543345928192139,1.3542977571487427,1.3543345928192139,0
1788787800000,1.3543345928192139,1.3543529510498047,1.3543345928192139,1.3543345928192139,0
1788788100000,1.3543529510498047,1.3543713092803955,1.354316234588623,1.354316234588623,0
1788788400000,1.3543345928192139,1.3543895483016968,1.354316234588623,1.354316234588623,0
1788788700000,1.354316234588623,1.354316234588623,1.354224443435669,1.354224443435669,0
1788789000000,1.3542428016662598,1.3542428016662598,1.3542428016662598,1.3542428016662598,0
1788789300000,1.354224443435669,1.3542977571487427,1.354224443435669,1.3542977571487427,0
1788789513000,1.354316234588623,1.354316234588623,1.354316234588623,1.354316234588623,0
1788789600000,1.354316234588623,1.3543345928192139,1.3542977571487427,1.3542977571487427,0
1788789900000,1.3542977571487427,1.354316234588623,1.3541878461837769,1.3542062044143677,0
1788790200000,1.354224443435669,1.3542428016662598,1.354224443435669,1.354224443435669,0
1788790500000,1.354224443435669,1.3542428016662598,1.3542062044143677,1.3542428016662598,0
1788790800000,1.354224443435669,1.354224443435669,1.3542062044143677,1.3542062044143677,0
1788791100000,1.3541145324707031,1.354132890701294,1.3540961742401123,1.3541145324707031,0
1788791400000,1.354132890701294,1.3541878461837769,1.3541145324707031,1.3541878461837769,0
1788791700000,1.3542428016662598,1.3542428016662598,1.354169487953186,1.354224443435669,0
1788792000000,1.3542428016662598,1.3542611598968506,1.3542428016662598,1.3542611598968506,0
1788792300000,1.3542428016662598,1.3542428016662598,1.3541511297225952,1.3541878461837769,0
1788792600000,1.3541878461837769,1.3541878461837769,1.3541511297225952,1.3541511297225952,0
1788792900000,1.354132890701294,1.3541878461837769,1.354132890701294,1.3541878461837769,0
1788793200000,1.354224443435669,1.354224443435669,1.354224443435669,1.354224443435669,0
1788793409000,1.3542062044143677,1.3542062044143677,1.3542062044143677,1.3542062044143677,0
1788793500000,1.3542062044143677,1.3542062044143677,1.3540961742401123,1.3540961742401123,0
1788793800000,1.354132890701294,1.354169487953186,1.354132890701294,1.354132890701294,0
1788794100000,1.354132890701294,1.354132890701294,1.3540778160095215,1.3540961742401123,0
1788794400000,1.3540961742401123,1.3540961742401123,1.3540412187576294,1.3540961742401123,0
1788794700000,1.3540961742401123,1.3540961742401123,1.3540594577789307,1.3540778160095215,0
1788795000000,1.3540228605270386,1.3540228605270386,1.3539679050445557,1.3539679050445557,0
1788795300000,1.353986144065857,1.3540045022964478,1.3539495468139648,1.3540045022964478,0
1788795600000,1.353986144065857,1.3540228605270386,1.353986144065857,1.353986144065857,0
1788795900000,1.353986144065857,1.3540412187576294,1.353986144065857,1.3540412187576294,0
1788796200000,1.3540228605270386,1.3540412187576294,1.3540228605270386,1.3540412187576294,0
1788796500000,1.3540412187576294,1.3540778160095215,1.3540228605270386,1.3540412187576294,0
1788796800000,1.3540228605270386,1.3540594577789307,1.3540228605270386,1.3540594577789307,0
1788797100000,1.3540412187576294,1.3540594577789307,1.3540228605270386,1.3540228605270386,0
1788797400000,1.3540412187576294,1.3540412187576294,1.3540228605270386,1.3540412187576294,0
1788797700000,1.3540778160095215,1.354132890701294,1.3540594577789307,1.354132890701294,0
1788798000000,1.3541511297225952,1.3541511297225952,1.354132890701294,1.354132890701294,0
1788798300000,1.3541145324707031,1.3541511297225952,1.3541145324707031,1.3541511297225952,0
1788798600000,1.3540961742401123,1.354132890701294,1.3540961742401123,1.354132890701294,0
1788798900000,1.354132890701294,1.354132890701294,1.3540961742401123,1.354132890701294,0
1788799200000,1.3541145324707031,1.3541511297225952,1.3541145324707031,1.3541511297225952,0
1788799500000,1.3541511297225952,1.354169487953186,1.3541511297225952,1.3541511297225952,0
1788799800000,1.3541145324707031,1.354132890701294,1.3541145324707031,1.354132890701294,0
1788800100000,1.3540961742401123,1.354132890701294,1.3540961742401123,1.354132890701294,0
1788800400000,1.354628086090088,1.354628086090088,1.354169487953186,1.3542611598968506,0
1788800700000,1.3541145324707031,1.3542062044143677,1.3540778160095215,1.354132890701294,0
1788801000000,1.3541145324707031,1.3544079065322876,1.3540961742401123,1.354132890701294,0
1788801300000,1.354132890701294,1.354224443435669,1.353931188583374,1.354224443435669,0
1788801600000,1.3543345928192139,1.3543345928192139,1.354169487953186,1.354169487953186,0
1788801900000,1.3540961742401123,1.3542428016662598,1.3540778160095215,1.3540778160095215,0
1788802200000,1.3542611598968506,1.3543895483016968,1.3541878461837769,1.3543345928192139,0
1788802500000,1.354132890701294,1.354224443435669,1.3540961742401123,1.354132890701294,0
1788802800000,1.3540778160095215,1.3542795181274414,1.3540594577789307,1.3542795181274414,0
1788803100000,1.3541511297225952,1.3543895483016968,1.3541511297225952,1.3542428016662598,0
1788803400000,1.354224443435669,1.3543529510498047,1.354224443435669,1.3543529510498047,0
1788803700000,1.354224443435669,1.3544079065322876,1.354224443435669,1.3543345928192139,0
1788804000000,1.3542977571487427,1.3542977571487427,1.3542977571487427,1.3542977571487427,0
1788804092000,1.3542428016662598,1.3542428016662598,1.3542428016662598,1.3542428016662598,0
1788804300000,1.354224443435669,1.3542428016662598,1.3542062044143677,1.3542428016662598,0
1788804600000,1.3542428016662598,1.3542977571487427,1.3542428016662598,1.3542795181274414,0
1788804900000,1.354316234588623,1.3544262647628784,1.3542977571487427,1.3544262647628784,0
1788805200000,1.3543895483016968,1.3543895483016968,1.354224443435669,1.3543529510498047,0
1788805500000,1.3542977571487427,1.3544262647628784,1.3542977571487427,1.3544262647628784,0
1788805800000,1.3543345928192139,1.3543345928192139,1.3542795181274414,1.3542795181274414,0
1788806100000,1.3542611598968506,1.3542977571487427,1.3541878461837769,1.3541878461837769,0
1788806400000,1.3542062044143677,1.354224443435669,1.3541878461837769,1.3541878461837769,0
1788806700000,1.354224443435669,1.354224443435669,1.354169487953186,1.354169487953186,0
1788807000000,1.3542428016662598,1.354316234588623,1.3542428016662598,1.3542428016662598,0
1788807300000,1.3542977571487427,1.354316234588623,1.3542795181274414,1.354316234588623,0
1788807600000,1.3543529510498047,1.3544262647628784,1.3543529510498047,1.3544262647628784,0
1788807900000,1.3543895483016968,1.3545364141464233,1.3543895483016968,1.3545364141464233,0
1788808200000,1.3545180559158325,1.3545546531677246,1.3544628620147705,1.3545546531677246,0
1788808500000,1.3545546531677246,1.354719877243042,1.3545180559158325,1.354719877243042,0
1788808800000,1.3547382354736328,1.3547931909561157,1.3546831607818604,1.3547013998031616,0
1788809100000,1.354609727859497,1.354719877243042,1.354609727859497,1.354609727859497,0
1788809400000,1.354830026626587,1.354830026626587,1.354628086090088,1.3546648025512695,0
1788809700000,1.3547565937042236,1.3548115491867065,1.3547013998031616,1.3548115491867065,0
1788810000000,1.3547382354736328,1.354830026626587,1.3547382354736328,1.3547931909561157,0
1788810300000,1.3549033403396606,1.3549401760101318,1.354866623878479,1.3549401760101318,0
1788810600000,1.3548115491867065,1.3548115491867065,1.354609727859497,1.354609727859497,0
1788810900000,1.354628086090088,1.3547382354736328,1.354628086090088,1.3547382354736328,0
1788811200000,1.3546648025512695,1.354921817779541,1.3546464443206787,1.3546464443206787,0
1788811500000,1.3545364141464233,1.3546464443206787,1.3545364141464233,1.3545913696289062,0
1788811800000,1.3544079065322876,1.3544446229934692,1.3542062044143677,1.3542062044143677,0
1788812100000,1.3542062044143677,1.354316234588623,1.3542062044143677,1.354316234588623,0
1788812400000,1.354316234588623,1.3544079065322876,1.3542795181274414,1.3542977571487427,0
1788812700000,1.3543529510498047,1.3545180559158325,1.3543529510498047,1.3545180559158325,0
1788813000000,1.3545364141464233,1.3545546531677246,1.3544996976852417,1.3544996976852417,0
1788813300000,1.3544812202453613,1.3545180559158325,1.3543895483016968,1.3543895483016968,0
1788813600000,1.3544262647628784,1.3545364141464233,1.3543529510498047,1.3543529510498047,0
1788813900000,1.3543713092803955,1.3543895483016968,1.3542795181274414,1.3542795181274414,0
1788814200000,1.3544628620147705,1.3545364141464233,1.3543895483016968,1.3545180559158325,0
1788814500000,1.3544996976852417,1.3544996976852417,1.3543345928192139,1.3543345928192139,0
1788814800000,1.3543529510498047,1.3544446229934692,1.3542062044143677,1.3542062044143677,0
1788815100000,1.3541878461837769,1.3544812202453613,1.3541878461837769,1.3544812202453613,0
1788815400000,1.3544628620147705,1.3545180559158325,1.3544079065322876,1.3544262647628784,0
1788815700000,1.3544628620147705,1.3546464443206787,1.3544628620147705,1.3545546531677246,0
1788816000000,1.3545180559158325,1.3547931909561157,1.3544628620147705,1.3547931909561157,0
1788816300000,1.354866623878479,1.3550136089324951,1.3547565937042236,1.3547565937042236,0
1788816600000,1.3547382354736328,1.3547382354736328,1.3546648025512695,1.3546831607818604,0
1788816900000,1.3545913696289062,1.3546648025512695,1.3545180559158325,1.3545180559158325,0
1788817200000,1.3545913696289062,1.354628086090088,1.3544262647628784,1.3545913696289062,0
1788817500000,1.3546464443206787,1.3547013998031616,1.3545913696289062,1.3545913696289062,0
1788817800000,1.3545546531677246,1.354628086090088,1.3544812202453613,1.354628086090088,0
1788818100000,1.3546464443206787,1.3548115491867065,1.3546464443206787,1.3548115491867065,0
1788818400000,1.354866623878479,1.354921817779541,1.354628086090088,1.354628086090088,0
1788818700000,1.354719877243042,1.354719877243042,1.3545913696289062,1.3545913696289062,0
1788819000000,1.3544996976852417,1.3545180559158325,1.3542795181274414,1.3542795181274414,0
1788819300000,1.3543713092803955,1.3545364141464233,1.3543713092803955,1.3544079065322876,0
1788819600000,1.3544262647628784,1.3545730113983154,1.354316234588623,1.3545730113983154,0
1788819900000,1.3544079065322876,1.3544079065322876,1.3540961742401123,1.3540961742401123,0
1788820200000,1.3540961742401123,1.3540961742401123,1.3538762331008911,1.3538762331008911,0
1788820500000,1.3536012172698975,1.353637933731079,1.3535828590393066,1.353637933731079,0
1788820800000,1.3536745309829712,1.3537662029266357,1.3536745309829712,1.3537662029266357,0
1788821100000,1.3537845611572266,1.3537845611572266,1.3536012172698975,1.3536195755004883,0
1788821400000,1.3537112474441528,1.3537112474441528,1.3535096645355225,1.3535462617874146,0
1788821700000,1.3535280227661133,1.3535646200180054,1.3535280227661133,1.3535280227661133,0
1788822000000,1.353417992591858,1.3535280227661133,1.353417992591858,1.3535280227661133,0
1788822300000,1.3535646200180054,1.3536745309829712,1.3535646200180054,1.3535828590393066,0
1788822600000,1.3535828590393066,1.3536012172698975,1.3535280227661133,1.3536012172698975,0
1788822900000,1.3536012172698975,1.3538395166397095,1.3536012172698975,1.3538395166397095,0
1788823200000,1.3538944721221924,1.3538944721221924,1.3537296056747437,1.3537845611572266,0
1788823500000,1.3538211584091187,1.3538395166397095,1.3538029193878174,1.3538395166397095,0
1788823800000,1.3538578748703003,1.3538578748703003,1.3536745309829712,1.3536745309829712,0
1788824100000,1.3536745309829712,1.3538029193878174,1.3536745309829712,1.3538029193878174,0
1788824400000,1.3537845611572266,1.3539495468139648,1.3537845611572266,1.3539495468139648,0
1788824700000,1.3539128303527832,1.3540228605270386,1.3539128303527832,1.3540228605270386,0
1788825000000,1.3540228605270386,1.3540228605270386,1.3537112474441528,1.3537112474441528,0
1788825300000,1.3537662029266357,1.3538395166397095,1.3537662029266357,1.3538395166397095,0
1788825600000,1.3538944721221924,1.3538944721221924,1.3537296056747437,1.3538211584091187,0
1788825900000,1.3538211584091187,1.3538578748703003,1.353747844696045,1.353747844696045,0
1788826200000,1.3538029193878174,1.3538395166397095,1.3537662029266357,1.3537662029266357,0
1788826500000,1.3537112474441528,1.3537112474441528,1.3536745309829712,1.353692889213562,0
1788826800000,1.353692889213562,1.3538578748703003,1.353692889213562,1.3538578748703003,0
1788827100000,1.3537845611572266,1.3537845611572266,1.3536745309829712,1.3537296056747437,0
1788827400000,1.3537662029266357,1.3538211584091187,1.3537296056747437,1.3538029193878174,0
1788827700000,1.3537112474441528,1.3537112474441528,1.353637933731079,1.353692889213562,0
1788828000000,1.353747844696045,1.3538029193878174,1.3537112474441528,1.3538029193878174,0
1788828300000,1.3539128303527832,1.353931188583374,1.3538211584091187,1.3538762331008911,0
1788828600000,1.3539128303527832,1.3539128303527832,1.3537845611572266,1.3538944721221924,0
1788828900000,1.3539128303527832,1.3540412187576294,1.3539128303527832,1.3540228605270386,0
1788829200000,1.3540045022964478,1.3541145324707031,1.3540045022964478,1.3541145324707031,0
1788829500000,1.3540778160095215,1.3541145324707031,1.3540228605270386,1.3540228605270386,0
1788829800000,1.3540961742401123,1.3540961742401123,1.3540412187576294,1.3540412187576294,0
1788830100000,1.3540961742401123,1.3542062044143677,1.3540961742401123,1.3541145324707031,0
1788830400000,1.3541145324707031,1.3541145324707031,1.3538944721221924,1.3538944721221924,0
1788830700000,1.3538762331008911,1.353931188583374,1.3538395166397095,1.3538395166397095,0
1788831000000,1.3537662029266357,1.3538944721221924,1.3537662029266357,1.3538944721221924,0
1788831300000,1.353931188583374,1.3540594577789307,1.353931188583374,1.353931188583374,0
1788831600000,1.3539128303527832,1.3541145324707031,1.3539128303527832,1.3541145324707031,0
1788831900000,1.3540228605270386,1.354132890701294,1.3539495468139648,1.3540045022964478,0
1788832200000,1.3540045022964478,1.354132890701294,1.353986144065857,1.353986144065857,0
1788832500000,1.3540594577789307,1.3544079065322876,1.3540228605270386,1.3544079065322876,0
1788832800000,1.3544628620147705,1.354830026626587,1.3544628620147705,1.354830026626587,0
1788833100000,1.355233907699585,1.3553258180618286,1.354830026626587,1.354830026626587,0
1788833400000,1.3547382354736328,1.3547382354736328,1.3544812202453613,1.3545180559158325,0
1788833700000,1.3544812202453613,1.3545180559158325,1.3540412187576294,1.3540412187576294,0
1788834000000,1.3538944721221924,1.3539679050445557,1.3536012172698975,1.3538395166397095,0
1788834300000,1.3538211584091187,1.3539495468139648,1.3538211584091187,1.3538395166397095,0
1788834600000,1.353986144065857,1.353986144065857,1.3537296056747437,1.3537296056747437,0
1788834900000,1.3536012172698975,1.353931188583374,1.3535646200180054,1.353931188583374,0
1788835200000,1.3540228605270386,1.3542428016662598,1.3540045022964478,1.3542428016662598,0
1788835500000,1.3540045022964478,1.3540228605270386,1.3539128303527832,1.3540228605270386,0
1788835800000,1.3540412187576294,1.3540778160095215,1.3538395166397095,1.3539495468139648,0
1788836100000,1.353931188583374,1.353931188583374,1.3537296056747437,1.3537845611572266,0
1788836400000,1.3536012172698975,1.3540412187576294,1.3536012172698975,1.3540412187576294,0
1788836700000,1.3540412187576294,1.3541145324707031,1.3540228605270386,1.3540412187576294,0
1788837000000,1.3539495468139648,1.3540412187576294,1.3538211584091187,1.3540412187576294,0
1788837300000,1.3538762331008911,1.3539128303527832,1.3537112474441528,1.3538211584091187,0
1788837600000,1.3540228605270386,1.3540412187576294,1.3533997535705566,1.3533997535705566,0
1788837900000,1.3534914255142212,1.353637933731079,1.353417992591858,1.3536195755004883,0
1788838200000,1.353637933731079,1.3537845611572266,1.3535280227661133,1.3535280227661133,0
1788838500000,1.3535280227661133,1.3535828590393066,1.3533813953399658,1.3533813953399658,0
1788838800000,1.353143334388733,1.353143334388733,1.3527954816818237,1.3528870344161987,0
1788839100000,1.3529237508773804,1.3532166481018066,1.3529237508773804,1.3531250953674316,0
1788839400000,1.3529969453811646,1.3532531261444092,1.3529969453811646,1.3529969453811646,0
1788839700000,1.3531250953674316,1.3531616926193237,1.3530884981155396,1.353143334388733,0
1788840000000,1.3531982898712158,1.353417992591858,1.3531616926193237,1.3531982898712158,0
1788840300000,1.3533082008361816,1.3535096645355225,1.3529785871505737,1.3529785871505737,0
1788840600000,1.3528321981430054,1.3528870344161987,1.352649211883545,1.352649211883545,0
1788840900000,1.352539300918579,1.3525760173797607,1.3523930311203003,1.3525760173797607,0
1788841200000,1.352539300918579,1.3527954816818237,1.352539300918579,1.3527954816818237,0
1788841500000,1.3530151844024658,1.353051781654358,1.3529419898986816,1.353033423423767,0
1788841800000,1.353051781654358,1.353234887123108,1.353033423423767,1.3532166481018066,0
1788842100000,1.353143334388733,1.353143334388733,1.352960228919983,1.3531250953674316,0
1788842400000,1.3530151844024658,1.3530151844024658,1.3529053926467896,1.3529053926467896,0
1788842700000,1.352685809135437,1.3528870344161987,1.3526124954223633,1.3527406454086304,0
1788843000000,1.3528321981430054,1.3528321981430054,1.352594256401062,1.3527040481567383,0
1788843300000,1.35255765914917,1.35255765914917,1.3525028228759766,1.3525211811065674,0
1788843600000,1.3524662256240845,1.3527040481567383,1.3524662256240845,1.3527040481567383,0
1788843900000,1.3527772426605225,1.3529237508773804,1.3525028228759766,1.3525028228759766,0
1788844200000,1.352594256401062,1.352594256401062,1.3524113893508911,1.3525028228759766,0
1788844500000,1.3524296283721924,1.352630853652954,1.3524296283721924,1.3524478673934937,0
1788844800000,1.3524844646453857,1.3526124954223633,1.3524478673934937,1.3524662256240845,0
1788845100000,1.352539300918579,1.352539300918579,1.3525028228759766,1.3525028228759766,0
1788845400000,1.352630853652954,1.3527406454086304,1.352630853652954,1.3526674509048462,0
1788845700000,1.3527590036392212,1.353033423423767,1.3527590036392212,1.353033423423767,0
1788846000000,1.353033423423767,1.3533265590667725,1.352868676185608,1.352868676185608,0
1788846300000,1.3529419898986816,1.3529785871505737,1.3527954816818237,1.3528321981430054,0
1788846600000,1.3529969453811646,1.353051781654358,1.352685809135437,1.352685809135437,0
1788846900000,1.3527040481567383,1.353143334388733,1.3527040481567383,1.353143334388733,0
1788847200000,1.3528870344161987,1.3528870344161987,1.352594256401062,1.352649211883545,0
1788847500000,1.352685809135437,1.3529237508773804,1.352685809135437,1.3528321981430054,0
1788847800000,1.3527406454086304,1.3530701398849487,1.3527222871780396,1.3530701398849487,0
1788848100000,1.352960228919983,1.3530701398849487,1.352960228919983,1.3530701398849487,0
1788848400000,1.3536012172698975,1.3536012172698975,1.3529969453811646,1.3529969453811646,0
1788848700000,1.3529237508773804,1.3529969453811646,1.3528504371643066,1.3529053926467896,0
1788849000000,1.3528870344161987,1.3528870344161987,1.352594256401062,1.352594256401062,0
1788849300000,1.3525760173797607,1.352594256401062,1.3522833585739136,1.3522833585739136,0
1788849600000,1.3523198366165161,1.3523565530776978,1.3522651195526123,1.352338194847107,0
1788849900000,1.3524662256240845,1.3525760173797607,1.3523746728897095,1.3525760173797607,0
1788850200000,1.3526674509048462,1.3528504371643066,1.3526674509048462,1.3528504371643066,0
1788850352000,1.3528138399124146,1.3528138399124146,1.3528138399124146,1.3528138399124146,0
1788850500000,1.3527040481567383,1.3529237508773804,1.3527040481567383,1.3529053926467896,0
1788850800000,1.3528321981430054,1.352868676185608,1.3523930311203003,1.352649211883545,0
1788851100000,1.3526124954223633,1.3526674509048462,1.3525211811065674,1.3526674509048462,0
1788851400000,1.3524844646453857,1.3524844646453857,1.3523198366165161,1.3524296283721924,0
1788851700000,1.3524296283721924,1.3531067371368408,1.3524296283721924,1.3531067371368408,0
1788852000000,1.3531067371368408,1.3533447980880737,1.3531067371368408,1.3533447980880737,0
1788852300000,1.3533997535705566,1.353637933731079,1.3533997535705566,1.3535280227661133,0
1788852600000,1.3535828590393066,1.3539495468139648,1.3535828590393066,1.3538762331008911,0
1788852900000,1.3538762331008911,1.3542977571487427,1.3538762331008911,1.354132890701294,0
1788853200000,1.3540228605270386,1.3540228605270386,1.3537845611572266,1.3537845611572266,0
1788853500000,1.353637933731079,1.3538578748703003,1.353637933731079,1.3538395166397095,0
1788853800000,1.3539128303527832,1.3539128303527832,1.3534730672836304,1.3534730672836304,0
1788854013000,1.3534730672836304,1.3534730672836304,1.3534730672836304,1.3534730672836304,0
1788854100000,1.3538395166397095,1.3545364141464233,1.3538395166397095,1.3545364141464233,0
1788854400000,1.3543345928192139,1.3545730113983154,1.3543345928192139,1.3545730113983154,0
1788854700000,1.3545180559158325,1.3547382354736328,1.3545180559158325,1.354609727859497,0
1788855000000,1.3545913696289062,1.3545913696289062,1.3544812202453613,1.3545364141464233,0
1788855300000,1.3544079065322876,1.354719877243042,1.3543345928192139,1.354719877243042,0
1788855600000,1.354719877243042,1.3549033403396606,1.3546831607818604,1.3547382354736328,0
1788855900000,1.3546831607818604,1.354921817779541,1.3546831607818604,1.354921817779541,0
1788856169000,1.3551788330078125,1.3551788330078125,1.3551788330078125,1.3551788330078125,0
1788856200000,1.3551236391067505,1.3551788330078125,1.354976773262024,1.3551788330078125,0
1788856500000,1.3550870418548584,1.3552889823913574,1.3550870418548584,1.355233907699585,0
1788856800000,1.3551604747772217,1.3551604747772217,1.354866623878479,1.3549952507019043,0
1788857100000,1.3550686836242676,1.3555094003677368,1.3550502061843872,1.3555094003677368,0
1788857400000,1.3554726839065552,1.3555094003677368,1.3552889823913574,1.355380892753601,0
1788857700000,1.3554911613464355,1.3556013107299805,1.3553073406219482,1.355399250984192,0
1788858000000,1.355380892753601,1.3555645942687988,1.3553073406219482,1.3553073406219482,0
1788858300000,1.3554543256759644,1.3557300567626953,1.3554543256759644,1.355711579322815,0
1788858600000,1.3558586835861206,1.3559874296188354,1.3556932210922241,1.3556932210922241,0
1788858900000,1.355546236038208,1.3557851314544678,1.355546236038208,1.3557851314544678,0
1788859200000,1.3558586835861206,1.3561527729034424,1.3558586835861206,1.356024146080017,0
1788859500000,1.3559874296188354,1.3559874296188354,1.3554176092147827,1.3554176092147827,0
1788859800000,1.3555094003677368,1.3555830717086792,1.3553073406219482,1.3553258180618286,0
1788860100000,1.3550686836242676,1.3555830717086792,1.3550686836242676,1.3555830717086792,0
1788860400000,1.3555278778076172,1.3555278778076172,1.3552522659301758,1.3552522659301758,0
1788860700000,1.3551788330078125,1.3551788330078125,1.354866623878479,1.3549952507019043,0
1788861000000,1.3552155494689941,1.3553073406219482,1.354958415031433,1.3553073406219482,0
1788861300000,1.3553258180618286,1.3553258180618286,1.3550870418548584,1.3551052808761597,0
1788861600000,1.3553073406219482,1.3553258180618286,1.3550502061843872,1.3551052808761597,0
1788861900000,1.3551971912384033,1.3552155494689941,1.354921817779541,1.354921817779541,0
1788862200000,1.3547931909561157,1.3547931909561157,1.3542977571487427,1.3542977571487427,0
1788862500000,1.3544079065322876,1.354719877243042,1.3544079065322876,1.354719877243042,0
1788862800000,1.354609727859497,1.3551052808761597,1.354609727859497,1.3551052808761597,0
1788863100000,1.3553258180618286,1.3554359674453735,1.3551788330078125,1.3553073406219482,0
1788863400000,1.355399250984192,1.3555094003677368,1.355399250984192,1.3555094003677368,0
1788863700000,1.3555278778076172,1.3556196689605713,1.3553624153137207,1.3553624153137207,0
1788864000000,1.3554359674453735,1.3556013107299805,1.3553258180618286,1.3556013107299805,0
1788864300000,1.3556381464004517,1.3556565046310425,1.3552889823913574,1.3552889823913574,0
1788864600000,1.3554911613464355,1.3554911613464355,1.3551236391067505,1.3551971912384033,0
1788864900000,1.3550870418548584,1.3552889823913574,1.354921817779541,1.355233907699585,0
1788865200000,1.3551971912384033,1.3551971912384033,1.3550318479537964,1.3551052808761597,0
1788865500000,1.3551052808761597,1.355233907699585,1.3551052808761597,1.355233907699585,0
1788865800000,1.355399250984192,1.3554176092147827,1.3551052808761597,1.3551052808761597,0
1788866100000,1.3551421165466309,1.3551421165466309,1.354921817779541,1.3549952507019043,0
1788866400000,1.3549401760101318,1.3549401760101318,1.3546831607818604,1.354866623878479,0
1788866700000,1.354866623878479,1.3548849821090698,1.3547565937042236,1.354830026626587,0
1788867000000,1.3547013998031616,1.3548483848571777,1.354316234588623,1.354316234588623,0
1788867300000,1.3542611598968506,1.3542611598968506,1.3541878461837769,1.3542062044143677,0
1788867600000,1.3542977571487427,1.3543529510498047,1.3542795181274414,1.3542977571487427,0
1788867900000,1.3541145324707031,1.3541511297225952,1.3541145324707031,1.354132890701294,0
1788868200000,1.3540594577789307,1.3542428016662598,1.3540594577789307,1.354169487953186,0
1788868500000,1.3540961742401123,1.354224443435669,1.3540961742401123,1.354224443435669,0
1788868800000,1.3541145324707031,1.354169487953186,1.353986144065857,1.354169487953186,0
1788869100000,1.3541145324707031,1.354132890701294,1.3538944721221924,1.3538944721221924,0
1788869400000,1.353692889213562,1.353692889213562,1.3534363508224487,1.3534730672836304,0
1788869700000,1.3536012172698975,1.3536195755004883,1.3533813953399658,1.3533813953399658,0
1788870000000,1.353417992591858,1.3535096645355225,1.3533997535705566,1.3534914255142212,0
1788870300000,1.3535280227661133,1.3535462617874146,1.3534547090530396,1.3535096645355225,0
1788870600000,1.3536012172698975,1.3536195755004883,1.3536012172698975,1.3536012172698975,0
1788870900000,1.3535828590393066,1.3536012172698975,1.3534363508224487,1.3534363508224487,0
1788871200000,1.3534914255142212,1.3534914255142212,1.3532166481018066,1.3532166481018066,0
1788871500000,1.353234887123108,1.353234887123108,1.3531982898712158,1.3531982898712158,0
1788871650000,1.353143334388733,1.353143334388733,1.353143334388733,1.353143334388733,0
1788871800000,1.3536561727523804,1.3536561727523804,1.353417992591858,1.353417992591858,0
1788872010000,1.3533813953399658,1.3533813953399658,1.3533813953399658,1.3533813953399658,0
1788872100000,1.3534363508224487,1.3536012172698975,1.3534363508224487,1.3535646200180054,0
1788872400000,1.3538211584091187,1.3539128303527832,1.3538211584091187,1.3538211584091187,0
1788872700000,1.3538944721221924,1.3538944721221924,1.3538029193878174,1.3538211584091187,0
1788873000000,1.3538395166397095,1.3538944721221924,1.3538211584091187,1.3538395166397095,0
1788873300000,1.3538211584091187,1.3539495468139648,1.3538211584091187,1.3538211584091187,0
1788873600000,1.3538395166397095,1.3538395166397095,1.3537296056747437,1.3537296056747437,0
1788873900000,1.3537296056747437,1.3538211584091187,1.353692889213562,1.3538211584091187,0
1788874200000,1.3538029193878174,1.3538944721221924,1.3538029193878174,1.3538944721221924,0
1788874500000,1.3537112474441528,1.3537112474441528,1.3537112474441528,1.3537112474441528,0
1788874591000,1.353692889213562,1.353692889213562,1.353692889213562,1.353692889213562,0
1788874800000,1.353692889213562,1.3537296056747437,1.353692889213562,1.3537296056747437,0
1788875100000,1.3538395166397095,1.3538578748703003,1.3538211584091187,1.3538395166397095,0
1788875131000,1.3538395166397095,1.3538395166397095,1.3538395166397095,1.3538395166397095,0
1788875400000,1.3539495468139648,1.3541511297225952,1.3539495468139648,1.354132890701294,0
1788875700000,1.3540961742401123,1.3542062044143677,1.3540961742401123,1.3542062044143677,0
1788875971000,1.3542062044143677,1.3542062044143677,1.3542062044143677,1.3542062044143677,0
1788876000000,1.3542062044143677,1.354316234588623,1.3541511297225952,1.354316234588623,0
1788876300000,1.3542977571487427,1.354316234588623,1.3540961742401123,1.3542062044143677,0
1788876600000,1.354224443435669,1.3542795181274414,1.3541878461837769,1.3542062044143677,0
1788876900000,1.3542062044143677,1.3542062044143677,1.3540045022964478,1.3541145324707031,0
1788877200000,1.3541878461837769,1.3542428016662598,1.354169487953186,1.3542428016662598,0
1788877472000,1.354316234588623,1.354316234588623,1.354316234588623,1.354316234588623,0
1788877500000,1.3543895483016968,1.3544812202453613,1.3543529510498047,1.3544079065322876,0
1788877800000,1.3544996976852417,1.354719877243042,1.3544996976852417,1.354719877243042,0
1788878100000,1.3547565937042236,1.3547565937042236,1.3546831607818604,1.3547565937042236,0
1788878400000,1.3548115491867065,1.3549952507019043,1.3548115491867065,1.3549952507019043,0
1788878700000,1.3550136089324951,1.3550870418548584,1.3540961742401123,1.3540961742401123,0
1788879000000,1.3541511297225952,1.3545364141464233,1.3540961742401123,1.3545364141464233,0
1788879300000,1.354609727859497,1.354719877243042,1.3544262647628784,1.3544812202453613,0
1788879600000,1.3547013998031616,1.3547013998031616,1.3546464443206787,1.3546831607818604,0
1788879900000,1.3547749519348145,1.3547749519348145,1.3545180559158325,1.3545180559158325,0
1788880200000,1.3543895483016968,1.3545180559158325,1.3543895483016968,1.3544262647628784,0
1788880500000,1.3544996976852417,1.3544996976852417,1.3543345928192139,1.3544079065322876,0
1788880800000,1.3543345928192139,1.3544628620147705,1.3542611598968506,1.3542611598968506,0
1788881100000,1.3542062044143677,1.3543345928192139,1.3542062044143677,1.3542428016662598,0
1788881400000,1.3542611598968506,1.3543713092803955,1.354169487953186,1.354169487953186,0
1788881700000,1.3542062044143677,1.3542977571487427,1.3542062044143677,1.3542428016662598,0
1788882000000,1.3542611598968506,1.3543345928192139,1.3542428016662598,1.3543345928192139,0
1788882300000,1.3542977571487427,1.3542977571487427,1.3541878461837769,1.3542062044143677,0
1788882600000,1.3541878461837769,1.3541878461837769,1.3538578748703003,1.353931188583374,0
1788882900000,1.3539128303527832,1.3540412187576294,1.3538944721221924,1.3540412187576294,0
1788883200000,1.3540045022964478,1.3541511297225952,1.3540045022964478,1.3541511297225952,0
1788883500000,1.3541145324707031,1.3541145324707031,1.3538029193878174,1.3538029193878174,0
1788883800000,1.3538395166397095,1.3538944721221924,1.3536745309829712,1.3538944721221924,0
1788884100000,1.3538762331008911,1.3540228605270386,1.3538762331008911,1.3539495468139648,0
1788884400000,1.3539679050445557,1.3541878461837769,1.3539679050445557,1.3541145324707031,0
1788884700000,1.3540412187576294,1.3540778160095215,1.353986144065857,1.3540045022964478,0
1788885000000,1.3538029193878174,1.3540961742401123,1.3538029193878174,1.3540594577789307,0
1788885300000,1.354132890701294,1.3542062044143677,1.3540961742401123,1.3542062044143677,0
1788885600000,1.3541878461837769,1.3541878461837769,1.3540961742401123,1.354132890701294,0
1788885900000,1.3540961742401123,1.3540961742401123,1.3540045022964478,1.3540045022964478,0
1788886200000,1.3541145324707031,1.3541511297225952,1.3540778160095215,1.354132890701294,0
1788886500000,1.3540961742401123,1.3541145324707031,1.3540594577789307,1.3540594577789307,0
1788886800000,1.3535280227661133,1.3539495468139648,1.3535280227661133,1.353692889213562,0
1788887100000,1.3538395166397095,1.3538578748703003,1.3538029193878174,1.3538211584091187,0
1788887400000,1.3538211584091187,1.3539128303527832,1.3536745309829712,1.3539128303527832,0
1788887700000,1.3534730672836304,1.353692889213562,1.3534730672836304,1.353692889213562,0
1788888000000,1.3536012172698975,1.353692889213562,1.3534730672836304,1.3535828590393066,0
1788888030000,1.3536012172698975,1.3536012172698975,1.3536012172698975,1.3536012172698975,0
1788888300000,1.3537662029266357,1.3538578748703003,1.3535096645355225,1.3535828590393066,0
1788888600000,1.3536745309829712,1.3537112474441528,1.353637933731079,1.353637933731079,0
1788888900000,1.3536561727523804,1.3536745309829712,1.3535828590393066,1.3536012172698975,0
1788889200000,1.3538029193878174,1.3538029193878174,1.3535828590393066,1.3536195755004883,0
1788889500000,1.353637933731079,1.3538029193878174,1.3536195755004883,1.353637933731079,0
1788889800000,1.3537296056747437,1.3537662029266357,1.353637933731079,1.3537662029266357,0
1788890100000,1.3538211584091187,1.3538211584091187,1.3536745309829712,1.3537112474441528,0
1788890400000,1.3539495468139648,1.3540961742401123,1.3539495468139648,1.3540961742401123,0
1788890700000,1.3540961742401123,1.354132890701294,1.3540045022964478,1.3541145324707031,0
1788891000000,1.3540961742401123,1.3541145324707031,1.3540961742401123,1.3540961742401123,0
1788891300000,1.3541145324707031,1.354169487953186,1.3541145324707031,1.354169487953186,0
1788891600000,1.3541145324707031,1.3542062044143677,1.3540961742401123,1.354169487953186,0
1788891900000,1.354169487953186,1.3542062044143677,1.354169487953186,1.3542062044143677,0
1788892200000,1.354224443435669,1.354224443435669,1.354169487953186,1.354169487953186,0
1788892500000,1.3541145324707031,1.3541145324707031,1.3540778160095215,1.3540961742401123,0
1788892800000,1.3541145324707031,1.3541145324707031,1.3540594577789307,1.3540778160095215,0
1788893100000,1.3540594577789307,1.3541145324707031,1.3540594577789307,1.3541145324707031,0
1788893400000,1.3541878461837769,1.3541878461837769,1.3541145324707031,1.3541145324707031,0
1788893700000,1.354132890701294,1.354169487953186,1.3541145324707031,1.354132890701294,0
1788894000000,1.3540961742401123,1.354224443435669,1.3540778160095215,1.3540778160095215,0
1788894300000,1.3541145324707031,1.3542428016662598,1.3541145324707031,1.3542428016662598,0
1788894600000,1.3542428016662598,1.3542428016662598,1.3541511297225952,1.3542062044143677,0
1788894900000,1.354224443435669,1.3542611598968506,1.354224443435669,1.354224443435669,0
1788895200000,1.3542428016662598,1.3542428016662598,1.3541511297225952,1.354224443435669,0
1788895500000,1.3542062044143677,1.354224443435669,1.354169487953186,1.354224443435669,0
1788895800000,1.3542062044143677,1.3542795181274414,1.3542062044143677,1.3542062044143677,0
1788896073000,1.3540961742401123,1.3540961742401123,1.3540961742401123,1.3540961742401123,0
1788896100000,1.3541145324707031,1.3541878461837769,1.3541145324707031,1.3541878461837769,0
1788896400000,1.3541878461837769,1.3544079065322876,1.3541878461837769,1.3542977571487427,0
1788896700000,1.354316234588623,1.3544262647628784,1.354316234588623,1.3543895483016968,0
1788897000000,1.3544079065322876,1.3544079065322876,1.354224443435669,1.354316234588623,0
1788897300000,1.3543895483016968,1.3544262647628784,1.3542977571487427,1.3543713092803955,0
1788897600000,1.3544996976852417,1.3547382354736328,1.3544996976852417,1.3547382354736328,0
1788897900000,1.3547013998031616,1.3547013998031616,1.3545913696289062,1.3545913696289062,0
1788898200000,1.3545913696289062,1.354719877243042,1.3545913696289062,1.354719877243042,0
1788898500000,1.354609727859497,1.3547931909561157,1.354609727859497,1.354719877243042,0
1788898800000,1.3547013998031616,1.3547013998031616,1.3545546531677246,1.3545546531677246,0
1788899100000,1.3545913696289062,1.3546831607818604,1.3545913696289062,1.3546831607818604,0
1788899400000,1.3546648025512695,1.3547565937042236,1.3544996976852417,1.3544996976852417,0
1788899700000,1.3545180559158325,1.3545180559158325,1.3544079065322876,1.3545180559158325,0
1788900000000,1.3544996976852417,1.3545546531677246,1.3544812202453613,1.3545546531677246,0
1788900300000,1.3544812202453613,1.354609727859497,1.3544812202453613,1.354609727859497,0
1788900600000,1.354609727859497,1.3547382354736328,1.3545730113983154,1.3545730113983154,0
1788900900000,1.3546831607818604,1.354830026626587,1.354609727859497,1.354830026626587,0
1788901200000,1.3547565937042236,1.3547565937042236,1.3543713092803955,1.3543713092803955,0
1788901500000,1.3543713092803955,1.3545730113983154,1.3543713092803955,1.3545730113983154,0
1788901800000,1.354628086090088,1.3547382354736328,1.3545364141464233,1.3547382354736328,0
1788902100000,1.354719877243042,1.3547931909561157,1.3545730113983154,1.354609727859497,0
1788902400000,1.3545180559158325,1.3545180559158325,1.3543529510498047,1.3543529510498047,0
1788902700000,1.3543713092803955,1.3544262647628784,1.3543713092803955,1.3543713092803955,0
1788903000000,1.354316234588623,1.354316234588623,1.3542611598968506,1.354316234588623,0
1788903300000,1.3543529510498047,1.3543529510498047,1.3542428016662598,1.354316234588623,0
1788903600000,1.3544079065322876,1.3544079065322876,1.3542977571487427,1.354316234588623,0
1788903900000,1.3544262647628784,1.3544262647628784,1.3542977571487427,1.3542977571487427,0
1788904200000,1.3543345928192139,1.3545180559158325,1.3543345928192139,1.3545180559158325,0
1788904500000,1.3544996976852417,1.3547382354736328,1.3544996976852417,1.3547382354736328,0
1788904800000,1.3546464443206787,1.3546464443206787,1.3543529510498047,1.3543529510498047,0
1788905100000,1.3542795181274414,1.3544079065322876,1.3542795181274414,1.3544079065322876,0
1788905400000,1.3544446229934692,1.3544996976852417,1.3543895483016968,1.3543895483016968,0
1788905700000,1.3543529510498047,1.3544262647628784,1.3543345928192139,1.3544262647628784,0
1788906000000,1.3544079065322876,1.3544079065322876,1.354224443435669,1.354316234588623,0
1788906300000,1.354316234588623,1.354316234588623,1.354169487953186,1.354224443435669,0
1788906600000,1.3541878461837769,1.3543529510498047,1.3541878461837769,1.3543345928192139,0
1788906900000,1.3542428016662598,1.354316234588623,1.3542428016662598,1.3542977571487427,0
1788907200000,1.3542977571487427,1.3544262647628784,1.3542977571487427,1.3544262647628784,0
1788907500000,1.3544446229934692,1.3546648025512695,1.3544446229934692,1.354628086090088,0
1788907800000,1.3545546531677246,1.3546648025512695,1.3545364141464233,1.3546464443206787,0
1788908100000,1.354609727859497,1.3547565937042236,1.354609727859497,1.3547565937042236,0
1788908400000,1.3546831607818604,1.354719877243042,1.354609727859497,1.354719877243042,0
1788908700000,1.3547013998031616,1.354719877243042,1.3545364141464233,1.3545364141464233,0
1788909000000,1.3545913696289062,1.3547013998031616,1.3545913696289062,1.354628086090088,0
1788909300000,1.354609727859497,1.354609727859497,1.3545546531677246,1.354609727859497,0
1788909600000,1.354609727859497,1.354609727859497,1.3544996976852417,1.3545546531677246,0
1788909900000,1.3545913696289062,1.3546648025512695,1.3545913696289062,1.354609727859497,0
1788910200000,1.3544996976852417,1.354628086090088,1.3544996976852417,1.354628086090088,0
1788910500000,1.354609727859497,1.3547382354736328,1.354609727859497,1.3547382354736328,0
1788910800000,1.3547382354736328,1.3548115491867065,1.3547382354736328,1.3548115491867065,0
1788911100000,1.3548115491867065,1.3549033403396606,1.3547931909561157,1.354830026626587,0
1788911400000,1.3548849821090698,1.3548849821090698,1.354719877243042,1.354719877243042,0
1788911700000,1.3547565937042236,1.3547565937042236,1.3545180559158325,1.3545180559158325,0
1788912000000,1.3545364141464233,1.354719877243042,1.3545180559158325,1.354719877243042,0
1788912300000,1.3546831607818604,1.3547382354736328,1.3546648025512695,1.3547382354736328,0
1788912600000,1.354628086090088,1.354719877243042,1.354628086090088,1.3546831607818604,0
1788912900000,1.3546831607818604,1.354719877243042,1.354628086090088,1.3546464443206787,0
1788913200000,1.354719877243042,1.3547565937042236,1.3546648025512695,1.3547565937042236,0
1788913500000,1.3547931909561157,1.3549401760101318,1.3547931909561157,1.3549033403396606,0
1788913800000,1.354866623878479,1.354921817779541,1.3547565937042236,1.3547565937042236,0
1788914100000,1.3548115491867065,1.3549033403396606,1.3548115491867065,1.3548115491867065,0
1788914400000,1.354719877243042,1.3548115491867065,1.354719877243042,1.3548115491867065,0
1788914700000,1.3548115491867065,1.3548849821090698,1.3547749519348145,1.3548849821090698,0
1788915000000,1.3547749519348145,1.354921817779541,1.3547749519348145,1.354921817779541,0
1788915300000,1.3549033403396606,1.3550870418548584,1.3549033403396606,1.3550502061843872,0
1788915600000,1.3551052808761597,1.3551052808761597,1.3550136089324951,1.3550318479537964,0
1788915900000,1.3551236391067505,1.3552155494689941,1.3551236391067505,1.3552155494689941,0
1788916200000,1.3553073406219482,1.3553073406219482,1.3551788330078125,1.3552889823913574,0
1788916500000,1.3551971912384033,1.3552522659301758,1.3550686836242676,1.3552522659301758,0
1788916800000,1.355233907699585,1.3553073406219482,1.3551604747772217,1.3552889823913574,0
1788917100000,1.3552889823913574,1.3555278778076172,1.3552706241607666,1.3555278778076172,0
1788917400000,1.355380892753601,1.355380892753601,1.3552889823913574,1.3553624153137207,0
1788917700000,1.3551971912384033,1.3553073406219482,1.3551604747772217,1.3551604747772217,0
1788918000000,1.355233907699585,1.355233907699585,1.3551788330078125,1.3551788330078125,0
1788918300000,1.3550502061843872,1.3550502061843872,1.354921817779541,1.354976773262024,0
1788918600000,1.3549952507019043,1.3551421165466309,1.3549033403396606,1.3551421165466309,0
1788918900000,1.355233907699585,1.3553440570831299,1.355233907699585,1.3552889823913574,0
1788919200000,1.3553258180618286,1.3556748628616333,1.3553258180618286,1.3556748628616333,0
1788919500000,1.3556013107299805,1.3556013107299805,1.355380892753601,1.355380892753601,0
1788919800000,1.355380892753601,1.355766773223877,1.355380892753601,1.355766773223877,0
1788920100000,1.3558770418167114,1.3563551902770996,1.3558770418167114,1.3561896085739136,0
1788920400000,1.3561160564422607,1.3561160564422607,1.3559505939483643,1.3559505939483643,0
1788920700000,1.355913758277893,1.355968952178955,1.355913758277893,1.355913758277893,0
1788921000000,1.355913758277893,1.3561345338821411,1.355913758277893,1.3561345338821411,0
1788921300000,1.3561712503433228,1.356208086013794,1.3561160564422607,1.356208086013794,0
1788921600000,1.3559322357177734,1.3559322357177734,1.3556748628616333,1.3556748628616333,0
1788921900000,1.3556932210922241,1.355913758277893,1.3556932210922241,1.3558955192565918,0
1788922200000,1.3558770418167114,1.3558770418167114,1.355766773223877,1.355821967124939,0
1788922500000,1.3558955192565918,1.3560056686401367,1.3558955192565918,1.355968952178955,0
1788922800000,1.3560609817504883,1.3561527729034424,1.3560056686401367,1.3560056686401367,0
1788923100000,1.356042504310608,1.356208086013794,1.356042504310608,1.3561896085739136,0
1788923400000,1.3564472198486328,1.3566864728927612,1.3564472198486328,1.3566864728927612,0
1788923700000,1.3566128015518188,1.3567968606948853,1.3566128015518188,1.3566864728927612,0
1788924000000,1.3563920259475708,1.3564656972885132,1.3561896085739136,1.3561896085739136,0
1788924300000,1.3561527729034424,1.3561896085739136,1.35609769821167,1.3561896085739136,0
1788924600000,1.3562264442443848,1.3562264442443848,1.3558770418167114,1.3558955192565918,0
1788924900000,1.355968952178955,1.3563368320465088,1.355968952178955,1.3563368320465088,0
1788925200000,1.3563368320465088,1.3563368320465088,1.3562816381454468,1.3563183546066284,0
1788925500000,1.3563920259475708,1.3564839363098145,1.3561896085739136,1.3561896085739136,0
1788925800000,1.356208086013794,1.356208086013794,1.355766773223877,1.3558034896850586,0
1788926100000,1.3558034896850586,1.3559874296188354,1.3558034896850586,1.3558770418167114,0
1788926400000,1.355913758277893,1.355913758277893,1.3552889823913574,1.3552889823913574,0
1788926700000,1.355233907699585,1.355233907699585,1.3547749519348145,1.3547749519348145,0
1788927000000,1.3547013998031616,1.354976773262024,1.3546831607818604,1.354976773262024,0
1788927300000,1.3550870418548584,1.3550870418548584,1.3547565937042236,1.3548849821090698,0
1788927600000,1.3550136089324951,1.3550136089324951,1.3547749519348145,1.3547749519348145,0
1788927900000,1.354719877243042,1.354866623878479,1.3545730113983154,1.3546648025512695,0
1788928200000,1.3546464443206787,1.354830026626587,1.354628086090088,1.354830026626587,0
1788928500000,1.3547013998031616,1.3547013998031616,1.3545180559158325,1.354628086090088,0
1788928800000,1.3544079065322876,1.3545730113983154,1.3543895483016968,1.3543895483016968,0
1788929100000,1.3545730113983154,1.354628086090088,1.3545180559158325,1.3545180559158325,0
1788929400000,1.3544812202453613,1.3544996976852417,1.3544262647628784,1.3544628620147705,0
1788929700000,1.3544812202453613,1.3545364141464233,1.3542977571487427,1.3543345928192139,0
1788930000000,1.354316234588623,1.3544262647628784,1.3541511297225952,1.3544262647628784,0
1788930300000,1.3543713092803955,1.3544262647628784,1.3542977571487427,1.3544262647628784,0
1788930600000,1.3542977571487427,1.3542977571487427,1.3542062044143677,1.3542062044143677,0
1788930900000,1.3543895483016968,1.3544996976852417,1.3543895483016968,1.3544812202453613,0
1788931200000,1.3544996976852417,1.354719877243042,1.3544996976852417,1.354719877243042,0
1788931500000,1.3547565937042236,1.354866623878479,1.3547013998031616,1.3547749519348145,0
1788931800000,1.3547382354736328,1.3547382354736328,1.3543895483016968,1.3543895483016968,0
1788932100000,1.3542795181274414,1.3544996976852417,1.3542062044143677,1.3544996976852417,0
1788932400000,1.3544996976852417,1.3545730113983154,1.3544262647628784,1.3544262647628784,0
1788932700000,1.3543895483016968,1.3543895483016968,1.353986144065857,1.353986144065857,0
1788933000000,1.3540961742401123,1.3540961742401123,1.3535828590393066,1.3535828590393066,0
1788933300000,1.353692889213562,1.3537112474441528,1.3533265590667725,1.3533265590667725,0
1788933600000,1.353417992591858,1.353417992591858,1.3531250953674316,1.3533082008361816,0
1788933900000,1.353417992591858,1.3535096645355225,1.353417992591858,1.3535096645355225,0
1788934200000,1.353637933731079,1.3537296056747437,1.353234887123108,1.353234887123108,0
1788934500000,1.3533082008361816,1.3534363508224487,1.3532166481018066,1.3534363508224487,0
1788934800000,1.3535646200180054,1.353637933731079,1.3535096645355225,1.3535096645355225,0
1788935100000,1.3535646200180054,1.3537112474441528,1.3535646200180054,1.3537112474441528,0
1788935400000,1.3535280227661133,1.353747844696045,1.3534547090530396,1.353747844696045,0
1788935700000,1.3540228605270386,1.3542428016662598,1.353931188583374,1.3540961742401123,0
1788936000000,1.3540045022964478,1.3540778160095215,1.353931188583374,1.353931188583374,0
1788936300000,1.3539128303527832,1.3541878461837769,1.3539128303527832,1.3541878461837769,0
1788936600000,1.3542062044143677,1.3542062044143677,1.3538944721221924,1.3538944721221924,0
1788936900000,1.3537845611572266,1.3538578748703003,1.3537845611572266,1.3538578748703003,0
1788937052000,1.353747844696045,1.353747844696045,1.353747844696045,1.353747844696045,0
1788937200000,1.3537112474441528,1.3538395166397095,1.3536745309829712,1.3538395166397095,0
1788937500000,1.3538762331008911,1.3540412187576294,1.3538211584091187,1.3540412187576294,0
1788937800000,1.353986144065857,1.353986144065857,1.3538762331008911,1.3539495468139648,0
1788938100000,1.3539679050445557,1.354628086090088,1.3539679050445557,1.354628086090088,0
1788938400000,1.3549401760101318,1.355399250984192,1.3549401760101318,1.355399250984192,0
1788938700000,1.355546236038208,1.3561896085739136,1.355546236038208,1.3561896085739136,0
1788939000000,1.35609769821167,1.3563920259475708,1.3558770418167114,1.3563920259475708,0
1788939300000,1.3562999963760376,1.3562999963760376,1.3560792207717896,1.3560792207717896,0
1788939600000,1.3560792207717896,1.3562999963760376,1.3556381464004517,1.3556381464004517,0
1788939900000,1.355968952178955,1.3562448024749756,1.3558586835861206,1.3562448024749756,0
1788940200000,1.35637366771698,1.35637366771698,1.3558770418167114,1.3558955192565918,0
1788940500000,1.3558770418167114,1.3561160564422607,1.3558770418167114,1.35609769821167,0
1788940800000,1.3563368320465088,1.3564287424087524,1.3563368320465088,1.3563551902770996,0
1788941013000,1.3562448024749756,1.3562448024749756,1.3562448024749756,1.3562448024749756,0
1788941100000,1.35609769821167,1.3563183546066284,1.35609769821167,1.3563183546066284,0
1788941400000,1.3565024137496948,1.3565576076507568,1.3562816381454468,1.3562816381454468,0
1788941700000,1.35609769821167,1.3561712503433228,1.3558770418167114,1.3559874296188354,0
1788942000000,1.3560056686401367,1.3560609817504883,1.355821967124939,1.355821967124939,0
1788942300000,1.3558402061462402,1.3558402061462402,1.3556196689605713,1.3556748628616333,0
1788942600000,1.3556196689605713,1.3556196689605713,1.3554176092147827,1.3555278778076172,0
1788942900000,1.3555278778076172,1.3555278778076172,1.3555278778076172,1.3555278778076172,0
1788942994000,1.3556013107299805,1.3556013107299805,1.3556013107299805,1.3556013107299805,0
1788943200000,1.3552889823913574,1.355380892753601,1.3552522659301758,1.3552706241607666,0
1788943500000,1.3555278778076172,1.3555278778076172,1.3551236391067505,1.3551236391067505,0
1788943800000,1.3550502061843872,1.3550502061843872,1.354866623878479,1.354866623878479,0
1788944100000,1.354866623878479,1.3550136089324951,1.354866623878479,1.3550136089324951,0
1788944400000,1.3551604747772217,1.3555645942687988,1.3551604747772217,1.3554726839065552,0
1788944700000,1.3554911613464355,1.3556013107299805,1.3554726839065552,1.3556013107299805,0
1788945000000,1.355546236038208,1.3557300567626953,1.355546236038208,1.355711579322815,0
1788945300000,1.3555645942687988,1.3556932210922241,1.3552522659301758,1.3552889823913574,0
1788945600000,1.3552522659301758,1.3552522659301758,1.354958415031433,1.3551052808761597,0
1788945900000,1.3552155494689941,1.3553258180618286,1.3552155494689941,1.3553258180618286,0
1788946200000,1.355399250984192,1.3558586835861206,1.3553258180618286,1.355711579322815,0
1788946500000,1.3556748628616333,1.3556748628616333,1.3555278778076172,1.3555278778076172,0
1788946800000,1.3553258180618286,1.3558955192565918,1.3553073406219482,1.3558955192565918,0
1788947100000,1.356024146080017,1.3561160564422607,1.3559322357177734,1.356024146080017,0
1788947400000,1.3561345338821411,1.3561345338821411,1.3556565046310425,1.3556565046310425,0
1788947700000,1.355968952178955,1.356024146080017,1.3556748628616333,1.355821967124939,0
1788948000000,1.3557851314544678,1.355968952178955,1.3557851314544678,1.3558955192565918,0
1788948300000,1.3561345338821411,1.3561345338821411,1.356042504310608,1.35609769821167,0
1788948600000,1.3560792207717896,1.3563183546066284,1.3559874296188354,1.3563183546066284,0
1788948900000,1.3562999963760376,1.3562999963760376,1.3560056686401367,1.3560056686401367,0
1788949200000,1.3559505939483643,1.356208086013794,1.3559505939483643,1.3560792207717896,0
1788949500000,1.3560056686401367,1.3562999963760376,1.3560056686401367,1.3562999963760376,0
1788949800000,1.3562264442443848,1.3562264442443848,1.355913758277893,1.356042504310608,0
1788950100000,1.3560056686401367,1.3563183546066284,1.3560056686401367,1.3561896085739136,0
1788950400000,1.35609769821167,1.3561527729034424,1.356024146080017,1.356024146080017,0
1788950700000,1.355968952178955,1.3561160564422607,1.355968952178955,1.355968952178955,0
1788951000000,1.3561160564422607,1.3562448024749756,1.3560792207717896,1.3561345338821411,0
1788951300000,1.3561896085739136,1.3562999963760376,1.3561527729034424,1.3562999963760376,0
1788951600000,1.3562816381454468,1.3562816381454468,1.3549033403396606,1.3549033403396606,0
1788951900000,1.3548483848571777,1.3548483848571777,1.3545364141464233,1.354609727859497,0
1788952200000,1.3545546531677246,1.3545546531677246,1.3541145324707031,1.3541145324707031,0
1788952500000,1.354132890701294,1.3543345928192139,1.353931188583374,1.353931188583374,0
1788952800000,1.3540778160095215,1.354132890701294,1.3536195755004883,1.3536195755004883,0
1788953100000,1.3537662029266357,1.3544996976852417,1.3537662029266357,1.3544996976852417,0
1788953400000,1.3544262647628784,1.3546648025512695,1.3543529510498047,1.3546648025512695,0
1788953700000,1.3549952507019043,1.3551236391067505,1.354958415031433,1.3550686836242676,0
1788954000000,1.3550502061843872,1.3551971912384033,1.3550318479537964,1.3551788330078125,0
1788954300000,1.3549952507019043,1.3549952507019043,1.3546648025512695,1.3546648025512695,0
1788954600000,1.354976773262024,1.3550870418548584,1.354866623878479,1.3549033403396606,0
1788954900000,1.354921817779541,1.354921817779541,1.3547013998031616,1.3547013998031616,0
1788955200000,1.3547749519348145,1.3553624153137207,1.3547749519348145,1.3553624153137207,0
1788955500000,1.355399250984192,1.3555094003677368,1.354921817779541,1.354921817779541,0
1788955800000,1.354921817779541,1.354921817779541,1.3548115491867065,1.354921817779541,0
1788956100000,1.3548115491867065,1.3548115491867065,1.354609727859497,1.354719877243042,0
1788956400000,1.3547013998031616,1.354866623878479,1.354628086090088,1.354866623878479,0
1788956700000,1.354958415031433,1.354958415031433,1.3546648025512695,1.3546648025512695,0
1788957000000,1.3547931909561157,1.3549033403396606,1.3547931909561157,1.3549033403396606,0
1788957300000,1.3549952507019043,1.3549952507019043,1.3547931909561157,1.3547931909561157,0
1788957600000,1.3548849821090698,1.3551052808761597,1.3548849821090698,1.3550870418548584,0
1788957900000,1.3551052808761597,1.3554176092147827,1.3551052808761597,1.3554176092147827,0
1788958200000,1.3556013107299805,1.3556013107299805,1.3554911613464355,1.3554911613464355,0
1788958349000,1.355399250984192,1.355399250984192,1.355399250984192,1.355399250984192,0
1788958500000,1.3552889823913574,1.3552889823913574,1.3551971912384033,1.3551971912384033,0
1788958529000,1.3552889823913574,1.3552889823913574,1.3552889823913574,1.3552889823913574,0
1788958800000,1.3552706241607666,1.3555830717086792,1.355233907699585,1.3555830717086792,0
1788959100000,1.3556748628616333,1.3558034896850586,1.3556748628616333,1.3557482957839966,0
1788959400000,1.3557851314544678,1.3558034896850586,1.3557300567626953,1.355766773223877,0
1788959700000,1.3556748628616333,1.3558034896850586,1.3556748628616333,1.3558034896850586,0
1788960000000,1.355821967124939,1.356024146080017,1.355821967124939,1.356024146080017,0
1788960300000,1.3560056686401367,1.3560609817504883,1.3559505939483643,1.356024146080017,0
1788960600000,1.3559874296188354,1.356042504310608,1.355913758277893,1.3560056686401367,0
1788960900000,1.355913758277893,1.355913758277893,1.3556932210922241,1.3556932210922241,0
1788961200000,1.355821967124939,1.356042504310608,1.355821967124939,1.356042504310608,0
1788961500000,1.356024146080017,1.356024146080017,1.3558955192565918,1.3558955192565918,0
1788961800000,1.3558770418167114,1.3558955192565918,1.3557482957839966,1.3558586835861206,0
1788962100000,1.3558770418167114,1.3559874296188354,1.3558770418167114,1.3559505939483643,0
1788962400000,1.3560056686401367,1.3560056686401367,1.3559505939483643,1.3559505939483643,0
1788962700000,1.355968952178955,1.355968952178955,1.3558034896850586,1.3558402061462402,0
1788963000000,1.3558402061462402,1.3558955192565918,1.3557851314544678,1.3557851314544678,0
1788963300000,1.3558402061462402,1.3558402061462402,1.3555830717086792,1.3555830717086792,0
1788963600000,1.3556013107299805,1.3556748628616333,1.3554359674453735,1.3556748628616333,0
1788963871000,1.3556013107299805,1.3556013107299805,1.3556013107299805,1.3556013107299805,0
1788963900000,1.3555830717086792,1.3556748628616333,1.3555278778076172,1.3555278778076172,0
1788964200000,1.3554911613464355,1.3554911613464355,1.3554176092147827,1.3554726839065552,0
1788964500000,1.3553624153137207,1.355399250984192,1.3553073406219482,1.3553624153137207,0
1788964800000,1.3553073406219482,1.3553258180618286,1.3550686836242676,1.3550686836242676,0
1788965100000,1.3550686836242676,1.3550686836242676,1.3548115491867065,1.3548115491867065,0
1788965400000,1.3547565937042236,1.3547565937042236,1.3547013998031616,1.3547013998031616,0
1788965700000,1.354628086090088,1.3546464443206787,1.3545546531677246,1.3546464443206787,0
1788966000000,1.354628086090088,1.354628086090088,1.3543345928192139,1.3543345928192139,0
1788966300000,1.354316234588623,1.3544262647628784,1.3542428016662598,1.3544262647628784,0
1788966600000,1.3543345928192139,1.3543345928192139,1.3542611598968506,1.354316234588623,0
1788966900000,1.354316234588623,1.3544446229934692,1.354316234588623,1.3544262647628784,0
1788967200000,1.3544079065322876,1.3545730113983154,1.3544079065322876,1.3544079065322876,0
1788967500000,1.3544079065322876,1.3544079065322876,1.354316234588623,1.3543713092803955,0
1788967800000,1.354316234588623,1.3543713092803955,1.3542977571487427,1.3543713092803955,0
1788968100000,1.354316234588623,1.3543895483016968,1.354316234588623,1.3543895483016968,0
1788968400000,1.3544446229934692,1.3545546531677246,1.3544446229934692,1.3545546531677246,0
1788968700000,1.3546464443206787,1.3547749519348145,1.354628086090088,1.3547749519348145,0
1788969000000,1.354628086090088,1.354628086090088,1.3544996976852417,1.354609727859497,0
1788969300000,1.3546464443206787,1.3546464443206787,1.3544996976852417,1.354609727859497,0
1788969600000,1.3545730113983154,1.3545730113983154,1.3543895483016968,1.3543895483016968,0
1788969900000,1.3544812202453613,1.3545546531677246,1.354316234588623,1.3544079065322876,0
1788970200000,1.3543895483016968,1.3544262647628784,1.3543895483016968,1.3544262647628784,0
1788970500000,1.3544079065322876,1.3544079065322876,1.354224443435669,1.354224443435669,0
1788970800000,1.354224443435669,1.3543345928192139,1.3541511297225952,1.354316234588623,0
1788971100000,1.3545913696289062,1.3545913696289062,1.3544812202453613,1.3545180559158325,0
1788971400000,1.354628086090088,1.3546464443206787,1.3545730113983154,1.3545730113983154,0
1788971700000,1.3546648025512695,1.354719877243042,1.3546648025512695,1.354719877243042,0
1788972000000,1.3547013998031616,1.3547013998031616,1.3546464443206787,1.3546831607818604,0
1788972300000,1.3547382354736328,1.3547382354736328,1.3546648025512695,1.354719877243042,0
1788972600000,1.354719877243042,1.3548115491867065,1.354719877243042,1.3548115491867065,0
1788972900000,1.3548115491867065,1.3548483848571777,1.3546648025512695,1.3548483848571777,0
1788973200000,1.3557300567626953,1.3559874296188354,1.3555094003677368,1.3556381464004517,0
1788973500000,1.354958415031433,1.3552706241607666,1.354958415031433,1.3552706241607666,0
1788973529000,1.354958415031433,1.354958415031433,1.354958415031433,1.354958415031433,0
1788973800000,1.354921817779541,1.3549952507019043,1.354628086090088,1.3548849821090698,0
1788974100000,1.3550502061843872,1.3554726839065552,1.3548115491867065,1.355233907699585,0
1788974400000,1.3549033403396606,1.3550318479537964,1.354830026626587,1.354830026626587,0
1788974700000,1.3548115491867065,1.3553440570831299,1.3547013998031616,1.3550502061843872,0
1788975000000,1.3548483848571777,1.354958415031433,1.354830026626587,1.354830026626587,0
1788975300000,1.354830026626587,1.3551421165466309,1.354830026626587,1.3551421165466309,0
1788975600000,1.3549401760101318,1.3550870418548584,1.354628086090088,1.354628086090088,0
1788975900000,1.354830026626587,1.3550136089324951,1.354609727859497,1.3549952507019043,0
1788976200000,1.354830026626587,1.3549033403396606,1.3548115491867065,1.3549033403396606,0
1788976500000,1.354830026626587,1.354921817779541,1.3546648025512695,1.3548115491867065,0
1788976800000,1.3549952507019043,1.3549952507019043,1.3547931909561157,1.3548115491867065,0
1788977100000,1.354609727859497,1.354921817779541,1.354609727859497,1.354921817779541,0
1788977400000,1.3550318479537964,1.3550502061843872,1.354921817779541,1.3550136089324951,0
1788977700000,1.3550502061843872,1.3550870418548584,1.354976773262024,1.3550870418548584,0
1788978000000,1.3551236391067505,1.3552706241607666,1.3551236391067505,1.3551788330078125,0
1788978300000,1.355233907699585,1.3552522659301758,1.3551788330078125,1.3551788330078125,0
1788978600000,1.3551971912384033,1.3552155494689941,1.3551421165466309,1.3551421165466309,0
1788978900000,1.3550686836242676,1.3550870418548584,1.3550502061843872,1.3550502061843872,0
1788979200000,1.3550502061843872,1.3552155494689941,1.3550502061843872,1.3551788330078125,0
1788979500000,1.3551971912384033,1.3551971912384033,1.3551421165466309,1.3551788330078125,0
1788979800000,1.3551971912384033,1.3551971912384033,1.3551604747772217,1.3551971912384033,0
1788980100000,1.3551604747772217,1.3552522659301758,1.3551236391067505,1.3552522659301758,0
1788980400000,1.3552706241607666,1.3552706241607666,1.355233907699585,1.3552706241607666,0
1788980700000,1.3551788330078125,1.3552155494689941,1.3551788330078125,1.3552155494689941,0
1788981000000,1.3551604747772217,1.3553258180618286,1.3551604747772217,1.3553258180618286,0
1788981300000,1.3553073406219482,1.3553073406219482,1.3553073406219482,1.3553073406219482,0
1788981391000,1.3553073406219482,1.3553073406219482,1.3553073406219482,1.3553073406219482,0
1788981600000,1.3552155494689941,1.3552889823913574,1.3551971912384033,1.3551971912384033,0
1788981900000,1.3551971912384033,1.3553073406219482,1.3551971912384033,1.3552706241607666,0
1788982200000,1.3552889823913574,1.3553258180618286,1.3552155494689941,1.355233907699585,0
1788982500000,1.3551788330078125,1.3552522659301758,1.3551788330078125,1.3552522659301758,0
1788982800000,1.3552155494689941,1.3552155494689941,1.3551052808761597,1.3551971912384033,0
1788983100000,1.3551421165466309,1.3551788330078125,1.3551052808761597,1.3551236391067505,0
1788983400000,1.3551788330078125,1.3551971912384033,1.3550318479537964,1.3550318479537964,0
1788983700000,1.3550502061843872,1.3550502061843872,1.3549401760101318,1.3549401760101318,0
1788984000000,1.3549401760101318,1.3549401760101318,1.3547931909561157,1.3548115491867065,0
1788984300000,1.3547382354736328,1.3548483848571777,1.3546648025512695,1.3548483848571777,0
1788984600000,1.3547931909561157,1.3549401760101318,1.3547931909561157,1.3549033403396606,0
1788984900000,1.354866623878479,1.3549401760101318,1.3548115491867065,1.354830026626587,0
1788985200000,1.3549033403396606,1.3549033403396606,1.3546648025512695,1.3546831607818604,0
1788985500000,1.3546648025512695,1.3547382354736328,1.3545730113983154,1.3545730113983154,0
1788985800000,1.3545913696289062,1.3546831607818604,1.3545364141464233,1.3545364141464233,0
1788986100000,1.3545730113983154,1.3547931909561157,1.3545730113983154,1.3547931909561157,0
1788986400000,1.3547931909561157,1.354830026626587,1.3547382354736328,1.354830026626587,0
1788986700000,1.3547565937042236,1.3548483848571777,1.3547565937042236,1.3548483848571777,0
1788987000000,1.3547931909561157,1.354976773262024,1.3547931909561157,1.354958415031433,0
1788987300000,1.3547749519348145,1.3548849821090698,1.3546464443206787,1.3546464443206787,0
1788987600000,1.3547013998031616,1.3547382354736328,1.354609727859497,1.3546648025512695,0
1788987900000,1.3548115491867065,1.3550136089324951,1.3548115491867065,1.3550136089324951,0
1788988200000,1.3550136089324951,1.3550136089324951,1.3548483848571777,1.3550136089324951,0
1788988500000,1.3550136089324951,1.3551421165466309,1.3550136089324951,1.3551421165466309,0
1788988800000,1.3550318479537964,1.3550502061843872,1.3549401760101318,1.3549401760101318,0
1788989100000,1.354921817779541,1.354921817779541,1.3548115491867065,1.3548483848571777,0
1788989400000,1.3547565937042236,1.354830026626587,1.3547565937042236,1.3548115491867065,0
1788989700000,1.3548849821090698,1.3549401760101318,1.354866623878479,1.354866623878479,0
1788990000000,1.354921817779541,1.3549401760101318,1.354866623878479,1.3549401760101318,0
1788990300000,1.354976773262024,1.355233907699585,1.354976773262024,1.355233907699585,0
1788990600000,1.3552155494689941,1.3555645942687988,1.3552155494689941,1.3555645942687988,0
1788990900000,1.3556196689605713,1.355821967124939,1.3556196689605713,1.355821967124939,0
1788991200000,1.355821967124939,1.3560056686401367,1.355821967124939,1.3558955192565918,0
1788991500000,1.3559322357177734,1.355968952178955,1.3558770418167114,1.3558770418167114,0
1788991800000,1.3557851314544678,1.3557851314544678,1.3556748628616333,1.3557300567626953,0
1788992100000,1.3557300567626953,1.3557300567626953,1.3555094003677368,1.3555645942687988,0
1788992400000,1.3556196689605713,1.3556748628616333,1.3555278778076172,1.3555278778076172,0
1788992700000,1.3555645942687988,1.3555645942687988,1.3554726839065552,1.3555278778076172,0
1788993000000,1.3554176092147827,1.3554176092147827,1.3552889823913574,1.3553440570831299,0
1788993300000,1.3554176092147827,1.3556381464004517,1.3554176092147827,1.3556381464004517,0
1788993600000,1.3556565046310425,1.3556932210922241,1.3555830717086792,1.3555830717086792,0
1788993900000,1.3556013107299805,1.3557300567626953,1.3555278778076172,1.3557300567626953,0
1788994200000,1.3556565046310425,1.3558402061462402,1.3556565046310425,1.3558034896850586,0
1788994500000,1.3558034896850586,1.3559322357177734,1.3557300567626953,1.3559322357177734,0
1788994800000,1.356024146080017,1.356024146080017,1.355913758277893,1.3559505939483643,0
1788995100000,1.3558402061462402,1.3558402061462402,1.3555278778076172,1.3555645942687988,0
1788995400000,1.3556381464004517,1.3556748628616333,1.3555830717086792,1.3555830717086792,0
1788995700000,1.3555830717086792,1.3556196689605713,1.3555830717086792,1.3556013107299805,0
1788996000000,1.3555094003677368,1.355546236038208,1.3555094003677368,1.355546236038208,0
1788996300000,1.3556196689605713,1.3556196689605713,1.3555830717086792,1.3555830717086792,0
1788996600000,1.3555645942687988,1.3556748628616333,1.3555094003677368,1.3555094003677368,0
1788996900000,1.355546236038208,1.3556381464004517,1.3555278778076172,1.3555278778076172,0
1788997200000,1.3555094003677368,1.3555645942687988,1.3554726839065552,1.3555094003677368,0
1788997500000,1.3555094003677368,1.3555094003677368,1.3554726839065552,1.3554726839065552,0
1788997800000,1.3556013107299805,1.3556013107299805,1.3555645942687988,1.3555645942687988,0
1788998100000,1.3555830717086792,1.3557482957839966,1.3555830717086792,1.3557482957839966,0
1788998400000,1.3556932210922241,1.3556932210922241,1.3555645942687988,1.3555830717086792,0
1788998700000,1.3555645942687988,1.355711579322815,1.3555094003677368,1.3555094003677368,0
1788999000000,1.3556748628616333,1.3557300567626953,1.3556748628616333,1.3556748628616333,0
1788999300000,1.355711579322815,1.3557482957839966,1.355711579322815,1.3557482957839966,0
1788999600000,1.3556748628616333,1.3556748628616333,1.3556196689605713,1.3556196689605713,0
1788999900000,1.3556196689605713,1.3556196689605713,1.3555645942687988,1.3555645942687988,0
1789000200000,1.3556196689605713,1.3556748628616333,1.3555830717086792,1.3556196689605713,0
1789000500000,1.3556196689605713,1.3556932210922241,1.3556196689605713,1.3556932210922241,0
1789000800000,1.3556748628616333,1.3556748628616333,1.3555278778076172,1.3555278778076172,0
1789001100000,1.3554726839065552,1.3555094003677368,1.3554726839065552,1.3554726839065552,0
1789001400000,1.3555094003677368,1.3555094003677368,1.3553440570831299,1.3553440570831299,0
1789001700000,1.3553073406219482,1.355399250984192,1.3553073406219482,1.355399250984192,0
1789002000000,1.3555278778076172,1.3555278778076172,1.355380892753601,1.3554726839065552,0
1789002300000,1.3553624153137207,1.3553624153137207,1.3553073406219482,1.3553073406219482,0
1789002600000,1.355380892753601,1.3554176092147827,1.3553440570831299,1.355399250984192,0
1789002900000,1.3554726839065552,1.355546236038208,1.3554176092147827,1.3554359674453735,0
1789003200000,1.3554911613464355,1.3555094003677368,1.3554176092147827,1.3554726839065552,0
1789003500000,1.3554359674453735,1.3554911613464355,1.3554359674453735,1.3554911613464355,0
1789003800000,1.3555278778076172,1.3556565046310425,1.3555278778076172,1.3556565046310425,0
1789004100000,1.3556748628616333,1.3556748628616333,1.3553440570831299,1.3553440570831299,0
1789004400000,1.355399250984192,1.3554543256759644,1.3553258180618286,1.3553258180618286,0
1789004700000,1.3554176092147827,1.3554911613464355,1.355380892753601,1.355399250984192,0
1789005000000,1.3554911613464355,1.3556565046310425,1.3554911613464355,1.3556565046310425,0
1789005300000,1.3556932210922241,1.3558586835861206,1.3556932210922241,1.3558586835861206,0
1789005600000,1.3558034896850586,1.3558770418167114,1.3557851314544678,1.3557851314544678,0
1789005900000,1.3558034896850586,1.355913758277893,1.3558034896850586,1.355913758277893,0
1789006200000,1.3558770418167114,1.3558770418167114,1.3556013107299805,1.3556013107299805,0
1789006500000,1.3556196689605713,1.3556932210922241,1.3556013107299805,1.3556932210922241,0
1789006800000,1.3556381464004517,1.3556748628616333,1.3556381464004517,1.3556748628616333,0
1789007100000,1.3557300567626953,1.3557300567626953,1.3556565046310425,1.3556932210922241,0
1789007400000,1.3556932210922241,1.3556932210922241,1.3554911613464355,1.3556565046310425,0
1789007700000,1.3557482957839966,1.3557482957839966,1.3556932210922241,1.355711579322815,0
1789007970000,1.355821967124939,1.355821967124939,1.355821967124939,1.355821967124939,0
1789008000000,1.3557851314544678,1.3557851314544678,1.3556381464004517,1.3556381464004517,0
1789008300000,1.3557300567626953,1.3557851314544678,1.3556932210922241,1.3557300567626953,0
1789008570000,1.355766773223877,1.355766773223877,1.355766773223877,1.355766773223877,0
1789008600000,1.3557300567626953,1.3557851314544678,1.3555830717086792,1.3557851314544678,0
1789008900000,1.355711579322815,1.3557851314544678,1.355711579322815,1.355766773223877,0
1789009200000,1.3556932210922241,1.3556932210922241,1.3552706241607666,1.3552706241607666,0
1789009500000,1.3551604747772217,1.355233907699585,1.3551604747772217,1.355233907699585,0
1789009800000,1.3551971912384033,1.3553624153137207,1.3551971912384033,1.3553624153137207,0
1789010100000,1.355399250984192,1.3556013107299805,1.355399250984192,1.355399250984192,0
1789010400000,1.3554176092147827,1.3555094003677368,1.3554176092147827,1.3554726839065552,0
1789010700000,1.3555645942687988,1.3555645942687988,1.3553073406219482,1.3553073406219482,0
1789011000000,1.3555094003677368,1.3556748628616333,1.3554543256759644,1.3556196689605713,0
1789011300000,1.3556381464004517,1.3556381464004517,1.3553624153137207,1.3553624153137207,0
1789011600000,1.3554176092147827,1.3556013107299805,1.3553624153137207,1.3556013107299805,0
1789011900000,1.3556013107299805,1.3556013107299805,1.3553073406219482,1.3553073406219482,0
1789012200000,1.3553440570831299,1.3555645942687988,1.3553440570831299,1.3555645942687988,0
1789012500000,1.3555830717086792,1.3555830717086792,1.355380892753601,1.355399250984192,0
1789012800000,1.355399250984192,1.355399250984192,1.3549952507019043,1.3549952507019043,0
1789013100000,1.3548849821090698,1.354976773262024,1.3548849821090698,1.354976773262024,0
1789013400000,1.3549952507019043,1.3550136089324951,1.354866623878479,1.354866623878479,0
1789013700000,1.3548849821090698,1.3551052808761597,1.3548849821090698,1.3551052808761597,0
1789014000000,1.3550870418548584,1.3550870418548584,1.3547931909561157,1.3547931909561157,0
1789014300000,1.3547749519348145,1.3549033403396606,1.354719877243042,1.3549033403396606,0
1789014600000,1.354976773262024,1.3550136089324951,1.3547382354736328,1.354958415031433,0
1789014900000,1.3551052808761597,1.3551971912384033,1.3550686836242676,1.3550686836242676,0
1789015200000,1.3551236391067505,1.3551236391067505,1.3550686836242676,1.3551052808761597,0
1789015500000,1.3551971912384033,1.3553258180618286,1.3551788330078125,1.3551788330078125,0
1789015800000,1.3551052808761597,1.3552706241607666,1.3550318479537964,1.3551971912384033,0
1789016100000,1.3551052808761597,1.355711579322815,1.3551052808761597,1.355711579322815,0
1789016400000,1.3556932210922241,1.3556932210922241,1.3554176092147827,1.3554176092147827,0
1789016700000,1.3554359674453735,1.3556013107299805,1.3554359674453735,1.3554543256759644,0
1789017000000,1.3555094003677368,1.3556932210922241,1.3555094003677368,1.3556932210922241,0
1789017300000,1.3556565046310425,1.355766773223877,1.3556013107299805,1.3556013107299805,0
1789017600000,1.355546236038208,1.355546236038208,1.3552706241607666,1.3552706241607666,0
1789017900000,1.3551052808761597,1.355233907699585,1.3550870418548584,1.3550870418548584,0
1789018200000,1.354958415031433,1.354958415031433,1.3546648025512695,1.3546648025512695,0
1789018500000,1.354719877243042,1.3547749519348145,1.3545913696289062,1.354609727859497,0
1789018800000,1.3545364141464233,1.3545913696289062,1.3542977571487427,1.3544812202453613,0
1789019100000,1.3545913696289062,1.3545913696289062,1.3544812202453613,1.3545180559158325,0
1789019400000,1.3545180559158325,1.3548115491867065,1.3544628620147705,1.3547749519348145,0
1789019700000,1.3547749519348145,1.3549952507019043,1.3547749519348145,1.3549033403396606,0
1789020000000,1.354921817779541,1.3551971912384033,1.354921817779541,1.3551971912384033,0
1789020300000,1.3552889823913574,1.3553440570831299,1.3551236391067505,1.355233907699585,0
1789020600000,1.3552155494689941,1.3552889823913574,1.3550502061843872,1.3550502061843872,0
1789020900000,1.3550318479537964,1.3551052808761597,1.3545730113983154,1.3545730113983154,0
1789021200000,1.3546648025512695,1.3546831607818604,1.3544628620147705,1.3544628620147705,0
1789021500000,1.3544812202453613,1.3545364141464233,1.3542977571487427,1.3543345928192139,0
1789021800000,1.354224443435669,1.354224443435669,1.3540228605270386,1.3540594577789307,0
1789022100000,1.3539495468139648,1.3539495468139648,1.353747844696045,1.3538211584091187,0
1789022400000,1.3537845611572266,1.3540045022964478,1.3537845611572266,1.353931188583374,0
1789022700000,1.3538762331008911,1.3539128303527832,1.3537662029266357,1.3539128303527832,0
1789023000000,1.3539679050445557,1.3540228605270386,1.3538944721221924,1.3538944721221924,0
1789023210000,1.353931188583374,1.353931188583374,1.353931188583374,1.353931188583374,0
1789023300000,1.3538395166397095,1.3541511297225952,1.3538395166397095,1.3539679050445557,0
1789023600000,1.3538944721221924,1.3539679050445557,1.353747844696045,1.353747844696045,0
1789023900000,1.3538395166397095,1.3538395166397095,1.3534730672836304,1.3534730672836304,0
1789024200000,1.3533813953399658,1.3533813953399658,1.3530884981155396,1.3532166481018066,0
1789024500000,1.3534363508224487,1.3534363508224487,1.3533265590667725,1.3534363508224487,0
1789024800000,1.3534730672836304,1.3534730672836304,1.353179931640625,1.353179931640625,0
1789025100000,1.353271484375,1.3535462617874146,1.3532166481018066,1.3532166481018066,0
1789025400000,1.3531982898712158,1.353417992591858,1.3531982898712158,1.353271484375,0
1789025700000,1.3533813953399658,1.3536012172698975,1.3533813953399658,1.3535096645355225,0
1789026000000,1.3536195755004883,1.3536195755004883,1.3532166481018066,1.3532166481018066,0
1789026300000,1.353363037109375,1.353363037109375,1.3531250953674316,1.3533447980880737,0
1789026600000,1.3533997535705566,1.3533997535705566,1.353143334388733,1.353271484375,0
1789026900000,1.3530884981155396,1.3531067371368408,1.3527772426605225,1.3527772426605225,0
1789027112000,1.3528504371643066,1.3528504371643066,1.3528504371643066,1.3528504371643066,0
1789027200000,1.3530151844024658,1.3530151844024658,1.3524844646453857,1.3524844646453857,0
1789027500000,1.3522284030914307,1.3524113893508911,1.3521004915237427,1.3521004915237427,0
1789027800000,1.3522833585739136,1.3523198366165161,1.3520822525024414,1.352155327796936,0
1789028100000,1.3520456552505493,1.3520456552505493,1.351607084274292,1.3518263101577759,0
1789028400000,1.3519177436828613,1.3521919250488281,1.3518445491790771,1.3519724607467651,0
1789028700000,1.3522467613220215,1.352338194847107,1.3522101640701294,1.352338194847107,0
1789029000000,1.3520822525024414,1.3520822525024414,1.3504936695098877,1.3504936695098877,0
1789029300000,1.3503295183181763,1.3507490158081055,1.3493455648422241,1.3493455648422241,0
1789029333000,1.3503295183181763,1.3503295183181763,1.3503295183181763,1.3503295183181763,0
1789029600000,1.3493820428848267,1.3499467372894287,1.3493820428848267,1.3499467372894287,0
1789029900000,1.350201964378357,1.3509132862091064,1.350201964378357,1.3508949279785156,0
1789030200000,1.3511687517166138,1.3511687517166138,1.3507671356201172,1.3508403301239014,0
1789030500000,1.350511908531189,1.3508403301239014,1.3501653671264648,1.3508403301239014,0
1789030800000,1.3510591983795166,1.35111403465271,1.350785493850708,1.35111403465271,0
1789031100000,1.3511687517166138,1.3511687517166138,1.3503295183181763,1.3503841161727905,0
1789031400000,1.350074291229248,1.350311279296875,1.3499284982681274,1.3501288890838623,0
1789031700000,1.3501471281051636,1.3501471281051636,1.3499284982681274,1.3499648571014404,0
1789032000000,1.3500559329986572,1.350584864616394,1.3500559329986572,1.350201964378357,0
1789032300000,1.3499467372894287,1.3502565622329712,1.3498737812042236,1.3502565622329712,0
1789032600000,1.3503841161727905,1.3508949279785156,1.3500195741653442,1.3508949279785156,0
1789032900000,1.3509132862091064,1.3511505126953125,1.3509132862091064,1.3509314060211182,0
1789033200000,1.3510409593582153,1.351643681526184,1.3510409593582153,1.351643681526184,0
1789033500000,1.3517348766326904,1.3520090579986572,1.3517348766326904,1.3520090579986572,0
1789033800000,1.3517167568206787,1.3518811464309692,1.3517167568206787,1.3517898321151733,0
1789034100000,1.3515704870224,1.3517532348632812,1.3515522480010986,1.3517532348632812,0
1789034400000,1.3517714738845825,1.3520090579986572,1.3516618013381958,1.3520090579986572,0
1789034700000,1.3520822525024414,1.3520822525024414,1.351698398590088,1.351698398590088,0
1789035000000,1.3516801595687866,1.351698398590088,1.3514792919158936,1.351643681526184,0
1789035300000,1.351607084274292,1.351607084274292,1.3514426946640015,1.3515522480010986,0
1789035600000,1.3518993854522705,1.3518993854522705,1.351698398590088,1.351807951927185,0
1789035900000,1.3523198366165161,1.3523198366165161,1.3515887260437012,1.3519177436828613,0
1789036200000,1.3517898321151733,1.3520456552505493,1.3517898321151733,1.3520456552505493,0
1789036500000,1.3521188497543335,1.3523015975952148,1.3520638942718506,1.3521369695663452,0
1789036800000,1.3522284030914307,1.3524844646453857,1.3521736860275269,1.3522284030914307,0
1789037100000,1.3525211811065674,1.352539300918579,1.3524844646453857,1.352539300918579,0
1789037400000,1.352594256401062,1.352594256401062,1.3525028228759766,1.3525211811065674,0
1789037700000,1.3525211811065674,1.3529237508773804,1.3523746728897095,1.3529237508773804,0
1789038000000,1.3529237508773804,1.3529237508773804,1.3527222871780396,1.3529053926467896,0
1789038300000,1.3529237508773804,1.353179931640625,1.3529237508773804,1.3530701398849487,0
1789038600000,1.3532166481018066,1.353363037109375,1.3531616926193237,1.3531616926193237,0
1789038900000,1.3528321981430054,1.3533265590667725,1.3528321981430054,1.3531250953674316,0
1789039200000,1.353234887123108,1.353234887123108,1.3529785871505737,1.3529785871505737,0
1789039500000,1.3528138399124146,1.3529237508773804,1.3527954816818237,1.3527954816818237,0
1789039800000,1.3528138399124146,1.3531067371368408,1.3527406454086304,1.3531067371368408,0
1789040100000,1.3531982898712158,1.353271484375,1.3530701398849487,1.3531982898712158,0
1789040400000,1.353179931640625,1.3532898426055908,1.353179931640625,1.353179931640625,0
1789040700000,1.3532531261444092,1.3532531261444092,1.3527772426605225,1.3527772426605225,0
1789041000000,1.353033423423767,1.3533265590667725,1.353033423423767,1.353234887123108,0
1789041300000,1.3533265590667725,1.3533265590667725,1.3531250953674316,1.353143334388733,0
1789041600000,1.3531982898712158,1.3531982898712158,1.3529419898986816,1.3529419898986816,0
1789041900000,1.352868676185608,1.352868676185608,1.352594256401062,1.3527040481567383,0
1789042200000,1.352649211883545,1.3527772426605225,1.3526124954223633,1.3527772426605225,0
1789042500000,1.3527040481567383,1.3527406454086304,1.352649211883545,1.3527406454086304,0
1789042800000,1.3528870344161987,1.3531616926193237,1.3528870344161987,1.3531616926193237,0
1789043100000,1.3532166481018066,1.3532166481018066,1.3530151844024658,1.3530151844024658,0
1789043400000,1.3531067371368408,1.3531067371368408,1.3527954816818237,1.3527954816818237,0
1789043700000,1.3525760173797607,1.352685809135437,1.3524296283721924,1.3524296283721924,0
1789044000000,1.3524296283721924,1.3524296283721924,1.3524113893508911,1.3524113893508911,0
1789044033000,1.3524296283721924,1.3524296283721924,1.3524296283721924,1.3524296283721924,0
1789044213000,1.3524296283721924,1.3524296283721924,1.3524296283721924,1.3524296283721924,0
1789044300000,1.3524296283721924,1.3525760173797607,1.3524296283721924,1.3524296283721924,0
1789044600000,1.3524662256240845,1.3524844646453857,1.3523930311203003,1.3523930311203003,0
1789044900000,1.3524113893508911,1.3524478673934937,1.3522833585739136,1.3524478673934937,0
1789045200000,1.3523565530776978,1.3523565530776978,1.3520822525024414,1.3522833585739136,0
1789045500000,1.3524113893508911,1.3524113893508911,1.3522833585739136,1.3523746728897095,0
1789045800000,1.3523198366165161,1.3528870344161987,1.3523198366165161,1.3528870344161987,0
1789046100000,1.3528138399124146,1.3528138399124146,1.3527040481567383,1.3527040481567383,0
1789046400000,1.3527954816818237,1.353033423423767,1.3527954816818237,1.3530151844024658,0
1789046700000,1.3530151844024658,1.3530151844024658,1.352960228919983,1.3529785871505737,0
1789047000000,1.3529785871505737,1.3530151844024658,1.3528321981430054,1.3529053926467896,0
1789047300000,1.352868676185608,1.3529053926467896,1.3528138399124146,1.3528321981430054,0
1789047600000,1.3527040481567383,1.3527040481567383,1.3525760173797607,1.3525760173797607,0
1789047900000,1.3525211811065674,1.3525211811065674,1.3524296283721924,1.3524296283721924,0
1789048200000,1.3524662256240845,1.3525211811065674,1.3524296283721924,1.3524296283721924,0
1789048500000,1.3523746728897095,1.3524113893508911,1.3520822525024414,1.3520822525024414,0
1789048800000,1.3520822525024414,1.3521188497543335,1.3519359827041626,1.3520638942718506,0
1789049100000,1.351990818977356,1.3520090579986572,1.3517167568206787,1.3517167568206787,0
1789049400000,1.351515769958496,1.351515769958496,1.3512965440750122,1.3512965440750122,0
1789049610000,1.3512965440750122,1.3512965440750122,1.3512965440750122,1.3512965440750122,0
1789049700000,1.3512235879898071,1.3514243364334106,1.3512235879898071,1.3514243364334106,0
1789050000000,1.351515769958496,1.3517532348632812,1.351515769958496,1.3517167568206787,0
1789050300000,1.3516253232955933,1.3516253232955933,1.3514792919158936,1.3515887260437012,0
1789050600000,1.3513696193695068,1.3513696193695068,1.3512235879898071,1.3512235879898071,0
1789050900000,1.3514060974121094,1.3514426946640015,1.3512600660324097,1.351314902305603,0
1789051200000,1.3513330221176147,1.3514426946640015,1.3513330221176147,1.351387858390808,0
1789051500000,1.3513330221176147,1.3513330221176147,1.35111403465271,1.3512052297592163,0
1789051800000,1.3511505126953125,1.3516253232955933,1.3511505126953125,1.3515704870224,0
1789052100000,1.3514243364334106,1.3514792919158936,1.3513330221176147,1.3513330221176147,0
1789052400000,1.351314902305603,1.351314902305603,1.3510591983795166,1.3510956764221191,0
1789052700000,1.35111403465271,1.3512052297592163,1.35111403465271,1.3511505126953125,0
1789053000000,1.3512418270111084,1.3512418270111084,1.3508219718933105,1.3508219718933105,0
1789053300000,1.3509314060211182,1.351022720336914,1.3509132862091064,1.351022720336914,0
1789053600000,1.3511687517166138,1.3512052297592163,1.3510956764221191,1.3511505126953125,0
1789053900000,1.3511505126953125,1.3511687517166138,1.3510956764221191,1.3511322736740112,0
1789054200000,1.3512235879898071,1.3512235879898071,1.3509862422943115,1.3509862422943115,0
1789054500000,1.3511322736740112,1.3511322736740112,1.3509862422943115,1.351022720336914,0
1789054800000,1.3510775566101074,1.3511322736740112,1.3510775566101074,1.3510775566101074,0
1789055100000,1.3510775566101074,1.35111403465271,1.3510775566101074,1.35111403465271,0
1789055400000,1.3510956764221191,1.35111403465271,1.3510043621063232,1.3510956764221191,0
1789055700000,1.3510591983795166,1.3510591983795166,1.3509314060211182,1.3510043621063232,0
1789056000000,1.3509680032730103,1.3509680032730103,1.350858449935913,1.350858449935913,0
1789056300000,1.3508949279785156,1.3509862422943115,1.3508949279785156,1.3509680032730103,0
1789056600000,1.3509314060211182,1.3509314060211182,1.350858449935913,1.3509132862091064,0
1789056900000,1.3508037328720093,1.3508766889572144,1.350712537765503,1.350712537765503,0
1789057200000,1.350712537765503,1.350712537765503,1.350511908531189,1.350548267364502,0
1789057500000,1.3504936695098877,1.350621223449707,1.3504936695098877,1.3505666255950928,0
1789057800000,1.350694179534912,1.3508949279785156,1.350694179534912,1.3508949279785156,0
1789058100000,1.3509132862091064,1.3510591983795166,1.3509132862091064,1.351022720336914,0
1789058400000,1.3509862422943115,1.3509862422943115,1.350858449935913,1.350858449935913,0
1789058700000,1.3508219718933105,1.3509862422943115,1.3508219718933105,1.3509862422943115,0
1789059000000,1.351022720336914,1.3510956764221191,1.3510043621063232,1.3510409593582153,0
1789059300000,1.3511322736740112,1.3511322736740112,1.3511322736740112,1.3511322736740112,0
1789059393000,1.3511687517166138,1.3511687517166138,1.3511687517166138,1.3511687517166138,0
1789059600000,1.3519543409347534,1.3519543409347534,1.3519359827041626,1.3519359827041626,0
1789059900000,1.3510775566101074,1.3514243364334106,1.351022720336914,1.3510775566101074,0
1789060200000,1.3508219718933105,1.3510043621063232,1.350785493850708,1.3508037328720093,0
1789060500000,1.3509132862091064,1.3510775566101074,1.3509132862091064,1.3509314060211182,0
1789060800000,1.3508037328720093,1.3508219718933105,1.3504936695098877,1.350785493850708,0
1789061100000,1.350712537765503,1.351022720336914,1.350712537765503,1.351022720336914,0
1789061400000,1.35111403465271,1.3511505126953125,1.3508766889572144,1.3510956764221191,0
1789061700000,1.3510043621063232,1.3511505126953125,1.3502748012542725,1.3511505126953125,0
1789062000000,1.3503841161727905,1.3515704870224,1.3503841161727905,1.3514243364334106,0
1789062300000,1.3514060974121094,1.3514426946640015,1.3511687517166138,1.3511687517166138,0
1789062600000,1.35111403465271,1.3512600660324097,1.3508766889572144,1.3508766889572144,0
1789062900000,1.3509496450424194,1.3512418270111084,1.3507490158081055,1.3512418270111084,0
1789063200000,1.3510775566101074,1.3513330221176147,1.3510775566101074,1.3511322736740112,0
1789063500000,1.3511505126953125,1.3512235879898071,1.3510956764221191,1.3510956764221191,0
1789063800000,1.3510775566101074,1.3511687517166138,1.3510775566101074,1.3511505126953125,0
1789064100000,1.35111403465271,1.351278305053711,1.35111403465271,1.3512052297592163,0
1789064400000,1.3512235879898071,1.351278305053711,1.3512235879898071,1.3512235879898071,0
1789064700000,1.3512600660324097,1.3512600660324097,1.3511322736740112,1.3511322736740112,0
1789065000000,1.351186990737915,1.3512600660324097,1.3510956764221191,1.3512600660324097,0
1789065300000,1.351186990737915,1.351186990737915,1.3511322736740112,1.3511322736740112,0
1789065600000,1.3511505126953125,1.3512418270111084,1.3511322736740112,1.351186990737915,0
1789065900000,1.3511322736740112,1.3512235879898071,1.3510409593582153,1.3512235879898071,0
1789066200000,1.351278305053711,1.3512965440750122,1.3512418270111084,1.3512418270111084,0
1789066500000,1.3512235879898071,1.351314902305603,1.3512235879898071,1.3512600660324097,0
1789066800000,1.3511687517166138,1.351314902305603,1.3511687517166138,1.351314902305603,0
1789067010000,1.351278305053711,1.351278305053711,1.351278305053711,1.351278305053711,0
1789067100000,1.3510775566101074,1.3510775566101074,1.3510043621063232,1.3510409593582153,0
1789067400000,1.351022720336914,1.3510591983795166,1.351022720336914,1.351022720336914,0
1789067700000,1.3510591983795166,1.3511505126953125,1.3510591983795166,1.3511322736740112,0
1789068000000,1.3511322736740112,1.3511322736740112,1.3509496450424194,1.3509496450424194,0
1789068300000,1.351022720336914,1.351022720336914,1.3509132862091064,1.3509132862091064,0
1789068600000,1.3509496450424194,1.3510591983795166,1.3509496450424194,1.3510409593582153,0
1789068900000,1.351022720336914,1.351022720336914,1.3509680032730103,1.3510043621063232,0
1789069200000,1.351022720336914,1.351022720336914,1.3509496450424194,1.351022720336914,0
1789069500000,1.3510775566101074,1.3510775566101074,1.3509680032730103,1.3510043621063232,0
1789069800000,1.3510409593582153,1.3510409593582153,1.3509680032730103,1.3509862422943115,0
1789070100000,1.3509680032730103,1.3510409593582153,1.3509496450424194,1.3510409593582153,0
1789070400000,1.3510956764221191,1.351387858390808,1.3510956764221191,1.351278305053711,0
1789070700000,1.3513513803482056,1.3515340089797974,1.3513513803482056,1.351387858390808,0
1789071000000,1.3512965440750122,1.3513513803482056,1.3512600660324097,1.3512965440750122,0
1789071300000,1.3512965440750122,1.351387858390808,1.3512235879898071,1.351387858390808,0
1789071600000,1.3514792919158936,1.3514792919158936,1.3512418270111084,1.3512418270111084,0
1789071900000,1.3512418270111084,1.351387858390808,1.3512235879898071,1.351387858390808,0
1789072200000,1.3513696193695068,1.3514974117279053,1.3513696193695068,1.3514426946640015,0
1789072500000,1.3514974117279053,1.3515340089797974,1.3514792919158936,1.3515340089797974,0
1789072800000,1.3515340089797974,1.3515340089797974,1.3514609336853027,1.3514792919158936,0
1789073100000,1.3515522480010986,1.3515887260437012,1.3514243364334106,1.3514243364334106,0
1789073400000,1.351515769958496,1.351515769958496,1.3513696193695068,1.3513696193695068,0
1789073700000,1.3514243364334106,1.3515887260437012,1.351387858390808,1.3515887260437012,0
1789074000000,1.3515887260437012,1.351643681526184,1.3514609336853027,1.351643681526184,0
1789074300000,1.3515704870224,1.3515704870224,1.3515340089797974,1.3515704870224,0
1789074600000,1.3515340089797974,1.3515887260437012,1.3515340089797974,1.3515340089797974,0
1789074900000,1.3515704870224,1.351607084274292,1.3515340089797974,1.351607084274292,0
1789075200000,1.3515887260437012,1.3515887260437012,1.351314902305603,1.3513513803482056,0
1789075500000,1.3513696193695068,1.3514609336853027,1.3513696193695068,1.3513696193695068,0
1789075800000,1.351278305053711,1.3513513803482056,1.3512600660324097,1.3512600660324097,0
1789076100000,1.351314902305603,1.3514426946640015,1.351314902305603,1.3513696193695068,0
1789076400000,1.3512600660324097,1.3512600660324097,1.3512235879898071,1.3512600660324097,0
1789076700000,1.3512600660324097,1.3512600660324097,1.3509496450424194,1.3509496450424194,0
1789077000000,1.3509496450424194,1.3509862422943115,1.3508219718933105,1.3508219718933105,0
1789077300000,1.350785493850708,1.3508766889572144,1.350785493850708,1.3508766889572144,0
1789077600000,1.3508949279785156,1.3508949279785156,1.3505300283432007,1.3505300283432007,0
1789077900000,1.3506031036376953,1.3506760597229004,1.3505666255950928,1.3506760597229004,0
1789078200000,1.350712537765503,1.350785493850708,1.350712537765503,1.3507490158081055,0
1789078500000,1.350694179534912,1.350712537765503,1.350621223449707,1.350621223449707,0
1789078800000,1.3507490158081055,1.3507490158081055,1.3505300283432007,1.350548267364502,0
1789079100000,1.3503841161727905,1.3503841161727905,1.350311279296875,1.350311279296875,0
1789079400000,1.3502565622329712,1.350311279296875,1.3502200841903687,1.3502200841903687,0
1789079700000,1.350201964378357,1.3503477573394775,1.3501107692718506,1.3503477573394775,0
1789080000000,1.3504570722579956,1.3504570722579956,1.3503658771514893,1.3503658771514893,0
1789080300000,1.3503841161727905,1.3504936695098877,1.3503841161727905,1.3504936695098877,0
1789080600000,1.3505666255950928,1.3505666255950928,1.3504570722579956,1.3504570722579956,0
1789080900000,1.3504389524459839,1.3504753112792969,1.3504024744033813,1.3504753112792969,0
1789081200000,1.3504753112792969,1.3504936695098877,1.3504389524459839,1.3504570722579956,0
1789081500000,1.3503658771514893,1.3503658771514893,1.3501471281051636,1.3502565622329712,0
1789081800000,1.3502929210662842,1.3502929210662842,1.35023832321167,1.3502929210662842,0
1789082100000,1.3503658771514893,1.3503658771514893,1.350074291229248,1.350074291229248,0
1789082400000,1.3501107692718506,1.3501107692718506,1.349837303161621,1.349837303161621,0
1789082700000,1.349800944328308,1.3498555421829224,1.349800944328308,1.3498555421829224,0
1789083000000,1.3498737812042236,1.3498737812042236,1.3496370315551758,1.3496551513671875,0
1789083300000,1.349582314491272,1.3497644662857056,1.349582314491272,1.3497098684310913,0
1789083600000,1.3497462272644043,1.3499102592468262,1.3497462272644043,1.3499102592468262,0
1789083900000,1.3498190641403198,1.3498190641403198,1.3497098684310913,1.3497644662857056,0
1789084200000,1.3497462272644043,1.349837303161621,1.3497462272644043,1.349837303161621,0
1789084500000,1.3500378131866455,1.3501107692718506,1.3500195741653442,1.3500195741653442,0
1789084800000,1.3499648571014404,1.3502200841903687,1.3499467372894287,1.3502200841903687,0
1789085100000,1.3502565622329712,1.3504024744033813,1.3502565622329712,1.3504024744033813,0
1789085400000,1.3505666255950928,1.3506578207015991,1.3505300283432007,1.350548267364502,0
1789085700000,1.350548267364502,1.3506031036376953,1.350548267364502,1.3506031036376953,0
1789086000000,1.350694179534912,1.350694179534912,1.3505300283432007,1.3505666255950928,0
1789086300000,1.350584864616394,1.350621223449707,1.3504936695098877,1.3506031036376953,0
1789086600000,1.3506031036376953,1.3506578207015991,1.3504389524459839,1.3504389524459839,0
1789086900000,1.3503841161727905,1.3504570722579956,1.3503841161727905,1.3504389524459839,0
1789087200000,1.3504570722579956,1.3504753112792969,1.3504389524459839,1.3504753112792969,0
1789087500000,1.3504753112792969,1.350584864616394,1.3503841161727905,1.3503841161727905,0
1789087800000,1.3504207134246826,1.3504570722579956,1.3504207134246826,1.3504389524459839,0
1789088100000,1.3503841161727905,1.3503841161727905,1.3503477573394775,1.3503658771514893,0
1789088400000,1.3502748012542725,1.3504753112792969,1.3502565622329712,1.3504753112792969,0
1789088700000,1.3505666255950928,1.3506760597229004,1.3505666255950928,1.3506760597229004,0
1789089000000,1.3505300283432007,1.3506395816802979,1.3504753112792969,1.3506395816802979,0
1789089300000,1.3508219718933105,1.3509680032730103,1.3508219718933105,1.3509680032730103,0
1789089600000,1.3509680032730103,1.3509680032730103,1.3508766889572144,1.3509680032730103,0
1789089900000,1.3508949279785156,1.3508949279785156,1.350712537765503,1.350785493850708,0
1789090200000,1.3509132862091064,1.3510775566101074,1.3509132862091064,1.3510775566101074,0
1789090500000,1.3512235879898071,1.351387858390808,1.3512235879898071,1.351314902305603,0
1789090800000,1.3513513803482056,1.3514609336853027,1.351278305053711,1.3514609336853027,0
1789091100000,1.351278305053711,1.3514243364334106,1.3512600660324097,1.3512600660324097,0
1789091400000,1.3512600660324097,1.3514243364334106,1.3511322736740112,1.3511322736740112,0
1789091700000,1.3511687517166138,1.351186990737915,1.3511322736740112,1.3511322736740112,0
1789092000000,1.351643681526184,1.3519543409347534,1.3514609336853027,1.3514609336853027,0
1789092300000,1.3515340089797974,1.3517898321151733,1.3515340089797974,1.3515340089797974,0
1789092600000,1.3514792919158936,1.3521736860275269,1.3514792919158936,1.3521736860275269,0
1789092900000,1.352649211883545,1.352649211883545,1.3523198366165161,1.3523198366165161,0
1789093200000,1.352338194847107,1.352338194847107,1.3522101640701294,1.3522101640701294,0
1789093500000,1.3523015975952148,1.3524662256240845,1.3523015975952148,1.3524662256240845,0
1789093800000,1.3524296283721924,1.3525760173797607,1.3521004915237427,1.3521004915237427,0
1789094100000,1.3519724607467651,1.3523565530776978,1.3519724607467651,1.3523565530776978,0
1789094400000,1.3523015975952148,1.3523565530776978,1.352155327796936,1.3523565530776978,0
1789094700000,1.3523198366165161,1.3525760173797607,1.3523198366165161,1.35255765914917,0
1789095000000,1.3525760173797607,1.3525760173797607,1.3523746728897095,1.3525211811065674,0
1789095300000,1.352630853652954,1.352630853652954,1.3524844646453857,1.3525028228759766,0
1789095600000,1.3526124954223633,1.3526124954223633,1.3518811464309692,1.3518811464309692,0
1789095900000,1.352027416229248,1.3521736860275269,1.3519724607467651,1.3519724607467651,0
1789096200000,1.3523198366165161,1.3523930311203003,1.3521369695663452,1.3521369695663452,0
1789096500000,1.3521004915237427,1.3521004915237427,1.3519177436828613,1.351990818977356,0
1789096800000,1.351862907409668,1.3524113893508911,1.351862907409668,1.3524113893508911,0
1789097100000,1.3524113893508911,1.3524113893508911,1.3521919250488281,1.3521919250488281,0
1789097400000,1.3519724607467651,1.3521188497543335,1.3519177436828613,1.3519543409347534,0
1789097700000,1.351990818977356,1.3520822525024414,1.351990818977356,1.352027416229248,0
1789098000000,1.3520638942718506,1.3520638942718506,1.351807951927185,1.351807951927185,0
1789098300000,1.351698398590088,1.3517167568206787,1.3514792919158936,1.3517167568206787,0
1789098600000,1.3515704870224,1.3517898321151733,1.3514792919158936,1.3515704870224,0
1789098900000,1.351607084274292,1.3516801595687866,1.3514609336853027,1.3516253232955933,0
1789099200000,1.351643681526184,1.351643681526184,1.351278305053711,1.351278305053711,0
1789099500000,1.351387858390808,1.3515887260437012,1.351387858390808,1.351387858390808,0
1789099800000,1.3512600660324097,1.3515522480010986,1.3511322736740112,1.3515522480010986,0
1789100100000,1.351387858390808,1.351515769958496,1.3512052297592163,1.3512235879898071,0
1789100400000,1.3512235879898071,1.3517348766326904,1.3509862422943115,1.3517348766326904,0
1789100700000,1.3514426946640015,1.3514426946640015,1.351022720336914,1.351022720336914,0
1789101000000,1.3510591983795166,1.3511505126953125,1.350858449935913,1.350858449935913,0
1789101300000,1.3508766889572144,1.3509862422943115,1.3508403301239014,1.350858449935913,0
1789101600000,1.3508766889572144,1.3511322736740112,1.3508766889572144,1.3510775566101074,0
1789101900000,1.3510409593582153,1.3511322736740112,1.3508949279785156,1.3508949279785156,0
1789102200000,1.3509314060211182,1.351022720336914,1.3509314060211182,1.351022720336914,0
1789102500000,1.350858449935913,1.350858449935913,1.3505666255950928,1.3506395816802979,0
1789102800000,1.3506760597229004,1.3509496450424194,1.3504753112792969,1.3504753112792969,0
1789103100000,1.3504207134246826,1.350548267364502,1.3502565622329712,1.3502565622329712,0
1789103400000,1.3499467372894287,1.3503841161727905,1.3499467372894287,1.3503295183181763,0
1789103700000,1.3503477573394775,1.350548267364502,1.3503477573394775,1.350548267364502,0
1789104000000,1.350621223449707,1.3510043621063232,1.350621223449707,1.3510043621063232,0
1789104300000,1.35111403465271,1.3512600660324097,1.3509496450424194,1.3509496450424194,0
1789104600000,1.3509132862091064,1.3509132862091064,1.3506760597229004,1.3506760597229004,0
1789104900000,1.3507490158081055,1.3508219718933105,1.3506395816802979,1.3506760597229004,0
1789105200000,1.350712537765503,1.3508766889572144,1.3506395816802979,1.3508403301239014,0
1789105500000,1.3507490158081055,1.3508403301239014,1.3507307767868042,1.3508219718933105,0
1789105800000,1.3509132862091064,1.3509680032730103,1.350694179534912,1.350694179534912,0
1789106100000,1.3505666255950928,1.3508403301239014,1.3503841161727905,1.3508403301239014,0
1789106400000,1.3509862422943115,1.3512600660324097,1.3509862422943115,1.3511687517166138,0
1789106700000,1.3512052297592163,1.3512418270111084,1.3509132862091064,1.3509132862091064,0
1789107000000,1.350712537765503,1.3509862422943115,1.350712537765503,1.3509862422943115,0
1789107300000,1.3508403301239014,1.3508403301239014,1.350694179534912,1.3507490158081055,0
1789107600000,1.3506578207015991,1.350694179534912,1.3505300283432007,1.3506395816802979,0
1789107900000,1.350694179534912,1.350694179534912,1.3505300283432007,1.350548267364502,0
1789108200000,1.350621223449707,1.350621223449707,1.3504753112792969,1.3504753112792969,0
1789108500000,1.3504570722579956,1.3504753112792969,1.3503477573394775,1.3504207134246826,0
1789108800000,1.350311279296875,1.350311279296875,1.3502565622329712,1.3502929210662842,0
1789109100000,1.3502748012542725,1.3505666255950928,1.3502748012542725,1.3505666255950928,0
1789109400000,1.3505300283432007,1.3505300283432007,1.3505300283432007,1.3505300283432007,0
1789109490000,1.3505666255950928,1.3505666255950928,1.3505666255950928,1.3505666255950928,0
1789109700000,1.350621223449707,1.350621223449707,1.350511908531189,1.3505300283432007,0
1789110000000,1.3506760597229004,1.3508403301239014,1.3505300283432007,1.3508403301239014,0
1789110300000,1.350858449935913,1.3510956764221191,1.3508403301239014,1.3510956764221191,0
1789110600000,1.3509314060211182,1.3509496450424194,1.3508219718933105,1.3509496450424194,0
1789110900000,1.3508403301239014,1.3510409593582153,1.350694179534912,1.3510409593582153,0
1789111200000,1.3509314060211182,1.3509314060211182,1.3508219718933105,1.3508219718933105,0
1789111500000,1.350858449935913,1.3508766889572144,1.350694179534912,1.350694179534912,0
1789111800000,1.3507671356201172,1.3508219718933105,1.350621223449707,1.350621223449707,0
1789112100000,1.3506578207015991,1.350694179534912,1.350621223449707,1.350621223449707,0
1789112400000,1.350694179534912,1.3508219718933105,1.3504936695098877,1.3506395816802979,0
1789112700000,1.350621223449707,1.3506395816802979,1.350511908531189,1.3506395816802979,0
1789113000000,1.3505300283432007,1.350712537765503,1.3504936695098877,1.350712537765503,0
1789113300000,1.3504570722579956,1.3504570722579956,1.3504570722579956,1.3504570722579956,0
1789113391000,1.3505300283432007,1.3505300283432007,1.3505300283432007,1.3505300283432007,0
1789113600000,1.350584864616394,1.350858449935913,1.350584864616394,1.3508219718933105,0
1789113900000,1.3509132862091064,1.351186990737915,1.3509132862091064,1.3509314060211182,0
1789114200000,1.3508403301239014,1.3512235879898071,1.3508403301239014,1.3512235879898071,0
1789114500000,1.3511687517166138,1.351278305053711,1.3510956764221191,1.351278305053711,0
1789114800000,1.3514609336853027,1.3514609336853027,1.3511505126953125,1.3514060974121094,0
1789115100000,1.351314902305603,1.351515769958496,1.3512418270111084,1.351515769958496,0
1789115372000,1.3516253232955933,1.3516253232955933,1.3516253232955933,1.3516253232955933,0
1789115400000,1.3496005535125732,1.3501471281051636,1.3483812808990479,1.3501471281051636,0
1789115700000,1.3502200841903687,1.3504936695098877,1.3502200841903687,1.3502748012542725,0
1789116000000,1.350621223449707,1.351022720336914,1.350621223449707,1.3506395816802979,0
1789116300000,1.351186990737915,1.351607084274292,1.351186990737915,1.3515887260437012,0
1789116600000,1.3516801595687866,1.3521736860275269,1.3516801595687866,1.3521369695663452,0
1789116900000,1.3520090579986572,1.3522284030914307,1.3520090579986572,1.3522284030914307,0
1789117200000,1.352539300918579,1.3528504371643066,1.352539300918579,1.3528504371643066,0
1789117500000,1.35255765914917,1.352630853652954,1.3518263101577759,1.3518263101577759,0
1789117800000,1.3517714738845825,1.3522651195526123,1.3517714738845825,1.3522651195526123,0
1789118100000,1.3521736860275269,1.3521736860275269,1.3515704870224,1.3516618013381958,0
1789118400000,1.3519543409347534,1.352027416229248,1.3518445491790771,1.352027416229248,0
1789118700000,1.3521369695663452,1.3523198366165161,1.3518263101577759,1.3523198366165161,0
1789119000000,1.3522101640701294,1.3523198366165161,1.3519359827041626,1.3521736860275269,0
1789119300000,1.3523015975952148,1.3523015975952148,1.351862907409668,1.3519359827041626,0
1789119600000,1.352027416229248,1.3521188497543335,1.3517532348632812,1.3517532348632812,0
1789119900000,1.3521188497543335,1.3526674509048462,1.3521188497543335,1.3524296283721924,0
1789120200000,1.35255765914917,1.352594256401062,1.3522467613220215,1.352594256401062,0
1789120500000,1.3527040481567383,1.3533813953399658,1.3527040481567383,1.3533813953399658,0
1789120800000,1.3528138399124146,1.3529969453811646,1.352539300918579,1.3529969453811646,0
1789121100000,1.3532166481018066,1.3533447980880737,1.353179931640625,1.353234887123108,0
1789121400000,1.3532898426055908,1.3532898426055908,1.3528321981430054,1.3528321981430054,0
1789121700000,1.3527954816818237,1.3529785871505737,1.3527406454086304,1.352960228919983,0
1789122000000,1.3529969453811646,1.353033423423767,1.3528138399124146,1.3528138399124146,0
1789122300000,1.3527406454086304,1.3527406454086304,1.35255765914917,1.35255765914917,0
1789122600000,1.3523015975952148,1.352649211883545,1.3522467613220215,1.352649211883545,0
1789122900000,1.3526124954223633,1.3527222871780396,1.3524662256240845,1.35255765914917,0
1789123200000,1.3525760173797607,1.3525760173797607,1.3523565530776978,1.35255765914917,0
1789123500000,1.3526124954223633,1.3527590036392212,1.3526124954223633,1.3527590036392212,0
1789123800000,1.35255765914917,1.3529237508773804,1.35255765914917,1.352685809135437,0
1789124100000,1.352868676185608,1.353051781654358,1.352868676185608,1.3529969453811646,0
1789124400000,1.3529419898986816,1.3531616926193237,1.3527222871780396,1.3528870344161987,0
1789124700000,1.3528870344161987,1.352960228919983,1.3526124954223633,1.3526124954223633,0
1789125000000,1.352630853652954,1.352630853652954,1.3525028228759766,1.3526124954223633,0
1789125300000,1.3526124954223633,1.3527954816818237,1.3526124954223633,1.352630853652954,0
1789125600000,1.3527772426605225,1.3528138399124146,1.3524113893508911,1.3524113893508911,0
1789125900000,1.3524296283721924,1.3525028228759766,1.3523746728897095,1.3524478673934937,0
1789126200000,1.3522833585739136,1.3523015975952148,1.3521736860275269,1.3522284030914307,0
1789126500000,1.3521919250488281,1.3522833585739136,1.3520456552505493,1.3521919250488281,0
1789126800000,1.3520822525024414,1.3522284030914307,1.3519543409347534,1.3521736860275269,0
1789127100000,1.3519724607467651,1.3521369695663452,1.3518811464309692,1.3521369695663452,0
1789127400000,1.352027416229248,1.352027416229248,1.3519177436828613,1.3519177436828613,0
1789127700000,1.3521004915237427,1.3521004915237427,1.3518811464309692,1.3520822525024414,0
1789128000000,1.3522284030914307,1.3523746728897095,1.3521736860275269,1.3523746728897095,0
1789128300000,1.3522467613220215,1.3522833585739136,1.3522101640701294,1.3522833585739136,0
1789128600000,1.3523015975952148,1.3523746728897095,1.3522101640701294,1.3522101640701294,0
1789128900000,1.3522284030914307,1.3523930311203003,1.3521736860275269,1.3523930311203003,0
1789129200000,1.3524113893508911,1.3524662256240845,1.3524113893508911,1.3524113893508911,0
1789129500000,1.3523930311203003,1.3526124954223633,1.3523565530776978,1.3523565530776978,0
1789129800000,1.3523565530776978,1.3524662256240845,1.3522833585739136,1.3524662256240845,0
1789130100000,1.3523565530776978,1.3523565530776978,1.3521188497543335,1.352155327796936,0
1789130400000,1.3521004915237427,1.3521004915237427,1.3521004915237427,1.3521004915237427,0
1789130493000,1.3522651195526123,1.3522651195526123,1.3522651195526123,1.3522651195526123,0
1789130700000,1.3522101640701294,1.3523015975952148,1.3522101640701294,1.3523015975952148,0
1789130853000,1.3524844646453857,1.3524844646453857,1.3524844646453857,1.3524844646453857,0
1789131000000,1.3522101640701294,1.3522284030914307,1.3521004915237427,1.3522101640701294,0
1789131300000,1.3523015975952148,1.3523930311203003,1.3522651195526123,1.3523930311203003,0
1789131600000,1.3523015975952148,1.3523015975952148,1.3519359827041626,1.3519724607467651,0
1789131900000,1.3519177436828613,1.3519543409347534,1.3518993854522705,1.3519543409347534,0
1789132114000,1.3518263101577759,1.3518263101577759,1.3518263101577759,1.3518263101577759,0
1789132200000,1.351807951927185,1.3520090579986572,1.351807951927185,1.3519724607467651,0
1789132500000,1.352027416229248,1.3522651195526123,1.352027416229248,1.3522651195526123,0
1789132800000,1.3522651195526123,1.3524844646453857,1.3522101640701294,1.3524844646453857,0
1789133100000,1.3523565530776978,1.3523565530776978,1.3522284030914307,1.3522284030914307,0
1789133400000,1.3523930311203003,1.3524662256240845,1.3523930311203003,1.3524296283721924,0
1789133700000,1.3524478673934937,1.3524478673934937,1.352338194847107,1.3523746728897095,0
1789134000000,1.352539300918579,1.352539300918579,1.3523746728897095,1.3524844646453857,0
1789134300000,1.3524662256240845,1.3525211811065674,1.3523930311203003,1.3525211811065674,0
1789134600000,1.3524296283721924,1.3526674509048462,1.3524296283721924,1.3526674509048462,0
1789134900000,1.352685809135437,1.352685809135437,1.3523746728897095,1.3523746728897095,0
1789135200000,1.3523565530776978,1.3527772426605225,1.3523565530776978,1.3527772426605225,0
1789135500000,1.3527590036392212,1.3528138399124146,1.3527590036392212,1.3527590036392212,0
1789135800000,1.3527222871780396,1.3527222871780396,1.3526124954223633,1.3526124954223633,0
1789136100000,1.3526124954223633,1.3526124954223633,1.3526124954223633,1.3526124954223633,0
1789136250000,1.3526674509048462,1.3526674509048462,1.3526674509048462,1.3526674509048462,0
1789136400000,1.3525028228759766,1.352630853652954,1.3523198366165161,1.3525028228759766,0
1789136700000,1.3525760173797607,1.3526124954223633,1.35255765914917,1.3526124954223633,0
1789137000000,1.3525211811065674,1.3525211811065674,1.352338194847107,1.352338194847107,0
1789137300000,1.3522833585739136,1.3522833585739136,1.352027416229248,1.352027416229248,0
1789137600000,1.3519724607467651,1.3521919250488281,1.3519724607467651,1.3521919250488281,0
1789137900000,1.3520456552505493,1.3521369695663452,1.3520090579986572,1.3520638942718506,0
1789138200000,1.3520822525024414,1.352338194847107,1.3520822525024414,1.3523015975952148,0
1789138500000,1.3522833585739136,1.3525028228759766,1.3522651195526123,1.3525028228759766,0
1789138800000,1.3523930311203003,1.35255765914917,1.3523930311203003,1.352539300918579,0
1789139100000,1.3525760173797607,1.352649211883545,1.3524296283721924,1.352649211883545,0
1789139400000,1.352685809135437,1.3527040481567383,1.35255765914917,1.3527040481567383,0
1789139700000,1.3528138399124146,1.3528321981430054,1.3526674509048462,1.3526674509048462,0
1789140000000,1.352685809135437,1.352685809135437,1.352649211883545,1.352649211883545,0
1789140300000,1.3527954816818237,1.3527954816818237,1.3526674509048462,1.3526674509048462,0
1789140600000,1.352685809135437,1.352685809135437,1.3525760173797607,1.3525760173797607,0
1789140900000,1.352685809135437,1.352685809135437,1.3524662256240845,1.3525211811065674,0
1789141200000,1.3525028228759766,1.3526124954223633,1.3525028228759766,1.3526124954223633,0
1789141500000,1.3525760173797607,1.3526124954223633,1.35255765914917,1.3525760173797607,0
1789141800000,1.352594256401062,1.352630853652954,1.3525028228759766,1.352630853652954,0
1789142100000,1.352649211883545,1.3527954816818237,1.352649211883545,1.3527040481567383,0
1789142400000,1.3527954816818237,1.3527954816818237,1.3527222871780396,1.3527590036392212,0
1789142700000,1.3529053926467896,1.3529053926467896,1.352868676185608,1.3529053926467896,0
1789143000000,1.3528321981430054,1.3528321981430054,1.3526674509048462,1.3526674509048462,0
1789143300000,1.3526674509048462,1.3526674509048462,1.352594256401062,1.3526124954223633,0
1789143600000,1.3527040481567383,1.3527040481567383,1.3526674509048462,1.3526674509048462,0
1789143900000,1.3527040481567383,1.3527222871780396,1.3526674509048462,1.3527222871780396,0
1789144200000,1.352649211883545,1.352685809135437,1.3523746728897095,1.3523746728897095,0
1789144500000,1.3523930311203003,1.3524296283721924,1.3523565530776978,1.3524113893508911,0
1789144800000,1.3523565530776978,1.352539300918579,1.3523565530776978,1.352539300918579,0
1789145100000,1.35255765914917,1.3526124954223633,1.3523930311203003,1.3524296283721924,0
1789145400000,1.352630853652954,1.3527772426605225,1.352630853652954,1.3527772426605225,0
1789145700000,1.3527222871780396,1.352868676185608,1.3526674509048462,1.352868676185608,0
1789146000000,1.3528870344161987,1.3528870344161987,1.3528870344161987,1.3528870344161987,0
1789146300000,1.3528870344161987,1.3528870344161987,1.3528870344161987,1.3528870344161987,0
1789146600000,1.3528870344161987,1.3528870344161987,1.3528870344161987,1.3528870344161987,0
1789146633000,1.3528870344161987,1.3528870344161987,1.3528870344161987,1.3528870344161987,0
1789146900000,1.3528870344161987,1.3528870344161987,1.3528870344161987,1.3528870344161987,0
1789147200000,1.3528870344161987,1.3528870344161987,1.3528870344161987,1.3528870344161987,0
1789147500000,1.3528870344161987,1.3528870344161987,1.3528870344161987,1.3528870344161987,0
1789326000000,1.3523198366165161,1.3523930311203003,1.3523015975952148,1.352338194847107,0
1789326300000,1.352338194847107,1.3524113893508911,1.352338194847107,1.3524113893508911,0
1789326600000,1.3525028228759766,1.3525028228759766,1.3523198366165161,1.3523198366165161,0
1789326900000,1.3523198366165161,1.3523198366165161,1.3521736860275269,1.3521736860275269,0
1789327200000,1.3521004915237427,1.352155327796936,1.3521004915237427,1.352155327796936,0
1789327500000,1.3521369695663452,1.3522101640701294,1.3521188497543335,1.3522101640701294,0
1789327800000,1.3522467613220215,1.3522833585739136,1.3520638942718506,1.3522284030914307,0
1789328100000,1.3521736860275269,1.3521736860275269,1.3520638942718506,1.3521004915237427,0
1789328400000,1.352155327796936,1.3522284030914307,1.3520822525024414,1.3522284030914307,0
1789328700000,1.352338194847107,1.3523746728897095,1.3522101640701294,1.3522101640701294,0
1789329000000,1.3523198366165161,1.352338194847107,1.3522651195526123,1.3522651195526123,0
1789329300000,1.3523015975952148,1.352649211883545,1.3523015975952148,1.352594256401062,0
1789329600000,1.3524296283721924,1.352594256401062,1.3524296283721924,1.3525211811065674,0
1789329900000,1.3527590036392212,1.3527954816818237,1.352685809135437,1.3527406454086304,0
1789330200000,1.3525028228759766,1.3525760173797607,1.3524844646453857,1.35255765914917,0
1789330500000,1.352539300918579,1.352539300918579,1.3524296283721924,1.3524296283721924,0
1789330800000,1.3524113893508911,1.3524113893508911,1.3522651195526123,1.3522651195526123,0
1789331100000,1.3521736860275269,1.3521736860275269,1.3518263101577759,1.3518263101577759,0
1789331400000,1.3517714738845825,1.3519724607467651,1.3517714738845825,1.3517898321151733,0
1789331700000,1.351807951927185,1.351807951927185,1.351698398590088,1.351698398590088,0
1789332000000,1.3516801595687866,1.3517348766326904,1.3516253232955933,1.3517348766326904,0
1789332300000,1.3517714738845825,1.3517714738845825,1.3516618013381958,1.3516618013381958,0
1789332600000,1.3517532348632812,1.3519359827041626,1.3517167568206787,1.3519359827041626,0
1789332900000,1.3519359827041626,1.3519724607467651,1.3516801595687866,1.3518811464309692,0
1789333200000,1.351862907409668,1.3519177436828613,1.351643681526184,1.351643681526184,0
1789333500000,1.3516801595687866,1.3516801595687866,1.3514792919158936,1.3514974117279053,0
1789333800000,1.3515340089797974,1.3515340089797974,1.3513696193695068,1.3513696193695068,0
1789334100000,1.351387858390808,1.3514243364334106,1.3513696193695068,1.3513696193695068,0
1789334400000,1.3514243364334106,1.3516618013381958,1.3514243364334106,1.3516618013381958,0
1789334700000,1.351607084274292,1.3516801595687866,1.3515704870224,1.3516801595687866,0
1789335000000,1.351643681526184,1.351643681526184,1.3513513803482056,1.3514243364334106,0
1789335300000,1.3515887260437012,1.3516801595687866,1.3515887260437012,1.3516801595687866,0
1789335600000,1.351698398590088,1.3518811464309692,1.351698398590088,1.3518811464309692,0
1789335900000,1.3518811464309692,1.3519177436828613,1.3517898321151733,1.3517898321151733,0
1789336200000,1.3517532348632812,1.3517532348632812,1.351698398590088,1.351698398590088,0
1789336500000,1.351643681526184,1.3517714738845825,1.351643681526184,1.3517532348632812,0
1789336800000,1.3517167568206787,1.3517348766326904,1.3516618013381958,1.351698398590088,0
1789337100000,1.3517348766326904,1.3519724607467651,1.3517348766326904,1.3519724607467651,0
1789337400000,1.3519543409347534,1.3519543409347534,1.3518993854522705,1.3518993854522705,0
1789337700000,1.351862907409668,1.351862907409668,1.3517167568206787,1.3517167568206787,0
1789338000000,1.351698398590088,1.3518993854522705,1.351698398590088,1.3518993854522705,0
1789338300000,1.3517898321151733,1.3517898321151733,1.3516801595687866,1.3516801595687866,0
1789338600000,1.3517532348632812,1.3517532348632812,1.3514974117279053,1.3514974117279053,0
1789338900000,1.351515769958496,1.351515769958496,1.3514426946640015,1.3514426946640015,0
1789339200000,1.3513696193695068,1.3514060974121094,1.351278305053711,1.3514060974121094,0
1789339500000,1.3513513803482056,1.3514792919158936,1.3513513803482056,1.3514243364334106,0
1789339800000,1.3514060974121094,1.3514974117279053,1.3514060974121094,1.3514060974121094,0
1789340100000,1.3513696193695068,1.3514426946640015,1.3512965440750122,1.3512965440750122,0
1789340400000,1.3511687517166138,1.3511687517166138,1.3509314060211182,1.3509314060211182,0
1789340700000,1.3511322736740112,1.3511322736740112,1.3510409593582153,1.3510956764221191,0
1789341000000,1.3510043621063232,1.3510043621063232,1.3508219718933105,1.3508219718933105,0
1789341300000,1.3508219718933105,1.3508219718933105,1.3507490158081055,1.350785493850708,0
1789341600000,1.3507490158081055,1.350785493850708,1.3506760597229004,1.3506760597229004,0
1789341900000,1.3506760597229004,1.3508949279785156,1.3506760597229004,1.3508949279785156,0
1789342200000,1.3506760597229004,1.3506760597229004,1.3504570722579956,1.3504570722579956,0
1789342500000,1.3504936695098877,1.350584864616394,1.3504936695098877,1.3505300283432007,0
1789342800000,1.3504207134246826,1.3504389524459839,1.3503841161727905,1.3504389524459839,0
1789343100000,1.3504753112792969,1.3504936695098877,1.3504024744033813,1.3504936695098877,0
1789343400000,1.3504936695098877,1.3506031036376953,1.3504936695098877,1.3506031036376953,0
1789343700000,1.3506031036376953,1.3506031036376953,1.3505666255950928,1.3506031036376953,0
1789344000000,1.350584864616394,1.3506760597229004,1.350548267364502,1.3506578207015991,0
1789344300000,1.3506578207015991,1.3506578207015991,1.3504936695098877,1.350621223449707,0
1789344600000,1.350712537765503,1.350712537765503,1.3506760597229004,1.3506760597229004,0
1789344900000,1.3506578207015991,1.3506578207015991,1.350548267364502,1.350548267364502,0
1789345200000,1.350548267364502,1.350548267364502,1.3504207134246826,1.3504207134246826,0
1789345500000,1.3504936695098877,1.3504936695098877,1.3503841161727905,1.3503841161727905,0
1789345800000,1.3503477573394775,1.350511908531189,1.3503477573394775,1.350511908531189,0
1789346100000,1.350511908531189,1.3506031036376953,1.3504753112792969,1.3506031036376953,0
1789346400000,1.350548267364502,1.350548267364502,1.3502565622329712,1.3502565622329712,0
1789346700000,1.3502748012542725,1.3503658771514893,1.3502565622329712,1.3503658771514893,0
1789347000000,1.3503841161727905,1.3504389524459839,1.3503295183181763,1.3504389524459839,0
1789347300000,1.3504753112792969,1.3504753112792969,1.3503658771514893,1.3504207134246826,0
1789347600000,1.3504024744033813,1.3504207134246826,1.3503295183181763,1.3503477573394775,0
1789347900000,1.3504024744033813,1.3504024744033813,1.3502748012542725,1.3502748012542725,0
1789348200000,1.3501836061477661,1.3502200841903687,1.3501471281051636,1.3502200841903687,0
1789348500000,1.3502565622329712,1.350311279296875,1.35023832321167,1.350311279296875,0
1789348800000,1.3502929210662842,1.350311279296875,1.3502748012542725,1.3502748012542725,0
1789349100000,1.3503477573394775,1.3505300283432007,1.3503477573394775,1.3504024744033813,0
1789349400000,1.3504389524459839,1.3506395816802979,1.3504207134246826,1.3505666255950928,0
1789349700000,1.350584864616394,1.350584864616394,1.350511908531189,1.350584864616394,0
1789350000000,1.3504570722579956,1.350548267364502,1.3504207134246826,1.3505300283432007,0
1789350300000,1.350511908531189,1.3505666255950928,1.3503841161727905,1.3503841161727905,0
1789350600000,1.3503658771514893,1.350548267364502,1.3503658771514893,1.350548267364502,0
1789350900000,1.350621223449707,1.350621223449707,1.350621223449707,1.350621223449707,0
1789351200000,1.350548267364502,1.350548267364502,1.3500925302505493,1.3500925302505493,0
1789351500000,1.3499830961227417,1.3499830961227417,1.3495277166366577,1.3496005535125732,0
1789351800000,1.349582314491272,1.3496187925338745,1.349582314491272,1.349582314491272,0
1789352100000,1.349545955657959,1.349545955657959,1.3488723039627075,1.3488723039627075,0
1789352400000,1.3488178253173828,1.349199891090393,1.3487632274627686,1.349199891090393,0
1789352700000,1.3491452932357788,1.3493273258209229,1.3491452932357788,1.3493092060089111,0
1789353000000,1.3492727279663086,1.3497462272644043,1.3492727279663086,1.3495640754699707,0
1789353300000,1.3496187925338745,1.350001335144043,1.3496187925338745,1.3499102592468262,0
1789353600000,1.3500378131866455,1.3500925302505493,1.3499284982681274,1.3500925302505493,0
1789353900000,1.3500559329986572,1.3500559329986572,1.3492181301116943,1.3492909669876099,0
1789354200000,1.3492727279663086,1.3493638038635254,1.3490906953811646,1.3490906953811646,0
1789354500000,1.3489997386932373,1.3491452932357788,1.348981499671936,1.3491452932357788,0
1789354800000,1.3490360975265503,1.3492727279663086,1.3488905429840088,1.3492727279663086,0
1789355100000,1.3492909669876099,1.3495277166366577,1.3492909669876099,1.349400281906128,0
1789355400000,1.3495277166366577,1.3497098684310913,1.3494184017181396,1.3497098684310913,0
1789355700000,1.3496733903884888,1.3499102592468262,1.3496733903884888,1.349727988243103,0
1789356000000,1.3496733903884888,1.349800944328308,1.3496733903884888,1.3496733903884888,0
1789356300000,1.349727988243103,1.3498555421829224,1.3493273258209229,1.3493273258209229,0
1789356600000,1.3491452932357788,1.3495640754699707,1.3491452932357788,1.349400281906128,0
1789356900000,1.3493273258209229,1.3494548797607422,1.3493092060089111,1.3494548797607422,0
1789357200000,1.3493455648422241,1.349436640739441,1.3490725755691528,1.349199891090393,0
1789357500000,1.3491816520690918,1.3493455648422241,1.3491816520690918,1.3493092060089111,0
1789357800000,1.3493273258209229,1.3493273258209229,1.34890878200531,1.3490543365478516,0
1789358100000,1.34916353225708,1.3493273258209229,1.34916353225708,1.3492363691329956,0
1789358400000,1.349127173423767,1.349127173423767,1.3485630750656128,1.3485630750656128,0
1789358700000,1.3485995531082153,1.3486722707748413,1.3485630750656128,1.3485630750656128,0
1789359000000,1.348435878753662,1.3484539985656738,1.3483812808990479,1.3483994007110596,0
1789359300000,1.3482722043991089,1.3483994007110596,1.34816312789917,1.3483994007110596,0
1789359600000,1.3481813669204712,1.3482539653778076,1.34816312789917,1.34816312789917,0
1789359900000,1.3482176065444946,1.3482539653778076,1.3481813669204712,1.3481813669204712,0
1789360200000,1.3480178117752075,1.3482176065444946,1.3480178117752075,1.3481813669204712,0
1789360500000,1.3482722043991089,1.3483085632324219,1.3482539653778076,1.3482539653778076,0
1789360800000,1.3482176065444946,1.348235845565796,1.34816312789917,1.34816312789917,0
1789361100000,1.3480722904205322,1.3483812808990479,1.3480722904205322,1.3483449220657349,0
1789361400000,1.348435878753662,1.3484539985656738,1.3481813669204712,1.3481813669204712,0
1789361700000,1.3483631610870361,1.3484176397323608,1.3482722043991089,1.3484176397323608,0
1789362000000,1.3485267162322998,1.348690390586853,1.3483994007110596,1.3483994007110596,0
1789362300000,1.3484903573989868,1.3485267162322998,1.3483994007110596,1.3483994007110596,0
1789362600000,1.3484903573989868,1.3484903573989868,1.3477634191513062,1.3477634191513062,0
1789362900000,1.3476725816726685,1.3476725816726685,1.347472906112671,1.3475817441940308,0
1789363200000,1.3475817441940308,1.3481086492538452,1.3475817441940308,1.3481086492538452,0
1789363500000,1.3480722904205322,1.3484176397323608,1.3480722904205322,1.3484176397323608,0
1789363800000,1.3483994007110596,1.3483994007110596,1.3479995727539062,1.3482722043991089,0
1789364100000,1.3482722043991089,1.348508596420288,1.3482722043991089,1.348508596420288,0
1789364400000,1.3484539985656738,1.3488178253173828,1.3484539985656738,1.3487813472747803,0
1789364700000,1.3488359451293945,1.3488359451293945,1.3487086296081543,1.3487086296081543,0
1789365000000,1.3485267162322998,1.349127173423767,1.3485267162322998,1.349127173423767,0
1789365300000,1.3490906953811646,1.3490906953811646,1.3487632274627686,1.3488178253173828,0
1789365600000,1.3485448360443115,1.3485448360443115,1.3482903242111206,1.3483812808990479,0
1789365900000,1.3483266830444336,1.3483266830444336,1.348235845565796,1.3483085632324219,0
1789366200000,1.3482176065444946,1.3483449220657349,1.3481813669204712,1.3483449220657349,0
1789366500000,1.3483085632324219,1.3484176397323608,1.3482903242111206,1.3482903242111206,0
1789366800000,1.3483812808990479,1.3483812808990479,1.3479087352752686,1.3482176065444946,0
1789367100000,1.3482539653778076,1.3483994007110596,1.3482176065444946,1.3483994007110596,0
1789367400000,1.3484176397323608,1.3487632274627686,1.3484176397323608,1.34865403175354,0
1789367700000,1.3486357927322388,1.3487632274627686,1.3486357927322388,1.3487449884414673,0
1789368000000,1.34865403175354,1.34865403175354,1.3483812808990479,1.3483812808990479,0
1789368300000,1.348508596420288,1.348726749420166,1.348508596420288,1.3485267162322998,0
1789368600000,1.348508596420288,1.348581314086914,1.3483631610870361,1.348581314086914,0
1789368900000,1.3487813472747803,1.3488723039627075,1.3484539985656738,1.348617672920227,0
1789369200000,1.3486722707748413,1.3490725755691528,1.3486722707748413,1.3490725755691528,0
1789369500000,1.3492909669876099,1.3492909669876099,1.3490725755691528,1.3490725755691528,0
1789369800000,1.3489633798599243,1.3490360975265503,1.348945140838623,1.348981499671936,0
1789370100000,1.3490543365478516,1.3491816520690918,1.3489997386932373,1.3491816520690918,0
1789370400000,1.34916353225708,1.3491816520690918,1.348945140838623,1.348945140838623,0
1789370700000,1.3490725755691528,1.3492544889450073,1.3490360975265503,1.3492544889450073,0
1789371000000,1.3491089344024658,1.3492909669876099,1.3491089344024658,1.3492544889450073,0
1789371300000,1.3493455648422241,1.349582314491272,1.3493455648422241,1.349582314491272,0
1789371600000,1.349545955657959,1.3496551513671875,1.3493638038635254,1.3493638038635254,0
1789371900000,1.3493092060089111,1.3493092060089111,1.3487449884414673,1.3487632274627686,0
1789372200000,1.3487813472747803,1.3489633798599243,1.3487632274627686,1.3488540649414062,0
1789372500000,1.3490906953811646,1.3491089344024658,1.348945140838623,1.3490906953811646,0
1789372800000,1.349199891090393,1.3492727279663086,1.3489997386932373,1.3492363691329956,0
1789373100000,1.3494548797607422,1.3495277166366577,1.3494548797607422,1.3495277166366577,0
1789373400000,1.349545955657959,1.349545955657959,1.349545955657959,1.349545955657959,0
1789373517000,1.349545955657959,1.349545955657959,1.349545955657959,1.349545955657959,0
1789373700000,1.3491816520690918,1.3491816520690918,1.3491816520690918,1.3491816520690918,0
1789373817000,1.34916353225708,1.34916353225708,1.34916353225708,1.34916353225708,0
1789374000000,1.3487813472747803,1.3487813472747803,1.3487449884414673,1.3487449884414673,0
1789374177000,1.3488359451293945,1.3488359451293945,1.3488359451293945,1.3488359451293945,0
1789374300000,1.3487086296081543,1.3488359451293945,1.3487086296081543,1.3488359451293945,0
1789374477000,1.3488540649414062,1.3488540649414062,1.3488540649414062,1.3488540649414062,0
1789374600000,1.3488178253173828,1.3488359451293945,1.3488178253173828,1.3488359451293945,0
1789374777000,1.3488178253173828,1.3488178253173828,1.3488178253173828,1.3488178253173828,0
1789374900000,1.3484721183776855,1.3484721183776855,1.3481448888778687,1.3481448888778687,0
1789375077000,1.34816312789917,1.34816312789917,1.34816312789917,1.34816312789917,0
1789375200000,1.3478723764419556,1.348090410232544,1.3478723764419556,1.348090410232544,0
1789375437000,1.34816312789917,1.34816312789917,1.34816312789917,1.34816312789917,0
1789375500000,1.3480359315872192,1.3480359315872192,1.3478542566299438,1.3478723764419556,0
1789375738000,1.3477270603179932,1.3477270603179932,1.3477270603179932,1.3477270603179932,0
1789375800000,1.3478178977966309,1.3478178977966309,1.3477089405059814,1.3477089405059814,0
1789376038000,1.3471460342407227,1.3471460342407227,1.3471460342407227,1.3471460342407227,0
1789376100000,1.3469645977020264,1.3469645977020264,1.34689199924469,1.34689199924469,0
1789376338000,1.3468376398086548,1.3468376398086548,1.3468376398086548,1.3468376398086548,0
1789376400000,1.3469102382659912,1.3469102382659912,1.3465293645858765,1.3465293645858765,0
1789376700000,1.3466380834579468,1.3468376398086548,1.3465473651885986,1.3468376398086548,0
1789377000000,1.3469645977020264,1.3473457098007202,1.3469645977020264,1.3473457098007202,0
1789377300000,1.3472368717193604,1.3475455045700073,1.3472368717193604,1.3475455045700073,0
1789377600000,1.3475455045700073,1.3477089405059814,1.3475455045700073,1.3476907014846802,0
1789377900000,1.3475455045700073,1.3476907014846802,1.3475455045700073,1.3476543426513672,0
1789378200000,1.347490906715393,1.3477634191513062,1.347490906715393,1.3476543426513672,0
1789378500000,1.347472906112671,1.347472906112671,1.3472912311553955,1.3472912311553955,0
1789378559000,1.347472906112671,1.347472906112671,1.347472906112671,1.347472906112671,0
1789378800000,1.3472912311553955,1.3477089405059814,1.3472912311553955,1.347527265548706,0
1789378859000,1.3472912311553955,1.3472912311553955,1.3472912311553955,1.3472912311553955,0
1789379100000,1.3473820686340332,1.347490906715393,1.3470553159713745,1.3470553159713745,0
1789379159000,1.3473820686340332,1.3473820686340332,1.3473820686340332,1.3473820686340332,0
1789379400000,1.3470553159713745,1.3470553159713745,1.3470553159713745,1.3470553159713745,0
1789379519000,1.347091555595398,1.347091555595398,1.347091555595398,1.347091555595398,0
1789379700000,1.3470009565353394,1.3470009565353394,1.3470009565353394,1.3470009565353394,0
1789379819000,1.34689199924469,1.34689199924469,1.34689199924469,1.34689199924469,0
1789380000000,1.3469645977020264,1.3469645977020264,1.3469645977020264,1.3469645977020264,0
1789380119000,1.346765160560608,1.346765160560608,1.346765160560608,1.346765160560608,0
1789380300000,1.3469464778900146,1.3469464778900146,1.3469464778900146,1.3469464778900146,0
1789380419000,1.3471097946166992,1.3471097946166992,1.3471097946166992,1.3471097946166992,0
1789380600000,1.347400188446045,1.347400188446045,1.3473457098007202,1.3473457098007202,0
1789380779000,1.347490906715393,1.347490906715393,1.347490906715393,1.347490906715393,0
1789380900000,1.3481086492538452,1.3481086492538452,1.348054051399231,1.348054051399231,0
1789381079000,1.3481813669204712,1.3481813669204712,1.3481813669204712,1.3481813669204712,0
1789381200000,1.348126769065857,1.348126769065857,1.347563624382019,1.347563624382019,0
1789381380000,1.3474364280700684,1.3474364280700684,1.3474364280700684,1.3474364280700684,0
1789381500000,1.347091555595398,1.3472912311553955,1.3470009565353394,1.3472912311553955,0
1789381800000,1.3474183082580566,1.3476543426513672,1.3473094701766968,1.347527265548706,0
1789382100000,1.3475998640060425,1.3475998640060425,1.3472912311553955,1.3475091457366943,0
1789382400000,1.3476181030273438,1.3476181030273438,1.3474183082580566,1.3476181030273438,0
1789382700000,1.3477451801300049,1.3478723764419556,1.3477451801300049,1.3478542566299438,0
1789383000000,1.3477451801300049,1.3478723764419556,1.3474546670913696,1.3474546670913696,0
1789383300000,1.3474546670913696,1.347563624382019,1.3472731113433838,1.3474546670913696,0
1789383600000,1.3476543426513672,1.3477815389633179,1.3474183082580566,1.3477815389633179,0
1789383900000,1.3476543426513672,1.3486722707748413,1.3476543426513672,1.3486357927322388,0
1789384200000,1.348508596420288,1.348581314086914,1.348235845565796,1.348235845565796,0
1789384500000,1.3483085632324219,1.3483812808990479,1.3481086492538452,1.3483812808990479,0
1789384800000,1.3483085632324219,1.3483085632324219,1.348126769065857,1.3482539653778076,0
1789385100000,1.3482903242111206,1.3483994007110596,1.348126769065857,1.348126769065857,0
1789385400000,1.3482539653778076,1.3484721183776855,1.348054051399231,1.348435878753662,0
1789385456000,1.3482539653778076,1.3482539653778076,1.3482539653778076,1.3482539653778076,0
1789385700000,1.348581314086914,1.348581314086914,1.348581314086914,1.348581314086914,0
1789385816000,1.3483266830444336,1.3483266830444336,1.3483266830444336,1.3483266830444336,0
1789386000000,1.3484903573989868,1.3484903573989868,1.3484903573989868,1.3484903573989868,0
1789386116000,1.3486722707748413,1.3486722707748413,1.3486722707748413,1.3486722707748413,0
1789386300000,1.3489269018173218,1.3489269018173218,1.3489269018173218,1.3489269018173218,0
1789386416000,1.3488540649414062,1.3488540649414062,1.3488540649414062,1.3488540649414062,0
1789386600000,1.3487995862960815,1.3487995862960815,1.3487995862960815,1.3487995862960815,0
1789386716000,1.3488178253173828,1.3488178253173828,1.3488178253173828,1.3488178253173828,0
1789386900000,1.3492363691329956,1.3492727279663086,1.3492363691329956,1.3492727279663086,0
1789387077000,1.3493092060089111,1.3493092060089111,1.3493092060089111,1.3493092060089111,0
1789387200000,1.3493820428848267,1.3493820428848267,1.3493092060089111,1.3493092060089111,0
1789387377000,1.3492363691329956,1.3492363691329956,1.3492363691329956,1.3492363691329956,0
1789387500000,1.3491816520690918,1.3492181301116943,1.3491816520690918,1.3492181301116943,0
1789387677000,1.3492909669876099,1.3492909669876099,1.3492909669876099,1.3492909669876099,0
1789387800000,1.349436640739441,1.349436640739441,1.349436640739441,1.349436640739441,0
1789387977000,1.3493273258209229,1.3493273258209229,1.3493273258209229,1.3493273258209229,0
1789388100000,1.349436640739441,1.3494912385940552,1.349436640739441,1.3494731187820435,0
1789388337000,1.3494548797607422,1.3494548797607422,1.3494548797607422,1.3494548797607422,0
1789388400000,1.3493273258209229,1.3496551513671875,1.3493273258209229,1.3496551513671875,0
1789388700000,1.3495640754699707,1.3495640754699707,1.349400281906128,1.3494548797607422,0
1789389000000,1.3495094776153564,1.3495277166366577,1.3493820428848267,1.3493820428848267,0
1789389300000,1.3494912385940552,1.349837303161621,1.3494912385940552,1.349837303161621,0
1789389600000,1.3499467372894287,1.350311279296875,1.349892020225525,1.350311279296875,0
1789389900000,1.35023832321167,1.3507307767868042,1.35023832321167,1.3507307767868042,0
1789390200000,1.3508219718933105,1.3509132862091064,1.350694179534912,1.350694179534912,0
1789390500000,1.3508037328720093,1.3508037328720093,1.3505666255950928,1.3506031036376953,0
1789390800000,1.350712537765503,1.350712537765503,1.3504936695098877,1.350584864616394,0
1789391100000,1.350712537765503,1.350785493850708,1.350694179534912,1.350785493850708,0
1789391400000,1.350785493850708,1.3508949279785156,1.350694179534912,1.350694179534912,0
1789391700000,1.350694179534912,1.3507490158081055,1.350584864616394,1.3506031036376953,0
1789392000000,1.3506578207015991,1.350694179534912,1.3506578207015991,1.3506760597229004,0
1789392300000,1.350621223449707,1.350858449935913,1.350621223449707,1.3507671356201172,0
1789392600000,1.350858449935913,1.350858449935913,1.3506760597229004,1.3507307767868042,0
1789392900000,1.3506395816802979,1.3508403301239014,1.3506395816802979,1.3508037328720093,0
1789393200000,1.3506760597229004,1.350694179534912,1.3505666255950928,1.350621223449707,0
1789393500000,1.350548267364502,1.3507490158081055,1.350548267364502,1.3507490158081055,0
1789393800000,1.350694179534912,1.3508949279785156,1.350694179534912,1.3508037328720093,0
1789394100000,1.3509314060211182,1.3509862422943115,1.3508403301239014,1.3508403301239014,0
1789394400000,1.3508037328720093,1.3508219718933105,1.350694179534912,1.350694179534912,0
1789394700000,1.350694179534912,1.3509680032730103,1.350694179534912,1.3509680032730103,0
1789395000000,1.3509862422943115,1.35111403465271,1.3509680032730103,1.35111403465271,0
1789395300000,1.3511687517166138,1.3511687517166138,1.3511687517166138,1.3511687517166138,0
1789395419000,1.3511687517166138,1.3511687517166138,1.3511687517166138,1.3511687517166138,0
1789395600000,1.351186990737915,1.351186990737915,1.3510591983795166,1.3510591983795166,0
1789395779000,1.3511322736740112,1.3511322736740112,1.3511322736740112,1.3511322736740112,0
1789395900000,1.35111403465271,1.35111403465271,1.3510956764221191,1.3510956764221191,0
1789396079000,1.3510775566101074,1.3510775566101074,1.3510775566101074,1.3510775566101074,0
1789396200000,1.3510409593582153,1.3510409593582153,1.3510409593582153,1.3510409593582153,0
1789396379000,1.3512235879898071,1.3512235879898071,1.3512235879898071,1.3512235879898071,0
1789396500000,1.351278305053711,1.3513696193695068,1.351278305053711,1.3513696193695068,0
1789396680000,1.3514060974121094,1.3514060974121094,1.3514060974121094,1.3514060974121094,0
1789396800000,1.3513696193695068,1.3513696193695068,1.351186990737915,1.351186990737915,0
1789397040000,1.3511687517166138,1.3511687517166138,1.3511687517166138,1.3511687517166138,0
1789397100000,1.3511687517166138,1.3511687517166138,1.3510591983795166,1.3510591983795166,0
1789397340000,1.351186990737915,1.351186990737915,1.351186990737915,1.351186990737915,0
1789397400000,1.3511687517166138,1.3511687517166138,1.3510775566101074,1.3511687517166138,0
1789397640000,1.35111403465271,1.35111403465271,1.35111403465271,1.35111403465271,0
1789397700000,1.3511322736740112,1.3511687517166138,1.3510591983795166,1.3510591983795166,0
1789397940000,1.35111403465271,1.35111403465271,1.35111403465271,1.35111403465271,0
1789398000000,1.351186990737915,1.3512235879898071,1.3511687517166138,1.3512235879898071,0
1789398240000,1.3511687517166138,1.3511687517166138,1.3511687517166138,1.3511687517166138,0
1789398300000,1.3511322736740112,1.3511687517166138,1.3509680032730103,1.3510591983795166,0
1789398600000,1.3510956764221191,1.3510956764221191,1.3509680032730103,1.3509680032730103,0
1789398900000,1.3510043621063232,1.351022720336914,1.350858449935913,1.3508766889572144,0
1789399200000,1.3508766889572144,1.3508766889572144,1.3506760597229004,1.3507671356201172,0
1789399500000,1.3507307767868042,1.3507671356201172,1.350712537765503,1.350712537765503,0
1789399800000,1.3506395816802979,1.3506395816802979,1.350548267364502,1.350548267364502,0
1789400100000,1.350584864616394,1.3506578207015991,1.350511908531189,1.350511908531189,0
1789400400000,1.3504753112792969,1.3504936695098877,1.3504024744033813,1.3504024744033813,0
1789400700000,1.3504024744033813,1.3504024744033813,1.3502565622329712,1.3502748012542725,0
1789400756000,1.3504024744033813,1.3504024744033813,1.3504024744033813,1.3504024744033813,0
1789401000000,1.3501288890838623,1.3501288890838623,1.3501288890838623,1.3501288890838623,0
1789401116000,1.350201964378357,1.350201964378357,1.350201964378357,1.350201964378357,0
1789401300000,1.350201964378357,1.350201964378357,1.350201964378357,1.350201964378357,0
1789401416000,1.3500559329986572,1.3500559329986572,1.3500559329986572,1.3500559329986572,0
1789401600000,1.3499102592468262,1.3499102592468262,1.3499102592468262,1.3499102592468262,0
1789401716000,1.3498737812042236,1.3498737812042236,1.3498737812042236,1.3498737812042236,0
1789401900000,1.3497827053070068,1.3497827053070068,1.3497827053070068,1.3497827053070068,0
1789402016000,1.3497098684310913,1.3497098684310913,1.3497098684310913,1.3497098684310913,0
1789402200000,1.3497644662857056,1.3497644662857056,1.34969162940979,1.34969162940979,0
1789402376000,1.3497827053070068,1.3497827053070068,1.3497827053070068,1.3497827053070068,0
1789402500000,1.3498190641403198,1.3498190641403198,1.3498190641403198,1.3498190641403198,0
1789402677000,1.3499284982681274,1.3499284982681274,1.3499284982681274,1.3499284982681274,0
1789402800000,1.349892020225525,1.349892020225525,1.3498737812042236,1.3498737812042236,0
1789402977000,1.3498737812042236,1.3498737812042236,1.3498737812042236,1.3498737812042236,0
1789403100000,1.3499284982681274,1.3499284982681274,1.3499284982681274,1.3499284982681274,0
1789403277000,1.3498555421829224,1.3498555421829224,1.3498555421829224,1.3498555421829224,0
1789403400000,1.3498737812042236,1.3499284982681274,1.3498737812042236,1.3499284982681274,0
1789403637000,1.3498737812042236,1.3498737812042236,1.3498737812042236,1.3498737812042236,0
1789403700000,1.3498555421829224,1.3498555421829224,1.3497462272644043,1.3498555421829224,0
1789404000000,1.349892020225525,1.3500195741653442,1.3498737812042236,1.3500195741653442,0
1789404300000,1.3500195741653442,1.350074291229248,1.3499648571014404,1.3499648571014404,0
1789404600000,1.3500195741653442,1.3502200841903687,1.3500195741653442,1.350074291229248,0
1789404900000,1.3501107692718506,1.3502200841903687,1.3501107692718506,1.3501107692718506,0
1789405200000,1.3504570722579956,1.3509680032730103,1.3502565622329712,1.3502565622329712,0
1789405500000,1.3501836061477661,1.3510409593582153,1.3501288890838623,1.3510409593582153,0
1789405800000,1.3501288890838623,1.3505666255950928,1.3501288890838623,1.3504389524459839,0
1789406100000,1.3501653671264648,1.3502748012542725,1.3500378131866455,1.3502565622329712,0
1789406400000,1.3505666255950928,1.3505666255950928,1.3501288890838623,1.3501288890838623,0
1789406700000,1.3501107692718506,1.3502565622329712,1.3498190641403198,1.3498190641403198,0
1789407000000,1.350201964378357,1.350201964378357,1.3497644662857056,1.3498737812042236,0
1789407300000,1.349727988243103,1.3502748012542725,1.349727988243103,1.3501471281051636,0
1789407600000,1.3499102592468262,1.3502200841903687,1.3499102592468262,1.3502200841903687,0
1789407900000,1.3498555421829224,1.3501653671264648,1.3498555421829224,1.3499648571014404,0
1789408200000,1.3500378131866455,1.3502565622329712,1.3500378131866455,1.3500925302505493,0
1789408500000,1.350548267364502,1.350548267364502,1.3499284982681274,1.3499284982681274,0
1789408800000,1.3500559329986572,1.35023832321167,1.349837303161621,1.350074291229248,0
1789409100000,1.3501288890838623,1.3502565622329712,1.3501107692718506,1.3502200841903687,0
1789409400000,1.3500559329986572,1.3500559329986572,1.3499648571014404,1.3499648571014404,0
1789409700000,1.350201964378357,1.350201964378357,1.3501471281051636,1.3501471281051636,0
1789410000000,1.350074291229248,1.3501107692718506,1.3500195741653442,1.350074291229248,0
1789410300000,1.350074291229248,1.3502200841903687,1.350074291229248,1.3500925302505493,0
1789410600000,1.3502929210662842,1.3503295183181763,1.3502748012542725,1.3502929210662842,0
1789410900000,1.3502748012542725,1.3503295183181763,1.3502200841903687,1.3502565622329712,0
1789411200000,1.3503295183181763,1.3503295183181763,1.3502565622329712,1.3502929210662842,0
1789411500000,1.3503295183181763,1.3503295183181763,1.3502748012542725,1.3502929210662842,0
1789411800000,1.3502929210662842,1.3504024744033813,1.3502929210662842,1.3504024744033813,0
1789412100000,1.3504936695098877,1.3505300283432007,1.3504936695098877,1.3505300283432007,0
1789412400000,1.3504024744033813,1.3504024744033813,1.3504024744033813,1.3504024744033813,0
1789412460000,1.3504936695098877,1.3504936695098877,1.3504936695098877,1.3504936695098877,0
1789412700000,1.3504570722579956,1.3504570722579956,1.3504570722579956,1.3504570722579956,0
1789412760000,1.3504753112792969,1.3504753112792969,1.3504753112792969,1.3504753112792969,0
1789413000000,1.3504753112792969,1.3504753112792969,1.3504207134246826,1.3504207134246826,0
1789413060000,1.3504207134246826,1.3504207134246826,1.3504207134246826,1.3504207134246826,0
1789413300000,1.3504207134246826,1.3504207134246826,1.3503477573394775,1.3503477573394775,0
1789413420000,1.3502748012542725,1.3502748012542725,1.3502748012542725,1.3502748012542725,0
1789413600000,1.3502200841903687,1.3502200841903687,1.3501836061477661,1.3501836061477661,0
1789413720000,1.3501836061477661,1.3501836061477661,1.3501836061477661,1.3501836061477661,0
1789413900000,1.35023832321167,1.3502565622329712,1.35023832321167,1.3502565622329712,0
1789414020000,1.3502565622329712,1.3502565622329712,1.3502565622329712,1.3502565622329712,0
1789414200000,1.3502200841903687,1.3502200841903687,1.3501653671264648,1.3501653671264648,0
1789414320000,1.3501653671264648,1.3501653671264648,1.3501653671264648,1.3501653671264648,0
1789414500000,1.3501107692718506,1.3501107692718506,1.3501107692718506,1.3501107692718506,0
1789414620000,1.3501107692718506,1.3501107692718506,1.3501107692718506,1.3501107692718506,0
1789414800000,1.3501288890838623,1.3501288890838623,1.350074291229248,1.350074291229248,0
1789414980000,1.3500925302505493,1.3500925302505493,1.3500925302505493,1.3500925302505493,0
1789415100000,1.3502200841903687,1.3502200841903687,1.3501288890838623,1.3501288890838623,0
1789415280000,1.3501107692718506,1.3501107692718506,1.3501107692718506,1.3501107692718506,0
1789415400000,1.350201964378357,1.3502200841903687,1.350001335144043,1.350001335144043,0
1789415700000,1.3499102592468262,1.3501653671264648,1.3499102592468262,1.3501653671264648,0
1789416000000,1.3500378131866455,1.3500378131866455,1.350001335144043,1.350001335144043,0
1789416300000,1.350001335144043,1.3500559329986572,1.3499830961227417,1.3500559329986572,0
1789416600000,1.3499830961227417,1.3500378131866455,1.3499830961227417,1.3500195741653442,0
1789416900000,1.3499648571014404,1.3500378131866455,1.3498737812042236,1.3498737812042236,0
1789417200000,1.349892020225525,1.3499830961227417,1.349892020225525,1.3499830961227417,0
1789417500000,1.3499648571014404,1.3499648571014404,1.34969162940979,1.34969162940979,0
1789417800000,1.3497827053070068,1.3497827053070068,1.3496370315551758,1.3496370315551758,0
1789418100000,1.34969162940979,1.349727988243103,1.3496370315551758,1.34969162940979,0
1789418400000,1.3496551513671875,1.349727988243103,1.3496551513671875,1.34969162940979,0
1789418700000,1.3498190641403198,1.3498190641403198,1.3497644662857056,1.3497827053070068,0
1789419000000,1.3497827053070068,1.3497827053070068,1.3496005535125732,1.3496005535125732,0
1789419300000,1.3496005535125732,1.3496187925338745,1.349545955657959,1.3496187925338745,0
1789419600000,1.3494548797607422,1.3496551513671875,1.3494548797607422,1.3496551513671875,0
1789419900000,1.3496187925338745,1.3496187925338745,1.3494731187820435,1.3494731187820435,0
1789420200000,1.349400281906128,1.3494548797607422,1.3493820428848267,1.3494548797607422,0
1789420500000,1.3494548797607422,1.349545955657959,1.3493820428848267,1.3493820428848267,0
1789420800000,1.3493638038635254,1.3493820428848267,1.349127173423767,1.349127173423767,0
1789421100000,1.3489633798599243,1.3489633798599243,1.3488723039627075,1.34890878200531,0
1789421400000,1.34890878200531,1.3489633798599243,1.3488905429840088,1.3489633798599243,0
1789421700000,1.3489269018173218,1.3489269018173218,1.3487813472747803,1.3487995862960815,0
1789422000000,1.3487632274627686,1.3487813472747803,1.34865403175354,1.34865403175354,0
1789422300000,1.3487086296081543,1.3488540649414062,1.3487086296081543,1.3488540649414062,0
1789422600000,1.3487995862960815,1.3488905429840088,1.348726749420166,1.348726749420166,0
1789422900000,1.348726749420166,1.3487632274627686,1.3486357927322388,1.3486722707748413,0
1789423200000,1.3487813472747803,1.34890878200531,1.3487086296081543,1.3487086296081543,0
1789423500000,1.348726749420166,1.348726749420166,1.34865403175354,1.348690390586853,0
1789423800000,1.348690390586853,1.348690390586853,1.348581314086914,1.348581314086914,0
1789424100000,1.3485995531082153,1.348726749420166,1.3485995531082153,1.348726749420166,0
1789424400000,1.348726749420166,1.348726749420166,1.3485630750656128,1.3485630750656128,0
1789424700000,1.348690390586853,1.348690390586853,1.3485630750656128,1.348617672920227,0
1789425000000,1.348581314086914,1.3485995531082153,1.3485267162322998,1.3485267162322998,0
1789425300000,1.3484176397323608,1.3485267162322998,1.3484176397323608,1.3484721183776855,0
1789425600000,1.348508596420288,1.348581314086914,1.3484903573989868,1.348508596420288,0
1789425900000,1.3485267162322998,1.3487995862960815,1.3485267162322998,1.3487995862960815,0
1789426200000,1.3487995862960815,1.3488359451293945,1.3487813472747803,1.3488359451293945,0
1789426500000,1.348981499671936,1.348981499671936,1.34890878200531,1.3489269018173218,0
1789426800000,1.3489997386932373,1.3490360975265503,1.3489269018173218,1.3489997386932373,0
1789427100000,1.3488905429840088,1.348945140838623,1.3488905429840088,1.348945140838623,0
1789427400000,1.3489997386932373,1.3489997386932373,1.3488178253173828,1.3488178253173828,0
1789427700000,1.3488359451293945,1.3488905429840088,1.3488359451293945,1.3488905429840088,0
1789428000000,1.3488905429840088,1.3488905429840088,1.348690390586853,1.348690390586853,0
1789428300000,1.3487086296081543,1.3487995862960815,1.34865403175354,1.3487995862960815,0
1789428600000,1.3487995862960815,1.3488905429840088,1.3487813472747803,1.3488178253173828,0
1789428900000,1.3487813472747803,1.3487813472747803,1.348690390586853,1.3487632274627686,0
1789429200000,1.348617672920227,1.3486722707748413,1.348617672920227,1.348617672920227,0
1789429500000,1.348690390586853,1.348726749420166,1.34865403175354,1.34865403175354,0
1789429800000,1.3486357927322388,1.3487995862960815,1.3486357927322388,1.3487995862960815,0
1789430100000,1.3487813472747803,1.3487995862960815,1.3486357927322388,1.3486357927322388,0
1789430400000,1.348617672920227,1.34865403175354,1.348508596420288,1.348508596420288,0
1789430700000,1.348581314086914,1.348581314086914,1.3484903573989868,1.348508596420288,0
1789431000000,1.3485267162322998,1.3485448360443115,1.348435878753662,1.3485448360443115,0
1789431300000,1.3485630750656128,1.3485630750656128,1.3483994007110596,1.3484539985656738,0
1789431600000,1.3484539985656738,1.3485448360443115,1.3483812808990479,1.3483812808990479,0
1789431900000,1.3483631610870361,1.3484176397323608,1.3483631610870361,1.3484176397323608,0
1789432200000,1.3484176397323608,1.3484903573989868,1.3483994007110596,1.3484903573989868,0
1789432500000,1.348508596420288,1.348617672920227,1.348508596420288,1.348617672920227,0
1789432800000,1.3486357927322388,1.348726749420166,1.3485995531082153,1.34865403175354,0
1789433100000,1.348581314086914,1.3486357927322388,1.3485630750656128,1.3486357927322388,0
1789433400000,1.348581314086914,1.348581314086914,1.3485267162322998,1.3485267162322998,0
1789433700000,1.348581314086914,1.348581314086914,1.348435878753662,1.348435878753662,0
1789434000000,1.3485267162322998,1.34865403175354,1.3484176397323608,1.3484176397323608,0
1789434300000,1.3484721183776855,1.3484721183776855,1.3483085632324219,1.3483266830444336,0
1789434600000,1.3483449220657349,1.3485267162322998,1.3483449220657349,1.3485267162322998,0
1789434900000,1.3483266830444336,1.3483266830444336,1.3483085632324219,1.3483085632324219,0
1789435200000,1.3482903242111206,1.3483631610870361,1.3482903242111206,1.3483631610870361,0
1789435500000,1.3483631610870361,1.3484903573989868,1.3483631610870361,1.3484903573989868,0
1789435800000,1.3483994007110596,1.3484176397323608,1.348199486732483,1.348199486732483,0
1789436100000,1.3482722043991089,1.3483085632324219,1.348199486732483,1.348235845565796,0
1789436400000,1.3483085632324219,1.3485630750656128,1.3483085632324219,1.3485448360443115,0
1789436700000,1.3485995531082153,1.3485995531082153,1.348508596420288,1.348508596420288,0
1789437000000,1.348617672920227,1.348617672920227,1.3483994007110596,1.3483994007110596,0
1789437300000,1.3483812808990479,1.3483812808990479,1.3482176065444946,1.3482539653778076,0
1789437600000,1.348126769065857,1.348126769065857,1.3476907014846802,1.3477815389633179,0
1789437900000,1.3476725816726685,1.3477451801300049,1.3475998640060425,1.3477451801300049,0
1789438200000,1.3476725816726685,1.3481448888778687,1.3476725816726685,1.3481448888778687,0
1789438500000,1.3479268550872803,1.347981333732605,1.3478178977966309,1.3478904962539673,0
1789438800000,1.3477451801300049,1.3477451801300049,1.3473457098007202,1.3473457098007202,0
1789439100000,1.3473820686340332,1.3473820686340332,1.3472731113433838,1.3472731113433838,0
1789439400000,1.3471460342407227,1.3471460342407227,1.3470735549926758,1.3471460342407227,0
1789439700000,1.347182273864746,1.347182273864746,1.3470735549926758,1.3470735549926758,0
1789440000000,1.3470009565353394,1.3470735549926758,1.3467469215393066,1.3467469215393066,0
1789440300000,1.346692442893982,1.346692442893982,1.3464930057525635,1.3464930057525635,0
1789440600000,1.3465837240219116,1.3467106819152832,1.3465473651885986,1.3467106819152832,0
1789440900000,1.34678316116333,1.346982717514038,1.346765160560608,1.346982717514038,0
1789441200000,1.3470735549926758,1.3470735549926758,1.346692442893982,1.3468012809753418,0
1789441500000,1.34678316116333,1.3473094701766968,1.34678316116333,1.3472912311553955,0
1789441800000,1.3477451801300049,1.3477451801300049,1.3472912311553955,1.3474546670913696,0
1789442100000,1.3473457098007202,1.3474364280700684,1.3473275899887085,1.3473275899887085,0
1789442400000,1.347363829612732,1.347400188446045,1.3473094701766968,1.3473094701766968,0
1789442700000,1.3472912311553955,1.3475998640060425,1.3472912311553955,1.3475998640060425,0
1789443000000,1.3474546670913696,1.3476725816726685,1.3474546670913696,1.3475455045700073,0
1789443300000,1.3475998640060425,1.3475998640060425,1.347218632698059,1.3472548723220825,0
1789443600000,1.3471460342407227,1.3475817441940308,1.3470553159713745,1.3475817441940308,0
1789443900000,1.3476907014846802,1.3477997779846191,1.3476907014846802,1.3477997779846191,0
1789444200000,1.3477089405059814,1.3477089405059814,1.3473457098007202,1.3473457098007202,0
1789444500000,1.3475817441940308,1.347981333732605,1.3475817441940308,1.347981333732605,0
1789444800000,1.3479995727539062,1.3479995727539062,1.3472731113433838,1.3472731113433838,0
1789445100000,1.3470735549926758,1.3471097946166992,1.3470371961593628,1.3470371961593628,0
1789445400000,1.3470735549926758,1.3473457098007202,1.3470009565353394,1.3473457098007202,0
1789445700000,1.3473820686340332,1.3479268550872803,1.3473820686340332,1.3479268550872803,0
1789446000000,1.347636342048645,1.347636342048645,1.3472731113433838,1.347636342048645,0
1789446300000,1.347527265548706,1.3479450941085815,1.347527265548706,1.3477997779846191,0
1789446600000,1.3477451801300049,1.3477451801300049,1.3474546670913696,1.3475455045700073,0
1789446900000,1.3477451801300049,1.3478723764419556,1.3477089405059814,1.3478723764419556,0
1789447200000,1.3478723764419556,1.3479450941085815,1.3475455045700073,1.3475455045700073,0
1789447500000,1.3476181030273438,1.3476725816726685,1.347563624382019,1.3475817441940308,0
1789447800000,1.347636342048645,1.3476725816726685,1.347527265548706,1.347527265548706,0
1789448100000,1.3476725816726685,1.3477270603179932,1.3474546670913696,1.3474546670913696,0
1789448400000,1.347563624382019,1.347563624382019,1.3474364280700684,1.3474364280700684,0
1789448700000,1.3475455045700073,1.3475455045700073,1.3473457098007202,1.347363829612732,0
1789449000000,1.3472548723220825,1.347490906715393,1.3472548723220825,1.347490906715393,0
1789449300000,1.3473820686340332,1.3473820686340332,1.3470553159713745,1.347127914428711,0
1789449600000,1.3471097946166992,1.347127914428711,1.3468738794326782,1.3468738794326782,0
1789449900000,1.3469464778900146,1.347490906715393,1.3469464778900146,1.347490906715393,0
1789450200000,1.3473820686340332,1.3473820686340332,1.3473457098007202,1.347363829612732,0
1789450500000,1.3472912311553955,1.347400188446045,1.347218632698059,1.347400188446045,0
1789450800000,1.3474546670913696,1.3475817441940308,1.347400188446045,1.347400188446045,0
1789451100000,1.3476725816726685,1.3478723764419556,1.3476725816726685,1.3478360176086426,0
1789451400000,1.3478904962539673,1.348090410232544,1.3478723764419556,1.348090410232544,0
1789451700000,1.348054051399231,1.34816312789917,1.3479450941085815,1.3479450941085815,0
1789452000000,1.3479633331298828,1.3479633331298828,1.3477451801300049,1.3477451801300049,0
1789452300000,1.3477451801300049,1.3478178977966309,1.3477451801300049,1.3478178977966309,0
1789452600000,1.3479268550872803,1.3479450941085815,1.3477270603179932,1.3477270603179932,0
1789452900000,1.3476543426513672,1.3477089405059814,1.3475998640060425,1.3476543426513672,0
1789453200000,1.3477451801300049,1.3478904962539673,1.3476907014846802,1.3477997779846191,0
1789453500000,1.3476907014846802,1.3477089405059814,1.347563624382019,1.3476543426513672,0
1789453800000,1.3478178977966309,1.3479087352752686,1.3478178977966309,1.3478723764419556,0
1789454100000,1.3478542566299438,1.3479087352752686,1.3477997779846191,1.3477997779846191,0
1789454400000,1.3477634191513062,1.3477634191513062,1.3476725816726685,1.3476725816726685,0
1789454700000,1.3477634191513062,1.3477634191513062,1.347636342048645,1.3476543426513672,0
1789455000000,1.3475998640060425,1.3478178977966309,1.3475998640060425,1.3476543426513672,0
1789455300000,1.3477815389633179,1.3477815389633179,1.3475091457366943,1.347563624382019,0
1789455600000,1.347527265548706,1.3477634191513062,1.347527265548706,1.347563624382019,0
1789455900000,1.3476543426513672,1.348054051399231,1.3476543426513672,1.348054051399231,0
1789456200000,1.3480722904205322,1.3480722904205322,1.348054051399231,1.348054051399231,0
1789456500000,1.3482539653778076,1.3485267162322998,1.3482539653778076,1.3485267162322998,0
1789456800000,1.3485630750656128,1.3485630750656128,1.3485630750656128,1.3485630750656128,0
1789456919000,1.348581314086914,1.348581314086914,1.348581314086914,1.348581314086914,0
1789457100000,1.348581314086914,1.348581314086914,1.348581314086914,1.348581314086914,0
1789457219000,1.3485267162322998,1.3485267162322998,1.3485267162322998,1.3485267162322998,0
1789457400000,1.3488540649414062,1.3488540649414062,1.3488540649414062,1.3488540649414062,0
1789457519000,1.3488905429840088,1.3488905429840088,1.3488905429840088,1.3488905429840088,0
1789457700000,1.3488359451293945,1.3488359451293945,1.3488359451293945,1.3488359451293945,0
1789457819000,1.3487813472747803,1.3487813472747803,1.3487813472747803,1.3487813472747803,0
1789458000000,1.3487449884414673,1.3487449884414673,1.34865403175354,1.34865403175354,0
1789458119000,1.34865403175354,1.34865403175354,1.34865403175354,1.34865403175354,0
1789458300000,1.3487086296081543,1.3487086296081543,1.34865403175354,1.34865403175354,0
1789458479000,1.34865403175354,1.34865403175354,1.34865403175354,1.34865403175354,0
1789458600000,1.3485267162322998,1.3485267162322998,1.3484539985656738,1.3484539985656738,0
1789458779000,1.3483631610870361,1.3483631610870361,1.3483631610870361,1.3483631610870361,0
1789458900000,1.3485448360443115,1.3485448360443115,1.3482539653778076,1.3483449220657349,0
1789459080000,1.3485267162322998,1.3485267162322998,1.3485267162322998,1.3485267162322998,0
1789459200000,1.3483631610870361,1.3483631610870361,1.3482903242111206,1.3482903242111206,0
1789459380000,1.348235845565796,1.348235845565796,1.348235845565796,1.348235845565796,0
1789459500000,1.3486357927322388,1.34865403175354,1.3483266830444336,1.3483266830444336,0
1789459740000,1.3483449220657349,1.3483449220657349,1.3483449220657349,1.3483449220657349,0
1789459800000,1.3483449220657349,1.348617672920227,1.3483449220657349,1.348617672920227,0
1789460100000,1.3485448360443115,1.3485448360443115,1.3481448888778687,1.3481448888778687,0
1789460400000,1.3481448888778687,1.34816312789917,1.348126769065857,1.34816312789917,0
1789460700000,1.348126769065857,1.348126769065857,1.348126769065857,1.348126769065857,0
1789460760000,1.34816312789917,1.34816312789917,1.34816312789917,1.34816312789917,0
1789461000000,1.3482539653778076,1.3482539653778076,1.3482539653778076,1.3482539653778076,0
1789461060000,1.3483631610870361,1.3483631610870361,1.3483631610870361,1.3483631610870361,0
1789461300000,1.3486357927322388,1.3486357927322388,1.3486357927322388,1.3486357927322388,0
1789461361000,1.348581314086914,1.348581314086914,1.348581314086914,1.348581314086914,0
1789461600000,1.3483449220657349,1.3483449220657349,1.3483449220657349,1.3483449220657349,0
1789461716000,1.348435878753662,1.348435878753662,1.348435878753662,1.348435878753662,0
1789461900000,1.348435878753662,1.348435878753662,1.348435878753662,1.348435878753662,0
1789462016000,1.3484539985656738,1.3484539985656738,1.3484539985656738,1.3484539985656738,0
1789462200000,1.3487813472747803,1.3487813472747803,1.3487813472747803,1.3487813472747803,0
1789462316000,1.3485995531082153,1.3485995531082153,1.3485995531082153,1.3485995531082153,0
1789462500000,1.3485630750656128,1.3485630750656128,1.3484903573989868,1.3484903573989868,0
1789462676000,1.3483631610870361,1.3483631610870361,1.3483631610870361,1.3483631610870361,0
1789462800000,1.3483449220657349,1.3484176397323608,1.3483449220657349,1.3484176397323608,0
1789462976000,1.348690390586853,1.348690390586853,1.348690390586853,1.348690390586853,0
1789463100000,1.34865403175354,1.34865403175354,1.3485448360443115,1.3485448360443115,0
1789463276000,1.3485448360443115,1.3485448360443115,1.3485448360443115,1.3485448360443115,0
1789463400000,1.3486722707748413,1.3486722707748413,1.34865403175354,1.34865403175354,0
1789463576000,1.3487086296081543,1.3487086296081543,1.3487086296081543,1.3487086296081543,0
1789463700000,1.3483994007110596,1.3484539985656738,1.3482539653778076,1.3482539653778076,0
1789464000000,1.3482722043991089,1.3484539985656738,1.3481448888778687,1.3484539985656738,0
1789464300000,1.3484721183776855,1.3485630750656128,1.3483994007110596,1.3483994007110596,0
1789464600000,1.348235845565796,1.348235845565796,1.3480359315872192,1.3481813669204712,0
1789464900000,1.3483631610870361,1.3485630750656128,1.3483631610870361,1.3483631610870361,0
1789465200000,1.3486722707748413,1.3488540649414062,1.348581314086914,1.3488540649414062,0
1789465500000,1.3488540649414062,1.349199891090393,1.3488540649414062,1.349199891090393,0
1789465800000,1.3493092060089111,1.3496551513671875,1.3493092060089111,1.3496551513671875,0
1789466100000,1.3496551513671875,1.3496551513671875,1.3493820428848267,1.3493820428848267,0
1789466400000,1.3492727279663086,1.3492727279663086,1.3491816520690918,1.3491816520690918,0
1789466578000,1.349127173423767,1.349127173423767,1.349127173423767,1.349127173423767,0
1789466700000,1.3490725755691528,1.3493820428848267,1.3490725755691528,1.3493820428848267,0
1789466938000,1.3493273258209229,1.3493273258209229,1.3493273258209229,1.3493273258209229,0
1789467000000,1.349400281906128,1.349400281906128,1.34916353225708,1.34916353225708,0
1789467238000,1.3492363691329956,1.3492363691329956,1.3492363691329956,1.3492363691329956,0
1789467300000,1.34916353225708,1.34916353225708,1.348981499671936,1.348981499671936,0
1789467538000,1.3487813472747803,1.3487813472747803,1.3487813472747803,1.3487813472747803,0
1789467600000,1.3491452932357788,1.3491816520690918,1.3490543365478516,1.3491816520690918,0
1789467838000,1.349199891090393,1.349199891090393,1.349199891090393,1.349199891090393,0
1789467900000,1.3492544889450073,1.3493638038635254,1.34916353225708,1.34916353225708,0
1789468198000,1.3491816520690918,1.3491816520690918,1.3491816520690918,1.3491816520690918,0
1789468200000,1.3492909669876099,1.349545955657959,1.3492727279663086,1.349545955657959,0
1789468498000,1.3492909669876099,1.3492909669876099,1.3492909669876099,1.3492909669876099,0
1789468500000,1.3492909669876099,1.3493455648422241,1.3489633798599243,1.3489633798599243,0
1789468798000,1.349017858505249,1.349017858505249,1.349017858505249,1.349017858505249,0
1789468800000,1.349199891090393,1.3493638038635254,1.349199891090393,1.349199891090393,0
1789469098000,1.3491816520690918,1.3491816520690918,1.3491816520690918,1.3491816520690918,0
1789469100000,1.3492181301116943,1.3492544889450073,1.3490906953811646,1.3490906953811646,0
1789469400000,1.3490725755691528,1.3493092060089111,1.348945140838623,1.3491816520690918,0
1789469459000,1.3490725755691528,1.3490725755691528,1.3490725755691528,1.3490725755691528,0
1789469700000,1.349400281906128,1.349400281906128,1.3488359451293945,1.3488359451293945,0
1789470000000,1.3488723039627075,1.348981499671936,1.34865403175354,1.348981499671936,0
1789470300000,1.348981499671936,1.3490725755691528,1.3487632274627686,1.3487632274627686,0
1789470600000,1.3487813472747803,1.3489269018173218,1.3484539985656738,1.3484539985656738,0
1789470900000,1.3483631610870361,1.3485267162322998,1.3483631610870361,1.3484721183776855,0
1789471200000,1.3484176397323608,1.3485630750656128,1.3483449220657349,1.3485630750656128,0
1789471500000,1.3485630750656128,1.348690390586853,1.3485630750656128,1.348581314086914,0
1789471800000,1.3484721183776855,1.3484721183776855,1.3481813669204712,1.3481813669204712,0
1789472100000,1.347981333732605,1.347981333732605,1.3475817441940308,1.3475817441940308,0
1789472400000,1.347490906715393,1.3476543426513672,1.347490906715393,1.3475817441940308,0
1789472700000,1.347563624382019,1.3476543426513672,1.3475091457366943,1.3476543426513672,0
1789473000000,1.347472906112671,1.3476725816726685,1.347472906112671,1.3476543426513672,0
1789473300000,1.347490906715393,1.3479995727539062,1.347490906715393,1.3478904962539673,0
1789473600000,1.3477815389633179,1.3479087352752686,1.3477089405059814,1.3477089405059814,0
1789473900000,1.3477089405059814,1.3477270603179932,1.347490906715393,1.347490906715393,0
1789474200000,1.347527265548706,1.347527265548706,1.347472906112671,1.3475091457366943,0
1789474500000,1.3475091457366943,1.347527265548706,1.347182273864746,1.347182273864746,0
1789474800000,1.3470735549926758,1.3472548723220825,1.3470735549926758,1.347218632698059,0
1789475100000,1.3473275899887085,1.3473275899887085,1.347182273864746,1.3473094701766968,0
1789475400000,1.3473094701766968,1.347490906715393,1.3473094701766968,1.347472906112671,0
1789475700000,1.347490906715393,1.3477089405059814,1.347490906715393,1.3475817441940308,0
1789476000000,1.3475817441940308,1.3477451801300049,1.3475455045700073,1.3477451801300049,0
1789476300000,1.3477089405059814,1.3477997779846191,1.3477089405059814,1.3477089405059814,0
1789476600000,1.3477815389633179,1.3479995727539062,1.3477815389633179,1.3479995727539062,0
1789476900000,1.3479995727539062,1.34816312789917,1.3479995727539062,1.34816312789917,0
1789477200000,1.3482722043991089,1.3482722043991089,1.3478904962539673,1.3478904962539673,0
1789477500000,1.3479450941085815,1.3479450941085815,1.3477634191513062,1.3477634191513062,0
1789477800000,1.3477815389633179,1.3478904962539673,1.3477634191513062,1.3478904962539673,0
1789478100000,1.3476907014846802,1.3476907014846802,1.3475998640060425,1.3475998640060425,0
1789478400000,1.3476181030273438,1.3476181030273438,1.3475091457366943,1.3476181030273438,0
1789478697000,1.3475998640060425,1.3475998640060425,1.3475998640060425,1.3475998640060425,0
1789478700000,1.347636342048645,1.3477270603179932,1.3475998640060425,1.3476543426513672,0
1789479000000,1.3476907014846802,1.3479268550872803,1.3476907014846802,1.3478904962539673,0
1789479057000,1.3476907014846802,1.3476907014846802,1.3476907014846802,1.3476907014846802,0
1789479300000,1.3479450941085815,1.3479450941085815,1.3478723764419556,1.3479450941085815,0
1789479357000,1.3479450941085815,1.3479450941085815,1.3479450941085815,1.3479450941085815,0
1789479600000,1.3479268550872803,1.3479268550872803,1.3478360176086426,1.3478904962539673,0
1789479657000,1.3479268550872803,1.3479268550872803,1.3479268550872803,1.3479268550872803,0
1789479900000,1.3478904962539673,1.3478904962539673,1.347527265548706,1.347527265548706,0
1789479957000,1.3478904962539673,1.3478904962539673,1.3478904962539673,1.3478904962539673,0
1789480200000,1.3475091457366943,1.3475091457366943,1.3475091457366943,1.3475091457366943,0
1789480317000,1.347472906112671,1.347472906112671,1.347472906112671,1.347472906112671,0
1789480500000,1.347563624382019,1.347563624382019,1.347563624382019,1.347563624382019,0
1789480617000,1.347563624382019,1.347563624382019,1.347563624382019,1.347563624382019,0
1789480800000,1.3475455045700073,1.3475455045700073,1.3475455045700073,1.3475455045700073,0
1789480917000,1.3473094701766968,1.3473094701766968,1.3473094701766968,1.3473094701766968,0
1789481100000,1.347400188446045,1.347400188446045,1.347400188446045,1.347400188446045,0
1789481217000,1.3474183082580566,1.3474183082580566,1.3474183082580566,1.3474183082580566,0
1789481400000,1.347527265548706,1.3476543426513672,1.347527265548706,1.3476543426513672,0
1789481577000,1.3476181030273438,1.3476181030273438,1.3476181030273438,1.3476181030273438,0
1789481700000,1.3477089405059814,1.3477997779846191,1.3476907014846802,1.3477997779846191,0
1789482000000,1.3478904962539673,1.347981333732605,1.3478904962539673,1.347981333732605,0
1789482300000,1.3480722904205322,1.3481813669204712,1.3480722904205322,1.3481813669204712,0
1789482600000,1.3479995727539062,1.3479995727539062,1.3477815389633179,1.3478360176086426,0
1789482900000,1.3477997779846191,1.3477997779846191,1.3477089405059814,1.3477089405059814,0
1789483200000,1.3476181030273438,1.3479450941085815,1.3476181030273438,1.3477815389633179,0
1789483500000,1.3477634191513062,1.3479268550872803,1.3477089405059814,1.3479268550872803,0
1789483738000,1.3479087352752686,1.3479087352752686,1.3479087352752686,1.3479087352752686,0
1789483800000,1.348126769065857,1.348126769065857,1.348090410232544,1.348090410232544,0
1789484038000,1.3481086492538452,1.3481086492538452,1.3481086492538452,1.3481086492538452,0
1789484100000,1.3479995727539062,1.3480178117752075,1.3479995727539062,1.3479995727539062,0
1789484338000,1.3480178117752075,1.3480178117752075,1.3480178117752075,1.3480178117752075,0
1789484400000,1.348090410232544,1.348090410232544,1.3477270603179932,1.3477270603179932,0
1789484699000,1.3477997779846191,1.3477997779846191,1.3477997779846191,1.3477997779846191,0
1789484700000,1.3477270603179932,1.3478723764419556,1.3477270603179932,1.3478723764419556,0
1789484999000,1.3478723764419556,1.3478723764419556,1.3478723764419556,1.3478723764419556,0
1789485000000,1.3479087352752686,1.3479087352752686,1.3477997779846191,1.3478723764419556,0
1789485299000,1.3477997779846191,1.3477997779846191,1.3477997779846191,1.3477997779846191,0
1789485300000,1.3478178977966309,1.3478904962539673,1.3477089405059814,1.3477089405059814,0
1789485599000,1.3477089405059814,1.3477089405059814,1.3477089405059814,1.3477089405059814,0
1789485600000,1.3476907014846802,1.3477451801300049,1.3476907014846802,1.3477270603179932,0
1789485900000,1.3476725816726685,1.3476907014846802,1.3476725816726685,1.3476907014846802,0
1789485959000,1.3476725816726685,1.3476725816726685,1.3476725816726685,1.3476725816726685,0
1789486200000,1.3477451801300049,1.3479087352752686,1.3477451801300049,1.3478723764419556,0
1789486259000,1.3477451801300049,1.3477451801300049,1.3477451801300049,1.3477451801300049,0
1789486500000,1.3478904962539673,1.3478904962539673,1.3476543426513672,1.3476543426513672,0
1789486559000,1.3478904962539673,1.3478904962539673,1.3478904962539673,1.3478904962539673,0
1789486800000,1.3476725816726685,1.3477815389633179,1.3476543426513672,1.3477815389633179,0
1789487100000,1.3476543426513672,1.3477270603179932,1.3476543426513672,1.3477089405059814,0
1789487400000,1.3477270603179932,1.3477270603179932,1.347527265548706,1.347527265548706,0
1789487700000,1.3475817441940308,1.3475817441940308,1.3474183082580566,1.3474183082580566,0
1789488000000,1.3474183082580566,1.3475091457366943,1.3474183082580566,1.3475091457366943,0
1789488300000,1.3475091457366943,1.3475091457366943,1.3473094701766968,1.347400188446045,0
1789488600000,1.3474183082580566,1.3474183082580566,1.3472548723220825,1.3473275899887085,0
1789488900000,1.3472548723220825,1.3472912311553955,1.3472368717193604,1.3472368717193604,0
1789489200000,1.3473094701766968,1.3473094701766968,1.347182273864746,1.347182273864746,0
1789489500000,1.347218632698059,1.3472912311553955,1.347218632698059,1.3472912311553955,0
1789489800000,1.3473275899887085,1.3474183082580566,1.3473275899887085,1.3473820686340332,0
1789490100000,1.347400188446045,1.347400188446045,1.3472912311553955,1.3472912311553955,0
1789490400000,1.3473275899887085,1.347363829612732,1.3473275899887085,1.3473275899887085,0
1789490700000,1.3473094701766968,1.3475091457366943,1.3473094701766968,1.3475091457366943,0
1789491000000,1.3475091457366943,1.3475998640060425,1.347472906112671,1.347527265548706,0
1789491300000,1.3475455045700073,1.3478178977966309,1.3475455045700073,1.3478178977966309,0
1789491600000,1.3483812808990479,1.3483812808990479,1.3465293645858765,1.3465293645858765,0
1789491900000,1.3470009565353394,1.3473094701766968,1.3470009565353394,1.347164273262024,0
1789492200000,1.3473457098007202,1.3474183082580566,1.3470371961593628,1.3470371961593628,0
1789492500000,1.348199486732483,1.348199486732483,1.3470189571380615,1.3470189571380615,0
1789492800000,1.347127914428711,1.3473094701766968,1.3470371961593628,1.3473094701766968,0
1789493100000,1.347127914428711,1.3472548723220825,1.3470009565353394,1.3470189571380615,0
1789493400000,1.3472912311553955,1.3475998640060425,1.3472731113433838,1.3473094701766968,0
1789493700000,1.3472912311553955,1.347490906715393,1.347218632698059,1.3474183082580566,0
1789494000000,1.3474364280700684,1.347490906715393,1.3472912311553955,1.347490906715393,0
1789494300000,1.3472548723220825,1.347472906112671,1.3471460342407227,1.3471460342407227,0
1789494600000,1.347400188446045,1.347400188446045,1.3472005128860474,1.3472005128860474,0
1789494900000,1.3471097946166992,1.347472906112671,1.3471097946166992,1.3473820686340332,0
1789495200000,1.3478904962539673,1.3479995727539062,1.3478723764419556,1.3479995727539062,0
1789495257000,1.3478904962539673,1.3478904962539673,1.3478904962539673,1.3478904962539673,0
1789495500000,1.3477815389633179,1.3478178977966309,1.3474364280700684,1.3477270603179932,0
1789495557000,1.3477815389633179,1.3477815389633179,1.3477815389633179,1.3477815389633179,0
1789495800000,1.3476543426513672,1.3476725816726685,1.3475817441940308,1.3476725816726685,0
1789495857000,1.3476543426513672,1.3476543426513672,1.3476543426513672,1.3476543426513672,0
1789496100000,1.3476543426513672,1.3477451801300049,1.3476543426513672,1.3477451801300049,0
1789496157000,1.3476543426513672,1.3476543426513672,1.3476543426513672,1.3476543426513672,0
1789496400000,1.3477451801300049,1.3477997779846191,1.3477451801300049,1.3477997779846191,0
1789496457000,1.3477451801300049,1.3477451801300049,1.3477451801300049,1.3477451801300049,0
1789496700000,1.3477815389633179,1.3477815389633179,1.3477815389633179,1.3477815389633179,0
1789496817000,1.3477634191513062,1.3477634191513062,1.3477634191513062,1.3477634191513062,0
1789497000000,1.3478360176086426,1.3478360176086426,1.3478360176086426,1.3478360176086426,0
1789497117000,1.3477997779846191,1.3477997779846191,1.3477997779846191,1.3477997779846191,0
1789497300000,1.3478178977966309,1.3478178977966309,1.3478178977966309,1.3478178977966309,0
1789497417000,1.3479087352752686,1.3479087352752686,1.3479087352752686,1.3479087352752686,0
1789497600000,1.3478178977966309,1.3478178977966309,1.3478178977966309,1.3478178977966309,0
1789497718000,1.3478178977966309,1.3478178977966309,1.3478178977966309,1.3478178977966309,0
1789497900000,1.3477451801300049,1.3477451801300049,1.3477270603179932,1.3477270603179932,0
1789498078000,1.3477270603179932,1.3477270603179932,1.3477270603179932,1.3477270603179932,0
1789498200000,1.3476725816726685,1.3476725816726685,1.3476181030273438,1.3476725816726685,0
1789498500000,1.3477089405059814,1.3477089405059814,1.3476543426513672,1.3476543426513672,0
1789498800000,1.3475998640060425,1.3475998640060425,1.347400188446045,1.347400188446045,0
1789499100000,1.347400188446045,1.347400188446045,1.3472731113433838,1.3472731113433838,0
1789499400000,1.3474183082580566,1.347490906715393,1.3472731113433838,1.3472731113433838,0
1789499700000,1.3475091457366943,1.347563624382019,1.347400188446045,1.347400188446045,0
1789500000000,1.3473820686340332,1.347400188446045,1.3473820686340332,1.347400188446045,0
1789500300000,1.3474546670913696,1.3474546670913696,1.3472368717193604,1.3473094701766968,0
1789500600000,1.3473094701766968,1.3473275899887085,1.3472731113433838,1.3472912311553955,0
1789500900000,1.3473094701766968,1.3473094701766968,1.3470553159713745,1.3470553159713745,0
1789501200000,1.3470553159713745,1.3471460342407227,1.3470009565353394,1.3471460342407227,0
1789501500000,1.347218632698059,1.3473094701766968,1.347218632698059,1.3473094701766968,0
1789501800000,1.3473094701766968,1.347363829612732,1.3472731113433838,1.347363829612732,0
1789502100000,1.347182273864746,1.3473094701766968,1.3471097946166992,1.3471097946166992,0
1789502400000,1.3471097946166992,1.347127914428711,1.346982717514038,1.346982717514038,0
1789502700000,1.347127914428711,1.347127914428711,1.3468012809753418,1.3468012809753418,0
1789503000000,1.3467469215393066,1.34689199924469,1.3467469215393066,1.34689199924469,0
1789503300000,1.3470009565353394,1.347218632698059,1.3470009565353394,1.347218632698059,0
1789503600000,1.3473275899887085,1.347363829612732,1.3472731113433838,1.3472731113433838,0
1789503900000,1.3472005128860474,1.3472912311553955,1.347127914428711,1.347127914428711,0
1789504200000,1.347164273262024,1.3472005128860474,1.3470189571380615,1.3470189571380615,0
1789504500000,1.3470553159713745,1.3470553159713745,1.34689199924469,1.34689199924469,0
1789504800000,1.34689199924469,1.346928358078003,1.346819519996643,1.3468376398086548,0
1789505100000,1.3468012809753418,1.3468012809753418,1.3467469215393066,1.3468012809753418,0
1789505400000,1.34678316116333,1.3468738794326782,1.346765160560608,1.346819519996643,0
1789505700000,1.34689199924469,1.3470189571380615,1.3467469215393066,1.3470189571380615,0
1789506000000,1.346928358078003,1.3471097946166992,1.346928358078003,1.3470371961593628,0
1789506300000,1.3468557596206665,1.3468557596206665,1.346728801727295,1.3467469215393066,0
1789506600000,1.3467469215393066,1.3469645977020264,1.3467469215393066,1.3469645977020264,0
1789506900000,1.3469645977020264,1.3470735549926758,1.3469645977020264,1.346982717514038,0
1789507200000,1.3469645977020264,1.3470371961593628,1.3469645977020264,1.3470371961593628,0
1789507500000,1.346982717514038,1.3470553159713745,1.3469102382659912,1.3469102382659912,0
1789507800000,1.3469102382659912,1.3469102382659912,1.3467469215393066,1.3467469215393066,0
1789508100000,1.346692442893982,1.3468012809753418,1.346692442893982,1.3468012809753418,0
1789508400000,1.3468012809753418,1.3469645977020264,1.3468012809753418,1.3469645977020264,0
1789508700000,1.3470189571380615,1.3470189571380615,1.3468557596206665,1.3468557596206665,0
1789509000000,1.3468012809753418,1.346819519996643,1.346692442893982,1.346692442893982,0
1789509300000,1.346728801727295,1.346728801727295,1.3465837240219116,1.3465837240219116,0
1789509600000,1.346728801727295,1.34678316116333,1.346692442893982,1.3467469215393066,0
1789509900000,1.3468738794326782,1.3471097946166992,1.3468376398086548,1.3471097946166992,0
1789510200000,1.347164273262024,1.3472368717193604,1.347164273262024,1.3472368717193604,0
1789510500000,1.3473275899887085,1.3474183082580566,1.3472912311553955,1.3473820686340332,0
1789510800000,1.3473820686340332,1.3473820686340332,1.3472912311553955,1.347363829612732,0
1789511100000,1.3474364280700684,1.347527265548706,1.3474183082580566,1.3474183082580566,0
1789511400000,1.3475998640060425,1.3477997779846191,1.3475998640060425,1.3477997779846191,0
1789511700000,1.3478904962539673,1.3479087352752686,1.3478178977966309,1.3478904962539673,0
1789512000000,1.3478178977966309,1.3478178977966309,1.3476725816726685,1.3476907014846802,0
1789512300000,1.347636342048645,1.3477997779846191,1.347636342048645,1.3477451801300049,0
1789512600000,1.3477089405059814,1.3477270603179932,1.3476725816726685,1.3476907014846802,0
1789512900000,1.3478542566299438,1.347981333732605,1.3478542566299438,1.3479633331298828,0
1789513200000,1.3480722904205322,1.3480722904205322,1.3479450941085815,1.3479450941085815,0
1789513500000,1.3480178117752075,1.348054051399231,1.3480178117752075,1.3480178117752075,0
1789513800000,1.348054051399231,1.348199486732483,1.3479995727539062,1.3479995727539062,0
1789514100000,1.348090410232544,1.3482539653778076,1.3479995727539062,1.34816312789917,0
1789514400000,1.3482176065444946,1.3482176065444946,1.3481086492538452,1.3481086492538452,0
1789514700000,1.3481086492538452,1.348126769065857,1.3480359315872192,1.3480359315872192,0
1789515000000,1.348054051399231,1.3480722904205322,1.3479633331298828,1.3479633331298828,0
1789515300000,1.3479268550872803,1.3479268550872803,1.3478723764419556,1.3479087352752686,0
1789515600000,1.3478360176086426,1.3479633331298828,1.3478178977966309,1.3478904962539673,0
1789515900000,1.3478904962539673,1.3479633331298828,1.3478360176086426,1.3479450941085815,0
1789516200000,1.3479633331298828,1.3480722904205322,1.3478542566299438,1.3479995727539062,0
1789516500000,1.3479995727539062,1.3480359315872192,1.3479995727539062,1.3480359315872192,0
1789516800000,1.3480722904205322,1.3481086492538452,1.3480722904205322,1.3481086492538452,0
1789517100000,1.3481086492538452,1.3481448888778687,1.348054051399231,1.3481086492538452,0
1789517400000,1.348090410232544,1.3481813669204712,1.348090410232544,1.3481813669204712,0
1789517700000,1.3482176065444946,1.3482176065444946,1.348054051399231,1.348054051399231,0
1789518000000,1.3481448888778687,1.348235845565796,1.3481448888778687,1.3482176065444946,0
1789518300000,1.3482539653778076,1.3483449220657349,1.3482539653778076,1.3483085632324219,0
1789518600000,1.3483994007110596,1.3484539985656738,1.3483631610870361,1.3483631610870361,0
1789518900000,1.348435878753662,1.348617672920227,1.348435878753662,1.348617672920227,0
1789519200000,1.3485630750656128,1.3485995531082153,1.3484176397323608,1.3484176397323608,0
1789519500000,1.3483994007110596,1.3484903573989868,1.3483994007110596,1.3484176397323608,0
1789519800000,1.3483631610870361,1.3483994007110596,1.3483631610870361,1.3483994007110596,0
1789520100000,1.3483994007110596,1.3484903573989868,1.3483994007110596,1.3484903573989868,0
1789520400000,1.348508596420288,1.348508596420288,1.3484721183776855,1.348508596420288,0
1789520700000,1.3484721183776855,1.3484903573989868,1.3483994007110596,1.3484176397323608,0
1789521000000,1.348435878753662,1.3486722707748413,1.348435878753662,1.3486722707748413,0
1789521300000,1.3485267162322998,1.3486722707748413,1.3485267162322998,1.3486722707748413,0
1789521600000,1.3487086296081543,1.348726749420166,1.348690390586853,1.348726749420166,0
1789521900000,1.3487086296081543,1.34890878200531,1.3487086296081543,1.3487995862960815,0
1789522200000,1.3487813472747803,1.34890878200531,1.3487813472747803,1.3488723039627075,0
1789522500000,1.3488359451293945,1.3488359451293945,1.3487813472747803,1.3487813472747803,0
1789522800000,1.3487086296081543,1.3487813472747803,1.348690390586853,1.3487813472747803,0
1789523100000,1.3488178253173828,1.3489269018173218,1.3487995862960815,1.3488178253173828,0
1789523400000,1.3489997386932373,1.3492363691329956,1.3489997386932373,1.3492363691329956,0
1789523700000,1.3495277166366577,1.3495277166366577,1.3492363691329956,1.3492363691329956,0
1789524000000,1.3491089344024658,1.3491089344024658,1.3482176065444946,1.3483812808990479,0
1789524300000,1.3482176065444946,1.3483631610870361,1.3479268550872803,1.3483631610870361,0
1789524600000,1.3483266830444336,1.3486357927322388,1.3483085632324219,1.3486357927322388,0
1789524900000,1.3484176397323608,1.3486357927322388,1.3484176397323608,1.3485448360443115,0
1789525200000,1.3485267162322998,1.3485267162322998,1.3481448888778687,1.3481448888778687,0
1789525500000,1.348126769065857,1.348126769065857,1.3479633331298828,1.347981333732605,0
1789525800000,1.3479995727539062,1.3479995727539062,1.3478723764419556,1.3478723764419556,0
1789526100000,1.3479995727539062,1.3479995727539062,1.3479087352752686,1.3479995727539062,0
1789526400000,1.3478542566299438,1.3479268550872803,1.3477634191513062,1.3479087352752686,0
1789526700000,1.3477997779846191,1.3478178977966309,1.3476725816726685,1.3476725816726685,0
1789527000000,1.3478178977966309,1.3479087352752686,1.3476907014846802,1.3476907014846802,0
1789527300000,1.3479087352752686,1.348090410232544,1.3479087352752686,1.348090410232544,0
1789527600000,1.347981333732605,1.347981333732605,1.3478542566299438,1.3479633331298828,0
1789527900000,1.3478723764419556,1.3480722904205322,1.3478723764419556,1.3480722904205322,0
1789528200000,1.3479995727539062,1.3482539653778076,1.347981333732605,1.3482539653778076,0
1789528500000,1.3481086492538452,1.34816312789917,1.3479633331298828,1.3479995727539062,0
1789528800000,1.3480178117752075,1.3480722904205322,1.3478542566299438,1.3478542566299438,0
1789529100000,1.3477451801300049,1.3480722904205322,1.3477451801300049,1.348054051399231,0
1789529400000,1.3484539985656738,1.3484539985656738,1.3482539653778076,1.3482539653778076,0
1789529700000,1.348235845565796,1.3483449220657349,1.3481086492538452,1.3481086492538452,0
1789530000000,1.348054051399231,1.348054051399231,1.3478360176086426,1.3478360176086426,0
1789530300000,1.3477815389633179,1.3478904962539673,1.3477815389633179,1.3478723764419556,0
1789530600000,1.3478178977966309,1.3478178977966309,1.3472548723220825,1.3472548723220825,0
1789530900000,1.347182273864746,1.3474183082580566,1.347182273864746,1.347218632698059,0
1789531200000,1.3471460342407227,1.3471460342407227,1.346982717514038,1.346982717514038,0
1789531500000,1.346982717514038,1.346982717514038,1.3467469215393066,1.3469645977020264,0
1789531800000,1.346982717514038,1.347127914428711,1.3468376398086548,1.3468376398086548,0
1789532100000,1.34678316116333,1.347182273864746,1.34678316116333,1.347091555595398,0
1789532400000,1.3472005128860474,1.347400188446045,1.3470371961593628,1.347164273262024,0
1789532700000,1.347182273864746,1.3472912311553955,1.347182273864746,1.3472548723220825,0
1789533000000,1.3470371961593628,1.3471097946166992,1.3470371961593628,1.3470735549926758,0
1789533300000,1.3470735549926758,1.347164273262024,1.3470735549926758,1.347091555595398,0
1789533600000,1.347182273864746,1.3472005128860474,1.3470371961593628,1.3470371961593628,0
1789533900000,1.3470371961593628,1.347091555595398,1.3470371961593628,1.3470735549926758,0
1789534200000,1.3470735549926758,1.347182273864746,1.3470189571380615,1.3470189571380615,0
1789534500000,1.3470553159713745,1.347182273864746,1.3470553159713745,1.347164273262024,0
1789534800000,1.3470553159713745,1.3470735549926758,1.3469464778900146,1.3469464778900146,0
1789535100000,1.3468376398086548,1.346982717514038,1.3468376398086548,1.3469464778900146,0
1789535400000,1.3470009565353394,1.347182273864746,1.3470009565353394,1.347182273864746,0
1789535700000,1.3472005128860474,1.3472005128860474,1.3470371961593628,1.3470371961593628,0
1789536000000,1.3470371961593628,1.3470735549926758,1.346819519996643,1.346819519996643,0
1789536300000,1.3468738794326782,1.3470735549926758,1.3468738794326782,1.3470189571380615,0
1789536600000,1.3470735549926758,1.3473820686340332,1.3470553159713745,1.3472005128860474,0
1789536900000,1.3472731113433838,1.347363829612732,1.347164273262024,1.347164273262024,0
1789537200000,1.347164273262024,1.347164273262024,1.3469645977020264,1.347164273262024,0
1789537500000,1.347182273864746,1.347182273864746,1.3470735549926758,1.3470735549926758,0
1789537800000,1.3470735549926758,1.347127914428711,1.3469102382659912,1.3469102382659912,0
1789538100000,1.3470009565353394,1.3470735549926758,1.3468012809753418,1.3468012809753418,0
1789538400000,1.3468738794326782,1.3469464778900146,1.346728801727295,1.346728801727295,0
1789538700000,1.346692442893982,1.346728801727295,1.3466562032699585,1.346692442893982,0
1789539000000,1.346765160560608,1.3468376398086548,1.3467469215393066,1.34678316116333,0
1789539300000,1.346765160560608,1.346928358078003,1.346765160560608,1.346928358078003,0
1789539600000,1.346982717514038,1.3470735549926758,1.3467469215393066,1.3467469215393066,0
1789539900000,1.346728801727295,1.3468376398086548,1.346728801727295,1.346819519996643,0
1789540200000,1.3467469215393066,1.3468376398086548,1.346728801727295,1.34678316116333,0
1789540500000,1.346765160560608,1.3469645977020264,1.346765160560608,1.3469645977020264,0
1789540800000,1.3469645977020264,1.3471460342407227,1.3469645977020264,1.3471460342407227,0
1789541100000,1.347091555595398,1.347091555595398,1.3468376398086548,1.3468738794326782,0
1789541400000,1.3468376398086548,1.3468376398086548,1.346728801727295,1.3467469215393066,0
1789541700000,1.3468557596206665,1.3470189571380615,1.3468557596206665,1.3470189571380615,0
1789542000000,1.347218632698059,1.347218632698059,1.3468738794326782,1.3468738794326782,0
1789542300000,1.346819519996643,1.346819519996643,1.3464386463165283,1.3464386463165283,0
1789542357000,1.346819519996643,1.346819519996643,1.346819519996643,1.346819519996643,0
1789542600000,1.3461486101150513,1.3462574481964111,1.3460942506790161,1.3462574481964111,0
1789542657000,1.3461486101150513,1.3461486101150513,1.3461486101150513,1.3461486101150513,0
1789542900000,1.3463661670684814,1.3464205265045166,1.3461124897003174,1.3463480472564697,0
1789542957000,1.3463661670684814,1.3463661670684814,1.3463661670684814,1.3463661670684814,0
1789543200000,1.3464205265045166,1.34645676612854,1.3462392091751099,1.3462392091751099,0
1789543258000,1.3464205265045166,1.3464205265045166,1.3464205265045166,1.3464205265045166,0
1789543500000,1.3463480472564697,1.3463480472564697,1.3463480472564697,1.3463480472564697,0
1789543618000,1.3464205265045166,1.3464205265045166,1.3464205265045166,1.3464205265045166,0
1789543800000,1.3463480472564697,1.3463480472564697,1.3463480472564697,1.3463480472564697,0
1789543918000,1.3463842868804932,1.3463842868804932,1.3463842868804932,1.3463842868804932,0
1789544100000,1.3465473651885986,1.3465473651885986,1.3465473651885986,1.3465473651885986,0
1789544218000,1.3464386463165283,1.3464386463165283,1.3464386463165283,1.3464386463165283,0
1789544400000,1.3459312915802002,1.3459312915802002,1.3459312915802002,1.3459312915802002,0
1789544518000,1.3461124897003174,1.3461124897003174,1.3461124897003174,1.3461124897003174,0
1789544700000,1.3460400104522705,1.3460400104522705,1.3459312915802002,1.3459312915802002,0
1789544818000,1.3459312915802002,1.3459312915802002,1.3459312915802002,1.3459312915802002,0
1789545000000,1.3457682132720947,1.3457682132720947,1.3457682132720947,1.3457682132720947,0
1789545178000,1.345750093460083,1.345750093460083,1.345750093460083,1.345750093460083,0
1789545300000,1.3456052541732788,1.3456414937973022,1.345569133758545,1.3456414937973022,0
1789545600000,1.3456414937973022,1.345750093460083,1.3456233739852905,1.345750093460083,0
1789545900000,1.3457139730453491,1.3457139730453491,1.345532774925232,1.3456594944000244,0
1789546200000,1.3454604148864746,1.3455508947372437,1.3454241752624512,1.3455146551132202,0
1789546500000,1.345496654510498,1.345496654510498,1.3451708555221558,1.3451708555221558,0
1789546800000,1.3451346158981323,1.3451346158981323,1.3450260162353516,1.3450803756713867,0
1789547039000,1.3449536561965942,1.3449536561965942,1.3449536561965942,1.3449536561965942,0
1789547100000,1.3449536561965942,1.3449536561965942,1.3449536561965942,1.3449536561965942,0
1789547339000,1.3449898958206177,1.3449898958206177,1.3449898958206177,1.3449898958206177,0
1789547400000,1.345496654510498,1.345496654510498,1.3452250957489014,1.3452250957489014,0
1789547639000,1.3453880548477173,1.3453880548477173,1.3453880548477173,1.3453880548477173,0
1789547700000,1.345279335975647,1.3453338146209717,1.345243215560913,1.345243215560913,0
1789547939000,1.3452974557876587,1.3452974557876587,1.3452974557876587,1.3452974557876587,0
1789548000000,1.3453880548477173,1.3456052541732788,1.3453880548477173,1.3456052541732788,0
1789548299000,1.3455146551132202,1.3455146551132202,1.3455146551132202,1.3455146551132202,0
1789548300000,1.345587134361267,1.3459675312042236,1.345406174659729,1.3459675312042236,0
1789548599000,1.3460400104522705,1.3460400104522705,1.3460400104522705,1.3460400104522705,0
1789548600000,1.3460218906402588,1.3460218906402588,1.3459675312042236,1.3459675312042236,0
1789548899000,1.3459855318069458,1.3459855318069458,1.3459855318069458,1.3459855318069458,0
1789548900000,1.3460218906402588,1.3460218906402588,1.3456957340240479,1.3456957340240479,0
1789549200000,1.3458044528961182,1.3458044528961182,1.3458044528961182,1.3458044528961182,0
1789549260000,1.3456776142120361,1.3456776142120361,1.3456776142120361,1.3456776142120361,0
1789549500000,1.3456414937973022,1.3456414937973022,1.3456414937973022,1.3456414937973022,0
1789549560000,1.3456957340240479,1.3456957340240479,1.3456957340240479,1.3456957340240479,0
1789549800000,1.3458044528961182,1.3458044528961182,1.3458044528961182,1.3458044528961182,0
1789549860000,1.3458225727081299,1.3458225727081299,1.3458225727081299,1.3458225727081299,0
1789550100000,1.3459855318069458,1.3460036516189575,1.3456594944000244,1.3456594944000244,0
1789550400000,1.345569133758545,1.3457139730453491,1.345569133758545,1.3457139730453491,0
1789550700000,1.3456957340240479,1.345913052558899,1.3456776142120361,1.3456776142120361,0
1789551000000,1.3456052541732788,1.345750093460083,1.3456052541732788,1.345750093460083,0
1789551300000,1.3458950519561768,1.3460761308670044,1.3458950519561768,1.3460761308670044,0
1789551600000,1.3459675312042236,1.3459855318069458,1.3456776142120361,1.3456776142120361,0
1789551900000,1.3457139730453491,1.3457139730453491,1.3454241752624512,1.3454241752624512,0
1789552200000,1.345442295074463,1.345442295074463,1.3452069759368896,1.3452612161636353,0
1789552500000,1.3452250957489014,1.3452250957489014,1.3452250957489014,1.3452250957489014,0
1789552616000,1.345243215560913,1.345243215560913,1.345243215560913,1.345243215560913,0
1789552800000,1.3450441360473633,1.3450441360473633,1.3450441360473633,1.3450441360473633,0
1789552916000,1.3449898958206177,1.3449898958206177,1.3449898958206177,1.3449898958206177,0
1789553100000,1.3447729349136353,1.3447729349136353,1.3447729349136353,1.3447729349136353,0
1789553216000,1.3448090553283691,1.3448090553283691,1.3448090553283691,1.3448090553283691,0
1789553400000,1.3452974557876587,1.3452974557876587,1.345279335975647,1.345279335975647,0
1789553576000,1.345279335975647,1.345279335975647,1.345279335975647,1.345279335975647,0
1789553700000,1.3454241752624512,1.345442295074463,1.3454241752624512,1.345442295074463,0
1789553876000,1.3452612161636353,1.3452612161636353,1.3452612161636353,1.3452612161636353,0
1789554000000,1.3453880548477173,1.3454604148864746,1.3453880548477173,1.3454604148864746,0
1789554176000,1.3452974557876587,1.3452974557876587,1.3452974557876587,1.3452974557876587,0
1789554300000,1.3453880548477173,1.3454604148864746,1.3453880548477173,1.3454604148864746,0
1789554477000,1.3453880548477173,1.3453880548477173,1.3453880548477173,1.3453880548477173,0
1789554600000,1.345532774925232,1.3456594944000244,1.345532774925232,1.3456594944000244,0
1789554837000,1.3456957340240479,1.3456957340240479,1.3456957340240479,1.3456957340240479,0
1789554900000,1.3456957340240479,1.3460218906402588,1.3456957340240479,1.3460218906402588,0
1789555137000,1.3461124897003174,1.3461124897003174,1.3461124897003174,1.3461124897003174,0
1789555200000,1.3461849689483643,1.3462392091751099,1.3460580110549927,1.3460580110549927,0
1789555437000,1.3459312915802002,1.3459312915802002,1.3459312915802002,1.3459312915802002,0
1789555500000,1.3461486101150513,1.3461849689483643,1.3459675312042236,1.3459675312042236,0
1789555800000,1.3460761308670044,1.3460761308670044,1.3458588123321533,1.3459312915802002,0
1789556100000,1.3453338146209717,1.345442295074463,1.3452974557876587,1.345442295074463,0
1789556400000,1.3454241752624512,1.3454241752624512,1.3451164960861206,1.3451164960861206,0
1789556700000,1.345243215560913,1.3458406925201416,1.345243215560913,1.3458406925201416,0
1789557000000,1.3455146551132202,1.3456233739852905,1.345442295074463,1.3456233739852905,0
1789557300000,1.345496654510498,1.345532774925232,1.345406174659729,1.345532774925232,0
1789557600000,1.3453880548477173,1.3454604148864746,1.3453880548477173,1.3453880548477173,0
1789557900000,1.3451346158981323,1.3451346158981323,1.344881296157837,1.344881296157837,0
1789558200000,1.3447548151016235,1.3447729349136353,1.3446462154388428,1.3447729349136353,0
1789558500000,1.3447729349136353,1.3450441360473633,1.3447729349136353,1.3449175357818604,0
1789558800000,1.3449536561965942,1.3449536561965942,1.3446643352508545,1.3446824550628662,0
1789559100000,1.3446462154388428,1.3449898958206177,1.3446462154388428,1.3448271751403809,0
1789559400000,1.3447366952896118,1.3450080156326294,1.3446102142333984,1.3446102142333984,0
1789559700000,1.3445558547973633,1.3447366952896118,1.3445558547973633,1.344573974609375,0
1789560000000,1.3444474935531616,1.3445378541946411,1.34442937374115,1.34442937374115,0
1789560300000,1.3443571329116821,1.34442937374115,1.3443390130996704,1.3443390130996704,0
1789560600000,1.3443571329116821,1.344483494758606,1.3443571329116821,1.3444474935531616,0
1789560899000,1.3444474935531616,1.3444474935531616,1.3444474935531616,1.3444474935531616,0
1789560900000,1.3446102142333984,1.3447548151016235,1.3446102142333984,1.3447366952896118,0
1789561199000,1.3447185754776,1.3447185754776,1.3447185754776,1.3447185754776,0
1789561200000,1.3447729349136353,1.3449536561965942,1.3447729349136353,1.3449536561965942,0
1789561499000,1.345062255859375,1.345062255859375,1.345062255859375,1.345062255859375,0
1789561500000,1.3450984954833984,1.3450984954833984,1.3448632955551147,1.3448632955551147,0
1789561799000,1.3448994159698486,1.3448994159698486,1.3448994159698486,1.3448994159698486,0
1789561800000,1.3448632955551147,1.344935655593872,1.3447909355163574,1.344935655593872,0
1789562100000,1.3450080156326294,1.3450080156326294,1.3448632955551147,1.3449536561965942,0
1789562159000,1.3450080156326294,1.3450080156326294,1.3450080156326294,1.3450080156326294,0
1789562400000,1.3449536561965942,1.3449536561965942,1.3448452949523926,1.3448452949523926,0
1789562459000,1.3449536561965942,1.3449536561965942,1.3449536561965942,1.3449536561965942,0
1789562700000,1.3448271751403809,1.344881296157837,1.3447729349136353,1.3447729349136353,0
1789562759000,1.3448271751403809,1.3448271751403809,1.3448271751403809,1.3448271751403809,0
1789563000000,1.3447909355163574,1.3447909355163574,1.3447366952896118,1.3447548151016235,0
1789563059000,1.3447909355163574,1.3447909355163574,1.3447909355163574,1.3447909355163574,0
1789563300000,1.3446643352508545,1.3447729349136353,1.3446643352508545,1.3447729349136353,0
1789563420000,1.344700574874878,1.344700574874878,1.344700574874878,1.344700574874878,0
1789563600000,1.3445558547973633,1.3445558547973633,1.3445197343826294,1.3445197343826294,0
1789563720000,1.3444474935531616,1.3444474935531616,1.3444474935531616,1.3444474935531616,0
1789563900000,1.3443751335144043,1.3443931341171265,1.344248652458191,1.344248652458191,0
1789564200000,1.344212532043457,1.344212532043457,1.344031810760498,1.344031810760498,0
1789564500000,1.344031810760498,1.344266653060913,1.344031810760498,1.344248652458191,0
1789564800000,1.3441402912139893,1.3442305326461792,1.3441402912139893,1.3441582918167114,0
1789565100000,1.3441402912139893,1.344266653060913,1.3441402912139893,1.344212532043457,0
1789565400000,1.3442305326461792,1.34442937374115,1.3442305326461792,1.34442937374115,0
1789565700000,1.3444112539291382,1.3444656133651733,1.3443028926849365,1.3443751335144043,0
1789566000000,1.3443028926849365,1.3443751335144043,1.3443028926849365,1.3443751335144043,0
1789566300000,1.3443931341171265,1.3444474935531616,1.3443931341171265,1.3444112539291382,0
1789566596000,1.3443571329116821,1.3443571329116821,1.3443571329116821,1.3443571329116821,0
1789566600000,1.3444112539291382,1.3445920944213867,1.3443208932876587,1.3443208932876587,0
1789566896000,1.3443931341171265,1.3443931341171265,1.3443931341171265,1.3443931341171265,0
1789566900000,1.34442937374115,1.3446824550628662,1.34442937374115,1.344573974609375,0
1789567196000,1.3450803756713867,1.3450803756713867,1.3450803756713867,1.3450803756713867,0
1789567200000,1.3439956903457642,1.3439956903457642,1.342426061630249,1.3426424264907837,0
1789567500000,1.3424079418182373,1.3432915210723877,1.3424079418182373,1.3428767919540405,0
1789567556000,1.3424079418182373,1.3424079418182373,1.3424079418182373,1.3424079418182373,0
1789567800000,1.342480182647705,1.342480182647705,1.3411837816238403,1.3411837816238403,0
1789567856000,1.342480182647705,1.342480182647705,1.342480182647705,1.342480182647705,0
1789568100000,1.3410038948059082,1.341309666633606,1.3408420085906982,1.341309666633606,0
1789568156000,1.3410038948059082,1.3410038948059082,1.3410038948059082,1.3410038948059082,0
1789568400000,1.3412736654281616,1.3417775630950928,1.3412736654281616,1.3414536714553833,0
1789568456000,1.3412736654281616,1.3412736654281616,1.3412736654281616,1.3412736654281616,0
1789568700000,1.3411656618118286,1.3411656618118286,1.3411656618118286,1.3411656618118286,0
1789568817000,1.3410757780075073,1.3410757780075073,1.3410757780075073,1.3410757780075073,0
1789569000000,1.3407881259918213,1.3407881259918213,1.3407881259918213,1.3407881259918213,0
1789569117000,1.3405364751815796,1.3405364751815796,1.3405364751815796,1.3405364751815796,0
1789569300000,1.3390108346939087,1.3390108346939087,1.3390108346939087,1.3390108346939087,0
1789569417000,1.33872389793396,1.33872389793396,1.33872389793396,1.33872389793396,0
1789569600000,1.3392258882522583,1.3403208255767822,1.3392258882522583,1.3400694131851196,0
1789569900000,1.3403029441833496,1.3403029441833496,1.3397821187973022,1.3400335311889648,0
1789569957000,1.3403029441833496,1.3403029441833496,1.3403029441833496,1.3403029441833496,0
1789570200000,1.3397103548049927,1.3397103548049927,1.3397103548049927,1.3397103548049927,0
1789570317000,1.3395129442214966,1.3395129442214966,1.3395129442214966,1.3395129442214966,0
1789570500000,1.3389928340911865,1.3389928340911865,1.3389928340911865,1.3389928340911865,0
1789570617000,1.3385268449783325,1.3385268449783325,1.3385268449783325,1.3385268449783325,0
1789570800000,1.33865225315094,1.33865225315094,1.33865225315094,1.33865225315094,0
1789570917000,1.3386164903640747,1.3386164903640747,1.3386164903640747,1.3386164903640747,0
1789571100000,1.3390285968780518,1.3390285968780518,1.3390285968780518,1.3390285968780518,0
1789571218000,1.3389389514923096,1.3389389514923096,1.3389389514923096,1.3389389514923096,0
1789571400000,1.3382223844528198,1.338311791419983,1.3382223844528198,1.338311791419983,0
1789571578000,1.3382760286331177,1.3382760286331177,1.3382760286331177,1.3382760286331177,0
1789571700000,1.3382940292358398,1.3382940292358398,1.3379536867141724,1.3379536867141724,0
1789571878000,1.3379179239273071,1.3379179239273071,1.3379179239273071,1.3379179239273071,0
1789572000000,1.3377211093902588,1.3377211093902588,1.3377031087875366,1.3377031087875366,0
1789572178000,1.3376315832138062,1.3376315832138062,1.3376315832138062,1.3376315832138062,0
1789572300000,1.3375420570373535,1.3375420570373535,1.3374526500701904,1.3374526500701904,0
1789572478000,1.337685227394104,1.337685227394104,1.337685227394104,1.337685227394104,0
1789572600000,1.338114857673645,1.3384552001953125,1.338043212890625,1.3384552001953125,0
1789572838000,1.338401436805725,1.338401436805725,1.338401436805725,1.338401436805725,0
1789572900000,1.33858060836792,1.3389928340911865,1.33858060836792,1.3389031887054443,0
1789573200000,1.3389031887054443,1.3389211893081665,1.3386164903640747,1.3386164903640747,0
1789573500000,1.3387597799301147,1.3387597799301147,1.3383835554122925,1.3385984897613525,0
1789573800000,1.3385447263717651,1.3385447263717651,1.3383835554122925,1.3385089635849,0
1789574100000,1.3385268449783325,1.33872389793396,1.3383476734161377,1.3387060165405273,0
1789574400000,1.3387060165405273,1.3389031887054443,1.3386164903640747,1.3386164903640747,0
1789574700000,1.3385089635849,1.3385626077651978,1.3382223844528198,1.3384552001953125,0
1789575000000,1.3382940292358398,1.3382940292358398,1.3380969762802124,1.3381506204605103,0
1789575300000,1.3380969762802124,1.338311791419983,1.3379716873168945,1.3379716873168945,0
1789575600000,1.3379000425338745,1.3379000425338745,1.337667465209961,1.337685227394104,0
1789575900000,1.3375600576400757,1.3377211093902588,1.3375600576400757,1.3377211093902588,0
1789576200000,1.3377031087875366,1.3379895687103271,1.3377031087875366,1.3379895687103271,0
1789576500000,1.3381328582763672,1.3382940292358398,1.3380969762802124,1.3382223844528198,0
1789576800000,1.3382043838500977,1.3382043838500977,1.3379895687103271,1.3380612134933472,0
1789577100000,1.338114857673645,1.3382940292358398,1.338114857673645,1.3382940292358398,0
1789577400000,1.3382223844528198,1.3382223844528198,1.338043212890625,1.338043212890625,0
1789577700000,1.338114857673645,1.3381685018539429,1.338043212890625,1.338043212890625,0
1789578000000,1.3380969762802124,1.3383656740188599,1.3378105163574219,1.3383656740188599,0
1789578300000,1.3379716873168945,1.338258147239685,1.3379716873168945,1.338258147239685,0
1789578600000,1.3380253314971924,1.3384552001953125,1.3379000425338745,1.3380253314971924,0
1789578900000,1.338258147239685,1.338258147239685,1.3378641605377197,1.338043212890625,0
1789579200000,1.337828516960144,1.3381328582763672,1.337828516960144,1.3381328582763672,0
1789579500000,1.3380969762802124,1.3381506204605103,1.3380612134933472,1.338114857673645,0
1789579800000,1.338043212890625,1.3381685018539429,1.3380253314971924,1.3381685018539429,0
1789580100000,1.3380253314971924,1.3382940292358398,1.3380074501037598,1.3382043838500977,0
1789580400000,1.3380969762802124,1.3383656740188599,1.3379895687103271,1.3381506204605103,0
1789580700000,1.338114857673645,1.3382940292358398,1.338114857673645,1.3382223844528198,0
1789581000000,1.338186502456665,1.3384730815887451,1.3380789756774902,1.3384730815887451,0
1789581300000,1.3380789756774902,1.3382760286331177,1.3380789756774902,1.3382760286331177,0
1789581536000,1.337828516960144,1.337828516960144,1.337828516960144,1.337828516960144,0
1789581600000,1.337846279144287,1.337846279144287,1.3376137018203735,1.3377926349639893,0
1789581836000,1.3375420570373535,1.3375420570373535,1.3375420570373535,1.3375420570373535,0
1789581900000,1.3378641605377197,1.3379000425338745,1.337828516960144,1.337828516960144,0
1789582136000,1.3377389907836914,1.3377389907836914,1.3377389907836914,1.3377389907836914,0
1789582200000,1.337828516960144,1.337828516960144,1.3377389907836914,1.3377389907836914,0
1789582496000,1.3377567529678345,1.3377567529678345,1.3377567529678345,1.3377567529678345,0
1789582500000,1.3377747535705566,1.338043212890625,1.3377747535705566,1.338043212890625,0
1789582796000,1.3379358053207397,1.3379358053207397,1.3379358053207397,1.3379358053207397,0
1789582800000,1.3379358053207397,1.3379536867141724,1.3379358053207397,1.3379536867141724,0
1789583096000,1.3379536867141724,1.3379536867141724,1.3379536867141724,1.3379536867141724,0
1789583100000,1.3380253314971924,1.3381685018539429,1.3380253314971924,1.338043212890625,0
1789583400000,1.3380253314971924,1.3380789756774902,1.3379895687103271,1.3380612134933472,0
1789583457000,1.3380253314971924,1.3380253314971924,1.3380253314971924,1.3380253314971924,0
1789583700000,1.338114857673645,1.338114857673645,1.338043212890625,1.338043212890625,0
1789583757000,1.338114857673645,1.338114857673645,1.338114857673645,1.338114857673645,0
1789584000000,1.3380612134933472,1.3380612134933472,1.338043212890625,1.338043212890625,0
1789584057000,1.3380612134933472,1.3380612134933472,1.3380612134933472,1.3380612134933472,0
1789584300000,1.3382043838500977,1.3384909629821777,1.338114857673645,1.3384909629821777,0
1789584357000,1.3382043838500977,1.3382043838500977,1.3382043838500977,1.3382043838500977,0
1789584600000,1.338114857673645,1.3381328582763672,1.3380074501037598,1.3380074501037598,0
1789584900000,1.3380612134933472,1.3381328582763672,1.3380612134933472,1.3380969762802124,0
1789585200000,1.3379179239273071,1.3381685018539429,1.3379179239273071,1.3381685018539429,0
1789585500000,1.338258147239685,1.338258147239685,1.3380612134933472,1.338114857673645,0
1789585800000,1.338311791419983,1.338311791419983,1.3382223844528198,1.3382223844528198,0
1789586100000,1.3382760286331177,1.3383656740188599,1.3382760286331177,1.3382760286331177,0
1789586400000,1.3382940292358398,1.338401436805725,1.3382940292358398,1.3382940292358398,0
1789586700000,1.3382760286331177,1.338311791419983,1.3382760286331177,1.3382760286331177,0
1789587000000,1.3382940292358398,1.3384193181991577,1.3382940292358398,1.3384193181991577,0
1789587300000,1.3383656740188599,1.338401436805725,1.3383656740188599,1.338401436805725,0
1789587600000,1.3386164903640747,1.3386164903640747,1.3383656740188599,1.3384371995925903,0
1789587900000,1.3384193181991577,1.3384552001953125,1.3383656740188599,1.3383835554122925,0
1789588200000,1.3384909629821777,1.33858060836792,1.3384909629821777,1.3385089635849,0
1789588500000,1.3383835554122925,1.3384193181991577,1.3382223844528198,1.3382223844528198,0
1789588800000,1.338329792022705,1.3385447263717651,1.338329792022705,1.3385089635849,0
1789589100000,1.3386342525482178,1.3387418985366821,1.3386342525482178,1.33865225315094,0
1789589400000,1.3386164903640747,1.3386701345443726,1.3384730815887451,1.3384730815887451,0
1789589700000,1.3383656740188599,1.3383656740188599,1.3380969762802124,1.338329792022705,0
1789590000000,1.338258147239685,1.3383476734161377,1.338186502456665,1.338258147239685,0
1789590300000,1.338258147239685,1.3382760286331177,1.3381506204605103,1.3381506204605103,0
1789590600000,1.3381328582763672,1.338258147239685,1.3381328582763672,1.3381685018539429,0
1789590900000,1.3381685018539429,1.3381685018539429,1.337882161140442,1.337882161140442,0
1789591200000,1.337882161140442,1.3380969762802124,1.337882161140442,1.3379895687103271,0
1789591500000,1.3379895687103271,1.3379895687103271,1.3377747535705566,1.3377747535705566,0
1789591800000,1.3377747535705566,1.3377747535705566,1.3372559547424316,1.337363362312317,0
1789592100000,1.337327480316162,1.337363362312317,1.3372738361358643,1.3372738361358643,0
1789592400000,1.3372559547424316,1.337327480316162,1.3371665477752686,1.3371665477752686,0
1789592700000,1.337148666381836,1.3376494646072388,1.337148666381836,1.3376494646072388,0
1789593000000,1.3376494646072388,1.3376494646072388,1.337327480316162,1.337470531463623,0
1789593300000,1.337685227394104,1.3377747535705566,1.337685227394104,1.3377031087875366,0
1789593600000,1.3376137018203735,1.3379000425338745,1.3376137018203735,1.3379000425338745,0
1789593900000,1.3378105163574219,1.3378105163574219,1.3376315832138062,1.3376315832138062,0
1789594200000,1.337667465209961,1.3378641605377197,1.337667465209961,1.3377567529678345,0
1789594500000,1.337667465209961,1.337667465209961,1.3372559547424316,1.3372559547424316,0
1789594800000,1.3372023105621338,1.3372023105621338,1.3371129035949707,1.3371129035949707,0
1789595100000,1.337148666381836,1.337148666381836,1.3370771408081055,1.3370771408081055,0
1789595400000,1.3370771408081055,1.3372201919555664,1.3370771408081055,1.3372201919555664,0
1789595700000,1.3373095989227295,1.3373095989227295,1.3371307849884033,1.3371307849884033,0
1789596000000,1.3373990058898926,1.3374348878860474,1.3373453617095947,1.3374348878860474,0
1789596300000,1.337524175643921,1.3376494646072388,1.337524175643921,1.3375600576400757,0
1789596600000,1.3375600576400757,1.3377031087875366,1.33738112449646,1.3377031087875366,0
1789596900000,1.337667465209961,1.337667465209961,1.3375420570373535,1.3376315832138062,0
1789597200000,1.3375600576400757,1.3375600576400757,1.3374168872833252,1.3374168872833252,0
1789597500000,1.3375420570373535,1.3375420570373535,1.33738112449646,1.33738112449646,0
1789597800000,1.3374348878860474,1.3374526500701904,1.3372559547424316,1.3372559547424316,0
1789598100000,1.3372559547424316,1.337470531463623,1.3372559547424316,1.337470531463623,0
1789598400000,1.3375064134597778,1.337524175643921,1.3374526500701904,1.3374526500701904,0
1789598700000,1.3373453617095947,1.3373453617095947,1.3372201919555664,1.3372559547424316,0
1789599000000,1.337327480316162,1.337327480316162,1.3371129035949707,1.3371129035949707,0
1789599300000,1.3370234966278076,1.3371307849884033,1.3369877338409424,1.3371307849884033,0
1789599600000,1.3371665477752686,1.3371665477752686,1.3370413780212402,1.3370771408081055,0
1789599900000,1.3371665477752686,1.3373453617095947,1.3371665477752686,1.3373453617095947,0
1789600200000,1.337470531463623,1.3374885320663452,1.3373453617095947,1.3374885320663452,0
1789600500000,1.3373095989227295,1.3374526500701904,1.3372023105621338,1.3374526500701904,0
1789600800000,1.337327480316162,1.337327480316162,1.337238073348999,1.337327480316162,0
1789601100000,1.3372201919555664,1.3372738361358643,1.3371307849884033,1.3371307849884033,0
1789601400000,1.3371665477752686,1.3372738361358643,1.3371665477752686,1.337238073348999,0
1789601700000,1.3372201919555664,1.337470531463623,1.3372201919555664,1.337470531463623,0
1789602000000,1.3374168872833252,1.3374168872833252,1.337327480316162,1.3373453617095947,0
1789602300000,1.3372559547424316,1.3372559547424316,1.337148666381836,1.337238073348999,0
1789602600000,1.3371844291687012,1.3372559547424316,1.3371844291687012,1.3372201919555664,0
1789602900000,1.3372738361358643,1.3375064134597778,1.3372738361358643,1.3373990058898926,0
1789603200000,1.337363362312317,1.3375779390335083,1.337363362312317,1.3375779390335083,0
1789603500000,1.3376494646072388,1.337685227394104,1.3375779390335083,1.3376137018203735,0
1789603800000,1.3375600576400757,1.3375600576400757,1.3374168872833252,1.337470531463623,0
1789604100000,1.337363362312317,1.3376494646072388,1.337363362312317,1.3376494646072388,0
1789604400000,1.3377567529678345,1.337846279144287,1.3377031087875366,1.337846279144287,0
1789604700000,1.3377389907836914,1.3377389907836914,1.337667465209961,1.3377389907836914,0
1789605000000,1.3377211093902588,1.3379716873168945,1.3377211093902588,1.3379716873168945,0
1789605300000,1.3379716873168945,1.3381506204605103,1.3378641605377197,1.3378641605377197,0
1789605600000,1.337828516960144,1.337828516960144,1.3377567529678345,1.337828516960144,0
1789605900000,1.3379358053207397,1.3380789756774902,1.3379358053207397,1.338043212890625,0
1789606200000,1.3380612134933472,1.3381685018539429,1.3380612134933472,1.3380969762802124,0
1789606500000,1.3380612134933472,1.3381685018539429,1.338043212890625,1.3381685018539429,0
1789606800000,1.3381685018539429,1.3383656740188599,1.3381685018539429,1.3382043838500977,0
1789607100000,1.3381685018539429,1.3381685018539429,1.3380253314971924,1.338043212890625,0
1789607400000,1.3379536867141724,1.3380789756774902,1.3379536867141724,1.3380789756774902,0
1789607700000,1.3379536867141724,1.3379716873168945,1.3379358053207397,1.3379536867141724,0
1789608000000,1.3379716873168945,1.3379716873168945,1.337882161140442,1.3379179239273071,0
1789608300000,1.3379716873168945,1.3381685018539429,1.3379716873168945,1.3381685018539429,0
1789608600000,1.338240146636963,1.338258147239685,1.3381506204605103,1.338258147239685,0
1789608900000,1.338258147239685,1.3382940292358398,1.338258147239685,1.3382760286331177,0
1789609200000,1.338311791419983,1.338311791419983,1.338258147239685,1.338258147239685,0
1789609500000,1.3382760286331177,1.3382760286331177,1.3382223844528198,1.3382760286331177,0
1789609800000,1.3382940292358398,1.3383476734161377,1.338186502456665,1.338240146636963,0
1789610100000,1.338240146636963,1.338240146636963,1.338186502456665,1.338186502456665,0
1789610400000,1.3381506204605103,1.338329792022705,1.3381328582763672,1.338311791419983,0
1789610700000,1.3382043838500977,1.338311791419983,1.3382043838500977,1.338311791419983,0
1789611000000,1.3383476734161377,1.3384730815887451,1.3383476734161377,1.3384730815887451,0
1789611300000,1.3386342525482178,1.3387060165405273,1.3384552001953125,1.3387060165405273,0
1789611600000,1.33879554271698,1.3389928340911865,1.33879554271698,1.3389928340911865,0
1789611900000,1.339172124862671,1.3393335342407227,1.339172124862671,1.3392976522445679,0
1789612200000,1.3393514156341553,1.3393874168395996,1.3391362428665161,1.3392080068588257,0
1789612500000,1.339261770248413,1.339261770248413,1.339064598083496,1.339064598083496,0
1789612800000,1.3391542434692383,1.339441180229187,1.3391542434692383,1.339441180229187,0
1789613100000,1.3393514156341553,1.339638590812683,1.3393514156341553,1.339638590812683,0
1789613400000,1.3397462368011475,1.3401232957839966,1.3397462368011475,1.3401232957839966,0
1789613700000,1.3401951789855957,1.3401951789855957,1.3399077653884888,1.3399077653884888,0
1789614000000,1.339818000793457,1.339818000793457,1.3394591808319092,1.3394591808319092,0
1789614300000,1.3392797708511353,1.3394591808319092,1.3392797708511353,1.3392976522445679,0
1789614600000,1.3394770622253418,1.3395129442214966,1.3391003608703613,1.3391542434692383,0
1789614900000,1.3392438888549805,1.3396027088165283,1.3392438888549805,1.33931565284729,0
1789615200000,1.3391183614730835,1.339261770248413,1.3391183614730835,1.339261770248413,0
1789615500000,1.3392258882522583,1.3394052982330322,1.3392080068588257,1.3394052982330322,0
1789615800000,1.3394052982330322,1.3394052982330322,1.3391003608703613,1.3391003608703613,0
1789616100000,1.3390824794769287,1.3393874168395996,1.3390824794769287,1.3393874168395996,0
1789616400000,1.3392797708511353,1.3392797708511353,1.3390285968780518,1.3391900062561035,0
1789616700000,1.3388673067092896,1.3390824794769287,1.3388673067092896,1.339064598083496,0
1789617000000,1.3389389514923096,1.3389389514923096,1.338777780532837,1.33879554271698,0
1789617300000,1.3386881351470947,1.3389211893081665,1.3386881351470947,1.3389211893081665,0
1789617600000,1.3388851881027222,1.3388851881027222,1.3385984897613525,1.3385984897613525,0
1789617900000,1.3386701345443726,1.3386701345443726,1.3385447263717651,1.3385984897613525,0
1789618200000,1.3384552001953125,1.3384552001953125,1.3380253314971924,1.3380612134933472,0
1789618500000,1.3380969762802124,1.338186502456665,1.3380969762802124,1.3381506204605103,0
1789618800000,1.3382043838500977,1.3382043838500977,1.3380612134933472,1.3380969762802124,0
1789619100000,1.338114857673645,1.338240146636963,1.3380074501037598,1.3382223844528198,0
1789619400000,1.338329792022705,1.338401436805725,1.3382940292358398,1.338401436805725,0
1789619700000,1.3384552001953125,1.3385089635849,1.338311791419983,1.3385089635849,0
1789620000000,1.3386164903640747,1.3386881351470947,1.3386164903640747,1.3386342525482178,0
1789620300000,1.33872389793396,1.339172124862671,1.33872389793396,1.3389748334884644,0
1789620600000,1.3389211893081665,1.3389211893081665,1.3386342525482178,1.3386342525482178,0
1789620900000,1.3389569520950317,1.3395847082138062,1.3389569520950317,1.3394949436187744,0
1789621200000,1.3396027088165283,1.3397103548049927,1.3394231796264648,1.3394231796264648,0
1789621500000,1.3395309448242188,1.3397282361984253,1.3395309448242188,1.3397103548049927,0
1789621800000,1.339818000793457,1.339925765991211,1.339818000793457,1.339818000793457,0
1789622100000,1.339925765991211,1.339925765991211,1.3396027088165283,1.3396027088165283,0
1789622400000,1.3395129442214966,1.339620590209961,1.3394949436187744,1.339620590209961,0
1789622700000,1.339566707611084,1.339566707611084,1.3393694162368774,1.339566707611084,0
1789623000000,1.3394591808319092,1.339566707611084,1.3394591808319092,1.3395488262176514,0
1789623300000,1.3395847082138062,1.3397103548049927,1.3395847082138062,1.3397103548049927,0
1789623600000,1.3398001194000244,1.3398001194000244,1.3394949436187744,1.3394949436187744,0
1789623900000,1.3393874168395996,1.3394231796264648,1.3393514156341553,1.3394231796264648,0
1789624200000,1.3394949436187744,1.3395847082138062,1.3394949436187744,1.3395309448242188,0
1789624500000,1.339620590209961,1.339674472808838,1.3394231796264648,1.3394231796264648,0
1789624800000,1.3394949436187744,1.3397642374038696,1.3394949436187744,1.3397103548049927,0
1789625100000,1.3395129442214966,1.339925765991211,1.3395129442214966,1.339925765991211,0
1789625400000,1.3398360013961792,1.3402849435806274,1.3398360013961792,1.3402849435806274,0
1789625700000,1.340105414390564,1.3404287099838257,1.340105414390564,1.3404287099838257,0
1789626000000,1.3404107093811035,1.3404645919799805,1.3402130603790283,1.3402130603790283,0
1789626300000,1.3403927087783813,1.3404465913772583,1.3401411771774292,1.3404465913772583,0
1789626600000,1.3404287099838257,1.3404287099838257,1.3401771783828735,1.3402670621871948,0
1789626900000,1.3403029441833496,1.3405005931854248,1.3403029441833496,1.3404107093811035,0
1789627200000,1.3401951789855957,1.3402130603790283,1.3400874137878418,1.3402130603790283,0
1789627500000,1.3401951789855957,1.3403927087783813,1.3401951789855957,1.3403927087783813,0
1789627800000,1.340572476387024,1.3406083583831787,1.3402849435806274,1.3402849435806274,0
1789628100000,1.3404465913772583,1.3405184745788574,1.3404465913772583,1.3405184745788574,0
1789628400000,1.339172124862671,1.339172124862671,1.3374168872833252,1.3374168872833252,0
1789628700000,1.336683988571167,1.336916208267212,1.3362016677856445,1.3366482257843018,0
1789629000000,1.3365410566329956,1.3368269205093384,1.3364337682724,1.3364337682724,0
1789629297000,1.3365052938461304,1.3365052938461304,1.3365052938461304,1.3365052938461304,0
1789629300000,1.3364160060882568,1.3364160060882568,1.3350778818130493,1.3350778818130493,0
1789629600000,1.3352738618850708,1.3359339237213135,1.3352738618850708,1.3358982801437378,0
1789629657000,1.3352738618850708,1.3352738618850708,1.3352738618850708,1.3352738618850708,0
1789629900000,1.3359339237213135,1.3366124629974365,1.3359339237213135,1.3366124629974365,0
1789629957000,1.3359339237213135,1.3359339237213135,1.3359339237213135,1.3359339237213135,0
1789630200000,1.336523175239563,1.3365768194198608,1.3363802433013916,1.3365768194198608,0
1789630257000,1.336523175239563,1.336523175239563,1.336523175239563,1.336523175239563,0
1789630500000,1.3366303443908691,1.336683988571167,1.3365052938461304,1.336683988571167,0
1789630557000,1.3366303443908691,1.3366303443908691,1.3366303443908691,1.3366303443908691,0
1789630800000,1.3368269205093384,1.3372201919555664,1.3368269205093384,1.337095022201538,0
1789630857000,1.3368269205093384,1.3368269205093384,1.3368269205093384,1.3368269205093384,0
1789631100000,1.3371129035949707,1.3371129035949707,1.3371129035949707,1.3371129035949707,0
1789631217000,1.3369877338409424,1.3369877338409424,1.3369877338409424,1.3369877338409424,0
1789631400000,1.336683988571167,1.336683988571167,1.336683988571167,1.336683988571167,0
1789631517000,1.3369340896606445,1.3369340896606445,1.3369340896606445,1.3369340896606445,0
1789631700000,1.3367911577224731,1.3367911577224731,1.3367911577224731,1.3367911577224731,0
1789631817000,1.336523175239563,1.336523175239563,1.336523175239563,1.336523175239563,0
1789632000000,1.3370592594146729,1.3370592594146729,1.3370592594146729,1.3370592594146729,0
1789632118000,1.3372738361358643,1.3372738361358643,1.3372738361358643,1.3372738361358643,0
1789632300000,1.3376137018203735,1.337685227394104,1.3373990058898926,1.337667465209961,0
1789632600000,1.3377211093902588,1.3384909629821777,1.3377211093902588,1.3384909629821777,0
1789632900000,1.338311791419983,1.3388315439224243,1.3382043838500977,1.3388315439224243,0
1789633200000,1.3387597799301147,1.338849425315857,1.3387597799301147,1.338849425315857,0
1789633378000,1.3389389514923096,1.3389389514923096,1.3389389514923096,1.3389389514923096,0
1789633500000,1.3391900062561035,1.3394052982330322,1.3391900062561035,1.3394052982330322,0
1789633738000,1.3395488262176514,1.3395488262176514,1.3395488262176514,1.3395488262176514,0
1789633800000,1.3393694162368774,1.3393694162368774,1.3392080068588257,1.3392976522445679,0
1789634038000,1.3392976522445679,1.3392976522445679,1.3392976522445679,1.3392976522445679,0
1789634100000,1.3390108346939087,1.3390108346939087,1.3386701345443726,1.33879554271698,0
1789634338000,1.3385447263717651,1.3385447263717651,1.3385447263717651,1.3385447263717651,0
1789634400000,1.33879554271698,1.33879554271698,1.3382760286331177,1.3382760286331177,0
1789634639000,1.3382940292358398,1.3382940292358398,1.3382940292358398,1.3382940292358398,0
1789634700000,1.338401436805725,1.3385268449783325,1.338401436805725,1.3385268449783325,0
1789634939000,1.3384730815887451,1.3384730815887451,1.3384730815887451,1.3384730815887451,0
1789635000000,1.338186502456665,1.3382940292358398,1.338114857673645,1.3382940292358398,0
1789635299000,1.338401436805725,1.338401436805725,1.338401436805725,1.338401436805725,0
1789635300000,1.338401436805725,1.3385984897613525,1.3383476734161377,1.3385984897613525,0
1789635599000,1.3387060165405273,1.3387060165405273,1.3387060165405273,1.3387060165405273,0
1789635600000,1.3388315439224243,1.3388315439224243,1.3384371995925903,1.3385268449783325,0
1789635899000,1.3384193181991577,1.3384193181991577,1.3384193181991577,1.3384193181991577,0
1789635900000,1.338329792022705,1.338329792022705,1.337828516960144,1.337828516960144,0
1789636200000,1.3378641605377197,1.3378641605377197,1.337363362312317,1.3374168872833252,0
1789636259000,1.3378641605377197,1.3378641605377197,1.3378641605377197,1.3378641605377197,0
1789636500000,1.3376137018203735,1.337685227394104,1.3374885320663452,1.337595820426941,0
1789636800000,1.3377926349639893,1.3377926349639893,1.3375064134597778,1.3375779390335083,0
1789637100000,1.3377926349639893,1.3377926349639893,1.3375779390335083,1.3377211093902588,0
1789637400000,1.337685227394104,1.337685227394104,1.3374348878860474,1.337524175643921,0
1789637700000,1.3374526500701904,1.3379716873168945,1.3374526500701904,1.3379716873168945,0
1789638000000,1.3380253314971924,1.3380253314971924,1.3372917175292969,1.3374168872833252,0
1789638300000,1.3372023105621338,1.3377211093902588,1.3372023105621338,1.3377211093902588,0
1789638600000,1.3375779390335083,1.3375779390335083,1.3373453617095947,1.33738112449646,0
1789638900000,1.3373990058898926,1.3374348878860474,1.3372023105621338,1.3374168872833252,0
1789639200000,1.3374168872833252,1.3374168872833252,1.3374168872833252,1.3374168872833252,0
1789639500000,1.3377747535705566,1.3377747535705566,1.3377747535705566,1.3377747535705566,0
1789639800000,1.338043212890625,1.338043212890625,1.338043212890625,1.338043212890625,0
1789639861000,1.3379358053207397,1.3379358053207397,1.3379358053207397,1.3379358053207397,0
1789640100000,1.3377567529678345,1.3377567529678345,1.3371665477752686,1.3371665477752686,0
1789640156000,1.3377567529678345,1.3377567529678345,1.3377567529678345,1.3377567529678345,0
1789640400000,1.337095022201538,1.3372917175292969,1.337095022201538,1.3372917175292969,0
1789640456000,1.337095022201538,1.337095022201538,1.337095022201538,1.337095022201538,0
1789640700000,1.3370413780212402,1.3370413780212402,1.3370413780212402,1.3370413780212402,0
1789640816000,1.3371129035949707,1.3371129035949707,1.3371129035949707,1.3371129035949707,0
1789641000000,1.336594581604004,1.336594581604004,1.336594581604004,1.336594581604004,0
1789641116000,1.3363981246948242,1.3363981246948242,1.3363981246948242,1.3363981246948242,0
1789641300000,1.33604097366333,1.33604097366333,1.33604097366333,1.33604097366333,0
1789641416000,1.335862636566162,1.335862636566162,1.335862636566162,1.335862636566162,0
1789641600000,1.3356127738952637,1.3356127738952637,1.3356127738952637,1.3356127738952637,0
1789641716000,1.3355414867401123,1.3355414867401123,1.3355414867401123,1.3355414867401123,0
1789641900000,1.335505723953247,1.335505723953247,1.3354878425598145,1.3354878425598145,0
1789642076000,1.335594892501831,1.335594892501831,1.335594892501831,1.335594892501831,0
1789642200000,1.3356841802597046,1.3356841802597046,1.335327386856079,1.335327386856079,0
1789642500000,1.3354878425598145,1.3354878425598145,1.3352560997009277,1.3353452682495117,0
1789642800000,1.3354700803756714,1.3357912302017212,1.335327386856079,1.335505723953247,0
1789643100000,1.3355236053466797,1.3356841802597046,1.3355236053466797,1.3355236053466797,0
1789643400000,1.335416555404663,1.3355236053466797,1.3351670503616333,1.3355236053466797,0
1789643700000,1.3356127738952637,1.3360053300857544,1.3356127738952637,1.3360053300857544,0
1789644000000,1.3357733488082886,1.3357733488082886,1.335559368133545,1.335559368133545,0
1789644300000,1.3352917432785034,1.3352917432785034,1.3350956439971924,1.3351491689682007,0
1789644600000,1.3350778818130493,1.3350778818130493,1.3345255851745605,1.334614634513855,0
1789644900000,1.3347926139831543,1.3347926139831543,1.3342761993408203,1.3342761993408203,0
1789645200000,1.3342761993408203,1.334507703781128,1.334098219871521,1.334098219871521,0
1789645500000,1.334098219871521,1.334115982055664,1.333760142326355,1.334115982055664,0
1789645800000,1.3340626955032349,1.3347035646438599,1.3340626955032349,1.3347035646438599,0
1789646100000,1.3345611095428467,1.3345967531204224,1.3344007730484009,1.3345789909362793,0
1789646400000,1.334507703781128,1.3345789909362793,1.334329605102539,1.334329605102539,0
1789646700000,1.3342229127883911,1.3342229127883911,1.3339736461639404,1.334098219871521,0
1789647000000,1.3340803384780884,1.3344365358352661,1.3340091705322266,1.3344365358352661,0
1789647300000,1.334614634513855,1.334614634513855,1.3343474864959717,1.3344365358352661,0
1789647600000,1.3346322774887085,1.3347035646438599,1.3345789909362793,1.3347035646438599,0
1789647900000,1.3346501588821411,1.3348283767700195,1.3346501588821411,1.3348283767700195,0
1789648200000,1.3348817825317383,1.3348817825317383,1.334614634513855,1.3347926139831543,0
1789648500000,1.334935188293457,1.335024356842041,1.334810495376587,1.335006594657898,0
1789648800000,1.3350778818130493,1.3351491689682007,1.335006594657898,1.3351491689682007,0
1789649100000,1.3350600004196167,1.3350600004196167,1.3349709510803223,1.3349887132644653,0
1789649400000,1.334810495376587,1.334917426109314,1.334810495376587,1.3348639011383057,0
1789649700000,1.3347035646438599,1.334935188293457,1.3347035646438599,1.334935188293457,0
1789650000000,1.3348461389541626,1.3351670503616333,1.3346501588821411,1.3351670503616333,0
1789650300000,1.3352383375167847,1.3352383375167847,1.335131287574768,1.335131287574768,0
1789650600000,1.335006594657898,1.3350778818130493,1.3348817825317383,1.335042119026184,0
1789650900000,1.3350778818130493,1.335220456123352,1.3350778818130493,1.335220456123352,0
1789651200000,1.3352738618850708,1.335309624671936,1.3352738618850708,1.335309624671936,0
1789651379000,1.3352383375167847,1.3352383375167847,1.3352383375167847,1.3352383375167847,0
1789651500000,1.3352560997009277,1.3352560997009277,1.3350956439971924,1.3351670503616333,0
1789651740000,1.3351134061813354,1.3351134061813354,1.3351134061813354,1.3351134061813354,0
1789651800000,1.3352025747299194,1.3352738618850708,1.3352025747299194,1.3352738618850708,0
1789652040000,1.3352383375167847,1.3352383375167847,1.3352383375167847,1.3352383375167847,0
1789652100000,1.335131287574768,1.3352025747299194,1.335131287574768,1.3351491689682007,0
1789652340000,1.3351491689682007,1.3351491689682007,1.3351491689682007,1.3351491689682007,0
1789652400000,1.3351134061813354,1.3351134061813354,1.334935188293457,1.334935188293457,0
1789652700000,1.335006594657898,1.335006594657898,1.335006594657898,1.335006594657898,0
1789653000000,1.3347926139831543,1.3347926139831543,1.3347926139831543,1.3347926139831543,0
1789653300000,1.3347214460372925,1.3347214460372925,1.3347214460372925,1.3347214460372925,0
1789653600000,1.335024356842041,1.335024356842041,1.335024356842041,1.335024356842041,0
1789653900000,1.3353809118270874,1.3353809118270874,1.3353809118270874,1.3353809118270874,0
1789653960000,1.3354523181915283,1.3354523181915283,1.3354523181915283,1.3354523181915283,0
1789654200000,1.3352738618850708,1.3352738618850708,1.3352738618850708,1.3352738618850708,0
1789654260000,1.3352025747299194,1.3352025747299194,1.3352025747299194,1.3352025747299194,0
1789654500000,1.335505723953247,1.335505723953247,1.3353630304336548,1.3353630304336548,0
1789654800000,1.335416555404663,1.3355236053466797,1.335309624671936,1.335309624671936,0
1789655100000,1.335309624671936,1.3353452682495117,1.335309624671936,1.335309624671936,0
1789655400000,1.3352917432785034,1.33539879322052,1.3352917432785034,1.3352917432785034,0
1789655700000,1.3352917432785034,1.3353452682495117,1.3352560997009277,1.3353452682495117,0
1789656000000,1.335416555404663,1.3354344367980957,1.33539879322052,1.3354344367980957,0
1789656300000,1.3353809118270874,1.3356127738952637,1.3353809118270874,1.3356127738952637,0
1789656600000,1.335505723953247,1.3355414867401123,1.3352383375167847,1.3353630304336548,0
1789656900000,1.335327386856079,1.335327386856079,1.335131287574768,1.3352383375167847,0
1789657136000,1.335309624671936,1.335309624671936,1.335309624671936,1.335309624671936,0
1789657200000,1.33539879322052,1.335505723953247,1.33539879322052,1.335505723953247,0
1789657436000,1.335666298866272,1.335666298866272,1.335666298866272,1.335666298866272,0
1789657500000,1.3355236053466797,1.3355236053466797,1.335505723953247,1.3355236053466797,0
1789657796000,1.3356127738952637,1.3356127738952637,1.3356127738952637,1.3356127738952637,0
1789657800000,1.3355236053466797,1.3355236053466797,1.3354700803756714,1.335505723953247,0
1789658097000,1.3355236053466797,1.3355236053466797,1.3355236053466797,1.3355236053466797,0
1789658100000,1.3355236053466797,1.3355236053466797,1.3353809118270874,1.335416555404663,0
1789658397000,1.3354878425598145,1.3354878425598145,1.3354878425598145,1.3354878425598145,0
1789658400000,1.335594892501831,1.3356484174728394,1.335594892501831,1.335594892501831,0
1789658697000,1.3356484174728394,1.3356484174728394,1.3356484174728394,1.3356484174728394,0
1789658700000,1.3357375860214233,1.3357375860214233,1.3357198238372803,1.3357198238372803,0
1789659000000,1.335755467414856,1.3358447551727295,1.335755467414856,1.3358447551727295,0
1789659057000,1.335755467414856,1.335755467414856,1.335755467414856,1.335755467414856,0
1789659300000,1.3358268737792969,1.3358803987503052,1.3358268737792969,1.3358447551727295,0
1789659357000,1.3358268737792969,1.3358268737792969,1.3358268737792969,1.3358268737792969,0
1789659600000,1.3358447551727295,1.3358803987503052,1.3358089923858643,1.3358089923858643,0
1789659657000,1.3358447551727295,1.3358447551727295,1.3358447551727295,1.3358447551727295,0
1789659900000,1.3358447551727295,1.3358447551727295,1.3358268737792969,1.3358447551727295,0
1789659957000,1.3358447551727295,1.3358447551727295,1.3358447551727295,1.3358447551727295,0
1789660200000,1.335862636566162,1.3359695672988892,1.3358268737792969,1.3359695672988892,0
1789660500000,1.3358803987503052,1.3358803987503052,1.3358268737792969,1.3358268737792969,0
1789660800000,1.3358982801437378,1.3358982801437378,1.3357198238372803,1.3357198238372803,0
1789661100000,1.335666298866272,1.335755467414856,1.3356306552886963,1.3356306552886963,0
1789661400000,1.3354523181915283,1.3354523181915283,1.3353630304336548,1.3354344367980957,0
1789661700000,1.335416555404663,1.3355414867401123,1.33539879322052,1.3355414867401123,0
1789662000000,1.335505723953247,1.3355236053466797,1.33539879322052,1.33539879322052,0
1789662300000,1.3355414867401123,1.335594892501831,1.3355236053466797,1.335594892501831,0
1789662600000,1.3356306552886963,1.3356484174728394,1.335594892501831,1.335594892501831,0
1789662900000,1.335577130317688,1.335666298866272,1.335577130317688,1.335666298866272,0
1789663200000,1.3356484174728394,1.3356484174728394,1.335577130317688,1.335577130317688,0
1789663500000,1.3356306552886963,1.335755467414856,1.3356306552886963,1.3357020616531372,0
1789663800000,1.3358982801437378,1.3358982801437378,1.335755467414856,1.335755467414856,0
1789664100000,1.3358089923858643,1.3358803987503052,1.3358089923858643,1.3358447551727295,0
1789664400000,1.3352025747299194,1.3358803987503052,1.3351670503616333,1.3358803987503052,0
1789664700000,1.3360053300857544,1.336112380027771,1.3358268737792969,1.3359695672988892,0
1789665000000,1.335594892501831,1.3357375860214233,1.3353630304336548,1.335416555404663,0
1789665300000,1.3357198238372803,1.3357198238372803,1.3354700803756714,1.3354700803756714,0
1789665600000,1.3351848125457764,1.3357912302017212,1.3351848125457764,1.3357912302017212,0
1789665900000,1.3357020616531372,1.335755467414856,1.335327386856079,1.3357198238372803,0
1789666200000,1.335416555404663,1.3359161615371704,1.335416555404663,1.3359161615371704,0
1789666500000,1.3358982801437378,1.3363088369369507,1.3357733488082886,1.3363088369369507,0
1789666800000,1.3358268737792969,1.336094617843628,1.3358268737792969,1.3359339237213135,0
1789667100000,1.3359339237213135,1.3362553119659424,1.3359339237213135,1.3362553119659424,0
1789667400000,1.3354344367980957,1.3359339237213135,1.3354344367980957,1.3357733488082886,0
1789667700000,1.335862636566162,1.335862636566162,1.3356841802597046,1.3356841802597046,0
1789668000000,1.3356306552886963,1.3356306552886963,1.3356306552886963,1.3356306552886963,0
1789668300000,1.3356306552886963,1.3356306552886963,1.3356306552886963,1.3356306552886963,0
1789668600000,1.3358089923858643,1.3358089923858643,1.3358089923858643,1.3358089923858643,0
1789668900000,1.335951805114746,1.335951805114746,1.335951805114746,1.335951805114746,0
1789668960000,1.335951805114746,1.335951805114746,1.335951805114746,1.335951805114746,0
1789669200000,1.335951805114746,1.335951805114746,1.335951805114746,1.335951805114746,0
1789669260000,1.335951805114746,1.335951805114746,1.335951805114746,1.335951805114746,0
1789669500000,1.3358982801437378,1.3358982801437378,1.3358982801437378,1.3358982801437378,0
1789669560000,1.3358268737792969,1.3358268737792969,1.3358268737792969,1.3358268737792969,0
1789669800000,1.3359695672988892,1.3359695672988892,1.3359695672988892,1.3359695672988892,0
1789669860000,1.3359695672988892,1.3359695672988892,1.3359695672988892,1.3359695672988892,0
1789670100000,1.336023211479187,1.3360588550567627,1.336023211479187,1.3360588550567627,0
1789670220000,1.3360053300857544,1.3360053300857544,1.3360053300857544,1.3360053300857544,0
1789670400000,1.33604097366333,1.33604097366333,1.3360053300857544,1.3360053300857544,0
1789670520000,1.3360767364501953,1.3360767364501953,1.3360767364501953,1.3360767364501953,0
1789670700000,1.3360053300857544,1.3360053300857544,1.3359874486923218,1.3359874486923218,0
1789670820000,1.3359339237213135,1.3359339237213135,1.3359339237213135,1.3359339237213135,0
1789671000000,1.3359695672988892,1.3359874486923218,1.335951805114746,1.335951805114746,0
1789671300000,1.3359161615371704,1.3359874486923218,1.3359161615371704,1.3359874486923218,0
1789671600000,1.3359695672988892,1.3359874486923218,1.335951805114746,1.335951805114746,0
1789671900000,1.3359695672988892,1.3359874486923218,1.3359339237213135,1.3359874486923218,0
1789672200000,1.336023211479187,1.336023211479187,1.3359874486923218,1.3359874486923218,0
1789672500000,1.3360053300857544,1.3360053300857544,1.3358982801437378,1.3359161615371704,0
1789672800000,1.3358982801437378,1.336023211479187,1.3358982801437378,1.336023211479187,0
1789673100000,1.335951805114746,1.3359695672988892,1.3359161615371704,1.3359339237213135,0
1789673400000,1.335951805114746,1.335951805114746,1.3358447551727295,1.335862636566162,0
1789673700000,1.3358447551727295,1.336023211479187,1.3358447551727295,1.336023211479187,0
1789674000000,1.335951805114746,1.335951805114746,1.3358268737792969,1.3358268737792969,0
1789674300000,1.3358982801437378,1.3359339237213135,1.3358447551727295,1.335862636566162,0
1789674600000,1.3358447551727295,1.3358803987503052,1.335755467414856,1.3358803987503052,0
1789674900000,1.3358089923858643,1.3358089923858643,1.3356306552886963,1.3356306552886963,0
1789675200000,1.335666298866272,1.3359161615371704,1.335666298866272,1.3358447551727295,0
1789675500000,1.3359161615371704,1.3361481428146362,1.3359161615371704,1.3361481428146362,0
1789675800000,1.3360588550567627,1.3361481428146362,1.3360588550567627,1.336112380027771,0
1789676100000,1.336112380027771,1.3361839056015015,1.336112380027771,1.3361839056015015,0
1789676400000,1.3361839056015015,1.3362016677856445,1.3360588550567627,1.3362016677856445,0
1789676700000,1.33604097366333,1.33604097366333,1.335951805114746,1.335951805114746,0
1789677000000,1.3359339237213135,1.3360053300857544,1.3359339237213135,1.335951805114746,0
1789677300000,1.335951805114746,1.335951805114746,1.3358447551727295,1.3358447551727295,0
1789677600000,1.3358447551727295,1.3358982801437378,1.3357733488082886,1.3358982801437378,0
1789677900000,1.3359161615371704,1.3359161615371704,1.3358447551727295,1.3359161615371704,0
1789678200000,1.3359695672988892,1.3361302614212036,1.3359695672988892,1.3361302614212036,0
1789678500000,1.3361481428146362,1.3362195491790771,1.336112380027771,1.336112380027771,0
1789678800000,1.3362374305725098,1.3363088369369507,1.3362016677856445,1.3362016677856445,0
1789679100000,1.3361302614212036,1.3361302614212036,1.3359339237213135,1.3359339237213135,0
1789679400000,1.3359339237213135,1.335951805114746,1.3358268737792969,1.335862636566162,0
1789679700000,1.3358803987503052,1.3359339237213135,1.3358268737792969,1.3358447551727295,0
1789680000000,1.3358982801437378,1.3360767364501953,1.3358982801437378,1.3360767364501953,0
1789680300000,1.3360588550567627,1.3360588550567627,1.3358803987503052,1.3358803987503052,0
1789680600000,1.3359161615371704,1.3359161615371704,1.3357198238372803,1.3358268737792969,0
1789680900000,1.3358982801437378,1.3358982801437378,1.3357020616531372,1.3357020616531372,0
1789681200000,1.3357733488082886,1.3359874486923218,1.3357733488082886,1.3358803987503052,0
1789681500000,1.3359161615371704,1.3359874486923218,1.3358803987503052,1.3359695672988892,0
1789681800000,1.3358268737792969,1.33604097366333,1.3358268737792969,1.336023211479187,0
1789682100000,1.3360588550567627,1.3363088369369507,1.3360588550567627,1.3363088369369507,0
1789682400000,1.3362195491790771,1.3362195491790771,1.3361302614212036,1.3361302614212036,0
1789682700000,1.3361660242080688,1.3361660242080688,1.3359874486923218,1.3359874486923218,0
1789683000000,1.3359695672988892,1.336023211479187,1.3359339237213135,1.3359695672988892,0
1789683300000,1.3358982801437378,1.3359339237213135,1.3357912302017212,1.3357912302017212,0
1789683600000,1.3359161615371704,1.3359695672988892,1.3358803987503052,1.3359339237213135,0
1789683900000,1.3360588550567627,1.3360588550567627,1.3359339237213135,1.3359339237213135,0
1789684200000,1.336023211479187,1.3360588550567627,1.3359695672988892,1.3359695672988892,0
1789684500000,1.335951805114746,1.3359695672988892,1.335862636566162,1.3358982801437378,0
1789684800000,1.335951805114746,1.335951805114746,1.3359339237213135,1.3359339237213135,0
1789685100000,1.3358089923858643,1.33604097366333,1.3358089923858643,1.33604097366333,0
1789685400000,1.336023211479187,1.3360588550567627,1.3359695672988892,1.3360588550567627,0
1789685700000,1.3358268737792969,1.3360053300857544,1.3358268737792969,1.3359695672988892,0
1789686000000,1.336112380027771,1.3361481428146362,1.336023211479187,1.3361481428146362,0
1789686300000,1.3362730741500854,1.336523175239563,1.3362730741500854,1.3364516496658325,0
1789686600000,1.3364516496658325,1.3367375135421753,1.3363802433013916,1.3367375135421753,0
1789686900000,1.3366303443908691,1.3366303443908691,1.3365589380264282,1.3365589380264282,0
1789687200000,1.3365589380264282,1.3365589380264282,1.3363981246948242,1.3363981246948242,0
1789687500000,1.336594581604004,1.3366659879684448,1.3365410566329956,1.3366482257843018,0
1789687800000,1.3366303443908691,1.3368269205093384,1.3366303443908691,1.3368269205093384,0
1789688100000,1.336683988571167,1.3367911577224731,1.3366659879684448,1.3367911577224731,0
1789688400000,1.3367375135421753,1.337005615234375,1.3367375135421753,1.337005615234375,0
1789688700000,1.3369877338409424,1.337327480316162,1.3369877338409424,1.3372201919555664,0
1789689000000,1.3372201919555664,1.3372738361358643,1.3372023105621338,1.3372738361358643,0
1789689300000,1.3372201919555664,1.3372559547424316,1.3371665477752686,1.3372559547424316,0
1789689600000,1.3374526500701904,1.3375779390335083,1.3374348878860474,1.3374526500701904,0
1789689900000,1.337524175643921,1.337595820426941,1.3375064134597778,1.3375064134597778,0
1789690200000,1.3374885320663452,1.337524175643921,1.3374168872833252,1.3374526500701904,0
1789690500000,1.3374526500701904,1.3374526500701904,1.3373990058898926,1.3373990058898926,0
1789690800000,1.3372917175292969,1.3373453617095947,1.3372559547424316,1.3373453617095947,0
1789691100000,1.3373453617095947,1.3373453617095947,1.3372023105621338,1.3372023105621338,0
1789691400000,1.3372738361358643,1.3372738361358643,1.3372201919555664,1.3372738361358643,0
1789691700000,1.3371307849884033,1.337148666381836,1.3371129035949707,1.337148666381836,0
1789692000000,1.3372023105621338,1.3372917175292969,1.337148666381836,1.3372023105621338,0
1789692300000,1.3371129035949707,1.3371307849884033,1.3370413780212402,1.3371307849884033,0
1789692600000,1.337095022201538,1.3372023105621338,1.3370771408081055,1.3371129035949707,0
1789692900000,1.3370771408081055,1.3371129035949707,1.3369699716567993,1.3369699716567993,0
1789693200000,1.337095022201538,1.337095022201538,1.3368983268737793,1.3369520902633667,0
1789693500000,1.336916208267212,1.3370413780212402,1.336916208267212,1.3369520902633667,0
1789693800000,1.336916208267212,1.336916208267212,1.3368090391159058,1.3368090391159058,0
1789694100000,1.3367911577224731,1.336844801902771,1.336755394935608,1.336755394935608,0
1789694400000,1.3367197513580322,1.3367197513580322,1.336523175239563,1.3365768194198608,0
1789694700000,1.3366303443908691,1.3366303443908691,1.3365052938461304,1.3365052938461304,0
1789695000000,1.3363802433013916,1.3363802433013916,1.3362553119659424,1.3362553119659424,0
1789695300000,1.3363088369369507,1.3363802433013916,1.3362016677856445,1.3363802433013916,0
1789695600000,1.3363444805145264,1.3363444805145264,1.3362016677856445,1.3363267183303833,0
1789695900000,1.3362195491790771,1.3362730741500854,1.3362016677856445,1.3362195491790771,0
1789696200000,1.336362361907959,1.336362361907959,1.3362374305725098,1.3362374305725098,0
1789696500000,1.3362553119659424,1.3363444805145264,1.3361481428146362,1.3362195491790771,0
1789696800000,1.3365052938461304,1.3366303443908691,1.3364516496658325,1.3364516496658325,0
1789697100000,1.3364337682724,1.3366659879684448,1.3364337682724,1.3366659879684448,0
1789697400000,1.3367732763290405,1.3368090391159058,1.336755394935608,1.3367911577224731,0
1789697700000,1.336594581604004,1.3369340896606445,1.336594581604004,1.3369340896606445,0
1789698000000,1.3369340896606445,1.3371129035949707,1.3369340896606445,1.3371129035949707,0
1789698300000,1.3371129035949707,1.3372738361358643,1.3370234966278076,1.337238073348999,0
1789698600000,1.337327480316162,1.337327480316162,1.337238073348999,1.337238073348999,0
1789698900000,1.3372201919555664,1.3372201919555664,1.3368983268737793,1.3370234966278076,0
1789699200000,1.3371307849884033,1.337470531463623,1.3371307849884033,1.337470531463623,0
1789699500000,1.3372559547424316,1.3373990058898926,1.337238073348999,1.337238073348999,0
1789699800000,1.3372201919555664,1.337327480316162,1.337148666381836,1.337238073348999,0
1789700100000,1.3372201919555664,1.337238073348999,1.337095022201538,1.337095022201538,0
1789700400000,1.337095022201538,1.337095022201538,1.336844801902771,1.3370234966278076,0
1789700700000,1.3371844291687012,1.3372201919555664,1.3371844291687012,1.3372023105621338,0
1789701000000,1.3372917175292969,1.3372917175292969,1.3368626832962036,1.3368626832962036,0
1789701300000,1.336755394935608,1.3369520902633667,1.3367018699645996,1.3367018699645996,0
1789701600000,1.3366124629974365,1.3366124629974365,1.3364160060882568,1.3365768194198608,0
1789701900000,1.3367018699645996,1.3367018699645996,1.3365589380264282,1.3367018699645996,0
1789702200000,1.3367018699645996,1.3367018699645996,1.3362016677856445,1.3364875316619873,0
1789702500000,1.3364875316619873,1.3366482257843018,1.3362374305725098,1.3366482257843018,0
1789702800000,1.3365768194198608,1.3369520902633667,1.3365768194198608,1.336916208267212,0
1789703100000,1.3369520902633667,1.337005615234375,1.3367911577224731,1.3369877338409424,0
1789703400000,1.3370592594146729,1.3370771408081055,1.3369699716567993,1.3369699716567993,0
1789703700000,1.3371129035949707,1.3371129035949707,1.3367732763290405,1.3367732763290405,0
1789704000000,1.3367732763290405,1.3369340896606445,1.3367732763290405,1.3369340896606445,0
1789704300000,1.337005615234375,1.3370413780212402,1.3369340896606445,1.3369699716567993,0
1789704600000,1.3369877338409424,1.3373095989227295,1.336916208267212,1.3372201919555664,0
1789704900000,1.3371665477752686,1.3372917175292969,1.3371665477752686,1.3371844291687012,0
1789705200000,1.3372023105621338,1.3372023105621338,1.3369877338409424,1.3371129035949707,0
1789705500000,1.3370771408081055,1.3371307849884033,1.3370234966278076,1.3371307849884033,0
1789705800000,1.3372559547424316,1.3372559547424316,1.3369520902633667,1.3369520902633667,0
1789706100000,1.3369699716567993,1.3370234966278076,1.3369699716567993,1.337005615234375,0
1789706400000,1.336916208267212,1.336916208267212,1.336755394935608,1.3367911577224731,0
1789706700000,1.3366124629974365,1.3367197513580322,1.3366124629974365,1.3366659879684448,0
1789707000000,1.3367018699645996,1.3370234966278076,1.3367018699645996,1.3369877338409424,0
1789707300000,1.3368090391159058,1.3371307849884033,1.3368090391159058,1.3371129035949707,0
1789707600000,1.3371129035949707,1.337148666381836,1.3369877338409424,1.337148666381836,0
1789707900000,1.337095022201538,1.3371129035949707,1.336844801902771,1.336844801902771,0
1789708200000,1.3369877338409424,1.3369877338409424,1.3367911577224731,1.3368626832962036,0
1789708500000,1.3368626832962036,1.3368805646896362,1.3366482257843018,1.3367375135421753,0
1789708800000,1.3366482257843018,1.336844801902771,1.3366124629974365,1.336844801902771,0
1789709100000,1.3368269205093384,1.3368269205093384,1.3366482257843018,1.3366482257843018,0
1789709400000,1.336683988571167,1.3368090391159058,1.3366659879684448,1.3367375135421753,0
1789709700000,1.336844801902771,1.336844801902771,1.336594581604004,1.336594581604004,0
1789710000000,1.3366124629974365,1.336844801902771,1.3366124629974365,1.336755394935608,0
1789710300000,1.336683988571167,1.336683988571167,1.3365768194198608,1.3365768194198608,0
1789710600000,1.3368983268737793,1.3372738361358643,1.336844801902771,1.3372738361358643,0
1789710900000,1.3371129035949707,1.3372917175292969,1.3371129035949707,1.3371307849884033,0
1789711200000,1.3370234966278076,1.3370592594146729,1.3368626832962036,1.3368626832962036,0
1789711500000,1.336844801902771,1.3372023105621338,1.336844801902771,1.337005615234375,0
1789711800000,1.3370413780212402,1.3370592594146729,1.3369699716567993,1.3369699716567993,0
1789712100000,1.3369520902633667,1.3369520902633667,1.3368983268737793,1.3369340896606445,0
1789712400000,1.3369699716567993,1.3369699716567993,1.3367911577224731,1.3369340896606445,0
1789712700000,1.3368983268737793,1.3369699716567993,1.3367911577224731,1.3367911577224731,0
1789713000000,1.336683988571167,1.336683988571167,1.336523175239563,1.336523175239563,0
1789713300000,1.3364337682724,1.336523175239563,1.3361302614212036,1.3361302614212036,0
1789713600000,1.3360767364501953,1.3360767364501953,1.3356484174728394,1.3356484174728394,0
1789713900000,1.3354878425598145,1.3354878425598145,1.335416555404663,1.335416555404663,0
1789714080000,1.335309624671936,1.335309624671936,1.335309624671936,1.335309624671936,0
1789714200000,1.3351491689682007,1.335309624671936,1.3350956439971924,1.335309624671936,0
1789714380000,1.3354344367980957,1.3354344367980957,1.3354344367980957,1.3354344367980957,0
1789714500000,1.3356484174728394,1.3356484174728394,1.3354878425598145,1.3355236053466797,0
1789714740000,1.335416555404663,1.335416555404663,1.335416555404663,1.335416555404663,0
1789714800000,1.3358089923858643,1.3362553119659424,1.3358089923858643,1.3362553119659424,0
1789715040000,1.3362730741500854,1.3362730741500854,1.3362730741500854,1.3362730741500854,0
1789715100000,1.3362730741500854,1.3362730741500854,1.335755467414856,1.3358982801437378,0
1789715340000,1.336112380027771,1.336112380027771,1.336112380027771,1.336112380027771,0
1789715400000,1.3361660242080688,1.3364160060882568,1.3361660242080688,1.3363267183303833,0
1789715641000,1.3362553119659424,1.3362553119659424,1.3362553119659424,1.3362553119659424,0
1789715700000,1.336112380027771,1.336112380027771,1.3358089923858643,1.3359339237213135,0
1789715996000,1.3359695672988892,1.3359695672988892,1.3359695672988892,1.3359695672988892,0
1789716000000,1.3358447551727295,1.3360767364501953,1.335666298866272,1.335951805114746,0
1789716296000,1.3358447551727295,1.3358447551727295,1.3358447551727295,1.3358447551727295,0
1789716300000,1.3357375860214233,1.3357375860214233,1.33539879322052,1.33539879322052,0
1789716596000,1.3352917432785034,1.3352917432785034,1.3352917432785034,1.3352917432785034,0
1789716600000,1.3352917432785034,1.335416555404663,1.335131287574768,1.335416555404663,0
1789716896000,1.3353809118270874,1.3353809118270874,1.3353809118270874,1.3353809118270874,0
1789716900000,1.3352025747299194,1.3352025747299194,1.3347392082214355,1.3347392082214355,0
1789717200000,1.3347392082214355,1.3347392082214355,1.3345789909362793,1.3345789909362793,0
1789717500000,1.334810495376587,1.334935188293457,1.334810495376587,1.3348461389541626,0
1789717800000,1.3346322774887085,1.3346322774887085,1.3343474864959717,1.3344186544418335,0
1789718100000,1.3343831300735474,1.3347392082214355,1.3343831300735474,1.3347392082214355,0
1789718400000,1.3347392082214355,1.3347392082214355,1.3346501588821411,1.3346501588821411,0
1789718577000,1.334507703781128,1.334507703781128,1.334507703781128,1.334507703781128,0
1789718700000,1.3344720602035522,1.3344720602035522,1.3344542980194092,1.3344542980194092,0
1789718877000,1.3343831300735474,1.3343831300735474,1.3343831300735474,1.3343831300735474,0
1789719000000,1.3344186544418335,1.3344186544418335,1.3340270519256592,1.3340270519256592,0
1789719177000,1.334294080734253,1.334294080734253,1.334294080734253,1.334294080734253,0
1789719300000,1.3344365358352661,1.3344365358352661,1.3342229127883911,1.3342229127883911,0
1789719537000,1.3342050313949585,1.3342050313949585,1.3342050313949585,1.3342050313949585,0
1789719600000,1.3337956666946411,1.3340091705322266,1.3337956666946411,1.3340091705322266,0
1789719838000,1.3339202404022217,1.3339202404022217,1.3339202404022217,1.3339202404022217,0
1789719900000,1.333653450012207,1.333760142326355,1.333653450012207,1.333760142326355,0
1789720138000,1.333653450012207,1.333653450012207,1.333653450012207,1.333653450012207,0
1789720200000,1.3337067365646362,1.3339024782180786,1.3337067365646362,1.333760142326355,0
1789720438000,1.3340270519256592,1.3340270519256592,1.3340270519256592,1.3340270519256592,0
1789720500000,1.3342584371566772,1.3344186544418335,1.3342584371566772,1.3343117237091064,0
1789720798000,1.3343652486801147,1.3343652486801147,1.3343652486801147,1.3343652486801147,0
1789720800000,1.3343117237091064,1.3343474864959717,1.3342405557632446,1.334294080734253,0
1789721098000,1.3343117237091064,1.3343117237091064,1.3343117237091064,1.3343117237091064,0
1789721100000,1.334329605102539,1.3346322774887085,1.334329605102539,1.3344898223876953,0
1789721398000,1.334614634513855,1.334614634513855,1.334614634513855,1.334614634513855,0
1789721400000,1.3347570896148682,1.334917426109314,1.3346501588821411,1.3347214460372925,0
1789721700000,1.3348461389541626,1.335131287574768,1.3348461389541626,1.334935188293457,0
1789722000000,1.334810495376587,1.334810495376587,1.3344720602035522,1.3346501588821411,0
1789722300000,1.3347035646438599,1.3347035646438599,1.3345255851745605,1.3346858024597168,0
1789722600000,1.3344365358352661,1.3344898223876953,1.3343474864959717,1.3343474864959717,0
1789722900000,1.3343474864959717,1.3343474864959717,1.3343474864959717,1.3343474864959717,0
1789723019000,1.334507703781128,1.334507703781128,1.334507703781128,1.334507703781128,0
1789723200000,1.334614634513855,1.334614634513855,1.334614634513855,1.334614634513855,0
1789723319000,1.3345255851745605,1.3345255851745605,1.3345255851745605,1.3345255851745605,0
1789723500000,1.3347392082214355,1.3347392082214355,1.3347392082214355,1.3347392082214355,0
1789723619000,1.3347392082214355,1.3347392082214355,1.3347392082214355,1.3347392082214355,0
1789723800000,1.335024356842041,1.335024356842041,1.3348639011383057,1.3348639011383057,0
1789723979000,1.334917426109314,1.334917426109314,1.334917426109314,1.334917426109314,0
1789724100000,1.3346322774887085,1.3346322774887085,1.3344542980194092,1.3344542980194092,0
1789724279000,1.3342761993408203,1.3342761993408203,1.3342761993408203,1.3342761993408203,0
1789724400000,1.3342405557632446,1.3342405557632446,1.3342405557632446,1.3342405557632446,0
1789724579000,1.3343474864959717,1.3343474864959717,1.3343474864959717,1.3343474864959717,0
1789724700000,1.334917426109314,1.335006594657898,1.334917426109314,1.335006594657898,0
1789724879000,1.3347392082214355,1.3347392082214355,1.3347392082214355,1.3347392082214355,0
1789725000000,1.3345789909362793,1.334614634513855,1.3344365358352661,1.334614634513855,0
1789725239000,1.3344898223876953,1.3344898223876953,1.3344898223876953,1.3344898223876953,0
1789725300000,1.3341338634490967,1.3341338634490967,1.334098219871521,1.334098219871521,0
1789725540000,1.3342229127883911,1.3342229127883911,1.3342229127883911,1.3342229127883911,0
1789725600000,1.3340091705322266,1.334614634513855,1.3340091705322266,1.334614634513855,0
1789725840000,1.3345433473587036,1.3345433473587036,1.3345433473587036,1.3345433473587036,0
1789725900000,1.3345255851745605,1.3345789909362793,1.3342405557632446,1.3345789909362793,0
1789726200000,1.3347035646438599,1.3348461389541626,1.3347035646438599,1.3348461389541626,0
1789726500000,1.335006594657898,1.335006594657898,1.3344898223876953,1.3345611095428467,0
1789726800000,1.3344898223876953,1.3346501588821411,1.334329605102539,1.3346501588821411,0
1789727100000,1.3347214460372925,1.335006594657898,1.3347214460372925,1.335006594657898,0
1789727400000,1.334917426109314,1.335024356842041,1.334917426109314,1.334935188293457,0
1789727700000,1.334935188293457,1.3351670503616333,1.334935188293457,1.3351491689682007,0
1789728000000,1.335309624671936,1.3356127738952637,1.335309624671936,1.3356127738952637,0
1789728300000,1.3356306552886963,1.3358268737792969,1.3356306552886963,1.3357912302017212,0
1789728600000,1.336112380027771,1.3363267183303833,1.336112380027771,1.3363267183303833,0
1789728900000,1.3363088369369507,1.3364516496658325,1.336094617843628,1.336094617843628,0
1789729200000,1.3358982801437378,1.3362195491790771,1.3357375860214233,1.3357375860214233,0
1789729500000,1.3358447551727295,1.336112380027771,1.3358447551727295,1.3360588550567627,0
1789729800000,1.33604097366333,1.3365768194198608,1.335951805114746,1.3365768194198608,0
1789730100000,1.3365052938461304,1.3368269205093384,1.3364875316619873,1.3368269205093384,0
1789730400000,1.3367911577224731,1.3371307849884033,1.3367375135421753,1.3371307849884033,0
1789730700000,1.3374168872833252,1.3375064134597778,1.3372023105621338,1.3375064134597778,0
1789731000000,1.3376315832138062,1.3376315832138062,1.3372201919555664,1.3372201919555664,0
1789731300000,1.3375064134597778,1.337667465209961,1.3370771408081055,1.3370771408081055,0
1789731600000,1.3370771408081055,1.3371307849884033,1.336916208267212,1.3370234966278076,0
1789731900000,1.3368983268737793,1.3372738361358643,1.3368983268737793,1.3372738361358643,0
1789732200000,1.337095022201538,1.337148666381836,1.336916208267212,1.336916208267212,0
1789732500000,1.3370592594146729,1.337095022201538,1.3368805646896362,1.337095022201538,0
1789732800000,1.3371307849884033,1.3372201919555664,1.3369877338409424,1.3369877338409424,0
1789733100000,1.3371844291687012,1.3374168872833252,1.3371844291687012,1.3374168872833252,0
1789733400000,1.3373990058898926,1.3376137018203735,1.3373990058898926,1.3376137018203735,0
1789733700000,1.3376494646072388,1.3379895687103271,1.3376494646072388,1.337828516960144,0
1789734000000,1.3378105163574219,1.3378105163574219,1.3376137018203735,1.337667465209961,0
1789734300000,1.337882161140442,1.3379536867141724,1.3377031087875366,1.3379536867141724,0
1789734600000,1.3378641605377197,1.338311791419983,1.3378641605377197,1.3380969762802124,0
1789734900000,1.338114857673645,1.338186502456665,1.338114857673645,1.338186502456665,0
1789735200000,1.3384193181991577,1.3384552001953125,1.3383835554122925,1.3383835554122925,0
1789735500000,1.3384371995925903,1.3384552001953125,1.338401436805725,1.3384371995925903,0
1789735800000,1.3383656740188599,1.3385984897613525,1.3383656740188599,1.3385984897613525,0
1789735858000,1.3383656740188599,1.3383656740188599,1.3383656740188599,1.3383656740188599,0
1789736100000,1.3385984897613525,1.3385984897613525,1.3385984897613525,1.3385984897613525,0
1789736219000,1.3385268449783325,1.3385268449783325,1.3385268449783325,1.3385268449783325,0
1789736400000,1.3384193181991577,1.3384193181991577,1.3384193181991577,1.3384193181991577,0
1789736519000,1.3384552001953125,1.3384552001953125,1.3384552001953125,1.3384552001953125,0
1789736700000,1.3385268449783325,1.3385268449783325,1.3385268449783325,1.3385268449783325,0
1789736819000,1.3385447263717651,1.3385447263717651,1.3385447263717651,1.3385447263717651,0
1789737000000,1.3392438888549805,1.3392438888549805,1.3392438888549805,1.3392438888549805,0
1789737119000,1.3391542434692383,1.3391542434692383,1.3391542434692383,1.3391542434692383,0
1789737300000,1.33931565284729,1.3393335342407227,1.33931565284729,1.3393335342407227,0
1789737479000,1.3393694162368774,1.3393694162368774,1.3393694162368774,1.3393694162368774,0
1789737600000,1.3393335342407227,1.3393335342407227,1.3392976522445679,1.3392976522445679,0
1789737779000,1.339441180229187,1.339441180229187,1.339441180229187,1.339441180229187,0
1789737900000,1.3393335342407227,1.3393335342407227,1.339261770248413,1.339261770248413,0
1789738079000,1.3393514156341553,1.3393514156341553,1.3393514156341553,1.3393514156341553,0
1789738200000,1.3392258882522583,1.3392438888549805,1.3392258882522583,1.3392438888549805,0
1789738379000,1.3391183614730835,1.3391183614730835,1.3391183614730835,1.3391183614730835,0
1789738500000,1.3392080068588257,1.3394231796264648,1.3392080068588257,1.339261770248413,0
1789738739000,1.3394231796264648,1.3394231796264648,1.3394231796264648,1.3394231796264648,0
1789738800000,1.3393694162368774,1.3394591808319092,1.33931565284729,1.3393514156341553,0
1789739100000,1.3392797708511353,1.3392797708511353,1.3390108346939087,1.3391003608703613,0
1789739400000,1.3390285968780518,1.3391362428665161,1.3390285968780518,1.3391362428665161,0
1789739700000,1.339064598083496,1.339064598083496,1.3389211893081665,1.3389211893081665,0
1789740000000,1.3390108346939087,1.3391362428665161,1.3388851881027222,1.3390824794769287,0
1789740300000,1.339064598083496,1.3392258882522583,1.339064598083496,1.3390824794769287,0
1789740600000,1.3390824794769287,1.3391183614730835,1.339046597480774,1.339046597480774,0
1789740780000,1.3390824794769287,1.3390824794769287,1.3390824794769287,1.3390824794769287,0
1789740900000,1.3391003608703613,1.3391183614730835,1.3391003608703613,1.3391003608703613,0
1789741080000,1.3389748334884644,1.3389748334884644,1.3389748334884644,1.3389748334884644,0
1789741200000,1.3389031887054443,1.339064598083496,1.3389031887054443,1.339064598083496,0
1789741440000,1.3390108346939087,1.3390108346939087,1.3390108346939087,1.3390108346939087,0
1789741500000,1.3390285968780518,1.339064598083496,1.3390108346939087,1.3390108346939087,0
1789741740000,1.3390285968780518,1.3390285968780518,1.3390285968780518,1.3390285968780518,0
1789741800000,1.339046597480774,1.3391003608703613,1.3389748334884644,1.3391003608703613,0
1789742040000,1.3390824794769287,1.3390824794769287,1.3390824794769287,1.3390824794769287,0
1789742100000,1.3391183614730835,1.3391362428665161,1.3391183614730835,1.3391362428665161,0
1789742340000,1.3390108346939087,1.3390108346939087,1.3390108346939087,1.3390108346939087,0
1789742400000,1.3389928340911865,1.3389928340911865,1.33879554271698,1.33879554271698,0
1789742696000,1.3388135433197021,1.3388135433197021,1.3388135433197021,1.3388135433197021,0
1789742700000,1.338849425315857,1.3391900062561035,1.338849425315857,1.3391900062561035,0
1789742996000,1.3392080068588257,1.3392080068588257,1.3392080068588257,1.3392080068588257,0
1789743000000,1.3392976522445679,1.3392976522445679,1.3391900062561035,1.3392797708511353,0
1789743296000,1.3392080068588257,1.3392080068588257,1.3392080068588257,1.3392080068588257,0
1789743300000,1.3392080068588257,1.3392438888549805,1.339046597480774,1.339046597480774,0
1789743600000,1.3392438888549805,1.3392438888549805,1.339064598083496,1.3391183614730835,0
1789743656000,1.3392438888549805,1.3392438888549805,1.3392438888549805,1.3392438888549805,0
1789743900000,1.3391900062561035,1.339441180229187,1.3391900062561035,1.339441180229187,0
1789744200000,1.3393874168395996,1.3395488262176514,1.3393874168395996,1.3395488262176514,0
1789744500000,1.3396027088165283,1.339638590812683,1.3394591808319092,1.3395129442214966,0
1789744800000,1.3396564722061157,1.3397642374038696,1.3396564722061157,1.339674472808838,0
1789745100000,1.3395847082138062,1.339620590209961,1.3394591808319092,1.339566707611084,0
1789745400000,1.3395309448242188,1.339638590812683,1.3395309448242188,1.339620590209961,0
1789745700000,1.3395129442214966,1.3395488262176514,1.3395129442214966,1.3395488262176514,0
1789746000000,1.3394949436187744,1.3395847082138062,1.3394949436187744,1.3395129442214966,0
1789746300000,1.3395129442214966,1.3396027088165283,1.3395129442214966,1.3395309448242188,0
1789746600000,1.339620590209961,1.339620590209961,1.3394231796264648,1.3394231796264648,0
1789746900000,1.3394591808319092,1.3396027088165283,1.3394591808319092,1.3394770622253418,0
1789747200000,1.3395129442214966,1.3396027088165283,1.3394770622253418,1.3396027088165283,0
1789747500000,1.3396564722061157,1.3396564722061157,1.339620590209961,1.339638590812683,0
1789747800000,1.339638590812683,1.3396564722061157,1.3396027088165283,1.339620590209961,0
1789748100000,1.339620590209961,1.339818000793457,1.339620590209961,1.3398001194000244,0
1789748400000,1.3398001194000244,1.3398360013961792,1.3397282361984253,1.3397282361984253,0
1789748700000,1.3398001194000244,1.3398540019989014,1.3397462368011475,1.3397642374038696,0
1789749000000,1.3398001194000244,1.3398001194000244,1.339638590812683,1.3396564722061157,0
1789749300000,1.339674472808838,1.339674472808838,1.3394770622253418,1.3394770622253418,0
1789749600000,1.3395309448242188,1.3395847082138062,1.3394949436187744,1.3395847082138062,0
1789749900000,1.339620590209961,1.339620590209961,1.3394770622253418,1.3394770622253418,0
1789750200000,1.3394949436187744,1.3394949436187744,1.3394052982330322,1.3394231796264648,0
1789750500000,1.3395309448242188,1.3395309448242188,1.339441180229187,1.3395129442214966,0
1789750738000,1.3393694162368774,1.3393694162368774,1.3393694162368774,1.3393694162368774,0
1789750800000,1.3393514156341553,1.3393514156341553,1.3393514156341553,1.3393514156341553,0
1789751038000,1.3393514156341553,1.3393514156341553,1.3393514156341553,1.3393514156341553,0
1789751100000,1.3393514156341553,1.3393514156341553,1.3393514156341553,1.3393514156341553,0
1789751339000,1.3393514156341553,1.3393514156341553,1.3393514156341553,1.3393514156341553,0
1789751400000,1.3393514156341553,1.3393514156341553,1.3393514156341553,1.3393514156341553,0
1789751639000,1.3393514156341553,1.3393514156341553,1.3393514156341553,1.3393514156341553,0
1789751700000,1.3393514156341553,1.3393514156341553,1.3393514156341553,1.3393514156341553,0
1789751999000,1.3393514156341553,1.3393514156341553,1.3393514156341553,1.3393514156341553,0
1789752000000,1.3393514156341553,1.3393514156341553,1.3393514156341553,1.3393514156341553,0
1789752299000,1.3393514156341553,1.3393514156341553,1.3393514156341553,1.3393514156341553,0
1789752300000,1.3393514156341553,1.3393514156341553,1.3393514156341553,1.3393514156341553,0
1789752599000,1.3393514156341553,1.3393514156341553,1.3393514156341553,1.3393514156341553,0
1789930800000,1.3389748334884644,1.3389748334884644,1.3388673067092896,1.3388673067092896,0
1789931100000,1.3388851881027222,1.3388851881027222,1.3388315439224243,1.3388315439224243,0
1789931400000,1.338849425315857,1.3389211893081665,1.338849425315857,1.3389031887054443,0
1789931700000,1.3390285968780518,1.3390285968780518,1.3389211893081665,1.3389211893081665,0
1789932000000,1.3389928340911865,1.3390285968780518,1.3389748334884644,1.3390285968780518,0
1789932300000,1.3390285968780518,1.3391362428665161,1.3390108346939087,1.3391362428665161,0
1789932600000,1.3391362428665161,1.3391542434692383,1.339064598083496,1.339064598083496,0
1789932900000,1.339046597480774,1.3390824794769287,1.3390285968780518,1.3390285968780518,0
1789933200000,1.3390285968780518,1.339046597480774,1.3390285968780518,1.3390285968780518,0
1789933500000,1.3389748334884644,1.3390108346939087,1.3388851881027222,1.3390108346939087,0
1789933800000,1.3389928340911865,1.339046597480774,1.3388851881027222,1.3388851881027222,0
1789934100000,1.3389211893081665,1.3390285968780518,1.3389031887054443,1.3389031887054443,0
1789934400000,1.3390285968780518,1.3390285968780518,1.338849425315857,1.338849425315857,0
1789934700000,1.3389569520950317,1.3389569520950317,1.3389389514923096,1.3389569520950317,0
1789935000000,1.3389389514923096,1.3389748334884644,1.3389031887054443,1.3389748334884644,0
1789935300000,1.339046597480774,1.339046597480774,1.3389211893081665,1.3389211893081665,0
1789935600000,1.3389211893081665,1.3390108346939087,1.3388315439224243,1.3390108346939087,0
1789935900000,1.339046597480774,1.3391362428665161,1.3390285968780518,1.3391362428665161,0
1789936200000,1.3391183614730835,1.3391542434692383,1.3391183614730835,1.3391362428665161,0
1789936500000,1.3390824794769287,1.3391362428665161,1.3390285968780518,1.3391183614730835,0
1789936800000,1.339172124862671,1.3392438888549805,1.3391183614730835,1.3391183614730835,0
1789937100000,1.3391542434692383,1.3391900062561035,1.3390824794769287,1.3391003608703613,0
1789937400000,1.339046597480774,1.339172124862671,1.339046597480774,1.3391362428665161,0
1789937700000,1.3390285968780518,1.3390285968780518,1.338849425315857,1.3389389514923096,0
1789938000000,1.3388851881027222,1.339064598083496,1.3388851881027222,1.3389211893081665,0
1789938300000,1.3388851881027222,1.3391003608703613,1.3388851881027222,1.3391003608703613,0
1789938600000,1.339172124862671,1.3392258882522583,1.339172124862671,1.3392258882522583,0
1789938900000,1.3391003608703613,1.339172124862671,1.3391003608703613,1.339172124862671,0
1789939200000,1.3390824794769287,1.3392258882522583,1.3390824794769287,1.3391362428665161,0
1789939500000,1.3391900062561035,1.339261770248413,1.3391362428665161,1.3391900062561035,0
1789939800000,1.3391362428665161,1.3392258882522583,1.3391362428665161,1.339172124862671,0
1789940100000,1.339172124862671,1.339172124862671,1.339046597480774,1.339046597480774,0
1789940400000,1.3391362428665161,1.3392797708511353,1.3391362428665161,1.3392797708511353,0
1789940700000,1.3392797708511353,1.3392976522445679,1.339261770248413,1.3392797708511353,0
1789941000000,1.3392797708511353,1.3393335342407227,1.339261770248413,1.339261770248413,0
1789941300000,1.3392976522445679,1.3392976522445679,1.3389748334884644,1.3389748334884644,0
1789941600000,1.3389748334884644,1.3390108346939087,1.3389389514923096,1.3389748334884644,0
1789941900000,1.3389031887054443,1.3389211893081665,1.3387418985366821,1.338849425315857,0
1789942200000,1.3388315439224243,1.338849425315857,1.3387418985366821,1.3388135433197021,0
1789942500000,1.3387418985366821,1.3388315439224243,1.3387418985366821,1.3388135433197021,0
1789942800000,1.33879554271698,1.33879554271698,1.3386881351470947,1.3386881351470947,0
1789943100000,1.3386701345443726,1.33872389793396,1.3386701345443726,1.3386881351470947,0
1789943400000,1.3386701345443726,1.3386701345443726,1.3386342525482178,1.3386342525482178,0
1789943700000,1.3386164903640747,1.3386881351470947,1.3386164903640747,1.3386701345443726,0
1789944000000,1.3386342525482178,1.3386342525482178,1.3386164903640747,1.3386342525482178,0
1789944300000,1.3386164903640747,1.3386164903640747,1.3385089635849,1.3385089635849,0
1789944600000,1.3384909629821777,1.3385089635849,1.338401436805725,1.3384552001953125,0
1789944900000,1.3382940292358398,1.3383476734161377,1.3382760286331177,1.338329792022705,0
1789945200000,1.338329792022705,1.338329792022705,1.338258147239685,1.3382760286331177,0
1789945500000,1.338329792022705,1.338329792022705,1.3382043838500977,1.3382043838500977,0
1789945800000,1.338186502456665,1.338401436805725,1.338186502456665,1.338401436805725,0
1789946100000,1.3385447263717651,1.3387418985366821,1.3385447263717651,1.33872389793396,0
1789946400000,1.33872389793396,1.33872389793396,1.3384371995925903,1.3384371995925903,0
1789946700000,1.3384552001953125,1.3384552001953125,1.3382043838500977,1.3383835554122925,0
1789947000000,1.338240146636963,1.3383835554122925,1.338240146636963,1.3383476734161377,0
1789947300000,1.3384193181991577,1.3384552001953125,1.3383656740188599,1.3384552001953125,0
1789947600000,1.338401436805725,1.3384371995925903,1.3382940292358398,1.3382940292358398,0
1789947900000,1.3383476734161377,1.3384909629821777,1.3383476734161377,1.3383656740188599,0
1789948200000,1.3383476734161377,1.3383476734161377,1.3382940292358398,1.338311791419983,0
1789948500000,1.3382223844528198,1.338258147239685,1.3382223844528198,1.338240146636963,0
1789948800000,1.3382940292358398,1.3382940292358398,1.3382223844528198,1.3382223844528198,0
1789949100000,1.338240146636963,1.338240146636963,1.3381328582763672,1.338240146636963,0
1789949400000,1.338329792022705,1.338329792022705,1.338240146636963,1.338329792022705,0
1789949700000,1.3383476734161377,1.338401436805725,1.338329792022705,1.3383656740188599,0
1789950000000,1.338329792022705,1.3383656740188599,1.3382223844528198,1.3382223844528198,0
1789950300000,1.3382940292358398,1.3382940292358398,1.337828516960144,1.337828516960144,0
1789950600000,1.337685227394104,1.3377031087875366,1.3374348878860474,1.3377031087875366,0
1789950900000,1.337846279144287,1.3378641605377197,1.3377747535705566,1.337828516960144,0
1789951200000,1.3379000425338745,1.3380074501037598,1.337882161140442,1.3379895687103271,0
1789951500000,1.3379000425338745,1.3379358053207397,1.337882161140442,1.3379358053207397,0
1789951800000,1.3379179239273071,1.3379179239273071,1.337882161140442,1.337882161140442,0
1789952100000,1.3379358053207397,1.3379716873168945,1.337846279144287,1.337846279144287,0
1789952400000,1.3378105163574219,1.337846279144287,1.3378105163574219,1.3378105163574219,0
1789952700000,1.3377926349639893,1.3379000425338745,1.3377926349639893,1.337846279144287,0
1789953000000,1.337846279144287,1.3379179239273071,1.337846279144287,1.337882161140442,0
1789953300000,1.3379179239273071,1.3379179239273071,1.337846279144287,1.3379179239273071,0
1789953600000,1.3378641605377197,1.3378641605377197,1.3378105163574219,1.3378105163574219,0
1789953900000,1.3378105163574219,1.337828516960144,1.3377211093902588,1.3377211093902588,0
1789954200000,1.337685227394104,1.3378105163574219,1.337685227394104,1.3377389907836914,0
1789954500000,1.3377031087875366,1.3377031087875366,1.3376137018203735,1.337685227394104,0
1789954800000,1.3377389907836914,1.3377389907836914,1.3376315832138062,1.3376315832138062,0
1789955100000,1.3376494646072388,1.3376494646072388,1.337595820426941,1.3376137018203735,0
1789955400000,1.337667465209961,1.3377211093902588,1.3376137018203735,1.3377211093902588,0
1789955700000,1.337685227394104,1.3377031087875366,1.3376137018203735,1.3376137018203735,0
1789956000000,1.3376494646072388,1.3376494646072388,1.33738112449646,1.33738112449646,0
1789956300000,1.337363362312317,1.3374168872833252,1.337363362312317,1.33738112449646,0
1789956600000,1.3374168872833252,1.3375064134597778,1.33738112449646,1.3375064134597778,0
1789956900000,1.3374885320663452,1.3375064134597778,1.3374168872833252,1.3375064134597778,0
1789957200000,1.3374526500701904,1.3377211093902588,1.3374526500701904,1.3377211093902588,0
1789957500000,1.3377389907836914,1.3379179239273071,1.3377211093902588,1.3379179239273071,0
1789957800000,1.3379179239273071,1.3379179239273071,1.3378105163574219,1.3378105163574219,0
1789958100000,1.3378641605377197,1.3378641605377197,1.3378105163574219,1.337828516960144,0
1789958400000,1.337828516960144,1.3380253314971924,1.337828516960144,1.3379536867141724,0
1789958700000,1.3380253314971924,1.338329792022705,1.3380253314971924,1.338258147239685,0
1789959000000,1.3382940292358398,1.3383476734161377,1.3381685018539429,1.338186502456665,0
1789959300000,1.3380969762802124,1.3381328582763672,1.3377389907836914,1.3377747535705566,0
1789959600000,1.3377211093902588,1.3377211093902588,1.3371844291687012,1.3371844291687012,0
1789959900000,1.337238073348999,1.3372559547424316,1.3371844291687012,1.3372201919555664,0
1789960200000,1.3371307849884033,1.3371307849884033,1.3369520902633667,1.3371129035949707,0
1789960500000,1.337238073348999,1.337524175643921,1.337238073348999,1.337524175643921,0
1789960800000,1.337524175643921,1.337828516960144,1.337524175643921,1.337828516960144,0
1789961100000,1.3377747535705566,1.3379358053207397,1.3377211093902588,1.3379179239273071,0
1789961400000,1.3379179239273071,1.3380253314971924,1.3379179239273071,1.3380253314971924,0
1789961700000,1.3380074501037598,1.3380074501037598,1.3376494646072388,1.3377031087875366,0
1789962000000,1.3378105163574219,1.3378641605377197,1.3377926349639893,1.337828516960144,0
1789962300000,1.3379179239273071,1.338240146636963,1.3379179239273071,1.338240146636963,0
1789962600000,1.3381506204605103,1.3382043838500977,1.338114857673645,1.3381328582763672,0
1789962900000,1.3380969762802124,1.3382223844528198,1.3380612134933472,1.3380612134933472,0
1789963200000,1.338114857673645,1.338114857673645,1.3380612134933472,1.338114857673645,0
1789963500000,1.338186502456665,1.3382760286331177,1.3380969762802124,1.3382760286331177,0
1789963800000,1.3384552001953125,1.33865225315094,1.3384552001953125,1.3386164903640747,0
1789964100000,1.3384730815887451,1.3385447263717651,1.3384371995925903,1.3384371995925903,0
1789964400000,1.3384371995925903,1.3385447263717651,1.3384371995925903,1.3384909629821777,0
1789964700000,1.3384552001953125,1.33858060836792,1.3384552001953125,1.3385447263717651,0
1789965000000,1.3385268449783325,1.3387597799301147,1.3385268449783325,1.3387597799301147,0
1789965300000,1.3388315439224243,1.3388315439224243,1.3384730815887451,1.3386164903640747,0
1789965600000,1.3386164903640747,1.3387418985366821,1.3386164903640747,1.3387060165405273,0
1789965900000,1.33865225315094,1.3388851881027222,1.33865225315094,1.338849425315857,0
1789966200000,1.3388135433197021,1.3388135433197021,1.3387060165405273,1.3387060165405273,0
1789966500000,1.3384730815887451,1.3384730815887451,1.338258147239685,1.338311791419983,0
1789966800000,1.3383476734161377,1.338401436805725,1.3382760286331177,1.3382940292358398,0
1789967100000,1.3382940292358398,1.3386164903640747,1.3382940292358398,1.3386164903640747,0
1789967400000,1.3385626077651978,1.3385626077651978,1.3385089635849,1.3385268449783325,0
1789967700000,1.3387418985366821,1.3387418985366821,1.3385984897613525,1.3386164903640747,0
1789968000000,1.3386164903640747,1.3386164903640747,1.3385268449783325,1.3386164903640747,0
1789968300000,1.3385089635849,1.3385089635849,1.3383835554122925,1.338401436805725,0
1789968600000,1.3383656740188599,1.3384193181991577,1.338311791419983,1.338311791419983,0
1789968900000,1.338258147239685,1.3385268449783325,1.338258147239685,1.3385268449783325,0
1789969200000,1.3385984897613525,1.3386164903640747,1.3385447263717651,1.3385447263717651,0
1789969500000,1.3383835554122925,1.3383835554122925,1.3380969762802124,1.3381328582763672,0
1789969800000,1.338114857673645,1.338329792022705,1.338114857673645,1.338329792022705,0
1789970100000,1.3384371995925903,1.3384371995925903,1.338186502456665,1.338329792022705,0
1789970400000,1.3384193181991577,1.3385447263717651,1.338329792022705,1.3384552001953125,0
1789970700000,1.3384371995925903,1.3384371995925903,1.338401436805725,1.338401436805725,0
1789971000000,1.3385089635849,1.3385626077651978,1.3384193181991577,1.3385626077651978,0
1789971300000,1.3384371995925903,1.3385089635849,1.3383835554122925,1.3384371995925903,0
1789971600000,1.338401436805725,1.3384193181991577,1.338401436805725,1.338401436805725,0
1789971900000,1.3384552001953125,1.3384909629821777,1.338401436805725,1.3384909629821777,0
1789972200000,1.3383476734161377,1.3383476734161377,1.3380789756774902,1.3380789756774902,0
1789972500000,1.338240146636963,1.3384193181991577,1.3382223844528198,1.3384193181991577,0
1789972800000,1.3384193181991577,1.3385089635849,1.3384193181991577,1.3384552001953125,0
1789973100000,1.3384730815887451,1.3384730815887451,1.3382940292358398,1.3382940292358398,0
1789973400000,1.338186502456665,1.338311791419983,1.338114857673645,1.3382223844528198,0
1789973700000,1.3382223844528198,1.338329792022705,1.3380612134933472,1.3380612134933472,0
1789974000000,1.3382043838500977,1.3382940292358398,1.3382043838500977,1.338240146636963,0
1789974300000,1.338329792022705,1.3384730815887451,1.338311791419983,1.3384730815887451,0
1789974600000,1.3384909629821777,1.3385268449783325,1.3383835554122925,1.338401436805725,0
1789974900000,1.3385626077651978,1.3387418985366821,1.3385626077651978,1.33872389793396,0
1789975200000,1.33872389793396,1.3387597799301147,1.3387060165405273,1.3387597799301147,0
1789975500000,1.33879554271698,1.3389748334884644,1.33879554271698,1.3389389514923096,0
1789975800000,1.3389748334884644,1.3389748334884644,1.3388673067092896,1.3389031887054443,0
1789976100000,1.3389928340911865,1.3391183614730835,1.3389928340911865,1.3390824794769287,0
1789976400000,1.3390108346939087,1.3395309448242188,1.3390108346939087,1.3395309448242188,0
1789976700000,1.339566707611084,1.339566707611084,1.3394052982330322,1.3395129442214966,0
1789977000000,1.339620590209961,1.339620590209961,1.3394770622253418,1.3394770622253418,0
1789977300000,1.3395847082138062,1.3397642374038696,1.3394231796264648,1.3394231796264648,0
1789977600000,1.3395129442214966,1.3398720026016235,1.3395129442214966,1.3398720026016235,0
1789977900000,1.3399616479873657,1.3400155305862427,1.339638590812683,1.3396564722061157,0
1789978200000,1.3395129442214966,1.3395129442214966,1.3394052982330322,1.3394052982330322,0
1789978500000,1.3394591808319092,1.33969247341156,1.3394591808319092,1.33969247341156,0
1789978800000,1.3395847082138062,1.3397642374038696,1.3395847082138062,1.3396027088165283,0
1789978809000,1.3395847082138062,1.3395847082138062,1.3395847082138062,1.3395847082138062,0
1789979100000,1.3396027088165283,1.3396027088165283,1.3392976522445679,1.3392976522445679,0
1789979109000,1.3396027088165283,1.3396027088165283,1.3396027088165283,1.3396027088165283,0
1789979400000,1.3393874168395996,1.3393874168395996,1.3393874168395996,1.3393874168395996,0
1789979469000,1.3393874168395996,1.3393874168395996,1.3393874168395996,1.3393874168395996,0
1789979700000,1.3392797708511353,1.3392797708511353,1.3392797708511353,1.3392797708511353,0
1789979769000,1.3394052982330322,1.3394052982330322,1.3394052982330322,1.3394052982330322,0
1789980000000,1.3390824794769287,1.3390824794769287,1.3390824794769287,1.3390824794769287,0
1789980069000,1.3391183614730835,1.3391183614730835,1.3391183614730835,1.3391183614730835,0
1789980300000,1.339261770248413,1.339261770248413,1.339261770248413,1.339261770248413,0
1789980370000,1.3391900062561035,1.3391900062561035,1.3391900062561035,1.3391900062561035,0
1789980600000,1.339064598083496,1.3391900062561035,1.339064598083496,1.3391900062561035,0
1789980730000,1.3392258882522583,1.3392258882522583,1.3392258882522583,1.3392258882522583,0
1789980900000,1.3390824794769287,1.3392080068588257,1.3390824794769287,1.3392080068588257,0
1789981030000,1.3391183614730835,1.3391183614730835,1.3391183614730835,1.3391183614730835,0
1789981200000,1.3392258882522583,1.3392258882522583,1.3392080068588257,1.3392080068588257,0
1789981330000,1.3391362428665161,1.3391362428665161,1.3391362428665161,1.3391362428665161,0
1789981500000,1.3391362428665161,1.3391900062561035,1.3391362428665161,1.3391900062561035,0
1789981630000,1.339172124862671,1.339172124862671,1.339172124862671,1.339172124862671,0
1789981800000,1.3392438888549805,1.3392438888549805,1.3391542434692383,1.3391542434692383,0
1789982100000,1.3392438888549805,1.3394591808319092,1.3392438888549805,1.3394591808319092,0
1789982400000,1.339261770248413,1.3392976522445679,1.339261770248413,1.3392976522445679,0
1789982700000,1.3392080068588257,1.3394052982330322,1.339172124862671,1.3394052982330322,0
1789983000000,1.339261770248413,1.339261770248413,1.3389389514923096,1.3389389514923096,0
1789983251000,1.3391362428665161,1.3391362428665161,1.3391362428665161,1.3391362428665161,0
1789983300000,1.339046597480774,1.339046597480774,1.3388135433197021,1.3388135433197021,0
1789983600000,1.3386881351470947,1.3390108346939087,1.3386881351470947,1.33872389793396,0
1789983611000,1.3386881351470947,1.3386881351470947,1.3386881351470947,1.3386881351470947,0
1789983900000,1.3385447263717651,1.3385447263717651,1.3380789756774902,1.3380789756774902,0
1789983906000,1.3385447263717651,1.3385447263717651,1.3385447263717651,1.3385447263717651,0
1789984200000,1.3382223844528198,1.3384909629821777,1.3382223844528198,1.3382940292358398,0
1789984206000,1.3382223844528198,1.3382223844528198,1.3382223844528198,1.3382223844528198,0
1789984500000,1.3381328582763672,1.3381328582763672,1.3381328582763672,1.3381328582763672,0
1789984566000,1.3380969762802124,1.3380969762802124,1.3380969762802124,1.3380969762802124,0
1789984800000,1.3380253314971924,1.3380253314971924,1.3380253314971924,1.3380253314971924,0
1789984866000,1.3378105163574219,1.3378105163574219,1.3378105163574219,1.3378105163574219,0
1789985100000,1.3372023105621338,1.3372023105621338,1.3372023105621338,1.3372023105621338,0
1789985166000,1.3370234966278076,1.3370234966278076,1.3370234966278076,1.3370234966278076,0
1789985400000,1.3371844291687012,1.3371844291687012,1.3371844291687012,1.3371844291687012,0
1789985466000,1.3371844291687012,1.3371844291687012,1.3371844291687012,1.3371844291687012,0
1789985700000,1.3374168872833252,1.3375600576400757,1.3374168872833252,1.3375600576400757,0
1789985827000,1.337524175643921,1.337524175643921,1.337524175643921,1.337524175643921,0
1789986000000,1.337148666381836,1.3372201919555664,1.337148666381836,1.3372201919555664,0
1789986127000,1.3372559547424316,1.3372559547424316,1.3372559547424316,1.3372559547424316,0
1789986300000,1.3373453617095947,1.337667465209961,1.3373453617095947,1.337667465209961,0
1789986600000,1.337828516960144,1.337828516960144,1.3376137018203735,1.3377389907836914,0
1789986900000,1.337667465209961,1.3377567529678345,1.3376315832138062,1.3376315832138062,0
1789987200000,1.3377031087875366,1.337828516960144,1.3376315832138062,1.3376315832138062,0
1789987500000,1.337524175643921,1.3376494646072388,1.3373095989227295,1.3373095989227295,0
1789987800000,1.3372201919555664,1.337595820426941,1.3372201919555664,1.337595820426941,0
1789988100000,1.3376315832138062,1.3376315832138062,1.3373990058898926,1.3373990058898926,0
1789988400000,1.3373990058898926,1.337524175643921,1.3373095989227295,1.3373095989227295,0
1789988700000,1.3373095989227295,1.3374885320663452,1.3372738361358643,1.3372738361358643,0
1789989000000,1.33738112449646,1.3374168872833252,1.3372201919555664,1.3374168872833252,0
1789989300000,1.3373990058898926,1.3373990058898926,1.337327480316162,1.33738112449646,0
1789989600000,1.3373095989227295,1.3373095989227295,1.337148666381836,1.337148666381836,0
1789989900000,1.3372201919555664,1.337327480316162,1.3372201919555664,1.3372738361358643,0
1789990200000,1.3372559547424316,1.3372559547424316,1.3371665477752686,1.3371665477752686,0
1789990328000,1.3371844291687012,1.3371844291687012,1.3371844291687012,1.3371844291687012,0
1789990500000,1.3372201919555664,1.3372201919555664,1.3371129035949707,1.3371129035949707,0
1789990628000,1.3369877338409424,1.3369877338409424,1.3369877338409424,1.3369877338409424,0
1789990800000,1.3369699716567993,1.3369699716567993,1.3367911577224731,1.3367911577224731,0
1789990928000,1.3369520902633667,1.3369520902633667,1.3369520902633667,1.3369520902633667,0
1789991100000,1.3369877338409424,1.3370592594146729,1.3369877338409424,1.3370592594146729,0
1789991228000,1.3371307849884033,1.3371307849884033,1.3371307849884033,1.3371307849884033,0
1789991400000,1.3370234966278076,1.3371129035949707,1.336916208267212,1.336916208267212,0
1789991588000,1.336916208267212,1.336916208267212,1.336916208267212,1.336916208267212,0
1789991700000,1.3370234966278076,1.3370234966278076,1.3369699716567993,1.3369699716567993,0
1789991889000,1.3370234966278076,1.3370234966278076,1.3370234966278076,1.3370234966278076,0
1789992000000,1.337095022201538,1.337095022201538,1.3368805646896362,1.3368805646896362,0
1789992189000,1.3369877338409424,1.3369877338409424,1.3369877338409424,1.3369877338409424,0
1789992300000,1.3371844291687012,1.3371844291687012,1.337095022201538,1.3371844291687012,0
1789992489000,1.3372023105621338,1.3372023105621338,1.3372023105621338,1.3372023105621338,0
1789992600000,1.3372559547424316,1.337327480316162,1.337238073348999,1.337238073348999,0
1789992849000,1.337095022201538,1.337095022201538,1.337095022201538,1.337095022201538,0
1789992900000,1.3372559547424316,1.3372738361358643,1.3372201919555664,1.3372559547424316,0
1789993149000,1.3372917175292969,1.3372917175292969,1.3372917175292969,1.3372917175292969,0
1789993200000,1.3374348878860474,1.337524175643921,1.3373990058898926,1.3373990058898926,0
1789993500000,1.3372738361358643,1.3373990058898926,1.3372738361358643,1.3372917175292969,0
1789993800000,1.3372023105621338,1.33738112449646,1.3371844291687012,1.33738112449646,0
1789994100000,1.337363362312317,1.3375064134597778,1.337363362312317,1.337470531463623,0
1789994400000,1.3372559547424316,1.3372559547424316,1.3371129035949707,1.3372201919555664,0
1789994700000,1.3372023105621338,1.3372201919555664,1.3372023105621338,1.3372201919555664,0
1789995000000,1.3372917175292969,1.3372917175292969,1.3370771408081055,1.337095022201538,0
1789995300000,1.3371129035949707,1.3371129035949707,1.3369699716567993,1.3369699716567993,0
1789995600000,1.3368269205093384,1.337005615234375,1.3368269205093384,1.336916208267212,0
1789995900000,1.337005615234375,1.3370771408081055,1.3369699716567993,1.3370771408081055,0
1789996200000,1.3371665477752686,1.3372738361358643,1.3371307849884033,1.3371844291687012,0
1789996500000,1.3371307849884033,1.3371307849884033,1.3369877338409424,1.337005615234375,0
1789996800000,1.3369699716567993,1.3371844291687012,1.3369699716567993,1.337148666381836,0
1789997100000,1.337148666381836,1.337327480316162,1.337148666381836,1.3373095989227295,0
1789997400000,1.3373453617095947,1.3373453617095947,1.337005615234375,1.337005615234375,0
1789997700000,1.3369877338409424,1.3370234966278076,1.3368983268737793,1.3368983268737793,0
1789998000000,1.3368626832962036,1.3370592594146729,1.3368626832962036,1.3369877338409424,0
1789998300000,1.3369877338409424,1.3369877338409424,1.3368269205093384,1.336916208267212,0
1789998600000,1.3368626832962036,1.337095022201538,1.3368626832962036,1.337095022201538,0
1789998900000,1.337005615234375,1.3371307849884033,1.337005615234375,1.3370592594146729,0
1789999200000,1.337005615234375,1.3370771408081055,1.3369877338409424,1.3369877338409424,0
1789999500000,1.3369877338409424,1.3371665477752686,1.3369877338409424,1.3371665477752686,0
1789999800000,1.3371129035949707,1.337238073348999,1.3370771408081055,1.337238073348999,0
1790000100000,1.3371665477752686,1.3372738361358643,1.3371665477752686,1.3372559547424316,0
1790000400000,1.3372559547424316,1.3373453617095947,1.3371844291687012,1.3371844291687012,0
1790000646000,1.3372201919555664,1.3372201919555664,1.3372201919555664,1.3372201919555664,0
1790000700000,1.3372559547424316,1.3372559547424316,1.337148666381836,1.3371665477752686,0
1790000946000,1.3371665477752686,1.3371665477752686,1.3371665477752686,1.3371665477752686,0
1790001000000,1.3371129035949707,1.3371129035949707,1.3369699716567993,1.3369699716567993,0
1790001300000,1.3368983268737793,1.3368983268737793,1.3365768194198608,1.3365768194198608,0
1790001306000,1.3368983268737793,1.3368983268737793,1.3368983268737793,1.3368983268737793,0
1790001600000,1.3365768194198608,1.3367197513580322,1.3365410566329956,1.3367197513580322,0
1790001606000,1.3365768194198608,1.3365768194198608,1.3365768194198608,1.3365768194198608,0
1790001900000,1.3367018699645996,1.3367018699645996,1.336594581604004,1.3367018699645996,0
1790001907000,1.3367018699645996,1.3367018699645996,1.3367018699645996,1.3367018699645996,0
1790002200000,1.3368090391159058,1.3368269205093384,1.3367197513580322,1.3368090391159058,0
1790002207000,1.3368090391159058,1.3368090391159058,1.3368090391159058,1.3368090391159058,0
1790002500000,1.3368269205093384,1.3368269205093384,1.3368269205093384,1.3368269205093384,0
1790002567000,1.3368983268737793,1.3368983268737793,1.3368983268737793,1.3368983268737793,0
1790002800000,1.3368805646896362,1.3368805646896362,1.3368805646896362,1.3368805646896362,0
1790002867000,1.3368983268737793,1.3368983268737793,1.3368983268737793,1.3368983268737793,0
1790003100000,1.3369340896606445,1.3369340896606445,1.3369340896606445,1.3369340896606445,0
1790003167000,1.3369699716567993,1.3369699716567993,1.3369699716567993,1.3369699716567993,0
1790003400000,1.3371665477752686,1.3371665477752686,1.3371665477752686,1.3371665477752686,0
1790003467000,1.337148666381836,1.337148666381836,1.337148666381836,1.337148666381836,0
1790003700000,1.3372023105621338,1.3372917175292969,1.3372023105621338,1.337238073348999,0
1790004000000,1.3372917175292969,1.337363362312317,1.3372917175292969,1.337363362312317,0
1790004300000,1.3373453617095947,1.33738112449646,1.3372738361358643,1.33738112449646,0
1790004600000,1.3373453617095947,1.3374168872833252,1.3373453617095947,1.3374168872833252,0
1790004900000,1.3373453617095947,1.3373990058898926,1.3372917175292969,1.3373990058898926,0
1790005200000,1.3374885320663452,1.3374885320663452,1.3372738361358643,1.3372917175292969,0
1790005500000,1.3372738361358643,1.3372738361358643,1.337238073348999,1.3372559547424316,0
1790005800000,1.3371844291687012,1.3372201919555664,1.3371129035949707,1.3371665477752686,0
1790006100000,1.3371844291687012,1.3371844291687012,1.3368805646896362,1.3368805646896362,0
1790006108000,1.3371844291687012,1.3371844291687012,1.3371844291687012,1.3371844291687012,0
1790006400000,1.3367911577224731,1.3367911577224731,1.3367018699645996,1.3367375135421753,0
1790006408000,1.3367911577224731,1.3367911577224731,1.3367911577224731,1.3367911577224731,0
1790006700000,1.3367732763290405,1.3367911577224731,1.336755394935608,1.3367911577224731,0
1790006708000,1.3367732763290405,1.3367732763290405,1.3367732763290405,1.3367732763290405,0
1790007000000,1.336755394935608,1.3367732763290405,1.336755394935608,1.3367732763290405,0
1790007008000,1.336755394935608,1.336755394935608,1.336755394935608,1.336755394935608,0
1790007300000,1.3367911577224731,1.3367911577224731,1.3367911577224731,1.3367911577224731,0
1790007368000,1.3367911577224731,1.3367911577224731,1.3367911577224731,1.3367911577224731,0
1790007600000,1.3367911577224731,1.3367911577224731,1.3367911577224731,1.3367911577224731,0
1790007668000,1.3368805646896362,1.3368805646896362,1.3368805646896362,1.3368805646896362,0
1790007900000,1.336844801902771,1.336844801902771,1.336844801902771,1.336844801902771,0
1790007968000,1.3368983268737793,1.3368983268737793,1.3368983268737793,1.3368983268737793,0
1790008200000,1.3370592594146729,1.3370592594146729,1.3370592594146729,1.3370592594146729,0
1790008269000,1.3369877338409424,1.3369877338409424,1.3369877338409424,1.3369877338409424,0
1790008500000,1.337095022201538,1.337095022201538,1.3370592594146729,1.3370592594146729,0
1790008629000,1.3370234966278076,1.3370234966278076,1.3370234966278076,1.3370234966278076,0
1790008800000,1.3369340896606445,1.3369520902633667,1.3369340896606445,1.3369520902633667,0
1790008929000,1.3369699716567993,1.3369699716567993,1.3369699716567993,1.3369699716567993,0
1790009100000,1.336844801902771,1.3368805646896362,1.336844801902771,1.3368805646896362,0
1790009400000,1.3368090391159058,1.3368090391159058,1.336755394935608,1.3368090391159058,0
1790009700000,1.3368626832962036,1.3369877338409424,1.3368626832962036,1.3369340896606445,0
1790010000000,1.3364875316619873,1.3374348878860474,1.3364696502685547,1.3364696502685547,0
1790010300000,1.3367732763290405,1.3368269205093384,1.3366124629974365,1.3366124629974365,0
1790010600000,1.3367197513580322,1.3367197513580322,1.3365768194198608,1.3366303443908691,0
1790010900000,1.3364875316619873,1.3370771408081055,1.3364875316619873,1.3366482257843018,0
1790011200000,1.3368269205093384,1.3368805646896362,1.3367018699645996,1.336755394935608,0
1790011500000,1.3366482257843018,1.3369699716567993,1.3366482257843018,1.3368269205093384,0
1790011800000,1.3368805646896362,1.3370771408081055,1.3368626832962036,1.3368626832962036,0
1790012100000,1.336916208267212,1.3370413780212402,1.336755394935608,1.3370413780212402,0
1790012400000,1.3366659879684448,1.3366659879684448,1.3365768194198608,1.3365768194198608,0
1790012700000,1.3371307849884033,1.3373095989227295,1.3371307849884033,1.337238073348999,0
1790013000000,1.33738112449646,1.3374348878860474,1.3372201919555664,1.3372738361358643,0
1790013300000,1.337238073348999,1.3373095989227295,1.3370234966278076,1.3370234966278076,0
1790013600000,1.336844801902771,1.3368626832962036,1.3368090391159058,1.3368626832962036,0
1790013900000,1.3368805646896362,1.3368983268737793,1.3367911577224731,1.3368626832962036,0
1790014200000,1.3368626832962036,1.337005615234375,1.3368626832962036,1.3369520902633667,0
1790014500000,1.3369520902633667,1.3369877338409424,1.3369520902633667,1.3369877338409424,0
1790014800000,1.3369520902633667,1.3370234966278076,1.3369520902633667,1.3370234966278076,0
1790015100000,1.337005615234375,1.337005615234375,1.3369340896606445,1.337005615234375,0
1790015400000,1.3369877338409424,1.3370234966278076,1.3369520902633667,1.3370234966278076,0
1790015700000,1.3369877338409424,1.3369877338409424,1.3369699716567993,1.3369877338409424,0
1790016000000,1.337005615234375,1.337005615234375,1.3369699716567993,1.3369699716567993,0
1790016300000,1.3369877338409424,1.3370413780212402,1.3369699716567993,1.3369699716567993,0
1790016600000,1.3370592594146729,1.3371129035949707,1.3370592594146729,1.337095022201538,0
1790016900000,1.337095022201538,1.3371129035949707,1.337095022201538,1.337095022201538,0
1790017200000,1.3370771408081055,1.337095022201538,1.3370413780212402,1.337095022201538,0
1790017500000,1.3370592594146729,1.3370771408081055,1.3370234966278076,1.3370234966278076,0
1790017506000,1.3370592594146729,1.3370592594146729,1.3370592594146729,1.3370592594146729,0
1790017800000,1.3370234966278076,1.3371307849884033,1.3370234966278076,1.3370413780212402,0
1790017806000,1.3370234966278076,1.3370234966278076,1.3370234966278076,1.3370234966278076,0
1790018100000,1.3369340896606445,1.3370771408081055,1.3369340896606445,1.3370413780212402,0
1790018107000,1.3369340896606445,1.3369340896606445,1.3369340896606445,1.3369340896606445,0
1790018400000,1.3370771408081055,1.3370771408081055,1.3370771408081055,1.3370771408081055,0
1790018467000,1.3370771408081055,1.3370771408081055,1.3370771408081055,1.3370771408081055,0
1790018700000,1.337095022201538,1.337095022201538,1.337095022201538,1.337095022201538,0
1790018767000,1.337005615234375,1.337005615234375,1.337005615234375,1.337005615234375,0
1790019000000,1.3369699716567993,1.3369699716567993,1.3369699716567993,1.3369699716567993,0
1790019067000,1.3369520902633667,1.3369520902633667,1.3369520902633667,1.3369520902633667,0
1790019300000,1.3369699716567993,1.3369699716567993,1.3369699716567993,1.3369699716567993,0
1790019367000,1.3369699716567993,1.3369699716567993,1.3369699716567993,1.3369699716567993,0
1790019600000,1.336916208267212,1.336916208267212,1.336916208267212,1.336916208267212,0
1790019727000,1.3369340896606445,1.3369340896606445,1.3369340896606445,1.3369340896606445,0
1790019900000,1.3370771408081055,1.3370771408081055,1.3370771408081055,1.3370771408081055,0
1790020027000,1.3370592594146729,1.3370592594146729,1.3370592594146729,1.3370592594146729,0
1790020200000,1.337005615234375,1.3370234966278076,1.337005615234375,1.3370234966278076,0
1790020327000,1.337005615234375,1.337005615234375,1.337005615234375,1.337005615234375,0
1790020500000,1.3369699716567993,1.337005615234375,1.336844801902771,1.336844801902771,0
1790020800000,1.3368983268737793,1.3372023105621338,1.3368983268737793,1.3372023105621338,0
1790021100000,1.3373095989227295,1.337363362312317,1.3373095989227295,1.3373453617095947,0
1790021400000,1.3373990058898926,1.3374168872833252,1.337363362312317,1.3374168872833252,0
1790021700000,1.3372917175292969,1.3373095989227295,1.3372201919555664,1.3372201919555664,0
1790022000000,1.3372917175292969,1.3373990058898926,1.3372917175292969,1.3373990058898926,0
1790022300000,1.3373990058898926,1.3373990058898926,1.3372917175292969,1.3373095989227295,0
1790022600000,1.3373095989227295,1.337470531463623,1.3372201919555664,1.337470531463623,0
1790022900000,1.3374526500701904,1.3374526500701904,1.33738112449646,1.3374168872833252,0
1790023200000,1.3374526500701904,1.3374885320663452,1.3374526500701904,1.3374526500701904,0
1790023500000,1.3374885320663452,1.3375600576400757,1.33738112449646,1.3375600576400757,0
1790023800000,1.3375779390335083,1.3375779390335083,1.3375064134597778,1.3375779390335083,0
1790024100000,1.3376137018203735,1.3376137018203735,1.3374168872833252,1.3374168872833252,0
1790024400000,1.3375420570373535,1.3375420570373535,1.3372917175292969,1.3372917175292969,0
1790024700000,1.3373990058898926,1.3373990058898926,1.3372559547424316,1.3372559547424316,0
1790025000000,1.3372023105621338,1.3372023105621338,1.3369699716567993,1.337005615234375,0
1790025300000,1.3369699716567993,1.337005615234375,1.3369699716567993,1.3369877338409424,0
1790025600000,1.3369699716567993,1.3369699716567993,1.336844801902771,1.3369699716567993,0
1790025900000,1.3369520902633667,1.3370771408081055,1.3369340896606445,1.3370771408081055,0
1790026200000,1.3369877338409424,1.3370413780212402,1.3369520902633667,1.3369520902633667,0
1790026500000,1.3369520902633667,1.3370771408081055,1.3369520902633667,1.3370234966278076,0
1790026800000,1.3369520902633667,1.3369877338409424,1.3367375135421753,1.3367375135421753,0
1790027100000,1.3363088369369507,1.3364516496658325,1.3363088369369507,1.3364337682724,0
1790027400000,1.3364516496658325,1.3364696502685547,1.336362361907959,1.3364337682724,0
1790027700000,1.3364875316619873,1.3365410566329956,1.3364516496658325,1.3365410566329956,0
1790028000000,1.3364696502685547,1.3366659879684448,1.3364696502685547,1.3366659879684448,0
1790028300000,1.3367018699645996,1.3367375135421753,1.3366124629974365,1.3366482257843018,0
1790028600000,1.3367911577224731,1.3368626832962036,1.3367732763290405,1.3368626832962036,0
1790028900000,1.3368626832962036,1.3368626832962036,1.336755394935608,1.3367732763290405,0
1790029200000,1.3368805646896362,1.337095022201538,1.3368805646896362,1.337095022201538,0
1790029500000,1.3372738361358643,1.3374348878860474,1.3372201919555664,1.3374348878860474,0
1790029800000,1.337363362312317,1.3374168872833252,1.3372738361358643,1.337363362312317,0
1790030100000,1.3374885320663452,1.3374885320663452,1.3372917175292969,1.337363362312317,0
1790030400000,1.3373453617095947,1.3375779390335083,1.3373453617095947,1.3375600576400757,0
1790030700000,1.3375779390335083,1.3375779390335083,1.3374168872833252,1.3374348878860474,0
1790031000000,1.3374885320663452,1.3374885320663452,1.33738112449646,1.33738112449646,0
1790031300000,1.337470531463623,1.3374885320663452,1.3373990058898926,1.3374885320663452,0
1790031600000,1.3375064134597778,1.3376137018203735,1.3374526500701904,1.3376137018203735,0
1790031900000,1.337524175643921,1.337524175643921,1.3374348878860474,1.3374348878860474,0
1790032200000,1.3373990058898926,1.3376137018203735,1.3373990058898926,1.3376137018203735,0
1790032500000,1.3376494646072388,1.3377031087875366,1.3376137018203735,1.3376137018203735,0
1790032800000,1.337595820426941,1.3377926349639893,1.337595820426941,1.3377926349639893,0
1790033100000,1.3377031087875366,1.3380612134933472,1.3377031087875366,1.3380612134933472,0
1790033400000,1.3379716873168945,1.3382760286331177,1.3379716873168945,1.3381506204605103,0
1790033700000,1.338186502456665,1.3383476734161377,1.3381506204605103,1.3383476734161377,0
1790034000000,1.338329792022705,1.3383656740188599,1.3382223844528198,1.3382223844528198,0
1790034300000,1.338240146636963,1.338240146636963,1.3381506204605103,1.3381506204605103,0
1790034600000,1.3382940292358398,1.338401436805725,1.3382940292358398,1.3382940292358398,0
1790034900000,1.3382940292358398,1.3384371995925903,1.3382940292358398,1.3383835554122925,0
1790035200000,1.3382940292358398,1.3382940292358398,1.338186502456665,1.338240146636963,0
1790035500000,1.3382760286331177,1.3382760286331177,1.338186502456665,1.338258147239685,0
1790035800000,1.338240146636963,1.3385089635849,1.338240146636963,1.3383835554122925,0
1790036100000,1.3383476734161377,1.3383476734161377,1.3381685018539429,1.3382043838500977,0
1790036400000,1.3383476734161377,1.338401436805725,1.3383476734161377,1.3383656740188599,0
1790036700000,1.338401436805725,1.338401436805725,1.338311791419983,1.3383476734161377,0
1790037000000,1.3384193181991577,1.3384730815887451,1.3383656740188599,1.3384730815887451,0
1790037300000,1.3384193181991577,1.33858060836792,1.3384193181991577,1.3384730815887451,0
1790037600000,1.3384909629821777,1.3385089635849,1.3384193181991577,1.3384552001953125,0
1790037900000,1.3385089635849,1.3385626077651978,1.3384909629821777,1.3385268449783325,0
1790038200000,1.3385984897613525,1.3386342525482178,1.3385089635849,1.3386342525482178,0
1790038500000,1.3385984897613525,1.3387418985366821,1.3385984897613525,1.3387418985366821,0
1790038800000,1.33872389793396,1.3387597799301147,1.3386881351470947,1.3386881351470947,0
1790039100000,1.3386164903640747,1.3386164903640747,1.3385268449783325,1.3386164903640747,0
1790039400000,1.3386342525482178,1.3386342525482178,1.3385268449783325,1.3385268449783325,0
1790039700000,1.3385268449783325,1.33858060836792,1.3385268449783325,1.3385626077651978,0
1790040000000,1.3384730815887451,1.3385984897613525,1.3384552001953125,1.3385984897613525,0
1790040300000,1.3385268449783325,1.33865225315094,1.3385268449783325,1.3386164903640747,0
1790040600000,1.33858060836792,1.33858060836792,1.3384193181991577,1.3384909629821777,0
1790040900000,1.3383476734161377,1.3383656740188599,1.3382940292358398,1.338311791419983,0
1790041200000,1.3382223844528198,1.338401436805725,1.3382223844528198,1.3382760286331177,0
1790041500000,1.338258147239685,1.338258147239685,1.3381506204605103,1.3381685018539429,0
1790041800000,1.338186502456665,1.3383656740188599,1.3381685018539429,1.3382043838500977,0
1790042100000,1.3380612134933472,1.3382043838500977,1.3380612134933472,1.338186502456665,0
1790042400000,1.3380789756774902,1.3380789756774902,1.337685227394104,1.337685227394104,0
1790042700000,1.337667465209961,1.337667465209961,1.337238073348999,1.3373990058898926,0
1790043000000,1.3374526500701904,1.3374526500701904,1.3373453617095947,1.3373990058898926,0
1790043300000,1.3373990058898926,1.3373990058898926,1.3372559547424316,1.3372559547424316,0
1790043600000,1.337005615234375,1.3373990058898926,1.3369520902633667,1.3373990058898926,0
1790043900000,1.3374885320663452,1.3374885320663452,1.337095022201538,1.3371844291687012,0
1790044200000,1.3371844291687012,1.3372917175292969,1.3371844291687012,1.3371844291687012,0
1790044500000,1.3372201919555664,1.3372201919555664,1.3370592594146729,1.3371665477752686,0
1790044800000,1.337005615234375,1.337095022201538,1.3369877338409424,1.3370234966278076,0
1790045100000,1.3368983268737793,1.3369699716567993,1.3368090391159058,1.3369699716567993,0
1790045400000,1.3370771408081055,1.3371844291687012,1.3370771408081055,1.337095022201538,0
1790045700000,1.3372201919555664,1.3373453617095947,1.3371844291687012,1.3373453617095947,0
1790046000000,1.337327480316162,1.337327480316162,1.3368090391159058,1.3368983268737793,0
1790046300000,1.3367911577224731,1.3368090391159058,1.3366303443908691,1.3366303443908691,0
1790046600000,1.3368090391159058,1.3369340896606445,1.3367911577224731,1.3367911577224731,0
1790046900000,1.3369520902633667,1.337005615234375,1.3367018699645996,1.337005615234375,0
1790047200000,1.3369877338409424,1.337363362312317,1.3369877338409424,1.337363362312317,0
1790047500000,1.3373990058898926,1.3373990058898926,1.3370592594146729,1.337148666381836,0
1790047800000,1.337005615234375,1.337005615234375,1.3357733488082886,1.3359339237213135,0
1790048100000,1.3362016677856445,1.3364696502685547,1.3362016677856445,1.3364160060882568,0
1790048400000,1.3366303443908691,1.3366303443908691,1.3363802433013916,1.3363802433013916,0
1790048700000,1.3364696502685547,1.3366124629974365,1.3364516496658325,1.3364516496658325,0
1790049000000,1.3363981246948242,1.3363981246948242,1.3361660242080688,1.3361660242080688,0
1790049300000,1.3362195491790771,1.3362195491790771,1.3357733488082886,1.3357733488082886,0
1790049600000,1.3354700803756714,1.335559368133545,1.335327386856079,1.335327386856079,0
1790049900000,1.335131287574768,1.3354344367980957,1.335131287574768,1.3354344367980957,0
1790050200000,1.3355236053466797,1.3355236053466797,1.3352025747299194,1.335309624671936,0
1790050500000,1.335042119026184,1.335042119026184,1.3345611095428467,1.3346322774887085,0
1790050800000,1.3347570896148682,1.3347570896148682,1.3341871500015259,1.3341871500015259,0
1790051100000,1.333991527557373,1.333991527557373,1.333742380142212,1.333742380142212,0
1790051400000,1.333866834640503,1.333866834640503,1.332924485206604,1.333066701889038,0
1790051700000,1.3332444429397583,1.333653450012207,1.3332444429397583,1.333653450012207,0
1790052000000,1.3340626955032349,1.3358089923858643,1.3340626955032349,1.335577130317688,0
1790052300000,1.335505723953247,1.335505723953247,1.3350956439971924,1.3350956439971924,0
1790052600000,1.3352917432785034,1.3363802433013916,1.3352917432785034,1.336094617843628,0
1790052900000,1.3357198238372803,1.336094617843628,1.3356841802597046,1.3356841802597046,0
1790053200000,1.335666298866272,1.335666298866272,1.3351134061813354,1.3351134061813354,0
1790053500000,1.334917426109314,1.335577130317688,1.334917426109314,1.3353809118270874,0
1790053800000,1.3354878425598145,1.3357020616531372,1.3354700803756714,1.335594892501831,0
1790054100000,1.335505723953247,1.3359339237213135,1.335505723953247,1.3357020616531372,0
1790054400000,1.3356841802597046,1.336112380027771,1.3356841802597046,1.336094617843628,0
1790054700000,1.3357912302017212,1.3358268737792969,1.335666298866272,1.335666298866272,0
1790055000000,1.3357198238372803,1.3358803987503052,1.3357198238372803,1.3357375860214233,0
1790055300000,1.3357198238372803,1.3358447551727295,1.3357020616531372,1.3358268737792969,0
1790055600000,1.3359874486923218,1.3359874486923218,1.3357733488082886,1.3358803987503052,0
1790055900000,1.3360767364501953,1.3362374305725098,1.3360588550567627,1.3361302614212036,0
1790056200000,1.3360767364501953,1.3366124629974365,1.3360767364501953,1.3366124629974365,0
1790056500000,1.336683988571167,1.3371129035949707,1.3364160060882568,1.3371129035949707,0
1790056800000,1.3369877338409424,1.337327480316162,1.3369877338409424,1.337327480316162,0
1790057100000,1.337095022201538,1.3373095989227295,1.3368626832962036,1.3368626832962036,0
1790057400000,1.3367197513580322,1.3368983268737793,1.3365768194198608,1.3367018699645996,0
1790057700000,1.3368626832962036,1.3368626832962036,1.3367018699645996,1.3367018699645996,0
1790058000000,1.336755394935608,1.3368983268737793,1.3367018699645996,1.3368983268737793,0
1790058300000,1.3365589380264282,1.3366659879684448,1.3365589380264282,1.3366482257843018,0
1790058600000,1.3366303443908691,1.3368983268737793,1.3366303443908691,1.3367732763290405,0
1790058900000,1.336683988571167,1.336916208267212,1.336683988571167,1.336916208267212,0
1790059200000,1.3368090391159058,1.3369699716567993,1.3367197513580322,1.3368805646896362,0
1790059500000,1.3368983268737793,1.3369699716567993,1.3367732763290405,1.3367911577224731,0
1790059800000,1.3367732763290405,1.3367911577224731,1.3365052938461304,1.3365052938461304,0
1790060100000,1.3365768194198608,1.3366659879684448,1.3363981246948242,1.3365052938461304,0
1790060400000,1.3366124629974365,1.3366124629974365,1.3363444805145264,1.3363444805145264,0
1790060700000,1.3363088369369507,1.3363088369369507,1.3362016677856445,1.3362016677856445,0
1790061000000,1.3362195491790771,1.3362195491790771,1.3362195491790771,1.3362195491790771,0
1790061071000,1.3363088369369507,1.3363088369369507,1.3363088369369507,1.3363088369369507,0
1790061300000,1.336290955543518,1.3364160060882568,1.336290955543518,1.3364160060882568,0
1790061426000,1.3363267183303833,1.3363267183303833,1.3363267183303833,1.3363267183303833,0
1790061600000,1.336112380027771,1.336112380027771,1.3357733488082886,1.3357733488082886,0
1790061726000,1.3356841802597046,1.3356841802597046,1.3356841802597046,1.3356841802597046,0
1790061900000,1.335666298866272,1.3357198238372803,1.335666298866272,1.3357198238372803,0
1790062026000,1.3358982801437378,1.3358982801437378,1.3358982801437378,1.3358982801437378,0
1790062200000,1.3357912302017212,1.3357912302017212,1.3357198238372803,1.3357198238372803,0
1790062326000,1.335862636566162,1.335862636566162,1.335862636566162,1.335862636566162,0
1790062500000,1.3355236053466797,1.3358089923858643,1.3355236053466797,1.3358089923858643,0
1790062686000,1.3355414867401123,1.3355414867401123,1.3355414867401123,1.3355414867401123,0
1790062800000,1.3356841802597046,1.3357912302017212,1.3356484174728394,1.3357912302017212,0
1790062986000,1.3357020616531372,1.3357020616531372,1.3357020616531372,1.3357020616531372,0
1790063100000,1.3358447551727295,1.3358803987503052,1.3358447551727295,1.335862636566162,0
1790063286000,1.3358803987503052,1.3358803987503052,1.3358803987503052,1.3358803987503052,0
1790063400000,1.3361839056015015,1.336290955543518,1.3361839056015015,1.3361839056015015,0
1790063587000,1.3362016677856445,1.3362016677856445,1.3362016677856445,1.3362016677856445,0
1790063700000,1.3361660242080688,1.336290955543518,1.3360767364501953,1.3360767364501953,0
1790063887000,1.336112380027771,1.336112380027771,1.336112380027771,1.336112380027771,0
1790064000000,1.3362016677856445,1.3368983268737793,1.3362016677856445,1.3368983268737793,0
1790064300000,1.3368626832962036,1.3368626832962036,1.3365768194198608,1.3365768194198608,0
1790064600000,1.336362361907959,1.3365589380264282,1.336362361907959,1.3365052938461304,0
1790064900000,1.3365589380264282,1.3367018699645996,1.3365589380264282,1.3366659879684448,0
1790065147000,1.3368805646896362,1.3368805646896362,1.3368805646896362,1.3368805646896362,0
1790065200000,1.3368983268737793,1.3369877338409424,1.3368805646896362,1.3368805646896362,0
1790065447000,1.336844801902771,1.336844801902771,1.336844801902771,1.336844801902771,0
1790065500000,1.3369877338409424,1.3370771408081055,1.3368983268737793,1.3368983268737793,0
1790065800000,1.3369340896606445,1.3370413780212402,1.3368805646896362,1.3368805646896362,0
1790065808000,1.3369340896606445,1.3369340896606445,1.3369340896606445,1.3369340896606445,0
1790066100000,1.336844801902771,1.3368626832962036,1.3363444805145264,1.3363444805145264,0
1790066108000,1.336844801902771,1.336844801902771,1.336844801902771,1.336844801902771,0
1790066400000,1.3362730741500854,1.3362730741500854,1.3358982801437378,1.3358982801437378,0
1790066408000,1.3362730741500854,1.3362730741500854,1.3362730741500854,1.3362730741500854,0
1790066700000,1.3358447551727295,1.3359695672988892,1.3356484174728394,1.3356484174728394,0
1790066708000,1.3358447551727295,1.3358447551727295,1.3358447551727295,1.3358447551727295,0
1790067000000,1.3354878425598145,1.3354878425598145,1.3354878425598145,1.3354878425598145,0
1790067068000,1.3354878425598145,1.3354878425598145,1.3354878425598145,1.3354878425598145,0
1790067300000,1.3357733488082886,1.3357733488082886,1.3357733488082886,1.3357733488082886,0
1790067368000,1.3357733488082886,1.3357733488082886,1.3357733488082886,1.3357733488082886,0
1790067600000,1.335594892501831,1.335594892501831,1.335594892501831,1.335594892501831,0
1790067668000,1.3356841802597046,1.3356841802597046,1.3356841802597046,1.3356841802597046,0
1790067900000,1.33604097366333,1.33604097366333,1.33604097366333,1.33604097366333,0
1790067968000,1.3360053300857544,1.3360053300857544,1.3360053300857544,1.3360053300857544,0
1790068200000,1.33604097366333,1.3362016677856445,1.3359695672988892,1.3359695672988892,0
1790068500000,1.3361660242080688,1.3361660242080688,1.3359695672988892,1.3360053300857544,0
1790068800000,1.3358447551727295,1.3360767364501953,1.3357375860214233,1.3357375860214233,0
1790069100000,1.3357733488082886,1.3357912302017212,1.3354878425598145,1.3354878425598145,0
1790069400000,1.335594892501831,1.3360053300857544,1.335594892501831,1.3359874486923218,0
1790069700000,1.3359695672988892,1.336290955543518,1.3359161615371704,1.336112380027771,0
1790070000000,1.3360588550567627,1.336594581604004,1.3357912302017212,1.336594581604004,0
1790070300000,1.3363267183303833,1.3363267183303833,1.3361839056015015,1.3362016677856445,0
1790070489000,1.3361660242080688,1.3361660242080688,1.3361660242080688,1.3361660242080688,0
1790070600000,1.3364337682724,1.3364337682724,1.3363981246948242,1.3363981246948242,0
1790070789000,1.3364337682724,1.3364337682724,1.3364337682724,1.3364337682724,0
1790070900000,1.3362016677856445,1.3362553119659424,1.3362016677856445,1.3362553119659424,0
1790071150000,1.33604097366333,1.33604097366333,1.33604097366333,1.33604097366333,0
1790071200000,1.3359161615371704,1.33604097366333,1.3358803987503052,1.33604097366333,0
1790071450000,1.3363088369369507,1.3363088369369507,1.3363088369369507,1.3363088369369507,0
1790071500000,1.3361660242080688,1.3361839056015015,1.3358982801437378,1.3358982801437378,0
1790071750000,1.3360053300857544,1.3360053300857544,1.3360053300857544,1.3360053300857544,0
1790071800000,1.3357020616531372,1.3357020616531372,1.3355236053466797,1.3355236053466797,0
1790072050000,1.3354523181915283,1.3354523181915283,1.3354523181915283,1.3354523181915283,0
1790072100000,1.3353630304336548,1.3353630304336548,1.335006594657898,1.335006594657898,0
1790072350000,1.335006594657898,1.335006594657898,1.335006594657898,1.335006594657898,0
1790072400000,1.3351670503616333,1.3355236053466797,1.3351670503616333,1.3355236053466797,0
1790072700000,1.3356484174728394,1.3357020616531372,1.3354878425598145,1.3356127738952637,0
1790072710000,1.3356484174728394,1.3356484174728394,1.3356484174728394,1.3356484174728394,0
1790073000000,1.335755467414856,1.335755467414856,1.3353809118270874,1.3353809118270874,0
1790073010000,1.335755467414856,1.335755467414856,1.335755467414856,1.335755467414856,0
1790073300000,1.335327386856079,1.3357733488082886,1.335327386856079,1.3357733488082886,0
1790073310000,1.335327386856079,1.335327386856079,1.335327386856079,1.335327386856079,0
1790073600000,1.335416555404663,1.335594892501831,1.334810495376587,1.334810495376587,0
1790073900000,1.3347392082214355,1.3347926139831543,1.3345255851745605,1.3345255851745605,0
1790074200000,1.334507703781128,1.3346858024597168,1.334507703781128,1.3345255851745605,0
1790074500000,1.3344542980194092,1.3347214460372925,1.3344542980194092,1.3346501588821411,0
1790074800000,1.3347035646438599,1.3347035646438599,1.3341871500015259,1.3341871500015259,0
1790075100000,1.334098219871521,1.3341338634490967,1.3339024782180786,1.3341338634490967,0
1790075400000,1.3342405557632446,1.3342405557632446,1.3337956666946411,1.3340448141098022,0
1790075700000,1.333991527557373,1.334294080734253,1.333991527557373,1.3342405557632446,0
1790076000000,1.3342050313949585,1.3347035646438599,1.3342050313949585,1.3343831300735474,0
1790076300000,1.334507703781128,1.334507703781128,1.3342050313949585,1.3342050313949585,0
1790076600000,1.3342229127883911,1.3342229127883911,1.3337246179580688,1.3337246179580688,0
1790076900000,1.3335822820663452,1.3336178064346313,1.3332089185714722,1.3332089185714722,0
1790077200000,1.3330844640731812,1.3331201076507568,1.332906723022461,1.332924485206604,0
1790077500000,1.3328534364700317,1.3328534364700317,1.332533836364746,1.3325871229171753,0
1790077800000,1.3325693607330322,1.332800269126892,1.3325693607330322,1.332800269126892,0
1790078100000,1.3325871229171753,1.3327114582061768,1.3324095010757446,1.3324095010757446,0
1790078400000,1.3324273824691772,1.3325515985488892,1.3323030471801758,1.3323917388916016,0
1790078700000,1.332480549812317,1.332533836364746,1.3324095010757446,1.3324627876281738,0
1790079000000,1.3325159549713135,1.332675814628601,1.3324627876281738,1.3324627876281738,0
1790079300000,1.3326226472854614,1.3326226472854614,1.3324273824691772,1.3324273824691772,0
1790079600000,1.3326404094696045,1.3326404094696045,1.3323739767074585,1.332533836364746,0
1790079900000,1.3324095010757446,1.3324450254440308,1.332338571548462,1.3324450254440308,0
1790080200000,1.3323739767074585,1.3323739767074585,1.3322319984436035,1.3323208093643188,0
1790080500000,1.3323739767074585,1.3324627876281738,1.3323208093643188,1.3323739767074585,0
1790080800000,1.3324095010757446,1.3327292203903198,1.3324095010757446,1.3327292203903198,0
1790081100000,1.3325693607330322,1.3326047658920288,1.332338571548462,1.3326047658920288,0
1790081400000,1.332924485206604,1.3330844640731812,1.3328180313110352,1.3328180313110352,0
1790081700000,1.333031177520752,1.333191156387329,1.3329601287841797,1.333191156387329,0
1790082000000,1.3329601287841797,1.333031177520752,1.3328534364700317,1.3328713178634644,0
1790082300000,1.332800269126892,1.3329956531524658,1.332800269126892,1.332800269126892,0
1790082600000,1.3325693607330322,1.3328180313110352,1.332533836364746,1.3328180313110352,0
1790082900000,1.3327292203903198,1.332746982574463,1.3326047658920288,1.3326047658920288,0
1790083200000,1.332533836364746,1.332533836364746,1.3323917388916016,1.3324273824691772,0
1790083500000,1.3324095010757446,1.332533836364746,1.3324095010757446,1.332533836364746,0
1790083689000,1.3326226472854614,1.3326226472854614,1.3326226472854614,1.3326226472854614,0
1790083800000,1.3326935768127441,1.3327292203903198,1.3326935768127441,1.3327292203903198,0
1790083989000,1.332800269126892,1.332800269126892,1.332800269126892,1.332800269126892,0
1790084100000,1.3328356742858887,1.3329956531524658,1.3328356742858887,1.3329956531524658,0
1790084349000,1.3329778909683228,1.3329778909683228,1.3329778909683228,1.3329778909683228,0
1790084400000,1.332800269126892,1.332800269126892,1.3326226472854614,1.3326226472854614,0
1790084649000,1.3327114582061768,1.3327114582061768,1.3327114582061768,1.3327114582061768,0
1790084700000,1.3328180313110352,1.3328180313110352,1.3326404094696045,1.3327646255493164,0
1790084949000,1.332746982574463,1.332746982574463,1.332746982574463,1.332746982574463,0
1790085000000,1.332924485206604,1.3333688974380493,1.332924485206604,1.3333688974380493,0
1790085249000,1.3333688974380493,1.3333688974380493,1.3333688974380493,1.3333688974380493,0
1790085300000,1.3333511352539062,1.3334755897521973,1.3333154916763306,1.3333154916763306,0
1790085600000,1.333191156387329,1.3332622051239014,1.333031177520752,1.3332622051239014,0
1790085610000,1.333191156387329,1.333191156387329,1.333191156387329,1.333191156387329,0
1790085900000,1.3331378698349,1.3334933519363403,1.3331378698349,1.3334400653839111,0
1790085910000,1.3331378698349,1.3331378698349,1.3331378698349,1.3331378698349,0
1790086200000,1.3334044218063354,1.333760142326355,1.3334044218063354,1.333760142326355,0
1790086210000,1.3334044218063354,1.3334044218063354,1.3334044218063354,1.3334044218063354,0
1790086500000,1.3337067365646362,1.3337956666946411,1.3334400653839111,1.3334400653839111,0
1790086510000,1.3337067365646362,1.3337067365646362,1.3337067365646362,1.3337067365646362,0
1790086800000,1.3333866596221924,1.3334755897521973,1.3333866596221924,1.3334221839904785,0
1790087100000,1.3335111141204834,1.3337246179580688,1.3335111141204834,1.3336000442504883,0
1790087400000,1.333653450012207,1.3337246179580688,1.3335111141204834,1.3335111141204834,0
1790087700000,1.3334933519363403,1.3336355686187744,1.3334933519363403,1.3336000442504883,0
1790087950000,1.3334577083587646,1.3334577083587646,1.3334577083587646,1.3334577083587646,0
1790088000000,1.3335288763046265,1.3335288763046265,1.3334933519363403,1.3335288763046265,0
1790088300000,1.3336889743804932,1.3337246179580688,1.3336000442504883,1.3336000442504883,0
1790088310000,1.3336889743804932,1.3336889743804932,1.3336889743804932,1.3336889743804932,0
1790088600000,1.333653450012207,1.3338135480880737,1.3334933519363403,1.3334933519363403,0
1790088611000,1.333653450012207,1.333653450012207,1.333653450012207,1.333653450012207,0
1790088900000,1.3335111141204834,1.3335111141204834,1.3332977294921875,1.3334577083587646,0
1790088911000,1.3335111141204834,1.3335111141204834,1.3335111141204834,1.3335111141204834,0
1790089200000,1.3334933519363403,1.3336355686187744,1.3334933519363403,1.3335288763046265,0
1790089206000,1.3334933519363403,1.3334933519363403,1.3334933519363403,1.3334933519363403,0
1790089500000,1.3335466384887695,1.3335466384887695,1.3335466384887695,1.3335466384887695,0
1790089566000,1.3336889743804932,1.3336889743804932,1.3336889743804932,1.3336889743804932,0
1790089800000,1.3337067365646362,1.3337067365646362,1.3337067365646362,1.3337067365646362,0
1790089866000,1.3337246179580688,1.3337246179580688,1.3337246179580688,1.3337246179580688,0
1790090100000,1.3339380025863647,1.3339380025863647,1.3339380025863647,1.3339380025863647,0
1790090166000,1.3339202404022217,1.3339202404022217,1.3339202404022217,1.3339202404022217,0
1790090400000,1.3340270519256592,1.3340270519256592,1.3340270519256592,1.3340270519256592,0
1790090466000,1.3339202404022217,1.3339202404022217,1.3339202404022217,1.3339202404022217,0
1790090700000,1.3340448141098022,1.3342229127883911,1.3340448141098022,1.3342229127883911,0
1790090826000,1.3341871500015259,1.3341871500015259,1.3341871500015259,1.3341871500015259,0
1790091000000,1.3342584371566772,1.3344186544418335,1.3342584371566772,1.3344186544418335,0
1790091300000,1.3347214460372925,1.3349530696868896,1.3347214460372925,1.3348639011383057,0
1790091600000,1.334935188293457,1.334935188293457,1.3347392082214355,1.3347570896148682,0
1790091900000,1.3347570896148682,1.3347570896148682,1.3345433473587036,1.3346322774887085,0
1790092200000,1.3345255851745605,1.3345433473587036,1.3344186544418335,1.3344186544418335,0
1790092500000,1.334329605102539,1.3344542980194092,1.334329605102539,1.334329605102539,0
1790092800000,1.3343831300735474,1.3345433473587036,1.3343831300735474,1.3344365358352661,0
1790093100000,1.3344365358352661,1.334614634513855,1.3344365358352661,1.334614634513855,0
1790093400000,1.3345967531204224,1.3346680402755737,1.3343831300735474,1.3343831300735474,0
1790093700000,1.3343474864959717,1.3343474864959717,1.334294080734253,1.334294080734253,0
1790094000000,1.3343474864959717,1.3343474864959717,1.3342050313949585,1.334329605102539,0
1790094300000,1.334294080734253,1.3344186544418335,1.334294080734253,1.3344186544418335,0
1790094600000,1.3344186544418335,1.3344186544418335,1.3343474864959717,1.3343474864959717,0
1790094900000,1.334329605102539,1.3344365358352661,1.334329605102539,1.3344365358352661,0
1790095200000,1.3344365358352661,1.3344898223876953,1.3343831300735474,1.3343831300735474,0
1790095500000,1.3341693878173828,1.3343474864959717,1.3341693878173828,1.3343474864959717,0
1790095800000,1.334329605102539,1.3344365358352661,1.334329605102539,1.3344186544418335,0
1790096100000,1.3344542980194092,1.3345433473587036,1.334329605102539,1.334329605102539,0
1790096400000,1.3347749710083008,1.3348817825317383,1.3346322774887085,1.3348283767700195,0
1790096700000,1.3345433473587036,1.3345433473587036,1.3343831300735474,1.3345255851745605,0
1790097000000,1.3343117237091064,1.334614634513855,1.334294080734253,1.3343831300735474,0
1790097300000,1.3344186544418335,1.3344186544418335,1.3343117237091064,1.3343652486801147,0
1790097600000,1.3341693878173828,1.3343474864959717,1.3341693878173828,1.3342050313949585,0
1790097900000,1.3342584371566772,1.3342584371566772,1.334098219871521,1.3341338634490967,0
1790098200000,1.3342584371566772,1.3347035646438599,1.3341693878173828,1.3347035646438599,0
1790098500000,1.3344720602035522,1.334917426109314,1.3344720602035522,1.334917426109314,0
1790098810000,1.3346322774887085,1.3346322774887085,1.3346322774887085,1.3346322774887085,0
