ts,open,high,low,close,volume
1785697200000,1.349545955657959,1.3496005535125732,1.3493092060089111,1.3493638038635254,0
1785697500000,1.3492181301116943,1.3493820428848267,1.34916353225708,1.34916353225708,0
1785697800000,1.34916353225708,1.3492727279663086,1.349127173423767,1.3492727279663086,0
1785698100000,1.3492363691329956,1.3492363691329956,1.3491089344024658,1.3491089344024658,0
1785698400000,1.3490906953811646,1.3490906953811646,1.3490360975265503,1.3490360975265503,0
1785698700000,1.3491089344024658,1.3492181301116943,1.3491089344024658,1.3492181301116943,0
1785699000000,1.3493455648422241,1.3493455648422241,1.349017858505249,1.349127173423767,0
1785699300000,1.3492181301116943,1.3493638038635254,1.3490906953811646,1.3490906953811646,0
1785699600000,1.3490543365478516,1.3493092060089111,1.3489269018173218,1.3493092060089111,0
1785699900000,1.349199891090393,1.3492181301116943,1.3491089344024658,1.3492181301116943,0
1785700200000,1.3492909669876099,1.3492909669876099,1.349199891090393,1.349199891090393,0
1785700500000,1.3492909669876099,1.3492909669876099,1.3490906953811646,1.3491452932357788,0
1785700800000,1.3489633798599243,1.3489633798599243,1.348581314086914,1.348690390586853,0
1785701100000,1.3488723039627075,1.3488723039627075,1.348581314086914,1.348581314086914,0
1785701400000,1.3485630750656128,1.348617672920227,1.3484176397323608,1.3484539985656738,0
1785701700000,1.348581314086914,1.3486722707748413,1.3485448360443115,1.3486722707748413,0
1785702000000,1.348581314086914,1.3488178253173828,1.348508596420288,1.3488178253173828,0
1785702300000,1.3487995862960815,1.3496551513671875,1.348690390586853,1.3496551513671875,0
1785702600000,1.3496733903884888,1.350001335144043,1.3496733903884888,1.350001335144043,0
1785702900000,1.350001335144043,1.350001335144043,1.3495094776153564,1.3498555421829224,0
1785703200000,1.3499467372894287,1.3502929210662842,1.3499284982681274,1.3502929210662842,0
1785703500000,1.350074291229248,1.350074291229248,1.3494731187820435,1.3495277166366577,0
1785703800000,1.3496551513671875,1.3496551513671875,1.348981499671936,1.348981499671936,0
1785704100000,1.3487086296081543,1.3488359451293945,1.3487086296081543,1.3487995862960815,0
1785704400000,1.3486357927322388,1.3488540649414062,1.3486357927322388,1.3487086296081543,0
1785704700000,1.3485267162322998,1.3485267162322998,1.3479268550872803,1.3479268550872803,0
1785705000000,1.3478904962539673,1.3478904962539673,1.3477089405059814,1.3477089405059814,0
1785705300000,1.347563624382019,1.347563624382019,1.3472731113433838,1.3472731113433838,0
1785705600000,1.3472731113433838,1.3474364280700684,1.3472368717193604,1.3473457098007202,0
1785705900000,1.347490906715393,1.347527265548706,1.347363829612732,1.347363829612732,0
1785706200000,1.3473275899887085,1.3474183082580566,1.3472731113433838,1.3472731113433838,0
1785706500000,1.3473275899887085,1.3473275899887085,1.347127914428711,1.347127914428711,0
1785706800000,1.3472548723220825,1.3474364280700684,1.3472548723220825,1.3474364280700684,0
1785707100000,1.3473457098007202,1.3473457098007202,1.3472548723220825,1.3472548723220825,0
1785707400000,1.347218632698059,1.3472912311553955,1.3472005128860474,1.347218632698059,0
1785707700000,1.3472731113433838,1.3474364280700684,1.3472731113433838,1.3474364280700684,0
1785708000000,1.3474364280700684,1.347636342048645,1.3474364280700684,1.3475455045700073,0
1785708300000,1.3476543426513672,1.3476543426513672,1.3473275899887085,1.3473275899887085,0
1785708600000,1.3473457098007202,1.3473457098007202,1.3471460342407227,1.3471460342407227,0
1785708900000,1.347091555595398,1.3474183082580566,1.3470735549926758,1.3474183082580566,0
1785709200000,1.347363829612732,1.3473820686340332,1.3470735549926758,1.347091555595398,0
1785709500000,1.3472005128860474,1.3472368717193604,1.347164273262024,1.347218632698059,0
1785709800000,1.347218632698059,1.3473094701766968,1.347218632698059,1.3473094701766968,0
1785710100000,1.3474546670913696,1.347563624382019,1.3474546670913696,1.347527265548706,0
1785710400000,1.3475091457366943,1.3475091457366943,1.347218632698059,1.347218632698059,0
1785710700000,1.347164273262024,1.3472912311553955,1.347164273262024,1.3472731113433838,0
1785711000000,1.3472912311553955,1.3472912311553955,1.346982717514038,1.346982717514038,0
1785711300000,1.346982717514038,1.3470735549926758,1.3469645977020264,1.3470735549926758,0
1785711600000,1.3470189571380615,1.3470189571380615,1.346819519996643,1.3468738794326782,0
1785711900000,1.34689199924469,1.346982717514038,1.34689199924469,1.346928358078003,0
1785712200000,1.3468376398086548,1.3468738794326782,1.346765160560608,1.3468738794326782,0
1785712500000,1.3466744422912598,1.3467469215393066,1.346619963645935,1.3467469215393066,0
1785712800000,1.3467469215393066,1.346765160560608,1.346692442893982,1.346728801727295,0
1785713100000,1.3468012809753418,1.3468738794326782,1.3467469215393066,1.3468376398086548,0
1785713400000,1.34678316116333,1.34678316116333,1.3466380834579468,1.3466380834579468,0
1785713700000,1.3466380834579468,1.3466380834579468,1.3465473651885986,1.3466018438339233,0
1785714000000,1.346728801727295,1.346728801727295,1.3465656042099,1.346619963645935,0
1785714300000,1.3466380834579468,1.346765160560608,1.3466380834579468,1.3466380834579468,0
1785714600000,1.3466562032699585,1.3467469215393066,1.3466562032699585,1.3466562032699585,0
1785714900000,1.346619963645935,1.3468376398086548,1.346619963645935,1.3468376398086548,0
1785715200000,1.3468738794326782,1.346928358078003,1.3468738794326782,1.3469102382659912,0
1785715500000,1.3468557596206665,1.3468738794326782,1.3467469215393066,1.3467469215393066,0
1785715800000,1.3467469215393066,1.3469645977020264,1.3467469215393066,1.3469645977020264,0
1785716100000,1.3470189571380615,1.3470189571380615,1.3468376398086548,1.3468738794326782,0
1785716400000,1.3469102382659912,1.346928358078003,1.346819519996643,1.346819519996643,0
1785716700000,1.3468738794326782,1.3469464778900146,1.3468376398086548,1.3469464778900146,0
1785717000000,1.3469645977020264,1.3470189571380615,1.3468557596206665,1.3470189571380615,0
1785717300000,1.3471097946166992,1.3472548723220825,1.3470371961593628,1.3472548723220825,0
1785717600000,1.347182273864746,1.3473457098007202,1.347127914428711,1.3473457098007202,0
1785717900000,1.3472731113433838,1.3473275899887085,1.3472368717193604,1.3472548723220825,0
1785718200000,1.347164273262024,1.347164273262024,1.347091555595398,1.3471460342407227,0
1785718500000,1.347164273262024,1.3472731113433838,1.3471460342407227,1.3472731113433838,0
1785718800000,1.3473275899887085,1.3474546670913696,1.3472548723220825,1.3472548723220825,0
1785719100000,1.3472368717193604,1.3472731113433838,1.3470735549926758,1.3470735549926758,0
1785719400000,1.3470371961593628,1.3472368717193604,1.3470371961593628,1.3472368717193604,0
1785719700000,1.347218632698059,1.3472548723220825,1.347164273262024,1.347164273262024,0
1785720000000,1.347164273262024,1.3472731113433838,1.347127914428711,1.3472368717193604,0
1785720300000,1.347164273262024,1.3472731113433838,1.347164273262024,1.3472731113433838,0
1785720600000,1.347363829612732,1.347527265548706,1.3472912311553955,1.3474546670913696,0
1785720900000,1.347490906715393,1.347527265548706,1.3474183082580566,1.3474183082580566,0
1785721200000,1.3473275899887085,1.3476181030273438,1.3473275899887085,1.3476181030273438,0
1785721500000,1.3476543426513672,1.3476725816726685,1.3473820686340332,1.3473820686340332,0
1785721800000,1.3474364280700684,1.347527265548706,1.3474183082580566,1.347527265548706,0
1785722100000,1.3476543426513672,1.3477270603179932,1.3476181030273438,1.3477089405059814,0
1785722400000,1.3477089405059814,1.3477270603179932,1.3476181030273438,1.3476181030273438,0
1785722700000,1.3478178977966309,1.3478178977966309,1.347400188446045,1.347400188446045,0
1785723000000,1.3475455045700073,1.3477089405059814,1.3474364280700684,1.3474364280700684,0
1785723300000,1.3474364280700684,1.347472906112671,1.347363829612732,1.3474546670913696,0
1785723600000,1.347490906715393,1.347490906715393,1.347127914428711,1.347218632698059,0
1785723900000,1.3471460342407227,1.347218632698059,1.3470189571380615,1.347218632698059,0
1785724200000,1.3470371961593628,1.3470371961593628,1.3465473651885986,1.3465473651885986,0
1785724500000,1.3464930057525635,1.3465112447738647,1.3462210893630981,1.3462392091751099,0
1785724800000,1.346166729927063,1.346166729927063,1.3460218906402588,1.3460400104522705,0
1785725100000,1.345876932144165,1.3460218906402588,1.345876932144165,1.345913052558899,0
1785725400000,1.345876932144165,1.346203088760376,1.345876932144165,1.346203088760376,0
1785725700000,1.3462210893630981,1.3462392091751099,1.346130609512329,1.3461486101150513,0
1785726000000,1.3463480472564697,1.3463480472564697,1.346130609512329,1.346166729927063,0
1785726300000,1.3460761308670044,1.346130609512329,1.3458225727081299,1.346130609512329,0
1785726600000,1.346203088760376,1.3465293645858765,1.346203088760376,1.3465293645858765,0
1785726900000,1.3465293645858765,1.3465293645858765,1.345496654510498,1.3457863330841064,0
1785727200000,1.3458044528961182,1.3460400104522705,1.3458044528961182,1.3459675312042236,0
1785727500000,1.3462574481964111,1.34645676612854,1.3462574481964111,1.34645676612854,0
1785727800000,1.3465656042099,1.3470189571380615,1.3465656042099,1.3470189571380615,0
1785728100000,1.3470189571380615,1.3470189571380615,1.34678316116333,1.3468557596206665,0
1785728400000,1.346692442893982,1.346692442893982,1.3464205265045166,1.3465293645858765,0
1785728700000,1.346619963645935,1.346619963645935,1.346293568611145,1.346293568611145,0
1785729000000,1.346166729927063,1.3463118076324463,1.346166729927063,1.3463118076324463,0
1785729300000,1.346130609512329,1.346203088760376,1.3459855318069458,1.3461849689483643,0
1785729600000,1.345949411392212,1.3459855318069458,1.3457320928573608,1.3459855318069458,0
1785729900000,1.346130609512329,1.3462574481964111,1.3459855318069458,1.3459855318069458,0
1785730200000,1.345876932144165,1.3461849689483643,1.345876932144165,1.3461849689483643,0
1785730500000,1.3460036516189575,1.3460218906402588,1.3458225727081299,1.3458225727081299,0
1785730800000,1.3456957340240479,1.3461124897003174,1.3456957340240479,1.3461124897003174,0
1785731100000,1.3459855318069458,1.3459855318069458,1.345750093460083,1.345750093460083,0
1785731400000,1.3457863330841064,1.345949411392212,1.3457139730453491,1.345949411392212,0
1785731700000,1.3459675312042236,1.3459855318069458,1.3458044528961182,1.345949411392212,0
1785732000000,1.345949411392212,1.3459675312042236,1.345913052558899,1.3459675312042236,0
1785732300000,1.3457863330841064,1.3458406925201416,1.3457863330841064,1.3458225727081299,0
1785732600000,1.345750093460083,1.345750093460083,1.3455508947372437,1.3456052541732788,0
1785732900000,1.3456957340240479,1.3457863330841064,1.345532774925232,1.345532774925232,0
1785733200000,1.3456414937973022,1.3456414937973022,1.3450441360473633,1.3450441360473633,0
1785733500000,1.3451164960861206,1.3454785346984863,1.3451164960861206,1.3454785346984863,0
1785733800000,1.3454241752624512,1.3456957340240479,1.3454241752624512,1.345532774925232,0
1785734100000,1.3453880548477173,1.3453880548477173,1.3450260162353516,1.3450260162353516,0
1785734400000,1.345243215560913,1.345587134361267,1.3452250957489014,1.3455146551132202,0
1785734700000,1.345406174659729,1.3454604148864746,1.3452612161636353,1.3454604148864746,0
1785735000000,1.3455146551132202,1.3456052541732788,1.3453880548477173,1.3453880548477173,0
1785735300000,1.3451708555221558,1.3454604148864746,1.3451708555221558,1.3454604148864746,0
1785735600000,1.3454604148864746,1.3456776142120361,1.3454604148864746,1.3456776142120361,0
1785735900000,1.3457682132720947,1.3457682132720947,1.345569133758545,1.345750093460083,0
1785736200000,1.3457320928573608,1.3457320928573608,1.3456594944000244,1.3456957340240479,0
1785736500000,1.3458588123321533,1.3458588123321533,1.345062255859375,1.345062255859375,0
1785736800000,1.344881296157837,1.3452069759368896,1.344881296157837,1.3452069759368896,0
1785737100000,1.3451708555221558,1.3453699350357056,1.3450984954833984,1.3453699350357056,0
1785737400000,1.3453155755996704,1.3454604148864746,1.3451346158981323,1.3453155755996704,0
1785737700000,1.3453699350357056,1.3453880548477173,1.344971776008606,1.345188856124878,0
1785738000000,1.3453699350357056,1.3456594944000244,1.345152735710144,1.3456594944000244,0
1785738300000,1.3455508947372437,1.3457682132720947,1.3455508947372437,1.3457139730453491,0
1785738600000,1.345569133758545,1.3461124897003174,1.345569133758545,1.3461124897003174,0
1785738900000,1.3460580110549927,1.3462574481964111,1.3460400104522705,1.3460400104522705,0
1785739200000,1.3460942506790161,1.3460942506790161,1.3459855318069458,1.3460580110549927,0
1785739500000,1.3457682132720947,1.345876932144165,1.3457320928573608,1.345876932144165,0
1785739800000,1.345913052558899,1.3462755680084229,1.345913052558899,1.346203088760376,0
1785740100000,1.3460942506790161,1.3460942506790161,1.3459855318069458,1.3460036516189575,0
1785740400000,1.3461849689483643,1.3463480472564697,1.346166729927063,1.346166729927063,0
1785740700000,1.3463480472564697,1.3464930057525635,1.3462210893630981,1.3464205265045166,0
1785741000000,1.3464748859405518,1.3465837240219116,1.3464205265045166,1.3465837240219116,0
1785741300000,1.3463661670684814,1.3463661670684814,1.346203088760376,1.3462574481964111,0
1785741600000,1.3460942506790161,1.3460942506790161,1.3456414937973022,1.3457682132720947,0
1785741900000,1.3456776142120361,1.345913052558899,1.3456776142120361,1.345913052558899,0
1785742200000,1.3460036516189575,1.3462392091751099,1.3460036516189575,1.3462392091751099,0
1785742500000,1.3459675312042236,1.3460942506790161,1.3459675312042236,1.3460218906402588,0
1785742800000,1.346130609512329,1.3463480472564697,1.3460580110549927,1.3463480472564697,0
1785743100000,1.3464024066925049,1.3464386463165283,1.3463661670684814,1.3464386463165283,0
1785743400000,1.3463661670684814,1.3465473651885986,1.3463661670684814,1.34645676612854,0
1785743700000,1.3464205265045166,1.346819519996643,1.3464205265045166,1.346819519996643,0
1785744000000,1.3468557596206665,1.3470009565353394,1.346692442893982,1.3470009565353394,0
1785744300000,1.3470735549926758,1.3470735549926758,1.346928358078003,1.3470189571380615,0
1785744600000,1.3468557596206665,1.3468557596206665,1.3466380834579468,1.3466744422912598,0
1785744900000,1.3467469215393066,1.346819519996643,1.3465473651885986,1.3465473651885986,0
1785745200000,1.3466380834579468,1.3466380834579468,1.34645676612854,1.3465112447738647,0
1785745500000,1.346619963645935,1.346619963645935,1.3463118076324463,1.346329927444458,0
1785745800000,1.3464748859405518,1.347164273262024,1.3464748859405518,1.347164273262024,0
1785746100000,1.347182273864746,1.347182273864746,1.3465837240219116,1.346728801727295,0
1785746400000,1.3465473651885986,1.3465473651885986,1.346130609512329,1.346130609512329,0
1785746700000,1.346203088760376,1.346203088760376,1.3459312915802002,1.3459312915802002,0
1785747000000,1.346203088760376,1.3464386463165283,1.3460942506790161,1.3463842868804932,0
1785747300000,1.3463842868804932,1.34645676612854,1.3462392091751099,1.3464386463165283,0
1785747600000,1.3464748859405518,1.3464930057525635,1.3462392091751099,1.34645676612854,0
1785747900000,1.3465837240219116,1.3465837240219116,1.346329927444458,1.34645676612854,0
1785748200000,1.3465112447738647,1.3466562032699585,1.3460942506790161,1.3460942506790161,0
1785748500000,1.3462210893630981,1.3462210893630981,1.3460218906402588,1.3460218906402588,0
1785748800000,1.3462755680084229,1.3462755680084229,1.3460400104522705,1.3460942506790161,0
1785749100000,1.3460942506790161,1.3465837240219116,1.3460942506790161,1.3465837240219116,0
1785749400000,1.3463842868804932,1.3465293645858765,1.3458225727081299,1.3458225727081299,0
1785749700000,1.3459675312042236,1.3459675312042236,1.3455146551132202,1.3455146551132202,0
1785750000000,1.3456594944000244,1.3458588123321533,1.3456594944000244,1.3456594944000244,0
1785750300000,1.3454604148864746,1.3454604148864746,1.3450803756713867,1.345243215560913,0
1785750600000,1.345152735710144,1.3452250957489014,1.3449536561965942,1.3450080156326294,0
1785750900000,1.3449898958206177,1.345243215560913,1.3448452949523926,1.345243215560913,0
1785751200000,1.3448632955551147,1.3456414937973022,1.3448632955551147,1.3450803756713867,0
1785751500000,1.345062255859375,1.3453699350357056,1.345062255859375,1.3451164960861206,0
1785751800000,1.3451346158981323,1.3451346158981323,1.344573974609375,1.344573974609375,0
1785752100000,1.344881296157837,1.3450984954833984,1.3448452949523926,1.3448452949523926,0
1785752400000,1.3452069759368896,1.345279335975647,1.3448271751403809,1.3448632955551147,0
1785752700000,1.3449175357818604,1.3453699350357056,1.3449175357818604,1.3451346158981323,0
1785753000000,1.345062255859375,1.3451164960861206,1.3448090553283691,1.344881296157837,0
1785753300000,1.344935655593872,1.3452250957489014,1.344935655593872,1.344935655593872,0
1785753600000,1.3449898958206177,1.3449898958206177,1.344483494758606,1.3446282148361206,0
1785753900000,1.3445378541946411,1.3447185754776,1.3443751335144043,1.3447185754776,0
1785754200000,1.3447548151016235,1.3447548151016235,1.3442847728729248,1.3443571329116821,0
1785754500000,1.344248652458191,1.344248652458191,1.3438150882720947,1.3438150882720947,0
1785754800000,1.3436164855957031,1.3436164855957031,1.3432375192642212,1.3433817625045776,0
1785755100000,1.3433637619018555,1.3434721231460571,1.3429667949676514,1.3429667949676514,0
1785755400000,1.3428767919540405,1.3428767919540405,1.3425521850585938,1.3426964282989502,0
1785755700000,1.3426424264907837,1.3429489135742188,1.3426424264907837,1.3429127931594849,0
1785756000000,1.3429127931594849,1.342930793762207,1.3427324295043945,1.3428045511245728,0
1785756300000,1.3428767919540405,1.3428767919540405,1.3424440622329712,1.3424440622329712,0
1785756600000,1.3428045511245728,1.342930793762207,1.3427144289016724,1.342930793762207,0
1785756900000,1.3427324295043945,1.3428946733474731,1.3427324295043945,1.3427324295043945,0
1785757200000,1.3428406715393066,1.3429489135742188,1.3426424264907837,1.3426424264907837,0
1785757500000,1.3426603078842163,1.342930793762207,1.3426603078842163,1.3428946733474731,0
1785757800000,1.3429489135742188,1.3431652784347534,1.3429489135742188,1.3431652784347534,0
1785758100000,1.3432555198669434,1.3434721231460571,1.3432555198669434,1.3434358835220337,0
1785758400000,1.3433637619018555,1.343652606010437,1.3433637619018555,1.3436164855957031,0
1785758700000,1.343562364578247,1.343562364578247,1.3431652784347534,1.3433457612991333,0
1785759000000,1.3433277606964111,1.3434721231460571,1.3431652784347534,1.3432193994522095,0
1785759300000,1.343021035194397,1.3430390357971191,1.3427865505218506,1.3428767919540405,0
1785759600000,1.3430570363998413,1.3430570363998413,1.3427865505218506,1.342822551727295,0
1785759900000,1.3430390357971191,1.3430390357971191,1.3427504301071167,1.3427504301071167,0
1785760200000,1.3427685499191284,1.3428586721420288,1.342624306678772,1.3428586721420288,0
1785760500000,1.3428767919540405,1.3429667949676514,1.3428406715393066,1.3429667949676514,0
1785760800000,1.3430931568145752,1.3430931568145752,1.342930793762207,1.342930793762207,0
1785761100000,1.3428045511245728,1.3428045511245728,1.342588186264038,1.3426783084869385,0
1785761400000,1.3427685499191284,1.3428586721420288,1.3426783084869385,1.3427685499191284,0
1785761700000,1.3428586721420288,1.3428586721420288,1.3425521850585938,1.3425521850585938,0
1785762000000,1.342480182647705,1.3426424264907837,1.342480182647705,1.3425521850585938,0
1785762300000,1.342624306678772,1.3427144289016724,1.3426063060760498,1.342624306678772,0
1785762600000,1.3426424264907837,1.3427144289016724,1.342588186264038,1.3426603078842163,0
1785762900000,1.3424980640411377,1.3424980640411377,1.342371940612793,1.3424079418182373,0
1785763200000,1.3424620628356934,1.3425341844558716,1.3423900604248047,1.3423900604248047,0
1785763500000,1.342426061630249,1.342480182647705,1.342426061630249,1.3424440622329712,0
1785763800000,1.342570185661316,1.342570185661316,1.3424620628356934,1.3425521850585938,0
1785764100000,1.3425341844558716,1.3425341844558716,1.3423539400100708,1.3423539400100708,0
1785764400000,1.3423900604248047,1.3423900604248047,1.3422818183898926,1.3423539400100708,0
1785764700000,1.342426061630249,1.342570185661316,1.342371940612793,1.3423900604248047,0
1785765000000,1.34217369556427,1.3423900604248047,1.3420838117599487,1.3421558141708374,0
1785765300000,1.3420476913452148,1.3420476913452148,1.3419395685195923,1.3419395685195923,0
1785765600000,1.3419575691223145,1.3419936895370483,1.3418675661087036,1.3419036865234375,0
1785765900000,1.3419036865234375,1.3421918153762817,1.3419036865234375,1.3421918153762817,0
1785766200000,1.3421378135681152,1.3421558141708374,1.3421016931533813,1.3421196937561035,0
1785766500000,1.3422818183898926,1.3426603078842163,1.3422818183898926,1.3426603078842163,0
1785766800000,1.3426424264907837,1.3427144289016724,1.342624306678772,1.342624306678772,0
1785767100000,1.3426603078842163,1.3426964282989502,1.3426063060760498,1.3426603078842163,0
1785767400000,1.3426783084869385,1.3428045511245728,1.3426783084869385,1.3428045511245728,0
1785767700000,1.3428586721420288,1.3428586721420288,1.342588186264038,1.342588186264038,0
1785768000000,1.342570185661316,1.342984914779663,1.342570185661316,1.342984914779663,0
1785768300000,1.342984914779663,1.343111276626587,1.3428767919540405,1.343111276626587,0
1785768600000,1.3430570363998413,1.343273639678955,1.3430570363998413,1.343273639678955,0
1785768900000,1.3431291580200195,1.3431652784347534,1.3430931568145752,1.3431291580200195,0
1785769200000,1.3432555198669434,1.343418002128601,1.3432555198669434,1.343418002128601,0
1785769500000,1.3434721231460571,1.3434721231460571,1.3432375192642212,1.3432375192642212,0
1785769800000,1.343273639678955,1.3433457612991333,1.343273639678955,1.3433457612991333,0
1785770100000,1.3433277606964111,1.3433817625045776,1.3433096408843994,1.3433096408843994,0
1785770400000,1.3433457612991333,1.3434540033340454,1.3433457612991333,1.3434540033340454,0
1785770700000,1.3434540033340454,1.3434540033340454,1.3433096408843994,1.3433096408843994,0
1785771000000,1.3432915210723877,1.3432915210723877,1.3432193994522095,1.3432375192642212,0
1785771300000,1.343273639678955,1.3433096408843994,1.3432555198669434,1.3433096408843994,0
1785771600000,1.3433637619018555,1.3433637619018555,1.3431652784347534,1.3432915210723877,0
1785771900000,1.3432555198669434,1.3433457612991333,1.3432012796401978,1.3433457612991333,0
1785772200000,1.3433637619018555,1.3433637619018555,1.3432375192642212,1.3432375192642212,0
1785772500000,1.3431833982467651,1.3432555198669434,1.343111276626587,1.343111276626587,0
1785772800000,1.3431291580200195,1.3432375192642212,1.3431291580200195,1.3432375192642212,0
1785773100000,1.3432012796401978,1.3433277606964111,1.3431291580200195,1.3432012796401978,0
1785773400000,1.3431652784347534,1.3431652784347534,1.3429667949676514,1.3429667949676514,0
1785773700000,1.3429127931594849,1.342930793762207,1.3428946733474731,1.342930793762207,0
1785774000000,1.3429667949676514,1.3429667949676514,1.3428586721420288,1.3428586721420288,0
1785774300000,1.343075156211853,1.343075156211853,1.3429127931594849,1.3430390357971191,0
1785774600000,1.343021035194397,1.3431472778320312,1.343021035194397,1.3431291580200195,0
1785774900000,1.343111276626587,1.3432193994522095,1.343111276626587,1.343111276626587,0
1785775200000,1.3432012796401978,1.3432012796401978,1.343111276626587,1.3431291580200195,0
1785775500000,1.3431472778320312,1.3432012796401978,1.3431291580200195,1.3431291580200195,0
1785775800000,1.343075156211853,1.3431472778320312,1.3430390357971191,1.343075156211853,0
1785776100000,1.3431833982467651,1.3433998823165894,1.3431472778320312,1.3433637619018555,0
1785776400000,1.3430390357971191,1.3433277606964111,1.3427144289016724,1.3433277606964111,0
1785776700000,1.3429489135742188,1.3431652784347534,1.342822551727295,1.3431652784347534,0
1785777000000,1.3434358835220337,1.3434358835220337,1.3431291580200195,1.3431291580200195,0
1785777300000,1.343111276626587,1.3433277606964111,1.3429489135742188,1.343075156211853,0
1785777600000,1.343021035194397,1.343075156211853,1.342984914779663,1.342984914779663,0
1785777900000,1.3428946733474731,1.343075156211853,1.3428946733474731,1.3430029153823853,0
1785778200000,1.3429489135742188,1.3430570363998413,1.3428946733474731,1.3428946733474731,0
1785778500000,1.343021035194397,1.343021035194397,1.3429127931594849,1.3429489135742188,0
1785778800000,1.3429489135742188,1.3430931568145752,1.3428586721420288,1.3430931568145752,0
1785779100000,1.3429489135742188,1.3429489135742188,1.3428586721420288,1.3429127931594849,0
1785779400000,1.3429127931594849,1.3429127931594849,1.3425161838531494,1.3426783084869385,0
1785779700000,1.3428767919540405,1.342984914779663,1.342822551727295,1.342984914779663,0
1785780000000,1.3431833982467651,1.3431833982467651,1.3429127931594849,1.3429127931594849,0
1785780300000,1.3429667949676514,1.3429667949676514,1.3428946733474731,1.3428946733474731,0
1785780600000,1.342930793762207,1.3431472778320312,1.3428406715393066,1.3428406715393066,0
1785780900000,1.3428946733474731,1.3430390357971191,1.3428946733474731,1.343021035194397,0
1785781200000,1.3430029153823853,1.3430029153823853,1.3429489135742188,1.3429489135742188,0
1785781500000,1.342930793762207,1.342930793762207,1.342822551727295,1.3428767919540405,0
1785781800000,1.3429127931594849,1.342984914779663,1.3428767919540405,1.3428767919540405,0
1785782100000,1.3429489135742188,1.3429489135742188,1.3428767919540405,1.3428946733474731,0
1785782400000,1.3429127931594849,1.343021035194397,1.3429127931594849,1.343021035194397,0
1785782700000,1.3429489135742188,1.3430570363998413,1.3429489135742188,1.3430570363998413,0
1785783000000,1.3430931568145752,1.343111276626587,1.3430570363998413,1.3430570363998413,0
1785783300000,1.343021035194397,1.3430931568145752,1.343021035194397,1.3430931568145752,0
1785783600000,1.3431291580200195,1.3431291580200195,1.3429489135742188,1.3429667949676514,0
1785783900000,1.342984914779663,1.343075156211853,1.342984914779663,1.343021035194397,0
1785784200000,1.343021035194397,1.3431472778320312,1.3430029153823853,1.343075156211853,0
1785784500000,1.343075156211853,1.3431652784347534,1.3430029153823853,1.343075156211853,0
1785784800000,1.3430390357971191,1.343111276626587,1.342930793762207,1.342930793762207,0
1785785100000,1.342984914779663,1.3430570363998413,1.342984914779663,1.3430570363998413,0
1785785400000,1.343021035194397,1.343021035194397,1.342930793762207,1.3429489135742188,0
1785785700000,1.3427865505218506,1.3428406715393066,1.3427865505218506,1.3428406715393066,0
1785786000000,1.3428406715393066,1.3428406715393066,1.3427144289016724,1.3427504301071167,0
1785786300000,1.3427144289016724,1.3427504301071167,1.342588186264038,1.3427504301071167,0
1785786600000,1.3427685499191284,1.3427685499191284,1.3426783084869385,1.3426783084869385,0
1785786900000,1.3426603078842163,1.3427685499191284,1.3426603078842163,1.3427504301071167,0
1785787200000,1.3427685499191284,1.3428586721420288,1.3427685499191284,1.342822551727295,0
1785787500000,1.3427685499191284,1.3432375192642212,1.3427685499191284,1.3432375192642212,0
1785787800000,1.343021035194397,1.343021035194397,1.3427865505218506,1.3427865505218506,0
1785788100000,1.3427685499191284,1.3428946733474731,1.3427504301071167,1.3428406715393066,0
1785788400000,1.3428946733474731,1.3430390357971191,1.3428946733474731,1.342984914779663,0
1785788700000,1.3429489135742188,1.343075156211853,1.3428767919540405,1.3429489135742188,0
1785789000000,1.342822551727295,1.3432012796401978,1.342822551727295,1.3432012796401978,0
1785789300000,1.3431472778320312,1.3433096408843994,1.3431291580200195,1.3433096408843994,0
1785789600000,1.343075156211853,1.3432193994522095,1.343075156211853,1.3431652784347534,0
1785789900000,1.3431291580200195,1.3431291580200195,1.3428586721420288,1.3428586721420288,0
1785790200000,1.342822551727295,1.3429667949676514,1.3427144289016724,1.3428586721420288,0
1785790500000,1.3428406715393066,1.3428406715393066,1.3424440622329712,1.3424440622329712,0
1785790800000,1.3423179388046265,1.3423179388046265,1.3419936895370483,1.3419936895370483,0
1785791100000,1.3422818183898926,1.3423539400100708,1.3421558141708374,1.3422638177871704,0
1785791400000,1.3423539400100708,1.342480182647705,1.3423539400100708,1.3423900604248047,0
1785791700000,1.3424440622329712,1.3426783084869385,1.3424440622329712,1.3426783084869385,0
1785792000000,1.342624306678772,1.3426783084869385,1.3424980640411377,1.3426783084869385,0
1785792300000,1.3426964282989502,1.3426964282989502,1.3425161838531494,1.3425161838531494,0
1785792600000,1.342822551727295,1.342984914779663,1.342822551727295,1.342984914779663,0
1785792900000,1.3427865505218506,1.342930793762207,1.3427865505218506,1.342930793762207,0
1785793200000,1.3430570363998413,1.3431652784347534,1.3430029153823853,1.3431652784347534,0
1785793500000,1.3430931568145752,1.3431472778320312,1.342930793762207,1.342930793762207,0
1785793800000,1.3428586721420288,1.343021035194397,1.3428586721420288,1.3429667949676514,0
1785794100000,1.3430390357971191,1.3430390357971191,1.3428406715393066,1.3428406715393066,0
1785794400000,1.3429489135742188,1.342984914779663,1.3426783084869385,1.3426783084869385,0
1785794700000,1.3426424264907837,1.3429667949676514,1.3426424264907837,1.3429667949676514,0
1785795000000,1.3428767919540405,1.3432012796401978,1.3428767919540405,1.3430570363998413,0
1785795300000,1.3432012796401978,1.3432193994522095,1.343111276626587,1.343111276626587,0
1785795600000,1.3431291580200195,1.3431291580200195,1.3428946733474731,1.3428946733474731,0
1785795900000,1.342930793762207,1.342930793762207,1.3426964282989502,1.3428406715393066,0
1785796200000,1.3428406715393066,1.342930793762207,1.3427144289016724,1.342930793762207,0
1785796500000,1.3428045511245728,1.3430931568145752,1.3428045511245728,1.342984914779663,0
1785796800000,1.3430390357971191,1.3430390357971191,1.3429489135742188,1.3430390357971191,0
1785797100000,1.3430570363998413,1.3432555198669434,1.3430570363998413,1.3432555198669434,0
1785797400000,1.3433096408843994,1.3433096408843994,1.3430570363998413,1.3430570363998413,0
1785797700000,1.3430029153823853,1.3430029153823853,1.3428045511245728,1.3428045511245728,0
1785798000000,1.3431652784347534,1.3431652784347534,1.3429127931594849,1.3429127931594849,0
1785798300000,1.3428406715393066,1.3428406715393066,1.3427504301071167,1.3427685499191284,0
1785798600000,1.3429127931594849,1.3429489135742188,1.3428045511245728,1.3428045511245728,0
1785798900000,1.3429127931594849,1.342984914779663,1.3428586721420288,1.3428586721420288,0
1785799200000,1.342984914779663,1.3431472778320312,1.342984914779663,1.3431472778320312,0
1785799500000,1.3431291580200195,1.3431833982467651,1.3430931568145752,1.3431652784347534,0
1785799800000,1.3432193994522095,1.3432193994522095,1.343111276626587,1.3431652784347534,0
1785800100000,1.343111276626587,1.3431652784347534,1.342822551727295,1.342822551727295,0
1785800400000,1.3426603078842163,1.3426603078842163,1.342588186264038,1.342588186264038,0
1785800700000,1.342588186264038,1.3427504301071167,1.342588186264038,1.3426783084869385,0
1785801000000,1.3427324295043945,1.342822551727295,1.3426964282989502,1.342822551727295,0
1785801300000,1.3426964282989502,1.3427324295043945,1.3426603078842163,1.3427324295043945,0
1785801600000,1.3426964282989502,1.3426964282989502,1.342588186264038,1.3426964282989502,0
1785801900000,1.342588186264038,1.342588186264038,1.3424980640411377,1.3425341844558716,0
1785802200000,1.342480182647705,1.3425341844558716,1.342480182647705,1.3425341844558716,0
1785802500000,1.3425341844558716,1.342588186264038,1.3425341844558716,1.342570185661316,0
1785802800000,1.342570185661316,1.3426424264907837,1.342570185661316,1.3426424264907837,0
1785803100000,1.342588186264038,1.3426783084869385,1.3425521850585938,1.342570185661316,0
1785803400000,1.342624306678772,1.342624306678772,1.3425521850585938,1.3425521850585938,0
1785803700000,1.3425161838531494,1.3425341844558716,1.3424440622329712,1.3425341844558716,0
1785804000000,1.3425341844558716,1.342588186264038,1.342480182647705,1.342480182647705,0
1785804300000,1.3425161838531494,1.3426063060760498,1.3425161838531494,1.342570185661316,0
1785804600000,1.3425521850585938,1.3426603078842163,1.342480182647705,1.3426603078842163,0
1785804900000,1.3426603078842163,1.3427144289016724,1.3426603078842163,1.3426783084869385,0
1785805200000,1.3426424264907837,1.3426603078842163,1.342570185661316,1.3426063060760498,0
1785805500000,1.342624306678772,1.342624306678772,1.342426061630249,1.342426061630249,0
1785805800000,1.342480182647705,1.342480182647705,1.3422459363937378,1.3422459363937378,0
1785806100000,1.3422459363937378,1.3422638177871704,1.3421918153762817,1.3422638177871704,0
1785806400000,1.3422818183898926,1.3425341844558716,1.3422818183898926,1.3425341844558716,0
1785806700000,1.3425161838531494,1.3425521850585938,1.3425161838531494,1.3425521850585938,0
1785807000000,1.3426424264907837,1.3426424264907837,1.3423900604248047,1.3423900604248047,0
1785807300000,1.3423900604248047,1.3423900604248047,1.3422818183898926,1.3422818183898926,0
1785807600000,1.3421918153762817,1.3422818183898926,1.3421378135681152,1.342209815979004,0
1785807900000,1.3420838117599487,1.3421918153762817,1.3420296907424927,1.3421918153762817,0
1785808200000,1.3421558141708374,1.3422459363937378,1.3421558141708374,1.342209815979004,0
1785808500000,1.3424440622329712,1.342588186264038,1.3424440622329712,1.3425161838531494,0
1785808800000,1.342588186264038,1.342588186264038,1.3423539400100708,1.3425341844558716,0
1785809100000,1.342624306678772,1.342624306678772,1.3424620628356934,1.342624306678772,0
1785809400000,1.3426783084869385,1.3427865505218506,1.3424079418182373,1.3427865505218506,0
1785809700000,1.342822551727295,1.342822551727295,1.3427685499191284,1.3427685499191284,0
1785810000000,1.342984914779663,1.3432375192642212,1.3429127931594849,1.3431472778320312,0
1785810300000,1.3431833982467651,1.3431833982467651,1.342822551727295,1.342822551727295,0
1785810600000,1.3427504301071167,1.3432012796401978,1.3427504301071167,1.3432012796401978,0
1785810900000,1.343111276626587,1.3432012796401978,1.343021035194397,1.343021035194397,0
1785811200000,1.343021035194397,1.343021035194397,1.3427685499191284,1.3428586721420288,0
1785811500000,1.3427685499191284,1.342984914779663,1.3427685499191284,1.3428586721420288,0
1785811800000,1.3428767919540405,1.3429127931594849,1.3427504301071167,1.3427504301071167,0
1785812100000,1.342930793762207,1.342984914779663,1.3428767919540405,1.3429127931594849,0
1785812400000,1.343111276626587,1.343418002128601,1.3430931568145752,1.343418002128601,0
1785812700000,1.3431472778320312,1.3432375192642212,1.342984914779663,1.3432193994522095,0
1785813000000,1.3432375192642212,1.3432915210723877,1.3431472778320312,1.3431472778320312,0
1785813300000,1.3434358835220337,1.3435261249542236,1.3433637619018555,1.3434721231460571,0
1785813600000,1.3436344861984253,1.3439054489135742,1.3434721231460571,1.3439054489135742,0
1785813900000,1.343706727027893,1.343706727027893,1.3433457612991333,1.3434721231460571,0
1785814200000,1.3434721231460571,1.3436886072158813,1.3434358835220337,1.3436886072158813,0
1785814500000,1.343706727027893,1.3437248468399048,1.3435442447662354,1.3435803651809692,0
1785814800000,1.3435803651809692,1.3436344861984253,1.3434358835220337,1.3434721231460571,0
1785815100000,1.3434540033340454,1.3435442447662354,1.3433817625045776,1.3434540033340454,0
1785815400000,1.3435261249542236,1.3437789678573608,1.3435261249542236,1.3437789678573608,0
1785815700000,1.343706727027893,1.3438150882720947,1.3436707258224487,1.3436707258224487,0
1785816000000,1.343706727027893,1.3438512086868286,1.343706727027893,1.3437970876693726,0
1785816300000,1.3435442447662354,1.3437970876693726,1.3435442447662354,1.3436886072158813,0
1785816600000,1.3435261249542236,1.3435261249542236,1.3433637619018555,1.3434721231460571,0
1785816900000,1.3434721231460571,1.3437248468399048,1.3434721231460571,1.3434901237487793,0
1785817200000,1.3435261249542236,1.3435983657836914,1.3434721231460571,1.3435442447662354,0
1785817500000,1.3433817625045776,1.3439595699310303,1.3433817625045776,1.3439595699310303,0
1785817800000,1.3439054489135742,1.3439595699310303,1.3435442447662354,1.343706727027893,0
1785818100000,1.3436707258224487,1.3437970876693726,1.3434721231460571,1.3437970876693726,0
1785818400000,1.3438873291015625,1.344085931777954,1.3438873291015625,1.344085931777954,0
1785818700000,1.3439234495162964,1.3440680503845215,1.3437970876693726,1.3440680503845215,0
1785819000000,1.344085931777954,1.3441944122314453,1.3440499305725098,1.344085931777954,0
1785819300000,1.3441040515899658,1.344266653060913,1.3441040515899658,1.344266653060913,0
1785819600000,1.3442305326461792,1.3442305326461792,1.343977689743042,1.343977689743042,0
1785819900000,1.3439595699310303,1.343977689743042,1.343742847442627,1.343977689743042,0
1785820200000,1.3438150882720947,1.3440680503845215,1.3438150882720947,1.3440680503845215,0
1785820500000,1.3440499305725098,1.3441221714019775,1.3440136909484863,1.3441221714019775,0
1785820800000,1.3441762924194336,1.3441762924194336,1.3439595699310303,1.3441582918167114,0
1785821100000,1.3442305326461792,1.3443028926849365,1.3441944122314453,1.344266653060913,0
1785821400000,1.344248652458191,1.3443028926849365,1.3440680503845215,1.3443028926849365,0
1785821700000,1.3441944122314453,1.3441944122314453,1.3439414501190186,1.3439414501190186,0
1785822000000,1.344031810760498,1.3440680503845215,1.3439956903457642,1.3439956903457642,0
1785822300000,1.3439414501190186,1.344248652458191,1.3439414501190186,1.344248652458191,0
1785822600000,1.3441402912139893,1.3441402912139893,1.3439234495162964,1.3439956903457642,0
1785822900000,1.3439956903457642,1.3441944122314453,1.3439956903457642,1.3441944122314453,0
1785823200000,1.3441944122314453,1.3443571329116821,1.3441582918167114,1.3443028926849365,0
1785823500000,1.3442847728729248,1.3443571329116821,1.3442847728729248,1.3443571329116821,0
1785823800000,1.3443751335144043,1.34442937374115,1.3443390130996704,1.34442937374115,0
1785824100000,1.3442847728729248,1.3442847728729248,1.344031810760498,1.344085931777954,0
1785824400000,1.3441402912139893,1.3442305326461792,1.3441402912139893,1.3441762924194336,0
1785824700000,1.3441582918167114,1.3441582918167114,1.344031810760498,1.344031810760498,0
1785825000000,1.3441762924194336,1.3441762924194336,1.3438512086868286,1.3438873291015625,0
1785825300000,1.3440136909484863,1.3441221714019775,1.3438873291015625,1.3439234495162964,0
1785825600000,1.3439234495162964,1.34442937374115,1.3438512086868286,1.34442937374115,0
1785825900000,1.3446282148361206,1.3448994159698486,1.3446102142333984,1.3446102142333984,0
1785826200000,1.3443751335144043,1.34442937374115,1.3443208932876587,1.34442937374115,0
1785826500000,1.3444112539291382,1.3445016145706177,1.3443028926849365,1.3443028926849365,0
1785826800000,1.3441762924194336,1.3442847728729248,1.3441762924194336,1.344248652458191,0
1785827100000,1.3441582918167114,1.344266653060913,1.3441582918167114,1.344266653060913,0
1785827400000,1.3443208932876587,1.344483494758606,1.3443208932876587,1.3444474935531616,0
1785827700000,1.3444656133651733,1.3445558547973633,1.3444656133651733,1.3445016145706177,0
1785828000000,1.3446462154388428,1.3447729349136353,1.3446462154388428,1.3446824550628662,0
1785828300000,1.3448271751403809,1.3449898958206177,1.3447729349136353,1.3449898958206177,0
1785828600000,1.344935655593872,1.345279335975647,1.344935655593872,1.3451708555221558,0
1785828900000,1.345243215560913,1.3454241752624512,1.345152735710144,1.3454241752624512,0
1785829200000,1.3451708555221558,1.3453880548477173,1.3450441360473633,1.3452974557876587,0
1785829500000,1.3452069759368896,1.3452069759368896,1.3446824550628662,1.3446824550628662,0
1785829800000,1.3445920944213867,1.3448271751403809,1.3445197343826294,1.3445197343826294,0
1785830100000,1.3446282148361206,1.3449175357818604,1.3446282148361206,1.3447185754776,0
1785830400000,1.3447909355163574,1.344881296157837,1.3446102142333984,1.3446102142333984,0
1785830700000,1.3446102142333984,1.3446643352508545,1.3445197343826294,1.3445378541946411,0
1785831000000,1.3446643352508545,1.3447548151016235,1.3446282148361206,1.3446282148361206,0
1785831300000,1.3446282148361206,1.3447366952896118,1.3446102142333984,1.3446102142333984,0
1785831600000,1.3446462154388428,1.3448271751403809,1.3445197343826294,1.3448271751403809,0
1785831900000,1.3448090553283691,1.3448090553283691,1.3445558547973633,1.3445558547973633,0
1785832200000,1.3446824550628662,1.3451708555221558,1.3446824550628662,1.3451708555221558,0
1785832500000,1.3452612161636353,1.3453338146209717,1.345243215560913,1.3452974557876587,0
1785832800000,1.345243215560913,1.3454785346984863,1.345243215560913,1.3453338146209717,0
1785833100000,1.345188856124878,1.345188856124878,1.3449536561965942,1.3449536561965942,0
1785833400000,1.3449536561965942,1.3449536561965942,1.3444656133651733,1.3444656133651733,0
1785833700000,1.34442937374115,1.3445016145706177,1.3443390130996704,1.3443931341171265,0
1785834000000,1.3443571329116821,1.3443571329116821,1.3439595699310303,1.3439595699310303,0
1785834300000,1.3440499305725098,1.3440680503845215,1.3439414501190186,1.3439414501190186,0
1785834600000,1.3441944122314453,1.3442305326461792,1.3441762924194336,1.3442305326461792,0
1785834900000,1.344212532043457,1.344212532043457,1.3439054489135742,1.3439234495162964,0
1785835200000,1.3446102142333984,1.344971776008606,1.3445378541946411,1.3447366952896118,0
1785835500000,1.3446643352508545,1.3446643352508545,1.3443390130996704,1.3443390130996704,0
1785835800000,1.3444656133651733,1.3446824550628662,1.3444112539291382,1.3446824550628662,0
1785836100000,1.3448452949523926,1.3448632955551147,1.344700574874878,1.3448632955551147,0
1785836400000,1.3449175357818604,1.3450260162353516,1.3448632955551147,1.344971776008606,0
1785836700000,1.345062255859375,1.345152735710144,1.3449898958206177,1.345062255859375,0
1785837000000,1.3448452949523926,1.3449175357818604,1.3446643352508545,1.3449175357818604,0
1785837300000,1.3448452949523926,1.3448452949523926,1.344573974609375,1.3447548151016235,0
1785837600000,1.3448090553283691,1.3451164960861206,1.3448090553283691,1.3451164960861206,0
1785837900000,1.344971776008606,1.3455508947372437,1.344971776008606,1.345279335975647,0
1785838200000,1.3454241752624512,1.3454241752624512,1.345152735710144,1.345152735710144,0
1785838500000,1.3453518152236938,1.345496654510498,1.345062255859375,1.345062255859375,0
1785838800000,1.345152735710144,1.3453155755996704,1.345152735710144,1.345243215560913,0
1785839100000,1.3451708555221558,1.3453518152236938,1.3451708555221558,1.3452250957489014,0
1785839400000,1.345062255859375,1.345279335975647,1.345062255859375,1.3451164960861206,0
1785839700000,1.3448090553283691,1.3451164960861206,1.3448090553283691,1.3451164960861206,0
1785840000000,1.3452612161636353,1.345279335975647,1.3450984954833984,1.345279335975647,0
1785840300000,1.3450260162353516,1.3450260162353516,1.3446462154388428,1.3447548151016235,0
1785840600000,1.3448090553283691,1.3451346158981323,1.3447366952896118,1.3447366952896118,0
1785840900000,1.3445378541946411,1.3447909355163574,1.3444656133651733,1.3447548151016235,0
1785841200000,1.3447185754776,1.3448632955551147,1.3446102142333984,1.3448632955551147,0
1785841500000,1.3447548151016235,1.3448090553283691,1.3446102142333984,1.3446102142333984,0
1785841800000,1.3445920944213867,1.3446102142333984,1.34442937374115,1.3445197343826294,0
1785842100000,1.344266653060913,1.3443931341171265,1.344266653060913,1.3443028926849365,0
1785842400000,1.3443028926849365,1.3444656133651733,1.3443028926849365,1.3444656133651733,0
1785842700000,1.3445016145706177,1.3446462154388428,1.3445016145706177,1.3446462154388428,0
1785843000000,1.3446462154388428,1.3446462154388428,1.344483494758606,1.3445378541946411,0
1785843300000,1.344483494758606,1.3450260162353516,1.344483494758606,1.3449175357818604,0
1785843600000,1.3449536561965942,1.3450260162353516,1.3448632955551147,1.3450260162353516,0
1785843900000,1.3451164960861206,1.345188856124878,1.344971776008606,1.3450441360473633,0
1785844200000,1.3451708555221558,1.3452974557876587,1.3451708555221558,1.345243215560913,0
1785844500000,1.3453338146209717,1.345569133758545,1.3453338146209717,1.345442295074463,0
1785844800000,1.3454604148864746,1.3454604148864746,1.345062255859375,1.3451164960861206,0
1785845100000,1.3450441360473633,1.3451164960861206,1.3448994159698486,1.3451164960861206,0
1785845400000,1.345243215560913,1.3456233739852905,1.345243215560913,1.3453518152236938,0
1785845700000,1.3452250957489014,1.3453699350357056,1.3451708555221558,1.3453699350357056,0
1785846000000,1.345406174659729,1.345406174659729,1.3451164960861206,1.3451164960861206,0
1785846300000,1.345188856124878,1.3453338146209717,1.345188856124878,1.345188856124878,0
1785846600000,1.3451164960861206,1.3451164960861206,1.344971776008606,1.344971776008606,0
1785846900000,1.3449175357818604,1.344971776008606,1.3447909355163574,1.3447909355163574,0
1785847200000,1.3448632955551147,1.3449898958206177,1.3448090553283691,1.3449898958206177,0
1785847500000,1.3450260162353516,1.345062255859375,1.344881296157837,1.3449175357818604,0
1785847800000,1.3447909355163574,1.3449175357818604,1.3447185754776,1.3447366952896118,0
1785848100000,1.3446643352508545,1.3447185754776,1.3446282148361206,1.3446824550628662,0
1785848400000,1.3448632955551147,1.344881296157837,1.3447185754776,1.3447366952896118,0
1785848700000,1.3447548151016235,1.3447548151016235,1.3445920944213867,1.3445920944213867,0
1785849000000,1.3445920944213867,1.344700574874878,1.3445197343826294,1.344700574874878,0
1785849300000,1.3445016145706177,1.3445016145706177,1.3443208932876587,1.3444474935531616,0
1785849600000,1.344573974609375,1.344573974609375,1.3443571329116821,1.3443571329116821,0
1785849900000,1.3443208932876587,1.3444112539291382,1.344248652458191,1.344248652458191,0
1785850200000,1.344266653060913,1.344266653060913,1.3441582918167114,1.3441582918167114,0
1785850500000,1.3442847728729248,1.3443571329116821,1.3442847728729248,1.3443571329116821,0
1785850800000,1.3444474935531616,1.344573974609375,1.3443571329116821,1.344573974609375,0
1785851100000,1.344483494758606,1.344573974609375,1.344483494758606,1.3445558547973633,0
1785851400000,1.3445197343826294,1.3445197343826294,1.3444474935531616,1.3444656133651733,0
1785851700000,1.3445558547973633,1.344573974609375,1.34442937374115,1.34442937374115,0
1785852000000,1.3444474935531616,1.3444474935531616,1.3442305326461792,1.3443028926849365,0
1785852300000,1.3443931341171265,1.3445016145706177,1.3443571329116821,1.3443571329116821,0
1785852600000,1.344212532043457,1.3442305326461792,1.3441582918167114,1.3441582918167114,0
1785852900000,1.3441944122314453,1.3441944122314453,1.3441221714019775,1.3441944122314453,0
1785853200000,1.3441762924194336,1.3443208932876587,1.3441582918167114,1.3442847728729248,0
1785853500000,1.3442847728729248,1.3442847728729248,1.3441402912139893,1.3441944122314453,0
1785853800000,1.3441582918167114,1.3441582918167114,1.344031810760498,1.344085931777954,0
1785854100000,1.3441762924194336,1.344212532043457,1.3441402912139893,1.3441762924194336,0
1785854400000,1.3441402912139893,1.3443571329116821,1.3441402912139893,1.3443571329116821,0
1785854700000,1.34442937374115,1.3444474935531616,1.3444112539291382,1.34442937374115,0
1785855000000,1.3445016145706177,1.3448452949523926,1.3445016145706177,1.3448452949523926,0
1785855300000,1.3450984954833984,1.3452974557876587,1.3450984954833984,1.3452974557876587,0
1785855600000,1.3452612161636353,1.345279335975647,1.3451346158981323,1.3451346158981323,0
1785855900000,1.345243215560913,1.3453880548477173,1.345243215560913,1.3453880548477173,0
1785856200000,1.3453880548477173,1.3453880548477173,1.3450984954833984,1.3450984954833984,0
1785856500000,1.3451708555221558,1.3451708555221558,1.3450441360473633,1.345062255859375,0
1785856800000,1.3449898958206177,1.345062255859375,1.3449898958206177,1.3450260162353516,0
1785857100000,1.344971776008606,1.3451708555221558,1.344971776008606,1.3451708555221558,0
1785857400000,1.3451708555221558,1.3451708555221558,1.3449536561965942,1.3449536561965942,0
1785857700000,1.3450803756713867,1.3452069759368896,1.3450260162353516,1.345152735710144,0
1785858000000,1.3450441360473633,1.3451708555221558,1.3450441360473633,1.3450441360473633,0
1785858300000,1.3450984954833984,1.3451346158981323,1.3450803756713867,1.3450803756713867,0
1785858600000,1.3450080156326294,1.3451164960861206,1.344971776008606,1.3450260162353516,0
1785858900000,1.3450441360473633,1.3451346158981323,1.3450441360473633,1.3450803756713867,0
1785859200000,1.345188856124878,1.345188856124878,1.345152735710144,1.3451708555221558,0
1785859500000,1.3451708555221558,1.3452612161636353,1.345152735710144,1.345243215560913,0
1785859800000,1.345279335975647,1.345279335975647,1.3452250957489014,1.345243215560913,0
1785860100000,1.3452250957489014,1.3453518152236938,1.3452250957489014,1.3452612161636353,0
1785860400000,1.3453880548477173,1.345406174659729,1.3453699350357056,1.3453699350357056,0
1785860700000,1.3454241752624512,1.3454604148864746,1.3453155755996704,1.3453155755996704,0
1785861000000,1.3452250957489014,1.345279335975647,1.3452250957489014,1.345279335975647,0
1785861300000,1.345279335975647,1.345279335975647,1.3451346158981323,1.3451346158981323,0
1785861600000,1.3450803756713867,1.3451346158981323,1.3450441360473633,1.3450441360473633,0
1785861900000,1.3451708555221558,1.345243215560913,1.3451164960861206,1.345243215560913,0
1785862200000,1.3452250957489014,1.345243215560913,1.3452069759368896,1.345243215560913,0
1785862500000,1.345243215560913,1.3454604148864746,1.345243215560913,1.345279335975647,0
1785862800000,1.3450260162353516,1.3450441360473633,1.3446462154388428,1.3448090553283691,0
1785863100000,1.3450441360473633,1.3450441360473633,1.3447366952896118,1.3447729349136353,0
1785863400000,1.344700574874878,1.3449175357818604,1.3446102142333984,1.3449175357818604,0
1785863700000,1.344935655593872,1.3454604148864746,1.3448994159698486,1.3454604148864746,0
1785864000000,1.3454241752624512,1.3454241752624512,1.3448632955551147,1.3449536561965942,0
1785864300000,1.344971776008606,1.3450441360473633,1.3449175357818604,1.3449175357818604,0
1785864600000,1.3451164960861206,1.3451164960861206,1.3449536561965942,1.3450080156326294,0
1785864900000,1.3449898958206177,1.3449898958206177,1.3445920944213867,1.344971776008606,0
1785865200000,1.3449898958206177,1.3449898958206177,1.3447909355163574,1.3447909355163574,0
1785865500000,1.3447548151016235,1.3448994159698486,1.3447548151016235,1.3448994159698486,0
1785865800000,1.344881296157837,1.345188856124878,1.3448452949523926,1.345188856124878,0
1785866100000,1.345279335975647,1.345279335975647,1.3449536561965942,1.3450260162353516,0
1785866400000,1.345243215560913,1.345243215560913,1.344881296157837,1.3450080156326294,0
1785866700000,1.344971776008606,1.3451346158981323,1.344971776008606,1.345062255859375,0
1785867000000,1.345152735710144,1.345152735710144,1.3451164960861206,1.3451164960861206,0
1785867300000,1.3450984954833984,1.3451346158981323,1.3450803756713867,1.3450803756713867,0
1785867600000,1.3450984954833984,1.345188856124878,1.3450441360473633,1.3451164960861206,0
1785867900000,1.3450803756713867,1.3451346158981323,1.3450441360473633,1.3451346158981323,0
1785868200000,1.345188856124878,1.345188856124878,1.345062255859375,1.345188856124878,0
1785868500000,1.3452069759368896,1.3453155755996704,1.3452069759368896,1.3453155755996704,0
1785868800000,1.345279335975647,1.3453155755996704,1.3452250957489014,1.3452250957489014,0
1785869100000,1.3451346158981323,1.3451346158981323,1.3450441360473633,1.3450803756713867,0
1785869400000,1.345062255859375,1.3451708555221558,1.345062255859375,1.3451346158981323,0
1785869700000,1.3451346158981323,1.345152735710144,1.3451346158981323,1.345152735710144,0
1785870000000,1.345152735710144,1.345152735710144,1.3448994159698486,1.345062255859375,0
1785870300000,1.3450260162353516,1.3452250957489014,1.3450260162353516,1.3452250957489014,0
1785870600000,1.3451164960861206,1.345152735710144,1.3451164960861206,1.3451346158981323,0
1785870900000,1.3451346158981323,1.3451346158981323,1.3449898958206177,1.3449898958206177,0
1785871200000,1.3450441360473633,1.3450803756713867,1.3450080156326294,1.3450803756713867,0
1785871500000,1.344971776008606,1.3450260162353516,1.344935655593872,1.344935655593872,0
1785871800000,1.344971776008606,1.344971776008606,1.3449175357818604,1.3449536561965942,0
1785872100000,1.3449536561965942,1.3450080156326294,1.3448271751403809,1.3450080156326294,0
1785872400000,1.3449898958206177,1.3449898958206177,1.3448452949523926,1.3448452949523926,0
1785872700000,1.3449536561965942,1.3449898958206177,1.3449536561965942,1.344971776008606,0
1785873000000,1.3450260162353516,1.3450441360473633,1.344935655593872,1.344935655593872,0
1785873300000,1.3450441360473633,1.3451346158981323,1.3450441360473633,1.3451346158981323,0
1785873600000,1.3450441360473633,1.345243215560913,1.3450441360473633,1.345152735710144,0
1785873900000,1.345243215560913,1.3452974557876587,1.345152735710144,1.345152735710144,0
1785874200000,1.345152735710144,1.345188856124878,1.3450984954833984,1.345188856124878,0
1785874500000,1.345152735710144,1.3453338146209717,1.345152735710144,1.3452974557876587,0
1785874800000,1.3452612161636353,1.345569133758545,1.3452612161636353,1.345532774925232,0
1785875100000,1.345532774925232,1.345569133758545,1.345532774925232,1.3455508947372437,0
1785875400000,1.345532774925232,1.345569133758545,1.3454785346984863,1.3454785346984863,0
1785875700000,1.3453155755996704,1.345587134361267,1.3453155755996704,1.345587134361267,0
1785876000000,1.345587134361267,1.345587134361267,1.3452974557876587,1.3452974557876587,0
1785876300000,1.3450984954833984,1.3450984954833984,1.3449898958206177,1.3449898958206177,0
1785876600000,1.3450260162353516,1.3452612161636353,1.3450260162353516,1.3452612161636353,0
1785876900000,1.345243215560913,1.3453699350357056,1.3450984954833984,1.3450984954833984,0
1785877200000,1.3449898958206177,1.3449898958206177,1.3448452949523926,1.3448452949523926,0
1785877500000,1.3449175357818604,1.3451346158981323,1.3449175357818604,1.3451346158981323,0
1785877800000,1.345062255859375,1.345062255859375,1.3448271751403809,1.3449536561965942,0
1785878100000,1.344971776008606,1.3451164960861206,1.344971776008606,1.3451164960861206,0
1785878400000,1.344935655593872,1.344935655593872,1.3446102142333984,1.3446102142333984,0
1785878700000,1.3446282148361206,1.3446824550628662,1.3445558547973633,1.3446824550628662,0
1785879000000,1.3447548151016235,1.3447548151016235,1.3446102142333984,1.3446824550628662,0
1785879300000,1.3446282148361206,1.3446462154388428,1.3445016145706177,1.3445016145706177,0
1785879600000,1.3445378541946411,1.3445920944213867,1.3445197343826294,1.3445920944213867,0
1785879900000,1.3446462154388428,1.3446643352508545,1.3445197343826294,1.3445558547973633,0
1785880200000,1.344573974609375,1.3446824550628662,1.344573974609375,1.3446824550628662,0
1785880500000,1.3446462154388428,1.3446824550628662,1.3446102142333984,1.3446102142333984,0
1785880800000,1.3446643352508545,1.3448090553283691,1.3446643352508545,1.3448090553283691,0
1785881100000,1.3449175357818604,1.3450080156326294,1.3449175357818604,1.344971776008606,0
1785881400000,1.3449175357818604,1.3449536561965942,1.3448271751403809,1.3449536561965942,0
1785881700000,1.3449175357818604,1.344935655593872,1.3448452949523926,1.344935655593872,0
1785882000000,1.3451708555221558,1.3452069759368896,1.3451164960861206,1.3451708555221558,0
1785882300000,1.345406174659729,1.345406174659729,1.345188856124878,1.345188856124878,0
1785882600000,1.3452612161636353,1.3454241752624512,1.3451708555221558,1.3453699350357056,0
1785882900000,1.3453699350357056,1.3455508947372437,1.3453518152236938,1.345532774925232,0
1785883200000,1.3456052541732788,1.3458225727081299,1.3456052541732788,1.3458225727081299,0
1785883500000,1.345750093460083,1.345750093460083,1.3456414937973022,1.3456414937973022,0
1785883800000,1.3456957340240479,1.3456957340240479,1.3454785346984863,1.3456594944000244,0
1785884100000,1.3456233739852905,1.3457139730453491,1.3453699350357056,1.3453699350357056,0
1785884400000,1.345532774925232,1.345750093460083,1.345532774925232,1.345750093460083,0
1785884700000,1.3458588123321533,1.3459855318069458,1.3458406925201416,1.3459855318069458,0
1785885000000,1.3459312915802002,1.345949411392212,1.345913052558899,1.3459312915802002,0
1785885300000,1.3459855318069458,1.3460036516189575,1.345876932144165,1.345876932144165,0
1785885600000,1.3458950519561768,1.3458950519561768,1.3458044528961182,1.3458406925201416,0
1785885900000,1.3458406925201416,1.3458406925201416,1.3456594944000244,1.3457139730453491,0
1785886200000,1.3456052541732788,1.3456957340240479,1.3456052541732788,1.3456776142120361,0
1785886500000,1.3456052541732788,1.3456414937973022,1.3456052541732788,1.3456233739852905,0
1785886800000,1.3456414937973022,1.3456414937973022,1.3455508947372437,1.345587134361267,0
1785887100000,1.3456233739852905,1.3456594944000244,1.345569133758545,1.345569133758545,0
1785887400000,1.3456957340240479,1.3457320928573608,1.3456594944000244,1.3456594944000244,0
1785887700000,1.3456233739852905,1.3456957340240479,1.3456233739852905,1.3456233739852905,0
1785888000000,1.3456594944000244,1.3457863330841064,1.3456594944000244,1.3457863330841064,0
1785888300000,1.3458225727081299,1.3459312915802002,1.3458044528961182,1.345876932144165,0
1785888600000,1.3458225727081299,1.3458588123321533,1.3458225727081299,1.3458406925201416,0
1785888900000,1.3458044528961182,1.3459855318069458,1.3458044528961182,1.3459675312042236,0
1785889200000,1.3459312915802002,1.3459855318069458,1.3459312915802002,1.3459855318069458,0
1785889500000,1.3459855318069458,1.3460036516189575,1.345949411392212,1.345949411392212,0
1785889800000,1.3459312915802002,1.345949411392212,1.345876932144165,1.345876932144165,0
1785890100000,1.345913052558899,1.345913052558899,1.345750093460083,1.3457863330841064,0
1785890400000,1.345876932144165,1.345876932144165,1.3456957340240479,1.3456957340240479,0
1785890700000,1.3456957340240479,1.3458044528961182,1.3456594944000244,1.3456594944000244,0
1785891000000,1.3456414937973022,1.3456414937973022,1.3455146551132202,1.345532774925232,0
1785891300000,1.3455508947372437,1.3455508947372437,1.345442295074463,1.345532774925232,0
1785891600000,1.345532774925232,1.345532774925232,1.3452069759368896,1.3452069759368896,0
1785891900000,1.3452612161636353,1.3453880548477173,1.3452612161636353,1.3453880548477173,0
1785892200000,1.3453155755996704,1.3454604148864746,1.3452974557876587,1.3454604148864746,0
1785892500000,1.3454604148864746,1.3454785346984863,1.3454241752624512,1.3454604148864746,0
1785892800000,1.3455146551132202,1.345532774925232,1.3455146551132202,1.345532774925232,0
1785893100000,1.345569133758545,1.3456233739852905,1.345496654510498,1.345496654510498,0
1785893400000,1.345587134361267,1.3456957340240479,1.345532774925232,1.345532774925232,0
1785893700000,1.345569133758545,1.3456594944000244,1.345569133758545,1.3456594944000244,0
1785894000000,1.3456414937973022,1.3456594944000244,1.3456052541732788,1.3456594944000244,0
1785894300000,1.3456776142120361,1.3458588123321533,1.3456776142120361,1.345750093460083,0
1785894600000,1.3457863330841064,1.3457863330841064,1.3455146551132202,1.345532774925232,0
1785894900000,1.3457139730453491,1.345750093460083,1.3456414937973022,1.3456414937973022,0
1785895200000,1.345587134361267,1.345750093460083,1.345587134361267,1.345750093460083,0
1785895500000,1.3457863330841064,1.345876932144165,1.3457320928573608,1.3458044528961182,0
1785895800000,1.345876932144165,1.345913052558899,1.3457863330841064,1.3458406925201416,0
1785896100000,1.3456233739852905,1.3456233739852905,1.3452974557876587,1.3453699350357056,0
1785896400000,1.345532774925232,1.345532774925232,1.3454241752624512,1.345532774925232,0
1785896700000,1.3454241752624512,1.3454241752624512,1.3453155755996704,1.3453518152236938,0
1785897000000,1.3451708555221558,1.345587134361267,1.3451708555221558,1.345587134361267,0
1785897300000,1.3456052541732788,1.3460400104522705,1.3456052541732788,1.3460400104522705,0
1785897600000,1.3460580110549927,1.3464205265045166,1.3460580110549927,1.3464205265045166,0
1785897900000,1.3464386463165283,1.3466562032699585,1.3464386463165283,1.3466018438339233,0
1785898200000,1.3465293645858765,1.346619963645935,1.3464205265045166,1.3464205265045166,0
1785898500000,1.3466018438339233,1.34678316116333,1.3466018438339233,1.34678316116333,0
1785898800000,1.34678316116333,1.34678316116333,1.3463118076324463,1.3463118076324463,0
1785899100000,1.34645676612854,1.34645676612854,1.346166729927063,1.3462755680084229,0
1785899400000,1.346203088760376,1.346203088760376,1.3458225727081299,1.3458588123321533,0
1785899700000,1.3459312915802002,1.3460400104522705,1.345876932144165,1.3460400104522705,0
1785900000000,1.346166729927063,1.3462392091751099,1.3460218906402588,1.3460218906402588,0
1785900300000,1.3460942506790161,1.3460942506790161,1.345876932144165,1.345876932144165,0
1785900600000,1.3459855318069458,1.3460580110549927,1.3458950519561768,1.3460580110549927,0
1785900900000,1.345876932144165,1.3461486101150513,1.345876932144165,1.3461486101150513,0
1785901200000,1.3462392091751099,1.3462755680084229,1.346130609512329,1.3462392091751099,0
1785901500000,1.346166729927063,1.346203088760376,1.3460761308670044,1.3460942506790161,0
1785901800000,1.346166729927063,1.346203088760376,1.3460580110549927,1.346130609512329,0
1785902100000,1.3463118076324463,1.3468012809753418,1.3463118076324463,1.3468012809753418,0
1785902400000,1.3469645977020264,1.3469645977020264,1.3466380834579468,1.3466380834579468,0
1785902700000,1.3465293645858765,1.3465293645858765,1.3463661670684814,1.3463661670684814,0
1785903000000,1.3462574481964111,1.34645676612854,1.3462574481964111,1.3462574481964111,0
1785903300000,1.346329927444458,1.346728801727295,1.346329927444458,1.3466744422912598,0
1785903600000,1.346765160560608,1.3468012809753418,1.3465473651885986,1.3465473651885986,0
1785903900000,1.3465837240219116,1.3467469215393066,1.3465837240219116,1.3467469215393066,0
1785904200000,1.346982717514038,1.346982717514038,1.3466744422912598,1.3466744422912598,0
1785904500000,1.346692442893982,1.346692442893982,1.346166729927063,1.346166729927063,0
1785904800000,1.3459675312042236,1.3459675312042236,1.3458044528961182,1.3458406925201416,0
1785905100000,1.3455508947372437,1.3456776142120361,1.345442295074463,1.3456414937973022,0
1785905400000,1.3456594944000244,1.3457682132720947,1.345496654510498,1.345496654510498,0
1785905700000,1.345587134361267,1.3458044528961182,1.345587134361267,1.3457139730453491,0
1785906000000,1.345949411392212,1.345949411392212,1.3456233739852905,1.3456957340240479,0
1785906300000,1.3457320928573608,1.3460400104522705,1.3457320928573608,1.3460218906402588,0
1785906600000,1.3460580110549927,1.3461849689483643,1.3460580110549927,1.3460761308670044,0
1785906900000,1.3460036516189575,1.346130609512329,1.3459312915802002,1.3459675312042236,0
1785907200000,1.3461486101150513,1.3462210893630981,1.3460580110549927,1.3461124897003174,0
1785907500000,1.3463661670684814,1.3463842868804932,1.3462755680084229,1.3463661670684814,0
1785907800000,1.3463118076324463,1.3464930057525635,1.3463118076324463,1.3464930057525635,0
1785908100000,1.3464748859405518,1.3467469215393066,1.3464748859405518,1.346619963645935,0
1785908400000,1.3466380834579468,1.3467469215393066,1.3465656042099,1.3467469215393066,0
1785908700000,1.346619963645935,1.346692442893982,1.3465473651885986,1.3465837240219116,0
1785909000000,1.3465837240219116,1.346728801727295,1.3465837240219116,1.346692442893982,0
1785909300000,1.3467469215393066,1.3467469215393066,1.346619963645935,1.346728801727295,0
1785909600000,1.346982717514038,1.346982717514038,1.346819519996643,1.3469102382659912,0
1785909900000,1.3468738794326782,1.3469102382659912,1.3467469215393066,1.34678316116333,0
1785910200000,1.3466562032699585,1.3466562032699585,1.3464748859405518,1.3465656042099,0
1785910500000,1.3465656042099,1.34689199924469,1.3465656042099,1.34689199924469,0
1785910800000,1.346928358078003,1.346928358078003,1.3466380834579468,1.3466380834579468,0
1785911100000,1.3466380834579468,1.3466380834579468,1.3465293645858765,1.3465656042099,0
1785911400000,1.3465837240219116,1.3466380834579468,1.34645676612854,1.34645676612854,0
1785911700000,1.3464748859405518,1.3465837240219116,1.34645676612854,1.3464748859405518,0
1785912000000,1.3463842868804932,1.3466380834579468,1.3463842868804932,1.3465293645858765,0
1785912300000,1.3464930057525635,1.3464930057525635,1.3464386463165283,1.3464386463165283,0
1785912600000,1.3464205265045166,1.3466018438339233,1.3464205265045166,1.3466018438339233,0
1785912900000,1.346692442893982,1.3468012809753418,1.346692442893982,1.3467469215393066,0
1785913200000,1.346819519996643,1.3471097946166992,1.346819519996643,1.3471097946166992,0
1785913500000,1.3472005128860474,1.347218632698059,1.3470735549926758,1.347218632698059,0
1785913800000,1.3473820686340332,1.3475998640060425,1.3473820686340332,1.3475817441940308,0
1785914100000,1.347527265548706,1.3477089405059814,1.347400188446045,1.3477089405059814,0
1785914400000,1.3478178977966309,1.3478542566299438,1.3476725816726685,1.3476725816726685,0
1785914700000,1.3478723764419556,1.347981333732605,1.3475998640060425,1.3475998640060425,0
1785915000000,1.3476725816726685,1.3479995727539062,1.3476725816726685,1.3479087352752686,0
1785915300000,1.348090410232544,1.34816312789917,1.348090410232544,1.348090410232544,0
1785915600000,1.3480359315872192,1.34816312789917,1.3479087352752686,1.348054051399231,0
1785915900000,1.3479087352752686,1.3479087352752686,1.3478360176086426,1.3478542566299438,0
1785916200000,1.3478178977966309,1.3480359315872192,1.3478178977966309,1.3479268550872803,0
1785916500000,1.3479268550872803,1.3481086492538452,1.3479268550872803,1.3479450941085815,0
1785916800000,1.348090410232544,1.348090410232544,1.3479268550872803,1.348090410232544,0
1785917100000,1.3480722904205322,1.3481448888778687,1.3479450941085815,1.3479450941085815,0
1785917400000,1.3477815389633179,1.3477815389633179,1.3475455045700073,1.3476181030273438,0
1785917700000,1.3477089405059814,1.3480178117752075,1.3476725816726685,1.3480178117752075,0
1785918000000,1.348090410232544,1.3483449220657349,1.348090410232544,1.348235845565796,0
1785918300000,1.3482539653778076,1.3482539653778076,1.3482176065444946,1.3482176065444946,0
1785918600000,1.348054051399231,1.348054051399231,1.3477451801300049,1.3477451801300049,0
1785918900000,1.3479450941085815,1.3483449220657349,1.3479450941085815,1.348126769065857,0
1785919200000,1.348054051399231,1.348054051399231,1.3475998640060425,1.3475998640060425,0
1785919500000,1.347472906112671,1.347490906715393,1.3474183082580566,1.347490906715393,0
1785919800000,1.347472906112671,1.347472906112671,1.3472005128860474,1.3472005128860474,0
1785920100000,1.346765160560608,1.347164273262024,1.346765160560608,1.3470189571380615,0
1785920400000,1.3468738794326782,1.347164273262024,1.3468738794326782,1.347164273262024,0
1785920700000,1.347218632698059,1.3473094701766968,1.347091555595398,1.347127914428711,0
1785921000000,1.3471460342407227,1.3471460342407227,1.3470553159713745,1.3470735549926758,0
1785921300000,1.3471460342407227,1.3471460342407227,1.3468557596206665,1.3468557596206665,0
1785921600000,1.346819519996643,1.3471460342407227,1.346819519996643,1.347127914428711,0
1785921900000,1.3472368717193604,1.347472906112671,1.3472368717193604,1.3474546670913696,0
1785922200000,1.3473457098007202,1.347563624382019,1.3473275899887085,1.3473275899887085,0
1785922500000,1.3471460342407227,1.3475455045700073,1.346765160560608,1.3475455045700073,0
1785922800000,1.3470553159713745,1.3470553159713745,1.3468012809753418,1.3468012809753418,0
1785923100000,1.3464748859405518,1.3464748859405518,1.346166729927063,1.3461849689483643,0
1785923400000,1.346293568611145,1.3466380834579468,1.346293568611145,1.3466380834579468,0
1785923700000,1.3468012809753418,1.3468012809753418,1.3463661670684814,1.3465656042099,0
1785924000000,1.346928358078003,1.3473457098007202,1.34689199924469,1.3472368717193604,0
1785924300000,1.3477270603179932,1.348199486732483,1.3477270603179932,1.3479995727539062,0
1785924600000,1.3481448888778687,1.3481448888778687,1.3477451801300049,1.3479450941085815,0
1785924900000,1.3480359315872192,1.3485267162322998,1.3480359315872192,1.3483631610870361,0
1785925200000,1.3486357927322388,1.3486357927322388,1.3481813669204712,1.348199486732483,0
1785925500000,1.3483812808990479,1.3484721183776855,1.348054051399231,1.348054051399231,0
1785925800000,1.3479268550872803,1.3479268550872803,1.3476181030273438,1.3476181030273438,0
1785926100000,1.3476907014846802,1.3477451801300049,1.3476725816726685,1.3476907014846802,0
1785926400000,1.3476725816726685,1.3479087352752686,1.3475455045700073,1.3477634191513062,0
1785926700000,1.347563624382019,1.3478904962539673,1.347563624382019,1.3478904962539673,0
1785927000000,1.3477270603179932,1.3477270603179932,1.3470735549926758,1.3473094701766968,0
1785927300000,1.3475998640060425,1.3479087352752686,1.3475998640060425,1.3479087352752686,0
1785927600000,1.348054051399231,1.3483631610870361,1.3477451801300049,1.3477451801300049,0
1785927900000,1.3477451801300049,1.3477451801300049,1.3474364280700684,1.3475455045700073,0
1785928200000,1.347527265548706,1.347527265548706,1.3470553159713745,1.3470553159713745,0
1785928500000,1.3468738794326782,1.3468738794326782,1.3467106819152832,1.34678316116333,0
1785928800000,1.3468012809753418,1.346928358078003,1.346765160560608,1.346765160560608,0
1785929100000,1.346765160560608,1.3468557596206665,1.3467469215393066,1.3467469215393066,0
1785929400000,1.3466744422912598,1.3466744422912598,1.3464386463165283,1.3464386463165283,0
1785929700000,1.3465112447738647,1.3467469215393066,1.3465112447738647,1.3467469215393066,0
1785930000000,1.3468738794326782,1.3468738794326782,1.3466562032699585,1.3466562032699585,0
1785930300000,1.3462574481964111,1.34645676612854,1.3457863330841064,1.3457863330841064,0
1785930600000,1.345876932144165,1.3459675312042236,1.3458406925201416,1.3459675312042236,0
1785930900000,1.3460036516189575,1.3462392091751099,1.3460036516189575,1.346203088760376,0
1785931200000,1.3463842868804932,1.3463842868804932,1.3461486101150513,1.3461486101150513,0
1785931500000,1.3461124897003174,1.3465112447738647,1.3460761308670044,1.3465112447738647,0
1785931800000,1.3465837240219116,1.3465837240219116,1.3463842868804932,1.34645676612854,0
1785932100000,1.3464205265045166,1.3466744422912598,1.3464205265045166,1.3466744422912598,0
1785932400000,1.3465837240219116,1.3467469215393066,1.3465837240219116,1.346619963645935,0
1785932700000,1.3466018438339233,1.3466018438339233,1.3464930057525635,1.3464930057525635,0
1785933000000,1.34645676612854,1.3464930057525635,1.346293568611145,1.3464205265045166,0
1785933300000,1.3463842868804932,1.3464386463165283,1.346293568611145,1.346329927444458,0
1785933600000,1.3463118076324463,1.3464024066925049,1.3462392091751099,1.3464024066925049,0
1785933900000,1.346329927444458,1.346329927444458,1.3460942506790161,1.346166729927063,0
1785934200000,1.3461849689483643,1.3463480472564697,1.3461849689483643,1.3463480472564697,0
1785934500000,1.3460942506790161,1.346130609512329,1.3459855318069458,1.3459855318069458,0
1785934800000,1.3460761308670044,1.3460761308670044,1.3458044528961182,1.3458588123321533,0
1785935100000,1.3458588123321533,1.3458588123321533,1.3456594944000244,1.3456776142120361,0
1785935400000,1.345750093460083,1.345913052558899,1.345750093460083,1.345913052558899,0
1785935700000,1.3459312915802002,1.3460580110549927,1.3459312915802002,1.3460580110549927,0
1785936000000,1.3460580110549927,1.346130609512329,1.3460036516189575,1.346130609512329,0
1785936300000,1.3460942506790161,1.3465112447738647,1.3460942506790161,1.3465112447738647,0
1785936600000,1.3464748859405518,1.3465837240219116,1.3464024066925049,1.3465656042099,0
1785936900000,1.3467106819152832,1.346765160560608,1.346692442893982,1.346765160560608,0
1785937200000,1.3467469215393066,1.3469464778900146,1.346728801727295,1.3469464778900146,0
1785937500000,1.3470553159713745,1.3470553159713745,1.346928358078003,1.346928358078003,0
1785937800000,1.3469464778900146,1.346982717514038,1.346928358078003,1.3469464778900146,0
1785938100000,1.3468557596206665,1.347127914428711,1.3468557596206665,1.3470553159713745,0
1785938400000,1.3469464778900146,1.347164273262024,1.3469464778900146,1.3471460342407227,0
1785938700000,1.347218632698059,1.347218632698059,1.3469464778900146,1.3469464778900146,0
1785939000000,1.347091555595398,1.3471097946166992,1.346928358078003,1.346928358078003,0
1785939300000,1.3468557596206665,1.3470009565353394,1.346819519996643,1.3470009565353394,0
1785939600000,1.3470371961593628,1.347127914428711,1.3470371961593628,1.3470553159713745,0
1785939900000,1.347127914428711,1.3473457098007202,1.347127914428711,1.3473457098007202,0
1785940200000,1.3472731113433838,1.3472731113433838,1.3470189571380615,1.3470189571380615,0
1785940500000,1.346982717514038,1.3470009565353394,1.346928358078003,1.346982717514038,0
1785940800000,1.3469645977020264,1.3469645977020264,1.3467469215393066,1.346765160560608,0
1785941100000,1.3467469215393066,1.3470371961593628,1.3467469215393066,1.3469102382659912,0
1785941400000,1.3469645977020264,1.346982717514038,1.34689199924469,1.34689199924469,0
1785941700000,1.3470009565353394,1.3470371961593628,1.3468738794326782,1.3468738794326782,0
1785942000000,1.347091555595398,1.347091555595398,1.3470189571380615,1.3470189571380615,0
1785942300000,1.346928358078003,1.346928358078003,1.3468376398086548,1.3468376398086548,0
1785942600000,1.3467469215393066,1.3467469215393066,1.3467106819152832,1.3467469215393066,0
1785942900000,1.346728801727295,1.346728801727295,1.3464748859405518,1.3464748859405518,0
1785943200000,1.3464748859405518,1.3465112447738647,1.3464386463165283,1.3465112447738647,0
1785943500000,1.3465473651885986,1.346619963645935,1.3464205265045166,1.3464205265045166,0
1785943800000,1.3464930057525635,1.3465656042099,1.3464930057525635,1.3465293645858765,0
1785944100000,1.3464930057525635,1.3465656042099,1.3464386463165283,1.3464386463165283,0
1785944400000,1.3465837240219116,1.3466018438339233,1.3465293645858765,1.3465293645858765,0
1785944700000,1.3465473651885986,1.3465656042099,1.3464205265045166,1.3464386463165283,0
1785945000000,1.34645676612854,1.3464748859405518,1.3464024066925049,1.3464748859405518,0
1785945300000,1.3465473651885986,1.3465837240219116,1.3464024066925049,1.34645676612854,0
1785945600000,1.3465656042099,1.3466744422912598,1.3465656042099,1.3466380834579468,0
1785945900000,1.3466744422912598,1.3466744422912598,1.3466018438339233,1.3466380834579468,0
1785946200000,1.3466380834579468,1.3466380834579468,1.3464024066925049,1.3464386463165283,0
1785946500000,1.3463480472564697,1.3463842868804932,1.3462755680084229,1.3463661670684814,0
1785946800000,1.3462574481964111,1.3463661670684814,1.3462574481964111,1.3463480472564697,0
1785947100000,1.3464205265045166,1.3465293645858765,1.3464205265045166,1.3465293645858765,0
1785947400000,1.3465473651885986,1.3467106819152832,1.3465473651885986,1.3466380834579468,0
1785947700000,1.3466380834579468,1.346728801727295,1.3466380834579468,1.346728801727295,0
1785948000000,1.3467106819152832,1.3467106819152832,1.3465473651885986,1.3465473651885986,0
1785948300000,1.3466562032699585,1.3466562032699585,1.346619963645935,1.346619963645935,0
1785948600000,1.3466562032699585,1.34678316116333,1.3466562032699585,1.3467469215393066,0
1785948900000,1.346765160560608,1.34689199924469,1.346728801727295,1.346819519996643,0
1785949200000,1.3469464778900146,1.3469464778900146,1.3463842868804932,1.346928358078003,0
1785949500000,1.3468012809753418,1.3470371961593628,1.346765160560608,1.3470371961593628,0
1785949800000,1.3471097946166992,1.3471097946166992,1.3467106819152832,1.3467106819152832,0
1785950100000,1.3466744422912598,1.347182273864746,1.3465473651885986,1.347182273864746,0
1785950400000,1.346819519996643,1.3468738794326782,1.346728801727295,1.346728801727295,0
1785950700000,1.3466562032699585,1.3468557596206665,1.3466562032699585,1.3468557596206665,0
1785951000000,1.3468557596206665,1.3468557596206665,1.3464930057525635,1.3464930057525635,0
1785951300000,1.3465293645858765,1.34678316116333,1.3465293645858765,1.34678316116333,0
1785951600000,1.3466380834579468,1.3466380834579468,1.3465112447738647,1.3465112447738647,0
1785951900000,1.3468012809753418,1.3468557596206665,1.346692442893982,1.346692442893982,0
1785952200000,1.3467106819152832,1.3468012809753418,1.3466744422912598,1.346765160560608,0
1785952500000,1.3466018438339233,1.3466380834579468,1.3466018438339233,1.3466380834579468,0
1785952800000,1.3468738794326782,1.3468738794326782,1.3466018438339233,1.3466018438339233,0
1785953100000,1.3465837240219116,1.3465837240219116,1.3465112447738647,1.3465473651885986,0
1785953400000,1.3465473651885986,1.346728801727295,1.3465293645858765,1.346692442893982,0
1785953700000,1.346692442893982,1.3468376398086548,1.346692442893982,1.34678316116333,0
1785954000000,1.3468376398086548,1.3468376398086548,1.3467106819152832,1.34678316116333,0
1785954300000,1.3467469215393066,1.34678316116333,1.3467469215393066,1.346765160560608,0
1785954600000,1.34678316116333,1.34678316116333,1.3466744422912598,1.3467469215393066,0
1785954900000,1.346765160560608,1.346765160560608,1.3467106819152832,1.3467106819152832,0
1785955200000,1.3467469215393066,1.346765160560608,1.3467106819152832,1.346728801727295,0
1785955500000,1.346765160560608,1.3468557596206665,1.346765160560608,1.346819519996643,0
1785955800000,1.346728801727295,1.346728801727295,1.3466562032699585,1.3466562032699585,0
1785956100000,1.3466744422912598,1.3467106819152832,1.3466744422912598,1.3467106819152832,0
1785956400000,1.34678316116333,1.346819519996643,1.3467469215393066,1.3468012809753418,0
1785956700000,1.3468557596206665,1.3468557596206665,1.3467469215393066,1.3467469215393066,0
1785957000000,1.3467106819152832,1.34689199924469,1.3467106819152832,1.3468376398086548,0
1785957300000,1.346928358078003,1.3469645977020264,1.346928358078003,1.3469645977020264,0
1785957600000,1.3468738794326782,1.346982717514038,1.3468557596206665,1.34689199924469,0
1785957900000,1.3468738794326782,1.3469102382659912,1.346765160560608,1.346765160560608,0
1785958200000,1.3468557596206665,1.3468557596206665,1.346765160560608,1.346765160560608,0
1785958500000,1.3468376398086548,1.3469102382659912,1.3468376398086548,1.3469102382659912,0
1785958800000,1.34689199924469,1.346928358078003,1.3468376398086548,1.346928358078003,0
1785959100000,1.3470371961593628,1.3471097946166992,1.3470189571380615,1.3471097946166992,0
1785959400000,1.347127914428711,1.347127914428711,1.3470189571380615,1.3470189571380615,0
1785959700000,1.346982717514038,1.346982717514038,1.3468738794326782,1.3469464778900146,0
1785960000000,1.34678316116333,1.3468557596206665,1.3467469215393066,1.3468557596206665,0
1785960300000,1.346765160560608,1.3468557596206665,1.346728801727295,1.34678316116333,0
1785960600000,1.3467469215393066,1.3468376398086548,1.3466380834579468,1.3467106819152832,0
1785960900000,1.3467469215393066,1.34678316116333,1.3467469215393066,1.346765160560608,0
1785961200000,1.346765160560608,1.3470371961593628,1.346765160560608,1.3470371961593628,0
1785961500000,1.346982717514038,1.3470009565353394,1.3467469215393066,1.3467469215393066,0
1785961800000,1.3467469215393066,1.34689199924469,1.3467469215393066,1.34689199924469,0
1785962100000,1.3470189571380615,1.3470189571380615,1.3469102382659912,1.3469102382659912,0
1785962400000,1.346982717514038,1.346982717514038,1.3468012809753418,1.3468557596206665,0
1785962700000,1.3469464778900146,1.3470009565353394,1.3468738794326782,1.3468738794326782,0
1785963000000,1.3469645977020264,1.347127914428711,1.3469645977020264,1.3470553159713745,0
1785963300000,1.34689199924469,1.34689199924469,1.3466744422912598,1.346728801727295,0
1785963600000,1.346765160560608,1.346819519996643,1.3465837240219116,1.3465837240219116,0
1785963900000,1.3466018438339233,1.3467469215393066,1.3464024066925049,1.3467469215393066,0
1785964200000,1.3466744422912598,1.346765160560608,1.34645676612854,1.346765160560608,0
1785964500000,1.3467106819152832,1.3469102382659912,1.346692442893982,1.3469102382659912,0
1785964800000,1.346819519996643,1.3469464778900146,1.346819519996643,1.3469464778900146,0
1785965100000,1.347091555595398,1.347091555595398,1.3468376398086548,1.34689199924469,0
1785965400000,1.3468738794326782,1.3469464778900146,1.3468738794326782,1.3469464778900146,0
1785965700000,1.3469102382659912,1.3470553159713745,1.3469102382659912,1.3470189571380615,0
1785966000000,1.3470371961593628,1.347091555595398,1.3470371961593628,1.3470371961593628,0
1785966300000,1.346928358078003,1.346982717514038,1.3469102382659912,1.3469464778900146,0
1785966600000,1.3470189571380615,1.3470189571380615,1.346928358078003,1.3469464778900146,0
1785966900000,1.346982717514038,1.346982717514038,1.3468557596206665,1.3469102382659912,0
1785967200000,1.3470553159713745,1.3470735549926758,1.3470009565353394,1.3470735549926758,0
1785967500000,1.3472005128860474,1.347218632698059,1.3472005128860474,1.347218632698059,0
1785967800000,1.347164273262024,1.347164273262024,1.3469645977020264,1.3469645977020264,0
1785968100000,1.346982717514038,1.3470735549926758,1.346982717514038,1.3470009565353394,0
1785968400000,1.3471097946166992,1.347182273864746,1.3471097946166992,1.3471097946166992,0
1785968700000,1.3470371961593628,1.3470371961593628,1.3469102382659912,1.346982717514038,0
1785969000000,1.34689199924469,1.3469645977020264,1.3468557596206665,1.346928358078003,0
1785969300000,1.3469645977020264,1.3470371961593628,1.3469464778900146,1.3470371961593628,0
1785969600000,1.3469645977020264,1.347127914428711,1.3469645977020264,1.347127914428711,0
1785969900000,1.3470735549926758,1.3470735549926758,1.34689199924469,1.34689199924469,0
1785970200000,1.34689199924469,1.346982717514038,1.3468557596206665,1.346982717514038,0
1785970500000,1.346819519996643,1.3468557596206665,1.34678316116333,1.3468012809753418,0
1785970800000,1.346728801727295,1.346728801727295,1.3466380834579468,1.3466380834579468,0
1785971100000,1.346692442893982,1.3467106819152832,1.3466018438339233,1.3466018438339233,0
1785971400000,1.3466018438339233,1.3466018438339233,1.3465112447738647,1.3465112447738647,0
1785971700000,1.3464930057525635,1.3464930057525635,1.3464205265045166,1.3464205265045166,0
1785972000000,1.3464748859405518,1.3464748859405518,1.3461849689483643,1.3461849689483643,0
1785972300000,1.3462392091751099,1.3462392091751099,1.346130609512329,1.346203088760376,0
1785972600000,1.3463480472564697,1.3463480472564697,1.3463118076324463,1.3463480472564697,0
1785972900000,1.346293568611145,1.346293568611145,1.3460942506790161,1.3460942506790161,0
1785973200000,1.346130609512329,1.3461486101150513,1.3459312915802002,1.3459312915802002,0
1785973500000,1.3459855318069458,1.3460580110549927,1.3459855318069458,1.3460580110549927,0
1785973800000,1.3458044528961182,1.3460218906402588,1.3458044528961182,1.3459312915802002,0
1785974100000,1.345949411392212,1.3460218906402588,1.345949411392212,1.3460218906402588,0
1785974400000,1.346130609512329,1.3461849689483643,1.346130609512329,1.3461849689483643,0
1785974700000,1.346130609512329,1.346166729927063,1.3461124897003174,1.3461124897003174,0
1785975000000,1.346130609512329,1.346203088760376,1.346130609512329,1.346203088760376,0
1785975300000,1.346166729927063,1.346166729927063,1.3461124897003174,1.3461124897003174,0
1785975600000,1.346166729927063,1.346166729927063,1.3460400104522705,1.3460580110549927,0
1785975900000,1.3460580110549927,1.3461486101150513,1.3460400104522705,1.3460580110549927,0
1785976200000,1.3461486101150513,1.3461486101150513,1.3460036516189575,1.3460036516189575,0
1785976500000,1.3460580110549927,1.3460942506790161,1.3459312915802002,1.3459312915802002,0
1785976800000,1.3459312915802002,1.3460218906402588,1.3459312915802002,1.3460218906402588,0
1785977100000,1.345949411392212,1.3460218906402588,1.3459312915802002,1.3460036516189575,0
1785977400000,1.3460218906402588,1.3460580110549927,1.3459312915802002,1.3459675312042236,0
1785977700000,1.3459855318069458,1.3460761308670044,1.3459855318069458,1.3460761308670044,0
1785978000000,1.3460580110549927,1.3460580110549927,1.3458406925201416,1.3458406925201416,0
1785978300000,1.3458588123321533,1.345876932144165,1.3457863330841064,1.3458044528961182,0
1785978600000,1.3458044528961182,1.3458044528961182,1.3456233739852905,1.3456776142120361,0
1785978900000,1.3456594944000244,1.3457320928573608,1.3456594944000244,1.3457139730453491,0
1785979200000,1.3456957340240479,1.3456957340240479,1.3456414937973022,1.3456594944000244,0
1785979500000,1.3456594944000244,1.3456957340240479,1.3456594944000244,1.3456957340240479,0
1785979800000,1.3456414937973022,1.3457863330841064,1.3456414937973022,1.3457863330841064,0
1785980100000,1.3457682132720947,1.3460580110549927,1.3457682132720947,1.3460580110549927,0
1785980400000,1.3461124897003174,1.3461849689483643,1.3460400104522705,1.3461849689483643,0
1785980700000,1.3461486101150513,1.3462574481964111,1.3461124897003174,1.3462210893630981,0
1785981000000,1.346293568611145,1.3463661670684814,1.3462755680084229,1.3463661670684814,0
1785981300000,1.3463480472564697,1.3463480472564697,1.3462210893630981,1.346329927444458,0
1785981600000,1.3465293645858765,1.3465293645858765,1.3464386463165283,1.3465112447738647,0
1785981900000,1.3465293645858765,1.3465293645858765,1.3462392091751099,1.3462392091751099,0
1785982200000,1.346203088760376,1.3462210893630981,1.346130609512329,1.3461849689483643,0
1785982500000,1.3460218906402588,1.346203088760376,1.3460218906402588,1.346203088760376,0
1785982800000,1.3461486101150513,1.3462755680084229,1.3460942506790161,1.3462755680084229,0
1785983100000,1.346166729927063,1.346166729927063,1.3460580110549927,1.3460761308670044,0
1785983400000,1.3460942506790161,1.3460942506790161,1.3459312915802002,1.3459312915802002,0
1785983700000,1.3458588123321533,1.3458588123321533,1.3457320928573608,1.3457863330841064,0
1785984000000,1.3456594944000244,1.345913052558899,1.3455508947372437,1.345913052558899,0
1785984300000,1.3460036516189575,1.3460761308670044,1.3457320928573608,1.3457320928573608,0
1785984600000,1.3458588123321533,1.3458588123321533,1.345750093460083,1.3457682132720947,0
1785984900000,1.3458225727081299,1.3460218906402588,1.3458225727081299,1.3460218906402588,0
1785985200000,1.3460036516189575,1.3460400104522705,1.3458225727081299,1.3458225727081299,0
1785985500000,1.3458950519561768,1.3458950519561768,1.3456414937973022,1.3456414937973022,0
1785985800000,1.3459312915802002,1.3461486101150513,1.3459312915802002,1.3460942506790161,0
1785986100000,1.3462755680084229,1.3462755680084229,1.3460580110549927,1.3460580110549927,0
1785986400000,1.3460580110549927,1.3462755680084229,1.3460580110549927,1.3461124897003174,0
1785986700000,1.346130609512329,1.3462210893630981,1.3460942506790161,1.3460942506790161,0
1785987000000,1.3459312915802002,1.3461486101150513,1.3459312915802002,1.3460036516189575,0
1785987300000,1.345949411392212,1.345949411392212,1.3456957340240479,1.3457139730453491,0
1785987600000,1.3457863330841064,1.345949411392212,1.3457863330841064,1.345876932144165,0
1785987900000,1.3456414937973022,1.345750093460083,1.3456052541732788,1.3457139730453491,0
1785988200000,1.3457682132720947,1.3459855318069458,1.3457682132720947,1.3459312915802002,0
1785988500000,1.345949411392212,1.346130609512329,1.345949411392212,1.3460036516189575,0
1785988800000,1.3460761308670044,1.3460761308670044,1.3458588123321533,1.3460036516189575,0
1785989100000,1.3460761308670044,1.346293568611145,1.345949411392212,1.346293568611145,0
1785989400000,1.3463661670684814,1.3464930057525635,1.3462755680084229,1.3462755680084229,0
1785989700000,1.3463118076324463,1.3465112447738647,1.346293568611145,1.3465112447738647,0
1785990000000,1.3463661670684814,1.3464205265045166,1.346329927444458,1.3464205265045166,0
1785990300000,1.346329927444458,1.3463661670684814,1.3462574481964111,1.3462574481964111,0
1785990600000,1.3462755680084229,1.346329927444458,1.3460580110549927,1.3462574481964111,0
1785990900000,1.3464386463165283,1.3464386463165283,1.3462392091751099,1.3462574481964111,0
1785991200000,1.3464748859405518,1.3465656042099,1.34645676612854,1.34645676612854,0
1785991500000,1.34645676612854,1.34645676612854,1.3463118076324463,1.3463118076324463,0
1785991800000,1.3464205265045166,1.3464205265045166,1.3462392091751099,1.3463661670684814,0
1785992100000,1.34645676612854,1.34645676612854,1.346329927444458,1.3464386463165283,0
1785992400000,1.3464748859405518,1.3466018438339233,1.3464748859405518,1.3465112447738647,0
1785992700000,1.346619963645935,1.346619963645935,1.3462392091751099,1.3462392091751099,0
1785993000000,1.346329927444458,1.3465293645858765,1.346329927444458,1.3465293645858765,0
1785993300000,1.3463661670684814,1.3463661670684814,1.346293568611145,1.3463661670684814,0
1785993600000,1.3464024066925049,1.3465656042099,1.3464024066925049,1.3465112447738647,0
1785993900000,1.3464205265045166,1.34645676612854,1.346329927444458,1.346329927444458,0
1785994200000,1.3463118076324463,1.346329927444458,1.346203088760376,1.346203088760376,0
1785994500000,1.3461124897003174,1.3461124897003174,1.345750093460083,1.3458044528961182,0
1785994800000,1.345569133758545,1.345569133758545,1.3453699350357056,1.3453699350357056,0
1785995100000,1.345442295074463,1.3456776142120361,1.345442295074463,1.3456233739852905,0
1785995400000,1.3457320928573608,1.3457320928573608,1.3456414937973022,1.3456414937973022,0
1785995700000,1.345587134361267,1.3456957340240479,1.345587134361267,1.3456594944000244,0
1785996000000,1.3456233739852905,1.3456957340240479,1.345569133758545,1.3456957340240479,0
1785996300000,1.3456233739852905,1.3456776142120361,1.3456233739852905,1.3456776142120361,0
1785996600000,1.3456052541732788,1.345750093460083,1.3455508947372437,1.3455508947372437,0
1785996900000,1.3455146551132202,1.3456594944000244,1.3455146551132202,1.3455508947372437,0
1785997200000,1.3456776142120361,1.3459312915802002,1.3456776142120361,1.3459312915802002,0
1785997500000,1.3459675312042236,1.3460761308670044,1.3458950519561768,1.3460761308670044,0
1785997800000,1.3460218906402588,1.3461124897003174,1.3460218906402588,1.3460580110549927,0
1785998100000,1.3459855318069458,1.3460036516189575,1.3459312915802002,1.3459675312042236,0
1785998400000,1.345949411392212,1.3459855318069458,1.3458588123321533,1.3459675312042236,0
1785998700000,1.3460580110549927,1.3462392091751099,1.3459312915802002,1.3462392091751099,0
1785999000000,1.346166729927063,1.346166729927063,1.3460580110549927,1.3460580110549927,0
1785999300000,1.3460218906402588,1.3462392091751099,1.3460218906402588,1.346166729927063,0
1785999600000,1.3463842868804932,1.3465112447738647,1.3463842868804932,1.3464205265045166,0
1785999900000,1.3464024066925049,1.3465837240219116,1.3462574481964111,1.3465837240219116,0
1786000200000,1.3465293645858765,1.3465293645858765,1.3463480472564697,1.3463480472564697,0
1786000500000,1.3463842868804932,1.3465293645858765,1.3463842868804932,1.3465293645858765,0
1786000800000,1.3463661670684814,1.3465112447738647,1.3463661670684814,1.3464748859405518,0
1786001100000,1.3465837240219116,1.3465837240219116,1.3465112447738647,1.3465112447738647,0
1786001400000,1.3465293645858765,1.3465293645858765,1.3462755680084229,1.3462755680084229,0
1786001700000,1.346293568611145,1.3463118076324463,1.3460218906402588,1.3460218906402588,0
1786002000000,1.3460942506790161,1.3460942506790161,1.345876932144165,1.345876932144165,0
1786002300000,1.345949411392212,1.346166729927063,1.345913052558899,1.346166729927063,0
1786002600000,1.3461486101150513,1.3465112447738647,1.3461486101150513,1.34645676612854,0
1786002900000,1.3464748859405518,1.3468738794326782,1.3464748859405518,1.3468738794326782,0
1786003200000,1.3468012809753418,1.3469645977020264,1.3466744422912598,1.3466744422912598,0
1786003500000,1.346692442893982,1.3468376398086548,1.346692442893982,1.346728801727295,0
1786003800000,1.34678316116333,1.34678316116333,1.3463661670684814,1.3463661670684814,0
1786004100000,1.3465656042099,1.3468557596206665,1.3465656042099,1.3468557596206665,0
1786004400000,1.3468738794326782,1.3469464778900146,1.346819519996643,1.346819519996643,0
1786004700000,1.3469464778900146,1.3470371961593628,1.3469464778900146,1.3470189571380615,0
1786005000000,1.3469464778900146,1.3470009565353394,1.3469464778900146,1.3470009565353394,0
1786005300000,1.3470553159713745,1.3470553159713745,1.3469464778900146,1.3470553159713745,0
1786005600000,1.3471097946166992,1.3471460342407227,1.3470553159713745,1.347127914428711,0
1786005900000,1.3471097946166992,1.3471097946166992,1.3466380834579468,1.3466380834579468,0
1786006200000,1.3465837240219116,1.346928358078003,1.3465837240219116,1.346928358078003,0
1786006500000,1.3468376398086548,1.3470189571380615,1.346819519996643,1.3470189571380615,0
1786006800000,1.3471460342407227,1.3471460342407227,1.3469464778900146,1.3471460342407227,0
1786007100000,1.3470189571380615,1.3470189571380615,1.346765160560608,1.346765160560608,0
1786007400000,1.346819519996643,1.346819519996643,1.3466018438339233,1.346619963645935,0
1786007700000,1.3466380834579468,1.3469645977020264,1.3465473651885986,1.3469645977020264,0
1786008000000,1.3470009565353394,1.3470371961593628,1.3469464778900146,1.346982717514038,0
1786008300000,1.346765160560608,1.3470371961593628,1.346765160560608,1.3469645977020264,0
1786008600000,1.3469464778900146,1.3472912311553955,1.3469464778900146,1.3472912311553955,0
1786008900000,1.3472548723220825,1.3472548723220825,1.3470735549926758,1.347218632698059,0
1786009200000,1.3476181030273438,1.3476181030273438,1.3474183082580566,1.347490906715393,0
1786009500000,1.347363829612732,1.3474546670913696,1.347164273262024,1.347164273262024,0
1786009800000,1.3472368717193604,1.3476907014846802,1.3472368717193604,1.3475998640060425,0
1786010100000,1.3476907014846802,1.347981333732605,1.3476907014846802,1.3478723764419556,0
1786010400000,1.3477815389633179,1.3478360176086426,1.3477451801300049,1.3477634191513062,0
1786010700000,1.3477270603179932,1.3477270603179932,1.3470009565353394,1.3470009565353394,0
1786011000000,1.346928358078003,1.3469645977020264,1.3466744422912598,1.346765160560608,0
1786011300000,1.346692442893982,1.3470371961593628,1.346692442893982,1.3470371961593628,0
1786011600000,1.3467469215393066,1.347127914428711,1.3467469215393066,1.347127914428711,0
1786011900000,1.3470553159713745,1.3470553159713745,1.346928358078003,1.346928358078003,0
1786012200000,1.3471460342407227,1.3471460342407227,1.3470371961593628,1.3470371961593628,0
1786012500000,1.346819519996643,1.346982717514038,1.3466380834579468,1.3466380834579468,0
1786012800000,1.3465656042099,1.347164273262024,1.3465656042099,1.347164273262024,0
1786013100000,1.346982717514038,1.346982717514038,1.3465293645858765,1.3466562032699585,0
1786013400000,1.3464386463165283,1.3468557596206665,1.3464386463165283,1.3468557596206665,0
1786013700000,1.3467106819152832,1.3467106819152832,1.3465293645858765,1.3466380834579468,0
1786014000000,1.3464748859405518,1.3464748859405518,1.3463661670684814,1.3464386463165283,0
1786014300000,1.3463661670684814,1.3465112447738647,1.3460400104522705,1.3460400104522705,0
1786014600000,1.3460761308670044,1.3460761308670044,1.3457863330841064,1.3457863330841064,0
1786014900000,1.345876932144165,1.345876932144165,1.3454241752624512,1.3454241752624512,0
1786015200000,1.345406174659729,1.345442295074463,1.3453155755996704,1.3453518152236938,0
1786015500000,1.3453880548477173,1.3456414937973022,1.3453880548477173,1.3454241752624512,0
1786015800000,1.3454241752624512,1.3454785346984863,1.3452612161636353,1.3453338146209717,0
1786016100000,1.3452612161636353,1.3452612161636353,1.3451346158981323,1.345152735710144,0
1786016400000,1.3450803756713867,1.3453699350357056,1.3450803756713867,1.3453699350357056,0
1786016700000,1.3454241752624512,1.3456414937973022,1.3454241752624512,1.3456414937973022,0
1786017000000,1.3456594944000244,1.3456594944000244,1.3451164960861206,1.3451164960861206,0
1786017300000,1.3453518152236938,1.3456594944000244,1.3453518152236938,1.345406174659729,0
1786017600000,1.345279335975647,1.3456233739852905,1.345279335975647,1.345569133758545,0
1786017900000,1.3456414937973022,1.3458406925201416,1.3456414937973022,1.3456957340240479,0
1786018200000,1.3457682132720947,1.3457682132720947,1.3453880548477173,1.3454604148864746,0
1786018500000,1.345188856124878,1.3452974557876587,1.3451708555221558,1.3452974557876587,0
1786018800000,1.3451346158981323,1.345406174659729,1.3451346158981323,1.345406174659729,0
1786019100000,1.3453518152236938,1.345569133758545,1.3453518152236938,1.345569133758545,0
1786019400000,1.3455508947372437,1.3455508947372437,1.3453338146209717,1.3454241752624512,0
1786019700000,1.345406174659729,1.3454785346984863,1.345243215560913,1.3454785346984863,0
1786020000000,1.3453518152236938,1.3453518152236938,1.3451346158981323,1.3452069759368896,0
1786020300000,1.345279335975647,1.3452974557876587,1.345243215560913,1.3452974557876587,0
1786020600000,1.3452612161636353,1.3456957340240479,1.3452612161636353,1.3456957340240479,0
1786020900000,1.345532774925232,1.3456052541732788,1.3454785346984863,1.3456052541732788,0
1786021200000,1.3456414937973022,1.3457320928573608,1.3456414937973022,1.3456776142120361,0
1786021500000,1.3456414937973022,1.3458225727081299,1.3456052541732788,1.3458225727081299,0
1786021800000,1.3459855318069458,1.3459855318069458,1.3456594944000244,1.3456594944000244,0
1786022100000,1.345587134361267,1.345587134361267,1.3452250957489014,1.3454241752624512,0
1786022400000,1.3454604148864746,1.345569133758545,1.3454604148864746,1.3454785346984863,0
1786022700000,1.345532774925232,1.3456052541732788,1.345532774925232,1.3456052541732788,0
1786023000000,1.345532774925232,1.345569133758545,1.3454785346984863,1.3455508947372437,0
1786023300000,1.345442295074463,1.345442295074463,1.3453155755996704,1.3453518152236938,0
1786023600000,1.3453155755996704,1.345442295074463,1.3453155755996704,1.3453699350357056,0
1786023900000,1.3453518152236938,1.3454241752624512,1.3453518152236938,1.3454241752624512,0
1786024200000,1.345442295074463,1.3456594944000244,1.345442295074463,1.345569133758545,0
1786024500000,1.3456414937973022,1.3456594944000244,1.3455508947372437,1.3456414937973022,0
1786024800000,1.3456414937973022,1.3457682132720947,1.3456414937973022,1.345750093460083,0
1786025100000,1.3457682132720947,1.3459312915802002,1.3457682132720947,1.3458588123321533,0
1786025400000,1.3458225727081299,1.3458588123321533,1.3458044528961182,1.3458406925201416,0
1786025700000,1.3458406925201416,1.3458588123321533,1.3458225727081299,1.3458225727081299,0
1786026000000,1.3458225727081299,1.3458225727081299,1.3456594944000244,1.3456594944000244,0
1786026300000,1.3456414937973022,1.3456414937973022,1.3454604148864746,1.345569133758545,0
1786026600000,1.345532774925232,1.3456414937973022,1.345532774925232,1.3456414937973022,0
1786026900000,1.3456052541732788,1.3456233739852905,1.3455146551132202,1.3455146551132202,0
1786027200000,1.345587134361267,1.345587134361267,1.3453518152236938,1.3453880548477173,0
1786027500000,1.3454604148864746,1.345496654510498,1.3453155755996704,1.345442295074463,0
1786027800000,1.345442295074463,1.3454604148864746,1.3452974557876587,1.3454604148864746,0
1786028100000,1.345569133758545,1.345750093460083,1.345569133758545,1.345750093460083,0
1786028400000,1.3457139730453491,1.345876932144165,1.3457139730453491,1.3458588123321533,0
1786028700000,1.3458588123321533,1.3459312915802002,1.3458588123321533,1.3458950519561768,0
1786029000000,1.3458588123321533,1.3458588123321533,1.3456233739852905,1.3456233739852905,0
1786029300000,1.3457139730453491,1.3457320928573608,1.3456957340240479,1.3457320928573608,0
1786029600000,1.3457139730453491,1.3457682132720947,1.3453880548477173,1.3453880548477173,0
1786029900000,1.345406174659729,1.345406174659729,1.3451346158981323,1.3451708555221558,0
1786030200000,1.345243215560913,1.3453155755996704,1.3452250957489014,1.3452974557876587,0
1786030500000,1.3452250957489014,1.3452250957489014,1.3450080156326294,1.3450080156326294,0
1786030800000,1.344971776008606,1.3450260162353516,1.344971776008606,1.344971776008606,0
1786031100000,1.3450080156326294,1.3450984954833984,1.344971776008606,1.3450984954833984,0
1786031400000,1.3452250957489014,1.3457139730453491,1.3452250957489014,1.345587134361267,0
1786031700000,1.3455146551132202,1.345532774925232,1.345442295074463,1.345532774925232,0
1786032000000,1.3455508947372437,1.3455508947372437,1.3454241752624512,1.345532774925232,0
1786032300000,1.3456233739852905,1.3456233739852905,1.3453155755996704,1.3453155755996704,0
1786032600000,1.3452612161636353,1.3453338146209717,1.3452612161636353,1.3453155755996704,0
1786032900000,1.3452069759368896,1.3452250957489014,1.3451164960861206,1.3451708555221558,0
1786033200000,1.3450984954833984,1.3450984954833984,1.3449175357818604,1.3449175357818604,0
1786033500000,1.3448994159698486,1.3450260162353516,1.3448994159698486,1.3450260162353516,0
1786033800000,1.3449175357818604,1.3450441360473633,1.3449175357818604,1.3449898958206177,0
1786034100000,1.3451164960861206,1.3451164960861206,1.3450441360473633,1.345062255859375,0
1786034400000,1.3450803756713867,1.3451708555221558,1.3450080156326294,1.3451708555221558,0
1786034700000,1.345188856124878,1.3452069759368896,1.345188856124878,1.345188856124878,0
1786035000000,1.345279335975647,1.3453338146209717,1.3452612161636353,1.3453338146209717,0
1786035300000,1.3453155755996704,1.345442295074463,1.345243215560913,1.3454241752624512,0
1786035600000,1.345569133758545,1.345569133758545,1.345243215560913,1.3454604148864746,0
1786035900000,1.3453338146209717,1.3453338146209717,1.345243215560913,1.3452974557876587,0
1786036200000,1.3450260162353516,1.3456594944000244,1.3450260162353516,1.3456594944000244,0
1786036500000,1.3455146551132202,1.3456233739852905,1.3451164960861206,1.3451164960861206,0
1786036800000,1.345442295074463,1.3456776142120361,1.3453699350357056,1.345406174659729,0
1786037100000,1.3453699350357056,1.3456957340240479,1.3453155755996704,1.3453155755996704,0
1786037400000,1.3454785346984863,1.3456957340240479,1.345406174659729,1.345406174659729,0
1786037700000,1.3452974557876587,1.3453880548477173,1.3452612161636353,1.3452612161636353,0
1786038000000,1.3452250957489014,1.3453518152236938,1.3449175357818604,1.344971776008606,0
1786038300000,1.3448090553283691,1.3449898958206177,1.3446462154388428,1.344700574874878,0
1786038600000,1.344700574874878,1.3448632955551147,1.344700574874878,1.3447185754776,0
1786038900000,1.3447909355163574,1.345496654510498,1.3447909355163574,1.345496654510498,0
1786039200000,1.3451708555221558,1.3452250957489014,1.3451708555221558,1.345188856124878,0
1786039500000,1.3451164960861206,1.3451708555221558,1.3451164960861206,1.3451708555221558,0
1786039800000,1.345152735710144,1.345243215560913,1.3450984954833984,1.345243215560913,0
1786040100000,1.345188856124878,1.3452612161636353,1.3451708555221558,1.3452250957489014,0
1786040400000,1.345152735710144,1.345243215560913,1.345152735710144,1.345188856124878,0
1786040700000,1.345243215560913,1.345243215560913,1.3451708555221558,1.345243215560913,0
1786041000000,1.3452250957489014,1.3452250957489014,1.3451346158981323,1.3452250957489014,0
1786041300000,1.345243215560913,1.3452612161636353,1.345243215560913,1.345243215560913,0
1786041600000,1.3452069759368896,1.3452250957489014,1.3451708555221558,1.3452069759368896,0
1786041900000,1.3452612161636353,1.3452612161636353,1.3451346158981323,1.3451346158981323,0
1786042200000,1.3451346158981323,1.3452250957489014,1.3451346158981323,1.3452250957489014,0
1786042500000,1.345188856124878,1.345243215560913,1.3451708555221558,1.345243215560913,0
1786042800000,1.3452250957489014,1.3452612161636353,1.3452069759368896,1.3452069759368896,0
1786043100000,1.3453155755996704,1.3453338146209717,1.3453155755996704,1.3453338146209717,0
1786043400000,1.3453338146209717,1.3453518152236938,1.3452974557876587,1.3453518152236938,0
1786043700000,1.3454241752624512,1.3454241752624512,1.3453699350357056,1.3453699350357056,0
1786044000000,1.3453518152236938,1.345442295074463,1.3453338146209717,1.3454241752624512,0
1786044300000,1.345406174659729,1.3454241752624512,1.3453699350357056,1.3453699350357056,0
1786044600000,1.345442295074463,1.345442295074463,1.345279335975647,1.345279335975647,0
1786044900000,1.3453518152236938,1.3453518152236938,1.345279335975647,1.3453155755996704,0
1786045200000,1.3453518152236938,1.3454604148864746,1.3452974557876587,1.3454241752624512,0
1786045500000,1.345442295074463,1.3455508947372437,1.345442295074463,1.345532774925232,0
1786045800000,1.345532774925232,1.345532774925232,1.3453880548477173,1.3454241752624512,0
1786046100000,1.3454785346984863,1.345496654510498,1.3454604148864746,1.3454604148864746,0
1786046400000,1.3454241752624512,1.3455508947372437,1.3454241752624512,1.3454604148864746,0
1786046700000,1.345496654510498,1.345496654510498,1.3453880548477173,1.3453880548477173,0
1786047000000,1.345279335975647,1.345279335975647,1.3451708555221558,1.3452250957489014,0
1786047300000,1.3450803756713867,1.3452069759368896,1.3450803756713867,1.3451346158981323,0
1786047600000,1.3451346158981323,1.345188856124878,1.3450984954833984,1.3450984954833984,0
1786047900000,1.3451346158981323,1.3452250957489014,1.3451346158981323,1.345152735710144,0
1786048200000,1.345152735710144,1.3452612161636353,1.345152735710144,1.345243215560913,0
1786048500000,1.3452612161636353,1.3452612161636353,1.3451164960861206,1.3451346158981323,0
1786048800000,1.345062255859375,1.3451164960861206,1.345062255859375,1.3450984954833984,0
1786049100000,1.3451164960861206,1.3451164960861206,1.3450260162353516,1.3450441360473633,0
1786049400000,1.3452250957489014,1.3452250957489014,1.344971776008606,1.344971776008606,0
1786049700000,1.3448452949523926,1.3450080156326294,1.3448452949523926,1.3450080156326294,0
1786050000000,1.345062255859375,1.345062255859375,1.344935655593872,1.3449536561965942,0
1786050300000,1.344935655593872,1.345188856124878,1.344935655593872,1.345188856124878,0
1786050600000,1.345062255859375,1.3452974557876587,1.345062255859375,1.345279335975647,0
1786050900000,1.3452250957489014,1.345243215560913,1.3452069759368896,1.3452069759368896,0
1786051200000,1.3452069759368896,1.3452974557876587,1.3452069759368896,1.345243215560913,0
1786051500000,1.3452250957489014,1.3453155755996704,1.3452250957489014,1.3452612161636353,0
1786051800000,1.345188856124878,1.3452250957489014,1.3451346158981323,1.3452250957489014,0
1786052100000,1.345243215560913,1.3453518152236938,1.345243215560913,1.3452612161636353,0
1786052400000,1.3453518152236938,1.345569133758545,1.3453518152236938,1.345569133758545,0
1786052700000,1.345587134361267,1.345587134361267,1.3453880548477173,1.345406174659729,0
1786053000000,1.3453880548477173,1.345406174659729,1.3453518152236938,1.3453518152236938,0
1786053300000,1.3453699350357056,1.345442295074463,1.3453155755996704,1.3453518152236938,0
1786053600000,1.3454241752624512,1.3454604148864746,1.3454241752624512,1.3454241752624512,0
1786053900000,1.3454241752624512,1.3454241752624512,1.3453338146209717,1.3453338146209717,0
1786054200000,1.3453518152236938,1.3453880548477173,1.3452974557876587,1.3452974557876587,0
1786054500000,1.3452974557876587,1.3453699350357056,1.3452250957489014,1.3452250957489014,0
1786054800000,1.345243215560913,1.3454241752624512,1.345243215560913,1.3454241752624512,0
1786055100000,1.3454241752624512,1.3454241752624512,1.3453699350357056,1.3453880548477173,0
1786055400000,1.3452974557876587,1.3453518152236938,1.345279335975647,1.3452974557876587,0
1786055700000,1.3452974557876587,1.3452974557876587,1.3452250957489014,1.3452612161636353,0
1786056000000,1.3452250957489014,1.345243215560913,1.345188856124878,1.345188856124878,0
1786056300000,1.345152735710144,1.3454241752624512,1.345152735710144,1.3454241752624512,0
1786056600000,1.345442295074463,1.345442295074463,1.3453338146209717,1.3453338146209717,0
1786056900000,1.3453155755996704,1.3453155755996704,1.3452069759368896,1.3452250957489014,0
1786057200000,1.345188856124878,1.3453338146209717,1.345188856124878,1.3452250957489014,0
1786057500000,1.3452612161636353,1.3452612161636353,1.3451164960861206,1.3451164960861206,0
1786057800000,1.345152735710144,1.345188856124878,1.345152735710144,1.345188856124878,0
1786058100000,1.3451346158981323,1.3452250957489014,1.3451346158981323,1.345188856124878,0
1786058400000,1.3451708555221558,1.3452069759368896,1.345152735710144,1.3452069759368896,0
1786058700000,1.345188856124878,1.345188856124878,1.345152735710144,1.345152735710144,0
1786059000000,1.345152735710144,1.3452250957489014,1.3451346158981323,1.3452069759368896,0
1786059300000,1.3452069759368896,1.345243215560913,1.3452069759368896,1.345243215560913,0
1786059600000,1.3452250957489014,1.3452250957489014,1.3451164960861206,1.345152735710144,0
1786059900000,1.3451708555221558,1.345188856124878,1.345152735710144,1.3451708555221558,0
1786060200000,1.345188856124878,1.3452069759368896,1.345152735710144,1.3451708555221558,0
1786060500000,1.3452974557876587,1.3453699350357056,1.345279335975647,1.3453699350357056,0
1786060800000,1.3453518152236938,1.345406174659729,1.3452612161636353,1.3452612161636353,0
1786061100000,1.3452612161636353,1.3453155755996704,1.3452612161636353,1.3452974557876587,0
1786061400000,1.345279335975647,1.3453155755996704,1.345279335975647,1.3453155755996704,0
1786061700000,1.3453155755996704,1.3453155755996704,1.345279335975647,1.3453155755996704,0
1786062000000,1.3453155755996704,1.3454604148864746,1.3453155755996704,1.3453880548477173,0
1786062300000,1.345406174659729,1.345442295074463,1.3453518152236938,1.345442295074463,0
1786062600000,1.3454785346984863,1.345587134361267,1.3454785346984863,1.345587134361267,0
1786062900000,1.3454785346984863,1.3454785346984863,1.3454241752624512,1.3454241752624512,0
1786063200000,1.3454785346984863,1.3454785346984863,1.3453699350357056,1.3454604148864746,0
1786063500000,1.345442295074463,1.3454785346984863,1.3453338146209717,1.3453338146209717,0
1786063800000,1.3454241752624512,1.345442295074463,1.3453699350357056,1.345442295074463,0
1786064100000,1.3454604148864746,1.345532774925232,1.3454604148864746,1.3454604148864746,0
1786064400000,1.345406174659729,1.345532774925232,1.345406174659729,1.345532774925232,0
1786064700000,1.3455508947372437,1.3455508947372437,1.3454785346984863,1.345496654510498,0
1786065000000,1.3455508947372437,1.3456414937973022,1.3455508947372437,1.3456052541732788,0
1786065300000,1.3454785346984863,1.3455508947372437,1.345442295074463,1.3454604148864746,0
1786065600000,1.3454241752624512,1.3454241752624512,1.3453338146209717,1.3453880548477173,0
1786065900000,1.3453338146209717,1.3453338146209717,1.3452250957489014,1.3452250957489014,0
1786066200000,1.3452069759368896,1.3453338146209717,1.3452069759368896,1.3453338146209717,0
1786066500000,1.3453338146209717,1.345442295074463,1.3453338146209717,1.3454241752624512,0
1786066800000,1.3453338146209717,1.3453518152236938,1.345279335975647,1.345279335975647,0
1786067100000,1.3453155755996704,1.3453880548477173,1.3452250957489014,1.3453880548477173,0
1786067400000,1.3454604148864746,1.3454604148864746,1.3453518152236938,1.3453518152236938,0
1786067700000,1.3453338146209717,1.3453518152236938,1.3453155755996704,1.3453338146209717,0
1786068000000,1.345587134361267,1.345587134361267,1.3453699350357056,1.3453699350357056,0
1786068300000,1.345243215560913,1.3453699350357056,1.345243215560913,1.3453155755996704,0
1786068600000,1.345406174659729,1.3455508947372437,1.345406174659729,1.3455508947372437,0
1786068900000,1.345587134361267,1.345587134361267,1.345406174659729,1.3455146551132202,0
1786069200000,1.345532774925232,1.3458588123321533,1.3455146551132202,1.3458588123321533,0
1786069500000,1.345750093460083,1.345750093460083,1.345569133758545,1.3456776142120361,0
1786069800000,1.3456052541732788,1.3456052541732788,1.3453155755996704,1.3453155755996704,0
1786070100000,1.3453155755996704,1.345569133758545,1.3453155755996704,1.345442295074463,0
1786070400000,1.3453338146209717,1.345406174659729,1.3453155755996704,1.345406174659729,0
1786070700000,1.345442295074463,1.345532774925232,1.3453699350357056,1.3453699350357056,0
1786071000000,1.3453699350357056,1.3455146551132202,1.3453699350357056,1.3455146551132202,0
1786071300000,1.345569133758545,1.3456776142120361,1.345406174659729,1.345406174659729,0
1786071600000,1.3453155755996704,1.3453699350357056,1.345188856124878,1.345188856124878,0
1786071900000,1.3449898958206177,1.3450260162353516,1.3449175357818604,1.3449175357818604,0
1786072200000,1.3452612161636353,1.3452612161636353,1.345152735710144,1.345152735710144,0
1786072500000,1.3452069759368896,1.3452974557876587,1.3451346158981323,1.3451346158981323,0
1786072800000,1.3451346158981323,1.3451346158981323,1.344935655593872,1.3450260162353516,0
1786073100000,1.345062255859375,1.345062255859375,1.344881296157837,1.344881296157837,0
1786073400000,1.3450803756713867,1.3450803756713867,1.344881296157837,1.344881296157837,0
1786073700000,1.3447548151016235,1.3448090553283691,1.3447548151016235,1.3447548151016235,0
1786074000000,1.3447548151016235,1.3448452949523926,1.3446462154388428,1.3447366952896118,0
1786074300000,1.3447729349136353,1.3449898958206177,1.3447548151016235,1.344971776008606,0
1786074600000,1.3450260162353516,1.345062255859375,1.344935655593872,1.344971776008606,0
1786074900000,1.3449536561965942,1.344971776008606,1.3448271751403809,1.3448271751403809,0
1786075200000,1.3450441360473633,1.3450441360473633,1.3447548151016235,1.3448994159698486,0
1786075500000,1.3448090553283691,1.3448632955551147,1.3446643352508545,1.3447548151016235,0
1786075800000,1.3446643352508545,1.3446643352508545,1.3445378541946411,1.3445558547973633,0
1786076100000,1.3447548151016235,1.3447548151016235,1.3445558547973633,1.3446282148361206,0
1786076400000,1.3445197343826294,1.3445920944213867,1.3445197343826294,1.3445920944213867,0
1786076700000,1.3445558547973633,1.3446102142333984,1.3445016145706177,1.3445558547973633,0
1786077000000,1.34442937374115,1.3448452949523926,1.34442937374115,1.3448452949523926,0
1786077300000,1.3447366952896118,1.3447548151016235,1.3446643352508545,1.3446643352508545,0
1786077600000,1.3447366952896118,1.344881296157837,1.3447366952896118,1.3448452949523926,0
1786077900000,1.3448632955551147,1.344935655593872,1.3446462154388428,1.3447548151016235,0
1786078200000,1.344700574874878,1.3447909355163574,1.3446824550628662,1.3446824550628662,0
1786078500000,1.3447548151016235,1.3447548151016235,1.3443751335144043,1.3443751335144043,0
1786078800000,1.3444656133651733,1.3445197343826294,1.344212532043457,1.344212532043457,0
1786079100000,1.3441762924194336,1.3443208932876587,1.3441762924194336,1.3443208932876587,0
1786079400000,1.344266653060913,1.3446462154388428,1.344266653060913,1.3446282148361206,0
1786079700000,1.344573974609375,1.3445920944213867,1.3445558547973633,1.344573974609375,0
1786080000000,1.3446282148361206,1.3446282148361206,1.344573974609375,1.344573974609375,0
1786080300000,1.3446282148361206,1.3446282148361206,1.3444656133651733,1.3445016145706177,0
1786080600000,1.3443751335144043,1.3443751335144043,1.3441582918167114,1.3441582918167114,0
1786080900000,1.3441402912139893,1.3441402912139893,1.3440136909484863,1.344031810760498,0
1786081200000,1.3441582918167114,1.3442305326461792,1.343977689743042,1.343977689743042,0
1786081500000,1.3440136909484863,1.3442305326461792,1.3440136909484863,1.3442305326461792,0
1786081800000,1.344212532043457,1.3443390130996704,1.344212532043457,1.3442847728729248,0
1786082100000,1.3443028926849365,1.3443390130996704,1.344212532043457,1.344212532043457,0
1786082400000,1.3443208932876587,1.3443208932876587,1.3440136909484863,1.344031810760498,0
1786082700000,1.344031810760498,1.3441221714019775,1.3440136909484863,1.3441221714019775,0
1786083000000,1.3441762924194336,1.3441762924194336,1.3437608480453491,1.3437608480453491,0
1786083300000,1.3439414501190186,1.343977689743042,1.3437970876693726,1.3439054489135742,0
1786083600000,1.3438512086868286,1.3439234495162964,1.343833088874817,1.3438512086868286,0
1786083900000,1.3438692092895508,1.3438692092895508,1.3437608480453491,1.3437970876693726,0
1786084200000,1.3438150882720947,1.3438150882720947,1.343706727027893,1.343706727027893,0
1786084500000,1.3437608480453491,1.3438873291015625,1.3437608480453491,1.3438512086868286,0
1786084800000,1.3438150882720947,1.3438150882720947,1.343508243560791,1.343508243560791,0
1786085100000,1.343562364578247,1.343652606010437,1.343562364578247,1.343652606010437,0
1786085400000,1.3438512086868286,1.3438512086868286,1.343833088874817,1.343833088874817,0
1786085700000,1.3438512086868286,1.3438512086868286,1.3437970876693726,1.3437970876693726,0
1786086000000,1.343833088874817,1.344212532043457,1.343833088874817,1.344212532043457,0
1786086300000,1.3441762924194336,1.3443571329116821,1.3441762924194336,1.3443571329116821,0
1786086600000,1.3442847728729248,1.3442847728729248,1.3442305326461792,1.3442305326461792,0
1786086900000,1.3441762924194336,1.3443751335144043,1.3441762924194336,1.3443208932876587,0
1786087200000,1.34442937374115,1.34442937374115,1.3441221714019775,1.3441221714019775,0
1786087500000,1.3439595699310303,1.3441221714019775,1.3439595699310303,1.343977689743042,0
1786087800000,1.3441221714019775,1.34442937374115,1.3441221714019775,1.3443208932876587,0
1786088100000,1.3443571329116821,1.3445016145706177,1.3443390130996704,1.3445016145706177,0
1786088400000,1.3446102142333984,1.3447548151016235,1.3446102142333984,1.3447548151016235,0
1786088700000,1.3447909355163574,1.3447909355163574,1.3446282148361206,1.344700574874878,0
1786089000000,1.3448090553283691,1.3448090553283691,1.3447185754776,1.3447548151016235,0
1786089300000,1.3447909355163574,1.3450080156326294,1.3447909355163574,1.3450080156326294,0
1786089600000,1.3450984954833984,1.345152735710144,1.3450984954833984,1.3451346158981323,0
1786089900000,1.3450984954833984,1.3450984954833984,1.3448632955551147,1.3448994159698486,0
1786090200000,1.345188856124878,1.345188856124878,1.3447729349136353,1.3447729349136353,0
1786090500000,1.3448090553283691,1.3450080156326294,1.3448090553283691,1.3448090553283691,0
1786090800000,1.344881296157837,1.3449175357818604,1.3448632955551147,1.3448632955551147,0
1786091100000,1.3448632955551147,1.344935655593872,1.344700574874878,1.344700574874878,0
1786091400000,1.3484176397323608,1.349727988243103,1.3480722904205322,1.349727988243103,0
1786091700000,1.3492363691329956,1.3496187925338745,1.3490360975265503,1.3496187925338745,0
1786092000000,1.349800944328308,1.35023832321167,1.349800944328308,1.3499467372894287,0
1786092300000,1.3506578207015991,1.3506760597229004,1.350511908531189,1.350584864616394,0
1786092600000,1.350511908531189,1.350511908531189,1.3502748012542725,1.3502929210662842,0
1786092900000,1.3502565622329712,1.3502565622329712,1.3497644662857056,1.3500378131866455,0
1786093200000,1.3501653671264648,1.3501653671264648,1.3493820428848267,1.3493820428848267,0
1786093500000,1.3495094776153564,1.3500378131866455,1.3495094776153564,1.349837303161621,0
1786093800000,1.3496733903884888,1.3504024744033813,1.3496733903884888,1.3504024744033813,0
1786094100000,1.3500378131866455,1.3500378131866455,1.3497644662857056,1.3497644662857056,0
1786094400000,1.3497098684310913,1.350694179534912,1.3497098684310913,1.350694179534912,0
1786094700000,1.3506031036376953,1.3507490158081055,1.3504207134246826,1.3504207134246826,0
1786095000000,1.3504936695098877,1.3504936695098877,1.349545955657959,1.3496370315551758,0
1786095300000,1.349545955657959,1.3504570722579956,1.349545955657959,1.3504570722579956,0
1786095600000,1.3505300283432007,1.3507490158081055,1.3504024744033813,1.3504024744033813,0
1786095900000,1.3504207134246826,1.3504207134246826,1.3497462272644043,1.3497462272644043,0
1786096200000,1.3496370315551758,1.3496370315551758,1.3494184017181396,1.349545955657959,0
1786096500000,1.349400281906128,1.349400281906128,1.3488359451293945,1.3488359451293945,0
1786096800000,1.3489633798599243,1.3490906953811646,1.34865403175354,1.34865403175354,0
1786097100000,1.3487086296081543,1.3492363691329956,1.3485995531082153,1.3492363691329956,0
1786097400000,1.349436640739441,1.349436640739441,1.3492181301116943,1.349436640739441,0
1786097700000,1.3492544889450073,1.3500559329986572,1.3492544889450073,1.3500559329986572,0
1786098000000,1.3501471281051636,1.3501471281051636,1.3500378131866455,1.3500378131866455,0
1786098300000,1.3498737812042236,1.349892020225525,1.3495094776153564,1.3495094776153564,0
1786098600000,1.3492363691329956,1.3496370315551758,1.3492363691329956,1.3496370315551758,0
1786098900000,1.3494184017181396,1.3496187925338745,1.3492909669876099,1.3494912385940552,0
1786099200000,1.3496187925338745,1.3496187925338745,1.3489997386932373,1.3489997386932373,0
1786099500000,1.3491816520690918,1.3491816520690918,1.348726749420166,1.3488178253173828,0
1786099800000,1.3490360975265503,1.3490360975265503,1.348508596420288,1.348617672920227,0
1786100100000,1.3490906953811646,1.3490906953811646,1.3487813472747803,1.3488540649414062,0
1786100400000,1.3490725755691528,1.3490725755691528,1.3484539985656738,1.3484539985656738,0
1786100700000,1.348435878753662,1.348945140838623,1.348435878753662,1.34890878200531,0
1786101000000,1.3491089344024658,1.349582314491272,1.348981499671936,1.349582314491272,0
1786101300000,1.3495277166366577,1.3499284982681274,1.3495277166366577,1.3499284982681274,0
1786101600000,1.3500195741653442,1.3500195741653442,1.3498190641403198,1.3498190641403198,0
1786101900000,1.3499284982681274,1.3499284982681274,1.349582314491272,1.349582314491272,0
1786102200000,1.3492909669876099,1.349436640739441,1.3492727279663086,1.3492727279663086,0
1786102500000,1.3496733903884888,1.3500378131866455,1.3496733903884888,1.3497462272644043,0
1786102800000,1.3499467372894287,1.3499467372894287,1.3496551513671875,1.3498737812042236,0
1786103100000,1.3498555421829224,1.349892020225525,1.3495640754699707,1.3495640754699707,0
1786103400000,1.3495277166366577,1.3495640754699707,1.3492727279663086,1.3495640754699707,0
1786103700000,1.3496733903884888,1.349837303161621,1.3496551513671875,1.3496551513671875,0
1786104000000,1.3496005535125732,1.3497462272644043,1.3495640754699707,1.3496370315551758,0
1786104300000,1.3498190641403198,1.350001335144043,1.349727988243103,1.349727988243103,0
1786104600000,1.349800944328308,1.3501471281051636,1.349800944328308,1.3501471281051636,0
1786104900000,1.3500195741653442,1.3501107692718506,1.349837303161621,1.349837303161621,0
1786105200000,1.3499648571014404,1.3501107692718506,1.349800944328308,1.3501107692718506,0
1786105500000,1.3502929210662842,1.3502929210662842,1.3499467372894287,1.3499830961227417,0
1786105800000,1.3500195741653442,1.3500925302505493,1.3497462272644043,1.3497462272644043,0
1786106100000,1.349837303161621,1.3499467372894287,1.349727988243103,1.3499467372894287,0
1786106400000,1.3499284982681274,1.3500378131866455,1.3499284982681274,1.3499648571014404,0
1786106700000,1.3501471281051636,1.3504389524459839,1.3500559329986572,1.3504389524459839,0
1786107000000,1.3504207134246826,1.3504207134246826,1.3497827053070068,1.3497827053070068,0
1786107300000,1.349837303161621,1.3498555421829224,1.3496187925338745,1.3496733903884888,0
1786107600000,1.3495640754699707,1.3497462272644043,1.3495640754699707,1.349582314491272,0
1786107900000,1.349545955657959,1.3496187925338745,1.349545955657959,1.349582314491272,0
1786108200000,1.3496733903884888,1.3497098684310913,1.3495277166366577,1.3497098684310913,0
1786108500000,1.3497098684310913,1.3497098684310913,1.3494912385940552,1.3494912385940552,0
1786108800000,1.3496005535125732,1.3497098684310913,1.3495640754699707,1.3496733903884888,0
1786109100000,1.3497098684310913,1.349800944328308,1.3496551513671875,1.3496551513671875,0
1786109400000,1.349727988243103,1.3497644662857056,1.3496005535125732,1.3496005535125732,0
1786109700000,1.3495094776153564,1.349800944328308,1.3495094776153564,1.349800944328308,0
1786110000000,1.349800944328308,1.3498737812042236,1.349800944328308,1.3498190641403198,0
1786110300000,1.349800944328308,1.3498555421829224,1.349800944328308,1.349800944328308,0
1786110600000,1.3498555421829224,1.3498555421829224,1.3498190641403198,1.349837303161621,0
1786110900000,1.3497827053070068,1.3497827053070068,1.3496005535125732,1.3496005535125732,0
1786111200000,1.349436640739441,1.3494548797607422,1.3492363691329956,1.3492363691329956,0
1786111500000,1.3493820428848267,1.3496370315551758,1.3493820428848267,1.3496370315551758,0
1786111800000,1.3496370315551758,1.3496370315551758,1.349436640739441,1.3494731187820435,0
1786112100000,1.3495277166366577,1.3495277166366577,1.3494184017181396,1.3494184017181396,0
1786112400000,1.3493273258209229,1.3493820428848267,1.3493273258209229,1.3493273258209229,0
1786112700000,1.3494184017181396,1.349545955657959,1.3494184017181396,1.3495277166366577,0
1786113000000,1.3496370315551758,1.3497462272644043,1.3496370315551758,1.3497462272644043,0
1786113300000,1.3497462272644043,1.3497462272644043,1.3497098684310913,1.349727988243103,0
1786113600000,1.3497098684310913,1.349892020225525,1.3497098684310913,1.349892020225525,0
1786113900000,1.3499467372894287,1.3500195741653442,1.3499467372894287,1.3499830961227417,0
1786114200000,1.3500378131866455,1.350074291229248,1.350001335144043,1.350001335144043,0
1786114500000,1.3499102592468262,1.3499467372894287,1.349892020225525,1.349892020225525,0
1786114800000,1.3499830961227417,1.3501288890838623,1.3499830961227417,1.3500559329986572,0
1786115100000,1.350074291229248,1.3500925302505493,1.350001335144043,1.3500925302505493,0
1786115400000,1.3501107692718506,1.3501107692718506,1.349892020225525,1.3499284982681274,0
1786115700000,1.3499648571014404,1.3502200841903687,1.3499648571014404,1.350074291229248,0
1786116000000,1.350201964378357,1.3503295183181763,1.350201964378357,1.3503295183181763,0
1786116300000,1.3503295183181763,1.3503295183181763,1.3501653671264648,1.3502565622329712,0
1786116600000,1.3502565622329712,1.3503295183181763,1.3502565622329712,1.3503295183181763,0
1786116900000,1.3502200841903687,1.3502748012542725,1.3501288890838623,1.3501288890838623,0
1786117200000,1.350001335144043,1.3501288890838623,1.3499648571014404,1.3499648571014404,0
1786117500000,1.3500378131866455,1.3500925302505493,1.350001335144043,1.350001335144043,0
1786117800000,1.3499648571014404,1.3499648571014404,1.349727988243103,1.3497827053070068,0
1786118100000,1.349892020225525,1.349892020225525,1.3497462272644043,1.3497827053070068,0
1786118400000,1.3498555421829224,1.3498737812042236,1.3497098684310913,1.349727988243103,0
1786118700000,1.349727988243103,1.349727988243103,1.349545955657959,1.349545955657959,0
1786119000000,1.349582314491272,1.349582314491272,1.3493820428848267,1.3494184017181396,0
1786119300000,1.3491089344024658,1.349436640739441,1.3491089344024658,1.3493455648422241,0
1786119600000,1.3492909669876099,1.3492909669876099,1.3491816520690918,1.3492181301116943,0
1786119900000,1.3492544889450073,1.3492544889450073,1.3491452932357788,1.34916353225708,0
1786120200000,1.3490360975265503,1.3490543365478516,1.3489997386932373,1.3489997386932373,0
1786120500000,1.3490360975265503,1.3491452932357788,1.3490360975265503,1.349127173423767,0
1786120800000,1.3491816520690918,1.3491816520690918,1.3490906953811646,1.3490906953811646,0
1786121100000,1.349199891090393,1.349199891090393,1.3491089344024658,1.3491089344024658,0
1786121400000,1.34916353225708,1.349199891090393,1.3491089344024658,1.349199891090393,0
1786121700000,1.3493092060089111,1.3493638038635254,1.3492363691329956,1.3492363691329956,0
1786122000000,1.3492727279663086,1.3492727279663086,1.3492727279663086,1.3492727279663086,0
1786122300000,1.3492727279663086,1.3492727279663086,1.3492727279663086,1.3492727279663086,0
1786122600000,1.3492727279663086,1.3492727279663086,1.3492727279663086,1.3492727279663086,0
1786122900000,1.3492727279663086,1.3492727279663086,1.3492727279663086,1.3492727279663086,0
1786123200000,1.3492727279663086,1.3492727279663086,1.3492727279663086,1.3492727279663086,0
1786123500000,1.3492727279663086,1.3492727279663086,1.3492727279663086,1.3492727279663086,0
1786302000000,1.3489633798599243,1.349127173423767,1.3489633798599243,1.349127173423767,0
1786302300000,1.349199891090393,1.3492363691329956,1.3491089344024658,1.3491089344024658,0
1786302600000,1.3491816520690918,1.3492363691329956,1.349127173423767,1.3492363691329956,0
1786302900000,1.3492363691329956,1.3492363691329956,1.3492181301116943,1.3492363691329956,0
1786303200000,1.349199891090393,1.3492544889450073,1.349199891090393,1.3492544889450073,0
1786303500000,1.3492727279663086,1.3492909669876099,1.3492363691329956,1.3492544889450073,0
1786303800000,1.3492181301116943,1.3492363691329956,1.348981499671936,1.348981499671936,0
1786304100000,1.3490543365478516,1.3490543365478516,1.3488905429840088,1.348945140838623,0
1786304400000,1.3490543365478516,1.3491452932357788,1.3490543365478516,1.3491452932357788,0
1786304700000,1.3492544889450073,1.3492544889450073,1.349127173423767,1.3491452932357788,0
1786305000000,1.34916353225708,1.3492909669876099,1.34916353225708,1.3492909669876099,0
1786305300000,1.349199891090393,1.349199891090393,1.348981499671936,1.348981499671936,0
1786305600000,1.34916353225708,1.3493092060089111,1.34916353225708,1.3493092060089111,0
1786305900000,1.3492727279663086,1.3492727279663086,1.34916353225708,1.3492544889450073,0
1786306200000,1.34916353225708,1.349400281906128,1.349127173423767,1.349400281906128,0
1786306500000,1.3493455648422241,1.3493455648422241,1.3490906953811646,1.349127173423767,0
1786306800000,1.3490906953811646,1.3490906953811646,1.3489997386932373,1.3490725755691528,0
1786307100000,1.348981499671936,1.34916353225708,1.348981499671936,1.3490725755691528,0
1786307400000,1.349017858505249,1.3490906953811646,1.349017858505249,1.3490725755691528,0
1786307700000,1.3491089344024658,1.3491089344024658,1.3489633798599243,1.3489633798599243,0
1786308000000,1.348981499671936,1.348981499671936,1.34890878200531,1.34890878200531,0
1786308300000,1.3488905429840088,1.3490906953811646,1.3488905429840088,1.3490725755691528,0
1786308600000,1.3491816520690918,1.3492909669876099,1.3491089344024658,1.3491816520690918,0
1786308900000,1.3491452932357788,1.3491816520690918,1.3490725755691528,1.3490725755691528,0
1786309200000,1.349127173423767,1.349127173423767,1.3487449884414673,1.3487449884414673,0
1786309500000,1.3486722707748413,1.348726749420166,1.348508596420288,1.34865403175354,0
1786309800000,1.348581314086914,1.3487086296081543,1.348581314086914,1.3487086296081543,0
1786310100000,1.3487449884414673,1.3488723039627075,1.3487449884414673,1.3488359451293945,0
1786310400000,1.3488723039627075,1.3488723039627075,1.3487632274627686,1.3487813472747803,0
1786310700000,1.3488540649414062,1.3489269018173218,1.3488178253173828,1.3489269018173218,0
1786311000000,1.3487632274627686,1.3487632274627686,1.34865403175354,1.348690390586853,0
1786311300000,1.348581314086914,1.348581314086914,1.3485630750656128,1.348581314086914,0
1786311600000,1.34865403175354,1.3487632274627686,1.34865403175354,1.3487632274627686,0
1786311900000,1.3487995862960815,1.348945140838623,1.3487995862960815,1.348945140838623,0
1786312200000,1.34890878200531,1.3489633798599243,1.34890878200531,1.348945140838623,0
1786312500000,1.3489269018173218,1.3489269018173218,1.3487995862960815,1.3488540649414062,0
1786312800000,1.348945140838623,1.348981499671936,1.348945140838623,1.348945140838623,0
1786313100000,1.3489633798599243,1.3489633798599243,1.3488359451293945,1.3488540649414062,0
1786313400000,1.3488540649414062,1.3488540649414062,1.3487813472747803,1.3488359451293945,0
1786313700000,1.3488723039627075,1.34890878200531,1.3488540649414062,1.3488723039627075,0
1786314000000,1.3488723039627075,1.3488723039627075,1.3487995862960815,1.3488178253173828,0
1786314300000,1.3487995862960815,1.3488359451293945,1.348726749420166,1.3488359451293945,0
1786314600000,1.3488540649414062,1.348981499671936,1.3488178253173828,1.348981499671936,0
1786314900000,1.348945140838623,1.348945140838623,1.3487995862960815,1.3487995862960815,0
1786315200000,1.3487632274627686,1.3487995862960815,1.3487086296081543,1.3487086296081543,0
1786315500000,1.348690390586853,1.3487632274627686,1.348690390586853,1.3487449884414673,0
1786315800000,1.3487632274627686,1.3487632274627686,1.3486357927322388,1.348690390586853,0
1786316100000,1.348726749420166,1.348726749420166,1.3486357927322388,1.3486357927322388,0
1786316400000,1.348726749420166,1.348726749420166,1.3485448360443115,1.3485448360443115,0
1786316700000,1.3485267162322998,1.3485448360443115,1.3484721183776855,1.3484721183776855,0
1786317000000,1.348435878753662,1.3485630750656128,1.348435878753662,1.3484903573989868,0
1786317300000,1.348508596420288,1.348508596420288,1.3484539985656738,1.3484903573989868,0
1786317600000,1.348581314086914,1.3486722707748413,1.348581314086914,1.3486722707748413,0
1786317900000,1.34865403175354,1.34865403175354,1.3484539985656738,1.3485630750656128,0
1786318200000,1.3485630750656128,1.3485630750656128,1.3484176397323608,1.3484176397323608,0
1786318500000,1.3484176397323608,1.3485448360443115,1.3484176397323608,1.3484539985656738,0
1786318800000,1.3484539985656738,1.3485267162322998,1.3484176397323608,1.3484539985656738,0
1786319100000,1.3485448360443115,1.34865403175354,1.3485267162322998,1.34865403175354,0
1786319400000,1.34865403175354,1.3486722707748413,1.3485995531082153,1.3486722707748413,0
1786319700000,1.3486357927322388,1.34865403175354,1.3485630750656128,1.348581314086914,0
1786320000000,1.3485995531082153,1.3485995531082153,1.3485267162322998,1.3485995531082153,0
1786320300000,1.3485995531082153,1.3485995531082153,1.3484539985656738,1.348508596420288,0
1786320600000,1.348508596420288,1.3485995531082153,1.348435878753662,1.3485995531082153,0
1786320900000,1.348581314086914,1.348581314086914,1.3485267162322998,1.3485448360443115,0
1786321200000,1.3485630750656128,1.3485630750656128,1.3485448360443115,1.3485630750656128,0
1786321500000,1.348617672920227,1.3486722707748413,1.348617672920227,1.3486722707748413,0
1786321800000,1.3486357927322388,1.3486722707748413,1.348617672920227,1.3486722707748413,0
1786322100000,1.3485995531082153,1.3486357927322388,1.3485448360443115,1.3485448360443115,0
1786322400000,1.3485630750656128,1.3486722707748413,1.3485630750656128,1.3486722707748413,0
1786322700000,1.348726749420166,1.3489269018173218,1.348726749420166,1.3489269018173218,0
1786323000000,1.3489633798599243,1.3490360975265503,1.348945140838623,1.3490360975265503,0
1786323300000,1.348945140838623,1.3489997386932373,1.348945140838623,1.348945140838623,0
1786323600000,1.34890878200531,1.3489633798599243,1.3488905429840088,1.3489633798599243,0
1786323900000,1.3490725755691528,1.349199891090393,1.3490360975265503,1.3490360975265503,0
1786324200000,1.3490360975265503,1.3490360975265503,1.3488723039627075,1.3488723039627075,0
1786324500000,1.3489997386932373,1.3489997386932373,1.3488723039627075,1.3488723039627075,0
1786324800000,1.3488540649414062,1.3488905429840088,1.3488540649414062,1.3488905429840088,0
1786325100000,1.3488905429840088,1.3488905429840088,1.3488359451293945,1.3488723039627075,0
1786325400000,1.3488723039627075,1.3488905429840088,1.3487995862960815,1.3488905429840088,0
1786325700000,1.3488905429840088,1.3491452932357788,1.3488905429840088,1.3491452932357788,0
1786326000000,1.349199891090393,1.349199891090393,1.348981499671936,1.348981499671936,0
1786326300000,1.3489997386932373,1.349127173423767,1.3489997386932373,1.349127173423767,0
1786326600000,1.3491816520690918,1.3493455648422241,1.3491816520690918,1.3493092060089111,0
1786326900000,1.3493092060089111,1.3493638038635254,1.3493092060089111,1.3493638038635254,0
1786327200000,1.349545955657959,1.3495640754699707,1.3494184017181396,1.3494184017181396,0
1786327500000,1.3495094776153564,1.3497098684310913,1.3495094776153564,1.3497098684310913,0
1786327800000,1.3497098684310913,1.3497098684310913,1.3493638038635254,1.3493638038635254,0
1786328100000,1.349545955657959,1.34969162940979,1.349545955657959,1.349582314491272,0
1786328400000,1.3495277166366577,1.34969162940979,1.3495277166366577,1.3495640754699707,0
1786328700000,1.3494731187820435,1.349582314491272,1.3494731187820435,1.3495640754699707,0
1786329000000,1.349545955657959,1.3496370315551758,1.3495094776153564,1.3496005535125732,0
1786329300000,1.3495640754699707,1.3495640754699707,1.3494184017181396,1.3494548797607422,0
1786329600000,1.3495277166366577,1.3495277166366577,1.3493273258209229,1.3493273258209229,0
1786329900000,1.3493820428848267,1.3494184017181396,1.3493273258209229,1.349400281906128,0
1786330200000,1.3493638038635254,1.3494548797607422,1.3493092060089111,1.3494548797607422,0
1786330500000,1.3494731187820435,1.3495277166366577,1.3493638038635254,1.3494731187820435,0
1786330800000,1.3494548797607422,1.3494912385940552,1.3492727279663086,1.3492727279663086,0
1786331100000,1.3493273258209229,1.3495640754699707,1.3493273258209229,1.3495094776153564,0
1786331400000,1.3496733903884888,1.3497644662857056,1.349545955657959,1.349582314491272,0
1786331700000,1.349436640739441,1.3495640754699707,1.349436640739441,1.3495094776153564,0
1786332000000,1.3493455648422241,1.3495094776153564,1.3493092060089111,1.3495094776153564,0
1786332300000,1.3496005535125732,1.3496005535125732,1.3492363691329956,1.3492363691329956,0
1786332600000,1.3493273258209229,1.3493455648422241,1.3492363691329956,1.3493273258209229,0
1786332900000,1.3495277166366577,1.349800944328308,1.3494548797607422,1.3496370315551758,0
1786333200000,1.349582314491272,1.3498555421829224,1.349582314491272,1.349837303161621,0
1786333500000,1.3501107692718506,1.3501107692718506,1.349727988243103,1.349727988243103,0
1786333800000,1.3496551513671875,1.349727988243103,1.349545955657959,1.349545955657959,0
1786334100000,1.349582314491272,1.3496551513671875,1.3495640754699707,1.3496005535125732,0
1786334400000,1.3496187925338745,1.3496733903884888,1.3496005535125732,1.3496733903884888,0
1786334700000,1.34969162940979,1.3501288890838623,1.34969162940979,1.3500378131866455,0
1786335000000,1.3501653671264648,1.3504207134246826,1.3501288890838623,1.3504207134246826,0
1786335300000,1.3504570722579956,1.350548267364502,1.350311279296875,1.350548267364502,0
1786335600000,1.350548267364502,1.350548267364502,1.3503841161727905,1.3503841161727905,0
1786335900000,1.3503295183181763,1.3503295183181763,1.35023832321167,1.35023832321167,0
1786336200000,1.3504389524459839,1.3504389524459839,1.3502200841903687,1.3502200841903687,0
1786336500000,1.350311279296875,1.350311279296875,1.3501836061477661,1.3501836061477661,0
1786336800000,1.3502748012542725,1.3504024744033813,1.35023832321167,1.3503295183181763,0
1786337100000,1.3502200841903687,1.3502200841903687,1.3501288890838623,1.350201964378357,0
1786337400000,1.3500559329986572,1.350311279296875,1.3500559329986572,1.350311279296875,0
1786337700000,1.3502929210662842,1.3503841161727905,1.350201964378357,1.3503841161727905,0
1786338000000,1.3503477573394775,1.3503477573394775,1.3502929210662842,1.3503295183181763,0
1786338300000,1.3504570722579956,1.3505300283432007,1.3503295183181763,1.3505300283432007,0
1786338600000,1.3503295183181763,1.350584864616394,1.3503295183181763,1.350584864616394,0
1786338900000,1.350694179534912,1.350694179534912,1.3505300283432007,1.3505300283432007,0
1786339200000,1.3504570722579956,1.3504753112792969,1.3504207134246826,1.3504753112792969,0
1786339500000,1.350621223449707,1.350621223449707,1.350511908531189,1.350548267364502,0
1786339800000,1.3506031036376953,1.3506031036376953,1.3502200841903687,1.35023832321167,0
1786340100000,1.35023832321167,1.35023832321167,1.3496187925338745,1.3496187925338745,0
1786340400000,1.3496187925338745,1.349727988243103,1.3496005535125732,1.3496005535125732,0
1786340700000,1.3497462272644043,1.3499102592468262,1.3497462272644043,1.3499102592468262,0
1786341000000,1.349800944328308,1.349837303161621,1.3497644662857056,1.3497644662857056,0
1786341300000,1.3498555421829224,1.3499102592468262,1.3496370315551758,1.3496370315551758,0
1786341600000,1.3494184017181396,1.3494548797607422,1.3493273258209229,1.3494184017181396,0
1786341900000,1.349400281906128,1.3496733903884888,1.349400281906128,1.3496733903884888,0
1786342200000,1.3496370315551758,1.3497098684310913,1.3496187925338745,1.3496187925338745,0
1786342500000,1.3496733903884888,1.3496733903884888,1.3495640754699707,1.3496370315551758,0
1786342800000,1.349727988243103,1.3499648571014404,1.3497098684310913,1.3497827053070068,0
1786343100000,1.349800944328308,1.3498190641403198,1.3497462272644043,1.3497644662857056,0
1786343400000,1.3497462272644043,1.349892020225525,1.3495640754699707,1.349892020225525,0
1786343700000,1.3500925302505493,1.3500925302505493,1.3498190641403198,1.3499284982681274,0
1786344000000,1.3499830961227417,1.3499830961227417,1.3498555421829224,1.3499467372894287,0
1786344300000,1.350074291229248,1.3501653671264648,1.3499284982681274,1.3501653671264648,0
1786344600000,1.3499467372894287,1.3500559329986572,1.3499102592468262,1.3499102592468262,0
1786344900000,1.3500378131866455,1.3501107692718506,1.3499830961227417,1.350074291229248,0
1786345200000,1.3501288890838623,1.3502565622329712,1.3501288890838623,1.3501653671264648,0
1786345500000,1.3501288890838623,1.3501288890838623,1.3499648571014404,1.3499648571014404,0
1786345800000,1.3500195741653442,1.3500195741653442,1.3496733903884888,1.3496733903884888,0
1786346100000,1.349892020225525,1.3499648571014404,1.3497644662857056,1.3499284982681274,0
1786346400000,1.3500378131866455,1.3500378131866455,1.349892020225525,1.3499648571014404,0
1786346700000,1.350001335144043,1.3500559329986572,1.349892020225525,1.3499284982681274,0
1786347000000,1.3498737812042236,1.349892020225525,1.349837303161621,1.349892020225525,0
1786347300000,1.350074291229248,1.3502748012542725,1.350001335144043,1.3502748012542725,0
1786347600000,1.3502748012542725,1.3502929210662842,1.3501653671264648,1.3501653671264648,0
1786347900000,1.3501471281051636,1.3501471281051636,1.3498555421829224,1.3498555421829224,0
1786348200000,1.3499102592468262,1.3499467372894287,1.349837303161621,1.3498555421829224,0
1786348500000,1.349892020225525,1.3500925302505493,1.3498555421829224,1.3500925302505493,0
1786348800000,1.3500559329986572,1.3500925302505493,1.3499648571014404,1.350001335144043,0
1786349100000,1.3499284982681274,1.3502200841903687,1.3498190641403198,1.3502200841903687,0
1786349400000,1.350311279296875,1.350311279296875,1.349837303161621,1.349837303161621,0
1786349700000,1.3498190641403198,1.3498737812042236,1.3496187925338745,1.349837303161621,0
1786350000000,1.349727988243103,1.349727988243103,1.3496005535125732,1.3496005535125732,0
1786350300000,1.3495277166366577,1.3495277166366577,1.3492909669876099,1.3495094776153564,0
1786350600000,1.3494731187820435,1.349545955657959,1.3494184017181396,1.3494184017181396,0
1786350900000,1.3494548797607422,1.3494548797607422,1.3492544889450073,1.3492544889450073,0
1786351200000,1.349127173423767,1.3495277166366577,1.349127173423767,1.3493092060089111,0
1786351500000,1.3492363691329956,1.3495640754699707,1.3492363691329956,1.349545955657959,0
1786351800000,1.3495277166366577,1.3495640754699707,1.3495094776153564,1.3495094776153564,0
1786352100000,1.3494731187820435,1.3497098684310913,1.3494731187820435,1.3495640754699707,0
1786352400000,1.3497098684310913,1.349727988243103,1.3496187925338745,1.3496187925338745,0
1786352700000,1.3496187925338745,1.349727988243103,1.349545955657959,1.349727988243103,0
1786353000000,1.350001335144043,1.3502929210662842,1.350001335144043,1.350201964378357,0
1786353300000,1.3503295183181763,1.3506578207015991,1.3503295183181763,1.350548267364502,0
1786353600000,1.350694179534912,1.350694179534912,1.35023832321167,1.35023832321167,0
1786353900000,1.350311279296875,1.350548267364502,1.350311279296875,1.3505300283432007,0
1786354200000,1.3504570722579956,1.350548267364502,1.35023832321167,1.350548267364502,0
1786354500000,1.3507671356201172,1.3507671356201172,1.3502748012542725,1.3502748012542725,0
1786354800000,1.3503477573394775,1.3504753112792969,1.3503295183181763,1.3503658771514893,0
1786355100000,1.3503477573394775,1.3503477573394775,1.35023832321167,1.350311279296875,0
1786355400000,1.3501471281051636,1.3501653671264648,1.3499830961227417,1.3499830961227417,0
1786355700000,1.3499467372894287,1.350621223449707,1.3499467372894287,1.3504753112792969,0
1786356000000,1.3505300283432007,1.3509132862091064,1.3505300283432007,1.3509132862091064,0
1786356300000,1.3510043621063232,1.3515704870224,1.3510043621063232,1.3514243364334106,0
1786356600000,1.3514426946640015,1.351862907409668,1.3514060974121094,1.351862907409668,0
1786356900000,1.3517532348632812,1.3517532348632812,1.3513513803482056,1.351515769958496,0
1786357200000,1.3515340089797974,1.3515340089797974,1.3513330221176147,1.351387858390808,0
1786357500000,1.3514974117279053,1.351862907409668,1.3514243364334106,1.351862907409668,0
1786357800000,1.3517714738845825,1.3518811464309692,1.351643681526184,1.3517348766326904,0
1786358100000,1.3517348766326904,1.3520090579986572,1.3517348766326904,1.3520090579986572,0
1786358400000,1.3518993854522705,1.3525211811065674,1.3518993854522705,1.3525211811065674,0
1786358700000,1.3526124954223633,1.3529969453811646,1.3526124954223633,1.3529969453811646,0
1786359000000,1.3524478673934937,1.3524478673934937,1.352027416229248,1.3520638942718506,0
1786359300000,1.3520638942718506,1.352155327796936,1.351990818977356,1.351990818977356,0
1786359600000,1.352027416229248,1.352027416229248,1.3518811464309692,1.3518811464309692,0
1786359900000,1.3517348766326904,1.3519543409347534,1.3517348766326904,1.3517714738845825,0
1786360200000,1.351807951927185,1.3522101640701294,1.351807951927185,1.3522101640701294,0
1786360500000,1.3522284030914307,1.3523746728897095,1.3522284030914307,1.3523746728897095,0
1786360800000,1.3523565530776978,1.3526674509048462,1.3523565530776978,1.35255765914917,0
1786361100000,1.3523565530776978,1.3523565530776978,1.351862907409668,1.3521369695663452,0
1786361400000,1.3522101640701294,1.3523015975952148,1.3521736860275269,1.3522651195526123,0
1786361700000,1.3523198366165161,1.3525028228759766,1.3523198366165161,1.3525028228759766,0
1786362000000,1.3524662256240845,1.3526674509048462,1.3524662256240845,1.352539300918579,0
1786362300000,1.3525211811065674,1.3527590036392212,1.3525211811065674,1.35255765914917,0
1786362600000,1.3525028228759766,1.35255765914917,1.3521919250488281,1.3521919250488281,0
1786362900000,1.3522467613220215,1.352594256401062,1.3522467613220215,1.352594256401062,0
1786363200000,1.352630853652954,1.352685809135437,1.3524296283721924,1.3524296283721924,0
1786363500000,1.3524296283721924,1.352685809135437,1.3524296283721924,1.35255765914917,0
1786363800000,1.3525211811065674,1.3525760173797607,1.3524296283721924,1.3524296283721924,0
1786364100000,1.3524113893508911,1.3524113893508911,1.3520456552505493,1.3521736860275269,0
1786364400000,1.3521736860275269,1.3521736860275269,1.3520090579986572,1.352027416229248,0
1786364700000,1.3520090579986572,1.3522833585739136,1.3520090579986572,1.3522833585739136,0
1786365000000,1.3524296283721924,1.3524296283721924,1.3520456552505493,1.3520456552505493,0
1786365300000,1.3522651195526123,1.3522651195526123,1.3521919250488281,1.3521919250488281,0
1786365600000,1.352027416229248,1.352027416229248,1.351807951927185,1.351807951927185,0
1786365900000,1.3516618013381958,1.3517167568206787,1.3514609336853027,1.3514609336853027,0
1786366200000,1.3515340089797974,1.3516801595687866,1.3514792919158936,1.3514792919158936,0
1786366500000,1.3515522480010986,1.3515522480010986,1.3514974117279053,1.3514974117279053,0
1786366800000,1.3514243364334106,1.351515769958496,1.3512235879898071,1.3512235879898071,0
1786367100000,1.3512418270111084,1.3512418270111084,1.3510591983795166,1.35111403465271,0
1786367400000,1.3511687517166138,1.3512418270111084,1.3511322736740112,1.3511322736740112,0
1786367700000,1.351186990737915,1.351186990737915,1.3509314060211182,1.3510043621063232,0
1786368000000,1.3509314060211182,1.3509314060211182,1.3508219718933105,1.3508219718933105,0
1786368300000,1.3509132862091064,1.3510591983795166,1.350858449935913,1.3510591983795166,0
1786368600000,1.35111403465271,1.35111403465271,1.3510591983795166,1.3510775566101074,0
1786368900000,1.3510409593582153,1.35111403465271,1.3510409593582153,1.35111403465271,0
1786369200000,1.351022720336914,1.3510956764221191,1.3509680032730103,1.351022720336914,0
1786369500000,1.3509314060211182,1.3509314060211182,1.350621223449707,1.350785493850708,0
1786369800000,1.3508766889572144,1.3508766889572144,1.3507307767868042,1.350785493850708,0
1786370100000,1.350712537765503,1.3507490158081055,1.3506031036376953,1.3506031036376953,0
1786370400000,1.3507671356201172,1.3508037328720093,1.3506395816802979,1.350712537765503,0
1786370700000,1.350712537765503,1.3507671356201172,1.350694179534912,1.3507671356201172,0
1786371000000,1.3507490158081055,1.3508766889572144,1.3507490158081055,1.350858449935913,0
1786371300000,1.350858449935913,1.350858449935913,1.3507490158081055,1.3508403301239014,0
1786371600000,1.3508766889572144,1.3509132862091064,1.3508037328720093,1.3509132862091064,0
1786371900000,1.350785493850708,1.3508766889572144,1.350785493850708,1.3508403301239014,0
1786372200000,1.3508037328720093,1.3511322736740112,1.3508037328720093,1.3510409593582153,0
1786372500000,1.3510409593582153,1.3510409593582153,1.3508766889572144,1.3509314060211182,0
1786372800000,1.351022720336914,1.3512052297592163,1.351022720336914,1.351186990737915,0
1786373100000,1.351186990737915,1.351186990737915,1.3510775566101074,1.3510775566101074,0
1786373400000,1.3510409593582153,1.3510956764221191,1.3507490158081055,1.3507490158081055,0
1786373700000,1.350785493850708,1.3510409593582153,1.350785493850708,1.3510409593582153,0
1786374000000,1.3508403301239014,1.3508949279785156,1.3508219718933105,1.3508403301239014,0
1786374300000,1.350712537765503,1.3508037328720093,1.350712537765503,1.3507490158081055,0
1786374600000,1.3506578207015991,1.3507671356201172,1.3506578207015991,1.3507490158081055,0
1786374900000,1.3507671356201172,1.3508219718933105,1.350694179534912,1.350712537765503,0
1786375200000,1.350785493850708,1.3509496450424194,1.350785493850708,1.3509496450424194,0
1786375500000,1.350858449935913,1.350858449935913,1.350785493850708,1.350785493850708,0
1786375800000,1.3508949279785156,1.3508949279785156,1.3506395816802979,1.3506395816802979,0
1786376100000,1.3506395816802979,1.3507671356201172,1.3506395816802979,1.350712537765503,0
1786376400000,1.3506760597229004,1.3508766889572144,1.3506760597229004,1.3508219718933105,0
1786376700000,1.350785493850708,1.350858449935913,1.3507671356201172,1.350858449935913,0
1786377000000,1.3508949279785156,1.3509314060211182,1.350858449935913,1.3509314060211182,0
1786377300000,1.3508219718933105,1.3508219718933105,1.350785493850708,1.3508037328720093,0
1786377600000,1.3509314060211182,1.3509862422943115,1.3509314060211182,1.3509496450424194,0
1786377900000,1.3509680032730103,1.351022720336914,1.3509496450424194,1.3509680032730103,0
1786378200000,1.3509132862091064,1.351022720336914,1.3509132862091064,1.3510043621063232,0
1786378500000,1.3509862422943115,1.3509862422943115,1.3508037328720093,1.350858449935913,0
1786378800000,1.3508403301239014,1.3508403301239014,1.3507671356201172,1.350785493850708,0
1786379100000,1.3508037328720093,1.3508037328720093,1.3507307767868042,1.3507307767868042,0
1786379400000,1.3506578207015991,1.350785493850708,1.3506578207015991,1.3507307767868042,0
1786379700000,1.3507490158081055,1.350785493850708,1.3507490158081055,1.350785493850708,0
1786380000000,1.3507671356201172,1.350858449935913,1.3507490158081055,1.350858449935913,0
1786380300000,1.3508219718933105,1.3508219718933105,1.3507490158081055,1.3507490158081055,0
1786380600000,1.3507490158081055,1.3508219718933105,1.350712537765503,1.3507307767868042,0
1786380900000,1.3507307767868042,1.3508037328720093,1.350694179534912,1.3508037328720093,0
1786381200000,1.3511687517166138,1.3511687517166138,1.3507671356201172,1.3507671356201172,0
1786381500000,1.3509132862091064,1.3509862422943115,1.3505666255950928,1.3506031036376953,0
1786381800000,1.3509496450424194,1.3510043621063232,1.3506760597229004,1.3506760597229004,0
1786382100000,1.3506578207015991,1.3507671356201172,1.3506395816802979,1.3507490158081055,0
1786382400000,1.3506578207015991,1.3507307767868042,1.3506578207015991,1.350712537765503,0
1786382700000,1.3507307767868042,1.3510409593582153,1.3507307767868042,1.3508219718933105,0
1786383000000,1.350858449935913,1.3509314060211182,1.350621223449707,1.350621223449707,0
1786383300000,1.350712537765503,1.3508766889572144,1.350712537765503,1.3508766889572144,0
1786383600000,1.350785493850708,1.3508219718933105,1.350785493850708,1.3508037328720093,0
1786383900000,1.3507671356201172,1.350858449935913,1.350712537765503,1.350785493850708,0
1786384200000,1.350785493850708,1.350785493850708,1.3507307767868042,1.3507307767868042,0
1786384500000,1.350694179534912,1.3509132862091064,1.350694179534912,1.3509132862091064,0
1786384800000,1.3508766889572144,1.3509132862091064,1.3507307767868042,1.3507307767868042,0
1786385100000,1.350785493850708,1.350785493850708,1.350712537765503,1.3507307767868042,0
1786385400000,1.3508219718933105,1.3508766889572144,1.350785493850708,1.3508037328720093,0
1786385700000,1.3508219718933105,1.3508766889572144,1.3508037328720093,1.3508219718933105,0
1786386000000,1.3508037328720093,1.3508037328720093,1.350712537765503,1.3507490158081055,0
1786386300000,1.350712537765503,1.3508219718933105,1.350712537765503,1.350785493850708,0
1786386600000,1.3507307767868042,1.3508037328720093,1.3507307767868042,1.350785493850708,0
1786386900000,1.3507490158081055,1.350785493850708,1.3507490158081055,1.350785493850708,0
1786387200000,1.3508403301239014,1.350858449935913,1.3508219718933105,1.3508403301239014,0
1786387500000,1.3508403301239014,1.3509680032730103,1.3508403301239014,1.3509680032730103,0
1786387800000,1.3509314060211182,1.3509314060211182,1.3508766889572144,1.3508766889572144,0
1786388100000,1.3509132862091064,1.3509680032730103,1.3509132862091064,1.3509132862091064,0
1786388400000,1.3509862422943115,1.3509862422943115,1.350858449935913,1.350858449935913,0
1786388700000,1.3509314060211182,1.3509314060211182,1.3508766889572144,1.3508949279785156,0
1786389000000,1.3508403301239014,1.3509132862091064,1.3508403301239014,1.3508766889572144,0
1786389300000,1.350858449935913,1.350858449935913,1.3507307767868042,1.350858449935913,0
1786389600000,1.350858449935913,1.3509132862091064,1.350858449935913,1.3509132862091064,0
1786389900000,1.350858449935913,1.3509314060211182,1.3508219718933105,1.3508949279785156,0
1786390200000,1.3508037328720093,1.3508037328720093,1.3507307767868042,1.3507307767868042,0
1786390500000,1.3507307767868042,1.350858449935913,1.3507307767868042,1.350858449935913,0
1786390800000,1.3508766889572144,1.3508949279785156,1.3507490158081055,1.3507671356201172,0
1786391100000,1.3507671356201172,1.3509496450424194,1.3507671356201172,1.3509314060211182,0
1786391400000,1.3509132862091064,1.3509314060211182,1.3508949279785156,1.3508949279785156,0
1786391700000,1.3508949279785156,1.3511687517166138,1.3508949279785156,1.3511687517166138,0
1786392000000,1.3511687517166138,1.351186990737915,1.3511322736740112,1.351186990737915,0
1786392300000,1.3512052297592163,1.3512600660324097,1.3511687517166138,1.3512418270111084,0
1786392600000,1.3512600660324097,1.3513330221176147,1.3512418270111084,1.3512600660324097,0
1786392900000,1.3511687517166138,1.351278305053711,1.3511687517166138,1.351278305053711,0
1786393200000,1.3512418270111084,1.351314902305603,1.3512052297592163,1.3512052297592163,0
1786393500000,1.3512418270111084,1.351387858390808,1.3512418270111084,1.351387858390808,0
1786393800000,1.3513513803482056,1.351387858390808,1.351278305053711,1.351278305053711,0
1786394100000,1.3512600660324097,1.3513330221176147,1.3512600660324097,1.3512965440750122,0
1786394400000,1.3513696193695068,1.3515340089797974,1.3513696193695068,1.3514609336853027,0
1786394700000,1.3514792919158936,1.3514974117279053,1.3513513803482056,1.3513513803482056,0
1786395000000,1.3512965440750122,1.351387858390808,1.351278305053711,1.3513513803482056,0
1786395300000,1.3512418270111084,1.3513330221176147,1.3512052297592163,1.3512052297592163,0
1786395600000,1.3509862422943115,1.3509862422943115,1.3507490158081055,1.3507490158081055,0
1786395900000,1.350694179534912,1.3510775566101074,1.350694179534912,1.3510775566101074,0
1786396200000,1.3510775566101074,1.3511687517166138,1.3510409593582153,1.3511687517166138,0
1786396500000,1.351186990737915,1.3513513803482056,1.351186990737915,1.3513513803482056,0
1786396800000,1.351387858390808,1.3514060974121094,1.351314902305603,1.351314902305603,0
1786397100000,1.3512052297592163,1.3513330221176147,1.3512052297592163,1.3512600660324097,0
1786397400000,1.3513696193695068,1.3515340089797974,1.3512965440750122,1.3515340089797974,0
1786397700000,1.3515887260437012,1.3515887260437012,1.3512965440750122,1.3512965440750122,0
1786398000000,1.3513696193695068,1.3513696193695068,1.3511687517166138,1.351186990737915,0
1786398300000,1.3511322736740112,1.351314902305603,1.3511322736740112,1.351314902305603,0
1786398600000,1.3514060974121094,1.3514974117279053,1.3513330221176147,1.3514243364334106,0
1786398900000,1.3514609336853027,1.3514609336853027,1.3511505126953125,1.3511505126953125,0
1786399200000,1.3510956764221191,1.3510956764221191,1.351022720336914,1.351022720336914,0
1786399500000,1.3511687517166138,1.3511687517166138,1.3509862422943115,1.3509862422943115,0
1786399800000,1.3510043621063232,1.3510591983795166,1.3509680032730103,1.3510591983795166,0
1786400100000,1.3510956764221191,1.3510956764221191,1.3509314060211182,1.3509314060211182,0
1786400400000,1.3509132862091064,1.3509132862091064,1.350712537765503,1.350712537765503,0
1786400700000,1.3507490158081055,1.350858449935913,1.3507307767868042,1.3507307767868042,0
1786401000000,1.3507307767868042,1.350785493850708,1.3507307767868042,1.350785493850708,0
1786401300000,1.350785493850708,1.350858449935913,1.3507671356201172,1.3507671356201172,0
1786401600000,1.350785493850708,1.3508403301239014,1.350785493850708,1.350785493850708,0
1786401900000,1.3508037328720093,1.3508037328720093,1.3506760597229004,1.3506760597229004,0
1786402200000,1.3506395816802979,1.3506395816802979,1.3505300283432007,1.350621223449707,0
1786402500000,1.350548267364502,1.350548267364502,1.3503295183181763,1.3504753112792969,0
1786402800000,1.3505666255950928,1.3506760597229004,1.3505666255950928,1.3506395816802979,0
1786403100000,1.3506395816802979,1.3508949279785156,1.3506395816802979,1.3508037328720093,0
1786403400000,1.3508037328720093,1.3508766889572144,1.3508037328720093,1.3508766889572144,0
1786403700000,1.3508949279785156,1.3509680032730103,1.3508766889572144,1.3509680032730103,0
1786404000000,1.3510409593582153,1.3510409593582153,1.3509314060211182,1.3509496450424194,0
1786404300000,1.3510043621063232,1.3512235879898071,1.3510043621063232,1.3512235879898071,0
1786404600000,1.3512965440750122,1.3513330221176147,1.3512418270111084,1.351278305053711,0
1786404900000,1.351314902305603,1.351314902305603,1.3512235879898071,1.3512235879898071,0
1786405200000,1.351186990737915,1.3512418270111084,1.3511322736740112,1.3511322736740112,0
1786405500000,1.3511505126953125,1.3511505126953125,1.3510591983795166,1.3511505126953125,0
1786405800000,1.3510775566101074,1.3510956764221191,1.3510043621063232,1.3510956764221191,0
1786406100000,1.3511322736740112,1.3511505126953125,1.351022720336914,1.351022720336914,0
1786406400000,1.3511322736740112,1.3511687517166138,1.3510956764221191,1.3511687517166138,0
1786406700000,1.3511322736740112,1.351186990737915,1.3511322736740112,1.3511687517166138,0
1786407000000,1.35111403465271,1.351186990737915,1.35111403465271,1.351186990737915,0
1786407300000,1.3512418270111084,1.351278305053711,1.3512052297592163,1.3512235879898071,0
1786407600000,1.3512052297592163,1.3512052297592163,1.351186990737915,1.3512052297592163,0
1786407900000,1.3512600660324097,1.351314902305603,1.3512052297592163,1.351314902305603,0
1786408200000,1.3512418270111084,1.3512965440750122,1.3511322736740112,1.3511322736740112,0
1786408500000,1.35111403465271,1.35111403465271,1.3509862422943115,1.3509862422943115,0
1786408800000,1.3510043621063232,1.3510043621063232,1.3509314060211182,1.3509680032730103,0
1786409100000,1.3510591983795166,1.35111403465271,1.350785493850708,1.350785493850708,0
1786409400000,1.350785493850708,1.3509314060211182,1.350785493850708,1.3509314060211182,0
1786409700000,1.3510956764221191,1.3511505126953125,1.3510956764221191,1.3511322736740112,0
1786410000000,1.35111403465271,1.3511322736740112,1.3510775566101074,1.3510956764221191,0
1786410300000,1.3510409593582153,1.3510409593582153,1.3509862422943115,1.351022720336914,0
1786410600000,1.3510956764221191,1.3510956764221191,1.3509132862091064,1.3509314060211182,0
1786410900000,1.3508766889572144,1.3509314060211182,1.3508766889572144,1.3509314060211182,0
1786411200000,1.3508949279785156,1.3509496450424194,1.3508037328720093,1.3509496450424194,0
1786411500000,1.3509314060211182,1.3509314060211182,1.350858449935913,1.350858449935913,0
1786411800000,1.3509132862091064,1.351022720336914,1.3508949279785156,1.351022720336914,0
1786412100000,1.3509862422943115,1.3512235879898071,1.3509862422943115,1.3512235879898071,0
1786412400000,1.3513513803482056,1.3514426946640015,1.3513513803482056,1.3514426946640015,0
1786412700000,1.3514060974121094,1.3514060974121094,1.351278305053711,1.3513330221176147,0
1786413000000,1.3512600660324097,1.351314902305603,1.3510591983795166,1.3510591983795166,0
1786413300000,1.3510591983795166,1.351278305053711,1.3510591983795166,1.3512600660324097,0
1786413600000,1.3514243364334106,1.3515704870224,1.3514243364334106,1.3515522480010986,0
1786413900000,1.3514426946640015,1.3514974117279053,1.351387858390808,1.3514792919158936,0
1786414200000,1.3514060974121094,1.3515340089797974,1.3512965440750122,1.3512965440750122,0
1786414500000,1.3514792919158936,1.3514792919158936,1.3510591983795166,1.3510591983795166,0
1786414800000,1.3507671356201172,1.3507671356201172,1.350511908531189,1.350548267364502,0
1786415100000,1.350548267364502,1.3507490158081055,1.350548267364502,1.3507307767868042,0
1786415400000,1.3508037328720093,1.3508037328720093,1.3503658771514893,1.3503658771514893,0
1786415700000,1.3503295183181763,1.3507490158081055,1.3503295183181763,1.3507490158081055,0
1786416000000,1.3508766889572144,1.3508766889572144,1.350694179534912,1.350694179534912,0
1786416300000,1.3506395816802979,1.3506578207015991,1.3505300283432007,1.3506031036376953,0
1786416600000,1.3506395816802979,1.3506395816802979,1.3504207134246826,1.3504207134246826,0
1786416900000,1.3503658771514893,1.3504570722579956,1.3503477573394775,1.3504570722579956,0
1786417200000,1.350712537765503,1.3508037328720093,1.3505666255950928,1.3505666255950928,0
1786417500000,1.350694179534912,1.350858449935913,1.350621223449707,1.350858449935913,0
1786417800000,1.3505666255950928,1.3506578207015991,1.3505300283432007,1.3506031036376953,0
1786418100000,1.350511908531189,1.3505300283432007,1.3503841161727905,1.3504024744033813,0
1786418400000,1.3504024744033813,1.3504024744033813,1.3499467372894287,1.3499467372894287,0
1786418700000,1.3500195741653442,1.350201964378357,1.3500195741653442,1.350201964378357,0
1786419000000,1.3501471281051636,1.3502565622329712,1.3500195741653442,1.3502565622329712,0
1786419300000,1.350201964378357,1.35023832321167,1.3500195741653442,1.3500195741653442,0
1786419600000,1.3496551513671875,1.349727988243103,1.349545955657959,1.349727988243103,0
1786419900000,1.349800944328308,1.3499467372894287,1.3497644662857056,1.3499467372894287,0
1786420200000,1.3499284982681274,1.350001335144043,1.3498555421829224,1.3499467372894287,0
1786420500000,1.349837303161621,1.3499284982681274,1.3496551513671875,1.3496551513671875,0
1786420800000,1.3497462272644043,1.3498555421829224,1.349727988243103,1.3497462272644043,0
1786421100000,1.3497098684310913,1.3499648571014404,1.3496733903884888,1.3499648571014404,0
1786421400000,1.3499830961227417,1.3500195741653442,1.349837303161621,1.3499284982681274,0
1786421700000,1.3501836061477661,1.3501836061477661,1.3500378131866455,1.3501471281051636,0
1786422000000,1.3501107692718506,1.35023832321167,1.3500925302505493,1.35023832321167,0
1786422300000,1.3501107692718506,1.3501836061477661,1.3501107692718506,1.3501836061477661,0
1786422600000,1.35023832321167,1.3505666255950928,1.35023832321167,1.3505666255950928,0
1786422900000,1.350548267364502,1.3506031036376953,1.3504389524459839,1.3506031036376953,0
1786423200000,1.3506395816802979,1.3508766889572144,1.3506395816802979,1.3506760597229004,0
1786423500000,1.3505666255950928,1.3508037328720093,1.3505666255950928,1.3508037328720093,0
1786423800000,1.3506578207015991,1.3506578207015991,1.3502929210662842,1.3502929210662842,0
1786424100000,1.3503477573394775,1.3504389524459839,1.3503477573394775,1.3504024744033813,0
1786424400000,1.3504570722579956,1.3504570722579956,1.3502200841903687,1.3502200841903687,0
1786424700000,1.3503295183181763,1.3503295183181763,1.350201964378357,1.350201964378357,0
1786425000000,1.3502565622329712,1.3502565622329712,1.3499830961227417,1.3499830961227417,0
1786425300000,1.3500925302505493,1.3500925302505493,1.3499648571014404,1.3500925302505493,0
1786425600000,1.3501107692718506,1.3502200841903687,1.3500378131866455,1.350074291229248,0
1786425900000,1.3500559329986572,1.3500925302505493,1.3499648571014404,1.3500559329986572,0
1786426200000,1.3501653671264648,1.35023832321167,1.3501471281051636,1.3501471281051636,0
1786426500000,1.3501471281051636,1.3501836061477661,1.3501107692718506,1.3501107692718506,0
1786426800000,1.3501288890838623,1.3502565622329712,1.3500559329986572,1.3502565622329712,0
1786427100000,1.35023832321167,1.3504753112792969,1.35023832321167,1.3504753112792969,0
1786427400000,1.3505300283432007,1.3505300283432007,1.3504207134246826,1.3504207134246826,0
1786427700000,1.350511908531189,1.350548267364502,1.3504389524459839,1.3504389524459839,0
1786428000000,1.3504207134246826,1.3504207134246826,1.3501836061477661,1.3502565622329712,0
1786428300000,1.3503477573394775,1.350511908531189,1.3503477573394775,1.3504207134246826,0
1786428600000,1.3504753112792969,1.3504753112792969,1.35023832321167,1.35023832321167,0
1786428900000,1.3501836061477661,1.3501836061477661,1.3499284982681274,1.3499467372894287,0
1786429200000,1.3498555421829224,1.3500559329986572,1.3498555421829224,1.3500559329986572,0
1786429500000,1.3500378131866455,1.3503477573394775,1.3500378131866455,1.350074291229248,0
1786429800000,1.3500925302505493,1.3502565622329712,1.3500925302505493,1.3502200841903687,0
1786430100000,1.3502565622329712,1.350311279296875,1.3502565622329712,1.3502748012542725,0
1786430400000,1.3502565622329712,1.3502929210662842,1.3501107692718506,1.3501107692718506,0
1786430700000,1.3501653671264648,1.350201964378357,1.3500378131866455,1.3500378131866455,0
1786431000000,1.3500559329986572,1.3500559329986572,1.3498190641403198,1.3498190641403198,0
1786431300000,1.349800944328308,1.3498190641403198,1.3497462272644043,1.3498190641403198,0
1786431600000,1.3497644662857056,1.3504389524459839,1.3497644662857056,1.3504389524459839,0
1786431900000,1.3503658771514893,1.3503658771514893,1.3500378131866455,1.3500378131866455,0
1786432200000,1.3501107692718506,1.3501288890838623,1.3499102592468262,1.3499102592468262,0
1786432500000,1.350001335144043,1.3500559329986572,1.3498737812042236,1.3498737812042236,0
1786432800000,1.3498737812042236,1.3499648571014404,1.3498555421829224,1.3499648571014404,0
1786433100000,1.349892020225525,1.3501653671264648,1.349892020225525,1.3501471281051636,0
1786433400000,1.350074291229248,1.350074291229248,1.3499648571014404,1.350001335144043,0
1786433700000,1.350074291229248,1.350074291229248,1.349892020225525,1.3499830961227417,0
1786434000000,1.3499284982681274,1.3499648571014404,1.3498190641403198,1.3498190641403198,0
1786434300000,1.3496551513671875,1.349800944328308,1.349582314491272,1.349582314491272,0
1786434600000,1.3495277166366577,1.3497462272644043,1.3494548797607422,1.3494548797607422,0
1786434900000,1.3494184017181396,1.3495094776153564,1.3494184017181396,1.3494548797607422,0
1786435200000,1.3494912385940552,1.3494912385940552,1.3493638038635254,1.349436640739441,0
1786435500000,1.3495094776153564,1.3500378131866455,1.3495094776153564,1.3500378131866455,0
1786435800000,1.350001335144043,1.350001335144043,1.3496551513671875,1.3496551513671875,0
1786436100000,1.3496551513671875,1.3496733903884888,1.349545955657959,1.3496733903884888,0
1786436400000,1.349837303161621,1.3498737812042236,1.349436640739441,1.3494731187820435,0
1786436700000,1.349545955657959,1.3496733903884888,1.349545955657959,1.3496733903884888,0
1786437000000,1.349727988243103,1.3501107692718506,1.349727988243103,1.3500378131866455,0
1786437300000,1.3499467372894287,1.3499648571014404,1.3497827053070068,1.3497827053070068,0
1786437600000,1.349727988243103,1.349800944328308,1.349727988243103,1.3497462272644043,0
1786437900000,1.3499830961227417,1.3499830961227417,1.3497827053070068,1.3497827053070068,0
1786438200000,1.3499284982681274,1.3499284982681274,1.3497827053070068,1.3497827053070068,0
1786438500000,1.3499830961227417,1.3500925302505493,1.349892020225525,1.3500378131866455,0
1786438800000,1.3502200841903687,1.3504207134246826,1.3501107692718506,1.3501107692718506,0
1786439100000,1.3500925302505493,1.3501471281051636,1.3500195741653442,1.3501471281051636,0
1786439400000,1.3502565622329712,1.3502929210662842,1.3499648571014404,1.3499648571014404,0
1786439700000,1.3499648571014404,1.3501471281051636,1.3499467372894287,1.3499467372894287,0
1786440000000,1.3499102592468262,1.3501471281051636,1.3499102592468262,1.3501288890838623,0
1786440300000,1.3501653671264648,1.35023832321167,1.3500925302505493,1.3502200841903687,0
1786440600000,1.350074291229248,1.350074291229248,1.3497827053070068,1.3499648571014404,0
1786440900000,1.3498737812042236,1.3503477573394775,1.3498737812042236,1.3502748012542725,0
1786441200000,1.3503658771514893,1.3504389524459839,1.3501288890838623,1.3504389524459839,0
1786441500000,1.3506760597229004,1.3506760597229004,1.350548267364502,1.350548267364502,0
1786441800000,1.350511908531189,1.350548267364502,1.3504207134246826,1.3504207134246826,0
1786442100000,1.3503477573394775,1.3504570722579956,1.3502748012542725,1.3502748012542725,0
1786442400000,1.3500378131866455,1.3500559329986572,1.3499284982681274,1.3500195741653442,0
1786442700000,1.3501653671264648,1.3502748012542725,1.3501107692718506,1.3501107692718506,0
1786443000000,1.3500195741653442,1.3501653671264648,1.3499830961227417,1.3501653671264648,0
1786443300000,1.3502565622329712,1.3504389524459839,1.3502565622329712,1.3504389524459839,0
1786443600000,1.3506031036376953,1.3506031036376953,1.3502565622329712,1.3504389524459839,0
1786443900000,1.3503658771514893,1.3504753112792969,1.3502200841903687,1.3502200841903687,0
1786444200000,1.3503295183181763,1.3506031036376953,1.3503295183181763,1.3506031036376953,0
1786444500000,1.350584864616394,1.3507671356201172,1.350584864616394,1.350621223449707,0
1786444800000,1.3506578207015991,1.3508949279785156,1.3505300283432007,1.350858449935913,0
1786445100000,1.3509496450424194,1.3509496450424194,1.350712537765503,1.350712537765503,0
1786445400000,1.350621223449707,1.3509496450424194,1.350621223449707,1.3509496450424194,0
1786445700000,1.350858449935913,1.3508949279785156,1.3507490158081055,1.3508949279785156,0
1786446000000,1.3509680032730103,1.3509862422943115,1.350858449935913,1.3509862422943115,0
1786446300000,1.3508949279785156,1.3508949279785156,1.3507307767868042,1.3507671356201172,0
1786446600000,1.350858449935913,1.350858449935913,1.3504389524459839,1.3504570722579956,0
1786446900000,1.350311279296875,1.3504024744033813,1.350311279296875,1.350311279296875,0
1786447200000,1.3503295183181763,1.350694179534912,1.3503295183181763,1.350694179534912,0
1786447500000,1.3510043621063232,1.351022720336914,1.3509496450424194,1.3509862422943115,0
1786447800000,1.3508403301239014,1.35111403465271,1.3508403301239014,1.3509862422943115,0
1786448100000,1.350858449935913,1.351022720336914,1.3508219718933105,1.3508219718933105,0
1786448400000,1.350858449935913,1.350858449935913,1.3504389524459839,1.3505666255950928,0
1786448700000,1.350584864616394,1.3507671356201172,1.350584864616394,1.3507307767868042,0
1786449000000,1.3505300283432007,1.350621223449707,1.3505300283432007,1.350621223449707,0
1786449300000,1.3508219718933105,1.3512600660324097,1.3508219718933105,1.3512600660324097,0
1786449600000,1.3513330221176147,1.3513513803482056,1.351186990737915,1.351186990737915,0
1786449900000,1.3510409593582153,1.3510409593582153,1.3509132862091064,1.3510043621063232,0
1786450200000,1.3510409593582153,1.3510409593582153,1.3508403301239014,1.3508766889572144,0
1786450500000,1.3508219718933105,1.350858449935913,1.3507307767868042,1.3507307767868042,0
1786450800000,1.350621223449707,1.350712537765503,1.350621223449707,1.350712537765503,0
1786451100000,1.3507307767868042,1.3507671356201172,1.350712537765503,1.350712537765503,0
1786451400000,1.3506031036376953,1.350694179534912,1.3506031036376953,1.350621223449707,0
1786451700000,1.3505666255950928,1.3505666255950928,1.350511908531189,1.350511908531189,0
1786452000000,1.350511908531189,1.3506395816802979,1.3504753112792969,1.3504753112792969,0
1786452300000,1.350548267364502,1.350548267364502,1.350511908531189,1.350511908531189,0
1786452600000,1.3507307767868042,1.3507307767868042,1.3506031036376953,1.3506031036376953,0
1786452900000,1.350621223449707,1.3506578207015991,1.3505300283432007,1.3506395816802979,0
1786453200000,1.3506395816802979,1.3506395816802979,1.3504570722579956,1.3504570722579956,0
1786453500000,1.3504024744033813,1.3504024744033813,1.350201964378357,1.350201964378357,0
1786453800000,1.3500195741653442,1.3500195741653442,1.349892020225525,1.3499102592468262,0
1786454100000,1.3498555421829224,1.350001335144043,1.3498190641403198,1.3499830961227417,0
1786454400000,1.3500559329986572,1.3501107692718506,1.3500378131866455,1.3500378131866455,0
1786454700000,1.3499467372894287,1.3499467372894287,1.349800944328308,1.3499102592468262,0
1786455000000,1.3499102592468262,1.3499467372894287,1.3498555421829224,1.349892020225525,0
1786455300000,1.3498190641403198,1.3500378131866455,1.3498190641403198,1.3500378131866455,0
1786455600000,1.350074291229248,1.3502748012542725,1.350074291229248,1.3502565622329712,0
1786455900000,1.3502565622329712,1.3504389524459839,1.3502565622329712,1.3504024744033813,0
1786456200000,1.3504570722579956,1.3504570722579956,1.3503295183181763,1.3503295183181763,0
1786456500000,1.3502929210662842,1.3502929210662842,1.3501288890838623,1.3502565622329712,0
1786456800000,1.3501836061477661,1.3501836061477661,1.3501288890838623,1.3501288890838623,0
1786457100000,1.3500195741653442,1.3500559329986572,1.3499467372894287,1.3499467372894287,0
1786457400000,1.3499830961227417,1.350001335144043,1.3499467372894287,1.3499467372894287,0
1786457700000,1.3499467372894287,1.3499830961227417,1.3497098684310913,1.3497644662857056,0
1786458000000,1.349837303161621,1.349837303161621,1.349727988243103,1.349727988243103,0
1786458300000,1.3497644662857056,1.3498737812042236,1.3497644662857056,1.3498190641403198,0
1786458600000,1.349727988243103,1.3500559329986572,1.349727988243103,1.3500559329986572,0
1786458900000,1.3500559329986572,1.3501653671264648,1.3500559329986572,1.3501653671264648,0
1786459200000,1.350201964378357,1.350311279296875,1.3501471281051636,1.350311279296875,0
1786459500000,1.3503477573394775,1.3504024744033813,1.350311279296875,1.350311279296875,0
1786459800000,1.3503477573394775,1.3503477573394775,1.3501471281051636,1.3501471281051636,0
1786460100000,1.3502565622329712,1.3503295183181763,1.3502565622329712,1.3503295183181763,0
1786460400000,1.3504389524459839,1.3504570722579956,1.3504207134246826,1.3504389524459839,0
1786460700000,1.3503295183181763,1.3504753112792969,1.3503295183181763,1.3503841161727905,0
1786461000000,1.3504024744033813,1.350584864616394,1.3504024744033813,1.350584864616394,0
1786461300000,1.350511908531189,1.350511908531189,1.3503477573394775,1.3503477573394775,0
1786461600000,1.3503295183181763,1.350511908531189,1.3503295183181763,1.350511908531189,0
1786461900000,1.3505300283432007,1.3506395816802979,1.3505300283432007,1.3506395816802979,0
1786462200000,1.3506031036376953,1.3506395816802979,1.350584864616394,1.350621223449707,0
1786462500000,1.3506031036376953,1.3506578207015991,1.3505666255950928,1.3506395816802979,0
1786462800000,1.350621223449707,1.350694179534912,1.350548267364502,1.350548267364502,0
1786463100000,1.3506395816802979,1.350712537765503,1.3506031036376953,1.350712537765503,0
1786463400000,1.3507307767868042,1.3507490158081055,1.350712537765503,1.3507490158081055,0
1786463700000,1.350694179534912,1.350858449935913,1.350694179534912,1.350858449935913,0
1786464000000,1.350858449935913,1.3509314060211182,1.3508037328720093,1.3508037328720093,0
1786464300000,1.3509132862091064,1.3509680032730103,1.350858449935913,1.3509680032730103,0
1786464600000,1.3509314060211182,1.3509314060211182,1.3507671356201172,1.3507671356201172,0
1786464900000,1.350694179534912,1.350712537765503,1.350694179534912,1.350712537765503,0
1786465200000,1.3507307767868042,1.3507307767868042,1.3506760597229004,1.350712537765503,0
1786465500000,1.3507307767868042,1.3507307767868042,1.3505666255950928,1.3505666255950928,0
1786465800000,1.3505666255950928,1.3505666255950928,1.3504753112792969,1.3504753112792969,0
1786466100000,1.350548267364502,1.3506395816802979,1.350548267364502,1.350548267364502,0
1786466400000,1.3505300283432007,1.3505300283432007,1.350511908531189,1.350511908531189,0
1786466700000,1.3504753112792969,1.3507307767868042,1.3504753112792969,1.3507307767868042,0
1786467000000,1.3508037328720093,1.3508403301239014,1.3508037328720093,1.3508219718933105,0
1786467300000,1.3508403301239014,1.3508403301239014,1.3507490158081055,1.3508403301239014,0
1786467600000,1.350785493850708,1.3508037328720093,1.350584864616394,1.3506395816802979,0
1786467900000,1.350621223449707,1.350694179534912,1.3503477573394775,1.3504207134246826,0
1786468200000,1.350621223449707,1.350621223449707,1.3504024744033813,1.350548267364502,0
1786468500000,1.3504570722579956,1.3505666255950928,1.3504389524459839,1.3504570722579956,0
1786468800000,1.3505300283432007,1.3506031036376953,1.3504936695098877,1.3506031036376953,0
1786469100000,1.3504753112792969,1.350621223449707,1.3504753112792969,1.350621223449707,0
1786469400000,1.350785493850708,1.350785493850708,1.3504753112792969,1.3506395816802979,0
1786469700000,1.3506395816802979,1.3506578207015991,1.3505666255950928,1.3506395816802979,0
1786470000000,1.3506578207015991,1.3506578207015991,1.350584864616394,1.3506031036376953,0
1786470300000,1.350621223449707,1.3506578207015991,1.3504753112792969,1.3506578207015991,0
1786470600000,1.3504753112792969,1.3506578207015991,1.3502929210662842,1.3504207134246826,0
1786470900000,1.3507307767868042,1.3507307767868042,1.3506031036376953,1.3507307767868042,0
1786471200000,1.350785493850708,1.3510043621063232,1.350785493850708,1.3509496450424194,0
1786471500000,1.350858449935913,1.350858449935913,1.3507671356201172,1.350858449935913,0
1786471800000,1.3508949279785156,1.3510591983795166,1.3508949279785156,1.3510591983795166,0
1786472100000,1.3510409593582153,1.35111403465271,1.3510409593582153,1.3510409593582153,0
1786472400000,1.3510591983795166,1.3511322736740112,1.3510409593582153,1.3510775566101074,0
1786472700000,1.3510409593582153,1.3510409593582153,1.351022720336914,1.3510409593582153,0
1786473000000,1.3510956764221191,1.3510956764221191,1.3509314060211182,1.3509314060211182,0
1786473300000,1.3510591983795166,1.3510591983795166,1.3509862422943115,1.3510591983795166,0
1786473600000,1.3509680032730103,1.3510043621063232,1.3509680032730103,1.3509680032730103,0
1786473900000,1.3509314060211182,1.3509862422943115,1.3509314060211182,1.3509862422943115,0
1786474200000,1.3509680032730103,1.3510591983795166,1.3509680032730103,1.3510409593582153,0
1786474500000,1.3510409593582153,1.3511322736740112,1.3510043621063232,1.3511322736740112,0
1786474800000,1.3510043621063232,1.3510591983795166,1.3510043621063232,1.3510409593582153,0
1786475100000,1.3510043621063232,1.35111403465271,1.3509862422943115,1.35111403465271,0
1786475400000,1.3510409593582153,1.3510956764221191,1.3510409593582153,1.3510591983795166,0
1786475700000,1.3510591983795166,1.3510591983795166,1.3509496450424194,1.3509496450424194,0
1786476000000,1.3509680032730103,1.35111403465271,1.3509680032730103,1.35111403465271,0
1786476300000,1.351022720336914,1.3510409593582153,1.3509496450424194,1.3509496450424194,0
1786476600000,1.3508949279785156,1.3509496450424194,1.3508037328720093,1.3508403301239014,0
1786476900000,1.3508766889572144,1.3509862422943115,1.350858449935913,1.350858449935913,0
1786477200000,1.3509496450424194,1.3509496450424194,1.3508766889572144,1.3509496450424194,0
1786477500000,1.3508766889572144,1.3508766889572144,1.3508403301239014,1.3508403301239014,0
1786477800000,1.3508403301239014,1.3508949279785156,1.3508403301239014,1.3508949279785156,0
1786478100000,1.3509496450424194,1.3509680032730103,1.3509132862091064,1.3509680032730103,0
1786478400000,1.350858449935913,1.3511322736740112,1.350858449935913,1.3511322736740112,0
1786478700000,1.3510591983795166,1.35111403465271,1.3509680032730103,1.35111403465271,0
1786479000000,1.35111403465271,1.35111403465271,1.3510775566101074,1.3510775566101074,0
1786479300000,1.3510775566101074,1.3511505126953125,1.3510591983795166,1.3511505126953125,0
1786479600000,1.3511322736740112,1.3511687517166138,1.3511322736740112,1.3511687517166138,0
1786479900000,1.3511322736740112,1.3511322736740112,1.3510775566101074,1.35111403465271,0
1786480200000,1.3510775566101074,1.3511505126953125,1.351022720336914,1.35111403465271,0
1786480500000,1.3510775566101074,1.3510775566101074,1.351022720336914,1.3510409593582153,0
1786480800000,1.3510775566101074,1.3510775566101074,1.3509862422943115,1.3509862422943115,0
1786481100000,1.3510409593582153,1.3510409593582153,1.3508766889572144,1.3508766889572144,0
1786481400000,1.3508766889572144,1.3508766889572144,1.350712537765503,1.350712537765503,0
1786481700000,1.350785493850708,1.3509132862091064,1.350785493850708,1.350785493850708,0
1786482000000,1.350785493850708,1.350785493850708,1.350511908531189,1.3505300283432007,0
1786482300000,1.3505666255950928,1.3506395816802979,1.3505300283432007,1.3505300283432007,0
1786482600000,1.3504753112792969,1.3504936695098877,1.3503841161727905,1.3504936695098877,0
1786482900000,1.3504207134246826,1.3504753112792969,1.3503658771514893,1.3504753112792969,0
1786483200000,1.350511908531189,1.350548267364502,1.3504753112792969,1.3505300283432007,0
1786483500000,1.3505300283432007,1.350548267364502,1.3502565622329712,1.3504389524459839,0
1786483800000,1.3506031036376953,1.3506031036376953,1.350511908531189,1.3505300283432007,0
1786484100000,1.350548267364502,1.3505666255950928,1.3504570722579956,1.3505666255950928,0
1786484400000,1.3506031036376953,1.3506395816802979,1.350584864616394,1.3506395816802979,0
1786484700000,1.3506760597229004,1.3509680032730103,1.3506760597229004,1.3509314060211182,0
1786485000000,1.3509680032730103,1.3509680032730103,1.3507307767868042,1.3507490158081055,0
1786485300000,1.350694179534912,1.350694179534912,1.3506031036376953,1.3506395816802979,0
1786485600000,1.3506578207015991,1.3506578207015991,1.3504570722579956,1.3504570722579956,0
1786485900000,1.3504753112792969,1.3504936695098877,1.3504389524459839,1.3504936695098877,0
1786486200000,1.350548267364502,1.350548267364502,1.3504570722579956,1.3504570722579956,0
1786486500000,1.3504024744033813,1.3504024744033813,1.35023832321167,1.35023832321167,0
1786486800000,1.3503295183181763,1.3503477573394775,1.350311279296875,1.3503477573394775,0
1786487100000,1.3503658771514893,1.3504936695098877,1.3503658771514893,1.3504936695098877,0
1786487400000,1.350548267364502,1.3507307767868042,1.350548267364502,1.3506760597229004,0
1786487700000,1.3506395816802979,1.3507490158081055,1.3506395816802979,1.350712537765503,0
1786488000000,1.350712537765503,1.3507490158081055,1.350621223449707,1.3507490158081055,0
1786488300000,1.3507671356201172,1.350785493850708,1.3507307767868042,1.3507307767868042,0
1786488600000,1.3507490158081055,1.3507490158081055,1.3506760597229004,1.350694179534912,0
1786488900000,1.3507307767868042,1.3507307767868042,1.350694179534912,1.350694179534912,0
1786489200000,1.3507671356201172,1.3507671356201172,1.3506578207015991,1.3506578207015991,0
1786489500000,1.350621223449707,1.3507490158081055,1.350621223449707,1.3507490158081055,0
1786489800000,1.3508037328720093,1.3508219718933105,1.3507671356201172,1.3508219718933105,0
1786490100000,1.3507671356201172,1.3507671356201172,1.3506760597229004,1.3507307767868042,0
1786490400000,1.350712537765503,1.3508037328720093,1.350712537765503,1.3507490158081055,0
1786490700000,1.3507490158081055,1.3508037328720093,1.3507307767868042,1.3507307767868042,0
1786491000000,1.350785493850708,1.350785493850708,1.3507671356201172,1.350785493850708,0
1786491300000,1.3507671356201172,1.3508037328720093,1.3507490158081055,1.3507490158081055,0
1786491600000,1.350712537765503,1.350712537765503,1.350621223449707,1.350621223449707,0
1786491900000,1.350621223449707,1.3506760597229004,1.350621223449707,1.3506760597229004,0
1786492200000,1.3506760597229004,1.3506760597229004,1.3505666255950928,1.350584864616394,0
1786492500000,1.350584864616394,1.3506031036376953,1.3505666255950928,1.3506031036376953,0
1786492800000,1.3505666255950928,1.3506760597229004,1.3505666255950928,1.3506760597229004,0
1786493100000,1.350621223449707,1.3506760597229004,1.350621223449707,1.3506760597229004,0
1786493400000,1.3507307767868042,1.3507307767868042,1.350548267364502,1.350548267364502,0
1786493700000,1.350548267364502,1.350548267364502,1.3503295183181763,1.3504753112792969,0
1786494000000,1.3504936695098877,1.3505666255950928,1.3504753112792969,1.3504936695098877,0
1786494300000,1.3505300283432007,1.3505666255950928,1.350511908531189,1.3505300283432007,0
1786494600000,1.3505300283432007,1.3506031036376953,1.350511908531189,1.3506031036376953,0
1786494900000,1.3505300283432007,1.350584864616394,1.3505300283432007,1.350584864616394,0
1786495200000,1.3506031036376953,1.3507307767868042,1.3506031036376953,1.3507307767868042,0
1786495500000,1.3507307767868042,1.350785493850708,1.350694179534912,1.350785493850708,0
1786495800000,1.3507490158081055,1.3507490158081055,1.350511908531189,1.350511908531189,0
1786496100000,1.3506578207015991,1.3507671356201172,1.3506578207015991,1.3507490158081055,0
1786496400000,1.350712537765503,1.3507307767868042,1.3506578207015991,1.3506760597229004,0
1786496700000,1.3506395816802979,1.3506578207015991,1.3505666255950928,1.3506031036376953,0
1786497000000,1.350621223449707,1.3506578207015991,1.350621223449707,1.350621223449707,0
1786497300000,1.3505666255950928,1.3506031036376953,1.3505666255950928,1.3506031036376953,0
1786497600000,1.3506395816802979,1.3506395816802979,1.3504570722579956,1.3504570722579956,0
1786497900000,1.3503658771514893,1.3503841161727905,1.3503295183181763,1.3503841161727905,0
1786498200000,1.350511908531189,1.3505300283432007,1.3504570722579956,1.3504753112792969,0
1786498500000,1.3504207134246826,1.3505300283432007,1.3504207134246826,1.350511908531189,0
1786498800000,1.3505666255950928,1.3505666255950928,1.3504753112792969,1.3504753112792969,0
1786499100000,1.3504753112792969,1.3504753112792969,1.3504024744033813,1.3504207134246826,0
1786499400000,1.3503841161727905,1.350548267364502,1.3503841161727905,1.350548267364502,0
1786499700000,1.350584864616394,1.3506395816802979,1.3505666255950928,1.3506395816802979,0
1786500000000,1.350712537765503,1.350712537765503,1.350548267364502,1.350621223449707,0
1786500300000,1.350548267364502,1.350584864616394,1.350548267364502,1.350548267364502,0
1786500600000,1.350621223449707,1.350694179534912,1.3506031036376953,1.3506578207015991,0
1786500900000,1.350621223449707,1.3506578207015991,1.350621223449707,1.3506395816802979,0
1786501200000,1.3507307767868042,1.3507307767868042,1.350548267364502,1.350548267364502,0
1786501500000,1.350548267364502,1.350548267364502,1.3504936695098877,1.3505300283432007,0
1786501800000,1.3503658771514893,1.3506395816802979,1.3503658771514893,1.3506395816802979,0
1786502100000,1.3506395816802979,1.350712537765503,1.3506031036376953,1.3506031036376953,0
1786502400000,1.3506395816802979,1.3507671356201172,1.350621223449707,1.3506760597229004,0
1786502700000,1.3508037328720093,1.3508037328720093,1.350621223449707,1.3506395816802979,0
1786503000000,1.3506395816802979,1.350694179534912,1.350511908531189,1.350511908531189,0
1786503300000,1.3506395816802979,1.350858449935913,1.3506395816802979,1.350858449935913,0
1786503600000,1.3509862422943115,1.351022720336914,1.3509496450424194,1.3509496450424194,0
1786503900000,1.3508766889572144,1.3510956764221191,1.3508766889572144,1.3510409593582153,0
1786504200000,1.351022720336914,1.3511322736740112,1.351022720336914,1.3511322736740112,0
1786504500000,1.3510956764221191,1.351186990737915,1.3510956764221191,1.351186990737915,0
1786504800000,1.3511687517166138,1.3511687517166138,1.351022720336914,1.3510409593582153,0
1786505100000,1.3510043621063232,1.35111403465271,1.3510043621063232,1.35111403465271,0
1786505400000,1.3510956764221191,1.3510956764221191,1.3509680032730103,1.3510409593582153,0
1786505700000,1.3509862422943115,1.3510775566101074,1.3509680032730103,1.3510775566101074,0
1786506000000,1.3509862422943115,1.3509862422943115,1.3508766889572144,1.3509680032730103,0
1786506300000,1.3509132862091064,1.351022720336914,1.3509132862091064,1.351022720336914,0
1786506600000,1.3510043621063232,1.3510591983795166,1.3509680032730103,1.3509680032730103,0
1786506900000,1.3508403301239014,1.3508766889572144,1.3508037328720093,1.3508037328720093,0
1786507200000,1.3508766889572144,1.3508766889572144,1.3508037328720093,1.3508037328720093,0
1786507500000,1.3508037328720093,1.3509314060211182,1.3507490158081055,1.3509314060211182,0
1786507800000,1.3509132862091064,1.3509680032730103,1.350858449935913,1.3509680032730103,0
1786508100000,1.3509132862091064,1.3511322736740112,1.3509132862091064,1.3511322736740112,0
1786508400000,1.3511322736740112,1.3511322736740112,1.351022720336914,1.351022720336914,0
1786508700000,1.351022720336914,1.3510591983795166,1.3509680032730103,1.3510591983795166,0
1786509000000,1.3510409593582153,1.35111403465271,1.3509680032730103,1.3509680032730103,0
1786509300000,1.3509862422943115,1.3510409593582153,1.3509680032730103,1.3509862422943115,0
1786509600000,1.3509680032730103,1.3511687517166138,1.3509680032730103,1.3511687517166138,0
1786509900000,1.3511687517166138,1.3511687517166138,1.3511505126953125,1.3511505126953125,0
1786510200000,1.351278305053711,1.351278305053711,1.35111403465271,1.3512052297592163,0
1786510500000,1.3510775566101074,1.3510775566101074,1.3510043621063232,1.3510591983795166,0
1786510800000,1.3512235879898071,1.3512418270111084,1.3511322736740112,1.3512418270111084,0
1786511100000,1.3515704870224,1.3515704870224,1.3512600660324097,1.3512600660324097,0
1786511400000,1.3514609336853027,1.3519359827041626,1.3514609336853027,1.3518811464309692,0
1786511700000,1.3519724607467651,1.3520090579986572,1.3518811464309692,1.3519177436828613,0
1786512000000,1.3520456552505493,1.3528504371643066,1.3519359827041626,1.3528504371643066,0
1786512300000,1.3523746728897095,1.3523746728897095,1.351862907409668,1.351862907409668,0
1786512600000,1.3519359827041626,1.3519724607467651,1.3517532348632812,1.3517532348632812,0
1786512900000,1.3517532348632812,1.3518445491790771,1.351607084274292,1.351607084274292,0
1786513200000,1.351643681526184,1.351643681526184,1.3515704870224,1.3515704870224,0
1786513500000,1.351643681526184,1.351643681526184,1.3514243364334106,1.3514243364334106,0
1786513800000,1.3516618013381958,1.3516618013381958,1.3512418270111084,1.3512965440750122,0
1786514100000,1.3512418270111084,1.3513513803482056,1.351186990737915,1.3513513803482056,0
1786514400000,1.3513696193695068,1.351643681526184,1.3513696193695068,1.351643681526184,0
1786514700000,1.3518445491790771,1.3519359827041626,1.3518445491790771,1.3518811464309692,0
1786515000000,1.3519724607467651,1.3520822525024414,1.3519359827041626,1.3519359827041626,0
1786515300000,1.3520456552505493,1.352155327796936,1.3519724607467651,1.352155327796936,0
1786515600000,1.3521369695663452,1.3521736860275269,1.3520638942718506,1.3521188497543335,0
1786515900000,1.3520456552505493,1.3521188497543335,1.3519724607467651,1.3521188497543335,0
1786516200000,1.3521369695663452,1.3521736860275269,1.352027416229248,1.3521736860275269,0
1786516500000,1.3521369695663452,1.352155327796936,1.3520456552505493,1.3520638942718506,0
1786516800000,1.3521369695663452,1.3521369695663452,1.3520456552505493,1.3521188497543335,0
1786517100000,1.3522284030914307,1.3522467613220215,1.3515887260437012,1.3515887260437012,0
1786517400000,1.3518445491790771,1.3518445491790771,1.3515887260437012,1.3517532348632812,0
1786517700000,1.3516801595687866,1.3517898321151733,1.3516801595687866,1.3516801595687866,0
1786518000000,1.3514060974121094,1.3516618013381958,1.3514060974121094,1.3516618013381958,0
1786518300000,1.3515887260437012,1.3519724607467651,1.3515887260437012,1.351807951927185,0
1786518600000,1.3517714738845825,1.351862907409668,1.3517167568206787,1.3517167568206787,0
1786518900000,1.3517532348632812,1.3518445491790771,1.3516618013381958,1.3517348766326904,0
1786519200000,1.3516253232955933,1.351862907409668,1.3516253232955933,1.351862907409668,0
1786519500000,1.351807951927185,1.3519359827041626,1.3517532348632812,1.3519359827041626,0
1786519800000,1.3520456552505493,1.3521004915237427,1.352027416229248,1.352027416229248,0
1786520100000,1.3519177436828613,1.3521188497543335,1.3519177436828613,1.3521188497543335,0
1786520400000,1.3521919250488281,1.3522284030914307,1.3521369695663452,1.3521369695663452,0
1786520700000,1.352338194847107,1.3523930311203003,1.3523015975952148,1.3523930311203003,0
1786521000000,1.3523746728897095,1.3525760173797607,1.3523746728897095,1.35255765914917,0
1786521300000,1.3526674509048462,1.3528504371643066,1.352649211883545,1.3527406454086304,0
1786521600000,1.3527222871780396,1.3528504371643066,1.352649211883545,1.3526674509048462,0
1786521900000,1.3527040481567383,1.3527040481567383,1.352539300918579,1.352630853652954,0
1786522200000,1.35255765914917,1.352649211883545,1.3523746728897095,1.352649211883545,0
1786522500000,1.3526674509048462,1.3526674509048462,1.3522284030914307,1.3522284030914307,0
1786522800000,1.3522101640701294,1.3522101640701294,1.3521369695663452,1.352155327796936,0
1786523100000,1.3521004915237427,1.3524296283721924,1.3520456552505493,1.3524296283721924,0
1786523400000,1.3510043621063232,1.3534730672836304,1.3510043621063232,1.3534730672836304,0
1786523700000,1.3531616926193237,1.3535280227661133,1.3531616926193237,1.3534547090530396,0
1786524000000,1.3536012172698975,1.3540594577789307,1.3535646200180054,1.3540594577789307,0
1786524300000,1.3535462617874146,1.3535462617874146,1.3530701398849487,1.353271484375,0
1786524600000,1.353179931640625,1.3536195755004883,1.353179931640625,1.3536195755004883,0
1786524900000,1.353747844696045,1.353747844696045,1.3533265590667725,1.3534363508224487,0
1786525200000,1.3538944721221924,1.3538944721221924,1.3535280227661133,1.3535280227661133,0
1786525500000,1.3533997535705566,1.3540594577789307,1.3533997535705566,1.3539495468139648,0
1786525800000,1.3535646200180054,1.3535828590393066,1.352685809135437,1.352685809135437,0
1786526100000,1.3525211811065674,1.3531616926193237,1.3525211811065674,1.3528321981430054,0
1786526400000,1.3527406454086304,1.3528138399124146,1.3524478673934937,1.3524478673934937,0
1786526700000,1.352630853652954,1.3529785871505737,1.352630853652954,1.3529785871505737,0
1786527000000,1.3531250953674316,1.353143334388733,1.3530884981155396,1.353143334388733,0
1786527300000,1.353033423423767,1.353051781654358,1.3521736860275269,1.3521736860275269,0
1786527600000,1.3521004915237427,1.3522833585739136,1.3519359827041626,1.3519359827041626,0
1786527900000,1.351807951927185,1.3524113893508911,1.351807951927185,1.3524113893508911,0
1786528200000,1.3525211811065674,1.3527040481567383,1.3524296283721924,1.352649211883545,0
1786528500000,1.352649211883545,1.3527222871780396,1.352539300918579,1.352630853652954,0
1786528800000,1.352685809135437,1.352685809135437,1.3525760173797607,1.352649211883545,0
1786529100000,1.3529419898986816,1.3529419898986816,1.3524844646453857,1.3525028228759766,0
1786529400000,1.3524844646453857,1.3524844646453857,1.352155327796936,1.3523198366165161,0
1786529700000,1.3521919250488281,1.3525028228759766,1.352155327796936,1.3525028228759766,0
1786530000000,1.3523565530776978,1.35255765914917,1.3523565530776978,1.3524113893508911,0
1786530300000,1.3522833585739136,1.3522833585739136,1.3517898321151733,1.3517898321151733,0
1786530600000,1.3518993854522705,1.3518993854522705,1.3513330221176147,1.3516253232955933,0
1786530900000,1.3515704870224,1.3517532348632812,1.3515704870224,1.3517532348632812,0
1786531200000,1.3517714738845825,1.3517714738845825,1.3513696193695068,1.3513696193695068,0
1786531500000,1.3514243364334106,1.3514792919158936,1.3511687517166138,1.3512052297592163,0
1786531800000,1.351278305053711,1.351278305053711,1.3505300283432007,1.3509680032730103,0
1786532100000,1.3509680032730103,1.3509680032730103,1.3508403301239014,1.3509496450424194,0
1786532400000,1.3508037328720093,1.3508037328720093,1.35023832321167,1.35023832321167,0
1786532700000,1.3502748012542725,1.3508403301239014,1.3502748012542725,1.3508403301239014,0
1786533000000,1.3509680032730103,1.3509680032730103,1.3508219718933105,1.3509680032730103,0
1786533300000,1.350858449935913,1.3509314060211182,1.3507490158081055,1.350785493850708,0
1786533600000,1.3507307767868042,1.3508766889572144,1.350694179534912,1.350694179534912,0
1786533900000,1.3508403301239014,1.3508403301239014,1.3507307767868042,1.3507307767868042,0
1786534200000,1.3507671356201172,1.3508037328720093,1.350694179534912,1.350694179534912,0
1786534500000,1.3508219718933105,1.3508403301239014,1.3507307767868042,1.3508219718933105,0
1786534800000,1.3507307767868042,1.3507307767868042,1.350548267364502,1.3506395816802979,0
1786535100000,1.350511908531189,1.3505300283432007,1.3503477573394775,1.3504389524459839,0
1786535400000,1.3504936695098877,1.3509132862091064,1.3504936695098877,1.3509132862091064,0
1786535700000,1.3510409593582153,1.3511687517166138,1.3509496450424194,1.3510043621063232,0
1786536000000,1.3509680032730103,1.3510775566101074,1.3508037328720093,1.3508037328720093,0
1786536300000,1.3507490158081055,1.3507490158081055,1.3503841161727905,1.3505666255950928,0
1786536600000,1.3506031036376953,1.3510043621063232,1.3506031036376953,1.3510043621063232,0
1786536900000,1.3507671356201172,1.3507671356201172,1.3506031036376953,1.3506578207015991,0
1786537200000,1.350548267364502,1.3505666255950928,1.3504753112792969,1.3504753112792969,0
1786537500000,1.3504024744033813,1.3504389524459839,1.3503658771514893,1.3503658771514893,0
1786537800000,1.3503658771514893,1.3503658771514893,1.3500925302505493,1.3500925302505493,0
1786538100000,1.350074291229248,1.350074291229248,1.350001335144043,1.3500559329986572,0
1786538400000,1.3501471281051636,1.3501653671264648,1.3501107692718506,1.3501107692718506,0
1786538700000,1.3501653671264648,1.3501653671264648,1.3496370315551758,1.3496370315551758,0
1786539000000,1.3496005535125732,1.349727988243103,1.3496005535125732,1.349727988243103,0
1786539300000,1.3498190641403198,1.3498190641403198,1.3496733903884888,1.3497644662857056,0
1786539600000,1.3498190641403198,1.3501653671264648,1.3498190641403198,1.350001335144043,0
1786539900000,1.3499830961227417,1.3500195741653442,1.3499102592468262,1.3500195741653442,0
1786540200000,1.3499102592468262,1.3499102592468262,1.3497827053070068,1.3498737812042236,0
1786540500000,1.3496733903884888,1.3496733903884888,1.3496370315551758,1.3496733903884888,0
1786540800000,1.349727988243103,1.349727988243103,1.3495640754699707,1.3495640754699707,0
1786541100000,1.349582314491272,1.3496370315551758,1.349582314491272,1.3496370315551758,0
1786541400000,1.349727988243103,1.3497827053070068,1.3496370315551758,1.3497827053070068,0
1786541700000,1.349582314491272,1.3496551513671875,1.349400281906128,1.349400281906128,0
1786542000000,1.3494548797607422,1.349545955657959,1.3493820428848267,1.3493820428848267,0
1786542300000,1.3493820428848267,1.3494912385940552,1.3493820428848267,1.3493820428848267,0
1786542600000,1.3493820428848267,1.3493820428848267,1.3492544889450073,1.3492544889450073,0
1786542900000,1.3492544889450073,1.349436640739441,1.3492544889450073,1.3493638038635254,0
1786543200000,1.3492727279663086,1.3492727279663086,1.3490906953811646,1.349199891090393,0
1786543500000,1.3491452932357788,1.3492727279663086,1.3491452932357788,1.3492727279663086,0
1786543800000,1.3493820428848267,1.3496005535125732,1.3493820428848267,1.3495640754699707,0
1786544100000,1.3495094776153564,1.3495094776153564,1.3493820428848267,1.3494731187820435,0
1786544400000,1.3494731187820435,1.349582314491272,1.3494731187820435,1.349582314491272,0
1786544700000,1.3496551513671875,1.3497644662857056,1.3495640754699707,1.3495640754699707,0
1786545000000,1.349582314491272,1.349582314491272,1.3493273258209229,1.3494912385940552,0
1786545300000,1.3494912385940552,1.3494912385940552,1.3493092060089111,1.3493092060089111,0
1786545600000,1.3492909669876099,1.3492909669876099,1.34916353225708,1.349199891090393,0
1786545900000,1.34916353225708,1.34916353225708,1.3490906953811646,1.3491452932357788,0
1786546200000,1.34916353225708,1.34916353225708,1.3490725755691528,1.3490725755691528,0
1786546500000,1.3490906953811646,1.3490906953811646,1.3488359451293945,1.3488359451293945,0
1786546800000,1.3488723039627075,1.3489997386932373,1.3488540649414062,1.3488723039627075,0
1786547100000,1.3488905429840088,1.3489269018173218,1.3488905429840088,1.3489269018173218,0
1786547400000,1.348945140838623,1.3490725755691528,1.348945140838623,1.3490543365478516,0
1786547700000,1.349017858505249,1.3492181301116943,1.349017858505249,1.3492181301116943,0
1786548000000,1.3492544889450073,1.349400281906128,1.3492544889450073,1.3493455648422241,0
1786548300000,1.3491816520690918,1.3492727279663086,1.349127173423767,1.349127173423767,0
1786548600000,1.3490906953811646,1.34916353225708,1.3490906953811646,1.349127173423767,0
1786548900000,1.3490360975265503,1.3490906953811646,1.3490360975265503,1.3490543365478516,0
1786549200000,1.3490360975265503,1.3491452932357788,1.3489997386932373,1.3491452932357788,0
1786549500000,1.34916353225708,1.349199891090393,1.3490725755691528,1.3490725755691528,0
1786549800000,1.3491452932357788,1.3491452932357788,1.349017858505249,1.349017858505249,0
1786550100000,1.3490360975265503,1.349199891090393,1.348945140838623,1.349199891090393,0
1786550400000,1.349199891090393,1.3493092060089111,1.349199891090393,1.349199891090393,0
1786550700000,1.3492727279663086,1.3492727279663086,1.34916353225708,1.34916353225708,0
1786551000000,1.34916353225708,1.34916353225708,1.3490725755691528,1.3491089344024658,0
1786551300000,1.3490725755691528,1.3490725755691528,1.3490543365478516,1.3490725755691528,0
1786551600000,1.3490906953811646,1.349127173423767,1.3490543365478516,1.349127173423767,0
1786551900000,1.34916353225708,1.3491816520690918,1.34916353225708,1.3491816520690918,0
1786552200000,1.3491452932357788,1.3492727279663086,1.3491452932357788,1.3492544889450073,0
1786552500000,1.3492909669876099,1.3493638038635254,1.3492727279663086,1.3492909669876099,0
1786552800000,1.3493455648422241,1.3493820428848267,1.3493273258209229,1.3493820428848267,0
1786553100000,1.349436640739441,1.3496005535125732,1.349436640739441,1.3496005535125732,0
1786553400000,1.3496187925338745,1.3496551513671875,1.349545955657959,1.349545955657959,0
1786553700000,1.3494912385940552,1.3496370315551758,1.3494548797607422,1.3496370315551758,0
1786554000000,1.3494548797607422,1.3501288890838623,1.3494548797607422,1.349837303161621,0
1786554300000,1.349545955657959,1.3496370315551758,1.3494912385940552,1.3494912385940552,0
1786554600000,1.349545955657959,1.3496187925338745,1.3495094776153564,1.3496187925338745,0
1786554900000,1.3496551513671875,1.3496551513671875,1.349436640739441,1.3496370315551758,0
1786555200000,1.3497098684310913,1.3497098684310913,1.3491816520690918,1.3491816520690918,0
1786555500000,1.349199891090393,1.3495277166366577,1.3491089344024658,1.3494548797607422,0
1786555800000,1.3494731187820435,1.3496551513671875,1.3492181301116943,1.3496551513671875,0
1786556100000,1.349545955657959,1.3495640754699707,1.3494912385940552,1.3495094776153564,0
1786556400000,1.3495277166366577,1.3496370315551758,1.3495277166366577,1.3495277166366577,0
1786556700000,1.3494912385940552,1.3496551513671875,1.3494912385940552,1.349545955657959,0
1786557000000,1.3497462272644043,1.3497462272644043,1.3494548797607422,1.349545955657959,0
1786557300000,1.349545955657959,1.3496187925338745,1.3494731187820435,1.3496005535125732,0
1786557600000,1.3493092060089111,1.3493455648422241,1.349199891090393,1.3492181301116943,0
1786557900000,1.3492909669876099,1.3492909669876099,1.349199891090393,1.3492727279663086,0
1786558200000,1.3492363691329956,1.3494184017181396,1.3492363691329956,1.3493638038635254,0
1786558500000,1.3493638038635254,1.3493820428848267,1.3493455648422241,1.3493638038635254,0
1786558800000,1.3493638038635254,1.349400281906128,1.3493092060089111,1.3493273258209229,0
1786559100000,1.3493820428848267,1.3494184017181396,1.3493820428848267,1.349400281906128,0
1786559400000,1.3494548797607422,1.3494548797607422,1.3494184017181396,1.3494184017181396,0
1786559700000,1.349436640739441,1.3494548797607422,1.349436640739441,1.349436640739441,0
1786560000000,1.349400281906128,1.3494912385940552,1.349400281906128,1.349436640739441,0
1786560300000,1.3495277166366577,1.3495277166366577,1.3494184017181396,1.3494184017181396,0
1786560600000,1.3495277166366577,1.3496005535125732,1.3495277166366577,1.3495640754699707,0
1786560900000,1.3496551513671875,1.3497644662857056,1.3496005535125732,1.3496187925338745,0
1786561200000,1.3496551513671875,1.3497098684310913,1.3496370315551758,1.3496551513671875,0
1786561500000,1.3496370315551758,1.3497462272644043,1.3496187925338745,1.3496370315551758,0
1786561800000,1.3496370315551758,1.3496551513671875,1.3496187925338745,1.3496187925338745,0
1786562100000,1.3496551513671875,1.349800944328308,1.3496551513671875,1.349727988243103,0
1786562400000,1.349727988243103,1.3497827053070068,1.3497098684310913,1.3497644662857056,0
1786562700000,1.3498555421829224,1.3498555421829224,1.349727988243103,1.3497462272644043,0
1786563000000,1.349727988243103,1.3497462272644043,1.349727988243103,1.3497462272644043,0
1786563300000,1.3496733903884888,1.3497098684310913,1.3496733903884888,1.3496733903884888,0
1786563600000,1.3496187925338745,1.34969162940979,1.3496187925338745,1.34969162940979,0
1786563900000,1.349582314491272,1.3497098684310913,1.349582314491272,1.3497098684310913,0
1786564200000,1.349545955657959,1.349837303161621,1.349545955657959,1.349727988243103,0
1786564500000,1.3497462272644043,1.3499467372894287,1.3497462272644043,1.3497827053070068,0
1786564800000,1.3497644662857056,1.3499467372894287,1.3497644662857056,1.349892020225525,0
1786565100000,1.349892020225525,1.3499648571014404,1.349892020225525,1.3499102592468262,0
1786565400000,1.3499648571014404,1.3499648571014404,1.3498555421829224,1.3498555421829224,0
1786565700000,1.3498737812042236,1.3499830961227417,1.3498190641403198,1.3499830961227417,0
1786566000000,1.3499467372894287,1.3500195741653442,1.3499284982681274,1.3500195741653442,0
1786566300000,1.3499648571014404,1.3499648571014404,1.3498555421829224,1.3498555421829224,0
1786566600000,1.349892020225525,1.3501107692718506,1.349892020225525,1.3501107692718506,0
1786566900000,1.3500559329986572,1.3500925302505493,1.350001335144043,1.350001335144043,0
1786567200000,1.3499284982681274,1.3500195741653442,1.3499102592468262,1.3500195741653442,0
1786567500000,1.349892020225525,1.349892020225525,1.34969162940979,1.34969162940979,0
1786567800000,1.3497462272644043,1.3497644662857056,1.3496187925338745,1.3496187925338745,0
1786568100000,1.3496187925338745,1.3497644662857056,1.3495277166366577,1.3497644662857056,0
1786568400000,1.3498190641403198,1.3498190641403198,1.34969162940979,1.3497462272644043,0
1786568700000,1.349727988243103,1.349727988243103,1.3496551513671875,1.3496733903884888,0
1786569000000,1.349837303161621,1.349837303161621,1.34969162940979,1.34969162940979,0
1786569300000,1.349727988243103,1.3498555421829224,1.349727988243103,1.3497462272644043,0
1786569600000,1.349837303161621,1.3499284982681274,1.3497644662857056,1.3499284982681274,0
1786569900000,1.3498737812042236,1.3499102592468262,1.349837303161621,1.349892020225525,0
1786570200000,1.3498555421829224,1.3499830961227417,1.3498555421829224,1.3499648571014404,0
1786570500000,1.3499284982681274,1.3499284982681274,1.3497098684310913,1.3497098684310913,0
1786570800000,1.349727988243103,1.349727988243103,1.3496005535125732,1.3496005535125732,0
1786571100000,1.3495640754699707,1.3496005535125732,1.349436640739441,1.3494548797607422,0
1786571400000,1.349436640739441,1.349436640739441,1.3492181301116943,1.3492181301116943,0
1786571700000,1.3492181301116943,1.3492727279663086,1.3491816520690918,1.3492727279663086,0
1786572000000,1.3492909669876099,1.3493092060089111,1.3492544889450073,1.3492544889450073,0
1786572300000,1.3492909669876099,1.3492909669876099,1.3492544889450073,1.3492727279663086,0
1786572600000,1.3491816520690918,1.3491816520690918,1.3491089344024658,1.34916353225708,0
1786572900000,1.349127173423767,1.349127173423767,1.349017858505249,1.3490906953811646,0
1786573200000,1.3490543365478516,1.3491089344024658,1.3490360975265503,1.3490543365478516,0
1786573500000,1.348981499671936,1.349017858505249,1.34890878200531,1.34890878200531,0
1786573800000,1.3488540649414062,1.3489633798599243,1.3487813472747803,1.3487813472747803,0
1786574100000,1.3487813472747803,1.3487813472747803,1.348726749420166,1.348726749420166,0
1786574400000,1.3488178253173828,1.3488178253173828,1.3487632274627686,1.3488178253173828,0
1786574700000,1.3488359451293945,1.3488723039627075,1.3488359451293945,1.3488723039627075,0
1786575000000,1.34890878200531,1.34890878200531,1.3488178253173828,1.3488178253173828,0
1786575300000,1.3488359451293945,1.348945140838623,1.3488359451293945,1.3488905429840088,0
1786575600000,1.3488905429840088,1.3488905429840088,1.3487086296081543,1.3487995862960815,0
1786575900000,1.34916353225708,1.34916353225708,1.3490360975265503,1.3490360975265503,0
1786576200000,1.3489269018173218,1.3489997386932373,1.3488540649414062,1.3489997386932373,0
1786576500000,1.3489633798599243,1.3489633798599243,1.3488178253173828,1.3489269018173218,0
1786576800000,1.3487995862960815,1.3488905429840088,1.348726749420166,1.3488359451293945,0
1786577100000,1.3488359451293945,1.3489269018173218,1.3488359451293945,1.3489269018173218,0
1786577400000,1.348945140838623,1.349017858505249,1.34890878200531,1.348981499671936,0
1786577700000,1.348945140838623,1.349127173423767,1.348945140838623,1.349127173423767,0
1786578000000,1.3490725755691528,1.34916353225708,1.3490725755691528,1.34916353225708,0
1786578300000,1.3491452932357788,1.3491452932357788,1.3490543365478516,1.3490906953811646,0
1786578600000,1.3490543365478516,1.3491452932357788,1.3490360975265503,1.3490360975265503,0
1786578900000,1.3490543365478516,1.3491089344024658,1.3490360975265503,1.3490725755691528,0
1786579200000,1.3490543365478516,1.3490725755691528,1.348981499671936,1.348981499671936,0
1786579500000,1.3489997386932373,1.3489997386932373,1.3489633798599243,1.3489633798599243,0
1786579800000,1.3489633798599243,1.3489633798599243,1.3487995862960815,1.3487995862960815,0
1786580100000,1.3488540649414062,1.3488540649414062,1.3487995862960815,1.3488178253173828,0
1786580400000,1.3487995862960815,1.3487995862960815,1.3487632274627686,1.3487813472747803,0
1786580700000,1.3488178253173828,1.34890878200531,1.3487995862960815,1.3488540649414062,0
1786581000000,1.3488540649414062,1.34890878200531,1.3488540649414062,1.34890878200531,0
1786581300000,1.34890878200531,1.348981499671936,1.34890878200531,1.348981499671936,0
1786581600000,1.3489633798599243,1.3489633798599243,1.348945140838623,1.348945140838623,0
1786581900000,1.34916353225708,1.3493820428848267,1.34916353225708,1.3493092060089111,0
1786582200000,1.3492909669876099,1.3493820428848267,1.3492909669876099,1.3493092060089111,0
1786582500000,1.3493092060089111,1.3497098684310913,1.3493092060089111,1.3497098684310913,0
1786582800000,1.3496005535125732,1.3496005535125732,1.3495094776153564,1.3495094776153564,0
1786583100000,1.349545955657959,1.349582314491272,1.3495277166366577,1.3495640754699707,0
1786583400000,1.3496187925338745,1.3496187925338745,1.3494731187820435,1.349545955657959,0
1786583700000,1.3496005535125732,1.3496551513671875,1.3496005535125732,1.3496187925338745,0
1786584000000,1.3496005535125732,1.349727988243103,1.3496005535125732,1.3496187925338745,0
1786584300000,1.3497462272644043,1.3497644662857056,1.34969162940979,1.34969162940979,0
1786584600000,1.3496733903884888,1.3496733903884888,1.3494548797607422,1.3494548797607422,0
1786584900000,1.3494912385940552,1.3494912385940552,1.349400281906128,1.349436640739441,0
1786585200000,1.3494912385940552,1.3494912385940552,1.3493455648422241,1.3493455648422241,0
1786585500000,1.3493092060089111,1.3493092060089111,1.3492544889450073,1.3492909669876099,0
1786585800000,1.3492909669876099,1.3494548797607422,1.3492909669876099,1.3494184017181396,0
1786586100000,1.3493273258209229,1.34969162940979,1.3493273258209229,1.349545955657959,0
1786586400000,1.3496370315551758,1.34969162940979,1.349436640739441,1.349436640739441,0
1786586700000,1.3493820428848267,1.349400281906128,1.3492181301116943,1.3492181301116943,0
1786587000000,1.3492544889450073,1.3492544889450073,1.3490543365478516,1.3490725755691528,0
1786587300000,1.349127173423767,1.3492909669876099,1.349127173423767,1.3492544889450073,0
1786587600000,1.3493455648422241,1.3493455648422241,1.34916353225708,1.3492727279663086,0
1786587900000,1.34916353225708,1.34916353225708,1.34865403175354,1.34865403175354,0
1786588200000,1.3484721183776855,1.3484721183776855,1.347563624382019,1.347563624382019,0
1786588500000,1.3476725816726685,1.348054051399231,1.3476725816726685,1.348054051399231,0
1786588800000,1.3479633331298828,1.3479633331298828,1.3479268550872803,1.3479450941085815,0
1786589100000,1.348054051399231,1.34816312789917,1.3479633331298828,1.3480722904205322,0
1786589400000,1.3481448888778687,1.3482903242111206,1.3481448888778687,1.3482903242111206,0
1786589700000,1.3483266830444336,1.3483266830444336,1.3481448888778687,1.3482903242111206,0
1786590000000,1.3482176065444946,1.3484539985656738,1.3482176065444946,1.3483085632324219,0
1786590300000,1.3482722043991089,1.3482722043991089,1.3478723764419556,1.3479087352752686,0
1786590600000,1.3479450941085815,1.3479450941085815,1.3476181030273438,1.3476725816726685,0
1786590900000,1.3478723764419556,1.3481813669204712,1.3478723764419556,1.3481813669204712,0
1786591200000,1.3480722904205322,1.348435878753662,1.3480722904205322,1.348435878753662,0
1786591500000,1.3482539653778076,1.3484176397323608,1.348235845565796,1.3484176397323608,0
1786591800000,1.3484539985656738,1.3485630750656128,1.348126769065857,1.348126769065857,0
1786592100000,1.348235845565796,1.3484721183776855,1.348235845565796,1.3483994007110596,0
1786592400000,1.3484903573989868,1.348581314086914,1.3484903573989868,1.3485448360443115,0
1786592700000,1.3485448360443115,1.348726749420166,1.3485448360443115,1.3486357927322388,0
1786593000000,1.3485630750656128,1.3487449884414673,1.3484176397323608,1.3484176397323608,0
1786593300000,1.348508596420288,1.348508596420288,1.3483631610870361,1.3483631610870361,0
1786593600000,1.3483085632324219,1.3483085632324219,1.3479450941085815,1.3479450941085815,0
1786593900000,1.3481086492538452,1.3481813669204712,1.3480722904205322,1.34816312789917,0
1786594200000,1.348235845565796,1.348235845565796,1.348054051399231,1.348054051399231,0
1786594500000,1.3481086492538452,1.348126769065857,1.3478723764419556,1.3478723764419556,0
1786594800000,1.3479268550872803,1.3480178117752075,1.3479268550872803,1.3479450941085815,0
1786595100000,1.3478542566299438,1.3479995727539062,1.3478542566299438,1.3479995727539062,0
1786595400000,1.3479633331298828,1.34816312789917,1.3479633331298828,1.34816312789917,0
1786595700000,1.348199486732483,1.3482722043991089,1.3481086492538452,1.3482539653778076,0
1786596000000,1.3483266830444336,1.3483266830444336,1.3482722043991089,1.3482722043991089,0
1786596300000,1.348199486732483,1.3483085632324219,1.34816312789917,1.3483085632324219,0
1786596600000,1.3481448888778687,1.3482722043991089,1.3480359315872192,1.3480359315872192,0
1786596900000,1.348054051399231,1.348054051399231,1.3479268550872803,1.3479268550872803,0
1786597200000,1.3478178977966309,1.3478178977966309,1.347636342048645,1.3477451801300049,0
1786597500000,1.3475998640060425,1.3479633331298828,1.3475998640060425,1.3479633331298828,0
1786597800000,1.3479633331298828,1.34816312789917,1.3479450941085815,1.348126769065857,0
1786598100000,1.348126769065857,1.3483085632324219,1.348126769065857,1.3483085632324219,0
1786598400000,1.348435878753662,1.348617672920227,1.348435878753662,1.348617672920227,0
1786598700000,1.348690390586853,1.3487632274627686,1.34865403175354,1.3487632274627686,0
1786599000000,1.3487632274627686,1.3489997386932373,1.3487632274627686,1.3489633798599243,0
1786599300000,1.348981499671936,1.349017858505249,1.34890878200531,1.34890878200531,0
1786599600000,1.3489633798599243,1.3489633798599243,1.3487813472747803,1.3488359451293945,0
1786599900000,1.3488540649414062,1.3488723039627075,1.3487813472747803,1.3487995862960815,0
1786600200000,1.3487449884414673,1.34890878200531,1.348726749420166,1.34890878200531,0
1786600500000,1.3488723039627075,1.349127173423767,1.3488723039627075,1.349127173423767,0
1786600800000,1.3492181301116943,1.3493638038635254,1.3492181301116943,1.3493092060089111,0
1786601100000,1.3495277166366577,1.349545955657959,1.3495277166366577,1.349545955657959,0
1786601400000,1.3495640754699707,1.3496551513671875,1.349400281906128,1.3496551513671875,0
1786601700000,1.3497098684310913,1.3498190641403198,1.3496005535125732,1.3497827053070068,0
1786602000000,1.3498555421829224,1.3498555421829224,1.3496370315551758,1.3496370315551758,0
1786602300000,1.3496370315551758,1.3498555421829224,1.3496370315551758,1.3498190641403198,0
1786602600000,1.349892020225525,1.3499284982681274,1.349837303161621,1.3499284982681274,0
1786602900000,1.3500559329986572,1.3501288890838623,1.3499648571014404,1.3501288890838623,0
1786603200000,1.350074291229248,1.350074291229248,1.349837303161621,1.349837303161621,0
1786603500000,1.3497098684310913,1.3497098684310913,1.3494912385940552,1.3494912385940552,0
1786603800000,1.3494548797607422,1.3494548797607422,1.3492181301116943,1.3492181301116943,0
1786604100000,1.3492363691329956,1.3492363691329956,1.348945140838623,1.3490906953811646,0
1786604400000,1.3490543365478516,1.349127173423767,1.3488359451293945,1.3488359451293945,0
1786604700000,1.3488723039627075,1.3490906953811646,1.3488540649414062,1.3490906953811646,0
1786605000000,1.349127173423767,1.3494548797607422,1.349127173423767,1.3494548797607422,0
1786605300000,1.3493638038635254,1.3493820428848267,1.3492727279663086,1.3492727279663086,0
1786605600000,1.3493455648422241,1.3494184017181396,1.3492909669876099,1.3493638038635254,0
1786605900000,1.349436640739441,1.3494912385940552,1.349436640739441,1.3494548797607422,0
1786606200000,1.349582314491272,1.349582314491272,1.3494731187820435,1.3494731187820435,0
1786606500000,1.3495640754699707,1.3496551513671875,1.3495277166366577,1.3495277166366577,0
1786606800000,1.3495277166366577,1.3496551513671875,1.3494184017181396,1.349545955657959,0
1786607100000,1.3494912385940552,1.3495094776153564,1.349436640739441,1.3495094776153564,0
1786607400000,1.349582314491272,1.3496551513671875,1.3493455648422241,1.3493455648422241,0
1786607700000,1.349199891090393,1.3493273258209229,1.3491452932357788,1.3492363691329956,0
1786608000000,1.3492363691329956,1.3492544889450073,1.3490543365478516,1.3490725755691528,0
1786608300000,1.34916353225708,1.3492909669876099,1.3490725755691528,1.3492909669876099,0
1786608600000,1.3491816520690918,1.3492363691329956,1.349127173423767,1.349127173423767,0
1786608900000,1.349017858505249,1.3490543365478516,1.3488723039627075,1.3490543365478516,0
1786609200000,1.3491452932357788,1.3492363691329956,1.3489997386932373,1.3489997386932373,0
1786609500000,1.349017858505249,1.349017858505249,1.3488178253173828,1.3488905429840088,0
1786609800000,1.3492181301116943,1.3492181301116943,1.348508596420288,1.3489633798599243,0
1786610100000,1.3492909669876099,1.3493092060089111,1.3492181301116943,1.3493092060089111,0
1786610400000,1.3495094776153564,1.3498737812042236,1.3495094776153564,1.3496551513671875,0
1786610700000,1.3496370315551758,1.350074291229248,1.3496370315551758,1.350074291229248,0
1786611000000,1.3503477573394775,1.3503477573394775,1.3500195741653442,1.3500195741653442,0
1786611300000,1.350201964378357,1.3509314060211182,1.350201964378357,1.3509314060211182,0
1786611600000,1.350858449935913,1.3510591983795166,1.3507671356201172,1.350858449935913,0
1786611900000,1.3506031036376953,1.3507490158081055,1.3504570722579956,1.3507490158081055,0
1786612200000,1.350621223449707,1.350621223449707,1.3503477573394775,1.3503477573394775,0
1786612500000,1.350712537765503,1.3508037328720093,1.350621223449707,1.3507490158081055,0
1786612800000,1.350712537765503,1.3508219718933105,1.3506760597229004,1.3506760597229004,0
1786613100000,1.3503658771514893,1.3503658771514893,1.3502565622329712,1.3502565622329712,0
1786613400000,1.3503477573394775,1.3503477573394775,1.3501836061477661,1.3501836061477661,0
1786613700000,1.3500378131866455,1.3501836061477661,1.3498190641403198,1.3501836061477661,0
1786614000000,1.3500378131866455,1.3501653671264648,1.3499102592468262,1.3501653671264648,0
1786614300000,1.3501653671264648,1.3501836061477661,1.3499648571014404,1.3499648571014404,0
1786614600000,1.349892020225525,1.3499830961227417,1.349800944328308,1.349800944328308,0
1786614900000,1.3499102592468262,1.3500378131866455,1.349892020225525,1.3499648571014404,0
1786615200000,1.3501471281051636,1.3503477573394775,1.3499102592468262,1.3499102592468262,0
1786615500000,1.3500195741653442,1.3505300283432007,1.3500195741653442,1.3503658771514893,0
1786615800000,1.3503841161727905,1.3505666255950928,1.3503841161727905,1.3504389524459839,0
1786616100000,1.3509314060211182,1.351186990737915,1.3508766889572144,1.351186990737915,0
1786616400000,1.3512235879898071,1.3512235879898071,1.3507671356201172,1.3507671356201172,0
1786616700000,1.3507307767868042,1.3507307767868042,1.3506578207015991,1.350712537765503,0
1786617000000,1.3502748012542725,1.3504753112792969,1.3502748012542725,1.3504389524459839,0
1786617300000,1.350548267364502,1.350548267364502,1.3501653671264648,1.3502929210662842,0
1786617600000,1.3503477573394775,1.3504753112792969,1.3503477573394775,1.3503477573394775,0
1786617900000,1.3502748012542725,1.350311279296875,1.3499467372894287,1.3499467372894287,0
1786618200000,1.3502200841903687,1.3508403301239014,1.3502200841903687,1.3508403301239014,0
1786618500000,1.350712537765503,1.3509132862091064,1.350712537765503,1.3507671356201172,0
1786618800000,1.3507490158081055,1.350858449935913,1.350712537765503,1.3507490158081055,0
1786619100000,1.3509314060211182,1.3509314060211182,1.3507307767868042,1.3507490158081055,0
1786619400000,1.3506395816802979,1.3506395816802979,1.3502929210662842,1.3502929210662842,0
1786619700000,1.3502748012542725,1.3502748012542725,1.3498555421829224,1.3498555421829224,0
1786620000000,1.3498190641403198,1.3500195741653442,1.3497827053070068,1.3500195741653442,0
1786620300000,1.3501471281051636,1.3502200841903687,1.3496733903884888,1.3496733903884888,0
1786620600000,1.349800944328308,1.349837303161621,1.3496733903884888,1.3496733903884888,0
1786620900000,1.3497462272644043,1.3497827053070068,1.3496187925338745,1.3497827053070068,0
1786621200000,1.349892020225525,1.349892020225525,1.3496187925338745,1.3496370315551758,0
1786621500000,1.3496733903884888,1.3497644662857056,1.3496733903884888,1.3497644662857056,0
1786621800000,1.3497644662857056,1.3497644662857056,1.349545955657959,1.3496187925338745,0
1786622100000,1.3495640754699707,1.34969162940979,1.3495640754699707,1.3495640754699707,0
1786622400000,1.3496370315551758,1.3496370315551758,1.3495094776153564,1.349545955657959,0
1786622700000,1.3495277166366577,1.349545955657959,1.3493092060089111,1.3493092060089111,0
1786623000000,1.3490906953811646,1.3490906953811646,1.3488540649414062,1.3489269018173218,0
1786623300000,1.349017858505249,1.349017858505249,1.348726749420166,1.348726749420166,0
1786623600000,1.348435878753662,1.3485267162322998,1.348435878753662,1.3484539985656738,0
1786623900000,1.34865403175354,1.348690390586853,1.3485448360443115,1.348581314086914,0
1786624200000,1.3485267162322998,1.3485995531082153,1.3484721183776855,1.3484721183776855,0
1786624500000,1.3485995531082153,1.3485995531082153,1.3484721183776855,1.348508596420288,0
1786624800000,1.3484176397323608,1.348508596420288,1.3483449220657349,1.348508596420288,0
1786625100000,1.348508596420288,1.3486722707748413,1.3483812808990479,1.3486722707748413,0
1786625400000,1.3486357927322388,1.3487086296081543,1.3486357927322388,1.3487086296081543,0
1786625700000,1.34865403175354,1.348726749420166,1.348581314086914,1.348581314086914,0
1786626000000,1.348690390586853,1.348945140838623,1.3486722707748413,1.3486722707748413,0
1786626300000,1.3484176397323608,1.3485448360443115,1.3483631610870361,1.3483631610870361,0
1786626600000,1.3483994007110596,1.3484176397323608,1.3482176065444946,1.3482176065444946,0
1786626900000,1.348235845565796,1.3484176397323608,1.348235845565796,1.3483449220657349,0
1786627200000,1.3483085632324219,1.3483812808990479,1.3483085632324219,1.3483266830444336,0
1786627500000,1.3483085632324219,1.3483085632324219,1.3482176065444946,1.348235845565796,0
1786627800000,1.34816312789917,1.3481813669204712,1.3480178117752075,1.34816312789917,0
1786628100000,1.3481448888778687,1.3483449220657349,1.3481448888778687,1.3483449220657349,0
1786628400000,1.3483266830444336,1.3483631610870361,1.3483266830444336,1.3483631610870361,0
1786628700000,1.3484176397323608,1.3484176397323608,1.3482903242111206,1.3483449220657349,0
1786629000000,1.3483266830444336,1.3483812808990479,1.3482539653778076,1.3483631610870361,0
1786629300000,1.3485267162322998,1.3485267162322998,1.3482722043991089,1.3482722043991089,0
1786629600000,1.3482722043991089,1.3482722043991089,1.3480722904205322,1.3480722904205322,0
1786629900000,1.348090410232544,1.3482539653778076,1.348090410232544,1.3482539653778076,0
1786630200000,1.3483085632324219,1.3486722707748413,1.3483085632324219,1.3486722707748413,0
1786630500000,1.348617672920227,1.3486357927322388,1.348581314086914,1.3486357927322388,0
1786630800000,1.3485630750656128,1.3485630750656128,1.3483266830444336,1.3484539985656738,0
1786631100000,1.3484539985656738,1.3485630750656128,1.3483812808990479,1.3485630750656128,0
1786631400000,1.3486357927322388,1.3486357927322388,1.3483994007110596,1.3484721183776855,0
1786631700000,1.348435878753662,1.3486722707748413,1.348435878753662,1.3486722707748413,0
1786632000000,1.34865403175354,1.3487813472747803,1.3486357927322388,1.3487813472747803,0
1786632300000,1.34865403175354,1.3486722707748413,1.348508596420288,1.3485267162322998,0
1786632600000,1.3485448360443115,1.348581314086914,1.3485267162322998,1.348581314086914,0
1786632900000,1.3485448360443115,1.3485448360443115,1.3484176397323608,1.348435878753662,0
1786633200000,1.348508596420288,1.3485267162322998,1.3483631610870361,1.3485267162322998,0
1786633500000,1.348508596420288,1.3486357927322388,1.348508596420288,1.3486357927322388,0
1786633800000,1.348581314086914,1.348581314086914,1.3485267162322998,1.3485448360443115,0
1786634100000,1.348435878753662,1.3485630750656128,1.348435878753662,1.3485448360443115,0
1786634400000,1.348690390586853,1.3487086296081543,1.3486357927322388,1.3487086296081543,0
1786634700000,1.348726749420166,1.3487995862960815,1.348726749420166,1.3487632274627686,0
1786635000000,1.3487449884414673,1.3487449884414673,1.3487086296081543,1.3487449884414673,0
1786635300000,1.348726749420166,1.3488359451293945,1.34865403175354,1.3488359451293945,0
1786635600000,1.348726749420166,1.348726749420166,1.3485267162322998,1.3485267162322998,0
1786635900000,1.348508596420288,1.348508596420288,1.348435878753662,1.3484903573989868,0
1786636200000,1.3485267162322998,1.3487086296081543,1.3484539985656738,1.3487086296081543,0
1786636500000,1.348726749420166,1.3487449884414673,1.3486722707748413,1.348726749420166,0
1786636800000,1.3487449884414673,1.3487813472747803,1.3485995531082153,1.3487632274627686,0
1786637100000,1.3487086296081543,1.3487086296081543,1.348508596420288,1.3485630750656128,0
1786637400000,1.3485995531082153,1.34865403175354,1.3485448360443115,1.34865403175354,0
1786637700000,1.3486357927322388,1.34865403175354,1.3485630750656128,1.3485630750656128,0
1786638000000,1.348617672920227,1.348617672920227,1.3484539985656738,1.3485448360443115,0
1786638300000,1.3485630750656128,1.3487086296081543,1.3485630750656128,1.348690390586853,0
1786638600000,1.34865403175354,1.34865403175354,1.3485448360443115,1.3485995531082153,0
1786638900000,1.348581314086914,1.3486722707748413,1.348581314086914,1.34865403175354,0
1786639200000,1.3486357927322388,1.3486722707748413,1.3485995531082153,1.3486722707748413,0
1786639500000,1.34865403175354,1.3487995862960815,1.34865403175354,1.3487995862960815,0
1786639800000,1.3488359451293945,1.3488359451293945,1.3484176397323608,1.3487813472747803,0
1786640100000,1.3487632274627686,1.3487813472747803,1.348690390586853,1.348690390586853,0
1786640400000,1.3491816520690918,1.3491816520690918,1.3485267162322998,1.3486357927322388,0
1786640700000,1.3485630750656128,1.3487086296081543,1.3484903573989868,1.3485267162322998,0
1786641000000,1.3485995531082153,1.3485995531082153,1.3484176397323608,1.3485995531082153,0
1786641300000,1.3484721183776855,1.3485448360443115,1.3484721183776855,1.3485448360443115,0
1786641600000,1.348581314086914,1.348726749420166,1.3485448360443115,1.348726749420166,0
1786641900000,1.348726749420166,1.3487632274627686,1.3485448360443115,1.3487632274627686,0
1786642200000,1.3488540649414062,1.3490543365478516,1.3487995862960815,1.348981499671936,0
1786642500000,1.3489633798599243,1.3490360975265503,1.348945140838623,1.348945140838623,0
1786642800000,1.3489633798599243,1.3490360975265503,1.34890878200531,1.3490360975265503,0
1786643100000,1.3489997386932373,1.3489997386932373,1.34865403175354,1.3487995862960815,0
1786643400000,1.34890878200531,1.34890878200531,1.34865403175354,1.3487086296081543,0
1786643700000,1.3488540649414062,1.3489269018173218,1.3485448360443115,1.3485995531082153,0
1786644000000,1.348690390586853,1.3487813472747803,1.3486722707748413,1.348690390586853,0
1786644300000,1.3487086296081543,1.3487086296081543,1.348617672920227,1.348617672920227,0
1786644600000,1.3486722707748413,1.3486722707748413,1.348581314086914,1.34865403175354,0
1786644900000,1.348581314086914,1.348726749420166,1.348581314086914,1.348726749420166,0
1786645200000,1.3488178253173828,1.3488723039627075,1.3488178253173828,1.3488723039627075,0
1786645500000,1.3487632274627686,1.3488178253173828,1.348726749420166,1.3487632274627686,0
1786645800000,1.3488178253173828,1.3488178253173828,1.348726749420166,1.348726749420166,0
1786646100000,1.3487449884414673,1.3487632274627686,1.3487449884414673,1.3487632274627686,0
1786646400000,1.3487813472747803,1.3488178253173828,1.3487632274627686,1.3487995862960815,0
1786646700000,1.3488540649414062,1.3488540649414062,1.3487813472747803,1.3487813472747803,0
1786647000000,1.3487086296081543,1.34890878200531,1.3487086296081543,1.34890878200531,0
1786647300000,1.3488723039627075,1.3488723039627075,1.3488359451293945,1.3488723039627075,0
1786647600000,1.3489269018173218,1.3489997386932373,1.3489269018173218,1.3489997386932373,0
1786647900000,1.34890878200531,1.3490360975265503,1.34890878200531,1.3490360975265503,0
1786648200000,1.3490543365478516,1.3490543365478516,1.349017858505249,1.3490360975265503,0
1786648500000,1.349017858505249,1.349017858505249,1.3488905429840088,1.3489633798599243,0
1786648800000,1.3489633798599243,1.3489633798599243,1.34890878200531,1.3489269018173218,0
1786649100000,1.3488723039627075,1.3489269018173218,1.3488359451293945,1.3488723039627075,0
1786649400000,1.3489269018173218,1.3489269018173218,1.3488540649414062,1.3489269018173218,0
1786649700000,1.348945140838623,1.348945140838623,1.34890878200531,1.3489269018173218,0
1786650000000,1.348945140838623,1.3490360975265503,1.3488540649414062,1.3489997386932373,0
1786650300000,1.3489997386932373,1.3491089344024658,1.3489997386932373,1.3490725755691528,0
1786650600000,1.3490543365478516,1.349127173423767,1.3490543365478516,1.3490543365478516,0
1786650900000,1.3490543365478516,1.3490906953811646,1.3490360975265503,1.3490725755691528,0
1786651200000,1.3490360975265503,1.3493273258209229,1.3490360975265503,1.34916353225708,0
1786651500000,1.3492909669876099,1.3492909669876099,1.3492363691329956,1.3492544889450073,0
1786651800000,1.3492544889450073,1.3492544889450073,1.3491452932357788,1.3491452932357788,0
1786652100000,1.349199891090393,1.3492909669876099,1.349199891090393,1.3492909669876099,0
1786652400000,1.3493092060089111,1.3494184017181396,1.3493092060089111,1.3494184017181396,0
1786652700000,1.3493638038635254,1.3495094776153564,1.3493638038635254,1.3495094776153564,0
1786653000000,1.3494548797607422,1.3495640754699707,1.3494548797607422,1.3495640754699707,0
1786653300000,1.349582314491272,1.349582314491272,1.3494184017181396,1.3495277166366577,0
1786653600000,1.349436640739441,1.3495277166366577,1.349436640739441,1.3494912385940552,0
1786653900000,1.3495640754699707,1.3495640754699707,1.3494912385940552,1.3495277166366577,0
1786654200000,1.3494548797607422,1.34969162940979,1.3494548797607422,1.34969162940979,0
1786654500000,1.349727988243103,1.3498737812042236,1.3496551513671875,1.3498737812042236,0
1786654800000,1.349800944328308,1.349800944328308,1.3496005535125732,1.3496005535125732,0
1786655100000,1.3495277166366577,1.3495640754699707,1.3494184017181396,1.3495640754699707,0
1786655400000,1.3494184017181396,1.349436640739441,1.3492363691329956,1.3492363691329956,0
1786655700000,1.3492363691329956,1.3493638038635254,1.34916353225708,1.3492909669876099,0
1786656000000,1.3491452932357788,1.3492544889450073,1.3490906953811646,1.3490906953811646,0
1786656300000,1.3490725755691528,1.3492181301116943,1.3490725755691528,1.3492181301116943,0
1786656600000,1.3490543365478516,1.3494184017181396,1.3490543365478516,1.3494184017181396,0
1786656900000,1.349436640739441,1.3496005535125732,1.349400281906128,1.3494912385940552,0
1786657200000,1.3494731187820435,1.3494731187820435,1.3493455648422241,1.349436640739441,0
1786657500000,1.3493820428848267,1.3494912385940552,1.3493820428848267,1.349400281906128,0
1786657800000,1.3494912385940552,1.3494912385940552,1.3494184017181396,1.3494731187820435,0
1786658100000,1.3494731187820435,1.3494731187820435,1.3489997386932373,1.3489997386932373,0
1786658400000,1.349127173423767,1.34916353225708,1.3490725755691528,1.3490906953811646,0
1786658700000,1.3490543365478516,1.3491089344024658,1.3489997386932373,1.3491089344024658,0
1786659000000,1.34916353225708,1.349199891090393,1.3491452932357788,1.3491452932357788,0
1786659300000,1.3491816520690918,1.3492181301116943,1.3491816520690918,1.3492181301116943,0
1786659600000,1.3492363691329956,1.3492727279663086,1.3491452932357788,1.349199891090393,0
1786659900000,1.3490543365478516,1.3493638038635254,1.3490543365478516,1.3492544889450073,0
1786660200000,1.349199891090393,1.349400281906128,1.349199891090393,1.349400281906128,0
1786660500000,1.3492909669876099,1.3493638038635254,1.3492544889450073,1.3492544889450073,0
1786660800000,1.3493455648422241,1.3494548797607422,1.3493455648422241,1.3494548797607422,0
1786661100000,1.3494184017181396,1.3494184017181396,1.34916353225708,1.349199891090393,0
1786661400000,1.3491816520690918,1.3492544889450073,1.3490543365478516,1.3490543365478516,0
1786661700000,1.349017858505249,1.3490725755691528,1.3489633798599243,1.348981499671936,0
1786662000000,1.3489997386932373,1.3491452932357788,1.34890878200531,1.3491452932357788,0
1786662300000,1.349199891090393,1.3492909669876099,1.349199891090393,1.3492727279663086,0
1786662600000,1.3492181301116943,1.3492363691329956,1.3490906953811646,1.3492363691329956,0
1786662900000,1.3492727279663086,1.349400281906128,1.3492181301116943,1.349400281906128,0
1786663200000,1.3493638038635254,1.3497462272644043,1.3493638038635254,1.3496733903884888,0
1786663500000,1.3496370315551758,1.349727988243103,1.3494731187820435,1.349727988243103,0
1786663800000,1.34969162940979,1.3497827053070068,1.34969162940979,1.349727988243103,0
1786664100000,1.349727988243103,1.349727988243103,1.349545955657959,1.349545955657959,0
1786664400000,1.3496370315551758,1.3496370315551758,1.349545955657959,1.3496187925338745,0
1786664700000,1.3495640754699707,1.3496370315551758,1.3495277166366577,1.3496370315551758,0
1786665000000,1.3495640754699707,1.3495640754699707,1.349436640739441,1.349436640739441,0
1786665300000,1.349436640739441,1.349582314491272,1.349400281906128,1.3495640754699707,0
1786665600000,1.3495094776153564,1.3496551513671875,1.3495094776153564,1.3496551513671875,0
1786665900000,1.34969162940979,1.3497827053070068,1.3496005535125732,1.3497827053070068,0
1786666200000,1.3498555421829224,1.3498555421829224,1.3497462272644043,1.3498190641403198,0
1786666500000,1.349800944328308,1.349800944328308,1.3497098684310913,1.3497644662857056,0
1786666800000,1.3497462272644043,1.3497644662857056,1.3496551513671875,1.349727988243103,0
1786667100000,1.349727988243103,1.349727988243103,1.3495640754699707,1.3495640754699707,0
1786667400000,1.3495640754699707,1.3499467372894287,1.3495640754699707,1.3499467372894287,0
1786667700000,1.3499284982681274,1.3499284982681274,1.3498555421829224,1.3498555421829224,0
1786668000000,1.349837303161621,1.3498555421829224,1.3497098684310913,1.3497462272644043,0
1786668300000,1.3496733903884888,1.3496733903884888,1.3496733903884888,1.3496733903884888,0
1786668600000,1.3496187925338745,1.349727988243103,1.3496187925338745,1.349727988243103,0
1786668900000,1.349727988243103,1.349892020225525,1.34969162940979,1.349800944328308,0
1786669200000,1.3497644662857056,1.3499102592468262,1.3497644662857056,1.3498737812042236,0
1786669500000,1.349892020225525,1.349892020225525,1.349800944328308,1.349837303161621,0
1786669800000,1.349837303161621,1.3498737812042236,1.349837303161621,1.3498555421829224,0
1786670100000,1.349892020225525,1.349892020225525,1.349837303161621,1.3498555421829224,0
1786670400000,1.3497462272644043,1.3499648571014404,1.3497462272644043,1.3499648571014404,0
1786670700000,1.349837303161621,1.3500559329986572,1.349837303161621,1.3500559329986572,0
1786671000000,1.3499830961227417,1.3499830961227417,1.3499284982681274,1.3499830961227417,0
1786671300000,1.350001335144043,1.3500195741653442,1.3499648571014404,1.3499648571014404,0
1786671600000,1.3500195741653442,1.3500925302505493,1.3500195741653442,1.3500378131866455,0
1786671900000,1.3499830961227417,1.350001335144043,1.3499284982681274,1.3499467372894287,0
1786672200000,1.3499467372894287,1.3500559329986572,1.3499467372894287,1.3500559329986572,0
1786672500000,1.3500378131866455,1.3500378131866455,1.3499467372894287,1.350001335144043,0
1786672800000,1.35023832321167,1.35023832321167,1.3500925302505493,1.3502200841903687,0
1786673100000,1.3502748012542725,1.350311279296875,1.3501471281051636,1.350201964378357,0
1786673400000,1.3502200841903687,1.3502565622329712,1.3501288890838623,1.3502200841903687,0
1786673700000,1.3502200841903687,1.3502565622329712,1.3501653671264648,1.3501653671264648,0
1786674000000,1.3500925302505493,1.3501653671264648,1.3500378131866455,1.3500378131866455,0
1786674300000,1.3499284982681274,1.350001335144043,1.3499102592468262,1.350001335144043,0
1786674600000,1.3500559329986572,1.3501653671264648,1.3500378131866455,1.3501653671264648,0
1786674900000,1.3501471281051636,1.3503477573394775,1.3501471281051636,1.3503477573394775,0
1786675200000,1.3502748012542725,1.3502748012542725,1.350074291229248,1.3502748012542725,0
1786675500000,1.3503477573394775,1.3503841161727905,1.35023832321167,1.350311279296875,0
1786675800000,1.3504570722579956,1.3504570722579956,1.350201964378357,1.350201964378357,0
1786676100000,1.350201964378357,1.3504389524459839,1.350201964378357,1.3504389524459839,0
1786676400000,1.3504389524459839,1.350858449935913,1.3504389524459839,1.350858449935913,0
1786676700000,1.350621223449707,1.3506395816802979,1.350511908531189,1.350511908531189,0
1786677000000,1.3507307767868042,1.3508949279785156,1.3506578207015991,1.3506578207015991,0
1786677300000,1.350621223449707,1.3507490158081055,1.350621223449707,1.3507490158081055,0
1786677600000,1.3506578207015991,1.350712537765503,1.3504753112792969,1.3504753112792969,0
1786677900000,1.3504207134246826,1.3504936695098877,1.3504207134246826,1.3504936695098877,0
1786678200000,1.3504936695098877,1.3505300283432007,1.3504570722579956,1.3505300283432007,0
1786678500000,1.350311279296875,1.350785493850708,1.350311279296875,1.3507307767868042,0
1786678800000,1.3507671356201172,1.351022720336914,1.3507671356201172,1.3508949279785156,0
1786679100000,1.3510043621063232,1.3513330221176147,1.3509496450424194,1.3512418270111084,0
1786679400000,1.3513696193695068,1.3513696193695068,1.3510409593582153,1.3511322736740112,0
1786679700000,1.35111403465271,1.351314902305603,1.35111403465271,1.351314902305603,0
1786680000000,1.3515887260437012,1.3517167568206787,1.3515522480010986,1.351607084274292,0
1786680300000,1.351698398590088,1.352027416229248,1.351698398590088,1.352027416229248,0
1786680600000,1.3517532348632812,1.3519177436828613,1.3517167568206787,1.3517167568206787,0
1786680900000,1.3518263101577759,1.351862907409668,1.3516801595687866,1.3517167568206787,0
1786681200000,1.3516618013381958,1.3518993854522705,1.351643681526184,1.3518993854522705,0
1786681500000,1.351990818977356,1.3522651195526123,1.3519359827041626,1.3522651195526123,0
1786681800000,1.3523198366165161,1.3523198366165161,1.3521004915237427,1.3522101640701294,0
1786682100000,1.3522101640701294,1.3524113893508911,1.3522101640701294,1.3524113893508911,0
1786682400000,1.3526124954223633,1.3526674509048462,1.3523746728897095,1.3523746728897095,0
1786682700000,1.3521736860275269,1.3522467613220215,1.3521188497543335,1.3521188497543335,0
1786683000000,1.3520090579986572,1.3522833585739136,1.3519543409347534,1.3522833585739136,0
1786683300000,1.3522467613220215,1.3523746728897095,1.3520822525024414,1.3523746728897095,0
1786683600000,1.352338194847107,1.352539300918579,1.352338194847107,1.3523746728897095,0
1786683900000,1.3522651195526123,1.3523565530776978,1.3522651195526123,1.3523015975952148,0
1786684200000,1.3522284030914307,1.3522284030914307,1.352155327796936,1.3522101640701294,0
1786684500000,1.352155327796936,1.352338194847107,1.352155327796936,1.3522101640701294,0
1786684800000,1.3521369695663452,1.3522101640701294,1.3521369695663452,1.3522101640701294,0
1786685100000,1.3522101640701294,1.352338194847107,1.3522101640701294,1.352338194847107,0
1786685400000,1.3523198366165161,1.3523930311203003,1.3521736860275269,1.3521736860275269,0
1786685700000,1.3521188497543335,1.3522101640701294,1.3520456552505493,1.3522101640701294,0
1786686000000,1.3522467613220215,1.3522467613220215,1.3521736860275269,1.3521919250488281,0
1786686300000,1.3523198366165161,1.3524662256240845,1.3522833585739136,1.3522833585739136,0
1786686600000,1.3523015975952148,1.3524296283721924,1.3522284030914307,1.3524296283721924,0
1786686900000,1.3524478673934937,1.3524662256240845,1.352338194847107,1.3524662256240845,0
1786687200000,1.3524113893508911,1.352630853652954,1.3524113893508911,1.3524844646453857,0
1786687500000,1.3526124954223633,1.3526124954223633,1.352539300918579,1.352539300918579,0
1786687800000,1.352649211883545,1.3528321981430054,1.352649211883545,1.3527222871780396,0
1786688100000,1.3527040481567383,1.3527772426605225,1.3526674509048462,1.3527406454086304,0
1786688400000,1.3527406454086304,1.3527954816818237,1.3527222871780396,1.3527222871780396,0
1786688700000,1.3527590036392212,1.3527590036392212,1.352685809135437,1.3527406454086304,0
1786689000000,1.3527590036392212,1.3528321981430054,1.3527406454086304,1.3527590036392212,0
1786689300000,1.3527222871780396,1.352960228919983,1.3527222871780396,1.352960228919983,0
1786689600000,1.3528870344161987,1.3528870344161987,1.3527222871780396,1.3528504371643066,0
1786689900000,1.3529053926467896,1.3529419898986816,1.3528870344161987,1.3529237508773804,0
1786690200000,1.352960228919983,1.3529785871505737,1.3528504371643066,1.352868676185608,0
1786690500000,1.3528321981430054,1.3528321981430054,1.3527222871780396,1.3528138399124146,0
1786690800000,1.3529053926467896,1.3531250953674316,1.3529053926467896,1.3529785871505737,0
1786691100000,1.3528138399124146,1.3528870344161987,1.3527954816818237,1.3528870344161987,0
1786691400000,1.3529969453811646,1.3530701398849487,1.352960228919983,1.3530701398849487,0
1786691700000,1.353143334388733,1.3533813953399658,1.3530701398849487,1.3533813953399658,0
1786692000000,1.353417992591858,1.3536561727523804,1.353417992591858,1.353637933731079,0
1786692300000,1.353637933731079,1.353637933731079,1.3534914255142212,1.3535462617874146,0
1786692600000,1.3536012172698975,1.3538211584091187,1.3535646200180054,1.3538211584091187,0
1786692900000,1.3539679050445557,1.3540778160095215,1.3538944721221924,1.3540778160095215,0
1786693200000,1.3541511297225952,1.3542428016662598,1.3541511297225952,1.3541511297225952,0
1786693500000,1.353986144065857,1.353986144065857,1.3538762331008911,1.353931188583374,0
1786693800000,1.3540594577789307,1.354132890701294,1.3536195755004883,1.3536195755004883,0
1786694100000,1.3536561727523804,1.3537112474441528,1.3535646200180054,1.3535828590393066,0
1786694400000,1.3535280227661133,1.353931188583374,1.3535280227661133,1.3538029193878174,0
1786694700000,1.3537845611572266,1.3541878461837769,1.353747844696045,1.3537845611572266,0
1786695000000,1.3537112474441528,1.3537112474441528,1.3535280227661133,1.3536012172698975,0
1786695300000,1.353692889213562,1.3537845611572266,1.3536195755004883,1.3537296056747437,0
1786695600000,1.3538029193878174,1.3542977571487427,1.3538029193878174,1.3542977571487427,0
1786695900000,1.3543529510498047,1.3543529510498047,1.3540778160095215,1.3541878461837769,0
1786696200000,1.354976773262024,1.354976773262024,1.3547013998031616,1.3547013998031616,0
1786696500000,1.3544079065322876,1.3544079065322876,1.3538578748703003,1.3539128303527832,0
1786696800000,1.353931188583374,1.353931188583374,1.3538211584091187,1.3538211584091187,0
1786697100000,1.3537112474441528,1.354169487953186,1.3537112474441528,1.3540778160095215,0
1786697400000,1.3538395166397095,1.353931188583374,1.3538029193878174,1.353931188583374,0
1786697700000,1.3538944721221924,1.3540594577789307,1.3535462617874146,1.3540594577789307,0
1786698000000,1.3538029193878174,1.3538029193878174,1.3535646200180054,1.3535646200180054,0
1786698300000,1.3536745309829712,1.3538762331008911,1.3536745309829712,1.3538762331008911,0
1786698600000,1.353986144065857,1.353986144065857,1.353692889213562,1.353692889213562,0
1786698900000,1.3538578748703003,1.3538578748703003,1.353637933731079,1.353637933731079,0
1786699200000,1.3536745309829712,1.3539128303527832,1.3536745309829712,1.3539128303527832,0
1786699500000,1.3541511297225952,1.3544628620147705,1.3541511297225952,1.3544628620147705,0
1786699800000,1.3543529510498047,1.354719877243042,1.3543529510498047,1.354719877243042,0
1786700100000,1.3549401760101318,1.3556013107299805,1.3549033403396606,1.3556013107299805,0
1786700400000,1.3555830717086792,1.3556013107299805,1.3553073406219482,1.3556013107299805,0
1786700700000,1.3556196689605713,1.3559322357177734,1.3556196689605713,1.3558402061462402,0
1786701000000,1.3557851314544678,1.356042504310608,1.3553073406219482,1.3553073406219482,0
1786701300000,1.3551971912384033,1.355546236038208,1.3551971912384033,1.3553624153137207,0
1786701600000,1.3557300567626953,1.3557300567626953,1.3551971912384033,1.3554176092147827,0
1786701900000,1.3555278778076172,1.3555278778076172,1.3554176092147827,1.3554726839065552,0
1786702200000,1.3555278778076172,1.3555645942687988,1.3552889823913574,1.3552889823913574,0
1786702500000,1.3552155494689941,1.3556565046310425,1.3552155494689941,1.3552889823913574,0
1786702800000,1.3551421165466309,1.3555278778076172,1.3551421165466309,1.3554911613464355,0
1786703100000,1.355766773223877,1.3561527729034424,1.355766773223877,1.3561527729034424,0
1786703400000,1.3558586835861206,1.3558586835861206,1.3552706241607666,1.3552706241607666,0
1786703700000,1.355233907699585,1.3554176092147827,1.3551421165466309,1.355380892753601,0
1786704000000,1.3554726839065552,1.3554726839065552,1.3550870418548584,1.3551052808761597,0
1786704300000,1.3551052808761597,1.3551236391067505,1.3548849821090698,1.3550686836242676,0
1786704600000,1.3548483848571777,1.3550870418548584,1.3546648025512695,1.3547565937042236,0
1786704900000,1.3547382354736328,1.354958415031433,1.3547382354736328,1.354830026626587,0
1786705200000,1.3549033403396606,1.355233907699585,1.354830026626587,1.355233907699585,0
1786705500000,1.3551604747772217,1.3551604747772217,1.3550136089324951,1.3550318479537964,0
1786705800000,1.3550136089324951,1.3550136089324951,1.354921817779541,1.3549401760101318,0
1786706100000,1.3547565937042236,1.3549033403396606,1.3545913696289062,1.3545913696289062,0
1786706400000,1.3545913696289062,1.3545913696289062,1.3541511297225952,1.3543713092803955,0
1786706700000,1.354316234588623,1.3547565937042236,1.354316234588623,1.3547565937042236,0
1786707000000,1.3550502061843872,1.3553258180618286,1.3549952507019043,1.3552706241607666,0
1786707300000,1.3554726839065552,1.3554726839065552,1.3551604747772217,1.3551604747772217,0
1786707600000,1.3549952507019043,1.3551604747772217,1.354921817779541,1.3551604747772217,0
1786707900000,1.3551052808761597,1.3556196689605713,1.3551052808761597,1.3556196689605713,0
1786708200000,1.3555645942687988,1.3557300567626953,1.3555645942687988,1.3555645942687988,0
1786708500000,1.3555645942687988,1.3556932210922241,1.3554543256759644,1.3554543256759644,0
1786708800000,1.3555645942687988,1.3556932210922241,1.3554726839065552,1.3555278778076172,0
1786709100000,1.3556013107299805,1.3556013107299805,1.3552522659301758,1.3552522659301758,0
1786709400000,1.355233907699585,1.355233907699585,1.3550136089324951,1.3550136089324951,0
1786709700000,1.3550318479537964,1.3554543256759644,1.3550318479537964,1.3552706241607666,0
1786710000000,1.3553440570831299,1.3553440570831299,1.3552155494689941,1.3552155494689941,0
1786710300000,1.3550870418548584,1.3550870418548584,1.3549401760101318,1.354958415031433,0
1786710600000,1.3548849821090698,1.3550318479537964,1.3548115491867065,1.3550318479537964,0
1786710900000,1.3550318479537964,1.3552889823913574,1.3550318479537964,1.3552889823913574,0
1786711200000,1.3551421165466309,1.3551421165466309,1.3547565937042236,1.3547565937042236,0
1786711500000,1.3547382354736328,1.3547382354736328,1.3544996976852417,1.3544996976852417,0
1786711800000,1.3544079065322876,1.3544079065322876,1.3541145324707031,1.3541145324707031,0
1786712100000,1.3541511297225952,1.3541511297225952,1.3538762331008911,1.353931188583374,0
1786712400000,1.3539679050445557,1.3539679050445557,1.353692889213562,1.3537662029266357,0
1786712700000,1.3537112474441528,1.3537112474441528,1.3534363508224487,1.3534363508224487,0
1786713000000,1.3532898426055908,1.353363037109375,1.353234887123108,1.3532531261444092,0
1786713300000,1.3532898426055908,1.3533447980880737,1.3529237508773804,1.3529237508773804,0
1786713600000,1.3527954816818237,1.3529969453811646,1.3527954816818237,1.3529969453811646,0
1786713900000,1.3529237508773804,1.353051781654358,1.3529053926467896,1.353051781654358,0
1786714200000,1.353033423423767,1.353143334388733,1.3529785871505737,1.3531250953674316,0
1786714500000,1.3532166481018066,1.353271484375,1.3531616926193237,1.3531982898712158,0
1786714800000,1.353271484375,1.353271484375,1.353033423423767,1.3530701398849487,0
1786715100000,1.353033423423767,1.3530884981155396,1.3529419898986816,1.353033423423767,0
1786715400000,1.353051781654358,1.3531982898712158,1.353033423423767,1.3531982898712158,0
1786715700000,1.3531616926193237,1.353234887123108,1.3531616926193237,1.353234887123108,0
1786716000000,1.353234887123108,1.353234887123108,1.3531067371368408,1.3531067371368408,0
1786716300000,1.353234887123108,1.353363037109375,1.353234887123108,1.3532898426055908,0
1786716600000,1.3532166481018066,1.353234887123108,1.353051781654358,1.353051781654358,0
1786716900000,1.353143334388733,1.3533447980880737,1.353143334388733,1.3533447980880737,0
1786717200000,1.3533265590667725,1.3534547090530396,1.3533265590667725,1.3533265590667725,0
1786717500000,1.3534363508224487,1.3535096645355225,1.353417992591858,1.3535096645355225,0
1786717800000,1.3535462617874146,1.3535462617874146,1.3533447980880737,1.3534363508224487,0
1786718100000,1.353417992591858,1.3535096645355225,1.353417992591858,1.3535096645355225,0
1786718400000,1.3534363508224487,1.3535280227661133,1.353417992591858,1.3534730672836304,0
1786718700000,1.3534730672836304,1.3534730672836304,1.353363037109375,1.3534363508224487,0
1786719000000,1.3534363508224487,1.3535646200180054,1.3534363508224487,1.3535646200180054,0
1786719300000,1.3535828590393066,1.3536195755004883,1.3533265590667725,1.3533265590667725,0
1786719600000,1.353363037109375,1.3535280227661133,1.3533265590667725,1.3533265590667725,0
1786719900000,1.3533265590667725,1.3534547090530396,1.3533265590667725,1.3534363508224487,0
1786720200000,1.3535646200180054,1.3535828590393066,1.3534914255142212,1.3535828590393066,0
1786720500000,1.3535646200180054,1.3536195755004883,1.3535280227661133,1.3536195755004883,0
1786720800000,1.3535828590393066,1.3536745309829712,1.3535280227661133,1.3535280227661133,0
1786721100000,1.3535646200180054,1.3537662029266357,1.3535646200180054,1.3537296056747437,0
1786721400000,1.3536561727523804,1.3536561727523804,1.3536012172698975,1.3536195755004883,0
1786721700000,1.3536195755004883,1.3536195755004883,1.353417992591858,1.3535646200180054,0
1786722000000,1.3535828590393066,1.3535828590393066,1.3535280227661133,1.3535462617874146,0
1786722300000,1.3534914255142212,1.3536195755004883,1.3534914255142212,1.3536195755004883,0
1786722600000,1.3535828590393066,1.3536012172698975,1.3534914255142212,1.3534914255142212,0
1786722900000,1.3534730672836304,1.3535280227661133,1.353363037109375,1.353363037109375,0
1786723200000,1.353417992591858,1.3535646200180054,1.353417992591858,1.3535646200180054,0
1786723500000,1.3535096645355225,1.3536012172698975,1.3534547090530396,1.3536012172698975,0
1786723800000,1.353637933731079,1.353637933731079,1.3534914255142212,1.3535096645355225,0
1786724100000,1.3535280227661133,1.3535828590393066,1.3534363508224487,1.3535646200180054,0
1786724400000,1.3536195755004883,1.353637933731079,1.3536012172698975,1.353637933731079,0
1786724700000,1.3536195755004883,1.3536745309829712,1.3536195755004883,1.3536745309829712,0
1786725000000,1.3536561727523804,1.3536561727523804,1.3535646200180054,1.3535646200180054,0
1786725300000,1.3534914255142212,1.3535096645355225,1.3534363508224487,1.3534363508224487,0
1786725600000,1.3533997535705566,1.3534914255142212,1.3533813953399658,1.3533813953399658,0
1786725900000,1.3535462617874146,1.3535462617874146,1.353417992591858,1.353417992591858,0
1786726200000,1.3534547090530396,1.3534547090530396,1.353417992591858,1.3534363508224487,0
1786726500000,1.3534547090530396,1.3535462617874146,1.3533447980880737,1.3535462617874146,0
1786726800000,1.3535828590393066,1.3535828590393066,1.3535828590393066,1.3535828590393066,0
1786727100000,1.3535828590393066,1.3535828590393066,1.3535828590393066,1.3535828590393066,0
1786727400000,1.3535828590393066,1.3535828590393066,1.3535828590393066,1.3535828590393066,0
1786727700000,1.3535828590393066,1.3535828590393066,1.3535828590393066,1.3535828590393066,0
1786728000000,1.3535828590393066,1.3535828590393066,1.3535828590393066,1.3535828590393066,0
1786728300000,1.3535828590393066,1.3535828590393066,1.3535828590393066,1.3535828590393066,0
1786906800000,1.3543529510498047,1.3544812202453613,1.3543529510498047,1.3544628620147705,0
1786907100000,1.3544628620147705,1.3545180559158325,1.3544628620147705,1.3545180559158325,0
1786907400000,1.3544996976852417,1.3545364141464233,1.3544628620147705,1.3544628620147705,0
1786907700000,1.3544812202453613,1.3544812202453613,1.3543345928192139,1.3543345928192139,0
1786908000000,1.3543529510498047,1.3544628620147705,1.3543529510498047,1.3544628620147705,0
1786908300000,1.3544262647628784,1.3544812202453613,1.3544262647628784,1.3544446229934692,0
1786908600000,1.3544812202453613,1.3544812202453613,1.3543529510498047,1.3543713092803955,0
1786908900000,1.3543529510498047,1.3544996976852417,1.3543529510498047,1.3544996976852417,0
1786909200000,1.3544812202453613,1.3545546531677246,1.3544812202453613,1.3545364141464233,0
1786909500000,1.3545730113983154,1.3547749519348145,1.3545730113983154,1.3547749519348145,0
1786909800000,1.3546464443206787,1.3546648025512695,1.3545364141464233,1.3545364141464233,0
1786910100000,1.3545913696289062,1.3547013998031616,1.3545730113983154,1.3546831607818604,0
1786910400000,1.3548849821090698,1.355233907699585,1.3548849821090698,1.355233907699585,0
1786910700000,1.3550870418548584,1.3552155494689941,1.3550870418548584,1.3551052808761597,0
1786911000000,1.355233907699585,1.3552522659301758,1.3551421165466309,1.3552522659301758,0
1786911300000,1.3551421165466309,1.3553258180618286,1.3551421165466309,1.3552706241607666,0
1786911600000,1.3551971912384033,1.355380892753601,1.3551604747772217,1.355380892753601,0
1786911900000,1.3553624153137207,1.355399250984192,1.3553258180618286,1.3553440570831299,0
1786912200000,1.3554543256759644,1.3556196689605713,1.3554543256759644,1.3555645942687988,0
1786912500000,1.3555830717086792,1.3555830717086792,1.355380892753601,1.3554176092147827,0
1786912800000,1.3554176092147827,1.3554359674453735,1.3553440570831299,1.355380892753601,0
1786913100000,1.3554176092147827,1.3554359674453735,1.3553440570831299,1.3553440570831299,0
1786913400000,1.3553073406219482,1.3554176092147827,1.3552889823913574,1.3553440570831299,0
1786913700000,1.3554543256759644,1.3556381464004517,1.3553624153137207,1.3556381464004517,0
1786914000000,1.3555645942687988,1.3555645942687988,1.3553258180618286,1.3554726839065552,0
1786914300000,1.3554543256759644,1.3554543256759644,1.3553258180618286,1.3553258180618286,0
1786914600000,1.3552889823913574,1.355380892753601,1.3552706241607666,1.3553624153137207,0
1786914900000,1.3553624153137207,1.3553624153137207,1.3552889823913574,1.3552889823913574,0
1786915200000,1.3553258180618286,1.3556565046310425,1.3553258180618286,1.3554726839065552,0
1786915500000,1.3556013107299805,1.3556013107299805,1.3554543256759644,1.3554543256759644,0
1786915800000,1.3553624153137207,1.3553624153137207,1.3551421165466309,1.3551421165466309,0
1786916100000,1.3551421165466309,1.3551604747772217,1.3551421165466309,1.3551604747772217,0
1786916400000,1.3551788330078125,1.3554543256759644,1.3551604747772217,1.3554543256759644,0
1786916700000,1.3554359674453735,1.3555645942687988,1.3554359674453735,1.3555645942687988,0
1786917000000,1.3555278778076172,1.3556565046310425,1.3554543256759644,1.3555830717086792,0
1786917300000,1.3555278778076172,1.3555830717086792,1.3554911613464355,1.3555830717086792,0
1786917600000,1.355546236038208,1.3556013107299805,1.3555278778076172,1.3555830717086792,0
1786917900000,1.3556196689605713,1.3556196689605713,1.3554359674453735,1.3554359674453735,0
1786918200000,1.355380892753601,1.3554176092147827,1.3552889823913574,1.3554176092147827,0
1786918500000,1.3553440570831299,1.3555645942687988,1.3553440570831299,1.3555645942687988,0
1786918800000,1.3554543256759644,1.3554543256759644,1.3554359674453735,1.3554543256759644,0
1786919100000,1.3554543256759644,1.3555830717086792,1.3554543256759644,1.3555830717086792,0
1786919400000,1.3555278778076172,1.3555278778076172,1.3550686836242676,1.3550686836242676,0
1786919700000,1.3550502061843872,1.3552889823913574,1.3550502061843872,1.3552155494689941,0
1786920000000,1.3552706241607666,1.3553440570831299,1.3551236391067505,1.3551236391067505,0
1786920300000,1.3551421165466309,1.3552522659301758,1.3551421165466309,1.355233907699585,0
1786920600000,1.3551236391067505,1.3551971912384033,1.3551236391067505,1.3551421165466309,0
1786920900000,1.3550686836242676,1.3550870418548584,1.3550502061843872,1.3550502061843872,0
1786921200000,1.3550318479537964,1.3550502061843872,1.354866623878479,1.354866623878479,0
1786921500000,1.3549952507019043,1.3549952507019043,1.354921817779541,1.354921817779541,0
1786921800000,1.354921817779541,1.354958415031433,1.3548849821090698,1.354958415031433,0
1786922100000,1.3550136089324951,1.3551236391067505,1.3550136089324951,1.3550870418548584,0
1786922400000,1.3550502061843872,1.3550502061843872,1.3550136089324951,1.3550136089324951,0
1786922700000,1.3549401760101318,1.3550136089324951,1.3549401760101318,1.354976773262024,0
1786923000000,1.354976773262024,1.3550502061843872,1.354921817779541,1.354921817779541,0
1786923300000,1.3548115491867065,1.3548115491867065,1.354719877243042,1.3547931909561157,0
1786923600000,1.354830026626587,1.354866623878479,1.354830026626587,1.354866623878479,0
1786923900000,1.3549401760101318,1.3549401760101318,1.354830026626587,1.354921817779541,0
1786924200000,1.3548115491867065,1.3550318479537964,1.3548115491867065,1.3550318479537964,0
1786924500000,1.3550318479537964,1.355233907699585,1.3550318479537964,1.355233907699585,0
1786924800000,1.3551421165466309,1.3552522659301758,1.3551421165466309,1.3552522659301758,0
1786925100000,1.3553440570831299,1.355546236038208,1.3553440570831299,1.355546236038208,0
1786925400000,1.3556196689605713,1.3556565046310425,1.355546236038208,1.3556196689605713,0
1786925700000,1.3556013107299805,1.3556013107299805,1.3555094003677368,1.3555094003677368,0
1786926000000,1.3554543256759644,1.355546236038208,1.3554359674453735,1.355546236038208,0
1786926300000,1.3555830717086792,1.3556013107299805,1.3555094003677368,1.3555094003677368,0
1786926600000,1.3555278778076172,1.3555278778076172,1.3554359674453735,1.3554543256759644,0
1786926900000,1.3554911613464355,1.355546236038208,1.3554911613464355,1.3555278778076172,0
1786927200000,1.355546236038208,1.3555645942687988,1.3554911613464355,1.355546236038208,0
1786927500000,1.3554726839065552,1.3555278778076172,1.3554359674453735,1.3554359674453735,0
1786927800000,1.3554359674453735,1.3554359674453735,1.3552889823913574,1.3552889823913574,0
1786928100000,1.3552706241607666,1.3552706241607666,1.3551604747772217,1.3551604747772217,0
1786928400000,1.355233907699585,1.3552706241607666,1.355233907699585,1.355233907699585,0
1786928700000,1.3552522659301758,1.3552522659301758,1.3552155494689941,1.355233907699585,0
1786929000000,1.355233907699585,1.355233907699585,1.3550318479537964,1.3550870418548584,0
1786929300000,1.3550502061843872,1.3552155494689941,1.3550502061843872,1.3552155494689941,0
1786929600000,1.3553073406219482,1.3554543256759644,1.3553073406219482,1.3554543256759644,0
1786929900000,1.355399250984192,1.3555278778076172,1.355399250984192,1.3554911613464355,0
1786930200000,1.3555278778076172,1.3555278778076172,1.355380892753601,1.3554359674453735,0
1786930500000,1.355399250984192,1.3555094003677368,1.355380892753601,1.3555094003677368,0
1786930800000,1.3554359674453735,1.3554543256759644,1.355399250984192,1.355399250984192,0
1786931100000,1.3554176092147827,1.3557851314544678,1.355399250984192,1.3557851314544678,0
1786931400000,1.3558770418167114,1.3558770418167114,1.355546236038208,1.355546236038208,0
1786931700000,1.3556196689605713,1.3556196689605713,1.3553440570831299,1.3554176092147827,0
1786932000000,1.355546236038208,1.3556748628616333,1.3555278778076172,1.355546236038208,0
1786932300000,1.3554726839065552,1.3555645942687988,1.3552706241607666,1.3552706241607666,0
1786932600000,1.3552522659301758,1.3552522659301758,1.3551236391067505,1.3552522659301758,0
1786932900000,1.3552889823913574,1.3553440570831299,1.3551421165466309,1.3553258180618286,0
1786933200000,1.3553440570831299,1.3553624153137207,1.355233907699585,1.355233907699585,0
1786933500000,1.3552706241607666,1.3556381464004517,1.3552706241607666,1.3556381464004517,0
1786933800000,1.3555278778076172,1.3555278778076172,1.3553073406219482,1.3553073406219482,0
1786934100000,1.3551971912384033,1.3554359674453735,1.3551971912384033,1.3554359674453735,0
1786934400000,1.3553258180618286,1.355380892753601,1.3552155494689941,1.355380892753601,0
1786934700000,1.3556381464004517,1.3557300567626953,1.3556381464004517,1.3556932210922241,0
1786935000000,1.355766773223877,1.3559874296188354,1.355766773223877,1.3559505939483643,0
1786935300000,1.355913758277893,1.355968952178955,1.355821967124939,1.3558770418167114,0
1786935600000,1.3557851314544678,1.3558770418167114,1.3556196689605713,1.355766773223877,0
1786935900000,1.3558034896850586,1.355968952178955,1.3558034896850586,1.355821967124939,0
1786936200000,1.355968952178955,1.355968952178955,1.3557482957839966,1.3558770418167114,0
1786936500000,1.3558770418167114,1.3563551902770996,1.3558770418167114,1.3562631607055664,0
1786936800000,1.3561712503433228,1.3564656972885132,1.3561712503433228,1.3563368320465088,0
1786937100000,1.3562816381454468,1.356594443321228,1.3562816381454468,1.356594443321228,0
1786937400000,1.3566128015518188,1.3568705320358276,1.3566128015518188,1.35664963722229,0
1786937700000,1.3566312789916992,1.356704831123352,1.3565576076507568,1.356704831123352,0
1786938000000,1.356704831123352,1.3571467399597168,1.356704831123352,1.356815218925476,0
1786938300000,1.356594443321228,1.356594443321228,1.3562816381454468,1.3562816381454468,0
1786938600000,1.3564656972885132,1.3564656972885132,1.3562264442443848,1.3562264442443848,0
1786938900000,1.35637366771698,1.3564103841781616,1.3562999963760376,1.3562999963760376,0
1786939200000,1.3562448024749756,1.3563183546066284,1.35609769821167,1.3563183546066284,0
1786939500000,1.3565207719802856,1.3565207719802856,1.3562816381454468,1.3563368320465088,0
1786939800000,1.3563368320465088,1.3565207719802856,1.3563368320465088,1.3564839363098145,0
1786940100000,1.35664963722229,1.35664963722229,1.3566128015518188,1.3566128015518188,0
1786940400000,1.356594443321228,1.3567785024642944,1.3565207719802856,1.3567785024642944,0
1786940700000,1.3568336963653564,1.3571099042892456,1.356760025024414,1.3571099042892456,0
1786941000000,1.3571099042892456,1.3571099042892456,1.3567968606948853,1.3567968606948853,0
1786941300000,1.3567785024642944,1.3567785024642944,1.3566312789916992,1.3566312789916992,0
1786941600000,1.3565207719802856,1.3565207719802856,1.3560609817504883,1.3560609817504883,0
1786941900000,1.3561160564422607,1.3561160564422607,1.3558402061462402,1.3558402061462402,0
1786942200000,1.355766773223877,1.355766773223877,1.3550870418548584,1.3550870418548584,0
1786942500000,1.3550318479537964,1.3554359674453735,1.3550318479537964,1.3554359674453735,0
1786942800000,1.3554176092147827,1.3555278778076172,1.3552522659301758,1.3555278778076172,0
1786943100000,1.3556013107299805,1.355766773223877,1.3556013107299805,1.3557482957839966,0
1786943400000,1.3556381464004517,1.3556748628616333,1.3555645942687988,1.3556196689605713,0
1786943700000,1.3556013107299805,1.3557851314544678,1.3556013107299805,1.3556932210922241,0
1786944000000,1.3556932210922241,1.3556932210922241,1.3555278778076172,1.3556932210922241,0
1786944300000,1.355766773223877,1.3558402061462402,1.3557482957839966,1.3558402061462402,0
1786944600000,1.3558586835861206,1.355913758277893,1.3558586835861206,1.355913758277893,0
1786944900000,1.3558402061462402,1.3559505939483643,1.355821967124939,1.3559505939483643,0
1786945200000,1.3560792207717896,1.356208086013794,1.3560792207717896,1.356208086013794,0
1786945500000,1.356208086013794,1.356208086013794,1.355968952178955,1.355968952178955,0
1786945800000,1.3560056686401367,1.3561345338821411,1.355913758277893,1.356042504310608,0
1786946100000,1.355968952178955,1.356042504310608,1.355913758277893,1.355913758277893,0
1786946400000,1.355766773223877,1.355913758277893,1.355766773223877,1.3558586835861206,0
1786946700000,1.3557851314544678,1.3557851314544678,1.3556013107299805,1.3556013107299805,0
1786947000000,1.3556381464004517,1.3560609817504883,1.3556381464004517,1.356024146080017,0
1786947300000,1.356042504310608,1.356042504310608,1.3559505939483643,1.3560056686401367,0
1786947600000,1.355968952178955,1.355968952178955,1.3558770418167114,1.355968952178955,0
1786947900000,1.3558955192565918,1.35637366771698,1.3558586835861206,1.35637366771698,0
1786948200000,1.3562631607055664,1.3563368320465088,1.356024146080017,1.356024146080017,0
1786948500000,1.35609769821167,1.35609769821167,1.355913758277893,1.355913758277893,0
1786948800000,1.355968952178955,1.356024146080017,1.355968952178955,1.356024146080017,0
1786949100000,1.3559874296188354,1.3559874296188354,1.3558586835861206,1.3558586835861206,0
1786949400000,1.3558402061462402,1.3558402061462402,1.3556565046310425,1.3556932210922241,0
1786949700000,1.3557482957839966,1.3557482957839966,1.3555830717086792,1.3556748628616333,0
1786950000000,1.355711579322815,1.3557482957839966,1.355711579322815,1.3557300567626953,0
1786950300000,1.3557851314544678,1.3560792207717896,1.3557851314544678,1.3560792207717896,0
1786950600000,1.3559505939483643,1.3559505939483643,1.3556381464004517,1.3556381464004517,0
1786950900000,1.3556381464004517,1.3556381464004517,1.3553258180618286,1.3553624153137207,0
1786951200000,1.3553073406219482,1.3558034896850586,1.3553073406219482,1.3558034896850586,0
1786951500000,1.3557851314544678,1.3559322357177734,1.3557851314544678,1.3559322357177734,0
1786951800000,1.3558402061462402,1.3558770418167114,1.3558034896850586,1.3558402061462402,0
1786952100000,1.355766773223877,1.355766773223877,1.3555645942687988,1.3556196689605713,0
1786952400000,1.3556196689605713,1.3556565046310425,1.3554726839065552,1.3554726839065552,0
1786952700000,1.3553624153137207,1.355399250984192,1.3553073406219482,1.3553073406219482,0
1786953000000,1.355399250984192,1.3556748628616333,1.3553440570831299,1.3556748628616333,0
1786953300000,1.3556748628616333,1.355711579322815,1.3555645942687988,1.3556932210922241,0
1786953600000,1.3556748628616333,1.3559874296188354,1.3556748628616333,1.3559505939483643,0
1786953900000,1.3559505939483643,1.3561527729034424,1.3559505939483643,1.3559505939483643,0
1786954200000,1.3561712503433228,1.356208086013794,1.356024146080017,1.356024146080017,0
1786954500000,1.355968952178955,1.355968952178955,1.3557851314544678,1.3558586835861206,0
1786954800000,1.35609769821167,1.356208086013794,1.356042504310608,1.3560792207717896,0
1786955100000,1.3561160564422607,1.3561160564422607,1.3555645942687988,1.3556013107299805,0
1786955400000,1.3556196689605713,1.3557482957839966,1.3554359674453735,1.3556748628616333,0
1786955700000,1.3556196689605713,1.3556196689605713,1.3553258180618286,1.3553258180618286,0
1786956000000,1.3556748628616333,1.3558770418167114,1.3556565046310425,1.3558402061462402,0
1786956300000,1.355711579322815,1.3558955192565918,1.3555094003677368,1.3555094003677368,0
1786956600000,1.3556196689605713,1.3557482957839966,1.3555645942687988,1.3556565046310425,0
1786956900000,1.3556013107299805,1.3561345338821411,1.3556013107299805,1.3561345338821411,0
1786957200000,1.3562264442443848,1.3562816381454468,1.3561160564422607,1.3561527729034424,0
1786957500000,1.3562448024749756,1.3564472198486328,1.3561527729034424,1.3564472198486328,0
1786957800000,1.3565576076507568,1.3565576076507568,1.3561896085739136,1.3561896085739136,0
1786958100000,1.3562264442443848,1.356539249420166,1.3562264442443848,1.356539249420166,0
1786958400000,1.3565207719802856,1.356594443321228,1.3563551902770996,1.3563551902770996,0
1786958700000,1.3564839363098145,1.3564839363098145,1.3561160564422607,1.3562264442443848,0
1786959000000,1.3563183546066284,1.3564472198486328,1.3563183546066284,1.3564103841781616,0
1786959300000,1.3562264442443848,1.3562264442443848,1.3560056686401367,1.35609769821167,0
1786959600000,1.3560056686401367,1.3560056686401367,1.3556381464004517,1.3556381464004517,0
1786959900000,1.3555278778076172,1.3555645942687988,1.355233907699585,1.3555645942687988,0
1786960200000,1.3557482957839966,1.3558586835861206,1.3556196689605713,1.3556196689605713,0
1786960500000,1.355766773223877,1.356042504310608,1.3556381464004517,1.356042504310608,0
1786960800000,1.3560609817504883,1.356594443321228,1.3560609817504883,1.356594443321228,0
1786961100000,1.3563368320465088,1.3564472198486328,1.3562631607055664,1.3564472198486328,0
1786961400000,1.356539249420166,1.3565576076507568,1.3563920259475708,1.3565576076507568,0
1786961700000,1.3566312789916992,1.3569073677062988,1.3566312789916992,1.3568336963653564,0
1786962000000,1.3568705320358276,1.3568705320358276,1.3566128015518188,1.3567231893539429,0
1786962300000,1.35664963722229,1.35664963722229,1.355968952178955,1.3561345338821411,0
1786962600000,1.3561160564422607,1.3561160564422607,1.3559505939483643,1.3559505939483643,0
1786962900000,1.355913758277893,1.355968952178955,1.3556381464004517,1.3556748628616333,0
1786963200000,1.3558402061462402,1.3558402061462402,1.3556013107299805,1.3556013107299805,0
1786963500000,1.3556013107299805,1.3556565046310425,1.3555278778076172,1.355546236038208,0
1786963800000,1.3555645942687988,1.3555645942687988,1.355233907699585,1.355233907699585,0
1786964100000,1.3555830717086792,1.3555830717086792,1.3552155494689941,1.3552706241607666,0
1786964400000,1.3553440570831299,1.3553440570831299,1.3551236391067505,1.3552706241607666,0
1786964700000,1.3551236391067505,1.355399250984192,1.3551236391067505,1.355399250984192,0
1786965000000,1.355380892753601,1.3554543256759644,1.3553440570831299,1.3553624153137207,0
1786965300000,1.3554911613464355,1.3554911613464355,1.3552522659301758,1.355399250984192,0
1786965600000,1.3553440570831299,1.3554359674453735,1.3553440570831299,1.3554359674453735,0
1786965900000,1.3555094003677368,1.3556932210922241,1.3554726839065552,1.3556748628616333,0
1786966200000,1.355821967124939,1.355821967124939,1.3555278778076172,1.3555645942687988,0
1786966500000,1.3557300567626953,1.3557482957839966,1.3556381464004517,1.3556565046310425,0
1786966800000,1.3555830717086792,1.3555830717086792,1.3552155494689941,1.3552155494689941,0
1786967100000,1.3552522659301758,1.3557300567626953,1.3552522659301758,1.3557300567626953,0
1786967400000,1.3557851314544678,1.3561160564422607,1.3557851314544678,1.3561160564422607,0
1786967700000,1.3561527729034424,1.3562448024749756,1.3561160564422607,1.3562448024749756,0
1786968000000,1.3562448024749756,1.3562448024749756,1.3558586835861206,1.3558586835861206,0
1786968300000,1.3558402061462402,1.356042504310608,1.3558402061462402,1.3558402061462402,0
1786968600000,1.3558402061462402,1.3560056686401367,1.3558402061462402,1.3559322357177734,0
1786968900000,1.3559874296188354,1.3562999963760376,1.3559874296188354,1.3562999963760376,0
1786969200000,1.3562448024749756,1.3563368320465088,1.3562448024749756,1.3562816381454468,0
1786969500000,1.3563183546066284,1.3563183546066284,1.3561527729034424,1.3561527729034424,0
1786969800000,1.3561527729034424,1.3562816381454468,1.3561527729034424,1.3562631607055664,0
1786970100000,1.3562631607055664,1.3564472198486328,1.3562264442443848,1.3564472198486328,0
1786970400000,1.3564287424087524,1.3564287424087524,1.3562631607055664,1.3562631607055664,0
1786970700000,1.3561345338821411,1.3561896085739136,1.3561345338821411,1.3561896085739136,0
1786971000000,1.3562264442443848,1.3562264442443848,1.3559505939483643,1.356042504310608,0
1786971300000,1.35609769821167,1.35609769821167,1.3558955192565918,1.3559322357177734,0
1786971600000,1.355968952178955,1.356024146080017,1.355968952178955,1.3559874296188354,0
1786971900000,1.355913758277893,1.3559322357177734,1.3558402061462402,1.3559322357177734,0
1786972200000,1.3558955192565918,1.3558955192565918,1.355821967124939,1.355821967124939,0
1786972500000,1.355766773223877,1.355766773223877,1.3556013107299805,1.3556013107299805,0
1786972800000,1.3556013107299805,1.3556013107299805,1.3553440570831299,1.3553624153137207,0
1786973100000,1.3553073406219482,1.3555094003677368,1.3553073406219482,1.3555094003677368,0
1786973400000,1.355546236038208,1.355546236038208,1.355233907699585,1.355233907699585,0
1786973700000,1.3551236391067505,1.3551236391067505,1.3545730113983154,1.3545730113983154,0
1786974000000,1.3545546531677246,1.354830026626587,1.3545546531677246,1.354830026626587,0
1786974300000,1.3548115491867065,1.3548115491867065,1.354719877243042,1.3547931909561157,0
1786974600000,1.3547382354736328,1.3547565937042236,1.3546648025512695,1.3547565937042236,0
1786974900000,1.354719877243042,1.354719877243042,1.3545180559158325,1.3545180559158325,0
1786975200000,1.3544628620147705,1.3544628620147705,1.3544262647628784,1.3544262647628784,0
1786975500000,1.3543713092803955,1.3545364141464233,1.3543713092803955,1.3544628620147705,0
1786975800000,1.354316234588623,1.3544812202453613,1.3542795181274414,1.3544812202453613,0
1786976100000,1.3544628620147705,1.3545364141464233,1.3544628620147705,1.3545180559158325,0
1786976400000,1.3543345928192139,1.3543345928192139,1.354169487953186,1.354169487953186,0
1786976700000,1.3540228605270386,1.3540412187576294,1.3539128303527832,1.3540412187576294,0
1786977000000,1.353931188583374,1.3539495468139648,1.3538395166397095,1.3538395166397095,0
1786977300000,1.3538578748703003,1.3539128303527832,1.3537845611572266,1.3539128303527832,0
1786977600000,1.3538395166397095,1.3538395166397095,1.3538029193878174,1.3538211584091187,0
1786977900000,1.3538029193878174,1.3538029193878174,1.3537296056747437,1.353747844696045,0
1786978200000,1.3537662029266357,1.3538944721221924,1.3537662029266357,1.3538211584091187,0
1786978500000,1.3538029193878174,1.3538211584091187,1.353747844696045,1.3538211584091187,0
1786978800000,1.3538211584091187,1.3538578748703003,1.3538029193878174,1.3538395166397095,0
1786979100000,1.3538211584091187,1.3538944721221924,1.3537296056747437,1.3538762331008911,0
1786979400000,1.3538395166397095,1.3541511297225952,1.3538395166397095,1.3541511297225952,0
1786979700000,1.354132890701294,1.3542428016662598,1.354132890701294,1.3542062044143677,0
1786980000000,1.3542611598968506,1.3543345928192139,1.3542428016662598,1.3542428016662598,0
1786980300000,1.3542428016662598,1.3543345928192139,1.3542428016662598,1.354316234588623,0
1786980600000,1.3542977571487427,1.354316234588623,1.354224443435669,1.354224443435669,0
1786980900000,1.3542428016662598,1.3544079065322876,1.3542428016662598,1.3543895483016968,0
1786981200000,1.3543895483016968,1.3545180559158325,1.3543895483016968,1.3545180559158325,0
1786981500000,1.3544628620147705,1.3544628620147705,1.3543713092803955,1.3544446229934692,0
1786981800000,1.3544628620147705,1.3544628620147705,1.3542611598968506,1.3542611598968506,0
1786982100000,1.3542062044143677,1.3543895483016968,1.3542062044143677,1.3543895483016968,0
1786982400000,1.3545180559158325,1.3545180559158325,1.3544446229934692,1.3544446229934692,0
1786982700000,1.3543895483016968,1.3543895483016968,1.3542062044143677,1.3542062044143677,0
1786983000000,1.3542428016662598,1.3542428016662598,1.3541878461837769,1.3541878461837769,0
1786983300000,1.3542428016662598,1.3544446229934692,1.3542428016662598,1.3544446229934692,0
1786983600000,1.3544262647628784,1.3545180559158325,1.3544262647628784,1.3544446229934692,0
1786983900000,1.3544628620147705,1.3544812202453613,1.3544446229934692,1.3544628620147705,0
1786984200000,1.3544262647628784,1.3544262647628784,1.3543529510498047,1.3543895483016968,0
1786984500000,1.3544262647628784,1.3544628620147705,1.3543895483016968,1.3543895483016968,0
1786984800000,1.3543713092803955,1.3544079065322876,1.3543713092803955,1.3544079065322876,0
1786985100000,1.3543345928192139,1.3544079065322876,1.3543345928192139,1.3543345928192139,0
1786985400000,1.3543529510498047,1.3543713092803955,1.3542977571487427,1.3543713092803955,0
1786985700000,1.354316234588623,1.3543895483016968,1.3540961742401123,1.3543895483016968,0
1786986000000,1.3549401760101318,1.3552522659301758,1.3547931909561157,1.3547931909561157,0
1786986300000,1.354609727859497,1.354628086090088,1.3541878461837769,1.3541878461837769,0
1786986600000,1.354316234588623,1.354719877243042,1.354316234588623,1.354719877243042,0
1786986900000,1.3545730113983154,1.354921817779541,1.3545730113983154,1.3547013998031616,0
1786987200000,1.3547565937042236,1.3548849821090698,1.3545180559158325,1.3545180559158325,0
1786987500000,1.3546464443206787,1.3546464443206787,1.3543529510498047,1.3544812202453613,0
1786987800000,1.3546464443206787,1.3546464443206787,1.3543895483016968,1.3544628620147705,0
1786988100000,1.3545913696289062,1.3545913696289062,1.3544446229934692,1.3544446229934692,0
1786988400000,1.354628086090088,1.354628086090088,1.3545364141464233,1.3545730113983154,0
1786988700000,1.3546464443206787,1.3546831607818604,1.3544812202453613,1.3544812202453613,0
1786989000000,1.3544262647628784,1.3544262647628784,1.3543345928192139,1.3543529510498047,0
1786989300000,1.3543713092803955,1.3543713092803955,1.3541878461837769,1.3541878461837769,0
1786989600000,1.3544996976852417,1.3545546531677246,1.3544446229934692,1.3544628620147705,0
1786989900000,1.3544262647628784,1.3544446229934692,1.3543713092803955,1.3543895483016968,0
1786990200000,1.3543895483016968,1.3544446229934692,1.3543895483016968,1.3544262647628784,0
1786990500000,1.3545364141464233,1.3545364141464233,1.354316234588623,1.354316234588623,0
1786990800000,1.3544812202453613,1.3544812202453613,1.3544262647628784,1.3544628620147705,0
1786991100000,1.3545364141464233,1.3545546531677246,1.3544262647628784,1.3545546531677246,0
1786991400000,1.3545180559158325,1.3545180559158325,1.3543895483016968,1.3544262647628784,0
1786991700000,1.3544812202453613,1.3544812202453613,1.354316234588623,1.3543345928192139,0
1786992000000,1.3544996976852417,1.3544996976852417,1.3543345928192139,1.3544079065322876,0
1786992300000,1.3544446229934692,1.3544996976852417,1.3544446229934692,1.3544996976852417,0
1786992600000,1.3544628620147705,1.3544996976852417,1.3543895483016968,1.3544996976852417,0
1786992900000,1.3544262647628784,1.3544262647628784,1.3544079065322876,1.3544079065322876,0
1786993200000,1.3544262647628784,1.3545180559158325,1.3544262647628784,1.3544446229934692,0
1786993500000,1.3544812202453613,1.354628086090088,1.3544812202453613,1.354628086090088,0
1786993800000,1.354628086090088,1.3546464443206787,1.3545730113983154,1.3546464443206787,0
1786994100000,1.3546831607818604,1.3546831607818604,1.3546464443206787,1.3546831607818604,0
1786994400000,1.354719877243042,1.354719877243042,1.354609727859497,1.3546831607818604,0
1786994700000,1.3546648025512695,1.3548115491867065,1.3546648025512695,1.3548115491867065,0
1786995000000,1.354830026626587,1.354830026626587,1.3547749519348145,1.354830026626587,0
1786995300000,1.354830026626587,1.3549401760101318,1.354830026626587,1.3549401760101318,0
1786995600000,1.354976773262024,1.3551788330078125,1.354976773262024,1.3551788330078125,0
1786995900000,1.3551604747772217,1.3552155494689941,1.3551421165466309,1.3552155494689941,0
1786996200000,1.3551604747772217,1.3551788330078125,1.3550502061843872,1.3550502061843872,0
1786996500000,1.3550136089324951,1.3551421165466309,1.354976773262024,1.3550686836242676,0
1786996800000,1.3551052808761597,1.3553258180618286,1.3551052808761597,1.3553258180618286,0
1786997100000,1.355399250984192,1.3554359674453735,1.3552155494689941,1.3552155494689941,0
1786997400000,1.355233907699585,1.355233907699585,1.3550870418548584,1.3551971912384033,0
1786997700000,1.3551604747772217,1.355233907699585,1.3551604747772217,1.355233907699585,0
1786998000000,1.3550870418548584,1.3551236391067505,1.3550136089324951,1.3550136089324951,0
1786998300000,1.354976773262024,1.354976773262024,1.3548483848571777,1.3548483848571777,0
1786998600000,1.3547382354736328,1.3547749519348145,1.3545730113983154,1.3547749519348145,0
1786998900000,1.3548115491867065,1.3550136089324951,1.3548115491867065,1.3550136089324951,0
1786999200000,1.354976773262024,1.354976773262024,1.354921817779541,1.354958415031433,0
1786999500000,1.3548483848571777,1.3548483848571777,1.3547565937042236,1.3548115491867065,0
1786999800000,1.354830026626587,1.354921817779541,1.3548115491867065,1.3548115491867065,0
1787000100000,1.3548849821090698,1.3550870418548584,1.3548849821090698,1.3550870418548584,0
1787000400000,1.3549952507019043,1.3550502061843872,1.354921817779541,1.354921817779541,0
1787000700000,1.3550502061843872,1.3551788330078125,1.3550502061843872,1.3551788330078125,0
1787001000000,1.3552155494689941,1.3553440570831299,1.3552155494689941,1.3553440570831299,0
1787001300000,1.3552155494689941,1.3552155494689941,1.354921817779541,1.354976773262024,0
1787001600000,1.3548849821090698,1.354958415031433,1.3547931909561157,1.354958415031433,0
1787001900000,1.354719877243042,1.3549033403396606,1.354719877243042,1.3549033403396606,0
1787002200000,1.3549033403396606,1.3550686836242676,1.3548115491867065,1.3550686836242676,0
1787002500000,1.3551236391067505,1.355233907699585,1.3551236391067505,1.3551421165466309,0
1787002800000,1.3551604747772217,1.3551604747772217,1.354921817779541,1.354921817779541,0
1787003100000,1.3548115491867065,1.3548115491867065,1.3546464443206787,1.3547749519348145,0
1787003400000,1.3547382354736328,1.354866623878479,1.3547382354736328,1.354866623878479,0
1787003700000,1.3548849821090698,1.3548849821090698,1.3546464443206787,1.3546648025512695,0
1787004000000,1.3546464443206787,1.3546464443206787,1.3545546531677246,1.354609727859497,0
1787004300000,1.3546831607818604,1.3546831607818604,1.354609727859497,1.354609727859497,0
1787004600000,1.3544628620147705,1.3545180559158325,1.3543895483016968,1.3544446229934692,0
1787004900000,1.3544079065322876,1.3544628620147705,1.3543529510498047,1.3544079065322876,0
1787005200000,1.3544079065322876,1.3544079065322876,1.3542611598968506,1.3542611598968506,0
1787005500000,1.3542611598968506,1.3542977571487427,1.354224443435669,1.3542795181274414,0
1787005800000,1.3540412187576294,1.3542611598968506,1.3540412187576294,1.3542611598968506,0
1787006100000,1.354224443435669,1.354224443435669,1.3541878461837769,1.3541878461837769,0
1787006400000,1.354169487953186,1.3542795181274414,1.354169487953186,1.3542611598968506,0
1787006700000,1.354224443435669,1.3544446229934692,1.354224443435669,1.3544446229934692,0
1787007000000,1.3545180559158325,1.3545730113983154,1.3544446229934692,1.3545730113983154,0
1787007300000,1.3545546531677246,1.3546648025512695,1.3545546531677246,1.3546648025512695,0
1787007600000,1.3545730113983154,1.3545730113983154,1.3543529510498047,1.3544628620147705,0
1787007900000,1.354316234588623,1.354316234588623,1.3542611598968506,1.3542795181274414,0
1787008200000,1.354316234588623,1.354316234588623,1.3542428016662598,1.3542428016662598,0
1787008500000,1.3541511297225952,1.3541511297225952,1.3539495468139648,1.3539495468139648,0
1787008800000,1.353931188583374,1.353931188583374,1.3538029193878174,1.3538578748703003,0
1787009100000,1.3538395166397095,1.3538762331008911,1.3537662029266357,1.3538578748703003,0
1787009400000,1.3538211584091187,1.3538578748703003,1.353747844696045,1.353747844696045,0
1787009700000,1.353747844696045,1.353747844696045,1.353637933731079,1.353637933731079,0
1787010000000,1.353637933731079,1.3536561727523804,1.3536195755004883,1.3536561727523804,0
1787010300000,1.3536561727523804,1.3536561727523804,1.3534730672836304,1.3534730672836304,0
1787010600000,1.3535462617874146,1.3535462617874146,1.3534730672836304,1.3535462617874146,0
1787010900000,1.3536012172698975,1.3536195755004883,1.3535646200180054,1.3535646200180054,0
1787011200000,1.3536561727523804,1.3536561727523804,1.3535462617874146,1.3535462617874146,0
1787011500000,1.3534914255142212,1.3535646200180054,1.3533447980880737,1.3533447980880737,0
1787011800000,1.353363037109375,1.353363037109375,1.3532166481018066,1.3532531261444092,0
1787012100000,1.353143334388733,1.3532531261444092,1.353143334388733,1.353179931640625,0
1787012400000,1.3531982898712158,1.3535462617874146,1.3531982898712158,1.3535462617874146,0
1787012700000,1.3538029193878174,1.3538029193878174,1.3535828590393066,1.353692889213562,0
1787013000000,1.3536561727523804,1.3536561727523804,1.3534547090530396,1.3534547090530396,0
1787013300000,1.3536745309829712,1.3536745309829712,1.3535280227661133,1.3535280227661133,0
1787013600000,1.3535280227661133,1.3537296056747437,1.3535280227661133,1.353692889213562,0
1787013900000,1.353637933731079,1.3538578748703003,1.3535828590393066,1.3538578748703003,0
1787014200000,1.3538395166397095,1.3538395166397095,1.3537845611572266,1.3537845611572266,0
1787014500000,1.3537112474441528,1.353747844696045,1.3535646200180054,1.3535646200180054,0
1787014800000,1.3535280227661133,1.3536012172698975,1.3534363508224487,1.3534363508224487,0
1787015100000,1.3535096645355225,1.3535096645355225,1.353417992591858,1.3534547090530396,0
1787015400000,1.3534363508224487,1.3534914255142212,1.3533997535705566,1.3533997535705566,0
1787015700000,1.3535280227661133,1.3536012172698975,1.3535280227661133,1.3536012172698975,0
1787016000000,1.3535828590393066,1.353637933731079,1.3535828590393066,1.3536012172698975,0
1787016300000,1.3536195755004883,1.3538578748703003,1.3536195755004883,1.3538211584091187,0
1787016600000,1.3538762331008911,1.3538762331008911,1.3537112474441528,1.3537296056747437,0
1787016900000,1.3536745309829712,1.3537845611572266,1.353637933731079,1.353637933731079,0
1787017200000,1.3536745309829712,1.3537662029266357,1.3536012172698975,1.3536745309829712,0
1787017500000,1.3537296056747437,1.353931188583374,1.3537296056747437,1.353931188583374,0
1787017800000,1.3539128303527832,1.3539128303527832,1.3538395166397095,1.3538395166397095,0
1787018100000,1.3538395166397095,1.3538762331008911,1.3536561727523804,1.3536561727523804,0
1787018400000,1.353692889213562,1.353692889213562,1.3524662256240845,1.3524662256240845,0
1787018700000,1.3524478673934937,1.352649211883545,1.3523198366165161,1.352649211883545,0
1787019000000,1.3529237508773804,1.3529969453811646,1.3528504371643066,1.3528504371643066,0
1787019300000,1.3528138399124146,1.352960228919983,1.352685809135437,1.352960228919983,0
1787019600000,1.352868676185608,1.3531250953674316,1.3528321981430054,1.3531250953674316,0
1787019900000,1.3531250953674316,1.3533265590667725,1.3530701398849487,1.3533265590667725,0
1787020200000,1.3531250953674316,1.3532531261444092,1.3529053926467896,1.3529053926467896,0
1787020500000,1.3528321981430054,1.352868676185608,1.3527222871780396,1.352868676185608,0
1787020800000,1.352868676185608,1.3529237508773804,1.3527772426605225,1.3528504371643066,0
1787021100000,1.3528321981430054,1.3528321981430054,1.3527040481567383,1.3527954816818237,0
1787021400000,1.352649211883545,1.352649211883545,1.3523015975952148,1.3523746728897095,0
1787021700000,1.3524662256240845,1.3527040481567383,1.3523746728897095,1.3527040481567383,0
1787022000000,1.3527954816818237,1.3528504371643066,1.352649211883545,1.3528504371643066,0
1787022300000,1.3528321981430054,1.3528321981430054,1.3524113893508911,1.3524662256240845,0
1787022600000,1.3524478673934937,1.3524478673934937,1.3521004915237427,1.3522651195526123,0
1787022900000,1.3522467613220215,1.3522651195526123,1.3520822525024414,1.3522651195526123,0
1787023200000,1.3525028228759766,1.3525028228759766,1.3523565530776978,1.3524844646453857,0
1787023500000,1.352594256401062,1.352685809135437,1.3525760173797607,1.3525760173797607,0
1787023800000,1.352685809135437,1.352685809135437,1.3524478673934937,1.3524478673934937,0
1787024100000,1.3527222871780396,1.3529785871505737,1.352630853652954,1.352960228919983,0
1787024400000,1.353033423423767,1.353033423423767,1.3528504371643066,1.3529419898986816,0
1787024700000,1.3530151844024658,1.353033423423767,1.3529419898986816,1.3529969453811646,0
1787025000000,1.3530151844024658,1.353051781654358,1.3527406454086304,1.3527406454086304,0
1787025300000,1.3528138399124146,1.353033423423767,1.3528138399124146,1.3529419898986816,0
1787025600000,1.3527590036392212,1.3527590036392212,1.352630853652954,1.3527406454086304,0
1787025900000,1.3526674509048462,1.3527406454086304,1.35255765914917,1.352594256401062,0
1787026200000,1.352594256401062,1.3527222871780396,1.3525760173797607,1.352594256401062,0
1787026500000,1.352539300918579,1.352630853652954,1.352539300918579,1.352594256401062,0
1787026800000,1.3524296283721924,1.3526674509048462,1.3524296283721924,1.3524844646453857,0
1787027100000,1.352685809135437,1.3528321981430054,1.352685809135437,1.3528321981430054,0
1787027400000,1.352868676185608,1.3529419898986816,1.3528504371643066,1.3528870344161987,0
1787027700000,1.3530151844024658,1.3530151844024658,1.3527772426605225,1.3528504371643066,0
1787028000000,1.3528504371643066,1.3530151844024658,1.3528504371643066,1.3529237508773804,0
1787028300000,1.3529969453811646,1.3531616926193237,1.3529969453811646,1.3531616926193237,0
1787028600000,1.353033423423767,1.353033423423767,1.3529419898986816,1.3529969453811646,0
1787028900000,1.3533265590667725,1.353417992591858,1.353271484375,1.3532898426055908,0
1787029200000,1.3531616926193237,1.3531616926193237,1.353051781654358,1.3531067371368408,0
1787029500000,1.353143334388733,1.3532166481018066,1.3529969453811646,1.3529969453811646,0
1787029800000,1.3529419898986816,1.352960228919983,1.3529237508773804,1.3529237508773804,0
1787030100000,1.3527590036392212,1.3529237508773804,1.3527590036392212,1.3528870344161987,0
1787030400000,1.3529237508773804,1.3531067371368408,1.3529237508773804,1.3530701398849487,0
1787030700000,1.353143334388733,1.353271484375,1.353143334388733,1.353234887123108,0
1787031000000,1.3533265590667725,1.3533447980880737,1.3532531261444092,1.3532531261444092,0
1787031300000,1.3532898426055908,1.3533265590667725,1.3531067371368408,1.3531067371368408,0
1787031600000,1.352960228919983,1.353051781654358,1.3528138399124146,1.353051781654358,0
1787031900000,1.3531250953674316,1.3532531261444092,1.3531250953674316,1.3532531261444092,0
1787032200000,1.353234887123108,1.353234887123108,1.3530884981155396,1.3531616926193237,0
1787032500000,1.353234887123108,1.3533813953399658,1.353234887123108,1.353234887123108,0
1787032800000,1.3531982898712158,1.3531982898712158,1.3529969453811646,1.3529969453811646,0
1787033100000,1.3530151844024658,1.3530151844024658,1.3527954816818237,1.3529053926467896,0
1787033400000,1.3527772426605225,1.3527772426605225,1.3526674509048462,1.3527222871780396,0
1787033700000,1.3526124954223633,1.352868676185608,1.3526124954223633,1.3526674509048462,0
1787034000000,1.3526124954223633,1.3527222871780396,1.3526124954223633,1.352685809135437,0
1787034300000,1.35255765914917,1.3529237508773804,1.35255765914917,1.3529237508773804,0
1787034600000,1.3529237508773804,1.3529419898986816,1.3528138399124146,1.3528138399124146,0
1787034900000,1.3528321981430054,1.352960228919983,1.3528321981430054,1.352960228919983,0
1787035200000,1.352960228919983,1.352960228919983,1.3527590036392212,1.3527590036392212,0
1787035500000,1.3528321981430054,1.3530151844024658,1.3528321981430054,1.3530151844024658,0
1787035800000,1.3530701398849487,1.3530701398849487,1.3526674509048462,1.3526674509048462,0
1787036100000,1.3525760173797607,1.3527406454086304,1.3524844646453857,1.3527406454086304,0
1787036400000,1.352630853652954,1.3527772426605225,1.352338194847107,1.352338194847107,0
1787036700000,1.3523015975952148,1.3524662256240845,1.3523015975952148,1.3524478673934937,0
1787037000000,1.3524662256240845,1.3526124954223633,1.3523930311203003,1.3523930311203003,0
1787037300000,1.3524296283721924,1.3524296283721924,1.3523565530776978,1.3523746728897095,0
1787037600000,1.3523746728897095,1.3524296283721924,1.352338194847107,1.352338194847107,0
1787037900000,1.3523198366165161,1.352338194847107,1.3521004915237427,1.3521004915237427,0
1787038200000,1.3522467613220215,1.352338194847107,1.3522101640701294,1.3522101640701294,0
1787038500000,1.3522651195526123,1.3523746728897095,1.3522467613220215,1.3522467613220215,0
1787038800000,1.3522467613220215,1.352338194847107,1.3521919250488281,1.3521919250488281,0
1787039100000,1.3522833585739136,1.3523198366165161,1.3522101640701294,1.3523198366165161,0
1787039400000,1.3523746728897095,1.3524662256240845,1.352338194847107,1.3524662256240845,0
1787039700000,1.35255765914917,1.3527772426605225,1.35255765914917,1.3527772426605225,0
1787040000000,1.3527222871780396,1.3528138399124146,1.352630853652954,1.3528138399124146,0
1787040300000,1.3527772426605225,1.3527772426605225,1.352539300918579,1.352594256401062,0
1787040600000,1.3527406454086304,1.3528138399124146,1.3526124954223633,1.3528138399124146,0
1787040900000,1.3528321981430054,1.3529237508773804,1.3528321981430054,1.3529237508773804,0
1787041200000,1.3532166481018066,1.3532166481018066,1.3528870344161987,1.3528870344161987,0
1787041500000,1.353033423423767,1.353033423423767,1.3527222871780396,1.3527222871780396,0
1787041800000,1.3527954816818237,1.352868676185608,1.352649211883545,1.352649211883545,0
1787042100000,1.3526124954223633,1.352630853652954,1.3524844646453857,1.352630853652954,0
1787042400000,1.3526124954223633,1.3529237508773804,1.3526124954223633,1.3529237508773804,0
1787042700000,1.3528138399124146,1.3531616926193237,1.3528138399124146,1.3531616926193237,0
1787043000000,1.353179931640625,1.353271484375,1.353179931640625,1.353271484375,0
1787043300000,1.353363037109375,1.3533997535705566,1.353179931640625,1.3532166481018066,0
1787043600000,1.353363037109375,1.3538029193878174,1.353363037109375,1.3538029193878174,0
1787043900000,1.3537662029266357,1.3537662029266357,1.3535646200180054,1.353637933731079,0
1787044200000,1.3536745309829712,1.3538029193878174,1.3536561727523804,1.3538029193878174,0
1787044500000,1.3536561727523804,1.3536561727523804,1.3534547090530396,1.3534547090530396,0
1787044800000,1.3536012172698975,1.353637933731079,1.353417992591858,1.3534547090530396,0
1787045100000,1.3535462617874146,1.3535462617874146,1.353363037109375,1.353417992591858,0
1787045400000,1.353234887123108,1.3540045022964478,1.353234887123108,1.3540045022964478,0
1787045700000,1.3538395166397095,1.3543529510498047,1.3538395166397095,1.3543529510498047,0
1787046000000,1.354224443435669,1.3543713092803955,1.353931188583374,1.353931188583374,0
1787046300000,1.3538211584091187,1.3538211584091187,1.3537296056747437,1.353747844696045,0
1787046600000,1.3538211584091187,1.3538211584091187,1.3533997535705566,1.3536195755004883,0
1787046900000,1.353747844696045,1.354132890701294,1.353747844696045,1.354132890701294,0
1787047200000,1.3542428016662598,1.3544812202453613,1.354132890701294,1.3543713092803955,0
1787047500000,1.3543895483016968,1.3545180559158325,1.3542611598968506,1.3545180559158325,0
1787047800000,1.3545364141464233,1.3545364141464233,1.3542428016662598,1.3542795181274414,0
1787048100000,1.3542977571487427,1.354719877243042,1.3542795181274414,1.3546464443206787,0
1787048400000,1.3544628620147705,1.3549033403396606,1.3544628620147705,1.3548115491867065,0
1787048700000,1.3546464443206787,1.3546464443206787,1.3543345928192139,1.3543345928192139,0
1787049000000,1.3543345928192139,1.3544996976852417,1.3542428016662598,1.3544262647628784,0
1787049300000,1.3543713092803955,1.3543713092803955,1.3540594577789307,1.3540594577789307,0
1787049600000,1.3542428016662598,1.3546648025512695,1.3542428016662598,1.3546464443206787,0
1787049900000,1.3545913696289062,1.3549033403396606,1.3545913696289062,1.3548115491867065,0
1787050200000,1.354921817779541,1.3550870418548584,1.354628086090088,1.354628086090088,0
1787050500000,1.3547013998031616,1.3547013998031616,1.3543345928192139,1.3543345928192139,0
1787050800000,1.3542977571487427,1.3548115491867065,1.3541145324707031,1.3548115491867065,0
1787051100000,1.3547565937042236,1.3547565937042236,1.3540045022964478,1.3540045022964478,0
1787051400000,1.354132890701294,1.354132890701294,1.3537662029266357,1.3537662029266357,0
1787051700000,1.3538578748703003,1.3541511297225952,1.3538578748703003,1.353986144065857,0
1787052000000,1.3540594577789307,1.354224443435669,1.3538578748703003,1.3538578748703003,0
1787052300000,1.353931188583374,1.3540045022964478,1.3537845611572266,1.3540045022964478,0
1787052600000,1.3538211584091187,1.3538762331008911,1.353692889213562,1.3538762331008911,0
1787052900000,1.3539679050445557,1.3540412187576294,1.3539128303527832,1.3539128303527832,0
1787053200000,1.3538944721221924,1.353986144065857,1.3538944721221924,1.3538944721221924,0
1787053500000,1.3540045022964478,1.354169487953186,1.3540045022964478,1.354169487953186,0
1787053800000,1.354132890701294,1.3542062044143677,1.3540778160095215,1.3540778160095215,0
1787054100000,1.3541145324707031,1.3543345928192139,1.3540961742401123,1.354316234588623,0
1787054400000,1.3544628620147705,1.3544628620147705,1.3542062044143677,1.3543713092803955,0
1787054700000,1.3544446229934692,1.3544996976852417,1.3544446229934692,1.3544446229934692,0
1787055000000,1.3544446229934692,1.3546648025512695,1.3543895483016968,1.3544262647628784,0
1787055300000,1.3544628620147705,1.3544812202453613,1.3543895483016968,1.3544812202453613,0
1787055600000,1.3546464443206787,1.3547013998031616,1.354628086090088,1.3547013998031616,0
1787055900000,1.3546648025512695,1.3546648025512695,1.3542611598968506,1.3542611598968506,0
1787056200000,1.3543529510498047,1.3543529510498047,1.354169487953186,1.3542611598968506,0
1787056500000,1.354169487953186,1.3543895483016968,1.354169487953186,1.3543713092803955,0
1787056800000,1.3543529510498047,1.3544812202453613,1.3543529510498047,1.3544446229934692,0
1787057100000,1.3544262647628784,1.3544996976852417,1.3543895483016968,1.3543895483016968,0
1787057400000,1.354316234588623,1.3544079065322876,1.354316234588623,1.3543529510498047,0
1787057700000,1.3542611598968506,1.3542611598968506,1.3541145324707031,1.3541145324707031,0
1787058000000,1.3541145324707031,1.3541145324707031,1.3538578748703003,1.3539128303527832,0
1787058300000,1.3538211584091187,1.3538211584091187,1.3535462617874146,1.3535462617874146,0
1787058600000,1.3535096645355225,1.3535096645355225,1.3534730672836304,1.3534914255142212,0
1787058900000,1.3535462617874146,1.353692889213562,1.3535462617874146,1.353637933731079,0
1787059200000,1.3537112474441528,1.353747844696045,1.3537112474441528,1.353747844696045,0
1787059500000,1.353692889213562,1.353692889213562,1.3535280227661133,1.3536195755004883,0
1787059800000,1.353363037109375,1.3536195755004883,1.353363037109375,1.3535096645355225,0
1787060100000,1.3534730672836304,1.3534730672836304,1.353234887123108,1.353417992591858,0
1787060400000,1.3534914255142212,1.3535828590393066,1.3534547090530396,1.3534547090530396,0
1787060700000,1.3535462617874146,1.3535462617874146,1.3534914255142212,1.3534914255142212,0
1787061000000,1.3535646200180054,1.3535646200180054,1.3535096645355225,1.3535280227661133,0
1787061300000,1.3535280227661133,1.3535280227661133,1.3534547090530396,1.3535280227661133,0
1787061600000,1.3534363508224487,1.3534363508224487,1.3533265590667725,1.3533265590667725,0
1787061900000,1.353363037109375,1.3535096645355225,1.353363037109375,1.3535096645355225,0
1787062200000,1.3534914255142212,1.3535646200180054,1.3534730672836304,1.3535462617874146,0
1787062500000,1.3536012172698975,1.353637933731079,1.3535828590393066,1.353637933731079,0
1787062800000,1.353747844696045,1.353747844696045,1.3536561727523804,1.353692889213562,0
1787063100000,1.3538395166397095,1.3538395166397095,1.3537112474441528,1.3537662029266357,0
1787063400000,1.3537112474441528,1.3537112474441528,1.353637933731079,1.3536745309829712,0
1787063700000,1.3536745309829712,1.3536745309829712,1.3536012172698975,1.3536012172698975,0
1787064000000,1.3535096645355225,1.3535096645355225,1.3533813953399658,1.3533813953399658,0
1787064300000,1.3533997535705566,1.353417992591858,1.3533082008361816,1.3533082008361816,0
1787064600000,1.3533447980880737,1.3533447980880737,1.3532898426055908,1.3532898426055908,0
1787064900000,1.353363037109375,1.3534547090530396,1.3533082008361816,1.3534547090530396,0
1787065200000,1.3534363508224487,1.3535280227661133,1.353363037109375,1.353417992591858,0
1787065500000,1.3533265590667725,1.353417992591858,1.3533082008361816,1.3533082008361816,0
1787065800000,1.3534730672836304,1.353692889213562,1.3534730672836304,1.3535646200180054,0
1787066100000,1.353692889213562,1.353692889213562,1.3535096645355225,1.3535462617874146,0
1787066400000,1.3535462617874146,1.3536745309829712,1.3535462617874146,1.3536195755004883,0
1787066700000,1.3536012172698975,1.3536012172698975,1.3535828590393066,1.3535828590393066,0
1787067000000,1.353637933731079,1.3536745309829712,1.3536195755004883,1.3536745309829712,0
1787067300000,1.3536745309829712,1.3538029193878174,1.3536561727523804,1.3537662029266357,0
1787067600000,1.3538211584091187,1.353986144065857,1.353747844696045,1.353747844696045,0
1787067900000,1.3538029193878174,1.3538029193878174,1.3536012172698975,1.3536012172698975,0
1787068200000,1.353637933731079,1.353692889213562,1.3535646200180054,1.3535828590393066,0
1787068500000,1.3534363508224487,1.3534547090530396,1.353234887123108,1.3532898426055908,0
1787068800000,1.3532166481018066,1.3532166481018066,1.3531250953674316,1.3531616926193237,0
1787069100000,1.3530884981155396,1.3530884981155396,1.3529969453811646,1.3529969453811646,0
1787069400000,1.3529969453811646,1.353179931640625,1.3529969453811646,1.353179931640625,0
1787069700000,1.3531067371368408,1.353143334388733,1.3530151844024658,1.3530884981155396,0
1787070000000,1.353051781654358,1.3530884981155396,1.3529419898986816,1.3529419898986816,0
1787070300000,1.3529237508773804,1.3530151844024658,1.3529237508773804,1.3530151844024658,0
1787070600000,1.353051781654358,1.3531982898712158,1.353033423423767,1.3531982898712158,0
1787070900000,1.353179931640625,1.353234887123108,1.353179931640625,1.353179931640625,0
1787071200000,1.3532166481018066,1.353234887123108,1.3531616926193237,1.3531982898712158,0
1787071500000,1.353234887123108,1.353234887123108,1.3531250953674316,1.353179931640625,0
1787071800000,1.3530701398849487,1.3532531261444092,1.3530701398849487,1.3532531261444092,0
1787072100000,1.353143334388733,1.3532898426055908,1.353143334388733,1.3532898426055908,0
1787072400000,1.3538029193878174,1.3538395166397095,1.3531616926193237,1.3531616926193237,0
1787072700000,1.353143334388733,1.3536195755004883,1.3530701398849487,1.3530701398849487,0
1787073000000,1.353234887123108,1.3535280227661133,1.353234887123108,1.3535280227661133,0
1787073300000,1.3533813953399658,1.3535828590393066,1.3533813953399658,1.3535280227661133,0
1787073600000,1.3535462617874146,1.3536745309829712,1.3535280227661133,1.3536745309829712,0
1787073900000,1.3534363508224487,1.3535828590393066,1.3534363508224487,1.3535828590393066,0
1787074200000,1.353417992591858,1.3537112474441528,1.353417992591858,1.353417992591858,0
1787074500000,1.3535828590393066,1.3535828590393066,1.353417992591858,1.353417992591858,0
1787074800000,1.3534363508224487,1.3535280227661133,1.353143334388733,1.3532166481018066,0
1787075100000,1.353051781654358,1.3533265590667725,1.353051781654358,1.3531616926193237,0
1787075400000,1.3531616926193237,1.3533082008361816,1.3531616926193237,1.353234887123108,0
1787075700000,1.353271484375,1.3535646200180054,1.353033423423767,1.3535646200180054,0
1787076000000,1.353179931640625,1.3534547090530396,1.353179931640625,1.3534363508224487,0
1787076300000,1.3534363508224487,1.3534363508224487,1.3533265590667725,1.3533265590667725,0
1787076600000,1.3533265590667725,1.3533265590667725,1.3532166481018066,1.3532166481018066,0
1787076900000,1.353271484375,1.353271484375,1.3532166481018066,1.3532531261444092,0
1787077200000,1.353271484375,1.353271484375,1.353143334388733,1.353143334388733,0
1787077500000,1.353234887123108,1.353234887123108,1.3531067371368408,1.3531067371368408,0
1787077800000,1.3531616926193237,1.3532531261444092,1.3530701398849487,1.3532531261444092,0
1787078100000,1.3532531261444092,1.3533082008361816,1.353234887123108,1.353234887123108,0
1787078400000,1.3532166481018066,1.353234887123108,1.353143334388733,1.3531982898712158,0
1787078700000,1.3533082008361816,1.3533447980880737,1.3532898426055908,1.3532898426055908,0
1787079000000,1.3533265590667725,1.3534363508224487,1.3533265590667725,1.3534363508224487,0
1787079300000,1.3534730672836304,1.3534730672836304,1.3534363508224487,1.3534363508224487,0
1787079600000,1.3534730672836304,1.3536561727523804,1.3534730672836304,1.353637933731079,0
1787079900000,1.3536561727523804,1.3536561727523804,1.3536012172698975,1.3536195755004883,0
1787080200000,1.353637933731079,1.353637933731079,1.3535462617874146,1.3536195755004883,0
1787080500000,1.3534914255142212,1.3535462617874146,1.3534914255142212,1.3535462617874146,0
1787080800000,1.3535828590393066,1.3535828590393066,1.3535462617874146,1.3535462617874146,0
1787081100000,1.3535462617874146,1.3536012172698975,1.3533265590667725,1.3533265590667725,0
1787081400000,1.3533997535705566,1.3534363508224487,1.3533447980880737,1.3533447980880737,0
1787081700000,1.3533813953399658,1.3533813953399658,1.353234887123108,1.353234887123108,0
1787082000000,1.3533082008361816,1.3533082008361816,1.3532531261444092,1.3532898426055908,0
1787082300000,1.3533447980880737,1.353417992591858,1.3533082008361816,1.353363037109375,0
1787082600000,1.3533082008361816,1.3534547090530396,1.3533082008361816,1.353417992591858,0
1787082900000,1.353417992591858,1.353637933731079,1.353417992591858,1.353637933731079,0
1787083200000,1.353637933731079,1.3540412187576294,1.353637933731079,1.3540412187576294,0
1787083500000,1.3540594577789307,1.3540961742401123,1.3539128303527832,1.3539128303527832,0
1787083800000,1.3540045022964478,1.354169487953186,1.3540045022964478,1.3540594577789307,0
1787084100000,1.3540412187576294,1.354132890701294,1.3539679050445557,1.3539679050445557,0
1787084400000,1.3538944721221924,1.353986144065857,1.3538578748703003,1.3538762331008911,0
1787084700000,1.3538944721221924,1.3539495468139648,1.3538578748703003,1.3538578748703003,0
1787085000000,1.3538578748703003,1.3538578748703003,1.3535280227661133,1.3535280227661133,0
1787085300000,1.3534914255142212,1.353637933731079,1.3534914255142212,1.3536012172698975,0
1787085600000,1.353692889213562,1.3537112474441528,1.3535096645355225,1.3535096645355225,0
1787085900000,1.3533997535705566,1.3534363508224487,1.3533447980880737,1.3533447980880737,0
1787086200000,1.3535280227661133,1.3535280227661133,1.3532531261444092,1.3533082008361816,0
1787086500000,1.3533082008361816,1.3533082008361816,1.3529419898986816,1.3530151844024658,0
1787086800000,1.352960228919983,1.353051781654358,1.3528321981430054,1.353051781654358,0
1787087100000,1.3530151844024658,1.353033423423767,1.3528321981430054,1.3528321981430054,0
1787087400000,1.3527954816818237,1.352868676185608,1.352685809135437,1.352685809135437,0
1787087700000,1.3526124954223633,1.3526124954223633,1.3523930311203003,1.3526124954223633,0
1787088000000,1.3526124954223633,1.3527040481567383,1.3525760173797607,1.352685809135437,0
1787088300000,1.3527222871780396,1.3528138399124146,1.3527222871780396,1.3528138399124146,0
1787088600000,1.352960228919983,1.352960228919983,1.3528504371643066,1.3528504371643066,0
1787088900000,1.3529053926467896,1.352960228919983,1.352868676185608,1.352868676185608,0
1787089200000,1.3529053926467896,1.3529053926467896,1.3528870344161987,1.3528870344161987,0
1787089500000,1.3528504371643066,1.3529969453811646,1.3528504371643066,1.3528504371643066,0
1787089800000,1.3528138399124146,1.3528870344161987,1.3527406454086304,1.3528321981430054,0
1787090100000,1.3530701398849487,1.3531067371368408,1.353051781654358,1.353051781654358,0
1787090400000,1.3531250953674316,1.353234887123108,1.3530884981155396,1.353234887123108,0
1787090700000,1.3533447980880737,1.3534914255142212,1.3532898426055908,1.3534914255142212,0
1787091000000,1.3534730672836304,1.3535096645355225,1.353417992591858,1.3534547090530396,0
1787091300000,1.3532166481018066,1.3539679050445557,1.3532166481018066,1.3538029193878174,0
1787091600000,1.3537296056747437,1.3540045022964478,1.3537296056747437,1.3538578748703003,0
1787091900000,1.3538395166397095,1.3538395166397095,1.3536012172698975,1.353692889213562,0
1787092200000,1.3538029193878174,1.3538029193878174,1.3536195755004883,1.353637933731079,0
1787092500000,1.3538395166397095,1.353986144065857,1.3538029193878174,1.3539128303527832,0
1787092800000,1.353931188583374,1.3541878461837769,1.353931188583374,1.3541878461837769,0
1787093100000,1.3542062044143677,1.354316234588623,1.354132890701294,1.354132890701294,0
1787093400000,1.3540594577789307,1.3540594577789307,1.3538944721221924,1.3539128303527832,0
1787093700000,1.3538762331008911,1.3540228605270386,1.3538578748703003,1.3540228605270386,0
1787094000000,1.3540228605270386,1.3541511297225952,1.3540228605270386,1.3540412187576294,0
1787094300000,1.3538578748703003,1.3538762331008911,1.3538211584091187,1.3538211584091187,0
1787094600000,1.3538578748703003,1.353986144065857,1.3538578748703003,1.3539495468139648,0
1787094900000,1.353986144065857,1.3540961742401123,1.3539679050445557,1.3540961742401123,0
1787095200000,1.3541145324707031,1.3541145324707031,1.3540228605270386,1.3540228605270386,0
1787095500000,1.3541145324707031,1.354132890701294,1.3540778160095215,1.3540778160095215,0
1787095800000,1.354132890701294,1.3541511297225952,1.353931188583374,1.3539679050445557,0
1787096100000,1.3538762331008911,1.353931188583374,1.3538762331008911,1.3539128303527832,0
1787096400000,1.3538211584091187,1.3539495468139648,1.3538211584091187,1.3539495468139648,0
1787096700000,1.353931188583374,1.3539679050445557,1.3538762331008911,1.3539679050445557,0
1787097000000,1.353986144065857,1.353986144065857,1.3538944721221924,1.3538944721221924,0
1787097300000,1.3538578748703003,1.3538578748703003,1.3537662029266357,1.3537662029266357,0
1787097600000,1.3538395166397095,1.3538578748703003,1.353747844696045,1.353747844696045,0
1787097900000,1.3537662029266357,1.3537845611572266,1.3537296056747437,1.3537296056747437,0
1787098200000,1.353747844696045,1.3540412187576294,1.353747844696045,1.3540412187576294,0
1787098500000,1.3540045022964478,1.3540228605270386,1.3539679050445557,1.353986144065857,0
1787098800000,1.3539495468139648,1.353986144065857,1.353931188583374,1.353931188583374,0
1787099100000,1.3540045022964478,1.3540045022964478,1.3538944721221924,1.3539128303527832,0
1787099400000,1.3539679050445557,1.354132890701294,1.3539679050445557,1.3539679050445557,0
1787099700000,1.353986144065857,1.353986144065857,1.3538211584091187,1.3538211584091187,0
1787100000000,1.3537845611572266,1.3538944721221924,1.3537112474441528,1.3538944721221924,0
1787100300000,1.353931188583374,1.3540412187576294,1.3539128303527832,1.3540412187576294,0
1787100600000,1.3540412187576294,1.3540412187576294,1.3539679050445557,1.3540412187576294,0
1787100900000,1.3540412187576294,1.3542428016662598,1.3540412187576294,1.3542062044143677,0
1787101200000,1.3542977571487427,1.3542977571487427,1.354224443435669,1.354224443435669,0
1787101500000,1.3541511297225952,1.3541511297225952,1.3540045022964478,1.3540228605270386,0
1787101800000,1.3540228605270386,1.354224443435669,1.3540228605270386,1.354224443435669,0
1787102100000,1.3542062044143677,1.3543345928192139,1.3542062044143677,1.3542428016662598,0
1787102400000,1.3542611598968506,1.3542611598968506,1.354169487953186,1.3542428016662598,0
1787102700000,1.3542428016662598,1.3542428016662598,1.354132890701294,1.354224443435669,0
1787103000000,1.354224443435669,1.354316234588623,1.354169487953186,1.354316234588623,0
1787103300000,1.3542428016662598,1.3542795181274414,1.3542062044143677,1.3542611598968506,0
1787103600000,1.3542062044143677,1.3544079065322876,1.3542062044143677,1.3544079065322876,0
1787103900000,1.3543345928192139,1.3545180559158325,1.3543345928192139,1.3544446229934692,0
1787104200000,1.3544446229934692,1.3545180559158325,1.354316234588623,1.354316234588623,0
1787104500000,1.3543529510498047,1.3544996976852417,1.354316234588623,1.3544262647628784,0
1787104800000,1.3543529510498047,1.3547565937042236,1.3543529510498047,1.3547565937042236,0
1787105100000,1.3547382354736328,1.3547382354736328,1.3545730113983154,1.354628086090088,0
1787105400000,1.3545730113983154,1.3545730113983154,1.3544628620147705,1.3544628620147705,0
1787105700000,1.3545546531677246,1.3551971912384033,1.3545546531677246,1.3551971912384033,0
1787106000000,1.355233907699585,1.3556932210922241,1.355233907699585,1.3556932210922241,0
1787106300000,1.3556196689605713,1.3556196689605713,1.3553258180618286,1.3554176092147827,0
1787106600000,1.3554359674453735,1.3554359674453735,1.3550502061843872,1.3551236391067505,0
1787106900000,1.3551052808761597,1.3551971912384033,1.3550870418548584,1.3551971912384033,0
1787107200000,1.3552522659301758,1.3552522659301758,1.3551236391067505,1.3552155494689941,0
1787107500000,1.3552155494689941,1.3552155494689941,1.3550502061843872,1.3551971912384033,0
1787107800000,1.3551971912384033,1.355380892753601,1.3551971912384033,1.3552155494689941,0
1787108100000,1.3551236391067505,1.3551421165466309,1.3550502061843872,1.3551421165466309,0
1787108400000,1.3552155494689941,1.3555830717086792,1.3551421165466309,1.3552155494689941,0
1787108700000,1.3551788330078125,1.3554911613464355,1.3551788330078125,1.3553073406219482,0
1787109000000,1.3551052808761597,1.3551052808761597,1.354921817779541,1.354921817779541,0
1787109300000,1.354609727859497,1.3546648025512695,1.354609727859497,1.3546648025512695,0
1787109600000,1.354719877243042,1.3552155494689941,1.354719877243042,1.3550502061843872,0
1787109900000,1.3549401760101318,1.3551052808761597,1.3549401760101318,1.3550318479537964,0
1787110200000,1.3550502061843872,1.3553073406219482,1.3550502061843872,1.3553073406219482,0
1787110500000,1.3552889823913574,1.355380892753601,1.355233907699585,1.355380892753601,0
1787110800000,1.3553624153137207,1.355399250984192,1.3552155494689941,1.3552155494689941,0
1787111100000,1.3551604747772217,1.3553258180618286,1.3551604747772217,1.355233907699585,0
1787111400000,1.355233907699585,1.3554726839065552,1.355233907699585,1.3554726839065552,0
1787111700000,1.3554726839065552,1.3556565046310425,1.3554726839065552,1.3556565046310425,0
1787112000000,1.3555645942687988,1.355711579322815,1.3555645942687988,1.355711579322815,0
1787112300000,1.355766773223877,1.3560792207717896,1.355766773223877,1.356024146080017,0
1787112600000,1.3562631607055664,1.3564656972885132,1.3562631607055664,1.3563183546066284,0
1787112900000,1.3564287424087524,1.3565576076507568,1.3564287424087524,1.3564287424087524,0
1787113200000,1.3562264442443848,1.3562264442443848,1.3558955192565918,1.355913758277893,0
1787113500000,1.3558034896850586,1.3558034896850586,1.3555830717086792,1.3556565046310425,0
1787113800000,1.3556013107299805,1.3556013107299805,1.3554176092147827,1.3555094003677368,0
1787114100000,1.3554543256759644,1.3556196689605713,1.3554543256759644,1.3556013107299805,0
1787114400000,1.3556381464004517,1.35609769821167,1.3556381464004517,1.35609769821167,0
1787114700000,1.3561712503433228,1.3562816381454468,1.3561527729034424,1.3562631607055664,0
1787115000000,1.356042504310608,1.3561712503433228,1.356042504310608,1.3560609817504883,0
1787115300000,1.355821967124939,1.355821967124939,1.3553440570831299,1.3553624153137207,0
1787115600000,1.3551788330078125,1.3556565046310425,1.3550686836242676,1.3556565046310425,0
1787115900000,1.3554359674453735,1.3554911613464355,1.3553624153137207,1.3553624153137207,0
1787116200000,1.3554726839065552,1.3554726839065552,1.355233907699585,1.3554359674453735,0
1787116500000,1.3553258180618286,1.3554543256759644,1.3553073406219482,1.3554543256759644,0
1787116800000,1.3555094003677368,1.3557482957839966,1.3555094003677368,1.3557482957839966,0
1787117100000,1.355766773223877,1.355766773223877,1.3553258180618286,1.355546236038208,0
1787117400000,1.3555645942687988,1.3555645942687988,1.3554176092147827,1.3555645942687988,0
1787117700000,1.3556565046310425,1.3556565046310425,1.3552706241607666,1.3552706241607666,0
1787118000000,1.355380892753601,1.3554726839065552,1.3553624153137207,1.3554543256759644,0
1787118300000,1.355399250984192,1.3558402061462402,1.355399250984192,1.3558402061462402,0
1787118600000,1.3558770418167114,1.3559322357177734,1.3556932210922241,1.3556932210922241,0
1787118900000,1.3558034896850586,1.355913758277893,1.3558034896850586,1.3558586835861206,0
1787119200000,1.3558034896850586,1.3558034896850586,1.3556932210922241,1.3556932210922241,0
1787119500000,1.3556565046310425,1.3557300567626953,1.3556565046310425,1.3557300567626953,0
1787119800000,1.355821967124939,1.3561896085739136,1.355766773223877,1.3561896085739136,0
1787120100000,1.3561160564422607,1.3562264442443848,1.3561160564422607,1.356208086013794,0
1787120400000,1.3561345338821411,1.3562448024749756,1.3561160564422607,1.3562264442443848,0
1787120700000,1.3561345338821411,1.3563368320465088,1.356042504310608,1.3563368320465088,0
1787121000000,1.3564103841781616,1.3564103841781616,1.3562448024749756,1.3563183546066284,0
1787121300000,1.3563368320465088,1.3563551902770996,1.3562816381454468,1.3562999963760376,0
1787121600000,1.35637366771698,1.3564656972885132,1.35637366771698,1.3563920259475708,0
1787121900000,1.3563920259475708,1.3564839363098145,1.3563920259475708,1.3563920259475708,0
1787122200000,1.3561896085739136,1.3561896085739136,1.3559322357177734,1.3559322357177734,0
1787122500000,1.3557482957839966,1.3557482957839966,1.3556196689605713,1.3556748628616333,0
1787122800000,1.3558586835861206,1.356042504310608,1.3557482957839966,1.3557482957839966,0
1787123100000,1.355711579322815,1.355711579322815,1.3553624153137207,1.3553624153137207,0
1787123400000,1.3552706241607666,1.355546236038208,1.3552706241607666,1.355546236038208,0
1787123700000,1.3555830717086792,1.3556196689605713,1.3555278778076172,1.3555278778076172,0
1787124000000,1.3555094003677368,1.3555645942687988,1.3555094003677368,1.3555645942687988,0
1787124300000,1.3556013107299805,1.3556196689605713,1.3554359674453735,1.3554359674453735,0
1787124600000,1.3555278778076172,1.355546236038208,1.355380892753601,1.355546236038208,0
1787124900000,1.3554543256759644,1.3554543256759644,1.3551236391067505,1.3551236391067505,0
1787125200000,1.3550502061843872,1.3550686836242676,1.354866623878479,1.3550686836242676,0
1787125500000,1.3551971912384033,1.3554726839065552,1.3551971912384033,1.3554726839065552,0
1787125800000,1.3554543256759644,1.3554543256759644,1.355380892753601,1.3554176092147827,0
1787126100000,1.3552522659301758,1.3554359674453735,1.3552522659301758,1.3553624153137207,0
1787126400000,1.3554543256759644,1.3555278778076172,1.3553440570831299,1.3554359674453735,0
1787126700000,1.3557482957839966,1.3557482957839966,1.3556565046310425,1.3556565046310425,0
1787127000000,1.355711579322815,1.3557851314544678,1.355711579322815,1.3557851314544678,0
1787127300000,1.3558770418167114,1.3561160564422607,1.3558770418167114,1.3561160564422607,0
1787127600000,1.3562999963760376,1.3563920259475708,1.3562631607055664,1.3562631607055664,0
1787127900000,1.3562816381454468,1.3562816381454468,1.3561160564422607,1.3561160564422607,0
1787128200000,1.3561160564422607,1.3578470945358276,1.3561160564422607,1.3578470945358276,0
1787128500000,1.357496738433838,1.358437180519104,1.357496738433838,1.357994556427002,0
1787128800000,1.3577731847763062,1.358788013458252,1.3576442003250122,1.358788013458252,0
1787129100000,1.3590649366378784,1.3598780632019043,1.3588618040084839,1.3598780632019043,0
1787129400000,1.3596007823944092,1.3601741790771484,1.3595638275146484,1.3600815534591675,0
1787129700000,1.3601185083389282,1.3602110147476196,1.359619379043579,1.359619379043579,0
1787130000000,1.360063076019287,1.3601371049880981,1.3599891662597656,1.3601371049880981,0
1787130300000,1.3601741790771484,1.360784888267517,1.3601371049880981,1.360784888267517,0
1787130600000,1.36104416847229,1.3615260124206543,1.3610256910324097,1.3615260124206543,0
1787130900000,1.3615074157714844,1.361952543258667,1.3614518642425537,1.361952543258667,0
1787131200000,1.3622123003005981,1.3622123003005981,1.3615630865097046,1.3615630865097046,0
1787131500000,1.3614332675933838,1.362230896949768,1.3614332675933838,1.362230896949768,0
1787131800000,1.3621937036514282,1.362342119216919,1.362119436264038,1.3621937036514282,0
1787132100000,1.3615630865097046,1.3622864484786987,1.3615074157714844,1.3622864484786987,0
1787132400000,1.3619894981384277,1.3620452880859375,1.3617113828659058,1.361933946609497,0
1787132700000,1.3616001605987549,1.361952543258667,1.3616001605987549,1.3616001605987549,0
1787133000000,1.3613406419754028,1.361933946609497,1.3610997200012207,1.361933946609497,0
1787133300000,1.3621937036514282,1.3621937036514282,1.3618227243423462,1.3618227243423462,0
1787133600000,1.3618412017822266,1.3618597984313965,1.3614147901535034,1.3618412017822266,0
1787133900000,1.361581563949585,1.3618597984313965,1.361581563949585,1.3618227243423462,0
1787134200000,1.362323522567749,1.362323522567749,1.361933946609497,1.362119436264038,0
1787134500000,1.3620452880859375,1.3622864484786987,1.3620452880859375,1.3620823621749878,0
1787134800000,1.3620266914367676,1.362138032913208,1.361655831336975,1.3618227243423462,0
1787135100000,1.361933946609497,1.362323522567749,1.361933946609497,1.362323522567749,0
1787135400000,1.3623050451278687,1.362434983253479,1.3622123003005981,1.3622123003005981,0
1787135700000,1.3626019954681396,1.3629363775253296,1.3626019954681396,1.36282479763031,0
1787136000000,1.3623977899551392,1.3626205921173096,1.3623607158660889,1.3625277280807495,0
1787136300000,1.362453579902649,1.362453579902649,1.3615444898605347,1.3615444898605347,0
1787136600000,1.36106276512146,1.3612850904464722,1.360951542854309,1.360951542854309,0
1787136900000,1.3608219623565674,1.36104416847229,1.3608219623565674,1.360877513885498,0
1787137200000,1.3610256910324097,1.36104416847229,1.360710859298706,1.360784888267517,0
1787137500000,1.3607664108276367,1.3612295389175415,1.3607664108276367,1.3608033657073975,0
1787137800000,1.3607479333877563,1.3613591194152832,1.3607479333877563,1.3613591194152832,0
1787138100000,1.3613221645355225,1.3613221645355225,1.3609886169433594,1.3609886169433594,0
1787138400000,1.3606553077697754,1.3607664108276367,1.360451579093933,1.3604886531829834,0
1787138700000,1.3604332208633423,1.3607479333877563,1.360377550125122,1.3607479333877563,0
1787139000000,1.360951542854309,1.360951542854309,1.3607664108276367,1.360951542854309,0
1787139300000,1.3610072135925293,1.3611738681793213,1.3608405590057373,1.3611738681793213,0
1787139600000,1.3607479333877563,1.36104416847229,1.3607479333877563,1.36104416847229,0
1787139900000,1.3608589172363281,1.36104416847229,1.3605812788009644,1.3609329462051392,0
1787140200000,1.3605812788009644,1.360710859298706,1.3604146242141724,1.3604146242141724,0
1787140500000,1.3603036403656006,1.3606739044189453,1.3602850437164307,1.3606739044189453,0
1787140800000,1.3607664108276367,1.3608589172363281,1.3606553077697754,1.3608219623565674,0
1787141100000,1.3606367111206055,1.3610072135925293,1.360544204711914,1.3610072135925293,0
1787141400000,1.3610256910324097,1.3611923456192017,1.3610256910324097,1.36106276512146,0
1787141700000,1.3611183166503906,1.361136794090271,1.3607479333877563,1.360784888267517,0
1787142000000,1.3609886169433594,1.361155390739441,1.3609886169433594,1.361155390739441,0
1787142300000,1.361155390739441,1.3611923456192017,1.3608589172363281,1.3608589172363281,0
1787142600000,1.3608219623565674,1.3612109422683716,1.3608219623565674,1.3610997200012207,0
1787142900000,1.3610256910324097,1.3610997200012207,1.3610072135925293,1.36104416847229,0
1787143200000,1.3610256910324097,1.3610256910324097,1.360877513885498,1.3610072135925293,0
1787143500000,1.3610997200012207,1.3610997200012207,1.3610256910324097,1.3610256910324097,0
1787143800000,1.3611183166503906,1.3614704608917236,1.3611183166503906,1.3614518642425537,0
1787144100000,1.3615260124206543,1.3615260124206543,1.3609329462051392,1.36106276512146,0
1787144400000,1.3612664937973022,1.3616372346878052,1.3610256910324097,1.3610256910324097,0
1787144700000,1.3609145879745483,1.360970139503479,1.360618233680725,1.3607664108276367,0
1787145000000,1.3607479333877563,1.3607479333877563,1.3602850437164307,1.360377550125122,0
1787145300000,1.3601741790771484,1.3601741790771484,1.360063076019287,1.360063076019287,0
1787145600000,1.3601001501083374,1.3601741790771484,1.3600445985794067,1.3600445985794067,0
1787145900000,1.359933614730835,1.359933614730835,1.3596748113632202,1.3598597049713135,0
1787146200000,1.359841227531433,1.359841227531433,1.3595823049545288,1.359619379043579,0
1787146500000,1.3594529628753662,1.3595268726348877,1.3593790531158447,1.3595268726348877,0
1787146800000,1.3595268726348877,1.3599151372909546,1.3595268726348877,1.3595823049545288,0
1787147100000,1.35963773727417,1.3597302436828613,1.35963773727417,1.3596932888031006,0
1787147400000,1.3595638275146484,1.3595638275146484,1.359397530555725,1.359397530555725,0
1787147700000,1.3591018915176392,1.3592497110366821,1.3591018915176392,1.3591573238372803,0
1787148000000,1.359342098236084,1.3599522113800049,1.359342098236084,1.3599522113800049,0
1787148300000,1.3598597049713135,1.360063076019287,1.3598597049713135,1.360063076019287,0
1787148600000,1.3600815534591675,1.360377550125122,1.360063076019287,1.360063076019287,0
1787148900000,1.3599151372909546,1.3600445985794067,1.3598597049713135,1.3600261211395264,0
1787149200000,1.359767198562622,1.359767198562622,1.359342098236084,1.359342098236084,0
1787149500000,1.3592497110366821,1.3592681884765625,1.3590834140777588,1.3592311143875122,0
1787149800000,1.3592866659164429,1.3597116470336914,1.3592866659164429,1.3597116470336914,0
1787150100000,1.3599522113800049,1.36024808883667,1.3599522113800049,1.36024808883667,0
1787150400000,1.3605072498321533,1.3607293367385864,1.3605072498321533,1.3605812788009644,0
1787150700000,1.360618233680725,1.3609145879745483,1.360618233680725,1.3609145879745483,0
1787151000000,1.3608589172363281,1.360951542854309,1.3608219623565674,1.360951542854309,0
1787151300000,1.360951542854309,1.360951542854309,1.3607664108276367,1.3607664108276367,0
1787151600000,1.3609329462051392,1.3609329462051392,1.360470175743103,1.360470175743103,0
1787151900000,1.3604146242141724,1.3610812425613403,1.3604146242141724,1.3610812425613403,0
1787152200000,1.360877513885498,1.3609145879745483,1.360710859298706,1.360710859298706,0
1787152500000,1.3608959913253784,1.360970139503479,1.3608959913253784,1.360970139503479,0
1787152800000,1.3608959913253784,1.3609145879745483,1.3608033657073975,1.360877513885498,0
1787153100000,1.3610256910324097,1.3611923456192017,1.3610256910324097,1.361136794090271,0
1787153400000,1.3610256910324097,1.3611738681793213,1.3610256910324097,1.36106276512146,0
1787153700000,1.360970139503479,1.360970139503479,1.360451579093933,1.3606922626495361,0
1787154000000,1.360710859298706,1.3607293367385864,1.360710859298706,1.3607293367385864,0
1787154300000,1.3605997562408447,1.360710859298706,1.3605997562408447,1.360710859298706,0
1787154600000,1.360710859298706,1.36104416847229,1.360710859298706,1.36104416847229,0
1787154900000,1.3609329462051392,1.3609329462051392,1.3608219623565674,1.3608219623565674,0
1787155200000,1.3607293367385864,1.3610072135925293,1.3607293367385864,1.3609329462051392,0
1787155500000,1.3608405590057373,1.3609145879745483,1.3607664108276367,1.3607664108276367,0
1787155800000,1.3606922626495361,1.3606922626495361,1.360451579093933,1.3604886531829834,0
1787156100000,1.3604332208633423,1.3604332208633423,1.3603407144546509,1.3603591918945312,0
1787156400000,1.3603407144546509,1.3603591918945312,1.3603407144546509,1.3603591918945312,0
1787156700000,1.360396146774292,1.360396146774292,1.3602850437164307,1.3602850437164307,0
1787157000000,1.3603407144546509,1.3604146242141724,1.360322117805481,1.360396146774292,0
1787157300000,1.360451579093933,1.3606367111206055,1.360377550125122,1.3606367111206055,0
1787157600000,1.3605997562408447,1.360784888267517,1.3605997562408447,1.3606922626495361,0
1787157900000,1.3606553077697754,1.3608219623565674,1.3606553077697754,1.3608219623565674,0
1787158200000,1.360710859298706,1.360784888267517,1.360710859298706,1.360784888267517,0
1787158500000,1.3607664108276367,1.3607664108276367,1.3605812788009644,1.3605812788009644,0
1787158800000,1.360784888267517,1.3609145879745483,1.360784888267517,1.3608589172363281,0
1787159100000,1.360618233680725,1.3608405590057373,1.360618233680725,1.3608405590057373,0
1787159400000,1.3605072498321533,1.3606367111206055,1.3604886531829834,1.3606367111206055,0
1787159700000,1.360784888267517,1.3608589172363281,1.3606553077697754,1.360710859298706,0
1787160000000,1.360618233680725,1.360970139503479,1.360618233680725,1.3608405590057373,0
1787160300000,1.3609886169433594,1.3610997200012207,1.3608405590057373,1.3608589172363281,0
1787160600000,1.3609886169433594,1.3610256910324097,1.3608589172363281,1.360877513885498,0
1787160900000,1.360877513885498,1.360877513885498,1.3605997562408447,1.3608033657073975,0
1787161200000,1.3608033657073975,1.360970139503479,1.3606553077697754,1.360784888267517,0
1787161500000,1.3608405590057373,1.360970139503479,1.3603591918945312,1.3603591918945312,0
1787161800000,1.360544204711914,1.360618233680725,1.3604146242141724,1.3605812788009644,0
1787162100000,1.3606553077697754,1.3608959913253784,1.3606553077697754,1.3608033657073975,0
1787162400000,1.3608219623565674,1.360951542854309,1.360618233680725,1.360951542854309,0
1787162700000,1.3610256910324097,1.3610256910324097,1.3609329462051392,1.3609329462051392,0
1787163000000,1.3608405590057373,1.360951542854309,1.3607479333877563,1.3608405590057373,0
1787163300000,1.3608589172363281,1.3608589172363281,1.360784888267517,1.360784888267517,0
1787163600000,1.360784888267517,1.3608219623565674,1.360784888267517,1.3608033657073975,0
1787163900000,1.3608033657073975,1.3608033657073975,1.3607664108276367,1.360784888267517,0
1787164200000,1.3608589172363281,1.3608589172363281,1.3607293367385864,1.3607293367385864,0
1787164500000,1.360784888267517,1.360784888267517,1.360618233680725,1.3606739044189453,0
1787164800000,1.3606922626495361,1.3607293367385864,1.3605997562408447,1.3605997562408447,0
1787165100000,1.3605997562408447,1.3606922626495361,1.3605997562408447,1.3606739044189453,0
1787165400000,1.3606922626495361,1.3606922626495361,1.3605256080627441,1.3605812788009644,0
1787165700000,1.360470175743103,1.3605256080627441,1.360470175743103,1.3605256080627441,0
1787166000000,1.3602666854858398,1.360544204711914,1.3602666854858398,1.360544204711914,0
1787166300000,1.3606367111206055,1.360710859298706,1.3605072498321533,1.3605072498321533,0
1787166600000,1.360451579093933,1.360470175743103,1.3604332208633423,1.360451579093933,0
1787166900000,1.360377550125122,1.3604332208633423,1.360377550125122,1.3604146242141724,0
1787167200000,1.3603591918945312,1.360377550125122,1.3602850437164307,1.360322117805481,0
1787167500000,1.36024808883667,1.3603036403656006,1.3602296113967896,1.3602666854858398,0
1787167800000,1.3602850437164307,1.3602850437164307,1.3601371049880981,1.3601741790771484,0
1787168100000,1.3600815534591675,1.3602110147476196,1.3600815534591675,1.3602110147476196,0
1787168400000,1.3601001501083374,1.3601371049880981,1.3600445985794067,1.3601001501083374,0
1787168700000,1.3601185083389282,1.3601371049880981,1.3599151372909546,1.3601185083389282,0
1787169000000,1.3601185083389282,1.3601371049880981,1.3601001501083374,1.3601001501083374,0
1787169300000,1.360063076019287,1.3600815534591675,1.3599891662597656,1.3600815534591675,0
1787169600000,1.3602850437164307,1.3607293367385864,1.3602850437164307,1.3606922626495361,0
1787169900000,1.3606367111206055,1.3606367111206055,1.3600815534591675,1.3600815534591675,0
1787170200000,1.3600261211395264,1.360322117805481,1.3600261211395264,1.360322117805481,0
1787170500000,1.360396146774292,1.360618233680725,1.3603591918945312,1.3605072498321533,0
1787170800000,1.360322117805481,1.360322117805481,1.360063076019287,1.3601741790771484,0
1787171100000,1.3601555824279785,1.3601555824279785,1.3600815534591675,1.3601555824279785,0
1787171400000,1.3603036403656006,1.3605072498321533,1.3601926565170288,1.360322117805481,0
1787171700000,1.3604146242141724,1.3604146242141724,1.3602850437164307,1.3602850437164307,0
1787172000000,1.3602296113967896,1.3602296113967896,1.3601371049880981,1.3601371049880981,0
1787172300000,1.3601371049880981,1.3601371049880981,1.359933614730835,1.3599891662597656,0
1787172600000,1.3599522113800049,1.3599891662597656,1.359841227531433,1.3599151372909546,0
1787172900000,1.3599522113800049,1.3600261211395264,1.359933614730835,1.3600261211395264,0
1787173200000,1.360007643699646,1.360007643699646,1.3596562147140503,1.3596562147140503,0
1787173500000,1.3596562147140503,1.3598226308822632,1.359489917755127,1.3597487211227417,0
1787173800000,1.359619379043579,1.3598780632019043,1.3595823049545288,1.3598780632019043,0
1787174100000,1.3598966598510742,1.360322117805481,1.3598780632019043,1.360322117805481,0
1787174400000,1.360396146774292,1.3605256080627441,1.3602850437164307,1.3605256080627441,0
1787174700000,1.3604146242141724,1.3606553077697754,1.3604146242141724,1.3606367111206055,0
1787175000000,1.3606922626495361,1.3606922626495361,1.3605626821517944,1.3605626821517944,0
1787175300000,1.3606367111206055,1.3607293367385864,1.3606367111206055,1.360710859298706,0
1787175600000,1.360710859298706,1.3608033657073975,1.360618233680725,1.360618233680725,0
1787175900000,1.360618233680725,1.3606367111206055,1.3604332208633423,1.3604332208633423,0
1787176200000,1.360470175743103,1.3605072498321533,1.3603591918945312,1.3604146242141724,0
1787176500000,1.3605072498321533,1.3608219623565674,1.3605072498321533,1.3608219623565674,0
1787176800000,1.3607479333877563,1.361396312713623,1.3607479333877563,1.3612664937973022,0
1787177100000,1.3613591194152832,1.3614332675933838,1.360970139503479,1.360970139503479,0
1787177400000,1.360877513885498,1.3609329462051392,1.3608589172363281,1.360877513885498,0
1787177700000,1.3607479333877563,1.3608405590057373,1.3604886531829834,1.3605256080627441,0
1787178000000,1.3603407144546509,1.3605812788009644,1.3603407144546509,1.3605812788009644,0
1787178300000,1.3604886531829834,1.3605812788009644,1.3604886531829834,1.360544204711914,0
1787178600000,1.3605812788009644,1.3605997562408447,1.3605256080627441,1.3605997562408447,0
1787178900000,1.360451579093933,1.3605626821517944,1.360451579093933,1.3605626821517944,0
1787179200000,1.360544204711914,1.3607664108276367,1.3605256080627441,1.3605256080627441,0
1787179500000,1.3605256080627441,1.3605997562408447,1.3604332208633423,1.3604332208633423,0
1787179800000,1.360470175743103,1.3605072498321533,1.360377550125122,1.3605072498321533,0
1787180100000,1.360470175743103,1.3605626821517944,1.360470175743103,1.360544204711914,0
1787180400000,1.3606553077697754,1.3607664108276367,1.3606367111206055,1.3606367111206055,0
1787180700000,1.3605997562408447,1.360710859298706,1.3605997562408447,1.3606553077697754,0
1787181000000,1.3606739044189453,1.361136794090271,1.3606739044189453,1.361136794090271,0
1787181300000,1.360877513885498,1.360951542854309,1.3608033657073975,1.3609329462051392,0
1787181600000,1.3609886169433594,1.3612480163574219,1.3609886169433594,1.3612480163574219,0
1787181900000,1.3612850904464722,1.3613406419754028,1.3611183166503906,1.3611183166503906,0
1787182200000,1.3612850904464722,1.3612850904464722,1.3611923456192017,1.3612295389175415,0
1787182500000,1.3610256910324097,1.3612109422683716,1.3610256910324097,1.3612109422683716,0
1787182800000,1.361155390739441,1.3612850904464722,1.3611183166503906,1.3612850904464722,0
1787183100000,1.361396312713623,1.361396312713623,1.3613035678863525,1.3613591194152832,0
1787183400000,1.3613406419754028,1.3614332675933838,1.3613406419754028,1.3614332675933838,0
1787183700000,1.3614147901535034,1.3614704608917236,1.361396312713623,1.3614332675933838,0
1787184000000,1.3613591194152832,1.3615260124206543,1.3613591194152832,1.3613591194152832,0
1787184300000,1.3613035678863525,1.361581563949585,1.3613035678863525,1.361581563949585,0
1787184600000,1.361581563949585,1.3616372346878052,1.3615630865097046,1.3615630865097046,0
1787184900000,1.361581563949585,1.361581563949585,1.361396312713623,1.361396312713623,0
1787185200000,1.3614518642425537,1.3614518642425537,1.3612295389175415,1.3612295389175415,0
1787185500000,1.3612850904464722,1.3613406419754028,1.3612664937973022,1.3613035678863525,0
1787185800000,1.3612295389175415,1.361396312713623,1.3612295389175415,1.3612664937973022,0
1787186100000,1.3612850904464722,1.3612850904464722,1.361155390739441,1.3611923456192017,0
1787186400000,1.3612295389175415,1.3612480163574219,1.361136794090271,1.361136794090271,0
1787186700000,1.361136794090271,1.3611923456192017,1.3611183166503906,1.3611183166503906,0
1787187000000,1.361136794090271,1.3612109422683716,1.3610072135925293,1.3610072135925293,0
1787187300000,1.3607479333877563,1.3609329462051392,1.3607479333877563,1.3607664108276367,0
1787187600000,1.3608405590057373,1.3610072135925293,1.3608405590057373,1.3610072135925293,0
1787187900000,1.3609329462051392,1.3610072135925293,1.3609329462051392,1.3610072135925293,0
1787188200000,1.360877513885498,1.360877513885498,1.3608033657073975,1.3608589172363281,0
1787188500000,1.3608033657073975,1.3608033657073975,1.360710859298706,1.3607293367385864,0
1787188800000,1.360784888267517,1.3608589172363281,1.3607664108276367,1.3608405590057373,0
1787189100000,1.3606922626495361,1.3606922626495361,1.3605072498321533,1.3605072498321533,0
1787189400000,1.3606739044189453,1.360710859298706,1.360470175743103,1.3605072498321533,0
1787189700000,1.3605072498321533,1.3605072498321533,1.3603591918945312,1.3603591918945312,0
1787190000000,1.3602110147476196,1.3603407144546509,1.3601741790771484,1.3601741790771484,0
1787190300000,1.3601926565170288,1.360396146774292,1.3601741790771484,1.3603591918945312,0
1787190600000,1.3603591918945312,1.3603591918945312,1.360063076019287,1.360063076019287,0
1787190900000,1.360322117805481,1.3606922626495361,1.360322117805481,1.3605256080627441,0
1787191200000,1.360544204711914,1.3605626821517944,1.360377550125122,1.3604332208633423,0
1787191500000,1.3604332208633423,1.3606739044189453,1.3604332208633423,1.3606553077697754,0
1787191800000,1.3609329462051392,1.3612850904464722,1.3609329462051392,1.3611738681793213,0
1787192100000,1.3610256910324097,1.3610997200012207,1.3610256910324097,1.36106276512146,0
1787192400000,1.3609145879745483,1.3609329462051392,1.360710859298706,1.3607479333877563,0
1787192700000,1.3606367111206055,1.3608589172363281,1.3606367111206055,1.3607664108276367,0
1787193000000,1.360784888267517,1.3608219623565674,1.360710859298706,1.3608219623565674,0
1787193300000,1.3607293367385864,1.360951542854309,1.3607293367385864,1.3608405590057373,0
1787193600000,1.3608959913253784,1.3609329462051392,1.3608959913253784,1.3609329462051392,0
1787193900000,1.3614518642425537,1.3614518642425537,1.3613035678863525,1.3613035678863525,0
1787194200000,1.3612109422683716,1.3613035678863525,1.3612109422683716,1.3613035678863525,0
1787194500000,1.3615074157714844,1.3617855310440063,1.361396312713623,1.3617855310440063,0
1787194800000,1.3614332675933838,1.3614332675933838,1.360951542854309,1.3610812425613403,0
1787195100000,1.361136794090271,1.3612480163574219,1.361136794090271,1.361136794090271,0
1787195400000,1.361155390739441,1.3613406419754028,1.361136794090271,1.3612850904464722,0
1787195700000,1.3613406419754028,1.3614704608917236,1.3613035678863525,1.3614332675933838,0
1787196000000,1.3614147901535034,1.3614332675933838,1.3611923456192017,1.3613035678863525,0
1787196300000,1.3613591194152832,1.3613591194152832,1.3611738681793213,1.3612664937973022,0
1787196600000,1.3615630865097046,1.3620452880859375,1.3615630865097046,1.3620452880859375,0
1787196900000,1.362230896949768,1.3624721765518188,1.362230896949768,1.3624721765518188,0
1787197200000,1.36263906955719,1.3631035089492798,1.36263906955719,1.36282479763031,0
1787197500000,1.36275053024292,1.36275053024292,1.3622123003005981,1.3622123003005981,0
1787197800000,1.362138032913208,1.362434983253479,1.362138032913208,1.362434983253479,0
1787198100000,1.3625833988189697,1.36275053024292,1.3625277280807495,1.3625277280807495,0
1787198400000,1.362453579902649,1.3626948595046997,1.362453579902649,1.3626948595046997,0
1787198700000,1.36273193359375,1.3628991842269897,1.36263906955719,1.3628991842269897,0
1787199000000,1.3629920482635498,1.36306631565094,1.36286199092865,1.36306631565094,0
1787199300000,1.3630849123001099,1.3633451461791992,1.3630849123001099,1.3632521629333496,0
1787199600000,1.3633451461791992,1.3636425733566284,1.3633451461791992,1.3635495901107788,0
1787199900000,1.3636425733566284,1.3636425733566284,1.3633265495300293,1.3633822202682495,0
1787200200000,1.3630106449127197,1.3632521629333496,1.3630106449127197,1.3631221055984497,0
1787200500000,1.36314058303833,1.3633079528808594,1.36314058303833,1.3632149696350098,0
1787200800000,1.3633265495300293,1.3634752035140991,1.3633265495300293,1.3633265495300293,0
1787201100000,1.3634381294250488,1.363512396812439,1.3633079528808594,1.3633079528808594,0
1787201400000,1.3634381294250488,1.363754153251648,1.3634381294250488,1.3636983633041382,0
1787201700000,1.3635867834091187,1.3636053800582886,1.3633451461791992,1.3636053800582886,0
1787202000000,1.3636425733566284,1.3636425733566284,1.3633079528808594,1.3633079528808594,0
1787202300000,1.3632893562316895,1.3636053800582886,1.3632893562316895,1.3636053800582886,0
1787202600000,1.3637913465499878,1.364126205444336,1.3637913465499878,1.3640146255493164,0
1787202900000,1.3640146255493164,1.3642005920410156,1.3640146255493164,1.364126205444336,0
1787203200000,1.3643310070037842,1.364517092704773,1.3642005920410156,1.3642005920410156,0
1787203500000,1.364349603652954,1.3644241094589233,1.364256501197815,1.3644241094589233,0
1787203800000,1.364386796951294,1.364498496055603,1.3643122911453247,1.3643122911453247,0
1787204100000,1.3641821146011353,1.364256501197815,1.3639960289001465,1.3639960289001465,0
1787204400000,1.3641633987426758,1.364479899406433,1.3641633987426758,1.364479899406433,0
1787204700000,1.364479899406433,1.364479899406433,1.364386796951294,1.364386796951294,0
1787205000000,1.3645356893539429,1.3646847009658813,1.364517092704773,1.364628791809082,0
1787205300000,1.364628791809082,1.36481511592865,1.3645542860031128,1.36481511592865,0
1787205600000,1.3644241094589233,1.3647218942642212,1.3644241094589233,1.3647218942642212,0
1787205900000,1.36481511592865,1.364908218383789,1.364628791809082,1.364908218383789,0
1787206200000,1.3657469749450684,1.3659149408340454,1.3655046224594116,1.3655046224594116,0
1787206500000,1.3656165599822998,1.3656165599822998,1.3654299974441528,1.3654299974441528,0
1787206800000,1.3652249574661255,1.3652808666229248,1.3651504516601562,1.3652808666229248,0
1787207100000,1.3653367757797241,1.3656538724899292,1.3653367757797241,1.3656538724899292,0
1787207400000,1.3655606508255005,1.3657097816467285,1.3655046224594116,1.3656724691390991,0
1787207700000,1.3655978441238403,1.3655978441238403,1.3652808666229248,1.3652808666229248,0
1787208000000,1.3651691675186157,1.3651691675186157,1.36481511592865,1.36481511592865,0
1787208300000,1.36481511592865,1.36481511592865,1.3647592067718506,1.3647778034210205,0
1787208600000,1.3645730018615723,1.3645730018615723,1.364126205444336,1.3642005920410156,0
1787208900000,1.3643310070037842,1.364498496055603,1.3642005920410156,1.364498496055603,0
1787209200000,1.364386796951294,1.364386796951294,1.364089012145996,1.364089012145996,0
1787209500000,1.3639215230941772,1.3639215230941772,1.3634381294250488,1.3634381294250488,0
1787209800000,1.363493800163269,1.363493800163269,1.3633079528808594,1.3634566068649292,0
1787210100000,1.3634566068649292,1.3635495901107788,1.3633822202682495,1.3635309934616089,0
1787210400000,1.363735556602478,1.3638099431991577,1.363735556602478,1.3637913465499878,0
1787210700000,1.3640331029891968,1.3640331029891968,1.3635681867599487,1.3635681867599487,0
1787211000000,1.3636797666549683,1.3641448020935059,1.3636797666549683,1.3641448020935059,0
1787211300000,1.3642005920410156,1.3642005920410156,1.3639960289001465,1.3640146255493164,0
1787211600000,1.3638657331466675,1.3638657331466675,1.3633079528808594,1.3633079528808594,0
1787211900000,1.36306631565094,1.3632521629333496,1.36306631565094,1.3632149696350098,0
1787212200000,1.3633079528808594,1.3633079528808594,1.3632335662841797,1.3632707595825195,0
1787212500000,1.3633079528808594,1.3634381294250488,1.3632335662841797,1.3632335662841797,0
1787212800000,1.3632521629333496,1.3632521629333496,1.3629363775253296,1.3629363775253296,0
1787213100000,1.3625277280807495,1.3626205921173096,1.3623050451278687,1.3626019954681396,0
1787213400000,1.3631035089492798,1.3634008169174194,1.3631035089492798,1.3634008169174194,0
1787213700000,1.3635309934616089,1.3638657331466675,1.3635309934616089,1.3636611700057983,0
1787214000000,1.3637913465499878,1.3640518188476562,1.3636611700057983,1.3638099431991577,0
1787214300000,1.3635495901107788,1.3636425733566284,1.363493800163269,1.3636053800582886,0
1787214600000,1.3635867834091187,1.3635867834091187,1.3626576662063599,1.3626576662063599,0
1787214900000,1.3629363775253296,1.36304771900177,1.36282479763031,1.36304771900177,0
1787215200000,1.3631035089492798,1.3638657331466675,1.3631035089492798,1.3638657331466675,0
1787215500000,1.3639029264450073,1.3639029264450073,1.363716959953308,1.3638843297958374,0
1787215800000,1.363958716392517,1.3641074895858765,1.3637913465499878,1.3637913465499878,0
1787216100000,1.3639215230941772,1.3645356893539429,1.3639215230941772,1.3642750978469849,0
1787216400000,1.3647218942642212,1.3650572299957275,1.3647218942642212,1.3650572299957275,0
1787216700000,1.3651504516601562,1.3652063608169556,1.3647778034210205,1.3647778034210205,0
1787217000000,1.3648523092269897,1.3648523092269897,1.364386796951294,1.364386796951294,0
1787217300000,1.3644425868988037,1.3648523092269897,1.3644425868988037,1.3648523092269897,0
1787217600000,1.3647592067718506,1.3647592067718506,1.364256501197815,1.364256501197815,0
1787217900000,1.3640146255493164,1.364237904548645,1.363977313041687,1.364237904548645,0
1787218200000,1.3642750978469849,1.3642750978469849,1.3637913465499878,1.3637913465499878,0
1787218500000,1.3640146255493164,1.3641074895858765,1.3637913465499878,1.3639215230941772,0
1787218800000,1.3638471364974976,1.3639402389526367,1.3638285398483276,1.3639402389526367,0
1787219100000,1.363977313041687,1.363977313041687,1.3634381294250488,1.3634381294250488,0
1787219400000,1.3636611700057983,1.3637727499008179,1.3634194135665894,1.3636611700057983,0
1787219700000,1.3638099431991577,1.3638471364974976,1.3634194135665894,1.3634381294250488,0
1787220000000,1.3636797666549683,1.3639029264450073,1.363493800163269,1.363493800163269,0
1787220300000,1.3634194135665894,1.3634381294250488,1.3633079528808594,1.3633079528808594,0
1787220600000,1.3631035089492798,1.3631221055984497,1.3628991842269897,1.3628991842269897,0
1787220900000,1.3629363775253296,1.3631964921951294,1.3629363775253296,1.3631964921951294,0
1787221200000,1.3632335662841797,1.363512396812439,1.3631221055984497,1.363512396812439,0
1787221500000,1.3635681867599487,1.3636239767074585,1.363493800163269,1.363512396812439,0
1787221800000,1.3635309934616089,1.3635681867599487,1.3634194135665894,1.3635309934616089,0
1787222100000,1.3634752035140991,1.3636425733566284,1.3632521629333496,1.3632521629333496,0
1787222400000,1.3634008169174194,1.3634008169174194,1.3631964921951294,1.3633079528808594,0
1787222700000,1.3632707595825195,1.3636611700057983,1.3632707595825195,1.3636611700057983,0
1787223000000,1.3632149696350098,1.3634566068649292,1.3632149696350098,1.3633451461791992,0
1787223300000,1.3632335662841797,1.3632893562316895,1.3630849123001099,1.3632335662841797,0
1787223600000,1.3633265495300293,1.3647406101226807,1.3633265495300293,1.364126205444336,0
1787223900000,1.364089012145996,1.364089012145996,1.3634008169174194,1.363512396812439,0
1787224200000,1.3634566068649292,1.3638471364974976,1.3634194135665894,1.3638471364974976,0
1787224500000,1.363716959953308,1.3639402389526367,1.363716959953308,1.3639029264450073,0
1787224800000,1.363958716392517,1.363958716392517,1.3631592988967896,1.3632521629333496,0
1787225100000,1.3630292415618896,1.364237904548645,1.3630292415618896,1.364237904548645,0
1787225400000,1.3643310070037842,1.3643310070037842,1.3638099431991577,1.3638099431991577,0
1787225700000,1.363735556602478,1.363754153251648,1.3635681867599487,1.3635681867599487,0
1787226000000,1.3634194135665894,1.3634194135665894,1.3629363775253296,1.3629363775253296,0
1787226300000,1.3630292415618896,1.3634194135665894,1.3630106449127197,1.3632707595825195,0
1787226600000,1.363512396812439,1.3636425733566284,1.3634566068649292,1.3635495901107788,0
1787226900000,1.3636983633041382,1.3638099431991577,1.3636797666549683,1.363735556602478,0
1787227200000,1.3636053800582886,1.3636611700057983,1.363493800163269,1.363493800163269,0
1787227500000,1.363512396812439,1.363512396812439,1.3632707595825195,1.3634381294250488,0
1787227800000,1.363512396812439,1.363512396812439,1.3631778955459595,1.3631778955459595,0
1787228100000,1.36304771900177,1.3632521629333496,1.36304771900177,1.3632521629333496,0
1787228400000,1.3632707595825195,1.3632707595825195,1.3631778955459595,1.3632521629333496,0
1787228700000,1.3631221055984497,1.3631221055984497,1.3628062009811401,1.3628062009811401,0
1787229000000,1.3627134561538696,1.3627877235412598,1.3625091314315796,1.3627134561538696,0
1787229300000,1.3627691268920898,1.3627877235412598,1.3625277280807495,1.3625277280807495,0
1787229600000,1.3628062009811401,1.3628062009811401,1.36263906955719,1.3628062009811401,0
1787229900000,1.36282479763031,1.3631592988967896,1.36282479763031,1.3631592988967896,0
1787230200000,1.3631964921951294,1.3631964921951294,1.3629363775253296,1.36304771900177,0
1787230500000,1.3631035089492798,1.3633822202682495,1.3630849123001099,1.3630849123001099,0
1787230800000,1.3631221055984497,1.36314058303833,1.3629734516143799,1.3630292415618896,0
1787231100000,1.3629734516143799,1.3629734516143799,1.3627134561538696,1.3627134561538696,0
1787231400000,1.36263906955719,1.36263906955719,1.3625833988189697,1.3626205921173096,0
1787231700000,1.3625463247299194,1.3626576662063599,1.3625091314315796,1.3625091314315796,0
1787232000000,1.3625091314315796,1.3625833988189697,1.3625091314315796,1.3625277280807495,0
1787232300000,1.3625648021697998,1.36273193359375,1.3625277280807495,1.36273193359375,0
1787232600000,1.3625277280807495,1.36273193359375,1.3625277280807495,1.3626762628555298,0
1787232900000,1.3625833988189697,1.3625833988189697,1.3624906539916992,1.3624906539916992,0
1787233200000,1.362416386604309,1.3625091314315796,1.362416386604309,1.3625091314315796,0
1787233500000,1.3625648021697998,1.3626948595046997,1.3625648021697998,1.3626762628555298,0
1787233800000,1.36275053024292,1.3627691268920898,1.3627134561538696,1.36275053024292,0
1787234100000,1.3626762628555298,1.3628062009811401,1.3626762628555298,1.3628062009811401,0
1787234400000,1.36282479763031,1.36282479763031,1.36263906955719,1.36273193359375,0
1787234700000,1.3628062009811401,1.3628062009811401,1.3625091314315796,1.3625091314315796,0
1787235000000,1.3624721765518188,1.3624721765518188,1.3622678518295288,1.362323522567749,0
1787235300000,1.3622678518295288,1.3623607158660889,1.362119436264038,1.3623607158660889,0
1787235600000,1.362434983253479,1.362453579902649,1.3622493743896484,1.3622493743896484,0
1787235900000,1.362342119216919,1.3623977899551392,1.362323522567749,1.3623793125152588,0
1787236200000,1.362434983253479,1.3625277280807495,1.3623607158660889,1.3624721765518188,0
1787236500000,1.3625463247299194,1.3625463247299194,1.3624906539916992,1.3624906539916992,0
1787236800000,1.3624906539916992,1.3625463247299194,1.362416386604309,1.362416386604309,0
1787237100000,1.362434983253479,1.3626762628555298,1.362434983253479,1.36263906955719,0
1787237400000,1.36263906955719,1.3628062009811401,1.3626205921173096,1.3628062009811401,0
1787237700000,1.3627877235412598,1.36282479763031,1.3627134561538696,1.3628062009811401,0
1787238000000,1.36273193359375,1.36275053024292,1.3626576662063599,1.3626576662063599,0
1787238300000,1.3626948595046997,1.36282479763031,1.3626948595046997,1.36282479763031,0
1787238600000,1.36275053024292,1.3629920482635498,1.36275053024292,1.3629920482635498,0
1787238900000,1.3630292415618896,1.3630292415618896,1.3629363775253296,1.3629363775253296,0
1787239200000,1.3629363775253296,1.3630106449127197,1.3629363775253296,1.3630106449127197,0
1787239500000,1.3630106449127197,1.3630292415618896,1.3628805875778198,1.3628805875778198,0
1787239800000,1.3630106449127197,1.3630292415618896,1.36284339427948,1.36284339427948,0
1787240100000,1.36282479763031,1.3629363775253296,1.36282479763031,1.3629363775253296,0
1787240400000,1.3628991842269897,1.3628991842269897,1.36282479763031,1.36284339427948,0
1787240700000,1.3628062009811401,1.3630292415618896,1.3628062009811401,1.3630292415618896,0
1787241000000,1.3630292415618896,1.3631035089492798,1.3630106449127197,1.36306631565094,0
1787241300000,1.3630292415618896,1.36306631565094,1.36286199092865,1.36286199092865,0
1787241600000,1.3630106449127197,1.36304771900177,1.3630106449127197,1.36304771900177,0
1787241900000,1.3630292415618896,1.3630849123001099,1.3629177808761597,1.3629549741744995,0
1787242200000,1.3630106449127197,1.3630106449127197,1.3629549741744995,1.3629734516143799,0
1787242500000,1.3629363775253296,1.3629734516143799,1.3629363775253296,1.3629549741744995,0
1787242800000,1.3629549741744995,1.3629549741744995,1.36282479763031,1.36282479763031,0
1787243100000,1.3628805875778198,1.3629549741744995,1.36282479763031,1.3629549741744995,0
1787243400000,1.3629734516143799,1.3629734516143799,1.3629177808761597,1.3629363775253296,0
1787243700000,1.3629920482635498,1.36306631565094,1.3629920482635498,1.36306631565094,0
1787244000000,1.3631035089492798,1.3632149696350098,1.36306631565094,1.3631964921951294,0
1787244300000,1.3633265495300293,1.3633265495300293,1.3632893562316895,1.3633079528808594,0
1787244600000,1.3632335662841797,1.3632335662841797,1.3631035089492798,1.3631035089492798,0
1787244900000,1.3631221055984497,1.3632149696350098,1.3630849123001099,1.3630849123001099,0
1787245200000,1.3631035089492798,1.3631592988967896,1.3630849123001099,1.3631592988967896,0
1787245500000,1.3626762628555298,1.3630849123001099,1.3626762628555298,1.3626762628555298,0
1787245800000,1.36282479763031,1.3630849123001099,1.36282479763031,1.36284339427948,0
1787246100000,1.3629734516143799,1.36314058303833,1.3629734516143799,1.3630106449127197,0
1787246400000,1.3632149696350098,1.3632149696350098,1.3630106449127197,1.36306631565094,0
1787246700000,1.3630106449127197,1.3633451461791992,1.3629734516143799,1.36304771900177,0
1787247000000,1.3631964921951294,1.3631964921951294,1.3631035089492798,1.3631778955459595,0
1787247300000,1.3632707595825195,1.3632707595825195,1.36304771900177,1.36314058303833,0
1787247600000,1.3632149696350098,1.3632149696350098,1.3629734516143799,1.3629734516143799,0
1787247900000,1.3629734516143799,1.3631964921951294,1.3629734516143799,1.3631964921951294,0
1787248200000,1.3631964921951294,1.3633451461791992,1.36306631565094,1.36306631565094,0
1787248500000,1.36304771900177,1.3633637428283691,1.36304771900177,1.3631035089492798,0
1787248800000,1.3632335662841797,1.3635495901107788,1.3632335662841797,1.363512396812439,0
1787249100000,1.363512396812439,1.3635309934616089,1.3634194135665894,1.3634194135665894,0
1787249400000,1.3634381294250488,1.3634752035140991,1.3634008169174194,1.3634381294250488,0
1787249700000,1.363512396812439,1.363512396812439,1.3633079528808594,1.3633265495300293,0
1787250000000,1.3634381294250488,1.363493800163269,1.3634194135665894,1.363493800163269,0
1787250300000,1.3636239767074585,1.3636983633041382,1.3635495901107788,1.3635495901107788,0
1787250600000,1.3635309934616089,1.3635309934616089,1.3634194135665894,1.3634194135665894,0
1787250900000,1.363493800163269,1.3635309934616089,1.363493800163269,1.363512396812439,0
1787251200000,1.3635495901107788,1.3635495901107788,1.363493800163269,1.363493800163269,0
1787251500000,1.363512396812439,1.3636053800582886,1.363512396812439,1.3635495901107788,0
1787251800000,1.3636239767074585,1.363735556602478,1.3636239767074585,1.363716959953308,0
1787252100000,1.3636611700057983,1.3636983633041382,1.3636053800582886,1.3636053800582886,0
1787252400000,1.363716959953308,1.3640331029891968,1.363716959953308,1.3640146255493164,0
1787252700000,1.3639215230941772,1.3639215230941772,1.363754153251648,1.3638657331466675,0
1787253000000,1.3638471364974976,1.3639215230941772,1.3638471364974976,1.3639215230941772,0
1787253300000,1.3638471364974976,1.3640704154968262,1.3638471364974976,1.3640704154968262,0
1787253600000,1.3641074895858765,1.3641633987426758,1.3641074895858765,1.3641448020935059,0
1787253900000,1.3641074895858765,1.364126205444336,1.364089012145996,1.364126205444336,0
1787254200000,1.3641633987426758,1.3641633987426758,1.3638099431991577,1.3638099431991577,0
1787254500000,1.3639402389526367,1.3639960289001465,1.3639215230941772,1.3639402389526367,0
1787254800000,1.3640146255493164,1.3641633987426758,1.3640146255493164,1.3641633987426758,0
1787255100000,1.3641633987426758,1.3642005920410156,1.3640704154968262,1.3642005920410156,0
1787255400000,1.3641633987426758,1.3642005920410156,1.364126205444336,1.3642005920410156,0
1787255700000,1.364237904548645,1.364386796951294,1.3642191886901855,1.3643310070037842,0
1787256000000,1.3643680810928345,1.364386796951294,1.3641821146011353,1.3642191886901855,0
1787256300000,1.3641074895858765,1.3641074895858765,1.3639402389526367,1.364089012145996,0
1787256600000,1.3642005920410156,1.3645542860031128,1.3642005920410156,1.3645542860031128,0
1787256900000,1.364386796951294,1.364610195159912,1.364386796951294,1.364610195159912,0
1787257200000,1.3647218942642212,1.3647218942642212,1.364479899406433,1.364479899406433,0
1787257500000,1.3645915985107422,1.364610195159912,1.3642191886901855,1.3642191886901855,0
1787257800000,1.3642005920410156,1.364256501197815,1.3640704154968262,1.364256501197815,0
1787258100000,1.3643680810928345,1.3643680810928345,1.364126205444336,1.3641821146011353,0
1787258400000,1.3641074895858765,1.3641074895858765,1.3639215230941772,1.3639960289001465,0
1787258700000,1.363958716392517,1.364089012145996,1.3639215230941772,1.364089012145996,0
1787259000000,1.364126205444336,1.3641448020935059,1.3639215230941772,1.3639215230941772,0
1787259300000,1.3639215230941772,1.363958716392517,1.3638285398483276,1.3638285398483276,0
1787259600000,1.3639215230941772,1.3639960289001465,1.3638285398483276,1.3639029264450073,0
1787259900000,1.3639215230941772,1.3639215230941772,1.363735556602478,1.363754153251648,0
1787260200000,1.3638285398483276,1.3640704154968262,1.3638285398483276,1.3640146255493164,0
1787260500000,1.3641448020935059,1.3644053936004639,1.3641448020935059,1.3642191886901855,0
1787260800000,1.3644053936004639,1.3644611835479736,1.3644053936004639,1.3644611835479736,0
1787261100000,1.364479899406433,1.3646661043167114,1.3644053936004639,1.3646661043167114,0
1787261400000,1.3647032976150513,1.3650014400482178,1.3647032976150513,1.3648896217346191,0
1787261700000,1.364908218383789,1.364945411682129,1.3645356893539429,1.3645356893539429,0
1787262000000,1.364498496055603,1.3645730018615723,1.364498496055603,1.364517092704773,0
1787262300000,1.364517092704773,1.3646475076675415,1.3644241094589233,1.3645542860031128,0
1787262600000,1.3644425868988037,1.364479899406433,1.3643310070037842,1.3643680810928345,0
1787262900000,1.364479899406433,1.364517092704773,1.3644053936004639,1.364517092704773,0
1787263200000,1.3645730018615723,1.364610195159912,1.3642936944961548,1.3642936944961548,0
1787263500000,1.364237904548645,1.3644053936004639,1.3641448020935059,1.3644053936004639,0
1787263800000,1.3644425868988037,1.3645915985107422,1.3644425868988037,1.3645915985107422,0
1787264100000,1.3645730018615723,1.3646475076675415,1.364479899406433,1.3645542860031128,0
1787264400000,1.364479899406433,1.3650386333465576,1.364479899406433,1.3650386333465576,0
1787264700000,1.3650572299957275,1.3650572299957275,1.3648709058761597,1.3648709058761597,0
1787265000000,1.365094542503357,1.3652063608169556,1.364908218383789,1.364926815032959,0
1787265300000,1.3650572299957275,1.3650572299957275,1.364908218383789,1.364926815032959,0
1787265600000,1.3650199174880981,1.365075945854187,1.364926815032959,1.365075945854187,0
1787265900000,1.3651504516601562,1.3654860258102417,1.3651504516601562,1.3654860258102417,0
1787266200000,1.3655046224594116,1.365541934967041,1.3653181791305542,1.3654299974441528,0
1787266500000,1.3653367757797241,1.3653367757797241,1.364908218383789,1.364908218383789,0
1787266800000,1.3648709058761597,1.3650386333465576,1.3648709058761597,1.364945411682129,0
1787267100000,1.36481511592865,1.3650572299957275,1.36481511592865,1.3650199174880981,0
1787267400000,1.3650386333465576,1.3651504516601562,1.3650199174880981,1.365075945854187,0
1787267700000,1.3650572299957275,1.3651131391525269,1.364908218383789,1.364945411682129,0
1787268000000,1.364926815032959,1.3650572299957275,1.364926815032959,1.364945411682129,0
1787268300000,1.364926815032959,1.364926815032959,1.3646661043167114,1.3646661043167114,0
1787268600000,1.364628791809082,1.3646661043167114,1.364610195159912,1.364610195159912,0
1787268900000,1.364610195159912,1.364610195159912,1.364386796951294,1.3644241094589233,0
1787269200000,1.3644425868988037,1.364498496055603,1.3644241094589233,1.364479899406433,0
1787269500000,1.3645356893539429,1.3645542860031128,1.3644611835479736,1.3644611835479736,0
1787269800000,1.3644611835479736,1.3645730018615723,1.3644241094589233,1.3645730018615723,0
1787270100000,1.3646475076675415,1.3646475076675415,1.3645730018615723,1.3645915985107422,0
1787270400000,1.364517092704773,1.364517092704773,1.364479899406433,1.364517092704773,0
1787270700000,1.3646475076675415,1.3646475076675415,1.364498496055603,1.3645356893539429,0
1787271000000,1.3644241094589233,1.364498496055603,1.3644241094589233,1.364498496055603,0
1787271300000,1.364498496055603,1.364610195159912,1.3644611835479736,1.3645356893539429,0
1787271600000,1.3645542860031128,1.3645542860031128,1.3643122911453247,1.3643122911453247,0
1787271900000,1.3643122911453247,1.3643122911453247,1.3642191886901855,1.3642191886901855,0
1787272200000,1.3642750978469849,1.3642750978469849,1.3641633987426758,1.3642005920410156,0
1787272500000,1.3641633987426758,1.3642191886901855,1.364126205444336,1.364126205444336,0
1787272800000,1.3641633987426758,1.364256501197815,1.363977313041687,1.364256501197815,0
1787273100000,1.364237904548645,1.3643310070037842,1.3642191886901855,1.3642191886901855,0
1787273400000,1.364237904548645,1.364237904548645,1.3642005920410156,1.3642005920410156,0
1787273700000,1.364349603652954,1.3644053936004639,1.3643310070037842,1.364386796951294,0
1787274000000,1.364237904548645,1.3643310070037842,1.3642005920410156,1.3643310070037842,0
1787274300000,1.3643122911453247,1.364349603652954,1.3643122911453247,1.364349603652954,0
1787274600000,1.3643680810928345,1.364386796951294,1.3643122911453247,1.364349603652954,0
1787274900000,1.3644053936004639,1.3644053936004639,1.3643310070037842,1.3643310070037842,0
1787275200000,1.3643122911453247,1.3643310070037842,1.3643122911453247,1.3643310070037842,0
1787275500000,1.3643310070037842,1.3643310070037842,1.3642191886901855,1.364256501197815,0
1787275800000,1.3642191886901855,1.3645730018615723,1.3641448020935059,1.3645730018615723,0
1787276100000,1.3646847009658813,1.36481511592865,1.3646847009658813,1.3647592067718506,0
1787276400000,1.364628791809082,1.3648709058761597,1.3645915985107422,1.3648709058761597,0
1787276700000,1.3646847009658813,1.3648709058761597,1.3646847009658813,1.3648709058761597,0
1787277000000,1.3650014400482178,1.3652622699737549,1.3650014400482178,1.3651318550109863,0
1787277300000,1.3652063608169556,1.3652995824813843,1.3651691675186157,1.3652622699737549,0
1787277600000,1.3650386333465576,1.3650386333465576,1.364498496055603,1.3645356893539429,0
1787277900000,1.3645915985107422,1.3645915985107422,1.3644425868988037,1.364479899406433,0
1787278200000,1.3645356893539429,1.3645356893539429,1.3644241094589233,1.3644611835479736,0
1787278500000,1.3645730018615723,1.3647218942642212,1.3645730018615723,1.3647032976150513,0
1787278800000,1.3645915985107422,1.3645915985107422,1.3642191886901855,1.364237904548645,0
1787279100000,1.3642936944961548,1.364610195159912,1.3642936944961548,1.364517092704773,0
1787279400000,1.364517092704773,1.3650386333465576,1.364517092704773,1.3650386333465576,0
1787279700000,1.3650572299957275,1.3650572299957275,1.3646847009658813,1.3647406101226807,0
1787280000000,1.364610195159912,1.364628791809082,1.364517092704773,1.364628791809082,0
1787280300000,1.364479899406433,1.364926815032959,1.3644611835479736,1.364926815032959,0
1787280600000,1.3649827241897583,1.3649827241897583,1.3647218942642212,1.3647218942642212,0
1787280900000,1.3647032976150513,1.3650014400482178,1.3647032976150513,1.3650014400482178,0
1787281200000,1.365075945854187,1.3652249574661255,1.3650386333465576,1.3651318550109863,0
1787281500000,1.3650014400482178,1.3650014400482178,1.3644611835479736,1.3644611835479736,0
1787281800000,1.364610195159912,1.364908218383789,1.364610195159912,1.364908218383789,0
1787282100000,1.3647778034210205,1.3652622699737549,1.3647778034210205,1.365243673324585,0
1787282400000,1.3651131391525269,1.3651131391525269,1.3649641275405884,1.365075945854187,0
1787282700000,1.3650014400482178,1.3650014400482178,1.3647964000701904,1.3650014400482178,0
1787283000000,1.3650572299957275,1.3652063608169556,1.3650199174880981,1.3652063608169556,0
1787283300000,1.3652249574661255,1.365243673324585,1.3651318550109863,1.365243673324585,0
1787283600000,1.3653181791305542,1.3653181791305542,1.3643310070037842,1.3643310070037842,0
1787283900000,1.364349603652954,1.364349603652954,1.364126205444336,1.3643310070037842,0
1787284200000,1.364256501197815,1.364256501197815,1.3640146255493164,1.3640146255493164,0
1787284500000,1.3640146255493164,1.3641633987426758,1.3639215230941772,1.3641633987426758,0
1787284800000,1.3642750978469849,1.3642750978469849,1.3642005920410156,1.3642005920410156,0
1787285100000,1.3640518188476562,1.3640518188476562,1.3635867834091187,1.3639029264450073,0
1787285400000,1.3640518188476562,1.3641448020935059,1.3640146255493164,1.3641448020935059,0
1787285700000,1.3641074895858765,1.3642750978469849,1.3639029264450073,1.3640704154968262,0
1787286000000,1.3639215230941772,1.3641633987426758,1.3639215230941772,1.3641448020935059,0
1787286300000,1.3642936944961548,1.3647592067718506,1.3642936944961548,1.3646661043167114,0
1787286600000,1.3648523092269897,1.3650199174880981,1.3648337125778198,1.3648337125778198,0
1787286900000,1.3650386333465576,1.3652249574661255,1.3650386333465576,1.3652249574661255,0
1787287200000,1.3653181791305542,1.3658217191696167,1.3653181791305542,1.3658217191696167,0
1787287500000,1.3656165599822998,1.3658030033111572,1.3656165599822998,1.3656724691390991,0
1787287800000,1.365859031677246,1.3660829067230225,1.365859031677246,1.3659336566925049,0
1787288100000,1.366045594215393,1.3665496110916138,1.3660268783569336,1.3665496110916138,0
1787288400000,1.3663815259933472,1.3667924404144287,1.3663815259933472,1.3667924404144287,0
1787288700000,1.3667550086975098,1.3675401210784912,1.3667550086975098,1.3675401210784912,0
1787289000000,1.3673717975616455,1.3673903942108154,1.3672783374786377,1.3672783374786377,0
1787289300000,1.3673903942108154,1.3673903942108154,1.3668859004974365,1.3668859004974365,0
1787289600000,1.3667362928390503,1.3667924404144287,1.3664562702178955,1.3664562702178955,0
1787289900000,1.3663815259933472,1.3663815259933472,1.3660082817077637,1.3661761283874512,0
1787290200000,1.366045594215393,1.3663629293441772,1.366045594215393,1.3663069009780884,0
1787290500000,1.3661202192306519,1.3663069009780884,1.3660829067230225,1.3661948442459106,0
1787290800000,1.3661948442459106,1.3662135601043701,1.3659895658493042,1.3660082817077637,0
1787291100000,1.3658963441848755,1.3660829067230225,1.365728497505188,1.3660829067230225,0
1787291400000,1.3659709692001343,1.3660082817077637,1.3658403158187866,1.3660082817077637,0
1787291700000,1.3659895658493042,1.3659895658493042,1.365541934967041,1.365541934967041,0
1787292000000,1.365392804145813,1.3660268783569336,1.365392804145813,1.3659336566925049,0
1787292300000,1.3658217191696167,1.3660082817077637,1.3658217191696167,1.3659149408340454,0
1787292600000,1.3659895658493042,1.3659895658493042,1.3657469749450684,1.3658403158187866,0
1787292900000,1.366045594215393,1.366269588470459,1.366045594215393,1.3662322759628296,0
1787293200000,1.3662135601043701,1.366288185119629,1.3659709692001343,1.366288185119629,0
1787293500000,1.3664562702178955,1.3666056394577026,1.366437554359436,1.366437554359436,0
1787293800000,1.3663629293441772,1.3663629293441772,1.3662508726119995,1.3662508726119995,0
1787294100000,1.3663069009780884,1.3664562702178955,1.3663069009780884,1.366437554359436,0
1787294400000,1.366288185119629,1.366288185119629,1.3661389350891113,1.3661761283874512,0
1787294700000,1.3661202192306519,1.3661202192306519,1.3658403158187866,1.3658403158187866,0
1787295000000,1.3656538724899292,1.3656538724899292,1.365392804145813,1.365392804145813,0
1787295300000,1.3654673099517822,1.3654673099517822,1.3647032976150513,1.3649827241897583,0
1787295600000,1.364926815032959,1.3649641275405884,1.3648896217346191,1.3648896217346191,0
1787295900000,1.365075945854187,1.3651318550109863,1.3647964000701904,1.3651318550109863,0
1787296200000,1.3652808666229248,1.3654860258102417,1.3652808666229248,1.3654860258102417,0
1787296500000,1.365691065788269,1.365691065788269,1.3655046224594116,1.3655046224594116,0
1787296800000,1.3655606508255005,1.366269588470459,1.3655606508255005,1.366269588470459,0
1787297100000,1.366269588470459,1.3663254976272583,1.3661015033721924,1.3663254976272583,0
1787297400000,1.3659895658493042,1.3659895658493042,1.3654860258102417,1.3655791282653809,0
1787297700000,1.3658030033111572,1.366045594215393,1.3657844066619873,1.3657844066619873,0
1787298000000,1.365691065788269,1.365691065788269,1.3654860258102417,1.3655978441238403,0
1787298300000,1.3654673099517822,1.3654673099517822,1.3653740882873535,1.3654299974441528,0
1787298600000,1.3652063608169556,1.3653181791305542,1.3652063608169556,1.365243673324585,0
1787298900000,1.3651691675186157,1.3657656908035278,1.3651691675186157,1.3657656908035278,0
1787299200000,1.3658403158187866,1.3660082817077637,1.3655606508255005,1.3655606508255005,0
1787299500000,1.365859031677246,1.3659336566925049,1.3656538724899292,1.3656538724899292,0
1787299800000,1.365541934967041,1.365541934967041,1.365411400794983,1.365411400794983,0
1787300100000,1.3655606508255005,1.3657469749450684,1.3653367757797241,1.3657469749450684,0
1787300400000,1.3657844066619873,1.3658217191696167,1.3656165599822998,1.3658217191696167,0
1787300700000,1.3655046224594116,1.3655791282653809,1.3653740882873535,1.3653740882873535,0
1787301000000,1.3650572299957275,1.3650572299957275,1.364908218383789,1.364908218383789,0
1787301300000,1.364386796951294,1.364386796951294,1.3636425733566284,1.3636425733566284,0
1787301600000,1.3638843297958374,1.3646661043167114,1.3638843297958374,1.364479899406433,0
1787301900000,1.3645356893539429,1.3645356893539429,1.364349603652954,1.364386796951294,0
1787302200000,1.3644611835479736,1.3644611835479736,1.3639960289001465,1.3643122911453247,0
1787302500000,1.3641633987426758,1.3644053936004639,1.364089012145996,1.364386796951294,0
1787302800000,1.364610195159912,1.364610195159912,1.3641821146011353,1.3641821146011353,0
1787303100000,1.364237904548645,1.364237904548645,1.3638657331466675,1.3640704154968262,0
1787303400000,1.3638285398483276,1.3638285398483276,1.363716959953308,1.3638285398483276,0
1787303700000,1.3638285398483276,1.3638657331466675,1.3635867834091187,1.3635867834091187,0
1787304000000,1.3636983633041382,1.3638657331466675,1.3635867834091187,1.3635867834091187,0
1787304300000,1.363512396812439,1.3636983633041382,1.363512396812439,1.3636983633041382,0
1787304600000,1.3636797666549683,1.363716959953308,1.363512396812439,1.3636053800582886,0
1787304900000,1.3638285398483276,1.3638285398483276,1.3636053800582886,1.363735556602478,0
1787305200000,1.3637913465499878,1.3640331029891968,1.3637913465499878,1.3640146255493164,0
1787305500000,1.3638285398483276,1.3641448020935059,1.3638285398483276,1.3640331029891968,0
1787305800000,1.3642005920410156,1.3644053936004639,1.3640331029891968,1.3644053936004639,0
1787306100000,1.364628791809082,1.364628791809082,1.364386796951294,1.364498496055603,0
1787306400000,1.3641448020935059,1.3642936944961548,1.3640331029891968,1.3642936944961548,0
1787306700000,1.3644053936004639,1.3644053936004639,1.3637913465499878,1.3639215230941772,0
1787307000000,1.3638843297958374,1.364089012145996,1.3638843297958374,1.364089012145996,0
1787307300000,1.3641448020935059,1.3642936944961548,1.364089012145996,1.3641821146011353,0
1787307600000,1.3640704154968262,1.3640704154968262,1.3636611700057983,1.3637913465499878,0
1787307900000,1.3638285398483276,1.3638285398483276,1.363493800163269,1.363512396812439,0
1787308200000,1.3631778955459595,1.3631778955459595,1.3626762628555298,1.3626762628555298,0
1787308500000,1.3626762628555298,1.3626762628555298,1.3619153499603271,1.362230896949768,0
1787308800000,1.3621008396148682,1.36273193359375,1.3621008396148682,1.3623607158660889,0
1787309100000,1.3625277280807495,1.36263906955719,1.3624906539916992,1.36263906955719,0
1787309400000,1.3630106449127197,1.36314058303833,1.3625648021697998,1.3625648021697998,0
1787309700000,1.3621751070022583,1.36263906955719,1.3621751070022583,1.362453579902649,0
1787310000000,1.3625277280807495,1.36286199092865,1.3625277280807495,1.36286199092865,0
1787310300000,1.3628062009811401,1.3628062009811401,1.3623607158660889,1.3623607158660889,0
1787310600000,1.3627134561538696,1.36282479763031,1.3625833988189697,1.36263906955719,0
1787310900000,1.3627134561538696,1.3627134561538696,1.3625277280807495,1.36263906955719,0
1787311200000,1.3626019954681396,1.3626576662063599,1.3625277280807495,1.36263906955719,0
1787311500000,1.3627134561538696,1.36314058303833,1.3627134561538696,1.36304771900177,0
1787311800000,1.3631592988967896,1.3634566068649292,1.3631592988967896,1.3634566068649292,0
1787312100000,1.3636239767074585,1.3636239767074585,1.3633265495300293,1.3633822202682495,0
1787312400000,1.3634194135665894,1.3638471364974976,1.3634194135665894,1.3638471364974976,0
1787312700000,1.3639402389526367,1.3639402389526367,1.3636053800582886,1.3636053800582886,0
1787313000000,1.3636239767074585,1.3639960289001465,1.3636239767074585,1.3639960289001465,0
1787313300000,1.3640518188476562,1.364237904548645,1.3640146255493164,1.364237904548645,0
1787313600000,1.3643122911453247,1.3644241094589233,1.3643122911453247,1.3644241094589233,0
1787313900000,1.364126205444336,1.364126205444336,1.363716959953308,1.3640146255493164,0
1787314200000,1.364126205444336,1.364126205444336,1.3640331029891968,1.3640518188476562,0
1787314500000,1.3640331029891968,1.3640331029891968,1.363754153251648,1.363754153251648,0
1787314800000,1.363754153251648,1.3643122911453247,1.363754153251648,1.3642936944961548,0
1787315100000,1.3641448020935059,1.3641821146011353,1.3640518188476562,1.3641821146011353,0
1787315400000,1.3642750978469849,1.3644425868988037,1.3642005920410156,1.3643122911453247,0
1787315700000,1.364349603652954,1.3644611835479736,1.3643310070037842,1.3644611835479736,0
1787316000000,1.3643310070037842,1.3643310070037842,1.3642005920410156,1.3642005920410156,0
1787316300000,1.364386796951294,1.364386796951294,1.364089012145996,1.3642005920410156,0
1787316600000,1.364256501197815,1.364256501197815,1.3641074895858765,1.3641633987426758,0
1787316900000,1.364089012145996,1.3642750978469849,1.364089012145996,1.3642750978469849,0
1787317200000,1.3641821146011353,1.364237904548645,1.3641633987426758,1.3641633987426758,0
1787317500000,1.3641821146011353,1.364256501197815,1.3641074895858765,1.3642191886901855,0
1787317800000,1.364256501197815,1.364256501197815,1.3640331029891968,1.3640518188476562,0
1787318100000,1.364126205444336,1.3643680810928345,1.364126205444336,1.3643680810928345,0
1787318400000,1.3643680810928345,1.3643680810928345,1.3641821146011353,1.364237904548645,0
1787318700000,1.364256501197815,1.3646475076675415,1.364256501197815,1.3646475076675415,0
1787319000000,1.3644241094589233,1.3647032976150513,1.3644241094589233,1.3647032976150513,0
1787319300000,1.36481511592865,1.364908218383789,1.3647032976150513,1.3647032976150513,0
1787319600000,1.3647032976150513,1.3647964000701904,1.3645356893539429,1.3645356893539429,0
1787319900000,1.364610195159912,1.364628791809082,1.3645915985107422,1.364610195159912,0
1787320200000,1.3645915985107422,1.36481511592865,1.3645915985107422,1.3647964000701904,0
1787320500000,1.3647406101226807,1.364945411682129,1.3647406101226807,1.3648896217346191,0
1787320800000,1.3649827241897583,1.3653554916381836,1.3649827241897583,1.3652808666229248,0
1787321100000,1.3652808666229248,1.3654487133026123,1.3652622699737549,1.3652622699737549,0
1787321400000,1.3652995824813843,1.3652995824813843,1.3651318550109863,1.3651318550109863,0
1787321700000,1.3650572299957275,1.3651318550109863,1.3650572299957275,1.3651318550109863,0
1787322000000,1.3650199174880981,1.365075945854187,1.3649641275405884,1.3650386333465576,0
1787322300000,1.3652249574661255,1.3652808666229248,1.3651504516601562,1.3652063608169556,0
1787322600000,1.365094542503357,1.3652063608169556,1.365094542503357,1.3652063608169556,0
1787322900000,1.3651318550109863,1.3652622699737549,1.3651318550109863,1.3652249574661255,0
1787323200000,1.365243673324585,1.3652808666229248,1.3651504516601562,1.3652063608169556,0
1787323500000,1.3652249574661255,1.3652249574661255,1.3651131391525269,1.3651318550109863,0
1787323800000,1.3650572299957275,1.3651691675186157,1.364945411682129,1.3651691675186157,0
1787324100000,1.3651131391525269,1.3652063608169556,1.3650572299957275,1.3652063608169556,0
1787324400000,1.3652622699737549,1.3652622699737549,1.3650199174880981,1.3650199174880981,0
1787324700000,1.3650386333465576,1.3650386333465576,1.3648523092269897,1.3648523092269897,0
1787325000000,1.364908218383789,1.3649827241897583,1.3648709058761597,1.364908218383789,0
1787325300000,1.3648896217346191,1.3649641275405884,1.3648709058761597,1.364908218383789,0
1787325600000,1.364926815032959,1.364926815032959,1.3648523092269897,1.3648523092269897,0
1787325900000,1.36481511592865,1.3648523092269897,1.3647592067718506,1.3648523092269897,0
1787326200000,1.3648337125778198,1.364926815032959,1.3647964000701904,1.3647964000701904,0
1787326500000,1.3647218942642212,1.3648709058761597,1.3647032976150513,1.3648709058761597,0
1787326800000,1.3648337125778198,1.3648337125778198,1.3647218942642212,1.3647218942642212,0
1787327100000,1.36481511592865,1.365075945854187,1.36481511592865,1.365075945854187,0
1787327400000,1.3650386333465576,1.3650386333465576,1.36481511592865,1.36481511592865,0
1787327700000,1.3646475076675415,1.3647592067718506,1.3646475076675415,1.3647592067718506,0
1787328000000,1.3646661043167114,1.3648337125778198,1.3646661043167114,1.3648337125778198,0
1787328300000,1.3647964000701904,1.364908218383789,1.3647218942642212,1.364908218383789,0
1787328600000,1.3648709058761597,1.3648709058761597,1.3646475076675415,1.3648523092269897,0
1787328900000,1.3647218942642212,1.3647778034210205,1.3646847009658813,1.3647218942642212,0
1787329200000,1.3647032976150513,1.3647406101226807,1.3646847009658813,1.3647032976150513,0
1787329500000,1.36481511592865,1.36481511592865,1.3645356893539429,1.3645356893539429,0
1787329800000,1.3645730018615723,1.3645730018615723,1.3643122911453247,1.3643310070037842,0
1787330100000,1.3642750978469849,1.3644425868988037,1.3642750978469849,1.3642750978469849,0
1787330400000,1.3642005920410156,1.3644611835479736,1.3642005920410156,1.3644053936004639,0
1787330700000,1.364517092704773,1.364517092704773,1.3643310070037842,1.3644611835479736,0
1787331000000,1.3644241094589233,1.3644425868988037,1.3643122911453247,1.3644425868988037,0
1787331300000,1.3643310070037842,1.364628791809082,1.3642936944961548,1.364628791809082,0
1787331600000,1.3647964000701904,1.3647964000701904,1.3647964000701904,1.3647964000701904,0
1787331900000,1.3647964000701904,1.3647964000701904,1.3647964000701904,1.3647964000701904,0
1787332200000,1.3647964000701904,1.3647964000701904,1.3647964000701904,1.3647964000701904,0
1787332500000,1.3647964000701904,1.3647964000701904,1.3647964000701904,1.3647964000701904,0
1787332800000,1.3647964000701904,1.3647964000701904,1.3647964000701904,1.3647964000701904,0
1787333100000,1.3647964000701904,1.3647964000701904,1.3647964000701904,1.3647964000701904,0
1787511600000,1.364349603652954,1.3644425868988037,1.364349603652954,1.3644241094589233,0
1787511900000,1.3644053936004639,1.3644053936004639,1.364386796951294,1.3644053936004639,0
1787512200000,1.3644425868988037,1.364479899406433,1.3644425868988037,1.364479899406433,0
1787512500000,1.3644425868988037,1.3644425868988037,1.364349603652954,1.3644425868988037,0
1787512800000,1.3644611835479736,1.3646475076675415,1.3644611835479736,1.3645542860031128,0
1787513100000,1.364610195159912,1.364610195159912,1.3645915985107422,1.364610195159912,0
1787513400000,1.364628791809082,1.364628791809082,1.3645915985107422,1.3645915985107422,0
1787513700000,1.3646661043167114,1.3647032976150513,1.3646475076675415,1.3646475076675415,0
1787514000000,1.3646475076675415,1.3646475076675415,1.3645915985107422,1.364628791809082,0
1787514300000,1.3646661043167114,1.3648896217346191,1.3646661043167114,1.3648896217346191,0
1787514600000,1.3648337125778198,1.3651318550109863,1.3648337125778198,1.3651318550109863,0
1787514900000,1.3652249574661255,1.3654487133026123,1.3652249574661255,1.3654487133026123,0
1787515200000,1.3654673099517822,1.3656351566314697,1.3653740882873535,1.3653740882873535,0
1787515500000,1.3654299974441528,1.3655791282653809,1.3653740882873535,1.3653740882873535,0
1787515800000,1.3653740882873535,1.3656165599822998,1.3653554916381836,1.3653554916381836,0
1787516100000,1.3655046224594116,1.3655046224594116,1.3653367757797241,1.3653367757797241,0
1787516400000,1.3653367757797241,1.3655232191085815,1.3652249574661255,1.3654860258102417,0
1787516700000,1.3654299974441528,1.3654299974441528,1.365187644958496,1.365187644958496,0
1787517000000,1.3651691675186157,1.3652249574661255,1.3651504516601562,1.3651504516601562,0
1787517300000,1.3651504516601562,1.3651504516601562,1.3650386333465576,1.3651504516601562,0
1787517600000,1.365187644958496,1.365187644958496,1.365094542503357,1.365094542503357,0
1787517900000,1.3652063608169556,1.3652063608169556,1.3650014400482178,1.3650572299957275,0
1787518200000,1.365187644958496,1.3652995824813843,1.3651131391525269,1.3652063608169556,0
1787518500000,1.3652995824813843,1.365541934967041,1.3652249574661255,1.365541934967041,0
1787518800000,1.3655791282653809,1.3655791282653809,1.3651504516601562,1.3651504516601562,0
1787519100000,1.3652808666229248,1.3653367757797241,1.3649641275405884,1.3649641275405884,0
1787519400000,1.3651318550109863,1.3651318550109863,1.3648523092269897,1.3648523092269897,0
1787519700000,1.3647778034210205,1.364908218383789,1.3647032976150513,1.364908218383789,0
1787520000000,1.3647592067718506,1.3647592067718506,1.364628791809082,1.3646661043167114,0
1787520300000,1.3647218942642212,1.3647218942642212,1.3644053936004639,1.3644053936004639,0
1787520600000,1.3642936944961548,1.3643122911453247,1.364256501197815,1.3642750978469849,0
1787520900000,1.3643310070037842,1.3644053936004639,1.3643122911453247,1.364349603652954,0
1787521200000,1.3643310070037842,1.3644425868988037,1.3642936944961548,1.3644241094589233,0
1787521500000,1.364386796951294,1.364498496055603,1.364386796951294,1.364498496055603,0
1787521800000,1.3646661043167114,1.3648337125778198,1.364628791809082,1.3648337125778198,0
1787522100000,1.3647964000701904,1.3648709058761597,1.3647964000701904,1.3648709058761597,0
1787522400000,1.3648337125778198,1.364926815032959,1.3647592067718506,1.364926815032959,0
1787522700000,1.3647218942642212,1.3648709058761597,1.3647218942642212,1.3648709058761597,0
1787523000000,1.364926815032959,1.365075945854187,1.3648709058761597,1.365075945854187,0
1787523300000,1.3651504516601562,1.3652249574661255,1.3651131391525269,1.3651131391525269,0
1787523600000,1.3651504516601562,1.3651504516601562,1.365075945854187,1.3651318550109863,0
1787523900000,1.3651504516601562,1.3651504516601562,1.3650386333465576,1.3650572299957275,0
1787524200000,1.3650014400482178,1.3650014400482178,1.3647778034210205,1.3647778034210205,0
1787524500000,1.3647964000701904,1.3647964000701904,1.3647032976150513,1.3647032976150513,0
1787524800000,1.3646847009658813,1.3647218942642212,1.3646661043167114,1.3647218942642212,0
1787525100000,1.3647592067718506,1.3647964000701904,1.3646847009658813,1.3647218942642212,0
1787525400000,1.3647592067718506,1.364945411682129,1.3647406101226807,1.364945411682129,0
1787525700000,1.3649827241897583,1.3650572299957275,1.3649827241897583,1.3650014400482178,0
1787526000000,1.3650572299957275,1.3650572299957275,1.3648523092269897,1.364945411682129,0
1787526300000,1.364926815032959,1.364945411682129,1.36481511592865,1.36481511592865,0
1787526600000,1.36481511592865,1.36481511592865,1.3646661043167114,1.3647778034210205,0
1787526900000,1.36481511592865,1.3648523092269897,1.3647778034210205,1.3648523092269897,0
1787527200000,1.3647406101226807,1.364945411682129,1.3647406101226807,1.364945411682129,0
1787527500000,1.3649641275405884,1.3649641275405884,1.36481511592865,1.36481511592865,0
1787527800000,1.36481511592865,1.3648709058761597,1.3647964000701904,1.3648709058761597,0
1787528100000,1.3648523092269897,1.3648523092269897,1.3647592067718506,1.3648337125778198,0
1787528400000,1.3647964000701904,1.3647964000701904,1.364628791809082,1.364628791809082,0
1787528700000,1.3645730018615723,1.364628791809082,1.364517092704773,1.364517092704773,0
1787529000000,1.3644425868988037,1.364628791809082,1.3644241094589233,1.364628791809082,0
1787529300000,1.364610195159912,1.3646661043167114,1.3645915985107422,1.3645915985107422,0
1787529600000,1.3645730018615723,1.3645915985107422,1.364517092704773,1.364517092704773,0
1787529900000,1.364386796951294,1.3644053936004639,1.3643310070037842,1.3643310070037842,0
1787530200000,1.364256501197815,1.3645542860031128,1.364256501197815,1.3644053936004639,0
1787530500000,1.364386796951294,1.3644053936004639,1.3643310070037842,1.364349603652954,0
1787530800000,1.364517092704773,1.364517092704773,1.3644241094589233,1.364479899406433,0
1787531100000,1.364517092704773,1.3647406101226807,1.364517092704773,1.3647406101226807,0
1787531400000,1.3646661043167114,1.3647032976150513,1.364610195159912,1.364610195159912,0
1787531700000,1.3646661043167114,1.3646661043167114,1.3645356893539429,1.3645542860031128,0
1787532000000,1.364610195159912,1.3646475076675415,1.364610195159912,1.364628791809082,0
1787532300000,1.3645730018615723,1.364628791809082,1.3645356893539429,1.3645542860031128,0
1787532600000,1.364628791809082,1.3647032976150513,1.3645356893539429,1.3647032976150513,0
1787532900000,1.3647032976150513,1.3647406101226807,1.3646475076675415,1.3647406101226807,0
1787533200000,1.3647406101226807,1.3647406101226807,1.364628791809082,1.364628791809082,0
1787533500000,1.3645730018615723,1.3645915985107422,1.364517092704773,1.3645542860031128,0
1787533800000,1.3645542860031128,1.3645542860031128,1.364498496055603,1.364517092704773,0
1787534100000,1.3645542860031128,1.3647032976150513,1.3645542860031128,1.364610195159912,0
1787534400000,1.364610195159912,1.364610195159912,1.3643680810928345,1.3644241094589233,0
1787534700000,1.3644241094589233,1.364479899406433,1.3643680810928345,1.364386796951294,0
1787535000000,1.364386796951294,1.3644425868988037,1.3641821146011353,1.3641821146011353,0
1787535300000,1.364349603652954,1.364349603652954,1.364089012145996,1.3641448020935059,0
1787535600000,1.3641448020935059,1.3641448020935059,1.3640146255493164,1.3640331029891968,0
1787535900000,1.3640331029891968,1.364126205444336,1.3640146255493164,1.364126205444336,0
1787536200000,1.3641448020935059,1.3644053936004639,1.3641448020935059,1.3643122911453247,0
1787536500000,1.3644053936004639,1.3644425868988037,1.3643310070037842,1.3644425868988037,0
1787536800000,1.364517092704773,1.364517092704773,1.3643310070037842,1.3643680810928345,0
1787537100000,1.3642936944961548,1.3644611835479736,1.3642936944961548,1.3644611835479736,0
1787537400000,1.3644241094589233,1.3644241094589233,1.364237904548645,1.3642750978469849,0
1787537700000,1.364386796951294,1.3644053936004639,1.3642750978469849,1.3642750978469849,0
1787538000000,1.3642191886901855,1.3642191886901855,1.3640146255493164,1.3641448020935059,0
1787538300000,1.3641448020935059,1.3641633987426758,1.3640331029891968,1.3640331029891968,0
1787538600000,1.3641074895858765,1.3641633987426758,1.3640146255493164,1.3641633987426758,0
1787538900000,1.3641821146011353,1.364237904548645,1.3641633987426758,1.3641821146011353,0
1787539200000,1.3642005920410156,1.364237904548645,1.3641448020935059,1.364237904548645,0
1787539500000,1.364089012145996,1.364089012145996,1.3639215230941772,1.3640704154968262,0
1787539800000,1.3642750978469849,1.3646661043167114,1.3642750978469849,1.364610195159912,0
1787540100000,1.364479899406433,1.364479899406433,1.3642936944961548,1.3644053936004639,0
1787540400000,1.3647592067718506,1.364926815032959,1.3647032976150513,1.3647032976150513,0
1787540700000,1.3644611835479736,1.3645356893539429,1.3644241094589233,1.3644611835479736,0
1787541000000,1.3645915985107422,1.3645915985107422,1.364386796951294,1.364386796951294,0
1787541300000,1.3644241094589233,1.3644241094589233,1.3642191886901855,1.364256501197815,0
1787541600000,1.3645542860031128,1.3646661043167114,1.364498496055603,1.364498496055603,0
1787541900000,1.3645542860031128,1.364610195159912,1.3644611835479736,1.364498496055603,0
1787542200000,1.3644611835479736,1.3648896217346191,1.3644611835479736,1.3648896217346191,0
1787542500000,1.3648709058761597,1.3648709058761597,1.3647032976150513,1.3647032976150513,0
1787542800000,1.3645915985107422,1.3645915985107422,1.3636611700057983,1.3636611700057983,0
1787543100000,1.3633451461791992,1.363512396812439,1.3633451461791992,1.363512396812439,0
1787543400000,1.3636611700057983,1.3636611700057983,1.3635495901107788,1.3635495901107788,0
1787543700000,1.3638843297958374,1.3638843297958374,1.363493800163269,1.363493800163269,0
1787544000000,1.3633637428283691,1.363493800163269,1.3632521629333496,1.363493800163269,0
1787544300000,1.3635867834091187,1.3637727499008179,1.3635309934616089,1.363716959953308,0
1787544600000,1.3635495901107788,1.3635495901107788,1.3631592988967896,1.3631592988967896,0
1787544900000,1.3631035089492798,1.3632335662841797,1.3628991842269897,1.3632335662841797,0
1787545200000,1.3633079528808594,1.3633079528808594,1.3629734516143799,1.3629734516143799,0
1787545500000,1.3627877235412598,1.36286199092865,1.3626948595046997,1.36273193359375,0
1787545800000,1.3628062009811401,1.3629177808761597,1.3627877235412598,1.3629177808761597,0
1787546100000,1.3629734516143799,1.3631035089492798,1.3629177808761597,1.3631035089492798,0
1787546400000,1.3631778955459595,1.3632521629333496,1.36314058303833,1.3632335662841797,0
1787546700000,1.3631221055984497,1.3631964921951294,1.3629920482635498,1.3631964921951294,0
1787547000000,1.3633822202682495,1.3633822202682495,1.3630849123001099,1.3631221055984497,0
1787547300000,1.3630849123001099,1.3630849123001099,1.362416386604309,1.362416386604309,0
1787547600000,1.3623793125152588,1.3629363775253296,1.3623793125152588,1.36275053024292,0
1787547900000,1.36282479763031,1.36282479763031,1.3625648021697998,1.3625648021697998,0
1787548200000,1.3625648021697998,1.36284339427948,1.3625648021697998,1.3626948595046997,0
1787548500000,1.36286199092865,1.3628805875778198,1.3627877235412598,1.3628062009811401,0
1787548800000,1.3628991842269897,1.3629734516143799,1.36286199092865,1.3628805875778198,0
1787549100000,1.36282479763031,1.3629734516143799,1.3627877235412598,1.3629734516143799,0
1787549400000,1.3631592988967896,1.3631592988967896,1.3629177808761597,1.3629363775253296,0
1787549700000,1.36284339427948,1.3628805875778198,1.3627134561538696,1.3628805875778198,0
1787550000000,1.36282479763031,1.3629549741744995,1.3628062009811401,1.3629549741744995,0
1787550300000,1.3631035089492798,1.3631964921951294,1.3630106449127197,1.3631964921951294,0
1787550600000,1.3632149696350098,1.3633265495300293,1.3632149696350098,1.3633265495300293,0
1787550900000,1.3634381294250488,1.3634381294250488,1.3632893562316895,1.3633637428283691,0
1787551200000,1.3634566068649292,1.3634566068649292,1.3633079528808594,1.3633637428283691,0
1787551500000,1.3633822202682495,1.3633822202682495,1.3632149696350098,1.3632149696350098,0
1787551800000,1.3633265495300293,1.3633451461791992,1.36314058303833,1.3633265495300293,0
1787552100000,1.3633265495300293,1.363512396812439,1.3632149696350098,1.363512396812439,0
1787552400000,1.3634381294250488,1.3634381294250488,1.3633637428283691,1.3633822202682495,0
1787552700000,1.363493800163269,1.3635867834091187,1.3634194135665894,1.3634194135665894,0
1787553000000,1.3633265495300293,1.3633265495300293,1.3631778955459595,1.3632335662841797,0
1787553300000,1.3632149696350098,1.3632149696350098,1.3631221055984497,1.36314058303833,0
1787553600000,1.3631221055984497,1.3631221055984497,1.36275053024292,1.36275053024292,0
1787553900000,1.36284339427948,1.36284339427948,1.3626762628555298,1.36275053024292,0
1787554200000,1.3628805875778198,1.3628805875778198,1.36263906955719,1.3626948595046997,0
1787554500000,1.3629177808761597,1.3629177808761597,1.3626205921173096,1.3626205921173096,0
1787554800000,1.3626948595046997,1.36273193359375,1.3624906539916992,1.3624906539916992,0
1787555100000,1.3625277280807495,1.3628805875778198,1.3625277280807495,1.3628805875778198,0
1787555400000,1.36282479763031,1.36286199092865,1.36273193359375,1.36282479763031,0
1787555700000,1.3627134561538696,1.3628062009811401,1.3626576662063599,1.3628062009811401,0
1787556000000,1.36284339427948,1.36284339427948,1.36273193359375,1.3628062009811401,0
1787556300000,1.36314058303833,1.36314058303833,1.36304771900177,1.3631035089492798,0
1787556600000,1.3631221055984497,1.3632149696350098,1.3630849123001099,1.3631964921951294,0
1787556900000,1.3634752035140991,1.3639029264450073,1.3634752035140991,1.3636983633041382,0
1787557200000,1.3636239767074585,1.3636983633041382,1.363512396812439,1.363512396812439,0
1787557500000,1.3635681867599487,1.3636797666549683,1.3635309934616089,1.3635495901107788,0
1787557800000,1.3636053800582886,1.3636611700057983,1.3633451461791992,1.3636611700057983,0
1787558100000,1.3638471364974976,1.3641074895858765,1.3638285398483276,1.3638843297958374,0
1787558400000,1.3638471364974976,1.3638471364974976,1.3636425733566284,1.363716959953308,0
1787558700000,1.3633822202682495,1.3634381294250488,1.3633265495300293,1.3634194135665894,0
1787559000000,1.3634194135665894,1.3636611700057983,1.3634194135665894,1.3636425733566284,0
1787559300000,1.3635309934616089,1.3636239767074585,1.3635309934616089,1.3635681867599487,0
1787559600000,1.3638843297958374,1.3642750978469849,1.3637727499008179,1.3642005920410156,0
1787559900000,1.3642191886901855,1.364479899406433,1.3641448020935059,1.364479899406433,0
1787560200000,1.364479899406433,1.364479899406433,1.3641074895858765,1.3642191886901855,0
1787560500000,1.3643310070037842,1.3645730018615723,1.3643310070037842,1.3645730018615723,0
1787560800000,1.364498496055603,1.364498496055603,1.3640331029891968,1.3640331029891968,0
1787561100000,1.3638657331466675,1.3641821146011353,1.3638657331466675,1.3641821146011353,0
1787561400000,1.3641821146011353,1.3645542860031128,1.3641821146011353,1.3645542860031128,0
1787561700000,1.364498496055603,1.364498496055603,1.364256501197815,1.364256501197815,0
1787562000000,1.364479899406433,1.364628791809082,1.3644241094589233,1.364479899406433,0
1787562300000,1.364479899406433,1.3647592067718506,1.3644053936004639,1.3647592067718506,0
1787562600000,1.3647218942642212,1.3647964000701904,1.3645915985107422,1.3647218942642212,0
1787562900000,1.3647778034210205,1.3649827241897583,1.3646661043167114,1.3649827241897583,0
1787563200000,1.364926815032959,1.364926815032959,1.3646847009658813,1.3646847009658813,0
1787563500000,1.3646661043167114,1.3646661043167114,1.3644425868988037,1.3644425868988037,0
1787563800000,1.3644241094589233,1.364479899406433,1.364237904548645,1.364237904548645,0
1787564100000,1.3645356893539429,1.3645915985107422,1.3644053936004639,1.3645356893539429,0
1787564400000,1.3646475076675415,1.3647032976150513,1.3644241094589233,1.3644241094589233,0
1787564700000,1.3641633987426758,1.3644425868988037,1.364089012145996,1.3644425868988037,0
1787565000000,1.364498496055603,1.364498496055603,1.3641448020935059,1.3642750978469849,0
1787565300000,1.3641074895858765,1.3641448020935059,1.3639029264450073,1.3640518188476562,0
1787565600000,1.3640331029891968,1.3641448020935059,1.3639215230941772,1.3639215230941772,0
1787565900000,1.3640518188476562,1.3640518188476562,1.363716959953308,1.3638657331466675,0
1787566200000,1.3639215230941772,1.364237904548645,1.3637727499008179,1.364237904548645,0
1787566500000,1.3639960289001465,1.3639960289001465,1.363716959953308,1.363977313041687,0
1787566800000,1.3639029264450073,1.364237904548645,1.3639029264450073,1.364237904548645,0
1787567100000,1.3643122911453247,1.3643122911453247,1.3642191886901855,1.3642191886901855,0
1787567400000,1.364237904548645,1.364237904548645,1.363958716392517,1.3641074895858765,0
1787567700000,1.3640146255493164,1.3642005920410156,1.3640146255493164,1.3640331029891968,0
1787568000000,1.364089012145996,1.364126205444336,1.3638471364974976,1.364126205444336,0
1787568300000,1.364089012145996,1.364256501197815,1.364089012145996,1.3641448020935059,0
1787568600000,1.3638099431991577,1.3638285398483276,1.3636053800582886,1.3636425733566284,0
1787568900000,1.3634566068649292,1.3635309934616089,1.3634566068649292,1.3635309934616089,0
1787569200000,1.3634752035140991,1.3639960289001465,1.3634194135665894,1.3639960289001465,0
1787569500000,1.3639215230941772,1.3640146255493164,1.3639215230941772,1.3640146255493164,0
1787569800000,1.363735556602478,1.3640146255493164,1.363735556602478,1.3640146255493164,0
1787570100000,1.364126205444336,1.364126205444336,1.3639029264450073,1.3639029264450073,0
1787570400000,1.363735556602478,1.3638657331466675,1.363735556602478,1.3638471364974976,0
1787570700000,1.3640146255493164,1.3644053936004639,1.3640146255493164,1.3644053936004639,0
1787571000000,1.3642750978469849,1.3642750978469849,1.363958716392517,1.3640146255493164,0
1787571300000,1.3639960289001465,1.3640704154968262,1.3638099431991577,1.3638099431991577,0
1787571600000,1.3636983633041382,1.3636983633041382,1.363512396812439,1.363512396812439,0
1787571900000,1.3635495901107788,1.3636425733566284,1.3634194135665894,1.363512396812439,0
1787572200000,1.3634194135665894,1.3634194135665894,1.3632521629333496,1.3632521629333496,0
1787572500000,1.3632149696350098,1.3632149696350098,1.3629734516143799,1.3629920482635498,0
1787572800000,1.3630106449127197,1.3635309934616089,1.3630106449127197,1.3635309934616089,0
1787573100000,1.3636053800582886,1.3636053800582886,1.3632335662841797,1.3632335662841797,0
1787573400000,1.3632521629333496,1.3633637428283691,1.3632521629333496,1.3632893562316895,0
1787573700000,1.3633637428283691,1.3635681867599487,1.3633451461791992,1.3635681867599487,0
1787574000000,1.3635309934616089,1.3636239767074585,1.3634566068649292,1.3635495901107788,0
1787574300000,1.3636425733566284,1.3636425733566284,1.3634566068649292,1.3634566068649292,0
1787574600000,1.3635867834091187,1.363754153251648,1.3634566068649292,1.3634566068649292,0
1787574900000,1.363493800163269,1.3636797666549683,1.363493800163269,1.3635681867599487,0
1787575200000,1.3634566068649292,1.363512396812439,1.3634194135665894,1.3634752035140991,0
1787575500000,1.363512396812439,1.363512396812439,1.3632707595825195,1.3633265495300293,0
1787575800000,1.3631964921951294,1.3633265495300293,1.3631964921951294,1.3633265495300293,0
1787576100000,1.3631778955459595,1.363493800163269,1.36304771900177,1.363493800163269,0
1787576400000,1.3635309934616089,1.3635681867599487,1.3634566068649292,1.363493800163269,0
1787576700000,1.3632335662841797,1.3635681867599487,1.3631592988967896,1.3635309934616089,0
1787577000000,1.3632335662841797,1.3633451461791992,1.3631592988967896,1.3633451461791992,0
1787577300000,1.3634194135665894,1.3634194135665894,1.3632521629333496,1.3634008169174194,0
1787577600000,1.3631964921951294,1.3631964921951294,1.36273193359375,1.36286199092865,0
1787577900000,1.36275053024292,1.3628991842269897,1.36275053024292,1.3628991842269897,0
1787578200000,1.3629177808761597,1.3631221055984497,1.3629177808761597,1.3629734516143799,0
1787578500000,1.3629177808761597,1.3629177808761597,1.3628062009811401,1.3628991842269897,0
1787578800000,1.3629363775253296,1.3629363775253296,1.3627877235412598,1.3627877235412598,0
1787579100000,1.3627691268920898,1.3627691268920898,1.3625648021697998,1.3626762628555298,0
1787579400000,1.3627877235412598,1.36284339427948,1.3626205921173096,1.36284339427948,0
1787579700000,1.3627691268920898,1.3629363775253296,1.3627691268920898,1.3629177808761597,0
1787580000000,1.36284339427948,1.3629734516143799,1.3627877235412598,1.36282479763031,0
1787580300000,1.36273193359375,1.36273193359375,1.3625648021697998,1.3625648021697998,0
1787580600000,1.3626948595046997,1.36284339427948,1.3626948595046997,1.36284339427948,0
1787580900000,1.36286199092865,1.3630849123001099,1.36286199092865,1.3630106449127197,0
1787581200000,1.3631035089492798,1.3632521629333496,1.3631035089492798,1.3632335662841797,0
1787581500000,1.3634008169174194,1.363512396812439,1.3633822202682495,1.3634008169174194,0
1787581800000,1.363493800163269,1.363493800163269,1.3631592988967896,1.3632149696350098,0
1787582100000,1.3631778955459595,1.3631778955459595,1.3630106449127197,1.3630106449127197,0
1787582400000,1.36314058303833,1.3632707595825195,1.36314058303833,1.3632707595825195,0
1787582700000,1.3631778955459595,1.3631964921951294,1.3630849123001099,1.36314058303833,0
1787583000000,1.3630849123001099,1.3631964921951294,1.3630292415618896,1.3631778955459595,0
1787583300000,1.3630292415618896,1.3631964921951294,1.3628991842269897,1.3631964921951294,0
1787583600000,1.3630849123001099,1.3631221055984497,1.3629549741744995,1.3629920482635498,0
1787583900000,1.3629920482635498,1.3629920482635498,1.3628062009811401,1.36282479763031,0
1787584200000,1.36286199092865,1.3629363775253296,1.36284339427948,1.3628805875778198,0
1787584500000,1.3628805875778198,1.3628805875778198,1.3627691268920898,1.36286199092865,0
1787584800000,1.36284339427948,1.36286199092865,1.3627877235412598,1.3627877235412598,0
1787585100000,1.3627134561538696,1.3627691268920898,1.3626576662063599,1.3626576662063599,0
1787585400000,1.3625833988189697,1.3626762628555298,1.3625833988189697,1.3626576662063599,0
1787585700000,1.3627134561538696,1.3627134561538696,1.3626205921173096,1.3626205921173096,0
1787586000000,1.36273193359375,1.3628991842269897,1.36273193359375,1.36284339427948,0
1787586300000,1.36284339427948,1.3630106449127197,1.36284339427948,1.3629920482635498,0
1787586600000,1.3630849123001099,1.3630849123001099,1.3629734516143799,1.3630106449127197,0
1787586900000,1.36304771900177,1.36304771900177,1.3628062009811401,1.3628062009811401,0
1787587200000,1.36282479763031,1.3629549741744995,1.36282479763031,1.3629363775253296,0
1787587500000,1.3629734516143799,1.36314058303833,1.3629734516143799,1.36304771900177,0
1787587800000,1.3631221055984497,1.3631221055984497,1.3631035089492798,1.3631221055984497,0
1787588100000,1.3631221055984497,1.3631221055984497,1.3631035089492798,1.3631221055984497,0
1787588400000,1.3631221055984497,1.3631592988967896,1.3631035089492798,1.3631035089492798,0
1787588700000,1.3630849123001099,1.3630849123001099,1.36306631565094,1.3630849123001099,0
1787589000000,1.36306631565094,1.3630849123001099,1.3630292415618896,1.36304771900177,0
1787589300000,1.3630292415618896,1.36304771900177,1.3630106449127197,1.36304771900177,0
1787589600000,1.36304771900177,1.36304771900177,1.3629920482635498,1.3629920482635498,0
1787589900000,1.3631035089492798,1.3631592988967896,1.36306631565094,1.3631592988967896,0
1787590200000,1.36306631565094,1.3631221055984497,1.36306631565094,1.3631221055984497,0
1787590500000,1.36314058303833,1.36314058303833,1.36314058303833,1.36314058303833,0
1787590800000,1.3639402389526367,1.363958716392517,1.3637727499008179,1.363958716392517,0
1787591100000,1.3633451461791992,1.3634381294250488,1.3630849123001099,1.3634381294250488,0
1787591400000,1.3633637428283691,1.3633637428283691,1.3630106449127197,1.36306631565094,0
1787591700000,1.3632335662841797,1.3634381294250488,1.3631221055984497,1.3634381294250488,0
1787592000000,1.3634194135665894,1.3636611700057983,1.3634194135665894,1.3636239767074585,0
1787592300000,1.3634566068649292,1.363512396812439,1.3633637428283691,1.3633637428283691,0
1787592600000,1.3633822202682495,1.3634566068649292,1.3633079528808594,1.3633079528808594,0
1787592900000,1.3635681867599487,1.3635681867599487,1.3631221055984497,1.3631221055984497,0
1787593200000,1.3631221055984497,1.3634566068649292,1.3631221055984497,1.3634566068649292,0
1787593500000,1.3633637428283691,1.3637727499008179,1.3633637428283691,1.3637727499008179,0
1787593800000,1.3638099431991577,1.3638099431991577,1.3634381294250488,1.3634381294250488,0
1787594100000,1.3635867834091187,1.3635867834091187,1.3634381294250488,1.3634381294250488,0
1787594400000,1.3633265495300293,1.3633265495300293,1.3632893562316895,1.3633079528808594,0
1787594700000,1.3633265495300293,1.3633451461791992,1.3633079528808594,1.3633265495300293,0
1787595000000,1.3633265495300293,1.3633451461791992,1.3633079528808594,1.3633079528808594,0
1787595300000,1.3633265495300293,1.3633265495300293,1.3632707595825195,1.3633265495300293,0
1787595600000,1.3632707595825195,1.3633822202682495,1.3632707595825195,1.3633451461791992,0
1787595900000,1.3632893562316895,1.3633637428283691,1.3632707595825195,1.3632707595825195,0
1787596200000,1.3633265495300293,1.3633265495300293,1.3633079528808594,1.3633265495300293,0
1787596500000,1.3633265495300293,1.3634381294250488,1.3633265495300293,1.3633637428283691,0
1787596800000,1.3633637428283691,1.363493800163269,1.3633079528808594,1.363493800163269,0
1787597100000,1.3634194135665894,1.363493800163269,1.3634008169174194,1.3634752035140991,0
1787597400000,1.3634381294250488,1.3634566068649292,1.3633637428283691,1.3633637428283691,0
1787597700000,1.3634194135665894,1.3634566068649292,1.3634194135665894,1.3634194135665894,0
1787598000000,1.3635681867599487,1.3635681867599487,1.3634194135665894,1.3634566068649292,0
1787598300000,1.3635681867599487,1.3635681867599487,1.363493800163269,1.3635309934616089,0
1787598600000,1.3635309934616089,1.3635309934616089,1.363493800163269,1.363512396812439,0
1787598900000,1.363512396812439,1.3636053800582886,1.363512396812439,1.3635495901107788,0
1787599200000,1.3635309934616089,1.3636053800582886,1.3634752035140991,1.3634752035140991,0
1787599500000,1.363512396812439,1.363512396812439,1.3634752035140991,1.363512396812439,0
1787599800000,1.363512396812439,1.3635681867599487,1.3634566068649292,1.3634566068649292,0
1787600100000,1.3634566068649292,1.363493800163269,1.3634566068649292,1.3634752035140991,0
1787600400000,1.3635309934616089,1.3635309934616089,1.3633822202682495,1.3634194135665894,0
1787600700000,1.3634752035140991,1.3635681867599487,1.3634752035140991,1.363493800163269,0
1787601000000,1.3635681867599487,1.363735556602478,1.3635495901107788,1.363735556602478,0
1787601300000,1.3638099431991577,1.3638657331466675,1.3637913465499878,1.3637913465499878,0
1787601600000,1.3639029264450073,1.3640704154968262,1.3638099431991577,1.3638099431991577,0
1787601900000,1.3637727499008179,1.363977313041687,1.3637727499008179,1.3638471364974976,0
1787602200000,1.3638285398483276,1.3640146255493164,1.3638285398483276,1.3640146255493164,0
1787602500000,1.3638843297958374,1.3639215230941772,1.3638471364974976,1.3639215230941772,0
1787602800000,1.3637913465499878,1.3638471364974976,1.3637913465499878,1.3638471364974976,0
1787603100000,1.3638285398483276,1.3639215230941772,1.3638099431991577,1.3639215230941772,0
1787603400000,1.3638657331466675,1.3639960289001465,1.3638657331466675,1.363977313041687,0
1787603700000,1.3640146255493164,1.3640518188476562,1.3640146255493164,1.3640146255493164,0
1787604000000,1.363977313041687,1.3640146255493164,1.363958716392517,1.3639960289001465,0
1787604300000,1.3639960289001465,1.3639960289001465,1.3638285398483276,1.3639402389526367,0
1787604600000,1.3640146255493164,1.3640146255493164,1.3636983633041382,1.3636983633041382,0
1787604900000,1.363754153251648,1.3640146255493164,1.363754153251648,1.363977313041687,0
1787605200000,1.3638285398483276,1.3638471364974976,1.363716959953308,1.3638471364974976,0
1787605500000,1.3637913465499878,1.363958716392517,1.3637913465499878,1.363958716392517,0
1787605800000,1.3638843297958374,1.3639029264450073,1.3638657331466675,1.3639029264450073,0
1787606100000,1.3636983633041382,1.3638471364974976,1.3636611700057983,1.363716959953308,0
1787606400000,1.3637727499008179,1.3637727499008179,1.363512396812439,1.363512396812439,0
1787606700000,1.3634194135665894,1.3636611700057983,1.3634194135665894,1.3636611700057983,0
1787607000000,1.363716959953308,1.3638099431991577,1.3636425733566284,1.3636425733566284,0
1787607300000,1.3635867834091187,1.363754153251648,1.3635867834091187,1.3636611700057983,0
1787607600000,1.363735556602478,1.3638099431991577,1.3636983633041382,1.3636983633041382,0
1787607900000,1.3635681867599487,1.3635681867599487,1.3634752035140991,1.3635681867599487,0
1787608200000,1.3634381294250488,1.3634566068649292,1.3633822202682495,1.3634008169174194,0
1787608500000,1.3633451461791992,1.3633451461791992,1.3632149696350098,1.3632707595825195,0
1787608800000,1.3632149696350098,1.3632893562316895,1.3631035089492798,1.3631221055984497,0
1787609100000,1.36314058303833,1.3634381294250488,1.36314058303833,1.3634381294250488,0
1787609400000,1.3635309934616089,1.3635309934616089,1.3634008169174194,1.3634008169174194,0
1787609700000,1.3634194135665894,1.363493800163269,1.3634008169174194,1.3634194135665894,0
1787610000000,1.3633637428283691,1.3635867834091187,1.3633637428283691,1.3635681867599487,0
1787610300000,1.3634566068649292,1.3635681867599487,1.3634566068649292,1.3635681867599487,0
1787610600000,1.3634752035140991,1.3635309934616089,1.3632521629333496,1.3632521629333496,0
1787610900000,1.3634008169174194,1.363493800163269,1.3634008169174194,1.363493800163269,0
1787611200000,1.3635495901107788,1.3636425733566284,1.363512396812439,1.363512396812439,0
1787611500000,1.3634752035140991,1.363512396812439,1.3634194135665894,1.3634194135665894,0
1787611800000,1.3633265495300293,1.3633637428283691,1.3631964921951294,1.3632893562316895,0
1787612100000,1.3632149696350098,1.3632149696350098,1.3631035089492798,1.3631221055984497,0
1787612400000,1.3632335662841797,1.3632335662841797,1.3631221055984497,1.3631221055984497,0
1787612700000,1.3631592988967896,1.3633451461791992,1.3631221055984497,1.3633265495300293,0
1787613000000,1.3632707595825195,1.3633451461791992,1.3631778955459595,1.3632521629333496,0
1787613300000,1.3631964921951294,1.3633079528808594,1.36314058303833,1.3631778955459595,0
1787613600000,1.36314058303833,1.3631778955459595,1.3631221055984497,1.3631221055984497,0
1787613900000,1.36306631565094,1.36314058303833,1.3630106449127197,1.3630106449127197,0
1787614200000,1.3629363775253296,1.36304771900177,1.3629177808761597,1.36304771900177,0
1787614500000,1.3630849123001099,1.3630849123001099,1.3629920482635498,1.3629920482635498,0
1787614800000,1.36306631565094,1.3631221055984497,1.36306631565094,1.3631035089492798,0
1787615100000,1.3630292415618896,1.36304771900177,1.3630106449127197,1.36304771900177,0
1787615400000,1.3629363775253296,1.3629363775253296,1.36286199092865,1.3628991842269897,0
1787615700000,1.3629363775253296,1.3630292415618896,1.3629177808761597,1.3629363775253296,0
1787616000000,1.3629177808761597,1.3629177808761597,1.3628062009811401,1.36282479763031,0
1787616300000,1.36275053024292,1.3627877235412598,1.3626205921173096,1.3626205921173096,0
1787616600000,1.3626205921173096,1.3626576662063599,1.3626019954681396,1.3626576662063599,0
1787616900000,1.3625833988189697,1.3626019954681396,1.3625463247299194,1.3625463247299194,0
1787617200000,1.3625463247299194,1.3626019954681396,1.362453579902649,1.3626019954681396,0
1787617500000,1.3626019954681396,1.36263906955719,1.3625463247299194,1.3625463247299194,0
1787617800000,1.3625833988189697,1.3626205921173096,1.3625463247299194,1.3626205921173096,0
1787618100000,1.3626948595046997,1.3627134561538696,1.3626762628555298,1.3627134561538696,0
1787618400000,1.36273193359375,1.3627877235412598,1.3626762628555298,1.36273193359375,0
1787618700000,1.3626948595046997,1.3627134561538696,1.3626019954681396,1.3626948595046997,0
1787619000000,1.3626576662063599,1.3627134561538696,1.3626576662063599,1.3626576662063599,0
1787619300000,1.3626762628555298,1.3627134561538696,1.3626576662063599,1.3627134561538696,0
1787619600000,1.3626205921173096,1.3626948595046997,1.3626019954681396,1.3626948595046997,0
1787619900000,1.3626948595046997,1.36284339427948,1.3626948595046997,1.36284339427948,0
1787620200000,1.3629363775253296,1.3629363775253296,1.3627134561538696,1.36275053024292,0
1787620500000,1.3627877235412598,1.3627877235412598,1.3626948595046997,1.3627691268920898,0
1787620800000,1.36275053024292,1.36275053024292,1.3627134561538696,1.3627134561538696,0
1787621100000,1.36273193359375,1.3627691268920898,1.36273193359375,1.3627691268920898,0
1787621400000,1.36284339427948,1.36284339427948,1.3627134561538696,1.3627134561538696,0
1787621700000,1.3627134561538696,1.36273193359375,1.3625833988189697,1.3625833988189697,0
1787622000000,1.3625277280807495,1.3625648021697998,1.3624906539916992,1.3625277280807495,0
1787622300000,1.362416386604309,1.362453579902649,1.3623607158660889,1.3623977899551392,0
1787622600000,1.362323522567749,1.3625463247299194,1.362323522567749,1.3625463247299194,0
1787622900000,1.3624906539916992,1.3624906539916992,1.3622864484786987,1.362323522567749,0
1787623200000,1.3623793125152588,1.3623793125152588,1.3623050451278687,1.3623050451278687,0
1787623500000,1.362342119216919,1.362434983253479,1.3623050451278687,1.362434983253479,0
1787623800000,1.3624721765518188,1.3627134561538696,1.3624721765518188,1.3627134561538696,0
1787624100000,1.3626948595046997,1.3626948595046997,1.3625091314315796,1.3625277280807495,0
1787624400000,1.3625277280807495,1.3626948595046997,1.3624906539916992,1.3626019954681396,0
1787624700000,1.3626019954681396,1.36275053024292,1.3626019954681396,1.36275053024292,0
1787625000000,1.3626948595046997,1.36284339427948,1.3626948595046997,1.36282479763031,0
1787625300000,1.36273193359375,1.36273193359375,1.3625091314315796,1.3625091314315796,0
1787625600000,1.362434983253479,1.3626205921173096,1.362434983253479,1.3626019954681396,0
1787625900000,1.3626205921173096,1.3626205921173096,1.362434983253479,1.3626019954681396,0
1787626200000,1.3626019954681396,1.3626948595046997,1.3624906539916992,1.3626205921173096,0
1787626500000,1.3627134561538696,1.36282479763031,1.3624906539916992,1.36282479763031,0
1787626800000,1.3629363775253296,1.3635495901107788,1.3629363775253296,1.3635495901107788,0
1787627100000,1.3636239767074585,1.3640146255493164,1.3636239767074585,1.3640146255493164,0
1787627400000,1.3639029264450073,1.3641633987426758,1.3639029264450073,1.364089012145996,0
1787627700000,1.3640704154968262,1.3644611835479736,1.3640704154968262,1.3644611835479736,0
1787628000000,1.364349603652954,1.364349603652954,1.3640518188476562,1.3640518188476562,0
1787628300000,1.3640704154968262,1.3640704154968262,1.3638657331466675,1.3638657331466675,0
1787628600000,1.3638099431991577,1.3638099431991577,1.363716959953308,1.363716959953308,0
1787628900000,1.3637913465499878,1.3639215230941772,1.3637913465499878,1.3638843297958374,0
1787629200000,1.3638657331466675,1.3638843297958374,1.3638099431991577,1.3638843297958374,0
1787629500000,1.3640146255493164,1.3640146255493164,1.3638099431991577,1.3638099431991577,0
1787629800000,1.3639215230941772,1.3640331029891968,1.3639215230941772,1.363977313041687,0
1787630100000,1.3639215230941772,1.3639215230941772,1.3637727499008179,1.3638843297958374,0
1787630400000,1.3638657331466675,1.3639215230941772,1.3636239767074585,1.3636239767074585,0
1787630700000,1.3636425733566284,1.3636425733566284,1.3632335662841797,1.3632335662841797,0
1787631000000,1.3630106449127197,1.3632149696350098,1.3630106449127197,1.3631964921951294,0
1787631300000,1.3632521629333496,1.3635309934616089,1.3632521629333496,1.3633451461791992,0
1787631600000,1.3633079528808594,1.3638657331466675,1.3633079528808594,1.3638657331466675,0
1787631900000,1.363958716392517,1.363958716392517,1.3635681867599487,1.3635681867599487,0
1787632200000,1.3633451461791992,1.3634381294250488,1.3633451461791992,1.3633451461791992,0
1787632500000,1.3636053800582886,1.3636239767074585,1.363512396812439,1.363512396812439,0
1787632800000,1.3634381294250488,1.363735556602478,1.3634381294250488,1.363735556602478,0
1787633100000,1.3639402389526367,1.3639402389526367,1.3638843297958374,1.3638843297958374,0
1787633400000,1.3638471364974976,1.3640331029891968,1.3638471364974976,1.3639215230941772,0
1787633700000,1.3640518188476562,1.364237904548645,1.3639402389526367,1.3641633987426758,0
1787634000000,1.364349603652954,1.3647032976150513,1.364349603652954,1.364479899406433,0
1787634300000,1.364610195159912,1.3647406101226807,1.364498496055603,1.3647406101226807,0
1787634600000,1.3647406101226807,1.364945411682129,1.3647406101226807,1.3648523092269897,0
1787634900000,1.3648523092269897,1.3648523092269897,1.3645915985107422,1.3646475076675415,0
1787635200000,1.3646475076675415,1.3646475076675415,1.3645356893539429,1.3645356893539429,0
1787635500000,1.3643310070037842,1.3643310070037842,1.3641821146011353,1.3641821146011353,0
1787635800000,1.364256501197815,1.3648523092269897,1.3641821146011353,1.3648523092269897,0
1787636100000,1.3648709058761597,1.3648709058761597,1.3642936944961548,1.3642936944961548,0
1787636400000,1.364349603652954,1.3644611835479736,1.3642191886901855,1.3642191886901855,0
1787636700000,1.364349603652954,1.3644425868988037,1.3642191886901855,1.3644425868988037,0
1787637000000,1.3645730018615723,1.3645730018615723,1.3644053936004639,1.3644053936004639,0
1787637300000,1.3644611835479736,1.364498496055603,1.3644053936004639,1.3644053936004639,0
1787637600000,1.3643122911453247,1.3643122911453247,1.3640331029891968,1.3640331029891968,0
1787637900000,1.3641448020935059,1.3643122911453247,1.3640518188476562,1.3640518188476562,0
1787638200000,1.3640518188476562,1.3640518188476562,1.363735556602478,1.363735556602478,0
1787638500000,1.3636797666549683,1.3639402389526367,1.3636797666549683,1.3636797666549683,0
1787638800000,1.363735556602478,1.363735556602478,1.3636425733566284,1.3636425733566284,0
1787639100000,1.3635867834091187,1.3636797666549683,1.363493800163269,1.363493800163269,0
1787639400000,1.3635309934616089,1.3636611700057983,1.3634752035140991,1.363512396812439,0
1787639700000,1.3635309934616089,1.3638285398483276,1.3635309934616089,1.3638285398483276,0
1787640000000,1.3637913465499878,1.363977313041687,1.3637913465499878,1.3638471364974976,0
1787640300000,1.3638471364974976,1.3638471364974976,1.3636983633041382,1.3636983633041382,0
1787640600000,1.3636983633041382,1.3636983633041382,1.3632149696350098,1.3632893562316895,0
1787640900000,1.3632521629333496,1.3634381294250488,1.3632521629333496,1.3634194135665894,0
1787641200000,1.3633637428283691,1.3633822202682495,1.3631221055984497,1.3632521629333496,0
1787641500000,1.36314058303833,1.3632149696350098,1.3630292415618896,1.3631964921951294,0
1787641800000,1.36306631565094,1.3632335662841797,1.3630292415618896,1.3630292415618896,0
1787642100000,1.3629734516143799,1.3629734516143799,1.3629177808761597,1.3629177808761597,0
1787642400000,1.3631592988967896,1.3631778955459595,1.3629549741744995,1.3629549741744995,0
1787642700000,1.3628805875778198,1.3629549741744995,1.3628805875778198,1.3629363775253296,0
1787643000000,1.3629363775253296,1.3632335662841797,1.3629363775253296,1.3631778955459595,0
1787643300000,1.3632149696350098,1.3632149696350098,1.3629734516143799,1.3630849123001099,0
1787643600000,1.3631221055984497,1.3631592988967896,1.3628805875778198,1.3628805875778198,0
1787643900000,1.3629920482635498,1.3635495901107788,1.3629920482635498,1.3635309934616089,0
1787644200000,1.3636239767074585,1.363716959953308,1.3635867834091187,1.3636053800582886,0
1787644500000,1.3634752035140991,1.3635309934616089,1.3632521629333496,1.3632521629333496,0
1787644800000,1.3633079528808594,1.3635867834091187,1.3633079528808594,1.3635867834091187,0
1787645100000,1.3636239767074585,1.3636797666549683,1.3634008169174194,1.3634008169174194,0
1787645400000,1.3632335662841797,1.3634381294250488,1.3632335662841797,1.3634381294250488,0
1787645700000,1.363512396812439,1.3636053800582886,1.363493800163269,1.363493800163269,0
1787646000000,1.3634194135665894,1.3634381294250488,1.3631778955459595,1.3631778955459595,0
1787646300000,1.3632149696350098,1.3634381294250488,1.3632149696350098,1.3634008169174194,0
1787646600000,1.3633822202682495,1.3633822202682495,1.3630292415618896,1.3630292415618896,0
1787646900000,1.36304771900177,1.36304771900177,1.36275053024292,1.36275053024292,0
1787647200000,1.36273193359375,1.3631035089492798,1.36273193359375,1.3630106449127197,0
1787647500000,1.3631964921951294,1.3632707595825195,1.3631221055984497,1.3632149696350098,0
1787647800000,1.3632335662841797,1.3633265495300293,1.36314058303833,1.3631592988967896,0
1787648100000,1.3633079528808594,1.3636425733566284,1.3633079528808594,1.3636425733566284,0
1787648400000,1.3636053800582886,1.3636983633041382,1.3635309934616089,1.3636983633041382,0
1787648700000,1.3637913465499878,1.3644611835479736,1.3637913465499878,1.3644611835479736,0
1787649000000,1.3645915985107422,1.3651691675186157,1.3645915985107422,1.3646847009658813,0
1787649300000,1.3648523092269897,1.3648523092269897,1.3644241094589233,1.364517092704773,0
1787649600000,1.3645356893539429,1.3645356893539429,1.3644053936004639,1.364498496055603,0
1787649900000,1.364498496055603,1.3645356893539429,1.3643122911453247,1.3644053936004639,0
1787650200000,1.3644053936004639,1.364628791809082,1.3643122911453247,1.3643122911453247,0
1787650500000,1.3643310070037842,1.3644425868988037,1.3641448020935059,1.3644425868988037,0
1787650800000,1.364349603652954,1.364349603652954,1.364126205444336,1.364126205444336,0
1787651100000,1.3640146255493164,1.364089012145996,1.363958716392517,1.3640146255493164,0
1787651400000,1.3642191886901855,1.3642191886901855,1.3640331029891968,1.3640704154968262,0
1787651700000,1.364089012145996,1.364237904548645,1.364089012145996,1.364237904548645,0
1787652000000,1.3642005920410156,1.3643310070037842,1.3638471364974976,1.3638471364974976,0
1787652300000,1.363735556602478,1.3643310070037842,1.363735556602478,1.3642750978469849,0
1787652600000,1.3641633987426758,1.364256501197815,1.364126205444336,1.364126205444336,0
1787652900000,1.364126205444336,1.364126205444336,1.3639029264450073,1.3640518188476562,0
1787653200000,1.3640331029891968,1.3641074895858765,1.363512396812439,1.363512396812439,0
1787653500000,1.3634194135665894,1.3635309934616089,1.3630106449127197,1.3635309934616089,0
1787653800000,1.3631592988967896,1.363512396812439,1.3631592988967896,1.363512396812439,0
1787654100000,1.363512396812439,1.363716959953308,1.3633822202682495,1.363716959953308,0
1787654400000,1.3635309934616089,1.3635309934616089,1.3633451461791992,1.3634752035140991,0
1787654700000,1.3638285398483276,1.3643310070037842,1.3638285398483276,1.3643310070037842,0
1787655000000,1.3639029264450073,1.3639029264450073,1.3632521629333496,1.3634566068649292,0
1787655300000,1.3631964921951294,1.3634381294250488,1.36314058303833,1.3634381294250488,0
1787655600000,1.3634381294250488,1.3635309934616089,1.3634008169174194,1.363493800163269,0
1787655900000,1.3633451461791992,1.3635681867599487,1.3632149696350098,1.3635495901107788,0
1787656200000,1.363493800163269,1.363493800163269,1.3632707595825195,1.3633451461791992,0
1787656500000,1.3632335662841797,1.3633637428283691,1.3631221055984497,1.3633637428283691,0
1787656800000,1.3632707595825195,1.3635681867599487,1.3632707595825195,1.3633265495300293,0
1787657100000,1.3633451461791992,1.3636425733566284,1.3633451461791992,1.3636425733566284,0
1787657400000,1.3635309934616089,1.363716959953308,1.3633451461791992,1.3636611700057983,0
1787657700000,1.3638471364974976,1.3639402389526367,1.363493800163269,1.363493800163269,0
1787658000000,1.3634566068649292,1.363493800163269,1.3632149696350098,1.3632149696350098,0
1787658300000,1.363493800163269,1.3636053800582886,1.3634566068649292,1.3636053800582886,0
1787658600000,1.3635495901107788,1.363754153251648,1.3635495901107788,1.3636611700057983,0
1787658900000,1.3635309934616089,1.3639215230941772,1.3635309934616089,1.3639215230941772,0
1787659200000,1.3640704154968262,1.3641074895858765,1.3639402389526367,1.3639402389526367,0
1787659500000,1.3638657331466675,1.3639215230941772,1.3638099431991577,1.3638099431991577,0
1787659800000,1.363735556602478,1.3637727499008179,1.363716959953308,1.3637727499008179,0
1787660100000,1.3636053800582886,1.3636053800582886,1.3632893562316895,1.3632893562316895,0
1787660400000,1.3634194135665894,1.3635309934616089,1.3634194135665894,1.3634566068649292,0
1787660700000,1.363493800163269,1.3636239767074585,1.363493800163269,1.3636239767074585,0
1787661000000,1.3638285398483276,1.3638471364974976,1.3637727499008179,1.3637727499008179,0
1787661300000,1.363754153251648,1.3639402389526367,1.363754153251648,1.3639215230941772,0
1787661600000,1.3638657331466675,1.3638657331466675,1.3636797666549683,1.3637727499008179,0
1787661900000,1.3636983633041382,1.363735556602478,1.3636053800582886,1.3636053800582886,0
1787662200000,1.3635309934616089,1.3635309934616089,1.3634381294250488,1.3634381294250488,0
1787662500000,1.3633079528808594,1.3634381294250488,1.3633079528808594,1.3634194135665894,0
1787662800000,1.3634381294250488,1.3636797666549683,1.3634381294250488,1.3636797666549683,0
1787663100000,1.3636425733566284,1.363754153251648,1.363512396812439,1.363512396812439,0
1787663400000,1.3635495901107788,1.3636425733566284,1.3635495901107788,1.3636053800582886,0
1787663700000,1.3636053800582886,1.3638285398483276,1.3636053800582886,1.3637913465499878,0
1787664000000,1.3638843297958374,1.3638843297958374,1.363735556602478,1.363735556602478,0
1787664300000,1.3636983633041382,1.363958716392517,1.3636983633041382,1.3639029264450073,0
1787664600000,1.3638099431991577,1.3638843297958374,1.3638099431991577,1.3638657331466675,0
1787664900000,1.3640518188476562,1.3642191886901855,1.3640518188476562,1.3642005920410156,0
1787665200000,1.3641448020935059,1.3641448020935059,1.363977313041687,1.3640518188476562,0
1787665500000,1.3640146255493164,1.364256501197815,1.3640146255493164,1.3641821146011353,0
1787665800000,1.3641633987426758,1.3642191886901855,1.3641074895858765,1.3642191886901855,0
1787666100000,1.3642936944961548,1.364479899406433,1.3642936944961548,1.3644241094589233,0
1787666400000,1.3644611835479736,1.3644611835479736,1.3642936944961548,1.3643122911453247,0
1787666700000,1.3645542860031128,1.3647032976150513,1.3645542860031128,1.364610195159912,0
1787667000000,1.364628791809082,1.3646847009658813,1.3645356893539429,1.3645542860031128,0
1787667300000,1.3645915985107422,1.3645915985107422,1.364517092704773,1.364517092704773,0
1787667600000,1.364610195159912,1.3646475076675415,1.3644053936004639,1.3644053936004639,0
1787667900000,1.3645915985107422,1.3645915985107422,1.3645356893539429,1.3645356893539429,0
1787668200000,1.364517092704773,1.364517092704773,1.364479899406433,1.364498496055603,0
1787668500000,1.364498496055603,1.364498496055603,1.364386796951294,1.3644053936004639,0
1787668800000,1.3644241094589233,1.364517092704773,1.3643680810928345,1.364479899406433,0
1787669100000,1.3644425868988037,1.3644611835479736,1.364349603652954,1.364349603652954,0
1787669400000,1.364386796951294,1.364517092704773,1.3643310070037842,1.364479899406433,0
1787669700000,1.3644611835479736,1.3645915985107422,1.3644611835479736,1.3645356893539429,0
1787670000000,1.3646475076675415,1.3646475076675415,1.364479899406433,1.3645915985107422,0
1787670300000,1.3645542860031128,1.3647032976150513,1.3645542860031128,1.3647032976150513,0
1787670600000,1.36481511592865,1.3648337125778198,1.3646847009658813,1.3648337125778198,0
1787670900000,1.3648523092269897,1.3652249574661255,1.3648523092269897,1.3652249574661255,0
1787671200000,1.3651131391525269,1.3651131391525269,1.3649641275405884,1.3650199174880981,0
1787671500000,1.364926815032959,1.364926815032959,1.3647964000701904,1.3647964000701904,0
1787671800000,1.3647406101226807,1.3647406101226807,1.3645730018615723,1.3645730018615723,0
1787672100000,1.3645356893539429,1.3645542860031128,1.3644425868988037,1.3645542860031128,0
1787672400000,1.364517092704773,1.3646475076675415,1.364517092704773,1.3646475076675415,0
1787672700000,1.3646661043167114,1.3649827241897583,1.3646661043167114,1.3649827241897583,0
1787673000000,1.364908218383789,1.3652249574661255,1.364908218383789,1.3652249574661255,0
1787673300000,1.3650199174880981,1.365392804145813,1.3650199174880981,1.3653181791305542,0
1787673600000,1.3653367757797241,1.3653367757797241,1.3650572299957275,1.3650572299957275,0
1787673900000,1.365075945854187,1.3654673099517822,1.365075945854187,1.3654299974441528,0
1787674200000,1.3654673099517822,1.3655232191085815,1.365392804145813,1.365392804145813,0
1787674500000,1.3653367757797241,1.365392804145813,1.3653367757797241,1.3653367757797241,0
1787674800000,1.3652808666229248,1.3653367757797241,1.3652808666229248,1.3652808666229248,0
1787675100000,1.3652808666229248,1.3653554916381836,1.3652063608169556,1.3652622699737549,0
1787675400000,1.3653367757797241,1.3653367757797241,1.3652249574661255,1.3652249574661255,0
1787675700000,1.3651504516601562,1.3651504516601562,1.365075945854187,1.365075945854187,0
1787676000000,1.3650572299957275,1.3650572299957275,1.3649641275405884,1.3649641275405884,0
1787676300000,1.364908218383789,1.3649641275405884,1.3648896217346191,1.3648896217346191,0
1787676600000,1.3649827241897583,1.365075945854187,1.3649827241897583,1.3650014400482178,0
1787676900000,1.3649827241897583,1.3651131391525269,1.3647964000701904,1.3647964000701904,0
1787677200000,1.3639402389526367,1.3639402389526367,1.363493800163269,1.363493800163269,0
1787677500000,1.3648523092269897,1.365075945854187,1.3648337125778198,1.3649641275405884,0
1787677800000,1.3651504516601562,1.3651504516601562,1.364926815032959,1.364926815032959,0
1787678100000,1.3650014400482178,1.3651131391525269,1.3649641275405884,1.3649641275405884,0
1787678400000,1.364908218383789,1.3652249574661255,1.364908218383789,1.3649641275405884,0
1787678700000,1.3650199174880981,1.365075945854187,1.364908218383789,1.3650572299957275,0
1787679000000,1.3648709058761597,1.3651691675186157,1.3648709058761597,1.3649641275405884,0
1787679300000,1.3648523092269897,1.3650572299957275,1.3648523092269897,1.364908218383789,0
1787679600000,1.3647778034210205,1.3649827241897583,1.3646475076675415,1.3649827241897583,0
1787679900000,1.3646661043167114,1.364908218383789,1.3646661043167114,1.3647778034210205,0
1787680200000,1.364926815032959,1.3649641275405884,1.364628791809082,1.3647964000701904,0
1787680500000,1.364498496055603,1.3647218942642212,1.364498496055603,1.3646847009658813,0
1787680800000,1.364628791809082,1.364945411682129,1.364628791809082,1.364908218383789,0
1787681100000,1.3647964000701904,1.364908218383789,1.3647964000701904,1.3648523092269897,0
1787681400000,1.3648337125778198,1.3648337125778198,1.364628791809082,1.3648337125778198,0
1787681700000,1.3647592067718506,1.3647592067718506,1.3647218942642212,1.3647218942642212,0
1787682000000,1.3648709058761597,1.3648896217346191,1.3647406101226807,1.3648896217346191,0
1787682300000,1.364908218383789,1.3650014400482178,1.3648896217346191,1.364945411682129,0
1787682600000,1.364945411682129,1.364945411682129,1.3648523092269897,1.364908218383789,0
1787682900000,1.364926815032959,1.364926815032959,1.364908218383789,1.364926815032959,0
1787683200000,1.3649641275405884,1.3649827241897583,1.364908218383789,1.3649827241897583,0
1787683500000,1.3650199174880981,1.3650572299957275,1.3650014400482178,1.3650386333465576,0
1787683800000,1.3649827241897583,1.3650386333465576,1.3649827241897583,1.3650386333465576,0
1787684100000,1.3649827241897583,1.3650572299957275,1.3649827241897583,1.3650014400482178,0
1787684400000,1.3650199174880981,1.3650199174880981,1.3649641275405884,1.3649641275405884,0
1787684700000,1.3650014400482178,1.3650014400482178,1.364945411682129,1.364945411682129,0
1787685000000,1.3648896217346191,1.364908218383789,1.36481511592865,1.3648709058761597,0
1787685300000,1.3648523092269897,1.364908218383789,1.3648523092269897,1.364908218383789,0
1787685600000,1.364926815032959,1.364945411682129,1.364908218383789,1.364908218383789,0
1787685900000,1.3649641275405884,1.3649641275405884,1.3647592067718506,1.3647592067718506,0
1787686200000,1.3647406101226807,1.3647964000701904,1.3647218942642212,1.3647218942642212,0
1787686500000,1.3647032976150513,1.3647032976150513,1.3646847009658813,1.3647032976150513,0
1787686800000,1.3647032976150513,1.3647032976150513,1.3645730018615723,1.3645730018615723,0
1787687100000,1.364628791809082,1.3646661043167114,1.3645730018615723,1.364628791809082,0
1787687400000,1.3646847009658813,1.3646847009658813,1.364517092704773,1.3645915985107422,0
1787687700000,1.364628791809082,1.3647032976150513,1.3645915985107422,1.3647032976150513,0
1787688000000,1.3646475076675415,1.3646475076675415,1.3645730018615723,1.364610195159912,0
1787688300000,1.3645730018615723,1.364628791809082,1.364498496055603,1.364628791809082,0
1787688600000,1.3647032976150513,1.36481511592865,1.3647032976150513,1.3647218942642212,0
1787688900000,1.36481511592865,1.364908218383789,1.36481511592865,1.3648337125778198,0
1787689200000,1.3648337125778198,1.3648337125778198,1.3647218942642212,1.3647218942642212,0
1787689500000,1.3647032976150513,1.3647406101226807,1.3646847009658813,1.3646847009658813,0
1787689800000,1.3647218942642212,1.3648896217346191,1.3647218942642212,1.3647218942642212,0
1787690100000,1.3646847009658813,1.3646847009658813,1.3645356893539429,1.3645356893539429,0
1787690400000,1.364517092704773,1.3647592067718506,1.364517092704773,1.3647592067718506,0
1787690700000,1.36481511592865,1.3648896217346191,1.36481511592865,1.3648896217346191,0
1787691000000,1.3648337125778198,1.3648523092269897,1.3647218942642212,1.3647218942642212,0
1787691300000,1.3647964000701904,1.3647964000701904,1.364628791809082,1.364628791809082,0
1787691600000,1.3646661043167114,1.3647406101226807,1.364628791809082,1.3646661043167114,0
1787691900000,1.3645542860031128,1.3645542860031128,1.364498496055603,1.364517092704773,0
1787692200000,1.364479899406433,1.364517092704773,1.3644611835479736,1.3644611835479736,0
1787692500000,1.364498496055603,1.3646847009658813,1.364498496055603,1.3645542860031128,0
1787692800000,1.364517092704773,1.364628791809082,1.364517092704773,1.364517092704773,0
1787693100000,1.3645730018615723,1.3645915985107422,1.364517092704773,1.3645356893539429,0
1787693400000,1.364628791809082,1.364628791809082,1.3644611835479736,1.364479899406433,0
1787693700000,1.364517092704773,1.364628791809082,1.364517092704773,1.364517092704773,0
1787694000000,1.3645915985107422,1.3645915985107422,1.364479899406433,1.364479899406433,0
1787694300000,1.364479899406433,1.3645915985107422,1.364479899406433,1.3645915985107422,0
1787694600000,1.3645356893539429,1.3647964000701904,1.3645356893539429,1.3646847009658813,0
1787694900000,1.364628791809082,1.364628791809082,1.364498496055603,1.364498496055603,0
1787695200000,1.364479899406433,1.3647032976150513,1.364479899406433,1.3647032976150513,0
1787695500000,1.364628791809082,1.3646847009658813,1.3645730018615723,1.3645730018615723,0
1787695800000,1.3645542860031128,1.364628791809082,1.3645542860031128,1.364610195159912,0
1787696100000,1.364628791809082,1.364628791809082,1.3644053936004639,1.364479899406433,0
1787696400000,1.364479899406433,1.364610195159912,1.364479899406433,1.364498496055603,0
1787696700000,1.3644425868988037,1.3644425868988037,1.3642191886901855,1.3642191886901855,0
1787697000000,1.3642936944961548,1.3644611835479736,1.3642936944961548,1.3644053936004639,0
1787697300000,1.364349603652954,1.364386796951294,1.3642191886901855,1.3643310070037842,0
1787697600000,1.3642936944961548,1.3644241094589233,1.3642750978469849,1.3644241094589233,0
1787697900000,1.3644425868988037,1.3644611835479736,1.3644241094589233,1.3644425868988037,0
1787698200000,1.364349603652954,1.364349603652954,1.364256501197815,1.364256501197815,0
1787698500000,1.3641821146011353,1.3641821146011353,1.3640146255493164,1.3641074895858765,0
1787698800000,1.3640146255493164,1.3641448020935059,1.3640146255493164,1.3641448020935059,0
1787699100000,1.3641448020935059,1.3641448020935059,1.3639215230941772,1.3639402389526367,0
1787699400000,1.3639402389526367,1.3639402389526367,1.3639029264450073,1.3639029264450073,0
1787699700000,1.3639029264450073,1.3639960289001465,1.3639029264450073,1.363958716392517,0
1787700000000,1.3640146255493164,1.3641074895858765,1.3639402389526367,1.363958716392517,0
1787700300000,1.363958716392517,1.364089012145996,1.3639402389526367,1.363958716392517,0
1787700600000,1.3638657331466675,1.3638657331466675,1.363716959953308,1.3637727499008179,0
1787700900000,1.363716959953308,1.3638843297958374,1.363716959953308,1.3638099431991577,0
1787701200000,1.3639215230941772,1.3639402389526367,1.3639029264450073,1.3639402389526367,0
1787701500000,1.3638657331466675,1.3638657331466675,1.3636611700057983,1.3636611700057983,0
1787701800000,1.363735556602478,1.3638471364974976,1.363716959953308,1.3638471364974976,0
1787702100000,1.363754153251648,1.3637913465499878,1.363716959953308,1.363735556602478,0
1787702400000,1.3637727499008179,1.3637727499008179,1.3636425733566284,1.3636797666549683,0
1787702700000,1.3635867834091187,1.3636425733566284,1.3635867834091187,1.3636239767074585,0
1787703000000,1.3636797666549683,1.3636797666549683,1.3635867834091187,1.3636053800582886,0
1787703300000,1.3635309934616089,1.3635309934616089,1.3634194135665894,1.3635309934616089,0
1787703600000,1.363512396812439,1.3636239767074585,1.363493800163269,1.3636239767074585,0
1787703900000,1.3636425733566284,1.363716959953308,1.3636425733566284,1.3636611700057983,0
1787704200000,1.3636425733566284,1.3637727499008179,1.3636425733566284,1.3636611700057983,0
1787704500000,1.3636053800582886,1.3636053800582886,1.3634752035140991,1.3634752035140991,0
1787704800000,1.3634752035140991,1.3634752035140991,1.3634566068649292,1.3634566068649292,0
1787705100000,1.3634566068649292,1.3634566068649292,1.3632335662841797,1.3632335662841797,0
1787705400000,1.3633079528808594,1.3633637428283691,1.3632521629333496,1.3633637428283691,0
1787705700000,1.3633265495300293,1.3633822202682495,1.3633265495300293,1.3633637428283691,0
1787706000000,1.3633451461791992,1.3633637428283691,1.3633451461791992,1.3633637428283691,0
1787706300000,1.3632893562316895,1.3633079528808594,1.3632149696350098,1.3632149696350098,0
1787706600000,1.3632707595825195,1.3632707595825195,1.36314058303833,1.36314058303833,0
1787706900000,1.36314058303833,1.3634566068649292,1.36314058303833,1.3634194135665894,0
1787707200000,1.3634381294250488,1.3634381294250488,1.3633451461791992,1.3633637428283691,0
1787707500000,1.3633822202682495,1.3634008169174194,1.3633079528808594,1.3633079528808594,0
1787707800000,1.3633451461791992,1.3635495901107788,1.3633451461791992,1.3635495901107788,0
1787708100000,1.363512396812439,1.3636053800582886,1.363512396812439,1.3636053800582886,0
1787708400000,1.3636053800582886,1.363716959953308,1.3635867834091187,1.3636053800582886,0
1787708700000,1.3636053800582886,1.3636425733566284,1.3635495901107788,1.3635495901107788,0
1787709000000,1.3635309934616089,1.3635309934616089,1.3634381294250488,1.3634381294250488,0
1787709300000,1.3634752035140991,1.3635495901107788,1.3634194135665894,1.3635495901107788,0
1787709600000,1.3635309934616089,1.3635309934616089,1.3631592988967896,1.3631592988967896,0
1787709900000,1.3632149696350098,1.3632521629333496,1.3631592988967896,1.3632335662841797,0
1787710200000,1.3632149696350098,1.3632149696350098,1.36304771900177,1.36304771900177,0
1787710500000,1.3630106449127197,1.3631778955459595,1.3630106449127197,1.3631778955459595,0
1787710800000,1.3631035089492798,1.3631035089492798,1.3630292415618896,1.3630292415618896,0
1787711100000,1.36314058303833,1.36314058303833,1.3631035089492798,1.36314058303833,0
1787711400000,1.3629363775253296,1.3631964921951294,1.3629363775253296,1.3629734516143799,0
1787711700000,1.3629177808761597,1.3629177808761597,1.3626762628555298,1.3626762628555298,0
1787712000000,1.3627691268920898,1.36282479763031,1.3627691268920898,1.36282479763031,0
1787712300000,1.36286199092865,1.36286199092865,1.3625648021697998,1.3626762628555298,0
1787712600000,1.3626019954681396,1.3628062009811401,1.3626019954681396,1.3627691268920898,0
1787712900000,1.3627691268920898,1.3633451461791992,1.3626762628555298,1.3633451461791992,0
1787713200000,1.3633451461791992,1.3636053800582886,1.3633451461791992,1.363512396812439,0
1787713500000,1.363512396812439,1.363754153251648,1.363493800163269,1.363754153251648,0
1787713800000,1.3638285398483276,1.363958716392517,1.3636797666549683,1.3636797666549683,0
1787714100000,1.3638657331466675,1.364089012145996,1.3638657331466675,1.3638843297958374,0
1787714400000,1.363754153251648,1.363754153251648,1.3635867834091187,1.3636425733566284,0
1787714700000,1.3636053800582886,1.3636797666549683,1.3635867834091187,1.3636425733566284,0
1787715000000,1.3635495901107788,1.3637727499008179,1.3634752035140991,1.3637727499008179,0
1787715300000,1.3636983633041382,1.3638099431991577,1.3636983633041382,1.3636983633041382,0
1787715600000,1.363716959953308,1.363716959953308,1.3635681867599487,1.3635681867599487,0
1787715900000,1.363493800163269,1.3635495901107788,1.3634381294250488,1.3635495901107788,0
1787716200000,1.3635495901107788,1.3635495901107788,1.3631221055984497,1.3631221055984497,0
1787716500000,1.3631778955459595,1.3631778955459595,1.3631035089492798,1.3631778955459595,0
1787716800000,1.3630849123001099,1.3633265495300293,1.3630849123001099,1.3633265495300293,0
1787717100000,1.3633637428283691,1.3634566068649292,1.3633265495300293,1.3634194135665894,0
1787717400000,1.363512396812439,1.363716959953308,1.363493800163269,1.3636239767074585,0
1787717700000,1.363512396812439,1.3636425733566284,1.363493800163269,1.363493800163269,0
1787718000000,1.3635867834091187,1.3636611700057983,1.3634566068649292,1.3634566068649292,0
1787718300000,1.3635681867599487,1.3635681867599487,1.3634008169174194,1.363493800163269,0
1787718600000,1.3634566068649292,1.3634566068649292,1.3632521629333496,1.3633822202682495,0
1787718900000,1.3632893562316895,1.3633265495300293,1.3631221055984497,1.3632149696350098,0
1787719200000,1.3633079528808594,1.3633079528808594,1.36306631565094,1.36314058303833,0
1787719500000,1.3632335662841797,1.3632335662841797,1.3629363775253296,1.3629363775253296,0
1787719800000,1.3630849123001099,1.36314058303833,1.3628991842269897,1.3628991842269897,0
1787720100000,1.3628805875778198,1.3628805875778198,1.3626948595046997,1.36282479763031,0
1787720400000,1.3629363775253296,1.3629363775253296,1.3626948595046997,1.3626948595046997,0
1787720700000,1.3627877235412598,1.3627877235412598,1.3624906539916992,1.3624906539916992,0
1787721000000,1.3623977899551392,1.3626019954681396,1.3623977899551392,1.362416386604309,0
1787721300000,1.3625833988189697,1.36263906955719,1.3625277280807495,1.36263906955719,0
1787721600000,1.3626205921173096,1.3626205921173096,1.3624906539916992,1.3624906539916992,0
1787721900000,1.362434983253479,1.3626948595046997,1.362434983253479,1.3626019954681396,0
1787722200000,1.3625833988189697,1.3627134561538696,1.3625833988189697,1.3626205921173096,0
1787722500000,1.3626019954681396,1.3627691268920898,1.3626019954681396,1.3626205921173096,0
1787722800000,1.3627134561538696,1.36273193359375,1.3626948595046997,1.36273193359375,0
1787723100000,1.3627877235412598,1.3628805875778198,1.36273193359375,1.36282479763031,0
1787723400000,1.3627877235412598,1.3630106449127197,1.3627877235412598,1.3629177808761597,0
1787723700000,1.3630106449127197,1.3630106449127197,1.36275053024292,1.3628062009811401,0
1787724000000,1.3626762628555298,1.3626762628555298,1.3625091314315796,1.3625091314315796,0
1787724300000,1.3625277280807495,1.3625277280807495,1.3624721765518188,1.3625091314315796,0
1787724600000,1.3625091314315796,1.3625277280807495,1.362434983253479,1.362453579902649,0
1787724900000,1.362323522567749,1.362342119216919,1.3620080947875977,1.3620080947875977,0
1787725200000,1.3619894981384277,1.362119436264038,1.3619894981384277,1.3620452880859375,0
1787725500000,1.3619153499603271,1.3620080947875977,1.3618227243423462,1.3618227243423462,0
1787725800000,1.3618782758712769,1.3621565103530884,1.3618782758712769,1.3621565103530884,0
1787726100000,1.362119436264038,1.3622493743896484,1.362119436264038,1.3622123003005981,0
1787726400000,1.362230896949768,1.362230896949768,1.3621008396148682,1.362119436264038,0
1787726700000,1.3622864484786987,1.3622864484786987,1.3621565103530884,1.3622678518295288,0
1787727000000,1.3621008396148682,1.362119436264038,1.3620080947875977,1.3621008396148682,0
1787727300000,1.362138032913208,1.362138032913208,1.361933946609497,1.3620452880859375,0
1787727600000,1.362119436264038,1.362342119216919,1.362119436264038,1.362342119216919,0
1787727900000,1.362323522567749,1.362342119216919,1.362230896949768,1.3622864484786987,0
1787728200000,1.3622864484786987,1.3625463247299194,1.3622864484786987,1.3625463247299194,0
1787728500000,1.362453579902649,1.362453579902649,1.3622864484786987,1.3622864484786987,0
1787728800000,1.362342119216919,1.362342119216919,1.362230896949768,1.362230896949768,0
1787729100000,1.362230896949768,1.3625648021697998,1.362230896949768,1.3625648021697998,0
1787729400000,1.362453579902649,1.3627134561538696,1.362453579902649,1.3626948595046997,0
1787729700000,1.3627134561538696,1.3627134561538696,1.3625833988189697,1.3626019954681396,0
1787730000000,1.3625091314315796,1.3626019954681396,1.3625091314315796,1.3626019954681396,0
1787730300000,1.3625463247299194,1.3627877235412598,1.3625463247299194,1.3627877235412598,0
1787730600000,1.3628062009811401,1.3628062009811401,1.3626576662063599,1.3626576662063599,0
1787730900000,1.36275053024292,1.36304771900177,1.36275053024292,1.3630106449127197,0
1787731200000,1.3629920482635498,1.3629920482635498,1.36284339427948,1.3629549741744995,0
1787731500000,1.3629920482635498,1.3632707595825195,1.3629920482635498,1.3631964921951294,0
1787731800000,1.3631221055984497,1.3632335662841797,1.3631221055984497,1.3631778955459595,0
1787732100000,1.3633265495300293,1.3634752035140991,1.3632893562316895,1.3634752035140991,0
1787732400000,1.3633637428283691,1.363512396812439,1.3632335662841797,1.3632707595825195,0
1787732700000,1.3632335662841797,1.3632335662841797,1.3628805875778198,1.3628805875778198,0
1787733000000,1.3635867834091187,1.3635867834091187,1.361581563949585,1.361581563949585,0
1787733300000,1.3618041276931763,1.3618041276931763,1.3613221645355225,1.3614332675933838,0
1787733600000,1.3613221645355225,1.361767053604126,1.3613221645355225,1.361767053604126,0
1787733900000,1.361488938331604,1.361488938331604,1.3613591194152832,1.361488938331604,0
1787734200000,1.3616186380386353,1.3616372346878052,1.3613777160644531,1.3613777160644531,0
1787734500000,1.3613777160644531,1.3613777160644531,1.360951542854309,1.36104416847229,0
1787734800000,1.3606922626495361,1.3606922626495361,1.3605072498321533,1.3605072498321533,0
1787735100000,1.3605256080627441,1.3608219623565674,1.3605256080627441,1.360544204711914,0
1787735400000,1.3606367111206055,1.3607479333877563,1.3606367111206055,1.3607479333877563,0
1787735700000,1.360877513885498,1.360877513885498,1.3605072498321533,1.360784888267517,0
1787736000000,1.3608219623565674,1.3608219623565674,1.3604332208633423,1.3604332208633423,0
1787736300000,1.3606553077697754,1.3607293367385864,1.360544204711914,1.3607293367385864,0
1787736600000,1.3607479333877563,1.3607479333877563,1.3604332208633423,1.3604332208633423,0
1787736900000,1.3603591918945312,1.360451579093933,1.3602666854858398,1.3602666854858398,0
1787737200000,1.3602666854858398,1.3604332208633423,1.3602666854858398,1.3602666854858398,0
1787737500000,1.360396146774292,1.3604146242141724,1.3602850437164307,1.3604146242141724,0
1787737800000,1.3605626821517944,1.3606553077697754,1.3603591918945312,1.3606553077697754,0
1787738100000,1.3606739044189453,1.3606739044189453,1.360322117805481,1.360322117805481,0
1787738400000,1.3602666854858398,1.3602666854858398,1.3597487211227417,1.3600445985794067,0
1787738700000,1.360007643699646,1.360007643699646,1.3598226308822632,1.3598966598510742,0
1787739000000,1.359933614730835,1.359933614730835,1.3598041534423828,1.3598041534423828,0
1787739300000,1.3599522113800049,1.3599522113800049,1.3595083951950073,1.3595083951950073,0
1787739600000,1.3594529628753662,1.3594529628753662,1.3588064908981323,1.3588064908981323,0
1787739900000,1.3587325811386108,1.358917236328125,1.3585665225982666,1.3588802814483643,0
1787740200000,1.3586586713790894,1.3590834140777588,1.3586586713790894,1.3590834140777588,0
1787740500000,1.3591758012771606,1.3593051433563232,1.3591573238372803,1.3593051433563232,0
1787740800000,1.3594529628753662,1.3595823049545288,1.3594160079956055,1.3595454692840576,0
1787741100000,1.3594714403152466,1.3594714403152466,1.3586403131484985,1.3586403131484985,0
1787741400000,1.3585665225982666,1.3587325811386108,1.3585665225982666,1.35869562625885,0
1787741700000,1.3590095043182373,1.3591573238372803,1.3587509393692017,1.3589726686477661,0
1787742000000,1.3588248491287231,1.3591573238372803,1.3587509393692017,1.3591573238372803,0
1787742300000,1.3590279817581177,1.3595083951950073,1.3590279817581177,1.3595083951950073,0
1787742600000,1.3595454692840576,1.3595454692840576,1.3592681884765625,1.3593236207962036,0
1787742900000,1.3591018915176392,1.3591018915176392,1.3589357137680054,1.3590465784072876,0
1787743200000,1.3591203689575195,1.3591203689575195,1.3588248491287231,1.3591018915176392,0
1787743500000,1.3590465784072876,1.3591573238372803,1.3590465784072876,1.3590649366378784,0
1787743800000,1.3591573238372803,1.3592311143875122,1.3590649366378784,1.3592311143875122,0
1787744100000,1.359342098236084,1.3596007823944092,1.359342098236084,1.3595268726348877,0
1787744400000,1.359785795211792,1.359841227531433,1.359767198562622,1.359841227531433,0
1787744700000,1.3596932888031006,1.359767198562622,1.3595638275146484,1.3596562147140503,0
1787745000000,1.3596562147140503,1.3596562147140503,1.3591388463974,1.3592311143875122,0
1787745300000,1.359397530555725,1.3594714403152466,1.3592127561569214,1.3594344854354858,0
1787745600000,1.3594529628753662,1.3594529628753662,1.3592681884765625,1.3592681884765625,0
1787745900000,1.3594344854354858,1.3596562147140503,1.3594344854354858,1.3596562147140503,0
1787746200000,1.3595454692840576,1.3596562147140503,1.3595454692840576,1.3596007823944092,0
1787746500000,1.3596748113632202,1.3596748113632202,1.3595083951950073,1.3595083951950073,0
1787746800000,1.35963773727417,1.35963773727417,1.3595083951950073,1.3595083951950073,0
1787747100000,1.3595268726348877,1.3595638275146484,1.359489917755127,1.3595638275146484,0
1787747400000,1.359489917755127,1.359489917755127,1.3592866659164429,1.3592866659164429,0
1787747700000,1.359194278717041,1.3592127561569214,1.3591203689575195,1.3591203689575195,0
1787748000000,1.3589726686477661,1.3591573238372803,1.3589726686477661,1.3590834140777588,0
1787748300000,1.3591203689575195,1.3593605756759644,1.3590095043182373,1.3593605756759644,0
1787748600000,1.3594529628753662,1.3594529628753662,1.3590465784072876,1.3590465784072876,0
1787748900000,1.358917236328125,1.3591758012771606,1.358917236328125,1.3591758012771606,0
1787749200000,1.3591203689575195,1.3593605756759644,1.3591203689575195,1.3592311143875122,0
1787749500000,1.3591758012771606,1.3591758012771606,1.3590095043182373,1.3590465784072876,0
1787749800000,1.3590465784072876,1.3590465784072876,1.358991026878357,1.3590279817581177,0
1787750100000,1.3592311143875122,1.3593605756759644,1.3592311143875122,1.3593605756759644,0
1787750400000,1.359397530555725,1.3594714403152466,1.3593605756759644,1.3594529628753662,0
1787750700000,1.3594160079956055,1.3594344854354858,1.359342098236084,1.3594344854354858,0
1787751000000,1.3594344854354858,1.359619379043579,1.3594344854354858,1.3595823049545288,0
1787751300000,1.3596007823944092,1.3596007823944092,1.3594344854354858,1.3594344854354858,0
1787751600000,1.3594344854354858,1.3594529628753662,1.3593605756759644,1.3593605756759644,0
1787751900000,1.3594344854354858,1.3594344854354858,1.3592866659164429,1.3592866659164429,0
1787752200000,1.359342098236084,1.3594529628753662,1.359342098236084,1.3594344854354858,0
1787752500000,1.3594160079956055,1.3594160079956055,1.3593236207962036,1.3594160079956055,0
1787752800000,1.3594529628753662,1.3594529628753662,1.3594344854354858,1.3594529628753662,0
1787753100000,1.3594344854354858,1.3594529628753662,1.3592866659164429,1.3592866659164429,0
1787753400000,1.3595454692840576,1.35963773727417,1.3594714403152466,1.3596007823944092,0
1787753700000,1.3595268726348877,1.359619379043579,1.3595268726348877,1.3595823049545288,0
1787754000000,1.3595823049545288,1.3595823049545288,1.3595083951950073,1.3595083951950073,0
1787754300000,1.3595083951950073,1.3595083951950073,1.359342098236084,1.359342098236084,0
1787754600000,1.3593051433563232,1.3593051433563232,1.3592127561569214,1.3592311143875122,0
1787754900000,1.3592127561569214,1.3592127561569214,1.3590834140777588,1.3590834140777588,0
1787755200000,1.3591018915176392,1.3591388463974,1.3590834140777588,1.3591388463974,0
1787755500000,1.3591573238372803,1.3592311143875122,1.3591573238372803,1.3592311143875122,0
1787755800000,1.3592497110366821,1.3592866659164429,1.3592311143875122,1.3592311143875122,0
1787756100000,1.3591203689575195,1.3592127561569214,1.3591018915176392,1.3592127561569214,0
1787756400000,1.3592311143875122,1.3592311143875122,1.3591388463974,1.3591573238372803,0
1787756700000,1.3592311143875122,1.3592497110366821,1.3592127561569214,1.3592497110366821,0
1787757000000,1.359194278717041,1.3592681884765625,1.3591388463974,1.3591758012771606,0
1787757300000,1.3591758012771606,1.3592311143875122,1.3591018915176392,1.3591203689575195,0
1787757600000,1.3590649366378784,1.359194278717041,1.3590649366378784,1.359194278717041,0
1787757900000,1.3592311143875122,1.359397530555725,1.3592311143875122,1.3592681884765625,0
1787758200000,1.3593605756759644,1.3593605756759644,1.3592681884765625,1.3592681884765625,0
1787758500000,1.3592497110366821,1.359342098236084,1.3592497110366821,1.359342098236084,0
1787758800000,1.359342098236084,1.3593605756759644,1.3593051433563232,1.3593051433563232,0
1787759100000,1.3593236207962036,1.3594160079956055,1.3593236207962036,1.359342098236084,0
1787759400000,1.3593051433563232,1.3593051433563232,1.359194278717041,1.3592311143875122,0
1787759700000,1.3592311143875122,1.3594529628753662,1.3592311143875122,1.359342098236084,0
1787760000000,1.3594529628753662,1.359489917755127,1.3594160079956055,1.3594160079956055,0
1787760300000,1.359397530555725,1.3595638275146484,1.359397530555725,1.3595638275146484,0
1787760600000,1.3594529628753662,1.3594529628753662,1.3594529628753662,1.3594529628753662,0
1787760900000,1.3593236207962036,1.3593605756759644,1.3593236207962036,1.359342098236084,0
1787761200000,1.3594344854354858,1.3594529628753662,1.3593236207962036,1.3593236207962036,0
1787761500000,1.3594160079956055,1.3594529628753662,1.3593605756759644,1.3594529628753662,0
1787761800000,1.3593790531158447,1.3595638275146484,1.3593790531158447,1.3595638275146484,0
1787762100000,1.3595268726348877,1.3596562147140503,1.3595268726348877,1.3596562147140503,0
1787762400000,1.35963773727417,1.3596562147140503,1.359619379043579,1.35963773727417,0
1787762700000,1.3596007823944092,1.3596007823944092,1.3594529628753662,1.3595083951950073,0
1787763000000,1.3595083951950073,1.3595454692840576,1.3595083951950073,1.3595454692840576,0
1787763300000,1.3595268726348877,1.3598041534423828,1.3595268726348877,1.3598041534423828,0
1787763600000,1.359619379043579,1.359619379043579,1.3590279817581177,1.3590279817581177,0
1787763900000,1.359397530555725,1.3594344854354858,1.3593790531158447,1.3593790531158447,0
1787764200000,1.3594160079956055,1.3594714403152466,1.359397530555725,1.3594344854354858,0
1787764500000,1.3594714403152466,1.3595638275146484,1.3594529628753662,1.3595268726348877,0
1787764800000,1.3595638275146484,1.3595638275146484,1.3594344854354858,1.3594344854354858,0
1787765100000,1.3593236207962036,1.3594529628753662,1.3593236207962036,1.3593790531158447,0
1787765400000,1.3594344854354858,1.3595083951950073,1.3592681884765625,1.3592681884765625,0
1787765700000,1.3596007823944092,1.3596007823944092,1.3593236207962036,1.359489917755127,0
1787766000000,1.3595823049545288,1.3595823049545288,1.3593790531158447,1.3594344854354858,0
1787766300000,1.3594714403152466,1.3594714403152466,1.3593051433563232,1.3593051433563232,0
1787766600000,1.3593605756759644,1.3594344854354858,1.3592866659164429,1.3594344854354858,0
1787766900000,1.3593790531158447,1.3596562147140503,1.3593790531158447,1.3595268726348877,0
1787767200000,1.3594160079956055,1.3596748113632202,1.3594160079956055,1.359619379043579,0
1787767500000,1.3595823049545288,1.3595823049545288,1.3594344854354858,1.3594344854354858,0
1787767800000,1.359397530555725,1.359489917755127,1.3593605756759644,1.359489917755127,0
1787768100000,1.3594529628753662,1.359619379043579,1.359397530555725,1.359619379043579,0
1787768400000,1.3595083951950073,1.3596007823944092,1.3595083951950073,1.3595454692840576,0
1787768700000,1.359489917755127,1.3595638275146484,1.359489917755127,1.3595638275146484,0
1787769000000,1.3596932888031006,1.3596932888031006,1.3596007823944092,1.359619379043579,0
1787769300000,1.3594160079956055,1.3595638275146484,1.3594160079956055,1.359489917755127,0
1787769600000,1.3595823049545288,1.3596007823944092,1.3595454692840576,1.3596007823944092,0
1787769900000,1.3596007823944092,1.3596932888031006,1.3595454692840576,1.3595454692840576,0
1787770200000,1.3595823049545288,1.3595823049545288,1.359489917755127,1.359489917755127,0
1787770500000,1.3595268726348877,1.3596007823944092,1.3595268726348877,1.3595268726348877,0
1787770800000,1.3595083951950073,1.3596007823944092,1.3595083951950073,1.3596007823944092,0
1787771100000,1.3596007823944092,1.3597116470336914,1.3595823049545288,1.3597116470336914,0
1787771400000,1.3595823049545288,1.3596562147140503,1.3595268726348877,1.3596562147140503,0
1787771700000,1.3597487211227417,1.3597487211227417,1.3595638275146484,1.3596932888031006,0
1787772000000,1.3597487211227417,1.3597487211227417,1.3596562147140503,1.3597302436828613,0
1787772300000,1.3597302436828613,1.3598041534423828,1.3596932888031006,1.3596932888031006,0
1787772600000,1.3596562147140503,1.3596932888031006,1.359619379043579,1.3596932888031006,0
1787772900000,1.3596932888031006,1.3598041534423828,1.3596932888031006,1.3597116470336914,0
1787773200000,1.3597116470336914,1.3597487211227417,1.3596932888031006,1.3597487211227417,0
1787773500000,1.3596932888031006,1.3597116470336914,1.35963773727417,1.35963773727417,0
1787773800000,1.359767198562622,1.359767198562622,1.3595638275146484,1.3595638275146484,0
1787774100000,1.3596007823944092,1.3596932888031006,1.3596007823944092,1.359619379043579,0
1787774400000,1.3596562147140503,1.3596562147140503,1.3594529628753662,1.35963773727417,0
1787774700000,1.3595638275146484,1.3595638275146484,1.3593236207962036,1.3593605756759644,0
1787775000000,1.3593790531158447,1.3593790531158447,1.3592681884765625,1.3592681884765625,0
1787775300000,1.3592681884765625,1.359342098236084,1.3592497110366821,1.359342098236084,0
1787775600000,1.3593236207962036,1.3594344854354858,1.3593236207962036,1.359342098236084,0
1787775900000,1.359397530555725,1.3595083951950073,1.3593790531158447,1.3595083951950073,0
1787776200000,1.3595268726348877,1.3595638275146484,1.3595268726348877,1.3595454692840576,0
1787776500000,1.3595823049545288,1.3595823049545288,1.3593236207962036,1.3593236207962036,0
1787776800000,1.3592681884765625,1.3593236207962036,1.3592311143875122,1.3592311143875122,0
1787777100000,1.359194278717041,1.3592311143875122,1.3591388463974,1.3592311143875122,0
1787777400000,1.3593051433563232,1.3593051433563232,1.3590279817581177,1.3590279817581177,0
1787777700000,1.3590834140777588,1.3592866659164429,1.3590834140777588,1.3592127561569214,0
1787778000000,1.3592681884765625,1.3592681884765625,1.3591573238372803,1.3592497110366821,0
1787778300000,1.3592681884765625,1.3592681884765625,1.3590279817581177,1.3590465784072876,0
1787778600000,1.3590649366378784,1.3591203689575195,1.3590649366378784,1.3591203689575195,0
1787778900000,1.3590649366378784,1.3591388463974,1.3590279817581177,1.3591388463974,0
1787779200000,1.3591758012771606,1.3594529628753662,1.3591388463974,1.3594529628753662,0
1787779500000,1.3593605756759644,1.3593605756759644,1.3591018915176392,1.3592127561569214,0
1787779800000,1.3592681884765625,1.3592681884765625,1.3591388463974,1.3591388463974,0
1787780100000,1.3593236207962036,1.3593236207962036,1.3591573238372803,1.3591573238372803,0
1787780400000,1.3591018915176392,1.3591018915176392,1.3589726686477661,1.3589726686477661,0
1787780700000,1.3590649366378784,1.3592311143875122,1.3590649366378784,1.3591573238372803,0
1787781000000,1.3591388463974,1.3592497110366821,1.3591388463974,1.3592497110366821,0
1787781300000,1.3592681884765625,1.3593051433563232,1.3592497110366821,1.3592681884765625,0
1787781600000,1.3593236207962036,1.3593236207962036,1.3592311143875122,1.3593236207962036,0
1787781900000,1.3593605756759644,1.3594344854354858,1.3593051433563232,1.3594344854354858,0
1787782200000,1.3593790531158447,1.359489917755127,1.359342098236084,1.359342098236084,0
1787782500000,1.3592681884765625,1.359342098236084,1.3592497110366821,1.3592497110366821,0
1787782800000,1.3592311143875122,1.3592311143875122,1.3590834140777588,1.3590834140777588,0
1787783100000,1.3590095043182373,1.3590465784072876,1.3589726686477661,1.3590095043182373,0
1787783400000,1.3589541912078857,1.3589726686477661,1.358917236328125,1.3589726686477661,0
1787783700000,1.358917236328125,1.3591018915176392,1.358917236328125,1.3589541912078857,0
1787784000000,1.3590649366378784,1.3590834140777588,1.3590279817581177,1.3590834140777588,0
1787784300000,1.3591203689575195,1.3591573238372803,1.3591018915176392,1.3591573238372803,0
1787784600000,1.3590279817581177,1.3592311143875122,1.3590279817581177,1.3590465784072876,0
1787784900000,1.3590465784072876,1.3591758012771606,1.3590095043182373,1.3591388463974,0
1787785200000,1.3591388463974,1.359194278717041,1.3591018915176392,1.359194278717041,0
1787785500000,1.359194278717041,1.359194278717041,1.3591203689575195,1.3591573238372803,0
1787785800000,1.3591758012771606,1.3592681884765625,1.3591758012771606,1.3592681884765625,0
1787786100000,1.3592681884765625,1.3592681884765625,1.3591758012771606,1.3591758012771606,0
1787786400000,1.3591573238372803,1.3591573238372803,1.3591018915176392,1.3591388463974,0
1787786700000,1.3591203689575195,1.3591203689575195,1.3590095043182373,1.3590649366378784,0
1787787000000,1.358991026878357,1.3590279817581177,1.358917236328125,1.3590279817581177,0
1787787300000,1.3589726686477661,1.3589726686477661,1.3588618040084839,1.3588618040084839,0
1787787600000,1.3588433265686035,1.358917236328125,1.3588433265686035,1.3588618040084839,0
1787787900000,1.3588618040084839,1.3591018915176392,1.3588618040084839,1.3591018915176392,0
1787788200000,1.3590095043182373,1.3590095043182373,1.3589357137680054,1.3589357137680054,0
1787788500000,1.3589357137680054,1.3589357137680054,1.3587509393692017,1.3587509393692017,0
1787788800000,1.3587695360183716,1.3590465784072876,1.3587695360183716,1.3590465784072876,0
1787789100000,1.3590465784072876,1.3590465784072876,1.3588987588882446,1.3589541912078857,0
1787789400000,1.3589541912078857,1.3590649366378784,1.3589541912078857,1.3590649366378784,0
1787789700000,1.3590279817581177,1.3591018915176392,1.358917236328125,1.358917236328125,0
1787790000000,1.3588987588882446,1.3589357137680054,1.3587695360183716,1.3587695360183716,0
1787790300000,1.3588433265686035,1.3591018915176392,1.3588433265686035,1.3590095043182373,0
1787790600000,1.3589541912078857,1.3589541912078857,1.3588433265686035,1.3588433265686035,0
1787790900000,1.3588064908981323,1.3588064908981323,1.3587509393692017,1.358788013458252,0
1787791200000,1.358788013458252,1.358788013458252,1.3587325811386108,1.3587695360183716,0
1787791500000,1.3587141036987305,1.3588248491287231,1.35869562625885,1.3588248491287231,0
1787791800000,1.3587509393692017,1.3588248491287231,1.3587509393692017,1.3587509393692017,0
1787792100000,1.3587695360183716,1.3587695360183716,1.3587325811386108,1.3587509393692017,0
1787792400000,1.3587695360183716,1.3587695360183716,1.3586771488189697,1.3586771488189697,0
1787792700000,1.3587325811386108,1.358788013458252,1.3587325811386108,1.3587509393692017,0
1787793000000,1.3587695360183716,1.3588618040084839,1.3587695360183716,1.3588433265686035,0
1787793300000,1.358788013458252,1.358788013458252,1.3586033582687378,1.3586033582687378,0
1787793600000,1.3586586713790894,1.3588802814483643,1.3586586713790894,1.3588802814483643,0
1787793900000,1.358917236328125,1.3590465784072876,1.3588987588882446,1.3590465784072876,0
1787794200000,1.3590649366378784,1.3591388463974,1.3589541912078857,1.3590465784072876,0
1787794500000,1.3589357137680054,1.358991026878357,1.3589357137680054,1.3589357137680054,0
1787794800000,1.3588618040084839,1.358991026878357,1.3588618040084839,1.3589357137680054,0
1787795100000,1.3589541912078857,1.3590095043182373,1.3589357137680054,1.3590095043182373,0
1787795400000,1.3589541912078857,1.3589541912078857,1.3586771488189697,1.3587509393692017,0
1787795700000,1.3588802814483643,1.3588802814483643,1.3587509393692017,1.3588433265686035,0
1787796000000,1.3588987588882446,1.3588987588882446,1.3586771488189697,1.3586771488189697,0
1787796300000,1.3587325811386108,1.3588064908981323,1.3587325811386108,1.3587509393692017,0
1787796600000,1.358788013458252,1.3589541912078857,1.358788013458252,1.3589541912078857,0
1787796900000,1.3588248491287231,1.3589357137680054,1.3588248491287231,1.3589357137680054,0
1787797200000,1.358917236328125,1.3590834140777588,1.358917236328125,1.3590834140777588,0
1787797500000,1.3590279817581177,1.3591573238372803,1.3589357137680054,1.358991026878357,0
1787797800000,1.358991026878357,1.3590279817581177,1.3588618040084839,1.3588618040084839,0
1787798100000,1.3588987588882446,1.3588987588882446,1.3587695360183716,1.3587695360183716,0
1787798400000,1.3586586713790894,1.3589541912078857,1.3586586713790894,1.3589541912078857,0
1787798700000,1.3589726686477661,1.3590095043182373,1.3587695360183716,1.3587695360183716,0
1787799000000,1.3586771488189697,1.3587325811386108,1.3586586713790894,1.3587141036987305,0
1787799300000,1.3587695360183716,1.3589357137680054,1.3587695360183716,1.3589357137680054,0
1787799600000,1.3590834140777588,1.3593236207962036,1.3590834140777588,1.3592497110366821,0
1787799900000,1.3592866659164429,1.3593051433563232,1.3592127561569214,1.3592127561569214,0
1787800200000,1.3592866659164429,1.35963773727417,1.3592866659164429,1.35963773727417,0
1787800500000,1.3595083951950073,1.3595083951950073,1.3592681884765625,1.3592681884765625,0
1787800800000,1.3592866659164429,1.3592866659164429,1.3589541912078857,1.3589541912078857,0
1787801100000,1.3589541912078857,1.3589541912078857,1.3587325811386108,1.3587325811386108,0
1787801400000,1.3586771488189697,1.3588987588882446,1.3586771488189697,1.3588987588882446,0
1787801700000,1.3590095043182373,1.359194278717041,1.3589357137680054,1.3589357137680054,0
1787802000000,1.3589357137680054,1.3589726686477661,1.3588618040084839,1.3589726686477661,0
1787802300000,1.359194278717041,1.359194278717041,1.3589726686477661,1.358991026878357,0
1787802600000,1.3589357137680054,1.3589357137680054,1.3586771488189697,1.3587695360183716,0
1787802900000,1.3587695360183716,1.3587695360183716,1.3586771488189697,1.3587509393692017,0
1787803200000,1.3587509393692017,1.3592681884765625,1.3587509393692017,1.3592681884765625,0
1787803500000,1.3591573238372803,1.3593236207962036,1.3591573238372803,1.3593236207962036,0
1787803800000,1.3594160079956055,1.3594160079956055,1.3591018915176392,1.3591018915176392,0
1787804100000,1.3590649366378784,1.3591758012771606,1.3590649366378784,1.3590834140777588,0
1787804400000,1.3589357137680054,1.3589357137680054,1.3586586713790894,1.3586586713790894,0
1787804700000,1.3586586713790894,1.3586771488189697,1.3585480451583862,1.3585480451583862,0
1787805000000,1.3585665225982666,1.3585848808288574,1.3584741353988647,1.3585295677185059,0
1787805300000,1.3583449125289917,1.3583449125289917,1.358105182647705,1.3581973314285278,0
1787805600000,1.3580683469772339,1.3585480451583862,1.3580683469772339,1.358437180519104,0
1787805900000,1.3584556579589844,1.3585295677185059,1.3583818674087524,1.3583818674087524,0
1787806200000,1.3582895994186401,1.3583818674087524,1.3582711219787598,1.3582711219787598,0
1787806500000,1.3582158088684082,1.3582526445388794,1.3581420183181763,1.3581420183181763,0
1787806800000,1.357994556427002,1.357994556427002,1.357478380203247,1.357478380203247,0
1787807100000,1.3574045896530151,1.3577916622161865,1.3574045896530151,1.3576626777648926,0
1787807400000,1.3578470945358276,1.3579576015472412,1.3577916622161865,1.3578654527664185,0
1787807700000,1.3579022884368896,1.35792076587677,1.357736349105835,1.357736349105835,0
1787808000000,1.3576442003250122,1.3578838109970093,1.3576442003250122,1.3578838109970093,0
1787808300000,1.3577916622161865,1.3580683469772339,1.3577916622161865,1.3579391241073608,0
1787808600000,1.3580129146575928,1.3580129146575928,1.357736349105835,1.357736349105835,0
1787808900000,1.3577179908752441,1.3577548265457153,1.3572940826416016,1.3572940826416016,0
1787809200000,1.3572388887405396,1.3576626777648926,1.3572388887405396,1.3576626777648926,0
1787809500000,1.3575705289840698,1.3578654527664185,1.3575705289840698,1.3577731847763062,0
1787809800000,1.3578470945358276,1.3581420183181763,1.357810139656067,1.3581420183181763,0
1787810100000,1.3580498695373535,1.3580498695373535,1.3576257228851318,1.3576257228851318,0
1787810400000,1.357533574104309,1.357533574104309,1.3571282625198364,1.3571282625198364,0
1787810700000,1.3572757244110107,1.357367753982544,1.3572572469711304,1.357367753982544,0
1787811000000,1.3576257228851318,1.3578470945358276,1.3576257228851318,1.3576257228851318,0
1787811300000,1.3577548265457153,1.3579391241073608,1.3576442003250122,1.3579391241073608,0
1787811600000,1.3579391241073608,1.3581604957580566,1.3579391241073608,1.358105182647705,0
1787811900000,1.3580498695373535,1.358105182647705,1.3580129146575928,1.3580683469772339,0
1787812200000,1.3581604957580566,1.3581604957580566,1.3580129146575928,1.358105182647705,0
1787812500000,1.357810139656067,1.3578286170959473,1.3576442003250122,1.3576626777648926,0
1787812800000,1.3574599027633667,1.3577179908752441,1.3574599027633667,1.3577179908752441,0
1787813100000,1.3577179908752441,1.3577179908752441,1.3575890064239502,1.3575890064239502,0
1787813400000,1.3576257228851318,1.3578286170959473,1.3576257228851318,1.3578286170959473,0
1787813700000,1.35792076587677,1.35792076587677,1.3576626777648926,1.3576626777648926,0
1787814000000,1.3575152158737183,1.3576442003250122,1.3573862314224243,1.3576442003250122,0
1787814300000,1.3576072454452515,1.3577731847763062,1.3576072454452515,1.3576995134353638,0
1787814600000,1.3577179908752441,1.3577916622161865,1.3577179908752441,1.3577916622161865,0
1787814900000,1.3579022884368896,1.357994556427002,1.3579022884368896,1.357994556427002,0
1787815200000,1.3581420183181763,1.3581420183181763,1.3580129146575928,1.3580313920974731,0
1787815500000,1.3581788539886475,1.3582342863082886,1.358105182647705,1.358105182647705,0
1787815800000,1.3581604957580566,1.3581604957580566,1.3578286170959473,1.3578286170959473,0
1787816100000,1.3577179908752441,1.3577179908752441,1.3575152158737183,1.3575705289840698,0
1787816400000,1.3576442003250122,1.3576442003250122,1.3574045896530151,1.357496738433838,0
1787816700000,1.357533574104309,1.3575520515441895,1.3571099042892456,1.3571099042892456,0
1787817000000,1.3572388887405396,1.3576626777648926,1.3572204113006592,1.3576626777648926,0
1787817300000,1.3578838109970093,1.35792076587677,1.3578654527664185,1.3578654527664185,0
1787817600000,1.3578286170959473,1.3580868244171143,1.3578286170959473,1.3579391241073608,0
1787817900000,1.3577548265457153,1.3581788539886475,1.3577548265457153,1.3581788539886475,0
1787818200000,1.3581788539886475,1.3581788539886475,1.3578654527664185,1.3578654527664185,0
1787818500000,1.3579391241073608,1.3579576015472412,1.35792076587677,1.3579576015472412,0
1787818800000,1.3581420183181763,1.3581973314285278,1.35792076587677,1.3581973314285278,0
1787819100000,1.3581604957580566,1.3582895994186401,1.3581236600875854,1.3581236600875854,0
1787819400000,1.3581973314285278,1.3581973314285278,1.3579022884368896,1.3579391241073608,0
1787819700000,1.357810139656067,1.357810139656067,1.3576442003250122,1.3576442003250122,0
1787820000000,1.357681155204773,1.3579576015472412,1.357681155204773,1.3578654527664185,0
1787820300000,1.3579022884368896,1.3579022884368896,1.357736349105835,1.357736349105835,0
1787820600000,1.3576072454452515,1.3576072454452515,1.357496738433838,1.3575890064239502,0
1787820900000,1.3574415445327759,1.357478380203247,1.3574415445327759,1.3574415445327759,0
1787821200000,1.3573862314224243,1.3580498695373535,1.3573862314224243,1.3580498695373535,0
1787821500000,1.3581604957580566,1.3584556579589844,1.3581604957580566,1.3584556579589844,0
1787821800000,1.3584741353988647,1.3589357137680054,1.3584741353988647,1.3588064908981323,0
1787822100000,1.3587141036987305,1.3590649366378784,1.3587141036987305,1.3590465784072876,0
1787822400000,1.3591018915176392,1.359841227531433,1.3591018915176392,1.359841227531433,0
1787822700000,1.3598597049713135,1.3601741790771484,1.3598597049713135,1.360007643699646,0
1787823000000,1.3599151372909546,1.3600445985794067,1.359841227531433,1.3600445985794067,0
1787823300000,1.3597487211227417,1.3599522113800049,1.3597302436828613,1.3599522113800049,0
1787823600000,1.3596932888031006,1.3596932888031006,1.3593236207962036,1.3593236207962036,0
1787823900000,1.3592497110366821,1.3592497110366821,1.3590095043182373,1.3590834140777588,0
1787824200000,1.3593790531158447,1.3594529628753662,1.3592127561569214,1.3593605756759644,0
1787824500000,1.359342098236084,1.3594344854354858,1.3593236207962036,1.359342098236084,0
1787824800000,1.359342098236084,1.359342098236084,1.3589541912078857,1.3590279817581177,0
1787825100000,1.3591203689575195,1.3595823049545288,1.3591203689575195,1.3595268726348877,0
1787825400000,1.3595268726348877,1.3595268726348877,1.3589357137680054,1.3589357137680054,0
1787825700000,1.3589726686477661,1.3591758012771606,1.3589357137680054,1.3591758012771606,0
1787826000000,1.3591388463974,1.3591388463974,1.3587325811386108,1.3587325811386108,0
1787826300000,1.3584556579589844,1.3584556579589844,1.3583449125289917,1.3583449125289917,0
1787826600000,1.358437180519104,1.358788013458252,1.358437180519104,1.358788013458252,0
1787826900000,1.3588248491287231,1.3588433265686035,1.3586771488189697,1.3588433265686035,0
1787827200000,1.3590465784072876,1.3590465784072876,1.3585665225982666,1.3587509393692017,0
1787827500000,1.3587141036987305,1.3588433265686035,1.3585480451583862,1.3585480451583862,0
1787827800000,1.358363389968872,1.3584187030792236,1.3580498695373535,1.3584187030792236,0
1787828100000,1.3582342863082886,1.3582711219787598,1.3580868244171143,1.3581788539886475,0
1787828400000,1.3582526445388794,1.3584003448486328,1.3582158088684082,1.358363389968872,0
1787828700000,1.358363389968872,1.3586586713790894,1.358363389968872,1.3584926128387451,0
1787829000000,1.3585665225982666,1.3588802814483643,1.3585665225982666,1.3588802814483643,0
1787829300000,1.3587695360183716,1.3588248491287231,1.3586771488189697,1.3586771488189697,0
1787829600000,1.3586218357086182,1.3587325811386108,1.3586218357086182,1.3586771488189697,0
1787829900000,1.35869562625885,1.3587325811386108,1.35869562625885,1.3587141036987305,0
1787830200000,1.3588618040084839,1.3588618040084839,1.3587325811386108,1.3587325811386108,0
1787830500000,1.3588987588882446,1.3590279817581177,1.3588248491287231,1.3590279817581177,0
1787830800000,1.3590465784072876,1.3590649366378784,1.3590095043182373,1.3590279817581177,0
1787831100000,1.3589726686477661,1.3591388463974,1.3588248491287231,1.3591388463974,0
1787831400000,1.3592311143875122,1.3595638275146484,1.3592311143875122,1.3595638275146484,0
1787831700000,1.35963773727417,1.3598780632019043,1.359619379043579,1.3598226308822632,0
1787832000000,1.3598226308822632,1.3598780632019043,1.359767198562622,1.359767198562622,0
1787832300000,1.3596748113632202,1.3596748113632202,1.3594529628753662,1.3594529628753662,0
1787832600000,1.3594529628753662,1.3597302436828613,1.3594529628753662,1.3595823049545288,0
1787832900000,1.3596007823944092,1.3596007823944092,1.3594344854354858,1.3594344854354858,0
1787833200000,1.3595454692840576,1.3597302436828613,1.3595454692840576,1.35963773727417,0
1787833500000,1.359619379043579,1.3599522113800049,1.359619379043579,1.3599522113800049,0
1787833800000,1.3599522113800049,1.3600261211395264,1.3599522113800049,1.360007643699646,0
1787834100000,1.3600445985794067,1.3601185083389282,1.3599151372909546,1.360063076019287,0
1787834400000,1.3599151372909546,1.3599151372909546,1.359767198562622,1.359841227531433,0
1787834700000,1.359785795211792,1.359785795211792,1.3595454692840576,1.3595454692840576,0
1787835000000,1.359489917755127,1.35963773727417,1.359489917755127,1.3595268726348877,0
1787835300000,1.3593605756759644,1.3593790531158447,1.3592127561569214,1.3592866659164429,0
1787835600000,1.359397530555725,1.35963773727417,1.359397530555725,1.35963773727417,0
1787835900000,1.35963773727417,1.35963773727417,1.359397530555725,1.359397530555725,0
1787836200000,1.3594160079956055,1.3594160079956055,1.3592866659164429,1.3592866659164429,0
1787836500000,1.3592127561569214,1.3592311143875122,1.3591388463974,1.3591388463974,0
1787836800000,1.3591018915176392,1.3592681884765625,1.3591018915176392,1.3591758012771606,0
1787837100000,1.359194278717041,1.3592497110366821,1.3591388463974,1.3591758012771606,0
1787837400000,1.359194278717041,1.3592497110366821,1.3591758012771606,1.3592497110366821,0
1787837700000,1.3591388463974,1.3592497110366821,1.3591203689575195,1.3592497110366821,0
1787838000000,1.359194278717041,1.359194278717041,1.3590649366378784,1.3591573238372803,0
1787838300000,1.3590465784072876,1.3590649366378784,1.3588802814483643,1.3588802814483643,0
1787838600000,1.3589541912078857,1.3589726686477661,1.3589357137680054,1.3589541912078857,0
1787838900000,1.3589357137680054,1.3590095043182373,1.3588248491287231,1.3588802814483643,0
1787839200000,1.3588802814483643,1.3588987588882446,1.3586771488189697,1.3587509393692017,0
1787839500000,1.3586033582687378,1.35869562625885,1.3586033582687378,1.35869562625885,0
1787839800000,1.3586218357086182,1.3587695360183716,1.3586218357086182,1.35869562625885,0
1787840100000,1.3587141036987305,1.3588064908981323,1.3586771488189697,1.3586771488189697,0
1787840400000,1.3586033582687378,1.3586771488189697,1.3584741353988647,1.3585480451583862,0
1787840700000,1.3585110902786255,1.3585110902786255,1.358437180519104,1.3584556579589844,0
1787841000000,1.3584741353988647,1.3584741353988647,1.3583265542984009,1.3583265542984009,0
1787841300000,1.358363389968872,1.3585665225982666,1.3583449125289917,1.3585665225982666,0
1787841600000,1.3584556579589844,1.3585110902786255,1.3584556579589844,1.3585110902786255,0
1787841900000,1.3585110902786255,1.3587325811386108,1.3585110902786255,1.3587325811386108,0
1787842200000,1.3587141036987305,1.358788013458252,1.3587141036987305,1.358788013458252,0
1787842500000,1.3588248491287231,1.3589541912078857,1.3588248491287231,1.358917236328125,0
1787842800000,1.358917236328125,1.358991026878357,1.3588802814483643,1.3588802814483643,0
1787843100000,1.3588433265686035,1.3589541912078857,1.3588433265686035,1.3589541912078857,0
1787843400000,1.3589357137680054,1.3589357137680054,1.3588064908981323,1.3588064908981323,0
1787843700000,1.3589357137680054,1.3589357137680054,1.3588248491287231,1.3588618040084839,0
1787844000000,1.3589357137680054,1.3589357137680054,1.3588802814483643,1.358917236328125,0
1787844300000,1.3588433265686035,1.3588433265686035,1.35869562625885,1.3587695360183716,0
1787844600000,1.3587325811386108,1.358788013458252,1.3586586713790894,1.3587141036987305,0
1787844900000,1.3587141036987305,1.358788013458252,1.35869562625885,1.3587695360183716,0
1787845200000,1.3587695360183716,1.3587695360183716,1.3586771488189697,1.3587695360183716,0
1787845500000,1.3587509393692017,1.3587509393692017,1.3586403131484985,1.3586403131484985,0
1787845800000,1.3586403131484985,1.3586403131484985,1.3585110902786255,1.3585480451583862,0
1787846100000,1.3586403131484985,1.3588987588882446,1.3586218357086182,1.3588987588882446,0
1787846400000,1.3588064908981323,1.358917236328125,1.3588064908981323,1.358917236328125,0
1787846700000,1.3589357137680054,1.3591388463974,1.3589357137680054,1.3590465784072876,0
1787847000000,1.3590834140777588,1.3592681884765625,1.3590834140777588,1.3592311143875122,0
1787847300000,1.3592311143875122,1.3592497110366821,1.3590834140777588,1.3590834140777588,0
1787847600000,1.3591573238372803,1.3591573238372803,1.3591203689575195,1.3591203689575195,0
1787847900000,1.3591388463974,1.3591388463974,1.3590465784072876,1.3590465784072876,0
1787848200000,1.3590649366378784,1.3591573238372803,1.3590465784072876,1.3591573238372803,0
1787848500000,1.3591573238372803,1.3592497110366821,1.3591573238372803,1.3592497110366821,0
1787848800000,1.3592681884765625,1.3592681884765625,1.3592127561569214,1.3592127561569214,0
1787849100000,1.3591573238372803,1.3592866659164429,1.3591573238372803,1.3592866659164429,0
1787849400000,1.3592311143875122,1.3592497110366821,1.359194278717041,1.359194278717041,0
1787849700000,1.3592497110366821,1.359342098236084,1.3592497110366821,1.3592866659164429,0
1787850000000,1.3592497110366821,1.3592681884765625,1.3591018915176392,1.3592681884765625,0
1787850300000,1.3592866659164429,1.3593605756759644,1.3591018915176392,1.3591573238372803,0
1787850600000,1.3591018915176392,1.3591758012771606,1.3589357137680054,1.3590095043182373,0
1787850900000,1.358991026878357,1.3591388463974,1.358991026878357,1.3590649366378784,0
1787851200000,1.3590834140777588,1.3592127561569214,1.3590834140777588,1.3592127561569214,0
1787851500000,1.359397530555725,1.3596748113632202,1.359397530555725,1.3596748113632202,0
1787851800000,1.359619379043579,1.359841227531433,1.359619379043579,1.359841227531433,0
1787852100000,1.3599705696105957,1.3599705696105957,1.3596932888031006,1.3598041534423828,0
1787852400000,1.359933614730835,1.359933614730835,1.3593790531158447,1.3593790531158447,0
1787852700000,1.359194278717041,1.3595083951950073,1.3591388463974,1.3594344854354858,0
1787853000000,1.3592866659164429,1.3592866659164429,1.3590279817581177,1.3592681884765625,0
1787853300000,1.359397530555725,1.359397530555725,1.3591388463974,1.3593051433563232,0
1787853600000,1.3593790531158447,1.3595083951950073,1.359194278717041,1.359194278717041,0
1787853900000,1.359342098236084,1.359489917755127,1.359342098236084,1.359342098236084,0
1787854200000,1.3593605756759644,1.3595083951950073,1.3593605756759644,1.3595083951950073,0
1787854500000,1.3595083951950073,1.3596007823944092,1.3595083951950073,1.3595638275146484,0
1787854800000,1.3595454692840576,1.3595823049545288,1.359489917755127,1.359489917755127,0
1787855100000,1.3595083951950073,1.3595083951950073,1.3593605756759644,1.3593605756759644,0
1787855400000,1.3593790531158447,1.359619379043579,1.3593790531158447,1.359619379043579,0
1787855700000,1.3595454692840576,1.3595454692840576,1.3595268726348877,1.3595268726348877,0
1787856000000,1.3595268726348877,1.3595268726348877,1.3594344854354858,1.3595083951950073,0
1787856300000,1.359489917755127,1.3595454692840576,1.3594714403152466,1.3595083951950073,0
1787856600000,1.3595083951950073,1.3595454692840576,1.359489917755127,1.3595268726348877,0
1787856900000,1.3595823049545288,1.359619379043579,1.3595638275146484,1.359619379043579,0
1787857200000,1.359619379043579,1.3596562147140503,1.3596007823944092,1.35963773727417,0
1787857500000,1.3596562147140503,1.3596562147140503,1.3596007823944092,1.3596562147140503,0
1787857800000,1.35963773727417,1.359785795211792,1.35963773727417,1.359785795211792,0
1787858100000,1.359785795211792,1.359785795211792,1.3596932888031006,1.3596932888031006,0
1787858400000,1.3596748113632202,1.3596748113632202,1.3595454692840576,1.3595638275146484,0
1787858700000,1.359619379043579,1.3596562147140503,1.359619379043579,1.35963773727417,0
1787859000000,1.3595823049545288,1.35963773727417,1.3595454692840576,1.35963773727417,0
1787859300000,1.3595823049545288,1.359767198562622,1.3595823049545288,1.3596932888031006,0
1787859600000,1.3597302436828613,1.3597487211227417,1.3596562147140503,1.3596748113632202,0
1787859900000,1.3597487211227417,1.359785795211792,1.3597487211227417,1.359767198562622,0
1787860200000,1.3598041534423828,1.3598041534423828,1.359767198562622,1.359785795211792,0
1787860500000,1.3597487211227417,1.3597487211227417,1.3596748113632202,1.3596748113632202,0
1787860800000,1.3596562147140503,1.359767198562622,1.3596562147140503,1.3596748113632202,0
1787861100000,1.35963773727417,1.3597116470336914,1.35963773727417,1.35963773727417,0
1787861400000,1.3595823049545288,1.3596562147140503,1.3595823049545288,1.359619379043579,0
1787861700000,1.35963773727417,1.35963773727417,1.3594529628753662,1.3594529628753662,0
1787862000000,1.3594529628753662,1.359489917755127,1.3593790531158447,1.359489917755127,0
1787862300000,1.3595268726348877,1.3595268726348877,1.3594160079956055,1.3595083951950073,0
1787862600000,1.3595268726348877,1.3595638275146484,1.3594160079956055,1.3595083951950073,0
1787862900000,1.3595638275146484,1.3596562147140503,1.3595638275146484,1.3595823049545288,0
1787863200000,1.3595268726348877,1.3595638275146484,1.3595268726348877,1.3595268726348877,0
1787863500000,1.3595823049545288,1.3596932888031006,1.3595823049545288,1.35963773727417,0
1787863800000,1.3596562147140503,1.3596748113632202,1.3595638275146484,1.3595638275146484,0
1787864100000,1.3595268726348877,1.359619379043579,1.3595268726348877,1.359619379043579,0
1787864400000,1.359619379043579,1.3596748113632202,1.3595083951950073,1.3596748113632202,0
1787864700000,1.3597116470336914,1.3597487211227417,1.3596748113632202,1.3597487211227417,0
1787865000000,1.3597487211227417,1.3597487211227417,1.3595268726348877,1.3595268726348877,0
1787865300000,1.359489917755127,1.359489917755127,1.3594714403152466,1.3594714403152466,0
1787865600000,1.359489917755127,1.3595638275146484,1.359489917755127,1.3595083951950073,0
1787865900000,1.3594529628753662,1.3594714403152466,1.3594529628753662,1.3594529628753662,0
1787866200000,1.3594160079956055,1.3594529628753662,1.359342098236084,1.3594529628753662,0
1787866500000,1.3594714403152466,1.3596007823944092,1.3594714403152466,1.3596007823944092,0
1787866800000,1.3596007823944092,1.359619379043579,1.3595638275146484,1.3595823049545288,0
1787867100000,1.359489917755127,1.359489917755127,1.3591758012771606,1.3591758012771606,0
1787867400000,1.3592127561569214,1.3592866659164429,1.3590649366378784,1.3590649366378784,0
1787867700000,1.3591018915176392,1.3591018915176392,1.3590834140777588,1.3590834140777588,0
1787868000000,1.3590279817581177,1.3590834140777588,1.358991026878357,1.358991026878357,0
1787868300000,1.358991026878357,1.3590834140777588,1.358991026878357,1.3590279817581177,0
1787868600000,1.3590279817581177,1.3590465784072876,1.3588433265686035,1.3588802814483643,0
1787868900000,1.3588802814483643,1.3589541912078857,1.3588064908981323,1.3589541912078857,0
1787869200000,1.3590465784072876,1.359194278717041,1.3590465784072876,1.359194278717041,0
1787869500000,1.3592866659164429,1.3592866659164429,1.3590649366378784,1.3591018915176392,0
1787869800000,1.3590279817581177,1.3590649366378784,1.358991026878357,1.358991026878357,0
1787870100000,1.3590465784072876,1.3591018915176392,1.3590465784072876,1.3591018915176392,0
1787870400000,1.3590279817581177,1.3590834140777588,1.358991026878357,1.358991026878357,0
1787870700000,1.3589726686477661,1.3590279817581177,1.3589357137680054,1.358991026878357,0
1787871000000,1.3591018915176392,1.3592681884765625,1.3591018915176392,1.3592311143875122,0
1787871300000,1.3592866659164429,1.359342098236084,1.3592866659164429,1.359342098236084,0
1787871600000,1.359397530555725,1.3594529628753662,1.359397530555725,1.3594344854354858,0
1787871900000,1.3594529628753662,1.3594529628753662,1.359342098236084,1.3593605756759644,0
1787872200000,1.3593236207962036,1.3593605756759644,1.3593236207962036,1.3593605756759644,0
1787872500000,1.359342098236084,1.3593605756759644,1.3593051433563232,1.3593236207962036,0
1787872800000,1.3593051433563232,1.3593236207962036,1.3592497110366821,1.3592681884765625,0
1787873100000,1.3592681884765625,1.3593790531158447,1.3592681884765625,1.3593790531158447,0
1787873400000,1.3593605756759644,1.3593790531158447,1.3592497110366821,1.3592497110366821,0
1787873700000,1.3592311143875122,1.3592311143875122,1.3591758012771606,1.3591758012771606,0
1787874000000,1.3591758012771606,1.3591758012771606,1.358991026878357,1.3590095043182373,0
1787874300000,1.3590095043182373,1.3590095043182373,1.3589726686477661,1.358991026878357,0
1787874600000,1.358991026878357,1.3590095043182373,1.3589357137680054,1.3589357137680054,0
1787874900000,1.3589726686477661,1.3589726686477661,1.358917236328125,1.3589357137680054,0
1787875200000,1.3589726686477661,1.3589726686477661,1.3588987588882446,1.358917236328125,0
1787875500000,1.3588987588882446,1.3589726686477661,1.3588802814483643,1.3589357137680054,0
1787875800000,1.3589357137680054,1.3589357137680054,1.3588248491287231,1.3588248491287231,0
1787876100000,1.3588433265686035,1.3589541912078857,1.3588433265686035,1.3589541912078857,0
1787876400000,1.3589726686477661,1.3589726686477661,1.3588987588882446,1.3588987588882446,0
1787876700000,1.3588802814483643,1.3588802814483643,1.3588618040084839,1.3588802814483643,0
1787877000000,1.3588433265686035,1.3588618040084839,1.3588248491287231,1.3588248491287231,0
1787877300000,1.3588433265686035,1.3588618040084839,1.3588064908981323,1.3588064908981323,0
1787877600000,1.3587695360183716,1.3588987588882446,1.3587695360183716,1.3588618040084839,0
1787877900000,1.3588618040084839,1.3588987588882446,1.3588618040084839,1.3588987588882446,0
1787878200000,1.3588433265686035,1.3588433265686035,1.3588064908981323,1.3588064908981323,0
1787878500000,1.3588618040084839,1.3588618040084839,1.3588433265686035,1.3588433265686035,0
1787878800000,1.3588618040084839,1.3588618040084839,1.3587509393692017,1.3587509393692017,0
1787879100000,1.358788013458252,1.3588433265686035,1.3587509393692017,1.3587509393692017,0
1787879400000,1.3587509393692017,1.3587695360183716,1.3587509393692017,1.3587509393692017,0
1787879700000,1.3587695360183716,1.3588802814483643,1.3587695360183716,1.358788013458252,0
1787880000000,1.3588064908981323,1.3588064908981323,1.3587325811386108,1.3587325811386108,0
1787880300000,1.3587509393692017,1.3587695360183716,1.3587509393692017,1.3587695360183716,0
1787880600000,1.3587509393692017,1.3588064908981323,1.3587509393692017,1.3588064908981323,0
1787880900000,1.3588248491287231,1.3588248491287231,1.3587509393692017,1.3587509393692017,0
1787881200000,1.358788013458252,1.358788013458252,1.3587325811386108,1.3587325811386108,0
1787881500000,1.3587509393692017,1.358788013458252,1.3587509393692017,1.358788013458252,0
1787881800000,1.3587695360183716,1.3588064908981323,1.3587509393692017,1.3588064908981323,0
1787882100000,1.3588618040084839,1.3590834140777588,1.3588618040084839,1.3590095043182373,0
1787882400000,1.3588618040084839,1.3590649366378784,1.3588618040084839,1.3589357137680054,0
1787882700000,1.3590095043182373,1.3590095043182373,1.358917236328125,1.3589726686477661,0
1787883000000,1.3591388463974,1.3591758012771606,1.3591203689575195,1.3591203689575195,0
1787883300000,1.3591388463974,1.3591388463974,1.3589726686477661,1.3589726686477661,0
1787883600000,1.3589541912078857,1.359342098236084,1.358917236328125,1.3593051433563232,0
1787883900000,1.3592311143875122,1.3593790531158447,1.3591203689575195,1.3593790531158447,0
1787884200000,1.3593790531158447,1.3593790531158447,1.3589726686477661,1.3589726686477661,0
1787884500000,1.3591573238372803,1.3593051433563232,1.3590649366378784,1.3590834140777588,0
1787884800000,1.3590279817581177,1.359194278717041,1.3590279817581177,1.359194278717041,0
1787885100000,1.3593790531158447,1.3593790531158447,1.3591573238372803,1.3591573238372803,0
1787885400000,1.3591388463974,1.3592681884765625,1.3591388463974,1.3592681884765625,0
1787885700000,1.3592866659164429,1.3593790531158447,1.3592866659164429,1.359342098236084,0
1787886000000,1.3592866659164429,1.3592866659164429,1.3589357137680054,1.3589541912078857,0
1787886300000,1.3587509393692017,1.3588248491287231,1.3587325811386108,1.3587509393692017,0
1787886600000,1.3587695360183716,1.3589726686477661,1.3587695360183716,1.3589726686477661,0
1787886900000,1.3588248491287231,1.3588248491287231,1.358105182647705,1.358105182647705,0
1787887200000,1.3583080768585205,1.358363389968872,1.3582526445388794,1.3582526445388794,0
1787887500000,1.358363389968872,1.3583818674087524,1.3581604957580566,1.3581604957580566,0
1787887800000,1.3581236600875854,1.3586586713790894,1.3581236600875854,1.3586586713790894,0
1787888100000,1.3586586713790894,1.358788013458252,1.3586586713790894,1.35869562625885,0
1787888400000,1.3585665225982666,1.3587509393692017,1.3585665225982666,1.3587509393692017,0
1787888700000,1.3587325811386108,1.358991026878357,1.3586771488189697,1.358991026878357,0
1787889000000,1.3590465784072876,1.3590465784072876,1.3587695360183716,1.3587695360183716,0
1787889300000,1.3588433265686035,1.3589726686477661,1.3588433265686035,1.3588987588882446,0
1787889600000,1.3586771488189697,1.3591018915176392,1.3586771488189697,1.3587695360183716,0
1787889900000,1.3587325811386108,1.3587325811386108,1.3584741353988647,1.3584741353988647,0
1787890200000,1.358437180519104,1.3584556579589844,1.358437180519104,1.358437180519104,0
1787890500000,1.3584003448486328,1.3586033582687378,1.3584003448486328,1.3585110902786255,0
1787890800000,1.3585665225982666,1.3586403131484985,1.3585480451583862,1.3585480451583862,0
1787891100000,1.3585665225982666,1.3586586713790894,1.3585110902786255,1.3585295677185059,0
1787891400000,1.3585110902786255,1.35869562625885,1.3585110902786255,1.35869562625885,0
1787891700000,1.3585665225982666,1.3586218357086182,1.3584556579589844,1.3585295677185059,0
1787892000000,1.3586586713790894,1.3586586713790894,1.3584556579589844,1.3584556579589844,0
1787892300000,1.3584926128387451,1.3585848808288574,1.3583818674087524,1.3583818674087524,0
1787892600000,1.3584556579589844,1.3586403131484985,1.3584556579589844,1.3585848808288574,0
1787892900000,1.3586218357086182,1.3586403131484985,1.3585295677185059,1.3586403131484985,0
1787893200000,1.3587509393692017,1.3587509393692017,1.3582711219787598,1.3582711219787598,0
1787893500000,1.3584556579589844,1.3584741353988647,1.3583818674087524,1.3584741353988647,0
1787893800000,1.3584926128387451,1.35869562625885,1.3584926128387451,1.3585295677185059,0
1787894100000,1.3585480451583862,1.3586403131484985,1.3585480451583862,1.3585480451583862,0
1787894400000,1.3584741353988647,1.3585848808288574,1.3584556579589844,1.3585848808288574,0
1787894700000,1.3584741353988647,1.3584741353988647,1.358363389968872,1.358363389968872,0
1787895000000,1.3583818674087524,1.3586218357086182,1.3583818674087524,1.3586218357086182,0
1787895300000,1.3585480451583862,1.3585480451583862,1.3584741353988647,1.3584741353988647,0
1787895600000,1.3584187030792236,1.3584926128387451,1.3582895994186401,1.3584926128387451,0
1787895900000,1.3584187030792236,1.3585295677185059,1.3584187030792236,1.3585110902786255,0
1787896200000,1.3584926128387451,1.3584926128387451,1.3581236600875854,1.3582158088684082,0
1787896500000,1.3583449125289917,1.3583449125289917,1.3581788539886475,1.3581788539886475,0
1787896800000,1.358105182647705,1.3582526445388794,1.3580683469772339,1.3581788539886475,0
1787897100000,1.3582342863082886,1.3584187030792236,1.3582342863082886,1.3584187030792236,0
1787897400000,1.3584556579589844,1.3585295677185059,1.3582711219787598,1.3582711219787598,0
1787897700000,1.3582342863082886,1.3585295677185059,1.3581604957580566,1.3585295677185059,0
1787898000000,1.3584187030792236,1.3586586713790894,1.3584003448486328,1.3586586713790894,0
1787898300000,1.3587695360183716,1.3587695360183716,1.3586403131484985,1.3586586713790894,0
1787898600000,1.35869562625885,1.3590279817581177,1.35869562625885,1.3590279817581177,0
1787898900000,1.358991026878357,1.358991026878357,1.3589541912078857,1.3589726686477661,0
1787899200000,1.3591758012771606,1.3591758012771606,1.3589726686477661,1.358991026878357,0
1787899500000,1.3591018915176392,1.3591758012771606,1.3589541912078857,1.3589726686477661,0
1787899800000,1.3589726686477661,1.3589726686477661,1.3588618040084839,1.3588987588882446,0
1787900100000,1.358991026878357,1.3591573238372803,1.358991026878357,1.3591388463974,0
1787900400000,1.3591573238372803,1.3591573238372803,1.3589541912078857,1.3590465784072876,0
1787900700000,1.358917236328125,1.358917236328125,1.3588064908981323,1.358917236328125,0
1787901000000,1.3588433265686035,1.3588802814483643,1.3588064908981323,1.3588802814483643,0
1787901300000,1.3588802814483643,1.3588802814483643,1.3588248491287231,1.3588248491287231,0
1787901600000,1.3587141036987305,1.3587509393692017,1.3586218357086182,1.35869562625885,0
1787901900000,1.3587325811386108,1.3587509393692017,1.3585480451583862,1.3585848808288574,0
1787902200000,1.3586586713790894,1.3586586713790894,1.3586033582687378,1.3586403131484985,0
1787902500000,1.3586771488189697,1.3586771488189697,1.3585480451583862,1.3586586713790894,0
1787902800000,1.3586403131484985,1.3586586713790894,1.3586403131484985,1.3586403131484985,0
1787903100000,1.3585480451583862,1.3587695360183716,1.3584926128387451,1.3584926128387451,0
1787903400000,1.3585295677185059,1.3586771488189697,1.3584741353988647,1.3585110902786255,0
1787903700000,1.3585295677185059,1.3585848808288574,1.3584926128387451,1.3584926128387451,0
1787904000000,1.3585480451583862,1.3585665225982666,1.3585110902786255,1.3585665225982666,0
1787904300000,1.3585480451583862,1.3585480451583862,1.3584003448486328,1.3584926128387451,0
1787904600000,1.3583080768585205,1.3584556579589844,1.3582895994186401,1.3584556579589844,0
1787904900000,1.358363389968872,1.3584003448486328,1.3583080768585205,1.3583080768585205,0
1787905200000,1.3583265542984009,1.358363389968872,1.3582526445388794,1.358363389968872,0
1787905500000,1.3583265542984009,1.3583449125289917,1.3581973314285278,1.3582342863082886,0
1787905800000,1.3580129146575928,1.3580129146575928,1.3576626777648926,1.3578838109970093,0
1787906100000,1.3577731847763062,1.3577731847763062,1.3576072454452515,1.3576995134353638,0
1787906400000,1.3574045896530151,1.3576442003250122,1.3574045896530151,1.3576442003250122,0
1787906700000,1.357736349105835,1.3579760789871216,1.357736349105835,1.3579760789871216,0
1787907000000,1.3580683469772339,1.3580683469772339,1.3579391241073608,1.3579760789871216,0
1787907300000,1.3581973314285278,1.3584187030792236,1.3581973314285278,1.3584187030792236,0
1787907600000,1.3584556579589844,1.3585480451583862,1.3584556579589844,1.3584741353988647,0
1787907900000,1.358437180519104,1.358437180519104,1.3580868244171143,1.3581236600875854,0
1787908200000,1.3582526445388794,1.3582526445388794,1.3581973314285278,1.3582342863082886,0
1787908500000,1.3581973314285278,1.3582526445388794,1.358105182647705,1.3581236600875854,0
1787908800000,1.3580683469772339,1.3580683469772339,1.3577548265457153,1.3577548265457153,0
1787909100000,1.3577179908752441,1.3578838109970093,1.3575890064239502,1.3578838109970093,0
1787909400000,1.3579391241073608,1.3580868244171143,1.3579391241073608,1.3579760789871216,0
1787909700000,1.3579576015472412,1.3579576015472412,1.357736349105835,1.3579576015472412,0
1787910000000,1.3580313920974731,1.3580313920974731,1.357681155204773,1.3579576015472412,0
1787910300000,1.3578286170959473,1.3578286170959473,1.3575705289840698,1.3575705289840698,0
1787910600000,1.3574045896530151,1.3579576015472412,1.3574045896530151,1.3579576015472412,0
1787910900000,1.3579760789871216,1.3585295677185059,1.3579760789871216,1.3585295677185059,0
1787911200000,1.3573493957519531,1.3583080768585205,1.3553624153137207,1.3553624153137207,0
1787911500000,1.3557482957839966,1.3559874296188354,1.3546831607818604,1.3559874296188354,0
1787911800000,1.3557300567626953,1.3557300567626953,1.3552522659301758,1.3552522659301758,0
1787912100000,1.3553440570831299,1.3553440570831299,1.3550686836242676,1.3550686836242676,0
1787912400000,1.3545180559158325,1.3545180559158325,1.3540961742401123,1.3540961742401123,0
1787912700000,1.3540045022964478,1.3540045022964478,1.3531616926193237,1.3532166481018066,0
1787913000000,1.353931188583374,1.3545364141464233,1.353931188583374,1.3545364141464233,0
1787913300000,1.3547749519348145,1.3547749519348145,1.3542977571487427,1.3544628620147705,0
1787913600000,1.3540228605270386,1.3546831607818604,1.3540228605270386,1.3544812202453613,0
1787913900000,1.3547931909561157,1.3547931909561157,1.3543713092803955,1.3545364141464233,0
1787914200000,1.3544079065322876,1.3554543256759644,1.3544079065322876,1.3554543256759644,0
1787914500000,1.3559874296188354,1.3576442003250122,1.3559874296188354,1.3574045896530151,0
1787914800000,1.3572388887405396,1.3573862314224243,1.3570730686187744,1.3572940826416016,0
1787915100000,1.3570178747177124,1.3570178747177124,1.3562999963760376,1.3570178747177124,0
1787915400000,1.35637366771698,1.35637366771698,1.355711579322815,1.355711579322815,0
1787915700000,1.3557851314544678,1.3558586835861206,1.3556748628616333,1.3556748628616333,0
1787916000000,1.355546236038208,1.3558034896850586,1.355546236038208,1.3558034896850586,0
1787916300000,1.3557482957839966,1.3560609817504883,1.3557482957839966,1.3558402061462402,0
1787916600000,1.3559505939483643,1.356208086013794,1.355913758277893,1.3560609817504883,0
1787916900000,1.355968952178955,1.3561712503433228,1.355968952178955,1.3559874296188354,0
1787917200000,1.3556196689605713,1.3556565046310425,1.355380892753601,1.3556565046310425,0
1787917500000,1.3557851314544678,1.3560609817504883,1.3556748628616333,1.3556748628616333,0
1787917800000,1.3555645942687988,1.3559322357177734,1.3555645942687988,1.3556196689605713,0
1787918100000,1.3556748628616333,1.3556748628616333,1.3552889823913574,1.3552889823913574,0
1787918400000,1.3552706241607666,1.3552706241607666,1.354976773262024,1.354976773262024,0
1787918700000,1.354958415031433,1.3550318479537964,1.3547749519348145,1.3547749519348145,0
1787919000000,1.3547931909561157,1.3547931909561157,1.3543895483016968,1.3543895483016968,0
1787919300000,1.3542795181274414,1.3542795181274414,1.3536195755004883,1.3536195755004883,0
1787919600000,1.3534730672836304,1.3537296056747437,1.3534730672836304,1.3537296056747437,0
1787919900000,1.3535280227661133,1.3538395166397095,1.3535280227661133,1.353747844696045,0
1787920200000,1.3537662029266357,1.3542611598968506,1.3537662029266357,1.3538029193878174,0
1787920500000,1.3538395166397095,1.3539128303527832,1.3538395166397095,1.3538762331008911,0
1787920800000,1.3538211584091187,1.3538211584091187,1.3535646200180054,1.3535646200180054,0
1787921100000,1.3535646200180054,1.3539128303527832,1.3535646200180054,1.3539128303527832,0
1787921400000,1.353986144065857,1.3542795181274414,1.353986144065857,1.3542795181274414,0
1787921700000,1.353986144065857,1.353986144065857,1.3537112474441528,1.3537112474441528,0
1787922000000,1.3536012172698975,1.3536012172698975,1.3533082008361816,1.3533082008361816,0
1787922300000,1.3532531261444092,1.353271484375,1.3529969453811646,1.353271484375,0
1787922600000,1.353179931640625,1.353692889213562,1.353179931640625,1.3535828590393066,0
1787922900000,1.353637933731079,1.353637933731079,1.3533997535705566,1.3534547090530396,0
1787923200000,1.3534914255142212,1.3535646200180054,1.3534914255142212,1.3535646200180054,0
1787923500000,1.3535646200180054,1.3535646200180054,1.353363037109375,1.3535646200180054,0
1787923800000,1.353417992591858,1.353417992591858,1.353234887123108,1.353271484375,0
1787924100000,1.353234887123108,1.3533813953399658,1.353033423423767,1.353033423423767,0
1787924400000,1.3529237508773804,1.3529237508773804,1.3527954816818237,1.3527954816818237,0
1787924700000,1.3528138399124146,1.352960228919983,1.3527406454086304,1.352868676185608,0
1787925000000,1.3529237508773804,1.3530884981155396,1.3529237508773804,1.3530884981155396,0
1787925300000,1.3530701398849487,1.3530701398849487,1.3529785871505737,1.3529785871505737,0
1787925600000,1.3530151844024658,1.3530151844024658,1.3527954816818237,1.3527954816818237,0
1787925900000,1.3527406454086304,1.3528870344161987,1.3527406454086304,1.3528321981430054,0
1787926200000,1.3529237508773804,1.3529969453811646,1.3528504371643066,1.3529969453811646,0
1787926500000,1.3529237508773804,1.3529237508773804,1.3528321981430054,1.3528504371643066,0
1787926800000,1.352868676185608,1.3530151844024658,1.352868676185608,1.3530151844024658,0
1787927100000,1.3529237508773804,1.3531067371368408,1.3529237508773804,1.3530701398849487,0
1787927400000,1.3529785871505737,1.353051781654358,1.3529419898986816,1.353051781654358,0
1787927700000,1.3530884981155396,1.3530884981155396,1.3529969453811646,1.3529969453811646,0
1787928000000,1.352868676185608,1.3529053926467896,1.3527954816818237,1.3529053926467896,0
1787928300000,1.3529785871505737,1.3529785871505737,1.3527040481567383,1.3527590036392212,0
1787928600000,1.352868676185608,1.352960228919983,1.3528504371643066,1.352960228919983,0
1787928900000,1.3528504371643066,1.3529785871505737,1.3528504371643066,1.3529785871505737,0
1787929200000,1.3530701398849487,1.3532898426055908,1.3530701398849487,1.3532898426055908,0
1787929500000,1.353143334388733,1.3533082008361816,1.353051781654358,1.3533082008361816,0
1787929800000,1.353234887123108,1.353363037109375,1.3532166481018066,1.3532531261444092,0
1787930100000,1.3532166481018066,1.3532166481018066,1.353143334388733,1.3531616926193237,0
1787930400000,1.3532898426055908,1.3534547090530396,1.3532898426055908,1.3534547090530396,0
1787930700000,1.3535096645355225,1.3537662029266357,1.3535096645355225,1.3537662029266357,0
1787931000000,1.353692889213562,1.353692889213562,1.3536012172698975,1.3536745309829712,0
1787931300000,1.3537112474441528,1.3537112474441528,1.3536745309829712,1.3537112474441528,0
1787931600000,1.3538944721221924,1.3539128303527832,1.3537662029266357,1.3538762331008911,0
1787931900000,1.3538211584091187,1.3538211584091187,1.353692889213562,1.3537845611572266,0
1787932200000,1.3537112474441528,1.3537845611572266,1.353692889213562,1.3537112474441528,0
1787932500000,1.3538029193878174,1.3540594577789307,1.3538029193878174,1.3538578748703003,0
1787932800000,1.3537662029266357,1.3538211584091187,1.3537662029266357,1.3538211584091187,0
1787933100000,1.3536745309829712,1.3537845611572266,1.3535828590393066,1.3535828590393066,0
1787933400000,1.353747844696045,1.353747844696045,1.3536195755004883,1.3537296056747437,0
1787933700000,1.3537845611572266,1.3538944721221924,1.353747844696045,1.3538029193878174,0
1787934000000,1.353747844696045,1.353747844696045,1.353637933731079,1.353692889213562,0
1787934300000,1.3535462617874146,1.3535828590393066,1.3534914255142212,1.3534914255142212,0
1787934600000,1.3535280227661133,1.3535828590393066,1.3534363508224487,1.3534363508224487,0
1787934900000,1.3533813953399658,1.3533813953399658,1.3532166481018066,1.3532166481018066,0
1787935200000,1.3530701398849487,1.3531982898712158,1.353051781654358,1.3531982898712158,0
1787935500000,1.3531616926193237,1.353179931640625,1.353143334388733,1.353179931640625,0
1787935800000,1.353271484375,1.353271484375,1.3531982898712158,1.3531982898712158,0
1787936100000,1.3533265590667725,1.3535462617874146,1.3533082008361816,1.353417992591858,0
1787936400000,1.353747844696045,1.353747844696045,1.353747844696045,1.353747844696045,0
1787936700000,1.353747844696045,1.353747844696045,1.353747844696045,1.353747844696045,0
1787937000000,1.353747844696045,1.353747844696045,1.353747844696045,1.353747844696045,0
1787937300000,1.353747844696045,1.353747844696045,1.353747844696045,1.353747844696045,0
1787937600000,1.353747844696045,1.353747844696045,1.353747844696045,1.353747844696045,0
1787937900000,1.353747844696045,1.353747844696045,1.353747844696045,1.353747844696045,0
1788116400000,1.3537112474441528,1.3537662029266357,1.3537112474441528,1.353747844696045,0
1788116700000,1.353747844696045,1.3537662029266357,1.3536561727523804,1.3536561727523804,0
1788117000000,1.3537112474441528,1.3537662029266357,1.3537112474441528,1.3537112474441528,0
1788117300000,1.3536561727523804,1.3538029193878174,1.3536561727523804,1.3537845611572266,0
1788117600000,1.3538211584091187,1.3538944721221924,1.3538029193878174,1.3538029193878174,0
1788117900000,1.3538029193878174,1.3538211584091187,1.3537845611572266,1.3538029193878174,0
1788118200000,1.3537662029266357,1.3539495468139648,1.3537662029266357,1.3539495468139648,0
1788118500000,1.3539128303527832,1.3540228605270386,1.3538762331008911,1.3540228605270386,0
1788118800000,1.353986144065857,1.3540045022964478,1.3539128303527832,1.3539128303527832,0
1788119100000,1.353931188583374,1.353931188583374,1.3538395166397095,1.3538578748703003,0
1788119400000,1.3538944721221924,1.3540228605270386,1.3538944721221924,1.3540228605270386,0
1788119700000,1.3540594577789307,1.3541145324707031,1.3540228605270386,1.3540594577789307,0
1788120000000,1.354132890701294,1.3541878461837769,1.3541145324707031,1.3541878461837769,0
1788120300000,1.3542062044143677,1.3542795181274414,1.3542062044143677,1.3542795181274414,0
1788120600000,1.3542795181274414,1.3542795181274414,1.354169487953186,1.354224443435669,0
1788120900000,1.3542062044143677,1.3542611598968506,1.354132890701294,1.354169487953186,0
1788121200000,1.3540961742401123,1.3541145324707031,1.3538395166397095,1.3538395166397095,0
1788121500000,1.3538211584091187,1.3538211584091187,1.3535096645355225,1.3535096645355225,0
1788121800000,1.3535646200180054,1.3540228605270386,1.3535646200180054,1.3540228605270386,0
1788122100000,1.3541145324707031,1.3543529510498047,1.3541145324707031,1.3543529510498047,0
1788122400000,1.3543345928192139,1.3543345928192139,1.3542428016662598,1.354316234588623,0
1788122700000,1.3543895483016968,1.3543895483016968,1.3542977571487427,1.3543345928192139,0
1788123000000,1.3543345928192139,1.354609727859497,1.3542428016662598,1.3545730113983154,0
1788123300000,1.3547382354736328,1.3547565937042236,1.3545180559158325,1.3545730113983154,0
1788123600000,1.3543345928192139,1.3544446229934692,1.3542428016662598,1.3544446229934692,0
1788123900000,1.3543895483016968,1.3543895483016968,1.3538578748703003,1.3538578748703003,0
1788124200000,1.3538578748703003,1.3539495468139648,1.3538578748703003,1.3539495468139648,0
1788124500000,1.3539128303527832,1.3540594577789307,1.3538578748703003,1.3540045022964478,0
1788124800000,1.3540228605270386,1.3542428016662598,1.3540228605270386,1.354169487953186,0
1788125100000,1.3542428016662598,1.354316234588623,1.3542062044143677,1.354316234588623,0
1788125400000,1.3544079065322876,1.3544628620147705,1.3541878461837769,1.3542977571487427,0
1788125700000,1.3542795181274414,1.3545913696289062,1.3542795181274414,1.3545913696289062,0
1788126000000,1.3544262647628784,1.3547565937042236,1.3544262647628784,1.3546648025512695,0
1788126300000,1.3546648025512695,1.354719877243042,1.3544812202453613,1.3544812202453613,0
1788126600000,1.3544262647628784,1.3545364141464233,1.3544262647628784,1.3545364141464233,0
1788126900000,1.3544628620147705,1.3544628620147705,1.3543895483016968,1.3543895483016968,0
1788127200000,1.3544079065322876,1.3544262647628784,1.3542977571487427,1.3543713092803955,0
1788127500000,1.3544628620147705,1.3545180559158325,1.3543895483016968,1.3545180559158325,0
1788127800000,1.3545364141464233,1.3545364141464233,1.3544262647628784,1.3545364141464233,0
1788128100000,1.3545180559158325,1.3545546531677246,1.3542977571487427,1.3542977571487427,0
1788128400000,1.3542977571487427,1.3544446229934692,1.3542795181274414,1.3544446229934692,0
1788128700000,1.3544996976852417,1.3545913696289062,1.3544996976852417,1.3545364141464233,0
1788129000000,1.3545364141464233,1.3545913696289062,1.3544628620147705,1.3544628620147705,0
1788129300000,1.3544262647628784,1.3544262647628784,1.3542611598968506,1.3542977571487427,0
1788129600000,1.3541878461837769,1.3541878461837769,1.3539679050445557,1.3540228605270386,0
1788129900000,1.3541145324707031,1.3542611598968506,1.3541145324707031,1.3542428016662598,0
1788130200000,1.354316234588623,1.3544446229934692,1.354316234588623,1.3544262647628784,0
1788130500000,1.3544812202453613,1.3544812202453613,1.3543895483016968,1.3544628620147705,0
1788130800000,1.3545364141464233,1.354628086090088,1.3544996976852417,1.3544996976852417,0
1788131100000,1.3545364141464233,1.3545546531677246,1.3545364141464233,1.3545546531677246,0
1788131400000,1.3545913696289062,1.354628086090088,1.3545913696289062,1.354609727859497,0
1788131700000,1.354628086090088,1.354719877243042,1.354628086090088,1.3546464443206787,0
1788132000000,1.354609727859497,1.3547565937042236,1.354609727859497,1.3546831607818604,0
1788132300000,1.3546464443206787,1.354719877243042,1.3545730113983154,1.3545730113983154,0
1788132600000,1.3545546531677246,1.3545546531677246,1.3544446229934692,1.3544446229934692,0
1788132900000,1.3544079065322876,1.3544079065322876,1.3542428016662598,1.3542428016662598,0
1788133200000,1.3542611598968506,1.3544446229934692,1.3542611598968506,1.3544446229934692,0
1788133500000,1.3543895483016968,1.3543895483016968,1.3543345928192139,1.3543345928192139,0
1788133800000,1.3544079065322876,1.3544079065322876,1.3543529510498047,1.3543529510498047,0
1788134100000,1.3543529510498047,1.3544628620147705,1.3543529510498047,1.3544628620147705,0
1788134400000,1.3545546531677246,1.354628086090088,1.3545364141464233,1.354628086090088,0
1788134700000,1.354609727859497,1.3546648025512695,1.3545546531677246,1.3546648025512695,0
1788135000000,1.3546648025512695,1.3546648025512695,1.3546464443206787,1.3546464443206787,0
1788135300000,1.3545913696289062,1.3546464443206787,1.3545913696289062,1.3545913696289062,0
1788135600000,1.3544996976852417,1.3544996976852417,1.3543895483016968,1.3544079065322876,0
1788135900000,1.3544079065322876,1.3544262647628784,1.3542428016662598,1.3542977571487427,0
1788136200000,1.354316234588623,1.354316234588623,1.3542428016662598,1.354316234588623,0
1788136500000,1.3543529510498047,1.3543529510498047,1.354316234588623,1.354316234588623,0
1788136800000,1.3542611598968506,1.3544079065322876,1.3542611598968506,1.3544079065322876,0
1788137100000,1.3544079065322876,1.3544628620147705,1.3543895483016968,1.3544446229934692,0
1788137400000,1.3543713092803955,1.3544996976852417,1.3543713092803955,1.3544628620147705,0
1788137700000,1.3544262647628784,1.3545180559158325,1.3543713092803955,1.3545180559158325,0
1788138000000,1.3544628620147705,1.3544628620147705,1.3543345928192139,1.3543345928192139,0
1788138300000,1.3542977571487427,1.3542977571487427,1.3542428016662598,1.3542428016662598,0
1788138600000,1.354316234588623,1.3543895483016968,1.354224443435669,1.3543895483016968,0
1788138900000,1.3544079065322876,1.3544446229934692,1.3544079065322876,1.3544446229934692,0
1788139200000,1.3544446229934692,1.3544446229934692,1.3543713092803955,1.3544079065322876,0
1788139500000,1.3544446229934692,1.354719877243042,1.3544079065322876,1.354719877243042,0
1788139800000,1.3546464443206787,1.3546464443206787,1.3543529510498047,1.3544446229934692,0
1788140100000,1.3544262647628784,1.3544446229934692,1.354316234588623,1.354316234588623,0
1788140400000,1.3544079065322876,1.3545730113983154,1.3544079065322876,1.3545180559158325,0
1788140700000,1.354609727859497,1.354609727859497,1.3544446229934692,1.3544446229934692,0
1788141000000,1.3544446229934692,1.3545180559158325,1.3544079065322876,1.3544079065322876,0
1788141300000,1.3544996976852417,1.3547382354736328,1.3544996976852417,1.3547382354736328,0
1788141600000,1.354628086090088,1.354628086090088,1.3544812202453613,1.3545730113983154,0
1788141900000,1.3545180559158325,1.3545546531677246,1.3544446229934692,1.3544446229934692,0
1788142200000,1.3544996976852417,1.3547013998031616,1.3544262647628784,1.3547013998031616,0
1788142500000,1.3547382354736328,1.3548483848571777,1.3547382354736328,1.354830026626587,0
1788142800000,1.3548115491867065,1.3548849821090698,1.354719877243042,1.3547382354736328,0
1788143100000,1.3547382354736328,1.3547382354736328,1.3545546531677246,1.3545546531677246,0
1788143400000,1.3545546531677246,1.3545913696289062,1.3545364141464233,1.3545913696289062,0
1788143700000,1.354628086090088,1.3548115491867065,1.354628086090088,1.3548115491867065,0
1788144000000,1.3547749519348145,1.3547749519348145,1.3545364141464233,1.3545364141464233,0
1788144300000,1.3545180559158325,1.354609727859497,1.3544996976852417,1.3544996976852417,0
1788144600000,1.3545364141464233,1.3545364141464233,1.3543345928192139,1.3543345928192139,0
1788144900000,1.353986144065857,1.3544446229934692,1.353986144065857,1.3544262647628784,0
1788145200000,1.3544079065322876,1.3544079065322876,1.353986144065857,1.3540045022964478,0
1788145500000,1.3540228605270386,1.354132890701294,1.3538029193878174,1.354132890701294,0
1788145800000,1.3541145324707031,1.3541511297225952,1.3539679050445557,1.3539679050445557,0
1788146100000,1.3538211584091187,1.354132890701294,1.3538211584091187,1.354132890701294,0
1788146400000,1.3540961742401123,1.354830026626587,1.3540961742401123,1.354830026626587,0
1788146700000,1.3548483848571777,1.3548483848571777,1.354609727859497,1.354609727859497,0
1788147000000,1.3544996976852417,1.354628086090088,1.3544262647628784,1.3544262647628784,0
1788147300000,1.3544996976852417,1.3544996976852417,1.3542977571487427,1.354316234588623,0
1788147600000,1.3543529510498047,1.354609727859497,1.3543345928192139,1.354609727859497,0
1788147900000,1.3546648025512695,1.3546648025512695,1.3545546531677246,1.354609727859497,0
1788148200000,1.354628086090088,1.3547382354736328,1.354628086090088,1.354628086090088,0
1788148500000,1.354628086090088,1.3547749519348145,1.354628086090088,1.3546464443206787,0
1788148800000,1.3550136089324951,1.3555094003677368,1.3550136089324951,1.3555094003677368,0
1788149100000,1.355399250984192,1.355399250984192,1.3549033403396606,1.3549033403396606,0
1788149400000,1.3547749519348145,1.3547749519348145,1.3545364141464233,1.3545546531677246,0
1788149700000,1.3545546531677246,1.3546648025512695,1.3544628620147705,1.3546464443206787,0
1788150000000,1.3545546531677246,1.3546464443206787,1.3545364141464233,1.3545364141464233,0
1788150300000,1.3545546531677246,1.3547382354736328,1.3545546531677246,1.3546464443206787,0
1788150600000,1.3546831607818604,1.3548483848571777,1.3546831607818604,1.3547382354736328,0
1788150900000,1.3545364141464233,1.3546464443206787,1.3545364141464233,1.3546464443206787,0
1788151200000,1.3545730113983154,1.3545730113983154,1.354316234588623,1.354316234588623,0
1788151500000,1.3542062044143677,1.3544446229934692,1.3542062044143677,1.3542062044143677,0
1788151800000,1.3541145324707031,1.3541511297225952,1.3539679050445557,1.3540594577789307,0
1788152100000,1.3541511297225952,1.3541511297225952,1.3540594577789307,1.3540778160095215,0
1788152400000,1.354169487953186,1.354316234588623,1.354169487953186,1.3542428016662598,0
1788152700000,1.3543529510498047,1.3543529510498047,1.354224443435669,1.354224443435669,0
1788153000000,1.3542795181274414,1.3544996976852417,1.354169487953186,1.3544262647628784,0
1788153300000,1.3545546531677246,1.3545546531677246,1.3544446229934692,1.3544628620147705,0
1788153600000,1.3544628620147705,1.3544628620147705,1.3543345928192139,1.3543529510498047,0
1788153900000,1.3542062044143677,1.3543895483016968,1.3542062044143677,1.3543895483016968,0
1788154200000,1.3544812202453613,1.3544812202453613,1.3541145324707031,1.3541145324707031,0
1788154500000,1.3540961742401123,1.354132890701294,1.3540594577789307,1.3540594577789307,0
1788154800000,1.3541511297225952,1.354316234588623,1.3541511297225952,1.354316234588623,0
1788155100000,1.354316234588623,1.3544446229934692,1.3542977571487427,1.3542977571487427,0
1788155400000,1.3542428016662598,1.3544079065322876,1.3542428016662598,1.3543529510498047,0
1788155700000,1.3542977571487427,1.3543345928192139,1.354224443435669,1.3543345928192139,0
1788156000000,1.3542977571487427,1.3545913696289062,1.3542977571487427,1.3545913696289062,0
1788156300000,1.3545364141464233,1.354628086090088,1.3544812202453613,1.3544812202453613,0
1788156600000,1.3544079065322876,1.3545180559158325,1.3543895483016968,1.3545180559158325,0
1788156900000,1.3544262647628784,1.3544812202453613,1.354316234588623,1.3543713092803955,0
1788157200000,1.3544262647628784,1.3544446229934692,1.354316234588623,1.354316234588623,0
1788157500000,1.3542795181274414,1.3544262647628784,1.3542795181274414,1.3544262647628784,0
1788157800000,1.3544079065322876,1.3544079065322876,1.3542062044143677,1.3542062044143677,0
1788158100000,1.3541878461837769,1.3541878461837769,1.3540594577789307,1.3540961742401123,0
1788158400000,1.3540778160095215,1.3540778160095215,1.3538762331008911,1.3538762331008911,0
1788158700000,1.3538029193878174,1.3538029193878174,1.353692889213562,1.3537662029266357,0
1788159000000,1.3537296056747437,1.3541145324707031,1.3537296056747437,1.353931188583374,0
1788159300000,1.354132890701294,1.3542428016662598,1.3540228605270386,1.3540228605270386,0
1788159600000,1.3540412187576294,1.3540412187576294,1.3538578748703003,1.3538578748703003,0
1788159900000,1.3537845611572266,1.3538944721221924,1.3537845611572266,1.3538944721221924,0
1788160200000,1.3538211584091187,1.3541145324707031,1.3538211584091187,1.3541145324707031,0
1788160500000,1.3541145324707031,1.3542611598968506,1.3541145324707031,1.3542428016662598,0
1788160800000,1.3542977571487427,1.3544262647628784,1.3542977571487427,1.3542977571487427,0
1788161100000,1.3543713092803955,1.354609727859497,1.3543713092803955,1.354609727859497,0
1788161400000,1.3545364141464233,1.3545364141464233,1.354224443435669,1.354224443435669,0
1788161700000,1.3542062044143677,1.3542062044143677,1.3540778160095215,1.3540778160095215,0
1788162000000,1.354316234588623,1.354316234588623,1.3541878461837769,1.3541878461837769,0
1788162300000,1.3542977571487427,1.3542977571487427,1.3539495468139648,1.3539679050445557,0
1788162600000,1.353986144065857,1.3540778160095215,1.3538578748703003,1.3538578748703003,0
1788162900000,1.353986144065857,1.353986144065857,1.3538762331008911,1.3538762331008911,0
1788163200000,1.353986144065857,1.3540228605270386,1.3539679050445557,1.3540045022964478,0
1788163500000,1.353986144065857,1.354132890701294,1.3539495468139648,1.3539495468139648,0
1788163800000,1.3539495468139648,1.3543713092803955,1.3539495468139648,1.3543713092803955,0
1788164100000,1.3544079065322876,1.354628086090088,1.3542977571487427,1.3545913696289062,0
1788164400000,1.3545730113983154,1.3545730113983154,1.354169487953186,1.354169487953186,0
1788164700000,1.3538944721221924,1.3545546531677246,1.3538944721221924,1.3544812202453613,0
1788165000000,1.354224443435669,1.3544262647628784,1.354224443435669,1.3542428016662598,0
1788165300000,1.3540412187576294,1.3542062044143677,1.3539128303527832,1.3540412187576294,0
1788165600000,1.3539495468139648,1.3539679050445557,1.3538029193878174,1.3538029193878174,0
1788165900000,1.3538395166397095,1.3538395166397095,1.3536745309829712,1.3537296056747437,0
1788166200000,1.3537662029266357,1.3538395166397095,1.3537662029266357,1.3537845611572266,0
1788166500000,1.3538944721221924,1.3539128303527832,1.3538578748703003,1.3539128303527832,0
1788166800000,1.353986144065857,1.3541145324707031,1.3539679050445557,1.3541145324707031,0
1788167100000,1.3540961742401123,1.3543345928192139,1.3540961742401123,1.3543345928192139,0
1788167400000,1.3542428016662598,1.3544262647628784,1.354224443435669,1.354224443435669,0
1788167700000,1.3543529510498047,1.3543529510498047,1.354224443435669,1.3542611598968506,0
1788168000000,1.3542977571487427,1.354628086090088,1.3541878461837769,1.354628086090088,0
1788168300000,1.354628086090088,1.354830026626587,1.354628086090088,1.3547931909561157,0
1788168600000,1.354719877243042,1.354719877243042,1.3544262647628784,1.3545364141464233,0
1788168900000,1.3544262647628784,1.3547565937042236,1.3544262647628784,1.3546464443206787,0
1788169200000,1.354609727859497,1.3547749519348145,1.3543345928192139,1.3543345928192139,0
1788169500000,1.3544996976852417,1.3544996976852417,1.354316234588623,1.354316234588623,0
1788169800000,1.3543529510498047,1.3544446229934692,1.3542611598968506,1.3543895483016968,0
1788170100000,1.3544079065322876,1.3544262647628784,1.3541145324707031,1.3544262647628784,0
1788170400000,1.3538395166397095,1.353986144065857,1.3538395166397095,1.353986144065857,0
1788170700000,1.3539128303527832,1.3539128303527832,1.3537112474441528,1.3538395166397095,0
1788171000000,1.353692889213562,1.3540045022964478,1.3536745309829712,1.3540045022964478,0
1788171300000,1.3538762331008911,1.354224443435669,1.3538762331008911,1.3541878461837769,0
1788171600000,1.3541145324707031,1.3544996976852417,1.3541145324707031,1.3544996976852417,0
1788171900000,1.3543345928192139,1.3545546531677246,1.3542428016662598,1.3542428016662598,0
1788172200000,1.3547013998031616,1.3547013998031616,1.3542062044143677,1.3542062044143677,0
1788172500000,1.354316234588623,1.3545364141464233,1.354224443435669,1.3545364141464233,0
1788172800000,1.3545180559158325,1.3545546531677246,1.3541145324707031,1.354224443435669,0
1788173100000,1.3545546531677246,1.3551236391067505,1.3545546531677246,1.354628086090088,0
1788173400000,1.354609727859497,1.3564472198486328,1.354609727859497,1.3564103841781616,0
1788173700000,1.3558034896850586,1.355913758277893,1.3554911613464355,1.3554911613464355,0
1788174000000,1.3556932210922241,1.3558402061462402,1.3551788330078125,1.3551788330078125,0
1788174300000,1.3550870418548584,1.3554176092147827,1.3550870418548584,1.3554176092147827,0
1788174600000,1.3551236391067505,1.3552522659301758,1.3550502061843872,1.3551788330078125,0
1788174900000,1.3551604747772217,1.3551604747772217,1.3548115491867065,1.3548115491867065,0
1788175200000,1.3547931909561157,1.354830026626587,1.3546648025512695,1.354719877243042,0
1788175500000,1.3548849821090698,1.3550870418548584,1.3548849821090698,1.3550870418548584,0
1788175800000,1.3553073406219482,1.3553624153137207,1.3550686836242676,1.3551971912384033,0
1788176100000,1.3551971912384033,1.3552522659301758,1.3551236391067505,1.3551236391067505,0
1788176400000,1.3551236391067505,1.3551971912384033,1.3551236391067505,1.3551236391067505,0
1788176700000,1.3552155494689941,1.3555278778076172,1.3552155494689941,1.3552155494689941,0
1788177000000,1.3552155494689941,1.3552522659301758,1.3550870418548584,1.3550870418548584,0
1788177300000,1.3550502061843872,1.3550502061843872,1.3549033403396606,1.354921817779541,0
1788177600000,1.354921817779541,1.3551788330078125,1.354921817779541,1.354958415031433,0
1788177900000,1.3551052808761597,1.3551052808761597,1.3549033403396606,1.3549033403396606,0
1788178200000,1.3549033403396606,1.3550136089324951,1.3549033403396606,1.3550136089324951,0
1788178500000,1.3549952507019043,1.3551052808761597,1.3549952507019043,1.3549952507019043,0
1788178800000,1.3551236391067505,1.3552889823913574,1.3551236391067505,1.3551421165466309,0
1788179100000,1.3551052808761597,1.3551052808761597,1.3549952507019043,1.3550870418548584,0
1788179400000,1.3550870418548584,1.3550870418548584,1.3550686836242676,1.3550870418548584,0
1788179700000,1.3549033403396606,1.3549952507019043,1.3547013998031616,1.3547013998031616,0
1788180000000,1.354830026626587,1.3548849821090698,1.3547565937042236,1.3547565937042236,0
1788180300000,1.3547749519348145,1.3548483848571777,1.3547013998031616,1.3547013998031616,0
1788180600000,1.354830026626587,1.3549952507019043,1.354830026626587,1.3548849821090698,0
1788180900000,1.3547013998031616,1.3549033403396606,1.3547013998031616,1.3549033403396606,0
1788181200000,1.354921817779541,1.354921817779541,1.3548115491867065,1.3548115491867065,0
1788181500000,1.3546831607818604,1.3547382354736328,1.3546831607818604,1.3547013998031616,0
1788181800000,1.354719877243042,1.354958415031433,1.354719877243042,1.354958415031433,0
1788182100000,1.3549401760101318,1.3551052808761597,1.3549401760101318,1.3551052808761597,0
1788182400000,1.3550870418548584,1.3551971912384033,1.3550870418548584,1.3551604747772217,0
1788182700000,1.3551421165466309,1.3551421165466309,1.354976773262024,1.354976773262024,0
1788183000000,1.354976773262024,1.3550136089324951,1.3548849821090698,1.3548849821090698,0
1788183300000,1.3549952507019043,1.3549952507019043,1.3549033403396606,1.354958415031433,0
1788183600000,1.3549401760101318,1.3551788330078125,1.3549401760101318,1.3551788330078125,0
1788183900000,1.3552155494689941,1.3553258180618286,1.3552155494689941,1.3553258180618286,0
1788184200000,1.3553624153137207,1.3553624153137207,1.3550686836242676,1.3550870418548584,0
1788184500000,1.3552155494689941,1.3552155494689941,1.3550502061843872,1.3550502061843872,0
1788184800000,1.3550136089324951,1.3550318479537964,1.354976773262024,1.3550318479537964,0
1788185100000,1.3550686836242676,1.3551604747772217,1.3550686836242676,1.3550870418548584,0
1788185400000,1.3550870418548584,1.3551236391067505,1.3550870418548584,1.3551236391067505,0
1788185700000,1.3551971912384033,1.3551971912384033,1.3550870418548584,1.3551052808761597,0
1788186000000,1.3551788330078125,1.3551788330078125,1.3551052808761597,1.3551052808761597,0
1788186300000,1.3550318479537964,1.3550502061843872,1.3549952507019043,1.3549952507019043,0
1788186600000,1.3547931909561157,1.3549401760101318,1.3547931909561157,1.3549033403396606,0
1788186900000,1.3548849821090698,1.3549952507019043,1.354830026626587,1.354830026626587,0
1788187200000,1.3549033403396606,1.3549033403396606,1.354719877243042,1.3547931909561157,0
1788187500000,1.3547931909561157,1.354921817779541,1.3547931909561157,1.354921817779541,0
1788187800000,1.3550502061843872,1.3551421165466309,1.3550318479537964,1.3551421165466309,0
1788188100000,1.3551788330078125,1.3551788330078125,1.3549952507019043,1.3549952507019043,0
1788188400000,1.3549033403396606,1.354976773262024,1.3548849821090698,1.3548849821090698,0
1788188700000,1.3549401760101318,1.3549401760101318,1.354830026626587,1.354921817779541,0
1788189000000,1.3549952507019043,1.3549952507019043,1.354830026626587,1.354830026626587,0
1788189300000,1.3548483848571777,1.3549033403396606,1.354830026626587,1.354830026626587,0
1788189600000,1.354830026626587,1.3550136089324951,1.3548115491867065,1.3550136089324951,0
1788189900000,1.3550318479537964,1.3550318479537964,1.354830026626587,1.354921817779541,0
1788190200000,1.3550136089324951,1.3550136089324951,1.3549033403396606,1.354921817779541,0
1788190500000,1.3549401760101318,1.3549401760101318,1.3547931909561157,1.3547931909561157,0
1788190800000,1.3547565937042236,1.3547931909561157,1.354628086090088,1.3547931909561157,0
1788191100000,1.3547931909561157,1.3549401760101318,1.3547931909561157,1.3549401760101318,0
1788191400000,1.354976773262024,1.3551971912384033,1.354976773262024,1.3551971912384033,0
1788191700000,1.3551052808761597,1.3551052808761597,1.354866623878479,1.354958415031433,0
1788192000000,1.3551052808761597,1.3551971912384033,1.3550870418548584,1.3550870418548584,0
1788192300000,1.3550870418548584,1.3550870418548584,1.3549401760101318,1.3549401760101318,0
1788192600000,1.354976773262024,1.354976773262024,1.3547749519348145,1.3547749519348145,0
1788192900000,1.3546831607818604,1.3547382354736328,1.3546648025512695,1.354719877243042,0
1788193200000,1.3547382354736328,1.3547565937042236,1.354719877243042,1.354719877243042,0
1788193500000,1.3547565937042236,1.3547931909561157,1.3547565937042236,1.3547931909561157,0
1788193800000,1.3546648025512695,1.3548849821090698,1.3546648025512695,1.3548849821090698,0
1788194100000,1.354866623878479,1.3549033403396606,1.3548115491867065,1.3549033403396606,0
1788194400000,1.354830026626587,1.354921817779541,1.354830026626587,1.354921817779541,0
1788194700000,1.3549952507019043,1.3550136089324951,1.3549401760101318,1.3549952507019043,0
1788195000000,1.3549952507019043,1.3550136089324951,1.354921817779541,1.354921817779541,0
1788195300000,1.3549033403396606,1.3550502061843872,1.354866623878479,1.3550502061843872,0
1788195600000,1.354976773262024,1.3551604747772217,1.354866623878479,1.3549401760101318,0
1788195900000,1.3550870418548584,1.3550870418548584,1.3547931909561157,1.3550136089324951,0
1788196200000,1.3551236391067505,1.3551236391067505,1.354921817779541,1.354921817779541,0
1788196500000,1.3551052808761597,1.3551052808761597,1.3547565937042236,1.3548115491867065,0
1788196800000,1.3548849821090698,1.3548849821090698,1.354830026626587,1.3548483848571777,0
1788197100000,1.3547565937042236,1.3551604747772217,1.3547565937042236,1.354921817779541,0
1788197400000,1.3552522659301758,1.3553073406219482,1.3551604747772217,1.3552522659301758,0
1788197700000,1.355233907699585,1.3552889823913574,1.3550686836242676,1.3551421165466309,0
1788198000000,1.3552155494689941,1.3553258180618286,1.3552155494689941,1.3553258180618286,0
1788198300000,1.3553258180618286,1.3553258180618286,1.3550686836242676,1.3551788330078125,0
1788198600000,1.3552889823913574,1.3553258180618286,1.3551604747772217,1.3553258180618286,0
1788198900000,1.355233907699585,1.3553624153137207,1.3551971912384033,1.3553073406219482,0
1788199200000,1.3551604747772217,1.3551604747772217,1.3550136089324951,1.3550686836242676,0
1788199500000,1.3551236391067505,1.3552155494689941,1.3551052808761597,1.3551236391067505,0
1788199800000,1.3551236391067505,1.3551236391067505,1.354976773262024,1.3550318479537964,0
1788200100000,1.3550318479537964,1.3550318479537964,1.3549401760101318,1.354958415031433,0
1788200400000,1.3550136089324951,1.3550318479537964,1.3548483848571777,1.354921817779541,0
1788200700000,1.354866623878479,1.3549033403396606,1.354866623878479,1.3548849821090698,0
1788201000000,1.354921817779541,1.354921817779541,1.3548849821090698,1.3548849821090698,0
1788201300000,1.3548849821090698,1.3548849821090698,1.3548115491867065,1.3548115491867065,0
1788201600000,1.354830026626587,1.354830026626587,1.3546831607818604,1.3546831607818604,0
1788201900000,1.3547013998031616,1.354719877243042,1.3545913696289062,1.354609727859497,0
1788202200000,1.354628086090088,1.3546464443206787,1.3545913696289062,1.354628086090088,0
1788202500000,1.354609727859497,1.3546831607818604,1.3545913696289062,1.3546831607818604,0
1788202800000,1.3545730113983154,1.3546464443206787,1.3544446229934692,1.3544446229934692,0
1788203100000,1.3544446229934692,1.3544812202453613,1.3544446229934692,1.3544628620147705,0
1788203400000,1.3544812202453613,1.3545180559158325,1.3544628620147705,1.3544812202453613,0
1788203700000,1.3544812202453613,1.354628086090088,1.3544812202453613,1.354628086090088,0
1788204000000,1.3545180559158325,1.3545364141464233,1.3544996976852417,1.3544996976852417,0
1788204300000,1.3544996976852417,1.354719877243042,1.3544996976852417,1.3545546531677246,0
1788204600000,1.3546648025512695,1.3547013998031616,1.354609727859497,1.3547013998031616,0
1788204900000,1.3546648025512695,1.3547013998031616,1.354609727859497,1.3546464443206787,0
1788205200000,1.354628086090088,1.3547749519348145,1.354609727859497,1.3547749519348145,0
1788205500000,1.3547382354736328,1.3547382354736328,1.3547013998031616,1.354719877243042,0
1788205800000,1.3547382354736328,1.3549033403396606,1.3547382354736328,1.3549033403396606,0
1788206100000,1.354958415031433,1.354958415031433,1.3548115491867065,1.3548849821090698,0
1788206400000,1.3547382354736328,1.3548849821090698,1.3547382354736328,1.3548849821090698,0
1788206700000,1.355233907699585,1.3554911613464355,1.355233907699585,1.3554911613464355,0
1788207000000,1.3555278778076172,1.355546236038208,1.3553073406219482,1.355380892753601,0
1788207300000,1.3552889823913574,1.3556013107299805,1.3552889823913574,1.3556013107299805,0
1788207600000,1.355711579322815,1.355766773223877,1.3556748628616333,1.3556932210922241,0
1788207900000,1.3557300567626953,1.3559322357177734,1.3557300567626953,1.3559322357177734,0
1788208200000,1.355821967124939,1.3559505939483643,1.355711579322815,1.3559505939483643,0
1788208500000,1.355821967124939,1.355821967124939,1.3556196689605713,1.3556196689605713,0
1788208800000,1.3556748628616333,1.3557851314544678,1.3555278778076172,1.3555278778076172,0
1788209100000,1.3555830717086792,1.3555830717086792,1.3554176092147827,1.3554176092147827,0
1788209400000,1.3555645942687988,1.3556196689605713,1.3554543256759644,1.3554543256759644,0
1788209700000,1.3554359674453735,1.3554359674453735,1.3552706241607666,1.3552706241607666,0
1788210000000,1.3552706241607666,1.3553258180618286,1.3552155494689941,1.3552155494689941,0
1788210300000,1.3550502061843872,1.3550870418548584,1.354866623878479,1.354866623878479,0
1788210600000,1.3547749519348145,1.3548483848571777,1.3547749519348145,1.3548115491867065,0
1788210900000,1.3548115491867065,1.354976773262024,1.3546648025512695,1.3546648025512695,0
1788211200000,1.354719877243042,1.354719877243042,1.3544996976852417,1.3544996976852417,0
1788211500000,1.3544262647628784,1.3544446229934692,1.3544262647628784,1.3544446229934692,0
1788211800000,1.3544628620147705,1.3545364141464233,1.3544628620147705,1.3545364141464233,0
1788212100000,1.3546648025512695,1.354719877243042,1.354609727859497,1.354628086090088,0
1788212400000,1.354609727859497,1.3549401760101318,1.354609727859497,1.3549401760101318,0
1788212700000,1.3547931909561157,1.3548483848571777,1.3546831607818604,1.3546831607818604,0
1788213000000,1.3546648025512695,1.3546648025512695,1.354316234588623,1.354316234588623,0
1788213300000,1.3544446229934692,1.354628086090088,1.3544446229934692,1.354628086090088,0
1788213600000,1.3545913696289062,1.3545913696289062,1.3543895483016968,1.3544446229934692,0
1788213900000,1.3544996976852417,1.3544996976852417,1.3541878461837769,1.354316234588623,0
1788214200000,1.3542795181274414,1.3543529510498047,1.3542795181274414,1.3542795181274414,0
1788214500000,1.3542795181274414,1.3544079065322876,1.3542795181274414,1.3544079065322876,0
1788214800000,1.3544996976852417,1.3545364141464233,1.3544262647628784,1.3544628620147705,0
1788215100000,1.3544628620147705,1.354628086090088,1.3544628620147705,1.354609727859497,0
1788215400000,1.3545913696289062,1.3545913696289062,1.3543713092803955,1.3543713092803955,0
1788215700000,1.3543345928192139,1.3543345928192139,1.3542062044143677,1.354224443435669,0
1788216000000,1.354316234588623,1.3544079065322876,1.354316234588623,1.3543345928192139,0
1788216300000,1.3543713092803955,1.3544079065322876,1.3543345928192139,1.3543713092803955,0
1788216600000,1.3544079065322876,1.3544996976852417,1.3544079065322876,1.3544996976852417,0
1788216900000,1.3545730113983154,1.3546648025512695,1.3545364141464233,1.3546648025512695,0
1788217200000,1.3545364141464233,1.3545913696289062,1.3542977571487427,1.3543345928192139,0
1788217500000,1.3544262647628784,1.3545364141464233,1.3544079065322876,1.3544262647628784,0
1788217800000,1.3544446229934692,1.3544996976852417,1.3544446229934692,1.3544996976852417,0
1788218100000,1.3546648025512695,1.3546648025512695,1.3545180559158325,1.3545180559158325,0
1788218400000,1.3544079065322876,1.3544079065322876,1.3541511297225952,1.3541511297225952,0
1788218700000,1.3542062044143677,1.3544079065322876,1.3542062044143677,1.3542795181274414,0
1788219000000,1.354316234588623,1.3543345928192139,1.354316234588623,1.3543345928192139,0
1788219300000,1.3543529510498047,1.3543529510498047,1.3542611598968506,1.3542795181274414,0
1788219600000,1.3542611598968506,1.3543713092803955,1.3542611598968506,1.3543529510498047,0
1788219900000,1.3544079065322876,1.3544628620147705,1.3543713092803955,1.3544628620147705,0
1788220200000,1.3544079065322876,1.3544446229934692,1.3543345928192139,1.3543713092803955,0
1788220500000,1.3543895483016968,1.3543895483016968,1.3541511297225952,1.3541511297225952,0
