ts,open,high,low,close,volume
1785694200000,4131.10009765625,4135.7998046875,4130.7001953125,4133.2998046875,411
1785694500000,4133,4134.2001953125,4124,4125.2998046875,433
1785694800000,4125.89990234375,4126.7001953125,4120.60009765625,4121.89990234375,260
1785695100000,4122,4123.7998046875,4120.39990234375,4122.7001953125,311
1785695400000,4122.7001953125,4124.89990234375,4120.5,4120.60009765625,327
1785695700000,4121.10009765625,4124.10009765625,4120.5,4122.10009765625,180
1785696000000,4122,4124.2998046875,4121.7001953125,4123.10009765625,116
1785696300000,4123.39990234375,4123.60009765625,4120.7001953125,4120.89990234375,247
1785696600000,4121.39990234375,4122.2998046875,4119.89990234375,4120.60009765625,136
1785696900000,4121.39990234375,4122,4119.5,4119.89990234375,111
1785697200000,4120,4121.89990234375,4119.39990234375,4121.60009765625,233
1785697500000,4121.2001953125,4121.60009765625,4119.7998046875,4120.7001953125,70
1785697800000,4120,4123.39990234375,4119,4122.39990234375,132
1785698100000,4122.2998046875,4127.7001953125,4122.10009765625,4127.39990234375,224
1785698400000,4127.7998046875,4128.2001953125,4123.5,4126.89990234375,102
1785698700000,4127,4128.39990234375,4126.5,4127.89990234375,71
1785699000000,4127.7998046875,4128.2001953125,4125.39990234375,4126,66
1785699300000,4125.5,4126.7998046875,4125.39990234375,4125.5,28
1785699600000,4125.39990234375,4125.60009765625,4123.7001953125,4125.39990234375,52
1785699900000,4125.39990234375,4128.2001953125,4123.7998046875,4124.7998046875,278
1785700200000,4124.39990234375,4129.5,4124,4128.10009765625,185
1785700500000,4127.7998046875,4130.5,4127.39990234375,4130.39990234375,196
1785700800000,4130.5,4134.7001953125,4130.5,4133.39990234375,433
1785701100000,4133.2998046875,4134.2001953125,4128.39990234375,4128.39990234375,184
1785701400000,4128.7998046875,4129.10009765625,4125.60009765625,4127.89990234375,102
1785701700000,4127.89990234375,4128.5,4125.5,4125.89990234375,98
1785702000000,4125.89990234375,4125.89990234375,4122,4122.39990234375,218
1785702300000,4122.39990234375,4123,4117,4119.60009765625,498
1785702600000,4119.7998046875,4125.39990234375,4118.39990234375,4120.2001953125,279
1785702900000,4120.2001953125,4120.60009765625,4114.89990234375,4115.5,381
1785703200000,4115.2001953125,4116.7001953125,4112.39990234375,4113.7001953125,434
1785703500000,4113.7998046875,4116,4111.7998046875,4114.10009765625,280
1785703800000,4113.39990234375,4116.39990234375,4113,4114.2998046875,125
1785704100000,4114.10009765625,4115.2998046875,4111.10009765625,4112.7998046875,286
1785704400000,4112.89990234375,4119,4107.39990234375,4113.5,677
1785704700000,4114.2998046875,4116.89990234375,4112,4115,369
1785705000000,4115.60009765625,4116.10009765625,4106.2998046875,4107.7998046875,387
1785705300000,4108.39990234375,4109.2001953125,4102.7001953125,4104.2998046875,472
1785705600000,4104.7001953125,4109.39990234375,4104.7001953125,4109.2998046875,167
1785705900000,4109.10009765625,4110.39990234375,4107.5,4108.2001953125,256
1785706200000,4108.39990234375,4109.2998046875,4105.5,4108.89990234375,249
1785706500000,4108.89990234375,4112.7998046875,4108,4108.60009765625,346
1785706800000,4108.89990234375,4110,4103,4106.7998046875,285
1785707100000,4106.89990234375,4110.89990234375,4105.7998046875,4109.2001953125,195
1785707400000,4108.7998046875,4110.89990234375,4106,4106.7001953125,218
1785707700000,4106.7998046875,4113.39990234375,4105.7001953125,4112.7001953125,381
1785708000000,4112.7001953125,4116.7001953125,4112.7001953125,4115.89990234375,251
1785708300000,4115.2001953125,4116.2998046875,4111.7998046875,4111.89990234375,177
1785708600000,4112,4112.5,4109,4111.60009765625,144
1785708900000,4111.2001953125,4116.39990234375,4107.7998046875,4116,267
1785709200000,4116.5,4116.5,4110.39990234375,4110.89990234375,160
1785709500000,4111,4114.2998046875,4110.2998046875,4113.60009765625,210
1785709800000,4113.89990234375,4114.89990234375,4109.2998046875,4111.2998046875,321
1785710100000,4111.2001953125,4114.2998046875,4108,4113.60009765625,174
1785710400000,4114.39990234375,4116.2001953125,4113,4115.5,254
1785710700000,4115.2001953125,4122.2998046875,4114.10009765625,4118.7998046875,444
1785711000000,4119.2998046875,4120.7001953125,4117.89990234375,4117.89990234375,150
1785711300000,4117.89990234375,4119.7998046875,4116.10009765625,4117.7998046875,182
1785711600000,4117.60009765625,4119.2001953125,4116.2001953125,4117.60009765625,122
1785711900000,4117.89990234375,4120.89990234375,4117.5,4119.7001953125,167
1785712200000,4120,4120.39990234375,4118.60009765625,4119.5,71
1785712500000,4119.5,4122.89990234375,4118.2998046875,4122.60009765625,279
1785712800000,4123.2001953125,4123.2001953125,4117,4118.5,271
1785713100000,4118.10009765625,4120.39990234375,4116.89990234375,4119,309
1785713400000,4119.2998046875,4120.2001953125,4118,4118.39990234375,74
1785713700000,4118.60009765625,4120.2998046875,4116.39990234375,4118.2998046875,120
1785714000000,4118.60009765625,4118.7001953125,4115.5,4115.7001953125,99
1785714300000,4115.89990234375,4116.89990234375,4114.2001953125,4116.2998046875,117
1785714600000,4116.89990234375,4121.5,4116.89990234375,4121.39990234375,155
1785714900000,4121.10009765625,4122.10009765625,4119.5,4120,52
1785715200000,4120.39990234375,4121.89990234375,4119.39990234375,4121.7001953125,219
1785715500000,4121.89990234375,4123.39990234375,4120.2998046875,4120.5,152
1785715800000,4120.7998046875,4121.60009765625,4120.7001953125,4121.60009765625,50
1785716100000,4121.7001953125,4125.2998046875,4121.2001953125,4124.7998046875,452
1785716400000,4124.5,4126.2001953125,4124,4124,111
1785716700000,4124.5,4125,4123,4123.60009765625,102
1785717000000,4123.5,4126.5,4123.5,4126,100
1785717300000,4126.2001953125,4126.5,4123.89990234375,4125.39990234375,82
1785717600000,4125.10009765625,4125.7998046875,4124.5,4125.7998046875,61
1785717900000,4126,4127.2001953125,4124.2001953125,4126.2998046875,98
1785718200000,4126.5,4127.10009765625,4123,4123,88
1785718500000,4123.39990234375,4123.5,4119.2001953125,4119.2001953125,188
1785718800000,4119,4120.39990234375,4117.60009765625,4117.89990234375,236
1785719100000,4117.60009765625,4118.2998046875,4116,4116.39990234375,161
1785719400000,4116,4116,4111.7998046875,4112.7001953125,226
1785719700000,4112.2998046875,4113.10009765625,4109.10009765625,4111.60009765625,188
1785720000000,4111.7001953125,4114.5,4111.2998046875,4114.5,219
1785720300000,4113.89990234375,4117.89990234375,4113.7998046875,4115.5,121
1785720600000,4115.2998046875,4115.7001953125,4111,4111.7998046875,203
1785720900000,4111.2998046875,4115.10009765625,4110.2998046875,4112.2998046875,219
1785721200000,4112.2998046875,4119.7001953125,4111.2998046875,4118.5,433
1785721500000,4118.5,4118.7998046875,4113.89990234375,4115.39990234375,282
1785721800000,4114.89990234375,4120.5,4114.89990234375,4120.10009765625,201
1785722100000,4120.5,4125.2001953125,4119.7001953125,4124.2001953125,341
1785722400000,4124.2998046875,4126.39990234375,4122.60009765625,4123.2001953125,551
1785722700000,4123.39990234375,4125.89990234375,4121.7998046875,4122.89990234375,334
1785723000000,4123.2001953125,4123.2998046875,4121.2001953125,4121.2001953125,99
1785723300000,4121.5,4125.2001953125,4120.89990234375,4124.7998046875,158
1785723600000,4124.7001953125,4127.2998046875,4122.89990234375,4126,399
1785723900000,4126.2001953125,4126.7001953125,4121.5,4123.60009765625,256
1785724200000,4123.5,4124.10009765625,4115.7001953125,4115.7998046875,500
1785724500000,4116,4122.7001953125,4115.89990234375,4121.39990234375,455
1785724800000,4121.39990234375,4121.60009765625,4119.60009765625,4120.89990234375,82
1785725100000,4120.5,4122.2001953125,4118.60009765625,4118.7998046875,265
1785725400000,4118.39990234375,4120.39990234375,4117.7998046875,4119.2001953125,176
1785725700000,4119.10009765625,4121.5,4118.2001953125,4118.89990234375,167
1785726000000,4119,4120.5,4114.7998046875,4116.60009765625,339
1785726300000,4116.2001953125,4119,4115,4118.2998046875,158
1785726600000,4117.89990234375,4119.7001953125,4116.60009765625,4116.89990234375,170
1785726900000,4116.5,4117.2998046875,4108.39990234375,4110.2001953125,740
1785727200000,4110.10009765625,4111.5,4107.2998046875,4111.39990234375,597
1785727500000,4111.5,4114.5,4111.10009765625,4114.2001953125,257
1785727800000,4113.89990234375,4115.7998046875,4113,4115.2001953125,120
1785728100000,4115.2001953125,4116.7998046875,4112,4115.2001953125,214
1785728400000,4114.7998046875,4115.10009765625,4113.60009765625,4115.10009765625,160
1785728700000,4115.10009765625,4116.60009765625,4113.60009765625,4114.7001953125,170
1785729000000,4114.7998046875,4119,4114.2001953125,4118.2001953125,340
1785729300000,4118.2001953125,4119,4116.7001953125,4117.10009765625,142
1785729600000,4117,4117.39990234375,4114.2001953125,4116.2998046875,195
1785729900000,4116.5,4117,4115.2001953125,4116.5,108
1785730200000,4116,4117.7001953125,4115.39990234375,4117.5,115
1785730500000,4117.39990234375,4118,4112.5,4113.60009765625,142
1785730800000,4113.5,4114.89990234375,4113.2001953125,4114,89
1785731100000,4114.39990234375,4115.7001953125,4110,4111.2998046875,308
1785731400000,4111.2998046875,4113.7001953125,4110.39990234375,4112.10009765625,287
1785731700000,4111.2998046875,4116.10009765625,4110.89990234375,4115.39990234375,328
1785732000000,4115.2998046875,4115.7001953125,4113.7001953125,4114,118
1785732300000,4113.7998046875,4115.60009765625,4113.39990234375,4115.60009765625,100
1785732600000,4115.2001953125,4115.7001953125,4113.5,4114.89990234375,64
1785732900000,4114.89990234375,4116.7001953125,4114.5,4115,238
1785733200000,4115.2998046875,4116,4113.39990234375,4113.60009765625,74
1785733500000,4112.7998046875,4115.2001953125,4112.7998046875,4115.10009765625,266
1785733800000,4115.60009765625,4117.7001953125,4115.2001953125,4117.2998046875,85
1785734100000,4116.89990234375,4116.89990234375,4113.7998046875,4114.89990234375,146
1785734400000,4114.2998046875,4114.60009765625,4108.39990234375,4110.89990234375,385
1785734700000,4111.10009765625,4112,4108,4108.39990234375,220
1785735000000,4108.5,4109.10009765625,4102.2998046875,4103.10009765625,1536
1785735300000,4103.2998046875,4109.10009765625,4102.89990234375,4108.7001953125,561
1785735600000,4108.7001953125,4111,4107.7998046875,4109.7001953125,485
1785735900000,4109.60009765625,4113,4109.60009765625,4112.10009765625,428
1785736200000,4112.2001953125,4114.39990234375,4112.2001953125,4113.2001953125,256
1785736500000,4112.7001953125,4114.10009765625,4110.7998046875,4111.60009765625,164
1785736800000,4111.60009765625,4113,4109.39990234375,4110.89990234375,201
1785737100000,4111.2001953125,4111.7001953125,4109.60009765625,4110.2001953125,99
1785737400000,4110.60009765625,4113.5,4110.5,4112.39990234375,112
1785737700000,4112.5,4113.60009765625,4110.2998046875,4111.2001953125,91
1785738000000,4111.39990234375,4111.60009765625,4109,4109.60009765625,176
1785738300000,4109.7998046875,4111.10009765625,4108.2998046875,4110,119
1785738600000,4110,4110.10009765625,4106.2998046875,4108,219
1785738900000,4107.7001953125,4108.7998046875,4107.5,4108.5,141
1785739200000,4108.60009765625,4108.60009765625,4105.10009765625,4105.5,261
1785739500000,4105.2998046875,4107.39990234375,4104.7001953125,4104.89990234375,174
1785739800000,4104.89990234375,4105.2001953125,4101.89990234375,4104.60009765625,239
1785740100000,4104.60009765625,4105.7001953125,4102.60009765625,4105.39990234375,161
1785740400000,4105.7001953125,4108.5,4103.2001953125,4108.5,365
1785740700000,4108.10009765625,4109.2001953125,4105.60009765625,4106.60009765625,111
1785741000000,4106.7998046875,4106.89990234375,4104.2001953125,4106.10009765625,135
1785741300000,4106,4106,4103.2001953125,4104,77
1785741600000,4104.10009765625,4104.5,4101.7001953125,4103.7998046875,168
1785741900000,4103.60009765625,4106.39990234375,4103.2001953125,4104.7001953125,143
1785742200000,4104.5,4107.5,4104,4106.89990234375,229
1785742500000,4107.2998046875,4108.2001953125,4105.7998046875,4107.7998046875,238
1785742800000,4107.5,4111.2998046875,4107.39990234375,4110,217
1785743100000,4110.10009765625,4117.5,4108.89990234375,4117.5,498
1785743400000,4117.2998046875,4119.39990234375,4115.60009765625,4117.60009765625,612
1785743700000,4117.5,4118.89990234375,4116.2001953125,4118.89990234375,186
1785744000000,4119,4121.10009765625,4115.89990234375,4117.2998046875,558
1785744300000,4117.2001953125,4117.7001953125,4114.7001953125,4116.2001953125,207
1785744600000,4116,4116.39990234375,4110.7998046875,4112.2001953125,341
1785744900000,4112.10009765625,4112.5,4107,4107.5,335
1785745200000,4107,4110,4104.60009765625,4108.7001953125,850
1785745500000,4108.60009765625,4109.39990234375,4106.5,4107,381
1785745800000,4107.2001953125,4109,4104.2998046875,4108.2998046875,578
1785746100000,4107.89990234375,4108,4101.7998046875,4103.39990234375,369
1785746400000,4103.5,4103.60009765625,4098.10009765625,4100.7998046875,707
1785746700000,4100.7998046875,4102.39990234375,4099.5,4099.7001953125,339
1785747000000,4099.7001953125,4102.39990234375,4099,4101.39990234375,189
1785747300000,4101.2998046875,4104.7001953125,4101.10009765625,4103.39990234375,345
1785747600000,4103.60009765625,4109.7998046875,4096.39990234375,4097.60009765625,1460
1785747900000,4097.39990234375,4101.7998046875,4097.10009765625,4099.5,509
1785748200000,4099.5,4100.39990234375,4093.60009765625,4094,721
1785748500000,4094,4095.89990234375,4090.199951171875,4091.699951171875,1760
1785748800000,4091.699951171875,4092.699951171875,4088,4089.89990234375,1055
1785749100000,4089.5,4090.699951171875,4086.5,4089.5,734
1785749400000,4089.60009765625,4091,4084.800048828125,4086.300048828125,1358
1785749700000,4086.5,4087.199951171875,4074,4081.5,2937
1785750000000,4081.199951171875,4088.800048828125,4079.5,4086.89990234375,1461
1785750300000,4087.199951171875,4090.39990234375,4083.39990234375,4084.60009765625,1117
1785750600000,4084.199951171875,4088,4083.300048828125,4085.5,823
1785750900000,4085.300048828125,4088.89990234375,4083.5,4087.199951171875,571
1785751200000,4086.60009765625,4091.39990234375,4082.300048828125,4084.199951171875,1831
1785751500000,4084.5,4087.5,4082.39990234375,4082.5,453
1785751800000,4082.5,4089.5,4081.60009765625,4088.39990234375,1141
1785752100000,4088.10009765625,4090.10009765625,4086.300048828125,4086.60009765625,532
1785752400000,4086.300048828125,4091.10009765625,4085,4088.800048828125,593
1785752700000,4088.89990234375,4091.39990234375,4087.60009765625,4087.60009765625,673
1785753000000,4087.60009765625,4090.699951171875,4087.10009765625,4090.300048828125,551
1785753300000,4090.60009765625,4093.10009765625,4088.10009765625,4088.5,513
1785753600000,4088.300048828125,4093.39990234375,4087.300048828125,4091.699951171875,522
1785753900000,4091.800048828125,4092.10009765625,4089.300048828125,4091,342
1785754200000,4090.89990234375,4092.300048828125,4089,4090.699951171875,766
1785754500000,4091.10009765625,4094.89990234375,4091.10009765625,4091.60009765625,516
1785754800000,4091.699951171875,4092,4086.800048828125,4087.60009765625,502
1785755100000,4087.300048828125,4092.39990234375,4085.5,4089.800048828125,641
1785755400000,4089.89990234375,4090.699951171875,4087.39990234375,4088.300048828125,258
1785755700000,4088.5,4092.800048828125,4088.5,4091.800048828125,370
1785756000000,4092,4093.60009765625,4091.199951171875,4092.800048828125,405
1785756300000,4092.199951171875,4093.10009765625,4085.800048828125,4087.89990234375,850
1785756600000,4088,4089.89990234375,4086.10009765625,4088.60009765625,320
1785756900000,4088.5,4092.39990234375,4088.300048828125,4092,575
1785757200000,4092.300048828125,4094.60009765625,4091.800048828125,4092.10009765625,464
1785757500000,4092.300048828125,4096.39990234375,4092,4093.199951171875,675
1785757800000,4092.89990234375,4095.5,4092.800048828125,4093.5,327
1785758100000,4093.60009765625,4093.60009765625,4091,4091.60009765625,267
1785758400000,4091.60009765625,4092.89990234375,4090.60009765625,4091.89990234375,316
1785758700000,4091.800048828125,4092,4089.89990234375,4090.699951171875,191
1785759000000,4090.699951171875,4091.800048828125,4090.5,4091.800048828125,202
1785759300000,4091.39990234375,4093,4090.5,4091.199951171875,307
1785759600000,4091.5,4093.5,4090.300048828125,4093.5,223
1785759900000,4093.300048828125,4094.10009765625,4091.89990234375,4092.5,244
1785760200000,4092.5,4093.39990234375,4091.199951171875,4093.199951171875,148
1785760500000,4093.10009765625,4094.39990234375,4091.800048828125,4092.300048828125,293
1785760800000,4092.5,4094.800048828125,4092.5,4094.300048828125,253
1785761100000,4094.5,4094.5,4092.800048828125,4093,150
1785761400000,4092.800048828125,4093.60009765625,4091.300048828125,4091.800048828125,181
1785761700000,4091.699951171875,4093.39990234375,4091.5,4092.39990234375,241
1785762000000,4092.699951171875,4093.199951171875,4088.699951171875,4089.60009765625,279
1785762300000,4089.5,4090.60009765625,4089.300048828125,4090.39990234375,130
1785762600000,4090.300048828125,4090.39990234375,4089.300048828125,4089.800048828125,176
1785762900000,4089.699951171875,4093.5,4089.699951171875,4091.89990234375,366
1785763200000,4092.199951171875,4092.199951171875,4089.60009765625,4090.60009765625,424
1785763500000,4090.89990234375,4092.10009765625,4089.39990234375,4090,941
1785763800000,4090.10009765625,4091,4089.699951171875,4090.699951171875,218
1785764100000,4090.699951171875,4092.699951171875,4090.300048828125,4092.10009765625,278
1785764400000,4092.199951171875,4092.300048828125,4091,4091.89990234375,218
1785764700000,4091.800048828125,4092.300048828125,4089.89990234375,4090,151
1785765000000,4089.89990234375,4090,4086.199951171875,4086.5,416
1785765300000,4086.699951171875,4087.10009765625,4085.89990234375,4086.39990234375,167
1785765600000,4086.39990234375,4088,4085.39990234375,4087.39990234375,355
1785765900000,4087.800048828125,4092.60009765625,4087.699951171875,4092.300048828125,348
1785766200000,4092.5,4094.300048828125,4090.5,4090.699951171875,379
1785766500000,4090.800048828125,4094.89990234375,4090.60009765625,4093.39990234375,581
1785766800000,4093.60009765625,4094.5,4092.39990234375,4093,307
1785767100000,4092.89990234375,4094.10009765625,4092.10009765625,4093.89990234375,134
1785767400000,4093.699951171875,4094.300048828125,4092.39990234375,4092.89990234375,145
1785767700000,4093,4094.39990234375,4092.89990234375,4093.60009765625,128
1785768000000,4093.60009765625,4097.39990234375,4093.300048828125,4097.39990234375,275
1785768300000,4097.2001953125,4098.7001953125,4096.2998046875,4098.5,371
1785768600000,4098.2001953125,4100,4097.7998046875,4099.7998046875,197
1785768900000,4099.89990234375,4101,4098.7998046875,4099.60009765625,345
1785769200000,4099.5,4104.2998046875,4099.5,4103.89990234375,410
1785769500000,4103.89990234375,4105.5,4101.2998046875,4102,699
1785769800000,4101.7998046875,4103.89990234375,4101.2001953125,4101.89990234375,189
1785770100000,4102.2001953125,4104.89990234375,4102.10009765625,4103.7001953125,256
1785770400000,4104,4109,4104,4108.7998046875,423
1785770700000,4108.89990234375,4110.2001953125,4107.89990234375,4108.7998046875,400
1785771000000,4108.89990234375,4111.5,4107.7001953125,4109,414
1785771300000,4109,4110.7998046875,4108.89990234375,4110,267
1785771600000,4109.89990234375,4110.7001953125,4108.7001953125,4110,168
1785771900000,4109.89990234375,4111.60009765625,4108.60009765625,4110.60009765625,195
1785772200000,4110.89990234375,4112,4109.7001953125,4110.5,304
1785772500000,4110.2998046875,4110.39990234375,4107.7001953125,4108.2001953125,628
1785772800000,4108.2998046875,4108.39990234375,4106.2001953125,4107.5,258
1785773100000,4107.7001953125,4108.10009765625,4107,4107.5,64
1785773400000,4107.7001953125,4108.89990234375,4106.60009765625,4108.7998046875,73
1785773700000,4108.39990234375,4108.5,4107.39990234375,4107.5,36
1785774000000,4107.7998046875,4110.7998046875,4107.2998046875,4110.10009765625,59
1785774300000,4110.5,4111.89990234375,4109.60009765625,4110.2001953125,208
1785774600000,4110.60009765625,4115,4110,4113.39990234375,252
1785774900000,4113.89990234375,4114.10009765625,4113.10009765625,4113.60009765625,74
1785775200000,4113.39990234375,4113.60009765625,4112.39990234375,4112.39990234375,53
1785775500000,4112.5,4113.10009765625,4112.2001953125,4112.60009765625,278
1785775800000,4112.7001953125,4113.5,4110.60009765625,4111.2001953125,305
1785776100000,4111.2001953125,4112.2998046875,4110.7998046875,4110.89990234375,87
1785780000000,4109.60009765625,4110.2998046875,4106.2998046875,4106.89990234375,0
1785780300000,4107,4107.89990234375,4104.60009765625,4106,215
1785780600000,4106.10009765625,4107.7001953125,4105.60009765625,4107,33
1785780900000,4106.7998046875,4107.5,4106.5,4106.7001953125,46
1785781200000,4106.2998046875,4108.2001953125,4106.2998046875,4107.5,28
1785781500000,4107.2998046875,4107.5,4106.2998046875,4107.5,41
1785781800000,4107.7998046875,4109.2001953125,4107,4109.2001953125,45
1785782100000,4108.60009765625,4109.10009765625,4107.89990234375,4108.7998046875,54
1785782400000,4108.60009765625,4108.89990234375,4108.10009765625,4108.39990234375,26
1785782700000,4108.60009765625,4108.89990234375,4107.7001953125,4107.7998046875,44
1785783000000,4107.60009765625,4108.10009765625,4106.7998046875,4107.2998046875,82
1785783300000,4107.39990234375,4109.60009765625,4107.39990234375,4108.60009765625,85
1785783600000,4108.60009765625,4109.60009765625,4107.10009765625,4107.2001953125,129
1785783900000,4108.60009765625,4110.7998046875,4107.60009765625,4107.7998046875,366
1785784200000,4107.60009765625,4107.60009765625,4105.5,4107.10009765625,185
1785784500000,4107,4108.39990234375,4106.2001953125,4108.2001953125,127
1785784800000,4108.2001953125,4110.60009765625,4106.60009765625,4108.2998046875,453
1785785100000,4108.2998046875,4108.39990234375,4106.89990234375,4107.2998046875,83
1785785400000,4107.39990234375,4107.7001953125,4106.60009765625,4107.60009765625,32
1785785700000,4107.2001953125,4108.5,4106.89990234375,4108,27
1785786000000,4107.39990234375,4108.39990234375,4107.10009765625,4108.10009765625,11
1785786300000,4108.2001953125,4109.60009765625,4107.10009765625,4107.5,208
1785786600000,4107.5,4108.39990234375,4107,4108.10009765625,217
1785786900000,4108.2998046875,4109.2998046875,4108.2998046875,4109.2998046875,34
1785787200000,4109.2001953125,4119.39990234375,4108.7001953125,4115.2998046875,751
1785787500000,4115.2001953125,4123,4115,4122.7001953125,346
1785787800000,4123.2001953125,4125.10009765625,4118.7998046875,4119.2001953125,487
1785788100000,4119.10009765625,4120.2998046875,4117.60009765625,4118.2998046875,91
1785788400000,4118,4119.10009765625,4113.7001953125,4115.10009765625,204
1785788700000,4114.7998046875,4116.7001953125,4113.89990234375,4114.60009765625,86
1785789000000,4114.89990234375,4116.2998046875,4113.39990234375,4115.2001953125,118
1785789300000,4115.7998046875,4115.7998046875,4112.39990234375,4114,170
1785789600000,4114,4114,4110.89990234375,4111.60009765625,120
1785789900000,4112.39990234375,4113.39990234375,4110.60009765625,4112.7001953125,302
1785790200000,4112.2998046875,4113.7998046875,4109.5,4111.2001953125,496
1785790500000,4111,4111,4104.10009765625,4104.89990234375,302
1785790800000,4104.7998046875,4106.2001953125,4101,4102.2001953125,893
1785791100000,4102.10009765625,4102.2998046875,4098.2001953125,4100,246
1785791400000,4100.2001953125,4103.89990234375,4098.5,4102.7001953125,283
1785791700000,4103.60009765625,4106.39990234375,4103.2998046875,4105.89990234375,128
1785792000000,4105.5,4106.2998046875,4103.2998046875,4104.2998046875,226
1785792300000,4104.5,4108,4104,4104.7001953125,260
1785792600000,4105,4107,4104,4104.2998046875,189
1785792900000,4104.60009765625,4111.2001953125,4104.2998046875,4108.10009765625,314
1785793200000,4108,4116,4107.89990234375,4114.60009765625,448
1785793500000,4114.7001953125,4116.39990234375,4113,4113.60009765625,249
1785793800000,4112.89990234375,4117.60009765625,4112.60009765625,4115.7001953125,209
1785794100000,4115.89990234375,4117.10009765625,4114,4114.7998046875,145
1785794400000,4114.7998046875,4116.7998046875,4112.2998046875,4112.60009765625,230
1785794700000,4112.5,4113.10009765625,4111.10009765625,4112.60009765625,117
1785795000000,4112.2998046875,4114.60009765625,4111.39990234375,4113.89990234375,96
1785795300000,4113.60009765625,4115,4113.10009765625,4114.60009765625,77
1785795600000,4114.2998046875,4115.39990234375,4112.60009765625,4112.89990234375,156
1785795900000,4112.7998046875,4113.5,4111.2998046875,4112.2001953125,198
1785796200000,4112.2001953125,4115.60009765625,4111.10009765625,4113.2998046875,254
1785796500000,4113.2001953125,4120.60009765625,4113.2001953125,4119.2001953125,354
1785796800000,4119.39990234375,4119.5,4115.89990234375,4117.89990234375,176
1785797100000,4117.89990234375,4118.2001953125,4116,4116.39990234375,143
1785797400000,4116.2998046875,4117.39990234375,4115.60009765625,4115.60009765625,106
1785797700000,4115.60009765625,4116.89990234375,4113.7001953125,4114.60009765625,111
1785798000000,4114.2998046875,4116.2998046875,4113.2998046875,4113.2998046875,85
1785798300000,4113.2001953125,4114.2998046875,4112,4113.7001953125,110
1785798600000,4114,4116.2998046875,4113,4113.7001953125,99
1785798900000,4113.7001953125,4116.60009765625,4113.7001953125,4115.60009765625,130
1785799200000,4115.89990234375,4117.5,4114.2001953125,4115.39990234375,163
1785799500000,4115.10009765625,4115.10009765625,4113.39990234375,4113.7001953125,137
1785799800000,4113.5,4114.2001953125,4111.10009765625,4113.89990234375,280
1785800100000,4113.5,4114,4111.39990234375,4111.5,119
1785800400000,4111.60009765625,4111.60009765625,4107.7001953125,4107.89990234375,254
1785800700000,4108.2998046875,4109.7001953125,4107.60009765625,4109.2001953125,156
1785801000000,4109.5,4110.7998046875,4109.5,4110.39990234375,66
1785801300000,4110.39990234375,4110.5,4108,4108.2001953125,152
1785801600000,4107.39990234375,4108.39990234375,4106.39990234375,4107.7001953125,244
1785801900000,4107.5,4109.2998046875,4107,4109.2001953125,155
1785802200000,4109.7998046875,4112.2998046875,4109.2998046875,4111.89990234375,193
1785802500000,4112.10009765625,4114.7998046875,4112,4112.2998046875,577
1785802800000,4112.10009765625,4113.39990234375,4111.2998046875,4112.7998046875,138
1785803100000,4113.10009765625,4117,4112.89990234375,4116.7001953125,290
1785803400000,4116.7998046875,4119.7001953125,4116,4118.2998046875,371
1785803700000,4118.2998046875,4118.7001953125,4117.2998046875,4118.60009765625,141
1785804000000,4118.7001953125,4119.39990234375,4117.60009765625,4118.10009765625,173
1785804300000,4118,4121.89990234375,4117.89990234375,4120.39990234375,244
1785804600000,4120.60009765625,4120.89990234375,4118.7998046875,4119.89990234375,223
1785804900000,4119.7998046875,4121.2001953125,4118.2998046875,4119.2998046875,223
1785805200000,4119.2001953125,4120.39990234375,4117.39990234375,4117.39990234375,182
1785805500000,4117.7001953125,4118.5,4115.89990234375,4116.2001953125,195
1785805800000,4116.10009765625,4116.2998046875,4112.7001953125,4113.5,189
1785806100000,4113.5,4117.39990234375,4113,4117.39990234375,204
1785806400000,4117.39990234375,4119.39990234375,4116.7998046875,4118.89990234375,159
1785806700000,4119.2998046875,4119.7001953125,4118.2998046875,4119.2998046875,117
1785807000000,4119.5,4123.7001953125,4117.7998046875,4117.89990234375,682
1785807300000,4118.10009765625,4118.2998046875,4115.5,4116.89990234375,209
1785807600000,4116.2001953125,4118.89990234375,4115,4118.60009765625,294
1785807900000,4118.39990234375,4120.10009765625,4116.60009765625,4117.10009765625,236
1785808200000,4116.89990234375,4117.7001953125,4114.2001953125,4114.89990234375,292
1785808500000,4115.10009765625,4119.10009765625,4114.10009765625,4117.2998046875,368
1785808800000,4117.89990234375,4121.7998046875,4117.7998046875,4121.39990234375,347
1785809100000,4120.2998046875,4122.10009765625,4119.2998046875,4119.60009765625,170
1785809400000,4120.2998046875,4121.39990234375,4118.60009765625,4120.39990234375,142
1785809700000,4120.10009765625,4120.5,4117.5,4118.2001953125,87
1785810000000,4117.89990234375,4120.7998046875,4117.7001953125,4118.7998046875,181
1785810300000,4119,4119.60009765625,4115.2001953125,4115.60009765625,206
1785810600000,4115.60009765625,4115.60009765625,4112.39990234375,4112.60009765625,351
1785810900000,4112.60009765625,4113.2001953125,4111.39990234375,4112.7001953125,171
1785811200000,4112.7001953125,4115.7001953125,4112.7001953125,4115.60009765625,180
1785811500000,4115.7001953125,4118.5,4115.7001953125,4117.7001953125,261
1785811800000,4117.7001953125,4118.60009765625,4115.39990234375,4116.2001953125,175
1785812100000,4116.2001953125,4119.7001953125,4114.7001953125,4119.2998046875,205
1785812400000,4119.5,4121.2998046875,4118,4120.5,278
1785812700000,4120.7001953125,4121.7998046875,4119.89990234375,4120.39990234375,376
1785813000000,4120.2998046875,4121.5,4116.60009765625,4116.60009765625,248
1785813300000,4116.89990234375,4121.5,4116.7001953125,4119.5,330
1785813600000,4119.5,4121.60009765625,4118.7998046875,4121.60009765625,175
1785813900000,4121.60009765625,4121.7998046875,4118.60009765625,4119,217
1785814200000,4119,4122.7998046875,4119,4120.7998046875,255
1785814500000,4120.7998046875,4122.89990234375,4117.5,4119.10009765625,532
1785814800000,4119.2998046875,4121,4118.5,4119.2001953125,79
1785815100000,4118.89990234375,4120.89990234375,4118.2001953125,4120.2001953125,124
1785815400000,4119.89990234375,4122.39990234375,4119.89990234375,4121.10009765625,224
1785815700000,4121.2001953125,4121.7998046875,4120,4121.7998046875,88
1785816000000,4121.89990234375,4129.60009765625,4120.7001953125,4126.2001953125,1259
1785816300000,4126.2001953125,4127.2998046875,4125.10009765625,4126,493
1785816600000,4125.2998046875,4127.2998046875,4124.2001953125,4124.2001953125,389
1785816900000,4124.2998046875,4124.89990234375,4122.7001953125,4123.2001953125,171
1785817200000,4123.10009765625,4123.5,4117.7998046875,4119,337
1785817500000,4119,4119.5,4116.2998046875,4119.5,189
1785817800000,4119.2001953125,4120.5,4116.7998046875,4118.7001953125,193
1785818100000,4118.7001953125,4120.39990234375,4114.5,4115.10009765625,424
1785818400000,4115.10009765625,4116,4114.39990234375,4115.2001953125,171
1785818700000,4115.10009765625,4115.2998046875,4111.60009765625,4112.10009765625,262
1785819000000,4112,4113.2998046875,4111,4112,194
1785819300000,4111.7998046875,4112.2001953125,4110.10009765625,4110.7998046875,111
1785819600000,4110.5,4111.2001953125,4108.7001953125,4108.89990234375,249
1785819900000,4109.2001953125,4109.2001953125,4106.2998046875,4107,275
1785820200000,4106.60009765625,4107,4104.10009765625,4106.5,356
1785820500000,4106.2001953125,4107.7998046875,4105.5,4106.39990234375,189
1785820800000,4106.39990234375,4107.7998046875,4104.7001953125,4106.2001953125,248
1785821100000,4106.10009765625,4107.39990234375,4105.2001953125,4105.89990234375,400
1785821400000,4106.2001953125,4107.2001953125,4104.7001953125,4105.39990234375,641
1785821700000,4105.5,4105.5,4102,4103.39990234375,202
1785822000000,4103.5,4106.10009765625,4103.5,4106.10009765625,206
1785822300000,4106,4106.89990234375,4103.7998046875,4106.10009765625,349
1785822600000,4105.60009765625,4106.10009765625,4103.5,4103.89990234375,99
1785822900000,4104.2001953125,4105.60009765625,4103,4105.10009765625,91
1785823200000,4105.7001953125,4105.7001953125,4104,4105.60009765625,88
1785823500000,4105.5,4106,4102.89990234375,4103.2001953125,100
1785823800000,4102.7998046875,4105,4102.7001953125,4105,135
1785824100000,4104.60009765625,4105.60009765625,4101.39990234375,4103.7998046875,319
1785824400000,4103.7001953125,4105,4103,4104,111
1785824700000,4104.2001953125,4105.5,4103.5,4104.60009765625,61
1785825000000,4105,4107.2001953125,4104.7998046875,4106,159
1785825300000,4105.7998046875,4106.2001953125,4104.60009765625,4104.60009765625,55
1785825600000,4104.7001953125,4109.89990234375,4102,4108.39990234375,634
1785825900000,4108.2001953125,4116.39990234375,4108.10009765625,4114.2998046875,1188
1785826200000,4113.7001953125,4114,4108.89990234375,4110.89990234375,239
1785826500000,4110.5,4111.89990234375,4108.89990234375,4109.7998046875,91
1785826800000,4109.39990234375,4111.5,4108.2998046875,4110.89990234375,194
1785827100000,4110.5,4111.39990234375,4108.10009765625,4111.10009765625,146
1785827400000,4110.7001953125,4114.89990234375,4109.7998046875,4112.60009765625,299
1785827700000,4112.7001953125,4113.60009765625,4111.7998046875,4111.7998046875,150
1785828000000,4111.60009765625,4115.2998046875,4111.39990234375,4114.5,162
1785828300000,4114.7001953125,4117.2001953125,4114.10009765625,4117.10009765625,232
1785828600000,4117.2001953125,4121.5,4116.10009765625,4118.7998046875,906
1785828900000,4118.60009765625,4120.7001953125,4117.60009765625,4120,309
1785829200000,4119.7998046875,4127.39990234375,4116.10009765625,4126.5,1146
1785829500000,4126.7998046875,4137.60009765625,4123.89990234375,4133.60009765625,2523
1785829800000,4133.5,4141.7998046875,4131.7001953125,4132.89990234375,1781
1785830100000,4133.2998046875,4133.2998046875,4126.2001953125,4132.10009765625,1234
1785830400000,4132.2998046875,4133.2001953125,4122.2001953125,4125.39990234375,1073
1785830700000,4125.10009765625,4127.10009765625,4119.10009765625,4120.5,879
1785831000000,4119.7998046875,4121.10009765625,4117.60009765625,4118.7001953125,617
1785831300000,4118.7998046875,4122.5,4117.60009765625,4122.39990234375,511
1785831600000,4122.39990234375,4125.60009765625,4122,4123.39990234375,822
1785831900000,4123.7998046875,4126.89990234375,4123.10009765625,4124.7998046875,479
1785832200000,4125,4133.5,4125,4133.2001953125,951
1785832500000,4133.2001953125,4140.7998046875,4132.5,4139.2998046875,1451
1785832800000,4139.10009765625,4141.5,4134.60009765625,4135.10009765625,1165
1785833100000,4135.2001953125,4136.10009765625,4132.5,4133,633
1785833400000,4133.10009765625,4134.7998046875,4130.2998046875,4130.7998046875,537
1785833700000,4130.89990234375,4132.7998046875,4126.39990234375,4127.7998046875,680
1785834000000,4128.10009765625,4128.7001953125,4119.5,4121,1209
1785834300000,4121.10009765625,4122.7001953125,4117.2001953125,4121.2001953125,1115
1785834600000,4121.2001953125,4123.2001953125,4118.7001953125,4120.7998046875,437
1785834900000,4120.39990234375,4122.2001953125,4119.39990234375,4120.2001953125,324
1785835200000,4120.2001953125,4147.89990234375,4120.2001953125,4138.39990234375,4432
1785835500000,4138.5,4138.89990234375,4134.2001953125,4135.39990234375,1224
1785835800000,4135.60009765625,4141.60009765625,4132.7998046875,4139.7998046875,2048
1785836100000,4140.2001953125,4145.89990234375,4139.7998046875,4145.2001953125,1541
1785836400000,4145.2001953125,4148.89990234375,4140.2998046875,4140.39990234375,1862
1785836700000,4140.5,4151,4138.60009765625,4149.7998046875,2114
1785837000000,4149.60009765625,4151.5,4143.60009765625,4143.7001953125,1103
1785837300000,4144.2001953125,4144.5,4140.39990234375,4140.7001953125,642
1785837600000,4140.7001953125,4147.89990234375,4140.2001953125,4145.2998046875,1192
1785837900000,4144.89990234375,4148.2001953125,4142.60009765625,4147.10009765625,589
1785838200000,4147,4148.7998046875,4145.2998046875,4147.2001953125,670
1785838500000,4147.39990234375,4149.2998046875,4139.2001953125,4140.2998046875,608
1785838800000,4140.60009765625,4141.7998046875,4137.2998046875,4138.60009765625,827
1785839100000,4138.5,4143.5,4138.2998046875,4140.39990234375,941
1785839400000,4140.60009765625,4143.7001953125,4134.10009765625,4134.60009765625,1725
1785839700000,4135,4141.7998046875,4131.2998046875,4136,1707
1785840000000,4135.60009765625,4138,4133.7001953125,4137,474
1785840300000,4136.5,4138.2998046875,4134.7998046875,4137.60009765625,942
1785840600000,4137.2001953125,4141.5,4137,4140.5,548
1785840900000,4140.7001953125,4141.89990234375,4138.7001953125,4140.39990234375,281
1785841200000,4140.5,4141.10009765625,4137.7998046875,4138.2998046875,383
1785841500000,4138.2001953125,4142.10009765625,4136.5,4142,301
1785841800000,4141.7998046875,4142.39990234375,4140,4140.60009765625,344
1785842100000,4141.10009765625,4141.2001953125,4132.60009765625,4133.39990234375,715
1785842400000,4133.39990234375,4134.60009765625,4131,4132.5,648
1785842700000,4132.7998046875,4135.10009765625,4131.7001953125,4135,364
1785843000000,4134.39990234375,4136.60009765625,4133.2998046875,4134.10009765625,313
1785843300000,4134.39990234375,4143.7001953125,4133,4140.39990234375,1261
1785843600000,4140.10009765625,4144.2998046875,4140.10009765625,4141.2001953125,521
1785843900000,4140.60009765625,4142.5,4139.7001953125,4139.89990234375,272
1785844200000,4140.2001953125,4144.89990234375,4140.2001953125,4144.2998046875,521
1785844500000,4144.2001953125,4145.7998046875,4142.7998046875,4144.2001953125,795
1785844800000,4144.39990234375,4145.7001953125,4142.7001953125,4143.2001953125,673
1785845100000,4143.39990234375,4144,4141.2998046875,4143.7998046875,405
1785845400000,4143.39990234375,4144.10009765625,4141.2001953125,4141.89990234375,589
1785845700000,4142,4142.7001953125,4139.7001953125,4140.2001953125,254
1785846000000,4140.7001953125,4145,4140.5,4144.10009765625,414
1785846300000,4144.10009765625,4147,4143.10009765625,4144.7001953125,551
1785846600000,4144.60009765625,4145.7998046875,4144,4145,513
1785846900000,4144.7001953125,4144.7001953125,4141.60009765625,4142.7001953125,234
1785847200000,4142.60009765625,4146.2998046875,4142.2001953125,4146,323
1785847500000,4145.89990234375,4150.7001953125,4145.60009765625,4149.7998046875,809
1785847800000,4149.7001953125,4150.7001953125,4148,4148,282
1785848100000,4147.7001953125,4150.60009765625,4147.2001953125,4150.39990234375,602
1785848400000,4150.2001953125,4160,4149.39990234375,4159.39990234375,1883
1785848700000,4159.39990234375,4163.7998046875,4157,4157.10009765625,1230
1785849000000,4157,4158.89990234375,4155.2998046875,4157.10009765625,773
1785849300000,4157.2998046875,4158.5,4154,4154.7001953125,413
1785849600000,4154.89990234375,4157.89990234375,4154.39990234375,4157.2998046875,351
1785849900000,4157,4157.7001953125,4151.10009765625,4151.89990234375,2155
1785850200000,4151.7998046875,4151.89990234375,4148.7998046875,4150.60009765625,626
1785850500000,4150.60009765625,4152.89990234375,4150.60009765625,4152,179
1785850800000,4152,4153.2998046875,4151.10009765625,4152.60009765625,177
1785851100000,4152.7001953125,4153.5,4150.60009765625,4150.7001953125,177
1785851400000,4150.7998046875,4151.2001953125,4146.2001953125,4146.2998046875,496
1785851700000,4146.7001953125,4148,4143,4143.10009765625,937
1785852000000,4142.7998046875,4145.39990234375,4141.7001953125,4143.7001953125,592
1785852300000,4143.7001953125,4145.7998046875,4143.7001953125,4144.5,178
1785852600000,4145,4145.39990234375,4143.39990234375,4145.2001953125,203
1785852900000,4145.10009765625,4145.7001953125,4142.7001953125,4143.5,130
1785853200000,4143.39990234375,4146,4142.89990234375,4143.7001953125,375
1785853500000,4143.7998046875,4144.60009765625,4141.2001953125,4141.39990234375,268
1785853800000,4141.60009765625,4142.7001953125,4139.5,4139.5,266
1785854100000,4139.7001953125,4140.39990234375,4135.10009765625,4135.7001953125,694
1785854400000,4135.89990234375,4137,4133.2001953125,4133.5,611
1785854700000,4133.5,4137.10009765625,4132.10009765625,4136.7001953125,492
1785855000000,4136.7001953125,4137.7001953125,4135.5,4136.39990234375,241
1785855300000,4136.7001953125,4138.10009765625,4136.2998046875,4136.7998046875,126
1785855600000,4136.60009765625,4138.89990234375,4135.7001953125,4137.39990234375,199
1785855900000,4137.2998046875,4141,4137,4141,258
1785856200000,4140.7998046875,4141.2998046875,4138.7001953125,4138.7001953125,794
1785856500000,4138.89990234375,4141.89990234375,4138.39990234375,4141.2998046875,320
1785856800000,4141.2001953125,4141.39990234375,4137.2998046875,4137.39990234375,314
1785857100000,4137.2001953125,4138.2001953125,4136,4137.2998046875,258
1785857400000,4137.2001953125,4137.89990234375,4136,4137.10009765625,132
1785857700000,4137.5,4138.10009765625,4136.89990234375,4137.7998046875,79
1785858000000,4137.7001953125,4139.60009765625,4137.7001953125,4138.2001953125,96
1785858300000,4138.2001953125,4139.10009765625,4136.39990234375,4137.2998046875,127
1785858600000,4137.39990234375,4137.60009765625,4133.89990234375,4134.2001953125,297
1785858900000,4134.2001953125,4136.39990234375,4133.2998046875,4135.2998046875,224
1785859200000,4135.60009765625,4136.2998046875,4135.10009765625,4135.60009765625,142
1785859500000,4135.60009765625,4137,4135.60009765625,4136.7001953125,54
1785859800000,4136.89990234375,4137.2998046875,4135.2001953125,4136.10009765625,166
1785860100000,4135.7998046875,4135.7998046875,4131.7998046875,4132.60009765625,136
1785860400000,4132.5,4132.7001953125,4131.39990234375,4131.89990234375,100
1785860700000,4131.89990234375,4133.39990234375,4131.60009765625,4132.2001953125,70
1785861000000,4132.10009765625,4133.89990234375,4132,4133.89990234375,56
1785861300000,4133.89990234375,4134.7001953125,4133.89990234375,4133.89990234375,46
1785861600000,4134.2001953125,4135.7001953125,4134.10009765625,4134.60009765625,64
1785861900000,4134.2998046875,4134.2998046875,4132.7001953125,4133.39990234375,57
1785862200000,4133.5,4135.2001953125,4133.2998046875,4133.7001953125,51
1785862500000,4133.60009765625,4134.89990234375,4133.2998046875,4134.2001953125,107
1785866400000,4133.7998046875,4135.5,4133,4135,0
1785866700000,4134.5,4135.2001953125,4133.10009765625,4133.2001953125,48
1785867000000,4133.60009765625,4134.10009765625,4132.7001953125,4133.39990234375,101
1785867300000,4133.2001953125,4134,4132.10009765625,4133.7998046875,321
1785867600000,4133.2998046875,4134.2001953125,4132.2001953125,4133.7998046875,229
1785867900000,4133.89990234375,4136.10009765625,4133.7998046875,4135.60009765625,298
1785868200000,4136,4137.2001953125,4135.2998046875,4137.2001953125,201
1785868500000,4137.2001953125,4140.89990234375,4136.7998046875,4140.7001953125,307
1785868800000,4140.5,4142.10009765625,4139.10009765625,4140.60009765625,425
1785869100000,4140.7998046875,4140.7998046875,4137.60009765625,4139.2998046875,378
1785869400000,4139.2998046875,4140.60009765625,4137.10009765625,4137.60009765625,234
1785869700000,4137.7001953125,4137.7001953125,4132.39990234375,4132.5,316
1785870000000,4132.7998046875,4134,4125.5,4127.2001953125,830
1785870300000,4126.7998046875,4128.60009765625,4126.2998046875,4128.60009765625,331
1785870600000,4128.89990234375,4130.60009765625,4126.2998046875,4130,362
1785870900000,4129.89990234375,4131.39990234375,4128.60009765625,4128.7998046875,231
1785871200000,4128.89990234375,4129,4123.5,4125.2998046875,335
1785871500000,4125.10009765625,4125.7001953125,4121.60009765625,4123.7001953125,410
1785871800000,4123.2001953125,4126.2001953125,4122.10009765625,4124.2998046875,214
1785872100000,4124.39990234375,4125.7001953125,4124,4125.5,77
1785872400000,4125.5,4126,4124.39990234375,4125.2998046875,42
1785872700000,4125.2001953125,4127.7001953125,4125.2001953125,4127.7001953125,155
1785873000000,4127.7998046875,4128.60009765625,4127.2998046875,4127.39990234375,150
1785873300000,4127.60009765625,4129.5,4127.60009765625,4128.7001953125,61
1785873600000,4128.60009765625,4130.10009765625,4126.2998046875,4129.39990234375,187
1785873900000,4129.60009765625,4130.10009765625,4128.2998046875,4128.2998046875,82
1785874200000,4128.5,4129,4127.39990234375,4127.89990234375,43
1785874500000,4127.7998046875,4131.60009765625,4127.39990234375,4131.10009765625,152
1785874800000,4131.39990234375,4133.5,4129.89990234375,4132.89990234375,124
1785875100000,4132.7001953125,4134.89990234375,4132.2998046875,4134.60009765625,139
1785875400000,4134.89990234375,4137.2001953125,4134.5,4136.10009765625,248
1785875700000,4136.2001953125,4139.10009765625,4136.2001953125,4136.60009765625,185
1785876000000,4137,4137.39990234375,4133.89990234375,4133.89990234375,149
1785876300000,4134.2001953125,4135.2998046875,4133.5,4134.7001953125,59
1785876600000,4134.89990234375,4139.2998046875,4134.89990234375,4139.2001953125,135
1785876900000,4139.2998046875,4139.2998046875,4137.39990234375,4138.2001953125,91
1785877200000,4138.5,4141.5,4133.39990234375,4136.39990234375,490
1785877500000,4136.10009765625,4138.7998046875,4135.5,4137.7001953125,119
1785877800000,4137.60009765625,4142.7001953125,4137.60009765625,4141.89990234375,411
1785878100000,4141.89990234375,4144.7001953125,4141,4143.60009765625,304
1785878400000,4143.39990234375,4144,4140.5,4140.7998046875,169
1785878700000,4140.7001953125,4141.10009765625,4138.2001953125,4139.7998046875,196
1785879000000,4140.5,4142.39990234375,4135.7001953125,4140.39990234375,243
1785879300000,4140.7998046875,4145.89990234375,4139.89990234375,4145.89990234375,192
1785879600000,4145.39990234375,4148.89990234375,4145.39990234375,4148.7001953125,269
1785879900000,4148.39990234375,4150.60009765625,4148.39990234375,4149.89990234375,263
1785880200000,4149.89990234375,4151.60009765625,4148.7001953125,4151.5,183
1785880500000,4151.7998046875,4158.5,4151.7998046875,4157.2001953125,502
1785880800000,4157.2001953125,4158.89990234375,4154,4154.7001953125,516
1785881100000,4154.39990234375,4154.7001953125,4152.2001953125,4153.5,226
1785881400000,4153.2998046875,4156.60009765625,4153.2001953125,4156.2001953125,326
1785881700000,4156.10009765625,4157.10009765625,4151.7998046875,4154.7001953125,497
1785882000000,4154.89990234375,4160.60009765625,4154.60009765625,4159,485
1785882300000,4159.2998046875,4165,4159,4160.10009765625,863
1785882600000,4160.5,4165.60009765625,4158.2001953125,4164.7998046875,631
1785882900000,4164.60009765625,4180.5,4164.5,4177.89990234375,2240
1785883200000,4177.5,4186.10009765625,4177.2001953125,4185.5,1464
1785883500000,4185.7001953125,4188.5,4183.39990234375,4187.7998046875,1299
1785883800000,4187.10009765625,4189.7001953125,4181.2001953125,4188.60009765625,1172
1785884100000,4188.10009765625,4192.60009765625,4186.2001953125,4186.2001953125,877
1785884400000,4186.5,4188,4184.2998046875,4186.2001953125,526
1785884700000,4186.2998046875,4192.7001953125,4185.2001953125,4190.10009765625,553
1785885000000,4190.2001953125,4193.5,4190.2001953125,4192.7998046875,405
1785885300000,4193.2998046875,4193.7998046875,4187.7001953125,4188.5,409
1785885600000,4188.39990234375,4190.10009765625,4187.7001953125,4189.2998046875,235
1785885900000,4188.5,4190.10009765625,4187.10009765625,4187.7001953125,344
1785886200000,4187.7998046875,4188.2998046875,4185,4185.7001953125,340
1785886500000,4185.89990234375,4186.7001953125,4185,4185.2998046875,230
1785886800000,4185.2001953125,4186.5,4185,4185.89990234375,195
1785887100000,4186.10009765625,4187.7998046875,4185,4185,269
1785887400000,4185,4186.39990234375,4185,4185.7998046875,118
1785887700000,4185.7998046875,4187.10009765625,4185,4186.60009765625,73
1785888000000,4186.10009765625,4193.7001953125,4186,4192.5,749
1785888300000,4192.7001953125,4198,4191.60009765625,4197.2001953125,776
1785888600000,4197,4199.5,4195.39990234375,4196.39990234375,755
1785888900000,4196.2998046875,4198.7001953125,4195.5,4198.2998046875,383
1785889200000,4198.60009765625,4198.7001953125,4196.2001953125,4196.7001953125,304
1785889500000,4196.7001953125,4197.7998046875,4195.7001953125,4196.5,309
1785889800000,4196.5,4196.5,4194.5,4195.7001953125,162
1785890100000,4195.2001953125,4195.5,4191,4192.5,542
1785890400000,4192.5,4194.2001953125,4192.2001953125,4192.39990234375,144
1785890700000,4192.2998046875,4193.5,4189.89990234375,4190.60009765625,391
1785891000000,4190.7998046875,4193.2001953125,4190.2998046875,4192.2998046875,415
1785891300000,4192.2001953125,4194,4191.5,4193.39990234375,240
1785891600000,4193.2998046875,4195.39990234375,4192.7001953125,4194.7001953125,264
1785891900000,4194.2998046875,4196.2001953125,4193.60009765625,4193.89990234375,351
1785892200000,4194.10009765625,4196.2001953125,4193.60009765625,4195.39990234375,179
1785892500000,4195.2998046875,4196.2998046875,4193.5,4195.39990234375,218
1785892800000,4195.2001953125,4200.39990234375,4195.10009765625,4199.60009765625,638
1785893100000,4199.39990234375,4199.7998046875,4196.5,4197.89990234375,393
1785893400000,4198,4204.60009765625,4197.89990234375,4201.7998046875,1258
1785893700000,4201.60009765625,4212.60009765625,4200.7998046875,4210.60009765625,2469
1785894000000,4210.7998046875,4219.7998046875,4208.2998046875,4218.2001953125,2484
1785894300000,4217.7001953125,4231.5,4217.39990234375,4224.7001953125,3913
1785894600000,4224.7001953125,4233,4224.7001953125,4227.10009765625,1360
1785894900000,4227.10009765625,4231.7001953125,4222.10009765625,4222.2001953125,1300
1785895200000,4222.39990234375,4227.2998046875,4220.2001953125,4222.39990234375,1250
1785895500000,4222.2998046875,4229.7001953125,4221,4229.60009765625,754
1785895800000,4229.60009765625,4234.2998046875,4228.89990234375,4233,939
1785896100000,4232.7998046875,4233.39990234375,4226.10009765625,4226.60009765625,766
1785896400000,4226.2998046875,4228.2001953125,4221.2001953125,4225.7001953125,962
1785896700000,4225.89990234375,4228.7001953125,4223.89990234375,4228.39990234375,818
1785897000000,4228.2998046875,4233.5,4226.7001953125,4232.7998046875,849
1785897300000,4232.89990234375,4237.7998046875,4232.7998046875,4234.7998046875,1145
1785897600000,4234.60009765625,4236.2001953125,4232,4234.89990234375,423
1785897900000,4235,4235.7001953125,4231.5,4234.7001953125,368
1785898200000,4234.7001953125,4235.60009765625,4231.89990234375,4234.5,762
1785898500000,4234.39990234375,4237.39990234375,4234.2001953125,4237.10009765625,799
1785898800000,4236.7001953125,4238.5,4228.89990234375,4229.7001953125,985
1785899100000,4229.5,4231.7001953125,4227.60009765625,4229.2998046875,617
1785899400000,4229.39990234375,4231,4225,4225.2998046875,733
1785899700000,4225.39990234375,4228.39990234375,4224.89990234375,4227.7998046875,559
1785900000000,4228.10009765625,4228.39990234375,4225.7001953125,4227.39990234375,357
1785900300000,4227.2998046875,4228,4221.7998046875,4223.2998046875,686
1785900600000,4223.5,4224.60009765625,4221.7998046875,4222.7001953125,452
1785900900000,4222.39990234375,4225.5,4220.89990234375,4224.2998046875,436
1785901200000,4224.2998046875,4225.89990234375,4223.60009765625,4225.5,306
1785901500000,4225.7001953125,4227.7998046875,4223.2998046875,4225,427
1785901800000,4225,4226.89990234375,4223.7998046875,4224.39990234375,310
1785902100000,4224.5,4231,4224.2998046875,4229.89990234375,540
1785902400000,4229.89990234375,4231.5,4227.89990234375,4229.60009765625,353
1785902700000,4229.2001953125,4229.5,4227.2998046875,4227.39990234375,77
1785903000000,4228,4228.2998046875,4223.2998046875,4224.2001953125,788
1785903300000,4224.7001953125,4226.89990234375,4224.2998046875,4225.2998046875,384
1785903600000,4225.39990234375,4225.39990234375,4221,4221.5,442
1785903900000,4221.5,4224.2998046875,4221.2001953125,4223.7998046875,422
1785904200000,4223.89990234375,4225.39990234375,4221.7998046875,4224.5,474
1785904500000,4224.2998046875,4225.2998046875,4223,4223.7998046875,382
1785904800000,4223.60009765625,4227.10009765625,4220.89990234375,4225.7001953125,971
1785905100000,4225.7001953125,4226.10009765625,4218.7001953125,4221.5,654
1785905400000,4222,4222,4219.89990234375,4220.89990234375,619
1785905700000,4221.39990234375,4221.7001953125,4218.39990234375,4219.7001953125,398
1785906000000,4220,4224.39990234375,4219.7998046875,4224,561
1785906300000,4224,4226.89990234375,4223.7001953125,4224,526
1785906600000,4224.2998046875,4225.2998046875,4221.89990234375,4222.7001953125,196
1785906900000,4222.39990234375,4222.39990234375,4218.39990234375,4219.5,503
1785907200000,4219.89990234375,4220.89990234375,4214.60009765625,4216.39990234375,853
1785907500000,4216.7998046875,4217.60009765625,4215.2001953125,4216.60009765625,332
1785907800000,4216.60009765625,4217.7998046875,4213,4216.2001953125,904
1785908100000,4215.89990234375,4218.7001953125,4213.7998046875,4217.10009765625,703
1785908400000,4216.7001953125,4217.5,4214.39990234375,4217.2998046875,242
1785908700000,4217.2001953125,4217.89990234375,4215.7998046875,4216.89990234375,325
1785909000000,4216.7998046875,4217.2001953125,4215.39990234375,4216.60009765625,438
1785909300000,4216.7998046875,4218.39990234375,4211.7998046875,4216.89990234375,676
1785909600000,4216.7998046875,4217,4210.7998046875,4211.2001953125,369
1785909900000,4211.39990234375,4212.7998046875,4211.2998046875,4212.39990234375,167
1785910200000,4212.10009765625,4212.2998046875,4209.2998046875,4210,349
1785910500000,4209.89990234375,4215,4209.10009765625,4214.89990234375,475
1785910800000,4214.89990234375,4217,4214.2001953125,4215.10009765625,573
1785911100000,4215,4217.2998046875,4214,4215.7998046875,304
1785911400000,4216.10009765625,4216.60009765625,4213.89990234375,4214.2998046875,359
1785911700000,4214,4215.10009765625,4212.7001953125,4214.2998046875,217
1785912000000,4214,4216.7998046875,4212.7998046875,4213.89990234375,237
1785912300000,4214.2001953125,4215.39990234375,4213,4214.60009765625,144
1785912600000,4214.2998046875,4215.7001953125,4213,4215.5,301
1785912900000,4215.2998046875,4220.7001953125,4215,4220.39990234375,809
1785913200000,4220.60009765625,4224,4219.7998046875,4223.2998046875,519
1785913500000,4223.10009765625,4225.89990234375,4222.2998046875,4225.89990234375,414
1785913800000,4226,4230.39990234375,4225.39990234375,4229.60009765625,833
1785914100000,4230.39990234375,4233.2998046875,4229.2001953125,4230.7001953125,515
1785914400000,4230.7001953125,4232.7998046875,4229.2001953125,4230,376
1785914700000,4229.7998046875,4240.39990234375,4228.7001953125,4235.5,2415
1785915000000,4235.60009765625,4241.2001953125,4233.39990234375,4240.2998046875,1673
1785915300000,4240.2998046875,4247.2998046875,4240.10009765625,4244.7998046875,2936
1785915600000,4244.89990234375,4248.7998046875,4242.2998046875,4244.60009765625,1603
1785915900000,4244.89990234375,4247.39990234375,4242.7998046875,4245.7001953125,682
1785916200000,4245.60009765625,4249,4245.2998046875,4248.5,680
1785916500000,4248.60009765625,4252.2001953125,4247.7001953125,4248.5,1143
1785916800000,4248.5,4255,4248.5,4254.5,1436
1785917100000,4254.2998046875,4259.10009765625,4253.39990234375,4257.5,1911
1785917400000,4257.89990234375,4259.7001953125,4257,4258.2998046875,1468
1785917700000,4258.39990234375,4268.7001953125,4258.39990234375,4265,2352
1785918000000,4265.2998046875,4273.60009765625,4264.89990234375,4271.10009765625,2393
1785918300000,4271.2001953125,4271.7998046875,4264.7001953125,4265.10009765625,1455
1785918600000,4265.2998046875,4268.89990234375,4257.5,4259.5,1786
1785918900000,4259.7998046875,4264.2001953125,4258.39990234375,4260.5,1093
1785919200000,4260.60009765625,4260.7001953125,4253,4254.60009765625,1191
1785919500000,4255,4255.7001953125,4251.2001953125,4254,947
1785919800000,4253.7998046875,4253.89990234375,4246.7001953125,4247.5,1108
1785920100000,4247.60009765625,4248.7998046875,4243.10009765625,4244.10009765625,890
1785920400000,4243.89990234375,4255.89990234375,4243.7998046875,4254.39990234375,1336
1785920700000,4254.2998046875,4257.2001953125,4251.39990234375,4254.2001953125,2183
1785921000000,4254,4255.39990234375,4246.7001953125,4247.60009765625,1506
1785921300000,4247.7998046875,4250.7998046875,4245.2998046875,4250.39990234375,830
1785921600000,4250.2998046875,4257.7998046875,4249.7998046875,4254.7001953125,1705
1785921900000,4254.89990234375,4258.2998046875,4253.39990234375,4257.39990234375,613
1785922200000,4257.39990234375,4264.2001953125,4254.60009765625,4262.2998046875,2129
1785922500000,4262.2001953125,4264.7998046875,4252.7998046875,4260.89990234375,2093
1785922800000,4260.7998046875,4264,4257.39990234375,4257.60009765625,921
1785923100000,4257.89990234375,4259.60009765625,4250.39990234375,4252.89990234375,995
1785923400000,4253.2998046875,4260.7001953125,4248.7001953125,4260.2998046875,1478
1785923700000,4260.60009765625,4266.7001953125,4259.89990234375,4265.7998046875,1155
1785924000000,4265.10009765625,4270.60009765625,4263.10009765625,4270.2998046875,2109
1785924300000,4270.39990234375,4288.39990234375,4270.2001953125,4287.2998046875,4157
1785924600000,4287.5,4295,4285.60009765625,4289.60009765625,2763
1785924900000,4289.7998046875,4298.89990234375,4286.60009765625,4296.5,1818
1785925200000,4296.2998046875,4298.5,4290.39990234375,4291.5,1248
1785925500000,4291.7998046875,4300.60009765625,4291.7998046875,4297.10009765625,1863
1785925800000,4296.7001953125,4302.2998046875,4289.2998046875,4290.7001953125,2462
1785926100000,4290.60009765625,4294.2001953125,4288.7001953125,4291.7001953125,1423
1785926400000,4291.89990234375,4303.5,4289.89990234375,4303.39990234375,1541
1785926700000,4303.39990234375,4307.7998046875,4301.10009765625,4307.2998046875,1500
1785927000000,4307.5,4307.60009765625,4293.2001953125,4297.89990234375,2099
1785927300000,4298.2001953125,4305.7998046875,4296.2001953125,4304.2998046875,1103
1785927600000,4303.89990234375,4320,4302.39990234375,4315.60009765625,3006
1785927900000,4315.7998046875,4319.7998046875,4311.89990234375,4316.5,1837
1785928200000,4316.2998046875,4321.5,4315.7001953125,4318.2001953125,1453
1785928500000,4318,4318.7998046875,4310.2998046875,4317.7998046875,1805
1785928800000,4317.5,4322.60009765625,4316.5,4320.2001953125,1231
1785929100000,4320.5,4325.5,4317.2998046875,4317.7001953125,1357
1785929400000,4317.5,4319.39990234375,4314.60009765625,4315.39990234375,676
1785929700000,4315.2001953125,4319.89990234375,4314.10009765625,4317.5,815
1785930000000,4317.7001953125,4317.7001953125,4312.39990234375,4316,726
1785930300000,4315.7001953125,4315.7001953125,4309.2998046875,4310,1321
1785930600000,4309.89990234375,4310.39990234375,4301.2001953125,4303.5,2083
1785930900000,4303.5,4303.7001953125,4292.7001953125,4293,2495
1785931200000,4293.60009765625,4295.2001953125,4285.7001953125,4286.2001953125,2118
1785931500000,4286.2998046875,4296.10009765625,4285,4295.7001953125,1493
1785931800000,4295.60009765625,4296.5,4292.10009765625,4294.60009765625,627
1785932100000,4294.60009765625,4297.39990234375,4292.89990234375,4294,749
1785932400000,4294.2001953125,4301.2001953125,4293.89990234375,4299.2001953125,956
1785932700000,4299.10009765625,4302.60009765625,4299.10009765625,4301.60009765625,713
1785933000000,4301.89990234375,4304.10009765625,4299.2998046875,4301.60009765625,899
1785933300000,4301.60009765625,4306,4300.7998046875,4304,527
1785933600000,4304.2998046875,4307.39990234375,4303.39990234375,4304.89990234375,555
1785933900000,4305.2001953125,4305.7001953125,4301.2998046875,4302.7998046875,718
1785934200000,4303,4308.10009765625,4302.7998046875,4305.10009765625,592
1785934500000,4304.89990234375,4304.89990234375,4298.60009765625,4302.7998046875,899
1785934800000,4302.89990234375,4303.60009765625,4299.7001953125,4303.60009765625,663
1785935100000,4303.89990234375,4304.89990234375,4300.89990234375,4302,1009
1785935400000,4301.7998046875,4304.2998046875,4301.5,4302.39990234375,650
1785935700000,4302.2998046875,4302.2998046875,4298.2001953125,4299,869
1785936000000,4298.7998046875,4300.7001953125,4296.2001953125,4300.5,754
1785936300000,4300.5,4307,4297.60009765625,4305,2461
1785936600000,4304.89990234375,4308.5,4301.10009765625,4308.2998046875,791
1785936900000,4308.2998046875,4310.89990234375,4306.2001953125,4310.39990234375,527
1785937200000,4310.2001953125,4311.5,4308,4308.5,302
1785937500000,4308.7001953125,4311.5,4307.89990234375,4309.39990234375,636
1785937800000,4309.60009765625,4311.10009765625,4309.10009765625,4309.89990234375,370
1785938100000,4310,4313,4310,4311,561
1785938400000,4310.7001953125,4315,4309.60009765625,4313.7998046875,535
1785938700000,4313.7001953125,4318.39990234375,4313.39990234375,4316.2998046875,782
1785939000000,4316.5,4318.2001953125,4314,4314,463
1785939300000,4313.7998046875,4317.7998046875,4313.7001953125,4317.7998046875,382
1785939600000,4317.2001953125,4328.2001953125,4317.2001953125,4323.7998046875,1748
1785939900000,4323.60009765625,4325.5,4322.10009765625,4323.7998046875,342
1785940200000,4323.2001953125,4324.5,4314.60009765625,4315.2998046875,664
1785940500000,4315.60009765625,4318.7998046875,4315.5,4317.7998046875,303
1785940800000,4317.7998046875,4320.7998046875,4317.7998046875,4319.5,615
1785941100000,4319.7001953125,4321.7998046875,4318.2998046875,4319.2001953125,282
1785941400000,4319.2001953125,4323.10009765625,4318.7001953125,4322.60009765625,333
1785941700000,4322,4324,4320.89990234375,4321.2001953125,222
1785942000000,4321,4322.60009765625,4319.7001953125,4322.5,227
1785942300000,4322.7001953125,4322.7001953125,4317.89990234375,4318.7001953125,223
1785942600000,4318.39990234375,4319.60009765625,4316.60009765625,4318.89990234375,303
1785942900000,4318.7998046875,4318.7998046875,4311.2001953125,4312.60009765625,777
1785943200000,4312.7998046875,4316.5,4311.2001953125,4316.39990234375,332
1785943500000,4316.10009765625,4316.60009765625,4313.39990234375,4314,211
1785943800000,4313.7001953125,4314.89990234375,4310.10009765625,4310.10009765625,481
1785944100000,4310.2998046875,4311.7001953125,4308.7998046875,4310.7001953125,278
1785944400000,4311,4314.39990234375,4311,4313.7001953125,370
1785944700000,4313.2998046875,4313.89990234375,4308.60009765625,4309.2001953125,426
1785945000000,4309.5,4310.2001953125,4308,4309.5,307
1785945300000,4309.39990234375,4309.89990234375,4307,4307.60009765625,730
1785945600000,4307.89990234375,4310.2001953125,4307.39990234375,4309.2998046875,205
1785945900000,4308.89990234375,4309.39990234375,4307.7998046875,4308.39990234375,207
1785946200000,4308.7998046875,4310.39990234375,4308.2998046875,4310.10009765625,52
1785946500000,4310.10009765625,4310.39990234375,4306.5,4307.10009765625,137
1785946800000,4306.7001953125,4308,4306.2001953125,4307.7998046875,90
1785947100000,4307.7001953125,4307.7001953125,4306.2998046875,4306.60009765625,90
1785947400000,4306.7998046875,4310.2998046875,4306.7001953125,4310.2001953125,184
1785947700000,4310.10009765625,4310.10009765625,4307.39990234375,4307.39990234375,96
1785948000000,4307.2998046875,4308.2001953125,4305.7998046875,4306.2998046875,48
1785948300000,4306.2001953125,4306.5,4303.5,4305.10009765625,195
1785948600000,4304.7998046875,4306.5,4304.5,4305,103
1785948900000,4305,4308.2001953125,4303.7001953125,4308,351
1785952800000,4307,4315.2001953125,4304.89990234375,4308.7001953125,0
1785953100000,4308.2001953125,4309.2998046875,4305.5,4306.2998046875,194
1785953400000,4306.7001953125,4308.2998046875,4306.2998046875,4307,93
1785953700000,4307.89990234375,4308.2001953125,4306.89990234375,4307.39990234375,89
1785954000000,4307.60009765625,4308.7001953125,4306.7998046875,4308.10009765625,120
1785954300000,4307.7998046875,4308.2998046875,4307,4308.2001953125,88
1785954600000,4307.60009765625,4309.5,4307.2001953125,4309.10009765625,98
1785954900000,4309.2001953125,4310.2001953125,4308.5,4308.7001953125,115
1785955200000,4308.89990234375,4309.60009765625,4307.2001953125,4307.2001953125,125
1785955500000,4307.5,4308.5,4307,4308,93
1785955800000,4308.2001953125,4308.60009765625,4307.2998046875,4307.39990234375,69
1785956100000,4307.60009765625,4309.5,4307.10009765625,4309.5,90
1785956400000,4309.39990234375,4312.2001953125,4308.2998046875,4311.7001953125,176
1785956700000,4312,4313.89990234375,4310.7998046875,4311.2998046875,152
1785957000000,4311.2998046875,4317.5,4311.2998046875,4315,394
1785957300000,4315.39990234375,4320.39990234375,4315.39990234375,4318.7998046875,352
1785957600000,4318.39990234375,4322,4316.7998046875,4321.2001953125,269
1785957900000,4321,4323.2001953125,4319.7001953125,4322.2001953125,187
1785958200000,4322.5,4324.5,4319.7998046875,4324.2001953125,302
1785958500000,4324.10009765625,4339.10009765625,4324.10009765625,4336.89990234375,1557
1785958800000,4337.2998046875,4341.10009765625,4335.10009765625,4339.60009765625,601
1785959100000,4339.7998046875,4339.7998046875,4331,4334,605
1785959400000,4334,4336.7998046875,4331.7001953125,4335.39990234375,283
1785959700000,4335,4339,4333.60009765625,4337.2998046875,302
1785960000000,4337.2001953125,4337.2001953125,4324.10009765625,4327.89990234375,739
1785960300000,4328.2998046875,4336.7001953125,4325.2998046875,4331,650
1785960600000,4330.7998046875,4332.39990234375,4323.5,4329.5,761
1785960900000,4330.39990234375,4336.10009765625,4330.2998046875,4333.89990234375,431
1785961200000,4335.10009765625,4343.2998046875,4333.39990234375,4342,877
1785961500000,4341.7998046875,4344.2001953125,4331.7001953125,4334,839
1785961800000,4333.60009765625,4346.5,4333.60009765625,4345.5,849
1785962100000,4345.60009765625,4350.2998046875,4342.2001953125,4344.89990234375,862
1785962400000,4345.5,4349.10009765625,4343.60009765625,4345.39990234375,552
1785962700000,4345.89990234375,4354.7001953125,4345.89990234375,4347.2001953125,1113
1785963000000,4347.2998046875,4356.2001953125,4345.7001953125,4356,822
1785963300000,4356.2998046875,4360,4353.5,4354.7001953125,929
1785963600000,4354.60009765625,4362.7001953125,4351,4352.89990234375,1673
1785963900000,4352.60009765625,4358.2001953125,4346.2001953125,4357.2998046875,1164
1785964200000,4356.10009765625,4358.39990234375,4339.2998046875,4343.60009765625,1442
1785964500000,4344,4347.5,4342.60009765625,4343.2001953125,641
1785964800000,4343.10009765625,4344.39990234375,4332.5,4342.5,1600
1785965100000,4342.60009765625,4345.7998046875,4333.2001953125,4335.7998046875,1069
1785965400000,4335.5,4346.2001953125,4335.2998046875,4343.39990234375,882
1785965700000,4344,4357.10009765625,4341.2001953125,4352.60009765625,1308
1785966000000,4351.7001953125,4352.39990234375,4347.89990234375,4347.89990234375,697
1785966300000,4348.2001953125,4355.7998046875,4343.2998046875,4353.89990234375,1064
1785966600000,4353.7001953125,4357.7998046875,4348,4348.2001953125,885
1785966900000,4348.2001953125,4349.60009765625,4345.2001953125,4346.89990234375,459
1785967200000,4346.7001953125,4357,4344,4356.2001953125,619
1785967500000,4357,4363.7001953125,4357,4360.7998046875,1418
1785967800000,4360.7001953125,4362.2998046875,4351.89990234375,4354.5,718
1785968100000,4354.7998046875,4359.2001953125,4351.7998046875,4353.5,338
1785968400000,4353.39990234375,4354.10009765625,4351.60009765625,4352.60009765625,216
1785968700000,4352.7001953125,4354.2001953125,4350.7998046875,4351.10009765625,272
1785969000000,4350.89990234375,4351.5,4341.5,4345.2001953125,867
1785969300000,4345.2998046875,4347.39990234375,4343.39990234375,4344.5,236
1785969600000,4344.7001953125,4344.89990234375,4339.7998046875,4344.7001953125,412
1785969900000,4344.39990234375,4346.10009765625,4334,4335.7001953125,607
1785970200000,4336.2998046875,4339.7001953125,4335.2001953125,4337.39990234375,334
1785970500000,4336.7998046875,4339,4335.89990234375,4337.7998046875,239
1785970800000,4337.2001953125,4337.2001953125,4334.2001953125,4334.7998046875,320
1785971100000,4334.89990234375,4340,4334.89990234375,4338.10009765625,379
1785971400000,4337.89990234375,4339.5,4332.89990234375,4332.89990234375,331
1785971700000,4332.7998046875,4333.2001953125,4323.60009765625,4326.2998046875,1005
1785972000000,4326.60009765625,4326.7001953125,4322.7998046875,4323.60009765625,330
1785972300000,4323.2001953125,4325.5,4320.2001953125,4325.5,822
1785972600000,4325.2001953125,4326,4322.60009765625,4326,223
1785972900000,4325.7998046875,4326.5,4322.60009765625,4323,301
1785973200000,4323.60009765625,4323.89990234375,4321,4321.89990234375,165
1785973500000,4322.39990234375,4323,4319.60009765625,4322.5,228
1785973800000,4322.2998046875,4323.2998046875,4320.5,4322.5,173
1785974100000,4322.39990234375,4324.89990234375,4321.89990234375,4324.89990234375,115
1785974400000,4324.5,4325.7998046875,4321.10009765625,4324.2001953125,430
1785974700000,4324.5,4326.10009765625,4322,4324.7001953125,327
1785975000000,4324.7001953125,4325.89990234375,4321.5,4322.2001953125,211
1785975300000,4322.5,4322.89990234375,4320.5,4320.7001953125,135
1785975600000,4320.5,4322.2001953125,4319.7998046875,4319.7998046875,210
1785975900000,4319.7998046875,4321.2998046875,4312.2001953125,4315,638
1785976200000,4315.10009765625,4318.60009765625,4315.10009765625,4318,233
1785976500000,4317.7001953125,4320.2998046875,4316.7001953125,4319.10009765625,185
1785976800000,4319.10009765625,4320.7998046875,4317.10009765625,4318.2998046875,153
1785977100000,4318,4319.89990234375,4318,4319.2998046875,117
1785977400000,4319.5,4322.10009765625,4318,4321.39990234375,286
1785977700000,4321,4321.89990234375,4320,4321.39990234375,92
1785978000000,4321.2998046875,4324.5,4318.60009765625,4319.89990234375,273
1785978300000,4319.7998046875,4320.10009765625,4318,4319.2001953125,247
1785978600000,4318.89990234375,4319.7001953125,4315.7998046875,4319.10009765625,290
1785978900000,4318.7001953125,4318.7998046875,4314.89990234375,4315.60009765625,231
1785979200000,4315.60009765625,4316.2998046875,4312.89990234375,4314.10009765625,252
1785979500000,4313.7998046875,4314.60009765625,4312.10009765625,4312.89990234375,124
1785979800000,4312.7001953125,4317,4306.2001953125,4316.7001953125,938
1785980100000,4316.39990234375,4321.39990234375,4316,4321,468
1785980400000,4321.2998046875,4325.10009765625,4320.39990234375,4322.7998046875,532
1785980700000,4322.10009765625,4325.5,4321.2998046875,4321.7001953125,306
1785981000000,4321.7001953125,4327.5,4321.2001953125,4325.60009765625,453
1785981300000,4325.7998046875,4326.5,4323.10009765625,4326,235
1785981600000,4325.7998046875,4327.5,4324,4326.2001953125,476
1785981900000,4325.89990234375,4327,4320.60009765625,4321.89990234375,411
1785982200000,4321.5,4321.60009765625,4315.7001953125,4319.2998046875,580
1785982500000,4319.60009765625,4320.10009765625,4313.39990234375,4318.7998046875,475
1785982800000,4319,4319,4314.2001953125,4316.39990234375,447
1785983100000,4316.2001953125,4317,4314.5,4316.2998046875,320
1785983400000,4316.39990234375,4316.7001953125,4313,4313.2998046875,289
1785983700000,4313.7998046875,4314.39990234375,4311.7998046875,4312.10009765625,220
1785984000000,4312.2001953125,4315.39990234375,4308.2001953125,4315.39990234375,427
1785984300000,4315.10009765625,4317,4312.7001953125,4313.7001953125,352
1785984600000,4313.60009765625,4314.7001953125,4309.60009765625,4310.89990234375,368
1785984900000,4310.89990234375,4315.2001953125,4310.7001953125,4314.7001953125,241
1785985200000,4314.7001953125,4315.5,4311.89990234375,4314.89990234375,356
1785985500000,4315.10009765625,4318.89990234375,4314.7001953125,4318.2998046875,260
1785985800000,4318.2998046875,4322.5,4318.2001953125,4322,437
1785986100000,4321.89990234375,4324,4319.89990234375,4322.89990234375,491
1785986400000,4323,4323.60009765625,4317,4320.7001953125,531
1785986700000,4320.7998046875,4322.7998046875,4320.10009765625,4321,145
1785987600000,4316.2998046875,4317.10009765625,4313.7998046875,4314,661
1785987900000,4314.10009765625,4316.60009765625,4312.10009765625,4313.60009765625,360
1785988200000,4313.39990234375,4318.89990234375,4311.7001953125,4318.89990234375,411
1785988500000,4318.5,4322.10009765625,4317.7001953125,4321.7001953125,462
1785988800000,4322,4325,4319.39990234375,4320.2998046875,448
1785989100000,4320.60009765625,4324,4319.5,4323.7001953125,210
1785989400000,4323.7998046875,4328.7001953125,4323.7998046875,4328.10009765625,527
1785989700000,4327.7998046875,4329.7001953125,4327,4328.2001953125,409
1785990300000,4325,4328.60009765625,4325,4327.2998046875,942
1785990600000,4327.2001953125,4333.7001953125,4325.7998046875,4332.7998046875,694
1785990900000,4332.60009765625,4334,4329.89990234375,4330.2001953125,367
1785991200000,4330.2001953125,4332.89990234375,4329.2998046875,4332,297
1785991500000,4332.10009765625,4334.2001953125,4329.39990234375,4332.39990234375,314
1785991800000,4332.2001953125,4336.39990234375,4331.2001953125,4333.89990234375,317
1785992100000,4333.5,4337.7001953125,4332.89990234375,4337.10009765625,310
1785992400000,4337.2001953125,4342.39990234375,4336.10009765625,4339.10009765625,635
1785992700000,4339.2998046875,4339.39990234375,4334.7001953125,4335.2998046875,653
1785993000000,4335.5,4338.39990234375,4335.5,4338.39990234375,369
1785993300000,4339,4342.39990234375,4338.7001953125,4341.5,485
1785993600000,4341.60009765625,4344.2001953125,4339.7001953125,4342.7998046875,220
1785993900000,4342.10009765625,4342.39990234375,4337.60009765625,4341.89990234375,312
1785994200000,4342.2998046875,4343.39990234375,4337,4338.10009765625,753
1785994500000,4338.2001953125,4338.7998046875,4335.5,4338.39990234375,377
1785994800000,4338.39990234375,4338.60009765625,4331.39990234375,4331.39990234375,476
1785995100000,4331.39990234375,4335.39990234375,4331.39990234375,4335.2998046875,220
1785995400000,4335.2998046875,4335.2998046875,4330.39990234375,4331.39990234375,221
1785995700000,4331,4333,4330.7001953125,4332.60009765625,216
1785996000000,4332.60009765625,4333.10009765625,4330,4331,136
1785996300000,4330.5,4331.10009765625,4328.7998046875,4330,233
1785996600000,4330.2001953125,4330.2998046875,4328.10009765625,4329,338
1785996900000,4328.7001953125,4329,4326.60009765625,4328.2001953125,373
1785997200000,4328.5,4330.39990234375,4327.2001953125,4330.10009765625,185
1785997500000,4330.2001953125,4330.2001953125,4327.5,4328.39990234375,186
1785997800000,4328.89990234375,4329.2001953125,4326,4327.60009765625,408
1785998100000,4327.39990234375,4328.39990234375,4326.7001953125,4327.89990234375,162
1785998400000,4328.2001953125,4328.89990234375,4322.7998046875,4324.5,441
1785998700000,4324.5,4329.60009765625,4324,4329.2998046875,162
1785999000000,4329.60009765625,4330.89990234375,4328.2998046875,4329.89990234375,250
1785999300000,4329.89990234375,4330.7001953125,4328.39990234375,4330,152
1785999600000,4330,4332.5,4326.60009765625,4327.60009765625,318
1785999900000,4327.7998046875,4329,4325.39990234375,4326.10009765625,245
1786000200000,4326.39990234375,4328.5,4326,4328.5,251
1786000500000,4328.2998046875,4330.7001953125,4323.10009765625,4324.7998046875,368
1786000800000,4325,4325.60009765625,4318.5,4320.7001953125,686
1786001100000,4320.5,4323.39990234375,4320,4323.39990234375,434
1786001400000,4323.39990234375,4326.10009765625,4322.39990234375,4323.89990234375,422
1786001700000,4323.89990234375,4326,4320.2998046875,4320.7998046875,371
1786002000000,4320.89990234375,4321.7001953125,4318.39990234375,4319.10009765625,399
1786002300000,4319.2001953125,4319.5,4314,4315.2998046875,807
1786002600000,4315.2998046875,4317.5,4312.7001953125,4315.10009765625,1066
1786002900000,4315.2001953125,4323,4313.89990234375,4322.60009765625,679
1786003200000,4322.2001953125,4324.7001953125,4319.5,4322.7001953125,640
1786003500000,4322.60009765625,4322.60009765625,4315.60009765625,4316.39990234375,496
1786003800000,4316.2001953125,4317.7998046875,4314.39990234375,4314.89990234375,357
1786004100000,4315,4315.7998046875,4311.7001953125,4315.7998046875,557
1786004400000,4315.7998046875,4321.7001953125,4314.7001953125,4319.7998046875,822
1786004700000,4319.7001953125,4320.5,4315.39990234375,4320.5,414
1786005000000,4320.7998046875,4329.2001953125,4316.7001953125,4326.5,1591
1786005300000,4326.7001953125,4330.10009765625,4325.89990234375,4329.2998046875,988
1786005600000,4329,4329.60009765625,4325.2998046875,4326,389
1786005900000,4326.2001953125,4326.60009765625,4313.39990234375,4314.60009765625,1083
1786006200000,4314.5,4315.5,4309.5,4309.7001953125,1548
1786006500000,4310.10009765625,4313.60009765625,4307,4308.60009765625,1665
1786006800000,4308.5,4314.2001953125,4308.2001953125,4311,1277
1786007100000,4310.89990234375,4311.39990234375,4288.7998046875,4290,3565
1786007400000,4290,4297.7001953125,4288.39990234375,4296.7001953125,2523
1786007700000,4296.5,4302.89990234375,4294,4302.39990234375,1164
1786008000000,4302.2998046875,4306.39990234375,4299.2998046875,4300.89990234375,1232
1786008300000,4301,4306.2998046875,4297.2001953125,4305.89990234375,786
1786008600000,4305.7998046875,4311.2001953125,4304.2998046875,4309.2001953125,1939
1786008900000,4309,4323.7998046875,4308.60009765625,4317.2001953125,2846
1786009200000,4317.39990234375,4332.89990234375,4316.89990234375,4328.89990234375,2376
1786009500000,4329.10009765625,4329.10009765625,4321,4322.39990234375,2058
1786009800000,4322.7001953125,4326.7001953125,4320.7998046875,4325.2001953125,912
1786010100000,4325.2001953125,4328.5,4324.2998046875,4325.89990234375,642
1786010400000,4326.10009765625,4330.39990234375,4323.7998046875,4325.89990234375,1334
1786010700000,4326.2998046875,4330.5,4323.2001953125,4323.7998046875,1120
1786011000000,4324.60009765625,4334.7001953125,4324,4327.2998046875,2044
1786011300000,4327.60009765625,4327.89990234375,4319.60009765625,4324.7998046875,1496
1786011600000,4324.89990234375,4326.5,4320.10009765625,4320.60009765625,618
1786011900000,4321.2001953125,4328.10009765625,4318.89990234375,4324.7998046875,1516
1786012200000,4324.7001953125,4333.7001953125,4324.7001953125,4331.2998046875,1111
1786012500000,4331.2998046875,4334,4328.89990234375,4329.7998046875,559
1786012800000,4329.39990234375,4334.10009765625,4329,4333.10009765625,446
1786013100000,4332.60009765625,4334.60009765625,4324.2001953125,4324.5,784
1786013400000,4324.39990234375,4330.5,4321.7998046875,4330,583
1786013700000,4330.2001953125,4332.39990234375,4326.39990234375,4332.2001953125,533
1786014000000,4332.2001953125,4333.60009765625,4327.89990234375,4329.5,1799
1786014300000,4329.39990234375,4330.60009765625,4324,4325.2998046875,1167
1786014600000,4325.5,4327.2001953125,4320.5,4322.7001953125,882
1786014900000,4322.5,4322.7998046875,4314.7998046875,4315.5,1566
1786015200000,4315.7998046875,4317.5,4309.2998046875,4313.60009765625,1403
1786015500000,4313.89990234375,4318.39990234375,4311.89990234375,4313.39990234375,1100
1786015800000,4313.7001953125,4314.2001953125,4307.2998046875,4307.39990234375,525
1786016100000,4307.39990234375,4311.2001953125,4303.89990234375,4310.39990234375,1511
1786016400000,4310.2998046875,4311.60009765625,4306.5,4309.89990234375,725
1786016700000,4309.7998046875,4310.10009765625,4306.2001953125,4306.39990234375,635
1786017000000,4306,4308.2998046875,4292.39990234375,4293.2001953125,1953
1786017300000,4292.89990234375,4295.89990234375,4285.2001953125,4291.5,2498
1786017600000,4291.7998046875,4296.10009765625,4290.2998046875,4295.2998046875,1525
1786017900000,4295.10009765625,4300.7998046875,4293.89990234375,4299,1171
1786018200000,4299.10009765625,4299.7998046875,4288.2998046875,4290.60009765625,794
1786018500000,4290.39990234375,4290.7001953125,4282.2998046875,4285,1993
1786018800000,4285.10009765625,4286,4281.2001953125,4282.39990234375,1099
1786019100000,4282.5,4288.7998046875,4281.2001953125,4288.2001953125,1025
1786019400000,4288.2998046875,4291.7001953125,4288.10009765625,4290.2998046875,950
1786019700000,4290.7001953125,4294,4289.89990234375,4293.10009765625,617
1786020000000,4293.2001953125,4293.39990234375,4290.2001953125,4291.5,441
1786020300000,4291.2998046875,4294.39990234375,4289.89990234375,4294.39990234375,489
1786020600000,4294.60009765625,4295.7001953125,4293.2001953125,4295,700
1786020900000,4295.10009765625,4300.60009765625,4295,4299.39990234375,769
1786021200000,4299.60009765625,4301.2998046875,4297.60009765625,4299.5,623
1786021500000,4299.7001953125,4301.60009765625,4298.7998046875,4301.39990234375,341
1786021800000,4301,4303,4299.2001953125,4299.2001953125,379
1786022100000,4299.2001953125,4300.2001953125,4297.5,4299.7998046875,331
1786022400000,4300.2001953125,4301,4297.10009765625,4298.10009765625,481
1786022700000,4298.60009765625,4301.2998046875,4297.7001953125,4300.5,1387
1786023000000,4300.2001953125,4300.60009765625,4297.5,4298.7998046875,326
1786023300000,4299.10009765625,4302.2998046875,4297.10009765625,4300.7001953125,501
1786023600000,4300.7998046875,4301.89990234375,4299.7998046875,4300.5,151
1786023900000,4300.2998046875,4301.39990234375,4299.10009765625,4300.60009765625,194
1786024200000,4300.7001953125,4307,4300.7001953125,4305.5,675
1786024500000,4305.5,4307,4304.2001953125,4305.7998046875,464
1786024800000,4305.89990234375,4306.10009765625,4302.60009765625,4304.2001953125,220
1786025100000,4304.2998046875,4307.60009765625,4304.2998046875,4306.89990234375,285
1786025400000,4306.89990234375,4307.2001953125,4304.39990234375,4304.7998046875,135
1786025700000,4305.39990234375,4307.39990234375,4304.39990234375,4306,177
1786026000000,4306.2998046875,4308,4305,4305.89990234375,156
1786026300000,4306.10009765625,4306.60009765625,4304.7001953125,4305.10009765625,148
1786026600000,4305,4306,4301.60009765625,4302.39990234375,229
1786026900000,4302.5,4303.2998046875,4300.89990234375,4301.89990234375,277
1786027200000,4301.7998046875,4302.39990234375,4299.2001953125,4300.2001953125,201
1786027500000,4300.2998046875,4303.60009765625,4300.2001953125,4303.5,131
1786027800000,4303.2001953125,4304.2998046875,4299.7998046875,4300,161
1786028100000,4300.2998046875,4302.2001953125,4299.5,4302.2001953125,86
1786028400000,4302.10009765625,4307.5,4301.7998046875,4306.89990234375,370
1786028700000,4306.5,4307.5,4305.5,4307.2998046875,226
1786029000000,4307.60009765625,4309.7998046875,4305.7998046875,4305.89990234375,257
1786029300000,4306.10009765625,4307.10009765625,4303.89990234375,4304,237
1786029600000,4304.2998046875,4305.89990234375,4298.60009765625,4299.10009765625,403
1786029900000,4299.10009765625,4300.89990234375,4294.2001953125,4296.5,840
1786030200000,4296.60009765625,4297.39990234375,4294.60009765625,4297.39990234375,248
1786030500000,4297.2001953125,4298.60009765625,4295.10009765625,4296,270
1786030800000,4295.7998046875,4296,4292,4293.5,311
1786031100000,4293.89990234375,4298.10009765625,4293.89990234375,4296.89990234375,299
1786031400000,4296.7001953125,4309.2998046875,4296.60009765625,4306.10009765625,975
1786031700000,4305.39990234375,4308.2001953125,4302.39990234375,4307.7998046875,694
1786032000000,4307.7001953125,4309.10009765625,4304.7998046875,4305.7998046875,259
1786032300000,4306.2998046875,4306.2998046875,4304.10009765625,4304.89990234375,75
1786032600000,4304.7001953125,4306,4301.7001953125,4303.5,275
1786032900000,4303.7998046875,4304.39990234375,4302.60009765625,4303.10009765625,140
1786033200000,4303.2001953125,4303.60009765625,4300.89990234375,4301.2998046875,249
1786033500000,4301.5,4301.89990234375,4298.60009765625,4300.7998046875,123
1786033800000,4300.5,4300.7998046875,4299.60009765625,4300,88
1786034100000,4300.2998046875,4301.2001953125,4298.89990234375,4299,67
1786034400000,4298.89990234375,4298.89990234375,4294.10009765625,4294.2001953125,320
1786034700000,4294,4298,4293.60009765625,4295.39990234375,191
1786035000000,4295.2998046875,4300.7001953125,4294.7001953125,4300.2998046875,171
1786035300000,4300.2001953125,4300.2001953125,4298.2001953125,4298.7001953125,0
1786039200000,4298.2998046875,4298.89990234375,4293.89990234375,4294.7998046875,196
1786039500000,4295,4296.60009765625,4294.7998046875,4296.39990234375,113
1786039800000,4296,4297.10009765625,4295,4297.10009765625,64
1786040100000,4297,4300,4297,4299.10009765625,67
1786040400000,4299.5,4301,4297.7001953125,4300.39990234375,191
1786040700000,4300.10009765625,4301.7998046875,4299.2998046875,4301.2001953125,106
1786041000000,4300.89990234375,4301.39990234375,4300.2001953125,4300.39990234375,21
1786041300000,4298.7998046875,4299.2001953125,4298.2001953125,4298.5,180
1786041600000,4298.39990234375,4299.7001953125,4297.10009765625,4297.10009765625,125
1786041900000,4297.5,4300,4296.89990234375,4299.7998046875,70
1786042200000,4300.10009765625,4301.2001953125,4299.10009765625,4300.39990234375,76
1786042500000,4299.2998046875,4299.2998046875,4298.2998046875,4298.2998046875,29
1786042800000,4298.60009765625,4301.39990234375,4298.39990234375,4300.2001953125,66
1786043100000,4300.39990234375,4304.2998046875,4300.2998046875,4302.2001953125,229
1786043400000,4302.7001953125,4303.60009765625,4302.5,4303.60009765625,20
1786043700000,4304,4304.60009765625,4303.2001953125,4304.2001953125,39
1786044000000,4304.5,4304.89990234375,4304.10009765625,4304.10009765625,24
1786044300000,4304.39990234375,4304.7001953125,4301.39990234375,4303.7001953125,258
1786044600000,4303.5,4307.10009765625,4303.2998046875,4305.7998046875,233
1786044900000,4305.2998046875,4306.60009765625,4304.7998046875,4304.7998046875,69
1786045200000,4304.89990234375,4306.60009765625,4303.39990234375,4305.5,212
1786045500000,4305.7001953125,4307.60009765625,4304.5,4307,275
1786045800000,4307.10009765625,4310.89990234375,4306.7998046875,4310.2998046875,335
1786046100000,4310.10009765625,4311.7998046875,4309.2998046875,4311,252
1786046400000,4310.7001953125,4311.39990234375,4306,4308,203
1786046700000,4307.7998046875,4309.2001953125,4307.2998046875,4307.89990234375,70
1786047000000,4307.39990234375,4307.5,4301.7001953125,4303.2001953125,152
1786047300000,4303.2998046875,4304.7001953125,4299.5,4300.5,256
1786047600000,4300.60009765625,4303.2998046875,4297.7998046875,4298.2001953125,287
1786047900000,4298.2998046875,4302.39990234375,4297.5,4302.10009765625,226
1786048200000,4302,4302,4299,4299.5,150
1786048500000,4300.2001953125,4300.7001953125,4293.7001953125,4293.7998046875,478
1786048800000,4293.60009765625,4294.10009765625,4288.2001953125,4292.7998046875,632
1786049100000,4293.2001953125,4295.2001953125,4289.10009765625,4289.10009765625,225
1786049400000,4289.2001953125,4293.2001953125,4288.7998046875,4292,211
1786049700000,4292,4292,4288,4291.2001953125,232
1786050000000,4290.89990234375,4301.60009765625,4289.7998046875,4300.7001953125,625
1786050300000,4299.89990234375,4305.10009765625,4298.2998046875,4300.7001953125,319
1786050600000,4300.7001953125,4303.10009765625,4298.89990234375,4302.39990234375,217
1786050900000,4302.2998046875,4304.7998046875,4301.60009765625,4302.5,172
1786051200000,4302.2998046875,4308.39990234375,4299.7001953125,4300.10009765625,412
1786051500000,4299.89990234375,4304.60009765625,4298.7001953125,4302.10009765625,213
1786051800000,4302.10009765625,4303.60009765625,4297.7001953125,4301.89990234375,408
1786052100000,4301.60009765625,4304.7998046875,4300.2001953125,4304.7998046875,323
1786052400000,4304.60009765625,4316.7998046875,4304.2001953125,4315,905
1786052700000,4314.7998046875,4316.89990234375,4310.5,4312.2001953125,466
1786053000000,4311.2998046875,4313.60009765625,4310,4312.7001953125,201
1786053300000,4312.60009765625,4317.5,4312,4314.7001953125,381
1786053600000,4314.60009765625,4320.7998046875,4314,4319.7001953125,760
1786053900000,4319.7001953125,4320.2001953125,4316.2001953125,4317.5,442
1786054200000,4317.60009765625,4318,4315.7001953125,4317.2001953125,206
1786054500000,4317.10009765625,4319.60009765625,4316.2001953125,4316.5,178
1786054800000,4316.5,4319.39990234375,4315.7001953125,4319,257
1786055100000,4318.89990234375,4319.7001953125,4317.89990234375,4319.39990234375,105
1786055400000,4319.89990234375,4320.39990234375,4315,4315.2001953125,218
1786055700000,4315.60009765625,4315.7998046875,4310.5,4311.60009765625,373
1786056000000,4311.10009765625,4313.39990234375,4308.39990234375,4308.39990234375,367
1786056300000,4308.2001953125,4310.7001953125,4305.39990234375,4309.10009765625,274
1786056600000,4309.5,4313.89990234375,4309.5,4312.7998046875,328
1786056900000,4312.7998046875,4314.7998046875,4308.60009765625,4309.10009765625,561
1786057200000,4309.10009765625,4318.10009765625,4308.2998046875,4317.2001953125,259
1786057500000,4317,4317.2998046875,4314.7998046875,4315.60009765625,167
1786057800000,4315.60009765625,4316,4311.7001953125,4313.5,169
1786058100000,4313.60009765625,4314.7001953125,4311.39990234375,4312.7001953125,391
1786058400000,4312.5,4314.89990234375,4310.60009765625,4313.60009765625,471
1786058700000,4313.89990234375,4317.2998046875,4313.10009765625,4317.2998046875,124
1786059000000,4317.39990234375,4320.2001953125,4317.39990234375,4317.89990234375,202
1786059300000,4317.7001953125,4319.89990234375,4316.60009765625,4319.10009765625,132
1786059600000,4319.5,4320.39990234375,4318.7001953125,4319.60009765625,125
1786059900000,4319.89990234375,4320.7001953125,4318.2998046875,4319.7998046875,131
1786060200000,4319.7001953125,4320.10009765625,4318.2998046875,4319.60009765625,74
1786060500000,4319.5,4325,4319.5,4322.7998046875,698
1786060800000,4325.2998046875,4328.2998046875,4321.2998046875,4324.5,581
1786061100000,4324.10009765625,4327,4323.89990234375,4326.10009765625,568
1786061400000,4326,4327.2001953125,4323,4325.39990234375,337
1786061700000,4325.39990234375,4326.89990234375,4321.39990234375,4321.7001953125,246
1786062000000,4321.5,4328.39990234375,4321.10009765625,4324.89990234375,487
1786062300000,4325,4326.5,4323.2001953125,4324.39990234375,134
1786062600000,4324.2998046875,4327.7998046875,4323,4327.2001953125,234
1786062900000,4327.2001953125,4327.60009765625,4323.5,4324,174
1786063200000,4323.89990234375,4325.39990234375,4320.2001953125,4323.2001953125,280
1786063500000,4322.89990234375,4323.5,4321.39990234375,4323.2998046875,124
1786063800000,4323.60009765625,4325.89990234375,4323.60009765625,4325.89990234375,64
1786064100000,4326,4326.2001953125,4323.7001953125,4324.10009765625,98
1786064400000,4324.10009765625,4325.60009765625,4322.60009765625,4325.2001953125,149
1786064700000,4325,4326,4320.39990234375,4325.5,615
1786065000000,4325.7998046875,4330.39990234375,4325.2001953125,4329,396
1786065300000,4328.60009765625,4329.89990234375,4327.5,4327.7001953125,126
1786065600000,4327.5,4329.89990234375,4325,4325.7998046875,308
1786065900000,4326.10009765625,4326.7998046875,4323.7998046875,4325.7001953125,192
1786066200000,4325.89990234375,4335.7998046875,4325.2998046875,4334.2001953125,997
1786066500000,4334.2001953125,4336.60009765625,4332,4332.7001953125,596
1786066800000,4332.60009765625,4332.7998046875,4329.7001953125,4330.60009765625,207
1786067100000,4330.7001953125,4336.2001953125,4330.7001953125,4335.2998046875,235
1786067400000,4335.2001953125,4338.7998046875,4332.7998046875,4333.5,644
1786067700000,4333.89990234375,4340,4333.60009765625,4337.7001953125,920
1786068000000,4337.7001953125,4341.7001953125,4337.10009765625,4341.2001953125,486
1786068300000,4341.10009765625,4343.2998046875,4340.2001953125,4341.10009765625,400
1786068600000,4340.7998046875,4350,4340.39990234375,4345.39990234375,1107
1786068900000,4345.10009765625,4348.89990234375,4342.7001953125,4346.89990234375,1058
1786069200000,4346.5,4350.2001953125,4345.60009765625,4346.2001953125,869
1786069500000,4346,4346.10009765625,4341.7001953125,4341.7001953125,576
1786069800000,4341.89990234375,4346,4338.60009765625,4344.60009765625,899
1786070100000,4345,4352.2001953125,4344.7998046875,4350.60009765625,564
1786070400000,4350.7001953125,4354.2001953125,4350.5,4351.39990234375,1113
1786070700000,4351.2998046875,4353.7001953125,4348.10009765625,4348.5,1051
1786071000000,4348.60009765625,4354.39990234375,4347.7998046875,4352.89990234375,735
1786071300000,4352.5,4358,4352.39990234375,4356.2998046875,675
1786071600000,4356.2001953125,4356.89990234375,4351.89990234375,4353.7998046875,591
1786071900000,4353.89990234375,4353.89990234375,4349.39990234375,4350.2001953125,547
1786072200000,4350.5,4352.5,4349.10009765625,4350.2998046875,561
1786072500000,4350.5,4351.60009765625,4348,4350.60009765625,357
1786072800000,4350.39990234375,4351.60009765625,4346.7998046875,4346.7998046875,382
1786073100000,4347.2998046875,4347.39990234375,4343.7998046875,4344.2998046875,602
1786073400000,4344.5,4346.7998046875,4343.10009765625,4346.60009765625,291
1786073700000,4346.39990234375,4348,4344.5,4344.7998046875,355
1786074000000,4344.39990234375,4347.10009765625,4343.5,4344.2001953125,376
1786074300000,4344.2998046875,4346.39990234375,4342,4343.89990234375,405
1786074600000,4344.5,4346.10009765625,4343.2001953125,4346.10009765625,188
1786074900000,4345.7001953125,4350.2001953125,4345.60009765625,4348.89990234375,343
1786075200000,4349.2001953125,4352.7998046875,4347.89990234375,4351.39990234375,685
1786075500000,4351.5,4355.5,4351.5,4353.7001953125,528
1786075800000,4353.7001953125,4359.89990234375,4353.60009765625,4358.7998046875,678
1786076100000,4359.2001953125,4360,4356.10009765625,4357.10009765625,540
1786076400000,4357.2001953125,4357.2001953125,4352.89990234375,4353.7001953125,489
1786076700000,4353.89990234375,4355,4352.2998046875,4353.7998046875,336
1786077000000,4354,4374,4353.39990234375,4373.2001953125,2175
1786077300000,4373.10009765625,4375.89990234375,4360.39990234375,4363.7998046875,1345
1786077600000,4363.7998046875,4369.10009765625,4363.7998046875,4367.7001953125,308
1786077900000,4368.2998046875,4370.5,4365.7998046875,4366.2001953125,392
1786078200000,4366.2998046875,4367.2998046875,4362.7001953125,4363.7001953125,449
1786078500000,4363.7998046875,4367.2001953125,4362.7998046875,4365.39990234375,451
1786078800000,4365.60009765625,4367,4363.60009765625,4364.89990234375,322
1786079100000,4365.10009765625,4366.7001953125,4364,4365.60009765625,275
1786079400000,4365.5,4366.7001953125,4364.10009765625,4365.2998046875,303
1786079700000,4365.39990234375,4367.5,4364.39990234375,4366.2998046875,398
1786080000000,4366,4370.39990234375,4365.7998046875,4370.10009765625,277
1786080300000,4369.7998046875,4370.7001953125,4364.5,4365.89990234375,510
1786080600000,4366.39990234375,4367.2001953125,4361.60009765625,4364,607
1786080900000,4364,4368.60009765625,4362.39990234375,4368.10009765625,532
1786081200000,4368.39990234375,4377.7998046875,4368.10009765625,4376.60009765625,1463
1786081500000,4376.7998046875,4380.10009765625,4374.60009765625,4376.2001953125,1124
1786081800000,4376.2998046875,4379.60009765625,4375.7001953125,4377.5,1106
1786082100000,4377.7998046875,4379,4373.89990234375,4375.60009765625,722
1786082400000,4375.7998046875,4379,4374.39990234375,4377,395
1786082700000,4377.2001953125,4377.5,4371.39990234375,4371.7001953125,542
1786083000000,4372.10009765625,4373.39990234375,4367.2001953125,4367.2001953125,551
1786083300000,4367.5,4373,4367.2998046875,4372.39990234375,408
1786083600000,4372.2998046875,4372.7001953125,4370,4371.7998046875,224
1786083900000,4371.89990234375,4373.7001953125,4371.5,4373.10009765625,282
1786084200000,4373.10009765625,4375.89990234375,4372.39990234375,4375.39990234375,419
1786084500000,4375.2998046875,4377.7001953125,4373.7001953125,4377,423
1786084800000,4376.7001953125,4377.60009765625,4374.89990234375,4376.2001953125,216
1786085100000,4376.39990234375,4379.5,4376,4378.10009765625,503
1786085400000,4378.2998046875,4380.2001953125,4376.39990234375,4376.7001953125,792
1786085700000,4376.60009765625,4377.2998046875,4375.60009765625,4376.39990234375,261
1786086000000,4376.2998046875,4383.89990234375,4376.2998046875,4382.7998046875,617
1786086300000,4382.89990234375,4385.7001953125,4381.5,4384.5,757
1786086600000,4384.39990234375,4385,4378.7998046875,4379.5,711
1786086900000,4379.7998046875,4380.10009765625,4376,4379.7998046875,710
1786087200000,4379.5,4384.60009765625,4379.39990234375,4383.5,758
1786087500000,4383.5,4386.7001953125,4383.2998046875,4384.39990234375,683
1786087800000,4384.5,4387.10009765625,4384,4384,595
1786088100000,4383.89990234375,4384.5,4380.2001953125,4382.60009765625,623
1786088400000,4382.60009765625,4384.7998046875,4381.39990234375,4382.2001953125,420
1786088700000,4382,4385.10009765625,4381.5,4383.10009765625,392
1786089000000,4383.39990234375,4386.5,4380.10009765625,4385.2998046875,865
1786089300000,4385.10009765625,4386.5,4380.5,4380.7998046875,706
1786089600000,4380.60009765625,4384.7998046875,4378.60009765625,4378.7001953125,1038
1786089900000,4379.10009765625,4379.60009765625,4374.7001953125,4378,1048
1786090200000,4377.89990234375,4381.7001953125,4374.10009765625,4374.7001953125,709
1786090500000,4374.2998046875,4376.2998046875,4371.5,4373.60009765625,1470
1786090800000,4374,4376.60009765625,4369.5,4370.2001953125,1200
1786091100000,4370,4375.10009765625,4361,4370.7998046875,1535
1786091400000,4373,4424.7998046875,4370.7998046875,4419.7998046875,8755
1786091700000,4419.60009765625,4427,4412.39990234375,4424.89990234375,3943
1786092000000,4424.7001953125,4431.39990234375,4421.39990234375,4427.39990234375,3898
1786092300000,4427.7001953125,4432.2998046875,4426.89990234375,4429.10009765625,1668
1786092600000,4429.2998046875,4432.2001953125,4423.89990234375,4425,2204
1786092900000,4425.39990234375,4426.2001953125,4416.10009765625,4421.89990234375,1944
1786093200000,4421.60009765625,4424.60009765625,4407.2998046875,4407.2998046875,2651
1786093500000,4407.5,4412.7998046875,4405.5,4410.39990234375,1568
1786093800000,4410.2998046875,4411.2001953125,4406.10009765625,4407.89990234375,1504
1786094100000,4407.89990234375,4409.5,4398.89990234375,4407.39990234375,1378
1786094400000,4407.39990234375,4413.7001953125,4407.39990234375,4410.60009765625,1241
1786094700000,4410.5,4418.2001953125,4408.60009765625,4416.7998046875,1511
1786095000000,4416.7998046875,4420.39990234375,4410.89990234375,4413.5,2579
1786095300000,4413.5,4426.7001953125,4409.7001953125,4425.5,1944
1786095600000,4425.39990234375,4428.7998046875,4418.2998046875,4418.60009765625,1909
1786095900000,4418.7998046875,4420.60009765625,4412.39990234375,4413.39990234375,1934
1786096200000,4413.7998046875,4418.60009765625,4412.2998046875,4415,1212
1786096500000,4414.89990234375,4417.2001953125,4402.5,4408.2998046875,2418
1786096800000,4408.39990234375,4409.5,4393.2998046875,4393.5,2479
1786097100000,4393.60009765625,4397.7001953125,4390.2001953125,4397.10009765625,2663
1786097400000,4397.10009765625,4401.5,4386.89990234375,4394,2189
1786097700000,4393.7998046875,4406.7998046875,4390,4406.10009765625,1944
1786098000000,4405.60009765625,4411.7998046875,4403.60009765625,4411.2998046875,1721
1786098300000,4411.39990234375,4413,4407.39990234375,4408.7001953125,1264
1786098600000,4409.10009765625,4411,4403.7998046875,4407.89990234375,1330
1786098900000,4408.5,4409.7001953125,4403.2001953125,4404.10009765625,1041
1786099200000,4403.60009765625,4410.7001953125,4402.2998046875,4404.2998046875,1373
1786099500000,4404.7998046875,4407.60009765625,4400.39990234375,4403.10009765625,841
1786099800000,4403.5,4409,4403.2001953125,4405.5,948
1786100100000,4405.2001953125,4406.5,4400.10009765625,4401.2998046875,886
1786100400000,4401.39990234375,4409.2998046875,4400,4405.5,1430
1786100700000,4405.2001953125,4414,4404.60009765625,4408.7001953125,1681
1786101000000,4408.7998046875,4416,4406.7998046875,4415,1063
1786101300000,4415.5,4417.10009765625,4412,4414.2998046875,827
1786101600000,4414.10009765625,4418.10009765625,4414.10009765625,4416.60009765625,886
1786101900000,4416.89990234375,4417.89990234375,4410.5,4410.7998046875,866
1786102200000,4410.89990234375,4412.60009765625,4406.60009765625,4409.2001953125,1130
1786102500000,4409.2001953125,4413.2998046875,4408.2998046875,4411.7001953125,640
1786102800000,4411.2998046875,4412.60009765625,4407.7001953125,4408.7001953125,470
1786103100000,4408.7998046875,4410.7998046875,4407.2998046875,4408.5,536
1786103400000,4408.5,4409.60009765625,4398.89990234375,4402.2998046875,1489
1786103700000,4402,4404.5,4399.60009765625,4400.39990234375,748
1786104000000,4400.39990234375,4403,4397.89990234375,4402.5,774
1786104300000,4402.39990234375,4409.2001953125,4402.39990234375,4406.5,810
1786104600000,4406.7998046875,4407.89990234375,4403.2001953125,4407,427
1786104900000,4407.2001953125,4407.7998046875,4401.7998046875,4401.7998046875,471
1786105200000,4401.7998046875,4409.39990234375,4397.5,4397.7001953125,1076
1786105500000,4397.39990234375,4397.39990234375,4393.7998046875,4396.89990234375,725
1786105800000,4396.7998046875,4398.5,4391.89990234375,4398.39990234375,954
1786106100000,4398.5,4401.60009765625,4395.7998046875,4399.39990234375,684
1786106400000,4399.39990234375,4400.7001953125,4396.39990234375,4398.2998046875,520
1786106700000,4398.10009765625,4402,4395.2998046875,4398.2001953125,841
1786107000000,4397.7998046875,4398.5,4392.2001953125,4393.5,771
1786107300000,4393.7001953125,4394.10009765625,4388.7998046875,4389.5,710
1786107600000,4388.7001953125,4394.7998046875,4387.39990234375,4394.5,587
1786107900000,4394.2998046875,4398.10009765625,4394.10009765625,4394.39990234375,561
1786108200000,4395.2998046875,4397.2998046875,4394.39990234375,4395.2001953125,340
1786108500000,4395,4395.7998046875,4393.2001953125,4394.7001953125,666
1786108800000,4394.5,4398.89990234375,4393.2998046875,4398.10009765625,1108
1786109100000,4398.10009765625,4401.7001953125,4396.5,4398.89990234375,2925
1786109400000,4399.10009765625,4399.5,4393.5,4396,1069
1786109700000,4395.7998046875,4396.10009765625,4389,4394.10009765625,1063
1786110000000,4394.2998046875,4398,4394.2998046875,4395.7001953125,233
1786110300000,4395.2998046875,4396.89990234375,4394.2001953125,4395.89990234375,873
1786110600000,4396.2998046875,4400.89990234375,4396.2998046875,4400.5,547
1786110900000,4400.7001953125,4402.5,4399.39990234375,4400,423
1786111200000,4399.7998046875,4400.7001953125,4398.7998046875,4400,218
1786111500000,4399.7998046875,4403,4399.7001953125,4401.7001953125,259
1786111800000,4401.7998046875,4402.5,4394.60009765625,4394.7998046875,539
1786112100000,4395,4398,4395,4395.7001953125,319
1786112400000,4395.89990234375,4396,4391.89990234375,4393.5,443
1786112700000,4393.5,4395.5,4391.89990234375,4394.10009765625,449
1786113000000,4394.2998046875,4397.7998046875,4393.5,4396.7001953125,218
1786113300000,4397.10009765625,4399,4396.7001953125,4397,326
1786113600000,4397,4397.39990234375,4393.2998046875,4394.10009765625,390
1786113900000,4394.39990234375,4397.39990234375,4394.10009765625,4396.7001953125,288
1786114200000,4396.89990234375,4397.5,4394.10009765625,4395.2001953125,231
1786114500000,4395.2998046875,4396.10009765625,4393.39990234375,4395.60009765625,257
1786114800000,4395.7001953125,4404.7998046875,4395.7001953125,4400.39990234375,777
1786115100000,4400.39990234375,4405.2001953125,4400.2001953125,4405,243
1786115400000,4404.7998046875,4406.2998046875,4403.2998046875,4403.7001953125,319
1786115700000,4404,4410.2998046875,4403.2998046875,4407.39990234375,421
1786116000000,4407.2001953125,4410.60009765625,4407.2001953125,4409,408
1786116300000,4409,4409,4407.10009765625,4408.39990234375,189
1786116600000,4408.60009765625,4408.89990234375,4405,4405.89990234375,341
1786116900000,4405.7998046875,4407.2001953125,4404.39990234375,4406,345
1786117200000,4406.2001953125,4408.10009765625,4404.60009765625,4407.7998046875,264
1786117500000,4407.5,4409,4406.7001953125,4406.7001953125,328
1786117800000,4407.2001953125,4408.7001953125,4401.7001953125,4402.60009765625,488
1786118100000,4402.39990234375,4404.7998046875,4399.60009765625,4403.10009765625,730
1786118400000,4403,4404.60009765625,4401.89990234375,4402.89990234375,234
1786118700000,4402.89990234375,4403.89990234375,4401.2001953125,4401.2001953125,88
1786119000000,4400.89990234375,4401.7998046875,4397.5,4401.7998046875,479
1786119300000,4401.7001953125,4402.2001953125,4398.89990234375,4399.2001953125,442
1786119600000,4399.2001953125,4399.2001953125,4398.10009765625,4398.60009765625,35
1786119900000,4398.7001953125,4399.39990234375,4396.5,4397.2998046875,360
1786120200000,4396.89990234375,4397.10009765625,4395.2998046875,4396.60009765625,144
1786120500000,4396.89990234375,4400.39990234375,4396.89990234375,4400.10009765625,176
1786120800000,4400,4401.60009765625,4399.5,4400.7998046875,62
1786121100000,4400.5,4400.89990234375,4398.39990234375,4399.2001953125,245
1786121400000,4399.10009765625,4400.5,4399,4400.5,71
1786121700000,4400.89990234375,4402.60009765625,4399.10009765625,4399.7001953125,253
1786299000000,4398,4405.5,4398,4402.2998046875,243
1786299300000,4402.2998046875,4404.10009765625,4398.7001953125,4399.2001953125,155
1786299600000,4399.10009765625,4399.60009765625,4397,4398.2001953125,111
1786299900000,4398.5,4402.89990234375,4398.5,4402.89990234375,181
1786300200000,4402.89990234375,4404.39990234375,4399.39990234375,4401.89990234375,132
1786300500000,4401.60009765625,4401.60009765625,4398.60009765625,4400.2998046875,63
1786300800000,4400.2998046875,4401.2998046875,4398.89990234375,4398.89990234375,28
1786301100000,4398.7998046875,4402.7001953125,4398.7001953125,4402.5,100
1786301400000,4402,4403,4400.7998046875,4400.89990234375,64
1786301700000,4401.10009765625,4401.39990234375,4400.10009765625,4400.2001953125,20
1786302000000,4400.39990234375,4406.39990234375,4399.5,4405.7998046875,179
1786302300000,4405.7001953125,4406.7998046875,4403.7001953125,4405.10009765625,153
1786302600000,4405.10009765625,4406.7001953125,4404.5,4405.2998046875,56
1786302900000,4405.7001953125,4406.10009765625,4403.10009765625,4405,105
1786303200000,4404.60009765625,4407.89990234375,4404.2001953125,4407.10009765625,106
1786303500000,4407.2998046875,4408,4405,4405.5,99
1786303800000,4405.5,4406.5,4399.10009765625,4401,283
1786304100000,4400.7001953125,4401.89990234375,4398.89990234375,4401.7001953125,149
1786304400000,4401.60009765625,4401.60009765625,4400,4401.10009765625,49
1786304700000,4400.7001953125,4402.2001953125,4400.39990234375,4401,64
1786305000000,4400.7998046875,4402,4399.7001953125,4399.7001953125,96
1786305300000,4399.10009765625,4399.39990234375,4390.7998046875,4392,325
1786305600000,4391.89990234375,4399.7001953125,4391.39990234375,4399.60009765625,252
1786305900000,4399.10009765625,4402.60009765625,4398.7001953125,4400.89990234375,139
1786306200000,4400.60009765625,4406,4399,4403.39990234375,219
1786306500000,4403.7001953125,4404.7001953125,4398.2001953125,4403.2998046875,260
1786306800000,4402.5,4402.89990234375,4398,4398.7001953125,97
1786307100000,4398.7001953125,4399.39990234375,4396.10009765625,4396.7001953125,145
1786307400000,4396.60009765625,4398.10009765625,4394.2001953125,4395.5,147
1786307700000,4395.7998046875,4396.2001953125,4392.39990234375,4396,128
1786308000000,4395.7998046875,4397.2998046875,4392.60009765625,4393.2998046875,118
1786308300000,4393,4395.10009765625,4392.2001953125,4394.5,91
1786308600000,4394.7001953125,4396.2001953125,4392.39990234375,4392.39990234375,136
1786308900000,4393.10009765625,4393.60009765625,4389.7998046875,4391.2998046875,263
1786309200000,4391.5,4400,4386,4386.60009765625,1246
1786309500000,4386.39990234375,4387.2998046875,4382,4384.10009765625,1351
1786309800000,4383.7001953125,4384.7001953125,4382,4382.89990234375,582
1786310100000,4383.5,4386.10009765625,4382,4384.2998046875,668
1786310400000,4384.5,4388.7998046875,4382,4388.10009765625,826
1786310700000,4388.39990234375,4388.5,4376.7001953125,4376.89990234375,1027
1786311000000,4376.7001953125,4381.2001953125,4374.39990234375,4380.5,593
1786311300000,4380.2998046875,4380.2998046875,4376.2001953125,4377.2001953125,267
1786311600000,4377.2001953125,4378.39990234375,4373.89990234375,4377.89990234375,267
1786311900000,4378,4381.7001953125,4376.39990234375,4381.2001953125,304
1786312200000,4380.7998046875,4383.7998046875,4379.5,4380.89990234375,317
1786312500000,4380.7001953125,4384.2998046875,4378.2001953125,4383,308
1786312800000,4382.7998046875,4383.7998046875,4380.39990234375,4382.7998046875,244
1786313100000,4382.5,4385,4379.7001953125,4384.10009765625,226
1786313400000,4384.2998046875,4386.60009765625,4382.2001953125,4385.10009765625,250
1786313700000,4385,4386.2001953125,4384,4385.2998046875,131
1786314000000,4384.60009765625,4388.2001953125,4384.5,4387,291
1786314300000,4387,4392.10009765625,4386.39990234375,4390.89990234375,323
1786314600000,4391,4392.5,4384.60009765625,4387.89990234375,459
1786314900000,4388.2998046875,4390.10009765625,4384.89990234375,4385.60009765625,194
1786315200000,4385.89990234375,4390,4383.39990234375,4386.60009765625,319
1786315500000,4386.7998046875,4387.39990234375,4381.2998046875,4383.39990234375,316
1786315800000,4383.7001953125,4384.7001953125,4379.2998046875,4379.39990234375,342
1786316100000,4379.60009765625,4382.39990234375,4379,4380,241
1786316400000,4379.60009765625,4381.10009765625,4378.2001953125,4378.89990234375,177
1786316700000,4378.89990234375,4379.2998046875,4377.39990234375,4377.60009765625,121
1786317000000,4377.7998046875,4380.2001953125,4377.60009765625,4379.89990234375,91
1786317300000,4380,4384.2001953125,4379.7998046875,4384.2001953125,348
1786317600000,4384.2001953125,4386.7001953125,4383.2998046875,4383.60009765625,207
1786317900000,4383.7001953125,4388.2998046875,4383.7001953125,4387.89990234375,418
1786318200000,4387.7001953125,4388.7998046875,4386.2001953125,4388.2998046875,140
1786318500000,4388.5,4390.2998046875,4386.5,4387.60009765625,222
1786318800000,4387.2001953125,4387.2998046875,4385.39990234375,4386,144
1786319100000,4385.7998046875,4388.10009765625,4384.60009765625,4387.5,142
1786319400000,4387.60009765625,4388.60009765625,4387,4388,84
1786319700000,4388.10009765625,4388.5,4386.89990234375,4387.7998046875,69
1786320000000,4387.7001953125,4389,4383.60009765625,4386.39990234375,262
1786320300000,4386.7001953125,4387.7998046875,4383.7998046875,4387.5,417
1786320600000,4387.89990234375,4393.2001953125,4387.89990234375,4392.60009765625,344
1786320900000,4392.7998046875,4394.2998046875,4391.2998046875,4394.2998046875,399
1786321200000,4394,4397.7998046875,4393.5,4397.10009765625,223
1786321500000,4397.2001953125,4397.60009765625,4394.2998046875,4394.5,152
1786321800000,4394.89990234375,4396.2998046875,4393.2998046875,4394.7998046875,148
1786322100000,4394.7998046875,4396.60009765625,4393.7998046875,4393.7998046875,128
1786322400000,4393.89990234375,4393.89990234375,4389.7998046875,4392.10009765625,307
1786322700000,4392.10009765625,4395,4391.2001953125,4393.39990234375,425
1786323000000,4393.89990234375,4396.89990234375,4393,4396,150
1786323300000,4395.5,4399.7998046875,4395.2001953125,4399.5,426
1786323600000,4399.10009765625,4399.7001953125,4395,4396.89990234375,371
1786323900000,4397.2001953125,4398.89990234375,4396.2998046875,4396.2998046875,146
1786324200000,4396.39990234375,4396.39990234375,4393.2001953125,4394.7001953125,321
1786324500000,4395.10009765625,4395.89990234375,4392.60009765625,4392.89990234375,171
1786324800000,4393.10009765625,4396,4393.10009765625,4394.60009765625,112
1786325100000,4394.7001953125,4394.89990234375,4393.10009765625,4393.7001953125,113
1786325400000,4393.5,4401.2998046875,4391.5,4400.5,628
1786325700000,4400.89990234375,4402.2001953125,4398.7998046875,4401.5,559
1786326000000,4401.89990234375,4404.39990234375,4399.10009765625,4403.89990234375,475
1786326300000,4403.5,4407.2998046875,4400.7998046875,4406.10009765625,555
1786326600000,4406,4412.5,4405.39990234375,4408.7001953125,646
1786326900000,4408.7001953125,4409.39990234375,4405,4407,284
1786327200000,4407.2998046875,4407.5,4401.5,4402.2998046875,440
1786327500000,4402.39990234375,4406.2998046875,4401.89990234375,4405.7001953125,254
1786327800000,4405.7001953125,4409.89990234375,4405.7001953125,4407,224
1786328100000,4407.2001953125,4409.60009765625,4402.5,4402.7998046875,306
1786328400000,4402.60009765625,4405.10009765625,4402.2998046875,4405.10009765625,318
1786328700000,4404.7998046875,4407.7998046875,4403.39990234375,4407.7001953125,230
1786329000000,4407.60009765625,4408.89990234375,4406.10009765625,4407.39990234375,361
1786329300000,4407.2001953125,4409.39990234375,4405.2998046875,4408.2001953125,641
1786329600000,4408.2998046875,4415.2001953125,4406.5,4414.60009765625,745
1786329900000,4415,4418,4414.60009765625,4416.2001953125,421
1786330200000,4416.10009765625,4416.89990234375,4415.10009765625,4416.89990234375,116
1786330500000,4416.7001953125,4419.5,4416.10009765625,4417.7998046875,396
1786330800000,4417.7998046875,4418.39990234375,4413.10009765625,4414.2001953125,392
1786331100000,4414,4416.7001953125,4413.5,4413.5,313
1786331400000,4413,4414,4409.39990234375,4410.2998046875,560
1786331700000,4410.5,4416.2998046875,4409.7001953125,4413.60009765625,609
1786332000000,4414,4418.5,4411.5,4417.39990234375,335
1786332300000,4417.5,4418.2998046875,4411.7998046875,4414.5,419
1786332600000,4414.2998046875,4414.39990234375,4412,4412.60009765625,201
1786332900000,4412.60009765625,4419.5,4412.39990234375,4418,476
1786333200000,4418,4419.39990234375,4415.7001953125,4418.7001953125,329
1786333500000,4418.60009765625,4421.5,4416.2001953125,4416.5,445
1786333800000,4416.7998046875,4417.89990234375,4414.10009765625,4414.7001953125,219
1786334100000,4414.89990234375,4415.89990234375,4414,4414.7001953125,149
1786334400000,4415,4415.5,4413.5,4415.2001953125,321
1786334700000,4415.2001953125,4415.5,4411.10009765625,4412.7001953125,344
1786335000000,4411.60009765625,4414,4411.2998046875,4414,97
1786335300000,4413.5,4414.7998046875,4412.7001953125,4414.10009765625,118
1786335600000,4414.5,4414.5,4411.39990234375,4411.39990234375,158
1786335900000,4412.10009765625,4415.7001953125,4411.5,4415.10009765625,320
1786336200000,4414.7998046875,4416,4408.2001953125,4409.7001953125,468
1786336500000,4409.89990234375,4410.60009765625,4407.5,4407.5,315
1786336800000,4407.7001953125,4408.7998046875,4404.7001953125,4405.2998046875,326
1786337100000,4405.2001953125,4408.2998046875,4404.7001953125,4405.60009765625,478
1786337400000,4405.39990234375,4407.5,4404,4405.2001953125,605
1786337700000,4405.39990234375,4407.60009765625,4402.89990234375,4405.60009765625,803
1786338000000,4405.60009765625,4407.7998046875,4404.60009765625,4407.5,288
1786338300000,4407.2001953125,4408.10009765625,4404.7998046875,4406.7998046875,528
1786338600000,4406.60009765625,4409.2001953125,4405.89990234375,4408.89990234375,561
1786338900000,4409,4409,4405.2998046875,4406.2998046875,294
1786339200000,4406.2998046875,4407.7001953125,4406,4407.2998046875,90
1786339500000,4406.7998046875,4408,4404.10009765625,4406.10009765625,318
1786339800000,4405.7001953125,4406.10009765625,4401,4403.39990234375,997
1786340100000,4403.2001953125,4403.5,4398.39990234375,4401.39990234375,770
1786340400000,4401.39990234375,4403.7001953125,4401,4403.2998046875,251
1786340700000,4403.2001953125,4404.7998046875,4401,4401.39990234375,314
1786341000000,4401.7998046875,4402,4399.7998046875,4401.39990234375,131
1786341300000,4401.39990234375,4402.60009765625,4400.10009765625,4400.10009765625,135
1786341600000,4400.39990234375,4400.60009765625,4398.2001953125,4400,563
1786341900000,4399.7998046875,4400.7998046875,4399,4399.60009765625,199
1786342200000,4399.60009765625,4400,4398.7001953125,4399.89990234375,153
1786342500000,4399.7001953125,4400.7998046875,4398.5,4400.7001953125,190
1786342800000,4400.7001953125,4403.2001953125,4400,4402.2001953125,252
1786343100000,4402.39990234375,4402.89990234375,4400.89990234375,4402.60009765625,175
1786343400000,4402.7001953125,4403.2998046875,4399.5,4400.7001953125,269
1786343700000,4400.89990234375,4401.39990234375,4397.39990234375,4398.89990234375,234
1786344000000,4398.7001953125,4399,4396.7001953125,4396.89990234375,141
1786344300000,4396.7998046875,4398.60009765625,4396.7001953125,4397.2998046875,186
1786344600000,4397.10009765625,4400,4396.7998046875,4397.5,405
1786344900000,4397.2001953125,4399,4394.60009765625,4395.2001953125,503
1786345200000,4395.2998046875,4396,4393.7001953125,4393.7001953125,256
1786345500000,4393.7001953125,4395,4392.10009765625,4392.89990234375,509
1786345800000,4393.10009765625,4393.2001953125,4386.2998046875,4390.5,720
1786346100000,4390.10009765625,4390.5,4388,4388.89990234375,182
1786346400000,4388.7998046875,4393,4388,4392.5,262
1786346700000,4392.2001953125,4395.7001953125,4392.2001953125,4394,416
1786347000000,4393.7001953125,4398.39990234375,4393.7001953125,4397,441
1786347300000,4396.7001953125,4398.39990234375,4394.7001953125,4398.2998046875,279
1786347600000,4398.2001953125,4398.5,4395.5,4396.5,131
1786347900000,4396.60009765625,4397,4391.2001953125,4391.89990234375,291
1786348200000,4392,4395.2001953125,4391.2998046875,4394.2001953125,196
1786348500000,4394.2001953125,4395.10009765625,4392.5,4393.89990234375,206
1786348800000,4393.7998046875,4393.89990234375,4391.2001953125,4392.60009765625,298
1786349100000,4392.7001953125,4396.39990234375,4391,4394,319
1786349400000,4393.89990234375,4394.5,4389.60009765625,4390.39990234375,293
1786349700000,4390.7001953125,4391.2001953125,4387.2001953125,4387.2001953125,391
1786350000000,4387.7001953125,4390,4385.10009765625,4386.39990234375,484
1786350300000,4386,4386.7998046875,4382.7998046875,4386.5,507
1786350600000,4386.39990234375,4390.2001953125,4385.2001953125,4386.7001953125,542
1786350900000,4386.60009765625,4391.5,4385.39990234375,4389.7998046875,440
1786351200000,4390,4391.39990234375,4387.7998046875,4387.89990234375,322
1786351500000,4387.60009765625,4392.10009765625,4387.2998046875,4390.5,234
1786351800000,4390.2001953125,4391.89990234375,4388.5,4390.7001953125,249
1786352100000,4390.39990234375,4394.60009765625,4389.2001953125,4391.60009765625,427
1786352400000,4391.10009765625,4393.39990234375,4384.7998046875,4387.7001953125,941
1786352700000,4387.7001953125,4393.2998046875,4387,4393.2001953125,421
1786353000000,4393.2998046875,4396.60009765625,4392.7998046875,4396.10009765625,643
1786353300000,4396.39990234375,4396.5,4393.2998046875,4394.10009765625,408
1786353600000,4393.89990234375,4395.7001953125,4387.89990234375,4389.7001953125,552
1786353900000,4389.5,4394.2998046875,4389.10009765625,4394,431
1786354200000,4394,4397.2001953125,4390.60009765625,4395.5,1129
1786354500000,4395.39990234375,4398.39990234375,4394.7001953125,4396.39990234375,816
1786354800000,4396.5,4396.7001953125,4388,4389.2001953125,581
1786355100000,4388.7998046875,4390.2001953125,4383,4385.7998046875,1431
1786355400000,4385.89990234375,4386.60009765625,4379.5,4382,1551
1786355700000,4381.39990234375,4383.2998046875,4375,4376.2998046875,1335
1786356000000,4376.2001953125,4383.89990234375,4376.2001953125,4381.89990234375,1039
1786356300000,4382,4385,4380.2001953125,4383,985
1786356600000,4383.2001953125,4390,4383.2001953125,4388.7998046875,700
1786356900000,4388.7001953125,4395.2998046875,4387.2998046875,4392.89990234375,1612
1786357200000,4393,4399.2998046875,4391.39990234375,4397.5,1347
1786357500000,4397.5,4407.2001953125,4397.2001953125,4404.39990234375,1689
1786357800000,4404.2998046875,4411.2998046875,4404.2998046875,4406.5,1719
1786358100000,4406.5,4408.39990234375,4404,4406,807
1786358400000,4406.10009765625,4409.60009765625,4405.5,4409.10009765625,769
1786358700000,4409.2001953125,4410.60009765625,4405.7998046875,4407.2998046875,989
1786359000000,4407.2001953125,4407.2001953125,4402.5,4402.5,675
1786359300000,4402.7001953125,4405.2998046875,4402.39990234375,4405.2001953125,360
1786359600000,4405.2001953125,4408.7998046875,4403.2998046875,4406.89990234375,717
1786359900000,4407,4411.7998046875,4402.7001953125,4404.60009765625,1182
1786360200000,4404.39990234375,4407.2998046875,4403,4406.39990234375,668
1786360500000,4406.39990234375,4411.60009765625,4405.5,4409.10009765625,752
1786360800000,4409.10009765625,4412.2001953125,4408.39990234375,4409,483
1786361100000,4409.10009765625,4410.7998046875,4406.7001953125,4408.7998046875,465
1786361400000,4409,4411.2001953125,4407.39990234375,4407.60009765625,459
1786361700000,4407.7998046875,4411.60009765625,4407.7001953125,4409.7998046875,481
1786362000000,4409.89990234375,4411.10009765625,4409.10009765625,4409.5,280
1786362300000,4410,4412.7001953125,4408,4411.2001953125,775
1786362600000,4411.7001953125,4417,4411.7001953125,4416.60009765625,816
1786362900000,4416.60009765625,4419.2001953125,4415.89990234375,4417.89990234375,493
1786363200000,4418.10009765625,4423.7998046875,4417.5,4417.60009765625,1363
1786363500000,4417.5,4423.10009765625,4416.39990234375,4422.89990234375,822
1786363800000,4422.7001953125,4424.5,4420.60009765625,4420.89990234375,588
1786364100000,4420.89990234375,4422.7001953125,4420.5,4420.7998046875,241
1786364400000,4420.7001953125,4423.7998046875,4420.7001953125,4422.60009765625,307
1786364700000,4422.7998046875,4424,4421.2001953125,4422.10009765625,220
1786365000000,4422.2001953125,4422.5,4408.60009765625,4416,2207
1786365300000,4415.89990234375,4418.7998046875,4414.2998046875,4414.7998046875,412
1786365600000,4415,4416.2001953125,4410.39990234375,4411,750
1786365900000,4411,4414.60009765625,4411,4412.89990234375,342
1786366200000,4413.10009765625,4413.39990234375,4411.60009765625,4413.10009765625,322
1786366500000,4413,4416.5,4411.5,4416.2998046875,280
1786366800000,4416.39990234375,4417.10009765625,4413.39990234375,4413.89990234375,320
1786367100000,4413.7001953125,4416.39990234375,4410.5,4414.89990234375,712
1786367400000,4415.10009765625,4417.2998046875,4414.39990234375,4416.5,261
1786367700000,4416.10009765625,4417.2998046875,4415.10009765625,4416.10009765625,596
1786368000000,4416.5,4419.7001953125,4416.5,4419.2001953125,440
1786368300000,4418.89990234375,4420.5,4417.7998046875,4420.5,1284
1786368600000,4420.2998046875,4422.2001953125,4418.89990234375,4421.7001953125,603
1786368900000,4421.39990234375,4425.2001953125,4421.39990234375,4423.2001953125,441
1786369200000,4423.2998046875,4423.2998046875,4419,4419.60009765625,268
1786369500000,4419.5,4420.2001953125,4417,4419.7001953125,386
1786369800000,4419.5,4420.60009765625,4418.2998046875,4418.2998046875,152
1786370100000,4418.2001953125,4419.2998046875,4416.60009765625,4419.2001953125,216
1786370400000,4419.39990234375,4423.2001953125,4418.7998046875,4422.7998046875,371
1786370700000,4422.7001953125,4424.7998046875,4422.60009765625,4422.7998046875,371
1786371000000,4423,4423.7998046875,4422.10009765625,4422.2998046875,100
1786371300000,4422,4423.5,4420.7001953125,4422.2001953125,267
1786371600000,4422,4424.2001953125,4421.39990234375,4423.7998046875,178
1786371900000,4423.89990234375,4426.5,4423.7998046875,4425,551
1786372200000,4425.2001953125,4440.39990234375,4424.5,4438.7998046875,2199
1786372500000,4438.7001953125,4441.10009765625,4436.7998046875,4440.7001953125,778
1786372800000,4440.7998046875,4442.5,4438.7001953125,4438.7001953125,555
1786373100000,4438.89990234375,4438.89990234375,4432.7998046875,4436,652
1786373400000,4435.7998046875,4438.2998046875,4434.2998046875,4436,266
1786373700000,4436.2998046875,4438.2998046875,4435.5,4437.7001953125,250
1786374000000,4437.7998046875,4440.60009765625,4437.7998046875,4439.10009765625,332
1786374300000,4439.2001953125,4441.89990234375,4439.2001953125,4441.10009765625,306
1786374600000,4441,4441.89990234375,4439.89990234375,4441.2998046875,246
1786374900000,4441.2001953125,4442.2998046875,4440.5,4442.10009765625,321
1786375200000,4442.10009765625,4447.39990234375,4441.7998046875,4445.7998046875,769
1786375500000,4445.7998046875,4450.7001953125,4445.5,4449.7001953125,1136
1786375800000,4449.7998046875,4453.10009765625,4445.2001953125,4446.2001953125,899
1786376100000,4446.10009765625,4447.60009765625,4443.2998046875,4446.7001953125,425
1786376400000,4446.7998046875,4449.5,4445.7998046875,4446.5,558
1786376700000,4447.2001953125,4453.7998046875,4445.89990234375,4452.89990234375,502
1786377000000,4452.5,4453.7998046875,4449.7001953125,4451.2001953125,524
1786377300000,4450.89990234375,4451.39990234375,4445.89990234375,4446.7998046875,810
1786377600000,4447,4449.2001953125,4446.7001953125,4447.39990234375,167
1786377900000,4447.2001953125,4447.39990234375,4444.7001953125,4444.7001953125,170
1786378200000,4445,4449.60009765625,4445,4448.2001953125,229
1786378500000,4448.60009765625,4450.39990234375,4448.2998046875,4448.7001953125,162
1786378800000,4448.89990234375,4449,4445.5,4447.39990234375,164
1786379100000,4447.7001953125,4451.10009765625,4447.5,4450.2001953125,115
1786379400000,4450.2998046875,4451.2998046875,4449.60009765625,4450.2001953125,101
1786379700000,4450.39990234375,4450.5,4449.2001953125,4449.5,94
1786380000000,4449.2998046875,4450.5,4448.89990234375,4449.10009765625,90
1786380300000,4448.89990234375,4450,4448,4448.10009765625,138
1786380600000,4447.89990234375,4449.60009765625,4447.60009765625,4448.2998046875,135
1786380900000,4448.2998046875,4450,4447.60009765625,4448.60009765625,185
1786384800000,4446.89990234375,4451.89990234375,4443.2001953125,4448.7001953125,0
1786385100000,4448.7001953125,4451.2001953125,4448.7001953125,4450.5,100
1786385400000,4450.10009765625,4452.2998046875,4450,4450.10009765625,116
1786385700000,4450.5,4451.7001953125,4450.5,4451.5,29
1786386000000,4451.39990234375,4452.60009765625,4451.10009765625,4452.39990234375,60
1786386300000,4451.89990234375,4452.5,4451,4451,68
1786386600000,4451.2998046875,4452.89990234375,4451.2998046875,4452.60009765625,110
1786386900000,4452.89990234375,4453.5,4452.10009765625,4453.10009765625,83
1786387200000,4453.10009765625,4455.60009765625,4452.7001953125,4454.60009765625,347
1786387500000,4454.5,4457.7998046875,4454.5,4456.7001953125,223
1786387800000,4456.7001953125,4459.39990234375,4456.39990234375,4459,213
1786388100000,4459.10009765625,4460.39990234375,4457.5,4459,214
1786388400000,4459.10009765625,4461.2998046875,4457.10009765625,4458.2998046875,389
1786388700000,4458.2001953125,4461.60009765625,4455.2998046875,4455.89990234375,443
1786389000000,4456.2001953125,4457,4455.2001953125,4457,113
1786389300000,4456.7001953125,4457,4453.89990234375,4454.60009765625,135
1786389600000,4454.7998046875,4455.5,4454,4454.39990234375,77
1786389900000,4454.2001953125,4455.10009765625,4454.2001953125,4455.10009765625,57
1786390200000,4454.89990234375,4455.7998046875,4454.39990234375,4455.10009765625,154
1786390500000,4455.10009765625,4458.5,4454.7998046875,4458.2998046875,129
1786390800000,4458.10009765625,4458.5,4457,4458,124
1786391100000,4458.39990234375,4458.7998046875,4456.2001953125,4457.39990234375,81
1786391400000,4457.2001953125,4458.60009765625,4455.7001953125,4458.5,115
1786391700000,4458.2001953125,4462.39990234375,4458.2001953125,4462.10009765625,280
1786392000000,4462.2998046875,4464.5,4456,4464.39990234375,773
1786392300000,4464.39990234375,4466,4462.60009765625,4465.60009765625,323
1786392600000,4465.89990234375,4468.60009765625,4463.60009765625,4464.7998046875,525
1786392900000,4464.60009765625,4467.2001953125,4463.7998046875,4465.39990234375,226
1786393200000,4465.2998046875,4471.60009765625,4465.2998046875,4471.5,595
1786393500000,4471.39990234375,4475.5,4471.10009765625,4473.5,650
1786393800000,4473.10009765625,4473.2998046875,4470.39990234375,4471.89990234375,228
1786394100000,4471.7998046875,4472.89990234375,4467.7001953125,4471.10009765625,312
1786394400000,4470.7001953125,4473.2998046875,4466.5,4473.2001953125,503
1786394700000,4473.5,4478.60009765625,4469.39990234375,4472.2998046875,826
1786395000000,4472.39990234375,4472.39990234375,4468.89990234375,4468.89990234375,159
1786395300000,4469.2998046875,4471.2001953125,4467.2998046875,4468.5,245
1786395600000,4469,4469.2001953125,4453,4460.2001953125,1690
1786395900000,4460.2001953125,4468.7998046875,4458.60009765625,4468.10009765625,755
1786396200000,4468.2001953125,4475,4468.10009765625,4473.89990234375,640
1786396500000,4473.7998046875,4479.39990234375,4472.5,4474.39990234375,711
1786396800000,4474.2998046875,4480,4473.39990234375,4474.39990234375,450
1786397100000,4474.89990234375,4479.39990234375,4473.2001953125,4479.2001953125,388
1786397400000,4479.39990234375,4481.89990234375,4478.10009765625,4480.2001953125,532
1786397700000,4479.89990234375,4480.7998046875,4476.7998046875,4479.7998046875,417
1786398000000,4480,4483.10009765625,4475.39990234375,4475.5,705
1786398300000,4475.39990234375,4487.5,4474.60009765625,4486.60009765625,878
1786398600000,4487,4491.5,4485.2998046875,4491.5,635
1786398900000,4491.39990234375,4493.7001953125,4488.5,4489.2001953125,796
1786399200000,4489.2001953125,4489.7001953125,4483.5,4486.7998046875,794
1786399500000,4486.5,4489.2998046875,4481,4483.10009765625,492
1786399800000,4483.2998046875,4494.5,4482.89990234375,4494,690
1786400100000,4494,4495,4491.60009765625,4491.7998046875,551
1786400400000,4491.5,4492,4486.10009765625,4486.2001953125,496
1786400700000,4486,4490.10009765625,4486,4488.5,482
1786401000000,4488.2001953125,4489.10009765625,4484.10009765625,4486.2998046875,605
1786401300000,4486.7001953125,4486.89990234375,4473.89990234375,4476,714
1786401600000,4476.2998046875,4481.39990234375,4476,4478.60009765625,303
1786401900000,4478.39990234375,4479.2998046875,4474.89990234375,4475,354
1786402200000,4474.7998046875,4475.2001953125,4469.39990234375,4471.60009765625,538
1786402500000,4471.60009765625,4473,4468,4470.7998046875,285
1786402800000,4470.7001953125,4474.60009765625,4470.5,4473.39990234375,180
1786403100000,4473.5,4475,4469.60009765625,4473.7001953125,275
1786403400000,4473.39990234375,4475.2001953125,4472.10009765625,4473.5,166
1786403700000,4473.39990234375,4477.2001953125,4473.10009765625,4477.2001953125,199
1786404000000,4476.60009765625,4478.10009765625,4474.39990234375,4475.7001953125,208
1786404300000,4475.7001953125,4480.7998046875,4475.60009765625,4480,243
1786404600000,4480.2998046875,4481.39990234375,4478.5,4479.60009765625,163
1786404900000,4479.5,4480,4478.2001953125,4478.5,82
1786405200000,4478.60009765625,4479.60009765625,4475.2001953125,4475.7001953125,203
1786405500000,4475.7998046875,4477.89990234375,4473.7001953125,4474.2001953125,273
1786405800000,4474.7998046875,4478.60009765625,4473.7998046875,4476.39990234375,213
1786406100000,4476.39990234375,4477.39990234375,4476,4477,29
1786406400000,4476.5,4479.2001953125,4476.2998046875,4477,196
1786406700000,4477.2998046875,4478,4473.7001953125,4473.7001953125,238
1786407000000,4474,4474,4472,4473.7001953125,255
1786407300000,4474.2998046875,4475.89990234375,4472.5,4473.10009765625,244
1786407600000,4472.89990234375,4473.2998046875,4469.7001953125,4472.7001953125,215
1786407900000,4472.7001953125,4475.10009765625,4470.60009765625,4474.89990234375,224
1786408200000,4474.60009765625,4480.2998046875,4470.7998046875,4475.89990234375,744
1786408500000,4476.10009765625,4476.10009765625,4470.7998046875,4474,362
1786408800000,4473.7998046875,4474.7998046875,4468.2001953125,4469.89990234375,297
1786409100000,4470,4471.2001953125,4466.7998046875,4467.60009765625,225
1786409400000,4467.39990234375,4468,4465.2001953125,4466.2001953125,528
1786409700000,4465.7998046875,4469.10009765625,4463.2998046875,4468.7001953125,338
1786410000000,4468.7998046875,4468.89990234375,4464.7001953125,4465.7001953125,167
1786410300000,4465,4466,4462.39990234375,4465.7001953125,211
1786410600000,4466,4466,4459,4462.10009765625,408
1786410900000,4461.60009765625,4461.89990234375,4457.2998046875,4458.5,446
1786411200000,4458.2998046875,4459.2998046875,4455.7998046875,4457.5,435
1786411500000,4457.39990234375,4457.5,4450,4451.7998046875,765
1786411800000,4451.60009765625,4451.60009765625,4432.2001953125,4443.89990234375,2824
1786412100000,4443.7001953125,4445.60009765625,4437,4439.2998046875,767
1786412400000,4439.2998046875,4439.89990234375,4433.5,4437.10009765625,659
1786412700000,4436.89990234375,4438.2998046875,4431.7998046875,4431.7998046875,567
1786413000000,4431.7001953125,4433.5,4428.2998046875,4430,748
1786413300000,4430.10009765625,4435.2998046875,4427.10009765625,4435.2001953125,762
1786413600000,4434.7001953125,4440.39990234375,4431.2998046875,4439.10009765625,1106
1786413900000,4439.10009765625,4442,4437.7001953125,4442,489
1786414200000,4441.60009765625,4441.60009765625,4432.10009765625,4432.2001953125,521
1786414500000,4432.10009765625,4435.2001953125,4428.5,4428.7998046875,562
1786414800000,4428.89990234375,4433.7998046875,4426.5,4433.10009765625,684
1786415100000,4433.10009765625,4433.10009765625,4421,4422.89990234375,1089
1786415400000,4422.7998046875,4427,4418.7998046875,4422,998
1786415700000,4422.5,4427.5,4419.89990234375,4427.5,480
1786416000000,4427,4428.60009765625,4422.5,4422.89990234375,237
1786416300000,4422.89990234375,4426.2998046875,4422.10009765625,4425.60009765625,191
1786416600000,4426.10009765625,4426.60009765625,4419.7001953125,4420.39990234375,514
1786416900000,4420.7998046875,4425.2998046875,4418.7001953125,4425.2998046875,460
1786417200000,4425.2001953125,4426.5,4421,4422.2001953125,567
1786417500000,4422.2001953125,4423.89990234375,4420.39990234375,4420.7998046875,228
1786417800000,4420.7001953125,4423.60009765625,4420.39990234375,4422.39990234375,252
1786418100000,4422.5,4422.60009765625,4416.7998046875,4418.7998046875,448
1786418400000,4419,4421.10009765625,4416.60009765625,4419.5,402
1786418700000,4419.5,4425.2001953125,4419,4422.2001953125,365
1786419000000,4422.5,4424.10009765625,4417.7998046875,4420.2001953125,342
1786419300000,4420.39990234375,4422.89990234375,4417.89990234375,4417.89990234375,198
1786419600000,4418.2001953125,4418.2998046875,4415.7001953125,4417.5,359
1786419900000,4417.7998046875,4418.60009765625,4416.60009765625,4418.10009765625,205
1786420200000,4418.2998046875,4420.7001953125,4416.7998046875,4419.2001953125,474
1786420500000,4419,4419.2001953125,4415.7998046875,4416.60009765625,192
1786420800000,4417.10009765625,4423.7001953125,4416.10009765625,4422.5,426
1786421100000,4422.2998046875,4426.5,4421.7998046875,4424.7998046875,561
1786421400000,4424.7001953125,4426.2001953125,4423.2998046875,4424.2998046875,326
1786421700000,4424.2001953125,4424.5,4419,4421.5,298
1786422000000,4421,4423.5,4418,4423.5,615
1786422300000,4423.2998046875,4428.39990234375,4422.89990234375,4427.7001953125,391
1786422600000,4427.5,4431.2998046875,4427.39990234375,4430,694
1786422900000,4429.7001953125,4433.7998046875,4429.5,4433.2998046875,473
1786423200000,4432.7998046875,4434.60009765625,4432.7001953125,4433.2998046875,227
1786423500000,4433.60009765625,4434.10009765625,4431.10009765625,4433,456
1786423800000,4432.7998046875,4435.5,4429.89990234375,4430.10009765625,515
1786424100000,4430,4431.2001953125,4427.7001953125,4428.10009765625,320
1786424400000,4428,4430.5,4426.10009765625,4429.7001953125,443
1786424700000,4430,4431.2998046875,4428.60009765625,4429,128
1786425000000,4429.2001953125,4431.7998046875,4428.7001953125,4431.2001953125,170
1786425300000,4431.2001953125,4432.7001953125,4429.89990234375,4432.7001953125,146
1786425600000,4432.5,4434.39990234375,4429.7001953125,4431.7001953125,524
1786425900000,4431.5,4434.39990234375,4429.5,4430.2998046875,561
1786426200000,4430.5,4433.89990234375,4428.7998046875,4432.60009765625,744
1786426500000,4432.5,4433.60009765625,4430.7001953125,4431.7001953125,197
1786426800000,4432.2998046875,4433.2998046875,4429.5,4429.5,245
1786427100000,4429.2001953125,4433.7998046875,4429.10009765625,4432.5,195
1786427400000,4432.89990234375,4432.89990234375,4429.89990234375,4430.7001953125,155
1786427700000,4430.5,4432,4430,4431.39990234375,113
1786428000000,4431.2998046875,4433.10009765625,4430,4431.39990234375,203
1786428300000,4430.7001953125,4433.60009765625,4430.2998046875,4432.5,131
1786428600000,4432.89990234375,4435,4431.7001953125,4431.7001953125,205
1786428900000,4431.7001953125,4433.7998046875,4431.5,4431.5,108
1786429200000,4431.39990234375,4436.89990234375,4431.2001953125,4436.60009765625,405
1786429500000,4436.2001953125,4441,4435.5,4437.2998046875,653
1786429800000,4437.2998046875,4440.10009765625,4436.89990234375,4437.60009765625,428
1786430100000,4437.7001953125,4438.5,4436.2001953125,4436.5,189
1786430400000,4436.39990234375,4437.2998046875,4435.5,4436.2001953125,258
1786430700000,4436.60009765625,4439.7001953125,4436.2001953125,4439.7001953125,249
1786431000000,4439.7001953125,4440.89990234375,4438.7998046875,4439.2998046875,279
1786431300000,4439,4441.2001953125,4437.2998046875,4441.2001953125,268
1786431600000,4441.10009765625,4451.7998046875,4439.10009765625,4449.7998046875,1699
1786431900000,4449.89990234375,4451.10009765625,4446.89990234375,4448.7998046875,785
1786432200000,4449,4450.7001953125,4446.2998046875,4449.5,435
1786432500000,4449.7998046875,4450.5,4446.60009765625,4448.39990234375,400
1786432800000,4448.5,4449.7998046875,4444.10009765625,4444.60009765625,541
1786433100000,4444.7001953125,4447,4443.60009765625,4445.7001953125,284
1786433400000,4445.89990234375,4446.39990234375,4443.7998046875,4444.89990234375,222
1786433700000,4444.5,4445.5,4441.7998046875,4443,281
1786434000000,4443,4444.89990234375,4441.39990234375,4444.60009765625,364
1786434300000,4444.39990234375,4447.60009765625,4444,4445.89990234375,768
1786434600000,4446.10009765625,4448.10009765625,4443.39990234375,4446.10009765625,363
1786434900000,4445.89990234375,4446.89990234375,4444.2001953125,4446.10009765625,148
1786435200000,4446.2001953125,4446.2001953125,4442.2001953125,4444,403
1786435500000,4443.89990234375,4453.7998046875,4443.7001953125,4452,997
1786435800000,4452.5,4456,4450.2001953125,4455.10009765625,930
1786436100000,4455.60009765625,4456.39990234375,4451.2001953125,4454.10009765625,546
1786436400000,4454.39990234375,4458.39990234375,4446.60009765625,4447.7998046875,2426
1786436700000,4447.7998046875,4451.39990234375,4446.2001953125,4449.2001953125,808
1786437000000,4449.7001953125,4453.2998046875,4446.7998046875,4448.2998046875,936
1786437300000,4448.2001953125,4450.2998046875,4447.10009765625,4447.89990234375,713
1786437600000,4448.5,4457.2998046875,4448,4456.89990234375,1386
1786437900000,4457,4458.7998046875,4453.89990234375,4455.89990234375,780
1786438200000,4455.89990234375,4456.2998046875,4451.2001953125,4451.7001953125,604
1786438500000,4452,4452.60009765625,4450.2001953125,4450.60009765625,332
1786438800000,4450.7001953125,4457.7998046875,4449.7001953125,4451.2001953125,1108
1786439100000,4451.2998046875,4457.7998046875,4451.2998046875,4457.7001953125,474
1786439400000,4457.7998046875,4459.7001953125,4452.7998046875,4452.7998046875,772
1786439700000,4452.7001953125,4454.39990234375,4448.39990234375,4453.2998046875,833
1786440000000,4453.2001953125,4459.89990234375,4453.2001953125,4457.2001953125,806
1786440300000,4456.7001953125,4459.10009765625,4454.7001953125,4456.7998046875,411
1786440600000,4457.2001953125,4459.39990234375,4448.89990234375,4451.5,1110
1786440900000,4451.2001953125,4459.10009765625,4447.7001953125,4458.7001953125,1234
1786441200000,4459,4460.89990234375,4457.10009765625,4458.7001953125,1013
1786441500000,4459.10009765625,4463.2998046875,4451.60009765625,4454,1542
1786441800000,4454.39990234375,4455.7001953125,4442.89990234375,4446.39990234375,1233
1786442100000,4446.2998046875,4453.39990234375,4445.60009765625,4448.2001953125,1263
1786442400000,4448.2001953125,4449.2998046875,4439.89990234375,4444,1795
1786442700000,4444.39990234375,4446.10009765625,4441.60009765625,4443.7998046875,1353
1786443000000,4443.7998046875,4446.2998046875,4441.2998046875,4445.60009765625,660
1786443300000,4445.89990234375,4449.2998046875,4442.10009765625,4444.89990234375,676
1786443600000,4444.5,4448.89990234375,4440.60009765625,4443.60009765625,732
1786443900000,4443.39990234375,4447,4441.10009765625,4443.10009765625,733
1786444200000,4443,4450.2998046875,4443,4449.7998046875,1194
1786444500000,4449.89990234375,4452.7001953125,4448.7001953125,4451,708
1786444800000,4451.39990234375,4454.7998046875,4450.10009765625,4453,491
1786445100000,4453,4455.5,4452.10009765625,4452.89990234375,414
1786445400000,4452.7998046875,4454.89990234375,4451.10009765625,4454.7998046875,378
1786445700000,4454.7998046875,4457.39990234375,4452.2998046875,4453.60009765625,1046
1786446000000,4453.60009765625,4458.2001953125,4452.39990234375,4456,689
1786446300000,4456.2998046875,4456.7998046875,4449.39990234375,4450.5,741
1786446600000,4450.2998046875,4455.60009765625,4448.60009765625,4451.39990234375,517
1786446900000,4451.2998046875,4451.60009765625,4441.2001953125,4445.2001953125,1600
1786447200000,4445,4448.7001953125,4442.39990234375,4443.10009765625,858
1786447500000,4442.7998046875,4446.5,4440.89990234375,4445.7998046875,520
1786447800000,4445.5,4445.7998046875,4435.2998046875,4436.5,1229
1786448100000,4436.60009765625,4438.39990234375,4430.7001953125,4430.7001953125,1341
1786448400000,4430.60009765625,4435.60009765625,4428.2001953125,4435.10009765625,1016
1786448700000,4435.2001953125,4437.39990234375,4434.2998046875,4435.7001953125,545
1786449000000,4435.60009765625,4440.10009765625,4434.89990234375,4440.10009765625,667
1786449300000,4440.2998046875,4443.39990234375,4439.2001953125,4443.2001953125,557
1786449600000,4443.5,4444.39990234375,4440.5,4440.5,557
1786449900000,4440.5,4441.2001953125,4438.2998046875,4439.2998046875,329
1786450200000,4440.10009765625,4441.39990234375,4438.2001953125,4439.60009765625,221
1786450500000,4439.39990234375,4441.2001953125,4438.39990234375,4438.89990234375,132
1786450800000,4438.60009765625,4442.5,4438.2001953125,4441.2001953125,259
1786451100000,4441.10009765625,4443.2001953125,4440.2001953125,4442.39990234375,173
1786451400000,4442.60009765625,4442.89990234375,4438.89990234375,4442.10009765625,261
1786451700000,4442,4444.39990234375,4441.89990234375,4443.2998046875,367
1786452000000,4443.2998046875,4445.2998046875,4442.5,4444.39990234375,230
1786452300000,4444.5,4445,4441.39990234375,4442.5,181
1786452600000,4442.39990234375,4442.39990234375,4440.60009765625,4441.89990234375,242
1786452900000,4441.89990234375,4444.7998046875,4441.60009765625,4443.10009765625,360
1786453200000,4443.2998046875,4445.2998046875,4442.2001953125,4443.2001953125,357
1786453500000,4443.2998046875,4445.7001953125,4441.39990234375,4444.2998046875,207
1786453800000,4444.2001953125,4444.5,4440.7998046875,4440.89990234375,457
1786454100000,4440.60009765625,4443.2001953125,4439.39990234375,4442.7998046875,514
1786454400000,4442.60009765625,4443.7998046875,4439.2001953125,4440.10009765625,676
1786454700000,4440.7001953125,4442.7998046875,4438.2998046875,4440.7998046875,1644
1786455000000,4440.60009765625,4441.5,4435.5,4436.10009765625,781
1786455300000,4436,4436.7998046875,4433.89990234375,4436.2001953125,339
1786455600000,4436.5,4437.7998046875,4435.60009765625,4435.7001953125,301
1786455900000,4435.2998046875,4437.10009765625,4434.5,4436,161
1786456200000,4436.2001953125,4436.2998046875,4432.2998046875,4432.2998046875,408
1786456500000,4432.5,4432.7998046875,4428.2001953125,4428.2998046875,715
1786456800000,4428.5,4428.7001953125,4423,4424.7001953125,1275
1786457100000,4424.7001953125,4426.2998046875,4420.2001953125,4420.7001953125,606
1786457400000,4421.2998046875,4423.60009765625,4419.7001953125,4423.10009765625,714
1786457700000,4423,4426.5,4423,4425.89990234375,482
1786458000000,4425.89990234375,4425.89990234375,4421.10009765625,4423.7998046875,646
1786458300000,4423.7001953125,4424.60009765625,4419.7001953125,4420.5,310
1786458600000,4420.39990234375,4427.2001953125,4420.2998046875,4426.60009765625,335
1786458900000,4427,4430.2001953125,4426.60009765625,4429.5,464
1786459200000,4429.2001953125,4431,4427.89990234375,4430.2001953125,260
1786459500000,4430.39990234375,4431.89990234375,4429.7001953125,4430.39990234375,315
1786459800000,4430.60009765625,4431.60009765625,4430.39990234375,4430.89990234375,158
1786460100000,4430.7001953125,4431.10009765625,4428.89990234375,4430.39990234375,216
1786460400000,4430.39990234375,4431.2001953125,4425.89990234375,4426,450
1786460700000,4426.10009765625,4426.10009765625,4422.2998046875,4423.7998046875,836
1786461000000,4423.7001953125,4426.5,4422.2998046875,4422.39990234375,714
1786461300000,4423,4423.5,4420,4421.60009765625,304
1786461600000,4421.60009765625,4428.2998046875,4420.89990234375,4428,1067
1786461900000,4427.7998046875,4430.2001953125,4426.2001953125,4429.7001953125,459
1786462200000,4429.7998046875,4433.60009765625,4429.7998046875,4430.7001953125,408
1786462500000,4430.60009765625,4430.7998046875,4427.7001953125,4429.7998046875,594
1786462800000,4429.5,4429.60009765625,4425.7001953125,4427.10009765625,195
1786463100000,4427.39990234375,4429.7001953125,4426.10009765625,4429.39990234375,202
1786463400000,4429.10009765625,4430,4425.60009765625,4428.39990234375,258
1786463700000,4428.2001953125,4432.10009765625,4428.2001953125,4429.7001953125,589
1786464000000,4429.2998046875,4429.89990234375,4427.10009765625,4428.10009765625,247
1786464300000,4428.2998046875,4429.7001953125,4427.60009765625,4429.2001953125,109
1786464600000,4429,4430,4429,4429.5,30
1786464900000,4428.89990234375,4429.2001953125,4426.5,4426.89990234375,66
1786465200000,4427.10009765625,4428.89990234375,4426.7998046875,4428.89990234375,41
1786465500000,4428.89990234375,4430,4428.5,4429.2998046875,110
1786465800000,4429.5,4429.5,4428.7001953125,4429,44
1786466100000,4429.10009765625,4429.10009765625,4428,4428.7001953125,38
1786466400000,4428.5,4428.5,4426.60009765625,4426.7001953125,48
1786466700000,4426.39990234375,4426.89990234375,4426.10009765625,4426.39990234375,54
1786467000000,4426.60009765625,4427,4426.10009765625,4426.39990234375,43
1786467300000,4427,4428.2998046875,4426.7001953125,4427.7998046875,75
1786471200000,4430,4431.5,4427.7998046875,4431.2998046875,0
1786471500000,4430.89990234375,4433,4430.7001953125,4432.5,129
1786471800000,4432.39990234375,4433.60009765625,4432.10009765625,4432.2001953125,66
1786472100000,4432.39990234375,4433.39990234375,4431.5,4432.7998046875,259
1786472400000,4433,4434.7001953125,4432.89990234375,4434.2001953125,252
1786472700000,4434.2001953125,4435.2001953125,4434,4434.89990234375,162
1786473000000,4434.89990234375,4436.2998046875,4434.5,4435.39990234375,292
1786473300000,4435.10009765625,4435.7998046875,4434.2998046875,4434.7998046875,166
1786473600000,4434.89990234375,4435,4433.5,4434.5,240
1786473900000,4435,4437.7998046875,4432.7001953125,4433.5,541
1786474200000,4433.7001953125,4434.2998046875,4429.5,4433,605
1786474500000,4433.2001953125,4433.89990234375,4426.10009765625,4427.89990234375,380
1786474800000,4428.7001953125,4428.7001953125,4422.60009765625,4423.7001953125,633
1786475100000,4424,4428.5,4421.39990234375,4423.60009765625,574
1786475400000,4423.7001953125,4428.7001953125,4423.39990234375,4425.39990234375,471
1786475700000,4424.7001953125,4430.2998046875,4424,4429.5,349
1786476000000,4429.60009765625,4433,4429.60009765625,4431.2001953125,229
1786476300000,4431,4432.89990234375,4426.7001953125,4431.60009765625,490
1786476600000,4431.5,4431.60009765625,4425.60009765625,4427.60009765625,415
1786476900000,4427.2001953125,4427.7998046875,4426.39990234375,4426.7001953125,43
1786477200000,4427.2001953125,4427.2001953125,4426.2001953125,4426.7001953125,38
1786477500000,4427,4429.5,4427,4428.2001953125,92
1786477800000,4427.60009765625,4428.7001953125,4427.2001953125,4428.7001953125,55
1786478100000,4429.2998046875,4431,4428.89990234375,4430.39990234375,73
1786478400000,4430.60009765625,4430.60009765625,4426,4427.7001953125,304
1786478700000,4428,4430.2998046875,4427.10009765625,4430.2998046875,169
1786479000000,4430.2001953125,4438.39990234375,4429.7001953125,4437.5,240
1786479300000,4437.2998046875,4439.2001953125,4433.2001953125,4439.2001953125,259
1786479600000,4439.39990234375,4439.7998046875,4436.7998046875,4438.39990234375,118
1786479900000,4438.2001953125,4440.5,4437.10009765625,4440,172
1786480200000,4440.5,4442.7998046875,4438.7998046875,4440.7001953125,377
1786480500000,4441,4442.89990234375,4440.39990234375,4440.7001953125,173
1786480800000,4441.2998046875,4442.60009765625,4440.39990234375,4442.39990234375,128
1786481100000,4442.2998046875,4442.5,4440.5,4440.89990234375,85
1786481400000,4441,4441.39990234375,4437.5,4438,177
1786481700000,4437.5,4441.10009765625,4437.2001953125,4440.2001953125,157
1786482000000,4440.2998046875,4445,4438,4443.39990234375,683
1786482300000,4444.2001953125,4447.2998046875,4441.89990234375,4447.10009765625,347
1786482600000,4446.60009765625,4450.2001953125,4446.60009765625,4449.60009765625,519
1786482900000,4450.2001953125,4451.5,4446.2001953125,4450.7998046875,501
1786483200000,4450.89990234375,4454,4448.7998046875,4450.5,395
1786483500000,4450.10009765625,4451.5,4449.2001953125,4450,142
1786483800000,4450.10009765625,4450.7998046875,4445.39990234375,4447.10009765625,385
1786484100000,4446.60009765625,4451,4444.7001953125,4446.7998046875,393
1786484400000,4447.10009765625,4452.89990234375,4446.7001953125,4452.39990234375,285
1786484700000,4452.5,4455.7998046875,4450.7998046875,4454.5,382
1786485000000,4454.89990234375,4456.7998046875,4454.2998046875,4454.60009765625,362
1786485300000,4454.7998046875,4456.89990234375,4452.7998046875,4456.2001953125,343
1786485600000,4456.10009765625,4456.7001953125,4453.89990234375,4456.39990234375,423
1786485900000,4456,4457.7998046875,4455,4456.89990234375,336
1786486200000,4457,4464,4457,4460.89990234375,885
1786486500000,4460.7001953125,4461.7998046875,4458.5,4460.60009765625,388
1786486800000,4460.5,4462.7001953125,4459.89990234375,4461.39990234375,372
1786487100000,4461.2998046875,4462,4460.10009765625,4461.5,198
1786487400000,4461.2998046875,4462.7001953125,4457.2998046875,4457.7998046875,395
1786487700000,4457.7998046875,4459.39990234375,4456.7001953125,4458.7998046875,314
1786488000000,4459,4467.60009765625,4458.7998046875,4464.89990234375,842
1786488300000,4465,4470.7001953125,4464.7001953125,4469.10009765625,545
1786488600000,4468.7998046875,4474.2001953125,4468.7998046875,4473.2998046875,706
1786488900000,4473,4473.39990234375,4470.39990234375,4470.7998046875,457
1786489200000,4471.10009765625,4474.10009765625,4468.2998046875,4469.2001953125,505
1786489500000,4469.2001953125,4475.7001953125,4468.10009765625,4473.39990234375,523
1786489800000,4473.5,4474.60009765625,4470.39990234375,4470.7001953125,349
1786490100000,4470.5,4470.60009765625,4466.39990234375,4467.10009765625,368
1786490400000,4467.39990234375,4467.5,4464.5,4466.5,271
1786490700000,4466.39990234375,4468.2001953125,4466,4467.10009765625,252
1786491000000,4468.2998046875,4468.7998046875,4464.7998046875,4465.39990234375,238
1786491300000,4465.39990234375,4466.5,4463.7998046875,4464.2001953125,194
1786491600000,4464,4464.5,4461.39990234375,4461.60009765625,395
1786491900000,4461.5,4463.39990234375,4461.39990234375,4462.5,173
1786492200000,4462.60009765625,4463.7998046875,4460.60009765625,4461.89990234375,228
1786492500000,4461.7998046875,4462.7998046875,4460.7001953125,4461.7998046875,116
1786492800000,4462.39990234375,4463.10009765625,4461.2998046875,4462.7998046875,120
1786493100000,4462.89990234375,4463,4459.60009765625,4460,169
1786493400000,4460.2998046875,4460.2998046875,4456.39990234375,4457.5,430
1786493700000,4457.2001953125,4457.2001953125,4455.39990234375,4456.5,149
1786494000000,4456.7001953125,4458.5,4456.5,4457.5,200
1786494300000,4457.7001953125,4459.5,4457.39990234375,4459.10009765625,109
1786494600000,4459.2998046875,4459.2998046875,4457.2001953125,4459,87
1786494900000,4459,4460.10009765625,4458,4459,176
1786495200000,4458.89990234375,4460.2001953125,4455.2998046875,4460.2001953125,303
1786495500000,4459.7998046875,4462.39990234375,4459.5,4461.39990234375,282
1786495800000,4461.39990234375,4462,4459.5,4459.5,113
1786496100000,4459.60009765625,4461.10009765625,4459.10009765625,4461,201
1786496400000,4460.89990234375,4462.10009765625,4460,4461.60009765625,195
1786496700000,4462.2001953125,4464.89990234375,4460.89990234375,4464.7001953125,306
1786497000000,4464.2998046875,4465.10009765625,4460.89990234375,4461,280
1786497300000,4460.7001953125,4460.7001953125,4456.89990234375,4458.39990234375,301
1786497600000,4458.7998046875,4458.89990234375,4451.89990234375,4454,558
1786497900000,4453.89990234375,4455.60009765625,4452.39990234375,4452.39990234375,363
1786498200000,4452.2001953125,4456.7001953125,4449,4451.7998046875,660
1786498500000,4452.2998046875,4455,4450.7001953125,4453.60009765625,306
1786498800000,4453.10009765625,4454.10009765625,4447.89990234375,4448,263
1786499100000,4447.7998046875,4449.2001953125,4445.2001953125,4445.5,538
1786499400000,4445.2998046875,4449.2998046875,4444,4449.2998046875,282
1786499700000,4449,4454.10009765625,4448.7001953125,4451,487
1786500000000,4450.89990234375,4452.89990234375,4447.2001953125,4448.39990234375,493
1786500300000,4448.10009765625,4448.39990234375,4445.2998046875,4446.5,202
1786500600000,4446.39990234375,4448.5,4445.5,4447.2998046875,201
1786500900000,4446.89990234375,4450.2998046875,4445.7998046875,4449.39990234375,224
1786501200000,4449.2001953125,4450.60009765625,4448,4449.10009765625,264
1786501500000,4449.5,4450.2001953125,4447.10009765625,4449.60009765625,186
1786501800000,4449.89990234375,4450.5,4448.5,4449.60009765625,246
1786502100000,4449.60009765625,4455,4448.7998046875,4453.7001953125,636
1786502400000,4453.7998046875,4457.39990234375,4453.5,4453.89990234375,418
1786502700000,4454.39990234375,4460.60009765625,4454.39990234375,4459.7998046875,551
1786503000000,4459.60009765625,4463.2998046875,4459.5,4460.89990234375,502
1786503300000,4460.89990234375,4466.10009765625,4460.89990234375,4463.2001953125,631
1786503600000,4463,4465.7001953125,4460.5,4460.89990234375,583
1786503900000,4460.89990234375,4462.7998046875,4460.39990234375,4461.39990234375,307
1786504200000,4461.7998046875,4465.39990234375,4460.60009765625,4460.7998046875,362
1786504500000,4460.7998046875,4460.7998046875,4457.89990234375,4458.5,350
1786504800000,4458.60009765625,4459.89990234375,4457.39990234375,4459.5,196
1786505100000,4459.60009765625,4462.10009765625,4459,4461.7001953125,267
1786505400000,4461.7001953125,4464.89990234375,4460.7998046875,4463.10009765625,326
1786505700000,4463.2998046875,4467,4462.7998046875,4466.7001953125,389
1786506000000,4466.7001953125,4467.7998046875,4465.10009765625,4467.5,368
1786506300000,4467.2998046875,4469.39990234375,4465.39990234375,4468,668
1786506600000,4468.5,4469.5,4467,4468.2998046875,315
1786506900000,4468.10009765625,4468.10009765625,4464.10009765625,4465.89990234375,306
1786507200000,4465.89990234375,4469.7998046875,4465.2998046875,4468.2998046875,369
1786507500000,4468.2001953125,4470.10009765625,4466.89990234375,4466.89990234375,218
1786507800000,4466.89990234375,4469,4466.89990234375,4467.89990234375,247
1786508100000,4467.89990234375,4468.2001953125,4465.7998046875,4466.7001953125,199
1786508400000,4466.89990234375,4469,4466.89990234375,4467.7998046875,290
1786508700000,4467.60009765625,4468,4465,4466.60009765625,267
1786509000000,4466.39990234375,4466.89990234375,4464.2998046875,4465.2998046875,498
1786509300000,4465,4465.60009765625,4463.89990234375,4465.10009765625,161
1786509600000,4464.89990234375,4465.39990234375,4463.60009765625,4464.89990234375,150
1786509900000,4464.60009765625,4464.60009765625,4461.89990234375,4463.2998046875,180
1786510200000,4463.60009765625,4464.2001953125,4462.5,4462.5,107
1786510500000,4462.2998046875,4462.60009765625,4460.60009765625,4460.60009765625,147
1786510800000,4460.89990234375,4467,4460.89990234375,4466.39990234375,253
1786511100000,4466.39990234375,4468.60009765625,4466,4468.10009765625,479
1786511400000,4468.2998046875,4472.7001953125,4467.2998046875,4472.2001953125,625
1786511700000,4472.60009765625,4477.39990234375,4471.7998046875,4475.10009765625,607
1786512000000,4475.10009765625,4484.2001953125,4472.89990234375,4483.60009765625,1165
1786512300000,4483.2001953125,4483.5,4472.5,4472.7001953125,818
1786512600000,4472.7001953125,4475.7001953125,4471.60009765625,4473.89990234375,669
1786512900000,4474,4476.10009765625,4472.2998046875,4475.89990234375,363
1786513200000,4475.7998046875,4476.7998046875,4472.60009765625,4473.39990234375,393
1786513500000,4473.2998046875,4474,4472,4472.2998046875,192
1786513800000,4472.5,4476.2001953125,4470,4471.2998046875,436
1786514100000,4471.39990234375,4476.10009765625,4470.7998046875,4475.39990234375,664
1786514400000,4475.5,4475.7998046875,4474.10009765625,4474.2998046875,159
1786514700000,4474.7001953125,4479.7998046875,4474.7001953125,4477.5,585
1786515000000,4477.39990234375,4479.10009765625,4476.60009765625,4477.7001953125,266
1786515300000,4477.7998046875,4479.5,4476.89990234375,4479.2998046875,322
1786515600000,4479.2001953125,4480.2001953125,4478.2001953125,4478.2998046875,285
1786515900000,4478.60009765625,4480.39990234375,4477.39990234375,4479.2001953125,216
1786516200000,4479.2001953125,4479.2001953125,4476.2001953125,4476.2001953125,466
1786516500000,4476.2998046875,4476.2998046875,4472.2001953125,4473.39990234375,342
1786516800000,4473.7001953125,4474.60009765625,4472.7001953125,4474.2001953125,235
1786517100000,4474.10009765625,4475,4465.89990234375,4468.60009765625,743
1786517400000,4468.60009765625,4470.39990234375,4467.60009765625,4469.7998046875,263
1786517700000,4470.10009765625,4472.2998046875,4469.2001953125,4472,228
1786518000000,4472.2998046875,4474.5,4470.39990234375,4470.89990234375,284
1786518300000,4470.7998046875,4471.60009765625,4469,4470.39990234375,336
1786518600000,4470.39990234375,4470.89990234375,4467.2001953125,4467.60009765625,474
1786518900000,4467.7001953125,4469.89990234375,4467.5,4469.7001953125,232
1786519200000,4469.7001953125,4471.10009765625,4469.39990234375,4470.5,146
1786519500000,4470.60009765625,4476.60009765625,4469.7998046875,4474.60009765625,931
1786519800000,4474.89990234375,4475.7001953125,4472.7998046875,4473,280
1786520100000,4473.10009765625,4473.60009765625,4469.89990234375,4471.60009765625,199
1786520400000,4471.7001953125,4473.7998046875,4471.60009765625,4473,201
1786520700000,4473.2001953125,4474.10009765625,4472.2998046875,4473.2998046875,193
1786521000000,4473.5,4474.10009765625,4472.5,4474,471
1786521300000,4474.10009765625,4475.2998046875,4472.10009765625,4472.39990234375,370
1786521600000,4472.39990234375,4472.60009765625,4467.2998046875,4468.10009765625,489
1786521900000,4468.2998046875,4468.7001953125,4466.10009765625,4466.7998046875,655
1786522200000,4466.60009765625,4468.89990234375,4465.5,4468.10009765625,576
1786522500000,4468,4468.39990234375,4465.89990234375,4467.7998046875,570
1786522800000,4467.7998046875,4469.10009765625,4464.2998046875,4465.89990234375,1123
1786523100000,4465.7998046875,4487.7001953125,4463.5,4487.7001953125,1843
1786523400000,4488,4492.89990234375,4440,4484.7001953125,8270
1786523700000,4484.60009765625,4490.60009765625,4475.2001953125,4489.2001953125,2768
1786524000000,4489,4498,4483.60009765625,4488.2998046875,4835
1786524300000,4488.5,4488.5,4475.89990234375,4481.2998046875,1773
1786524600000,4481.39990234375,4488.60009765625,4481,4487.7001953125,985
1786524900000,4487.5,4499.2998046875,4486.7998046875,4498.2001953125,1708
1786525200000,4497.7998046875,4502.7001953125,4486.7998046875,4492.5,3391
1786525500000,4492.2998046875,4494.60009765625,4487.7998046875,4489.7001953125,825
1786525800000,4490.2001953125,4490.89990234375,4480,4481.89990234375,1318
1786526100000,4481.7001953125,4488.89990234375,4480.7001953125,4484,1011
1786526400000,4484.5,4487.5,4476.7998046875,4476.7998046875,946
1786526700000,4476.60009765625,4479.2001953125,4474.39990234375,4478.2001953125,1006
1786527000000,4478.39990234375,4480.89990234375,4472,4473.5,1960
1786527300000,4473.2998046875,4479.39990234375,4470,4471.60009765625,1326
1786527600000,4471.7001953125,4480.2001953125,4468,4475.7998046875,2266
1786527900000,4476.39990234375,4488.2001953125,4475.7001953125,4487.89990234375,1724
1786528200000,4488.10009765625,4494,4486.2998046875,4492.2998046875,1416
1786528500000,4492.2998046875,4492.7001953125,4486.60009765625,4487.39990234375,1194
1786528800000,4487.5,4488.89990234375,4480.39990234375,4486.7998046875,1898
1786529100000,4486.60009765625,4490.10009765625,4486,4489.5,707
1786529400000,4489.5,4495.2001953125,4489.2001953125,4491.89990234375,1343
1786529700000,4492.10009765625,4497.7001953125,4490,4496.39990234375,964
1786530000000,4496.2998046875,4499.7998046875,4493.7998046875,4496.5,992
1786530300000,4496.39990234375,4497.2001953125,4490.2001953125,4491.5,844
1786530600000,4491.2998046875,4496,4479,4480.5,2693
1786530900000,4480.5,4483.2998046875,4476.10009765625,4477.7998046875,1280
1786531200000,4477.7001953125,4485.2001953125,4476.89990234375,4484.7998046875,1003
1786531500000,4484.7001953125,4492,4479.7001953125,4482,1482
1786531800000,4481.39990234375,4483.7998046875,4475.7998046875,4481.89990234375,1093
1786532100000,4482,4483,4478.2001953125,4481.39990234375,664
1786532400000,4481.2001953125,4482.60009765625,4474.39990234375,4475.2998046875,882
1786532700000,4475.2998046875,4482.39990234375,4474,4480.7001953125,579
1786533000000,4481,4489.5,4480.7998046875,4486.39990234375,1073
1786533300000,4486.5,4486.7998046875,4481.7001953125,4484.2001953125,609
1786533600000,4484.2998046875,4487.89990234375,4484,4486.5,399
1786533900000,4486,4486,4479.39990234375,4481.2001953125,429
1786534200000,4481.10009765625,4485,4478.10009765625,4478.60009765625,514
1786534500000,4478.5,4480.7001953125,4476.2001953125,4480.5,526
1786534800000,4480.39990234375,4481.39990234375,4476.5,4477.7001953125,361
1786535100000,4477.7998046875,4478.10009765625,4473.60009765625,4475,604
1786535400000,4475.2001953125,4476,4470.2001953125,4475.7998046875,902
1786535700000,4475.89990234375,4481.7001953125,4475.7998046875,4480.39990234375,648
1786536000000,4480.2001953125,4485.2001953125,4477.5,4480.10009765625,818
1786536300000,4479.7998046875,4481.7001953125,4477.5,4479.2001953125,484
1786536600000,4479,4483.60009765625,4476.39990234375,4482.89990234375,506
1786536900000,4483.2998046875,4485.89990234375,4482.10009765625,4484.89990234375,493
1786537200000,4485,4486.2001953125,4483.2001953125,4485.60009765625,357
1786537500000,4485.60009765625,4486.10009765625,4482.10009765625,4483,362
1786537800000,4483.10009765625,4483.7001953125,4472.89990234375,4473,875
1786538100000,4472.89990234375,4475.7998046875,4471.10009765625,4474,759
1786538400000,4474.2001953125,4475.7001953125,4469.2001953125,4470.89990234375,917
1786538700000,4470.7001953125,4471.2001953125,4462.2001953125,4462.60009765625,1214
1786539000000,4462.5,4466.2001953125,4462.39990234375,4465.2998046875,706
1786539300000,4465.2001953125,4465.2998046875,4455.89990234375,4461.7001953125,1610
1786539600000,4461.7001953125,4465.7001953125,4460.10009765625,4463.2998046875,735
1786539900000,4463.7998046875,4468,4462.7998046875,4466.89990234375,573
1786540200000,4466.89990234375,4467,4463.5,4464,444
1786540500000,4464.10009765625,4464.60009765625,4461.89990234375,4463.5,543
1786540800000,4463.7001953125,4470,4463.2998046875,4467.7998046875,756
1786541100000,4468.10009765625,4469.2001953125,4465.60009765625,4466.7001953125,1709
1786541400000,4466.7998046875,4470.89990234375,4466,4470.60009765625,619
1786541700000,4470.60009765625,4471.7001953125,4465,4465.89990234375,510
1786542000000,4466,4466,4461.5,4462.2001953125,657
1786542300000,4462.2001953125,4464.10009765625,4462.10009765625,4463.10009765625,113
1786542600000,4463.2998046875,4465.7998046875,4459.89990234375,4460.5,536
1786542900000,4460.5,4462,4459,4459.60009765625,411
1786543200000,4459.2998046875,4459.5,4456,4458.7998046875,443
1786543500000,4458.5,4463.89990234375,4458.2998046875,4463.7001953125,233
1786543800000,4464,4466.5,4464,4465.7998046875,278
1786544100000,4466,4468.2001953125,4464.39990234375,4468.2001953125,189
1786544400000,4467.7998046875,4470.7001953125,4467.39990234375,4470.7001953125,189
1786544700000,4470.7001953125,4471.39990234375,4467.2001953125,4468.39990234375,321
1786545000000,4468.39990234375,4473.10009765625,4467.89990234375,4472.7001953125,383
1786545300000,4472.2998046875,4473.10009765625,4470.60009765625,4471,176
1786545600000,4470.89990234375,4473.7001953125,4470.39990234375,4473.5,337
1786545900000,4473.7998046875,4478.10009765625,4473.39990234375,4477.39990234375,731
1786546200000,4477.2998046875,4477.39990234375,4473.7001953125,4474.2001953125,444
1786546500000,4474.10009765625,4474.39990234375,4472.89990234375,4473.2001953125,126
1786546800000,4473.2001953125,4477,4473,4476.5,290
1786547100000,4476.39990234375,4478.2998046875,4474.89990234375,4476.10009765625,232
1786547400000,4476.2001953125,4476.7998046875,4475.60009765625,4476.39990234375,93
1786547700000,4476,4477.89990234375,4475.89990234375,4477.5,67
1786548000000,4477.10009765625,4477.5,4476.2998046875,4476.5,89
1786548300000,4476.10009765625,4477.10009765625,4475.60009765625,4476.60009765625,123
1786548600000,4476.5,4476.5,4473.10009765625,4473.5,280
1786548900000,4473.60009765625,4474.10009765625,4471.2001953125,4471.7998046875,294
1786549200000,4471.7998046875,4473.2998046875,4471.2001953125,4473.2001953125,183
1786549500000,4473.2001953125,4473.2001953125,4468.5,4469.89990234375,385
1786549800000,4470.10009765625,4473.10009765625,4469.7998046875,4471.39990234375,338
1786550100000,4471.60009765625,4473.89990234375,4471.2998046875,4473.89990234375,323
1786550400000,4473.7001953125,4474.2998046875,4471.2998046875,4471.2998046875,318
1786550700000,4471.5,4472.5,4470.2998046875,4470.7001953125,105
1786551000000,4471,4471,4469,4469.2998046875,83
1786551300000,4469.10009765625,4470.10009765625,4467,4467,45
1786551600000,4467.2001953125,4468.2001953125,4466.7001953125,4467.7998046875,64
1786551900000,4467.89990234375,4468.7001953125,4467.2001953125,4467.7998046875,61
1786552200000,4467.89990234375,4467.89990234375,4466.7998046875,4466.7998046875,104
1786552500000,4466.89990234375,4468.7998046875,4466.89990234375,4468.10009765625,88
1786552800000,4468,4468.7001953125,4467.2998046875,4468.10009765625,60
1786553100000,4468,4468.7998046875,4467.10009765625,4468.39990234375,138
1786553400000,4468.60009765625,4468.89990234375,4466.7001953125,4467.60009765625,117
1786553700000,4467.7001953125,4469.10009765625,4467.5,4469,157
1786557600000,4468.7998046875,4470.2998046875,4464.2998046875,4464.39990234375,0
1786557900000,4464.2998046875,4464.39990234375,4461.5,4462.7998046875,157
1786558200000,4462.39990234375,4462.89990234375,4460.89990234375,4461.60009765625,117
1786558500000,4461.7001953125,4461.89990234375,4460.10009765625,4460.7998046875,93
1786558800000,4461,4461.60009765625,4460,4460.7998046875,57
1786559100000,4460.60009765625,4461.5,4456.5,4457.5,257
1786559400000,4457.5,4460.7001953125,4457.2998046875,4458.39990234375,111
1786559700000,4458.7001953125,4459.2998046875,4456.89990234375,4457.89990234375,87
1786560000000,4457.89990234375,4458.7001953125,4457.89990234375,4458.39990234375,28
1786560300000,4458,4459.60009765625,4457.89990234375,4458.7998046875,44
1786560600000,4459.2998046875,4460.39990234375,4459.2998046875,4460.39990234375,42
1786560900000,4460.5,4461.2001953125,4459.60009765625,4459.89990234375,111
1786561200000,4460.10009765625,4463,4459.89990234375,4462.2001953125,74
1786561500000,4462,4464,4461.60009765625,4463.89990234375,122
1786561800000,4463.7998046875,4464.5,4463.60009765625,4463.89990234375,78
1786562100000,4464.2001953125,4466.7001953125,4464.2001953125,4465.7001953125,101
1786562400000,4466,4467.2001953125,4466,4466.7998046875,87
1786562700000,4466.89990234375,4468.39990234375,4466.10009765625,4466.7998046875,253
1786563000000,4467.39990234375,4468.89990234375,4466.7998046875,4467,127
1786563300000,4467.10009765625,4468.10009765625,4466.39990234375,4466.60009765625,79
1786563600000,4466.7998046875,4467.60009765625,4465.7001953125,4467,78
1786563900000,4467.39990234375,4468.7001953125,4466.60009765625,4467,52
1786564200000,4466.89990234375,4470,4466.60009765625,4469.60009765625,100
1786564500000,4469.89990234375,4473.2001953125,4469.2998046875,4473.10009765625,201
1786564800000,4473.2001953125,4478.5,4471.89990234375,4475.39990234375,621
1786565100000,4475.2998046875,4481.5,4474.39990234375,4480,361
1786565400000,4479.7998046875,4480.2001953125,4477.2001953125,4478.2001953125,182
1786565700000,4478.2998046875,4488.5,4478.2998046875,4488,722
1786566000000,4487.2001953125,4496.60009765625,4487.2001953125,4493.2998046875,998
1786566300000,4493.39990234375,4493.39990234375,4486,4487.39990234375,505
1786566600000,4487.60009765625,4509.10009765625,4483.2998046875,4503.60009765625,2096
1786566900000,4503.39990234375,4504.60009765625,4496.2998046875,4497.2001953125,967
1786567200000,4496.5,4500.10009765625,4496.2998046875,4499.2001953125,696
1786567500000,4499.60009765625,4499.60009765625,4488,4488.89990234375,642
1786567800000,4488.7001953125,4491.7998046875,4487.60009765625,4490.10009765625,540
1786568100000,4490.7998046875,4490.7998046875,4482.7001953125,4486.89990234375,727
1786568400000,4486.7001953125,4492.89990234375,4481.39990234375,4491.7998046875,983
1786568700000,4492.2998046875,4494,4489.60009765625,4493.89990234375,506
1786569000000,4492.89990234375,4493.5,4487.5,4489,361
1786569300000,4488.7998046875,4494.10009765625,4485.39990234375,4485.5,338
1786569600000,4486,4486.39990234375,4478,4479.89990234375,623
1786569900000,4479.7001953125,4482.10009765625,4477.7001953125,4478,201
1786570200000,4477.7001953125,4487.89990234375,4477.60009765625,4487.2001953125,457
1786570500000,4487.7998046875,4489,4483.2001953125,4483.5,327
1786570800000,4483,4483,4476.2998046875,4477.60009765625,413
1786571100000,4477.7001953125,4478,4469.2001953125,4471.7001953125,850
1786571400000,4470.89990234375,4474.2001953125,4468.10009765625,4474,432
1786571700000,4474.39990234375,4474.7998046875,4464.7001953125,4467,688
1786572000000,4466.7998046875,4468.60009765625,4464.39990234375,4466.5,320
1786572300000,4466.7001953125,4471.89990234375,4463.7998046875,4471.89990234375,535
1786572600000,4471.7998046875,4472.60009765625,4468.5,4469,332
1786572900000,4469,4470.5,4468.7001953125,4470.2001953125,148
1786573200000,4470.39990234375,4471,4464.39990234375,4465.2001953125,242
1786573500000,4464.89990234375,4467.60009765625,4464.7001953125,4464.7001953125,192
1786573800000,4464.2998046875,4464.60009765625,4458.7998046875,4460.7001953125,735
1786574100000,4461,4467.10009765625,4457,4467.10009765625,466
1786574400000,4467.10009765625,4468.7998046875,4464.5,4468.7998046875,237
1786574700000,4469,4469,4465.7001953125,4469,181
1786575000000,4468.5,4469.2998046875,4464.2998046875,4464.2998046875,164
1786575300000,4464.5,4466.89990234375,4464.2998046875,4465.7001953125,93
1786575600000,4465.7998046875,4470.10009765625,4465.7001953125,4469.39990234375,195
1786575900000,4469.7001953125,4470.7001953125,4466.60009765625,4466.7001953125,213
1786576200000,4466,4467.89990234375,4462.60009765625,4465.89990234375,182
1786576500000,4465.7001953125,4468.7001953125,4464,4467.39990234375,153
1786576800000,4467.7001953125,4467.89990234375,4465.39990234375,4467.5,90
1786577100000,4467.2998046875,4468.5,4466,4467.7998046875,117
1786577400000,4467.5,4468.7998046875,4467.2998046875,4468.2001953125,86
1786577700000,4468.2998046875,4468.7001953125,4466.7001953125,4467.2001953125,129
1786578000000,4467.2001953125,4467.2001953125,4464,4464.5,185
1786578300000,4464.5,4466.2998046875,4463.5,4464,666
1786578600000,4463.5,4464.39990234375,4461.10009765625,4462.39990234375,177
1786578900000,4461.7998046875,4461.7998046875,4458,4458.2998046875,537
1786579200000,4458.7001953125,4458.7001953125,4452,4454,1575
1786579500000,4453.7001953125,4455.2001953125,4453,4454,380
1786579800000,4454.10009765625,4454.10009765625,4449.39990234375,4452.5,373
1786580100000,4452.39990234375,4453.7001953125,4451.10009765625,4452.2998046875,179
1786580400000,4452.2998046875,4455.60009765625,4450.39990234375,4455.5,311
1786580700000,4455.2998046875,4457.2001953125,4454.89990234375,4456.2001953125,180
1786581000000,4456.2001953125,4457.5,4455.7001953125,4456.2998046875,115
1786581300000,4456.39990234375,4457.10009765625,4455,4455.2998046875,56
1786581600000,4455.2001953125,4457,4453,4453.60009765625,175
1786581900000,4453.2998046875,4456.2998046875,4453.2998046875,4453.39990234375,156
1786582200000,4453.2001953125,4455.2998046875,4452.7998046875,4454.39990234375,125
1786582500000,4454.39990234375,4456.2001953125,4453.89990234375,4455.5,77
1786582800000,4455.2001953125,4455.5,4450.7001953125,4452.10009765625,402
1786583100000,4452.7001953125,4455.5,4452.2001953125,4454.39990234375,327
1786583400000,4454.7001953125,4462.39990234375,4452.89990234375,4462.10009765625,632
1786583700000,4462.2001953125,4463.2998046875,4458.5,4459.60009765625,593
1786584000000,4459.39990234375,4461.39990234375,4458.89990234375,4460.89990234375,135
1786584300000,4460.89990234375,4465.2001953125,4460.39990234375,4464.39990234375,250
1786584600000,4464.39990234375,4465.2001953125,4451.60009765625,4455.2001953125,597
1786584900000,4455.2998046875,4457.7001953125,4454.89990234375,4457.7001953125,113
1786585200000,4457.5,4458.7998046875,4443.7998046875,4445.60009765625,1170
1786585500000,4445.2001953125,4447.10009765625,4440.60009765625,4444.7001953125,883
1786585800000,4444.89990234375,4447,4441.7998046875,4442,449
1786586100000,4441.5,4443.60009765625,4437.2001953125,4440.39990234375,835
1786586400000,4440.2998046875,4443,4433.2001953125,4435.7998046875,1204
1786586700000,4435.5,4437.2998046875,4432.89990234375,4437,766
1786587000000,4436.89990234375,4438.2001953125,4432.5,4433.2998046875,453
1786587300000,4433.2001953125,4436.10009765625,4432.60009765625,4433,328
1786587600000,4432.7001953125,4435.89990234375,4431.7001953125,4435.89990234375,394
1786587900000,4436,4436.10009765625,4431.60009765625,4432.7001953125,289
1786588200000,4433.10009765625,4435.7001953125,4427.2001953125,4429.39990234375,677
1786588500000,4429.2998046875,4429.7998046875,4425.60009765625,4428.60009765625,687
1786588800000,4429.10009765625,4431.7998046875,4428.89990234375,4430.89990234375,254
1786589100000,4431.2998046875,4436.10009765625,4431.10009765625,4435.10009765625,622
1786589400000,4435.2998046875,4437.2001953125,4435.2001953125,4436.7998046875,349
1786589700000,4436.89990234375,4438.39990234375,4436.2998046875,4437.7001953125,322
1786590000000,4437.7998046875,4438.60009765625,4435.10009765625,4436.2001953125,351
1786590300000,4436.7998046875,4437.2998046875,4433.89990234375,4435.10009765625,384
1786590600000,4434.7001953125,4435.7001953125,4431.5,4433.2998046875,480
1786590900000,4433.60009765625,4434.10009765625,4430.5,4430.7001953125,227
1786591200000,4430.60009765625,4433.60009765625,4430.39990234375,4432.89990234375,147
1786591500000,4433.10009765625,4433.7998046875,4431.10009765625,4433.10009765625,224
1786591800000,4432.7998046875,4434.10009765625,4428.7998046875,4430,812
1786592100000,4429.89990234375,4433.2998046875,4429.2998046875,4431,155
1786592400000,4431.10009765625,4435.7001953125,4430.7001953125,4435.39990234375,440
1786592700000,4435.5,4435.60009765625,4427.7001953125,4428.2998046875,612
1786593000000,4428.2998046875,4430.2001953125,4426.39990234375,4429.2001953125,321
1786593300000,4429.60009765625,4429.60009765625,4425.7998046875,4426.39990234375,524
1786593600000,4426.39990234375,4427.2998046875,4421.39990234375,4423.89990234375,1010
1786593900000,4423.7001953125,4426.2998046875,4422.2998046875,4422.2998046875,281
1786594200000,4422.2001953125,4424.2998046875,4420.2998046875,4422.60009765625,508
1786594500000,4422.5,4424.39990234375,4421.7998046875,4421.7998046875,246
1786594800000,4421.7001953125,4427.2998046875,4421.7001953125,4426.60009765625,360
1786595100000,4426.5,4430,4426,4429.2001953125,698
1786595400000,4429,4432.2998046875,4428.10009765625,4431.10009765625,348
1786595700000,4431.2998046875,4432,4429.7998046875,4430.10009765625,249
1786596000000,4430,4431.7998046875,4429.89990234375,4429.89990234375,180
1786596300000,4430,4435.39990234375,4429.7001953125,4435,309
1786596600000,4434.7001953125,4435.7001953125,4431.2001953125,4432.2998046875,232
1786596900000,4432.2998046875,4433.5,4431.5,4432.39990234375,94
1786597200000,4432.2998046875,4433.39990234375,4429.7998046875,4430.2998046875,243
1786597500000,4430.60009765625,4434.2998046875,4428.60009765625,4433,288
1786597800000,4433,4434.7001953125,4432.7001953125,4433.39990234375,133
1786598100000,4433.10009765625,4437.39990234375,4432.7998046875,4436.89990234375,447
1786598400000,4436.7998046875,4438.2998046875,4434.39990234375,4435,236
1786598700000,4435.2998046875,4438.89990234375,4434.89990234375,4436.39990234375,440
1786599000000,4436.5,4438,4436.10009765625,4437.7001953125,401
1786599300000,4437.7001953125,4438.39990234375,4436.7998046875,4437.60009765625,205
1786599600000,4437.39990234375,4438.5,4435.10009765625,4436.7998046875,196
1786599900000,4436.89990234375,4437.60009765625,4435.39990234375,4436.60009765625,120
1786600200000,4436.7001953125,4438.5,4436,4437.39990234375,171
1786600500000,4437.5,4441.89990234375,4437.10009765625,4441.7998046875,522
1786600800000,4441.89990234375,4442.60009765625,4440.7001953125,4441.7001953125,248
1786601100000,4442,4442.7001953125,4441.10009765625,4441.60009765625,149
1786601400000,4441.60009765625,4442.10009765625,4438.7998046875,4439,259
1786601700000,4439.2001953125,4443.60009765625,4439.2001953125,4443.10009765625,297
1786602000000,4442.5,4444.2001953125,4441.39990234375,4442.2001953125,220
1786602300000,4442.2998046875,4445.2001953125,4442.10009765625,4444.60009765625,300
1786602600000,4444.7998046875,4445.5,4442.2998046875,4443.10009765625,184
1786602900000,4443.2998046875,4447,4443.2001953125,4446.2998046875,177
1786603200000,4446.60009765625,4448.2998046875,4445.89990234375,4448.2998046875,220
1786603500000,4448.10009765625,4448.39990234375,4446,4448,378
1786603800000,4448.10009765625,4451.5,4447.89990234375,4450.2998046875,445
1786604100000,4450.10009765625,4450.2998046875,4448.60009765625,4449.89990234375,284
1786604400000,4449.60009765625,4450.60009765625,4446.10009765625,4447,335
1786604700000,4446.7998046875,4449.39990234375,4446.7998046875,4448.5,144
1786605000000,4448.2001953125,4452,4448,4452,230
1786605300000,4451.7998046875,4454.2001953125,4450.2001953125,4450.89990234375,587
1786605600000,4450.7998046875,4451.89990234375,4448.7998046875,4450,315
1786605900000,4450.2001953125,4450.60009765625,4445.2998046875,4445.39990234375,462
1786606200000,4445.7001953125,4446.89990234375,4443.89990234375,4445.89990234375,764
1786606500000,4445.7998046875,4447.2998046875,4445.10009765625,4445.7998046875,316
1786606800000,4446,4446,4440.60009765625,4441.2001953125,601
1786607100000,4440.89990234375,4442.89990234375,4440,4441.39990234375,367
1786607400000,4441.2001953125,4442.2998046875,4439.60009765625,4441.2001953125,285
1786607700000,4441.10009765625,4444.7998046875,4440,4444.39990234375,540
1786608000000,4444.5,4445,4442.5,4443.7998046875,462
1786608300000,4443.89990234375,4448.89990234375,4442.89990234375,4448.10009765625,385
1786608600000,4447.60009765625,4447.7998046875,4444.7998046875,4446,315
1786608900000,4445.7001953125,4446.5,4441.60009765625,4443.10009765625,284
1786609200000,4443.2998046875,4446.60009765625,4441.10009765625,4442.39990234375,494
1786609500000,4442.60009765625,4450.39990234375,4441,4447.7998046875,368
1786609800000,4447.39990234375,4460,4437.10009765625,4448.39990234375,3068
1786610100000,4448.5,4449.2998046875,4443,4446.7998046875,867
1786610400000,4447,4450.60009765625,4442.2998046875,4448.60009765625,792
1786610700000,4448.7998046875,4454.2998046875,4448.2001953125,4451.39990234375,857
1786611000000,4451.7001953125,4453.60009765625,4449.60009765625,4451.5,378
1786611300000,4451.39990234375,4458.89990234375,4449.7998046875,4458.89990234375,856
1786611600000,4458.5,4459,4448.39990234375,4450.7001953125,1253
1786611900000,4451.2001953125,4454.89990234375,4448.2001953125,4450.60009765625,632
1786612200000,4450.39990234375,4451.5,4447.7998046875,4450.39990234375,542
1786612500000,4450.5,4452,4447.2001953125,4448.89990234375,537
1786612800000,4449.10009765625,4451.7998046875,4444.7001953125,4444.7001953125,855
1786613100000,4444.7998046875,4446.5,4440.60009765625,4441.7001953125,1012
1786613400000,4441.7001953125,4446.39990234375,4433.60009765625,4435.2998046875,2034
1786613700000,4435.5,4439.10009765625,4431.5,4438.7001953125,1414
1786614000000,4438.2998046875,4440.60009765625,4432.89990234375,4435.89990234375,899
1786614300000,4435.7998046875,4439.5,4432.10009765625,4434.7001953125,863
1786614600000,4434.60009765625,4435.2001953125,4427.10009765625,4432.7001953125,1465
1786614900000,4432.7998046875,4434.5,4428.39990234375,4429.10009765625,864
1786615200000,4429.2998046875,4435.60009765625,4426.7001953125,4430.2998046875,1774
1786615500000,4430.39990234375,4435.89990234375,4425.5,4426.39990234375,1463
1786615800000,4426.60009765625,4429.2998046875,4424,4428,743
1786616100000,4428.2001953125,4435.39990234375,4426.2998046875,4433,996
1786616400000,4433,4435.7001953125,4428.2998046875,4431.7998046875,818
1786616700000,4432.5,4433.89990234375,4425,4425.2998046875,810
1786617000000,4425,4433.2998046875,4408.7998046875,4431.7001953125,4249
1786617300000,4431.7998046875,4435.2998046875,4428.89990234375,4435.10009765625,863
1786617600000,4434.39990234375,4439.2001953125,4433.60009765625,4438.10009765625,711
1786617900000,4438.60009765625,4444.7001953125,4438.2998046875,4442,1320
1786618200000,4442.39990234375,4444.2001953125,4439.7998046875,4441.2001953125,571
1786618500000,4441.5,4444.2998046875,4440.60009765625,4440.89990234375,520
1786618800000,4441.2001953125,4443.10009765625,4435.2001953125,4435.2998046875,643
1786619100000,4435.39990234375,4435.89990234375,4425.89990234375,4428.2998046875,959
1786619400000,4428.7001953125,4429.10009765625,4425.2001953125,4426.2001953125,748
1786619700000,4426.10009765625,4427.2001953125,4419.89990234375,4424.60009765625,775
1786620000000,4424.39990234375,4428.89990234375,4423.10009765625,4428.2001953125,878
1786620300000,4427.89990234375,4430.60009765625,4420.2001953125,4421.7998046875,1384
1786620600000,4421.89990234375,4422,4413.60009765625,4417.2001953125,1607
1786620900000,4417,4428,4416.7001953125,4425.60009765625,1100
1786621200000,4425.60009765625,4428.39990234375,4424.7001953125,4425.10009765625,478
1786621500000,4425.5,4427.7998046875,4425,4426,322
1786621800000,4425.89990234375,4427.10009765625,4422.60009765625,4422.60009765625,364
1786622100000,4422.89990234375,4425,4420.2998046875,4422.39990234375,442
1786622400000,4422.2998046875,4424.7001953125,4419.7001953125,4420.7001953125,532
1786622700000,4420.39990234375,4420.7998046875,4415.7998046875,4415.7998046875,463
1786623000000,4415.7001953125,4417.39990234375,4411.10009765625,4412.5,1619
1786623300000,4412.5,4412.7998046875,4407.5,4408.5,1386
1786623600000,4408.7001953125,4415.10009765625,4407.7998046875,4414.7001953125,731
1786623900000,4414.7998046875,4419.5,4413.7998046875,4419.39990234375,811
1786624200000,4419.2001953125,4423.10009765625,4419,4423.10009765625,1035
1786624500000,4423.10009765625,4423.60009765625,4419.7998046875,4420.7001953125,327
1786624800000,4420.5,4424,4420.2001953125,4422.60009765625,482
1786625100000,4422.60009765625,4424.39990234375,4422.60009765625,4423,309
1786625400000,4423.10009765625,4423.5,4421,4422.60009765625,266
1786625700000,4422.39990234375,4425.60009765625,4422.39990234375,4424.2001953125,521
1786626000000,4424.2998046875,4426.7001953125,4422.39990234375,4423.7998046875,549
1786626300000,4423.39990234375,4430,4423.39990234375,4429.39990234375,621
1786626600000,4429.39990234375,4430.60009765625,4428.2998046875,4428.39990234375,455
1786626900000,4428.7998046875,4429.2001953125,4423.39990234375,4424.7998046875,808
1786627200000,4424.89990234375,4426.7001953125,4424.2001953125,4425,352
1786627500000,4425.2001953125,4426.2001953125,4419.10009765625,4420,1719
1786627800000,4420.2001953125,4421.2998046875,4416.2001953125,4417.60009765625,755
1786628100000,4417.5,4419,4416.2998046875,4418,507
1786628400000,4418.2001953125,4418.7001953125,4412.2001953125,4413.60009765625,930
1786628700000,4413.89990234375,4416.5,4413.5,4415.7998046875,268
1786629000000,4415.89990234375,4416.5,4413.7001953125,4414.5,172
1786629300000,4414.2998046875,4414.60009765625,4412,4412.39990234375,233
1786629600000,4412.60009765625,4416.60009765625,4412.39990234375,4415.2001953125,474
1786629900000,4415,4417,4413.89990234375,4416.60009765625,196
1786630200000,4416.10009765625,4419.39990234375,4415,4418.7001953125,320
1786630500000,4419,4420.5,4417.7001953125,4420.10009765625,279
1786630800000,4420.2001953125,4420.2998046875,4413.2001953125,4414.10009765625,675
1786631100000,4414.10009765625,4415.10009765625,4411.60009765625,4414.2998046875,350
1786631400000,4414.2998046875,4416.39990234375,4413.2998046875,4415.2998046875,207
1786631700000,4415.2998046875,4416.7998046875,4414.5,4416.2998046875,144
1786632000000,4416.2001953125,4417.2998046875,4414.2001953125,4414.7001953125,216
1786632300000,4414.7998046875,4415.10009765625,4413.2998046875,4413.89990234375,147
1786632600000,4414.10009765625,4414.5,4411.39990234375,4413.7998046875,295
1786632900000,4414.2998046875,4414.60009765625,4413.39990234375,4413.60009765625,216
1786633200000,4414,4415.5,4412.7001953125,4414.7998046875,252
1786633500000,4414.7998046875,4414.7998046875,4409.5,4410,335
1786633800000,4410,4410.10009765625,4402.60009765625,4403.39990234375,1109
1786634100000,4403.10009765625,4405,4400,4404.10009765625,690
1786634400000,4404.60009765625,4406.2998046875,4403.2001953125,4405.39990234375,226
1786634700000,4405.60009765625,4408.2001953125,4405,4407.89990234375,389
1786635000000,4407.7001953125,4408.5,4406,4407.10009765625,196
1786635300000,4407.10009765625,4410.89990234375,4407,4409.7001953125,265
1786635600000,4409.2998046875,4409.7001953125,4407,4407.7001953125,255
1786635900000,4407.60009765625,4407.60009765625,4403.89990234375,4405.2998046875,293
1786636200000,4405.60009765625,4406.7998046875,4404.7001953125,4406.2998046875,164
1786636500000,4406.10009765625,4406.60009765625,4404.2001953125,4406.2001953125,481
1786636800000,4406.2001953125,4406.7001953125,4402.89990234375,4403.89990234375,342
1786637100000,4404.10009765625,4406.2998046875,4403.89990234375,4406.2001953125,196
1786637400000,4406,4406.5,4405.39990234375,4406.2998046875,99
1786637700000,4406.5,4407.39990234375,4406.10009765625,4406.39990234375,112
1786638000000,4406.2998046875,4406.5,4405.5,4405.5,74
1786638300000,4405.89990234375,4408.39990234375,4405.7001953125,4407.60009765625,162
1786638600000,4407.60009765625,4408,4404.2001953125,4405.39990234375,315
1786638900000,4405.2001953125,4406.10009765625,4404.7998046875,4405.39990234375,86
1786639200000,4405.39990234375,4406.7001953125,4404.5,4405.60009765625,242
1786639500000,4405.5,4406.39990234375,4405.2001953125,4406.2001953125,46
1786639800000,4406.2998046875,4406.89990234375,4404.7001953125,4405,102
1786640100000,4405.39990234375,4407.7001953125,4404.89990234375,4407.10009765625,137
1786644000000,4408.2001953125,4410.2998046875,4406.60009765625,4408.89990234375,0
1786644300000,4408.7998046875,4412.60009765625,4408.2998046875,4412.39990234375,249
1786644600000,4412.5,4412.5,4409.39990234375,4409.7998046875,110
1786644900000,4409.89990234375,4410.2001953125,4408.5,4408.89990234375,137
1786645200000,4408.7998046875,4412,4408.7998046875,4412,291
1786645500000,4412.10009765625,4413.2998046875,4411.5,4412.7001953125,147
1786645800000,4412.39990234375,4413.5,4411,4412.7001953125,339
1786646100000,4412.7998046875,4417.7998046875,4412.7001953125,4417,424
1786646400000,4417.10009765625,4418.39990234375,4415.2998046875,4416,479
1786646700000,4415.89990234375,4417,4410.7001953125,4411.39990234375,612
1786647000000,4411.7998046875,4413.7001953125,4410.2001953125,4412,367
1786647300000,4412.10009765625,4412.5,4409.2001953125,4410.2998046875,237
1786647600000,4411.5,4411.5,4405.10009765625,4405.60009765625,477
1786647900000,4405.2998046875,4415.7001953125,4405.2998046875,4415.2001953125,501
1786648200000,4415.2001953125,4416.2001953125,4410,4416.2001953125,346
1786648500000,4416.2998046875,4417,4412.10009765625,4413.89990234375,504
1786648800000,4413.5,4416.2998046875,4412.7001953125,4415.60009765625,235
1786649100000,4415.7001953125,4418.2001953125,4415,4418.2001953125,337
1786649400000,4418.39990234375,4418.7998046875,4415.7998046875,4416.5,238
1786649700000,4416.5,4417.10009765625,4415.2998046875,4417,170
1786650000000,4417,4417.7001953125,4413.89990234375,4415.7998046875,266
1786650300000,4416,4419.39990234375,4414.7998046875,4417,141
1786650600000,4416.7001953125,4416.7001953125,4412.60009765625,4413.2001953125,159
1786650900000,4413.60009765625,4414.7998046875,4411.60009765625,4411.7998046875,138
1786651200000,4411.60009765625,4417.39990234375,4410.7998046875,4415.7001953125,228
1786651500000,4415.2998046875,4415.2998046875,4409.60009765625,4412.5,193
1786651800000,4412.60009765625,4412.60009765625,4406,4407.5,233
1786652100000,4407.60009765625,4407.7998046875,4403.2001953125,4404.89990234375,381
1786652400000,4404.89990234375,4405.10009765625,4400.60009765625,4402.7998046875,173
1786652700000,4402.5,4402.5,4395.10009765625,4395.7998046875,947
1786653000000,4395.5,4402.60009765625,4392.60009765625,4401.7998046875,657
1786653300000,4402,4402.2998046875,4390.60009765625,4391.7001953125,399
1786653600000,4391.7998046875,4396.5,4390.60009765625,4395.39990234375,409
1786653900000,4396,4398.7998046875,4385.10009765625,4389.39990234375,1132
1786654200000,4390.10009765625,4395.89990234375,4389.5,4395.60009765625,435
1786654500000,4395.10009765625,4397.7998046875,4393.60009765625,4396.39990234375,541
1786654800000,4396.2001953125,4397.10009765625,4385,4385.10009765625,1156
1786655100000,4385.5,4389.5,4383.5,4384.39990234375,1004
1786655400000,4384.60009765625,4384.60009765625,4378,4380.2998046875,1361
1786655700000,4380.39990234375,4381.89990234375,4373.5,4378.39990234375,1053
1786656000000,4378.2001953125,4381.60009765625,4372,4372.39990234375,1120
1786656300000,4372.5,4377.7001953125,4370.89990234375,4375.60009765625,712
1786656600000,4375.2998046875,4375.2998046875,4369.2998046875,4369.39990234375,470
1786656900000,4369.7001953125,4376.10009765625,4368.60009765625,4375.39990234375,449
1786657200000,4375.5,4377.5,4374.60009765625,4375.39990234375,324
1786657500000,4375.60009765625,4379.39990234375,4369.5,4371.10009765625,612
1786657800000,4371.10009765625,4374.7998046875,4367.5,4372.89990234375,791
1786658100000,4372.7998046875,4376.7001953125,4371.5,4373.7001953125,454
1786658400000,4373.7001953125,4378,4370.7998046875,4371.89990234375,446
1786658700000,4371.5,4374.5,4370.89990234375,4372.60009765625,267
1786659000000,4372.10009765625,4372.39990234375,4365.5,4366.89990234375,643
1786659300000,4367.5,4372.5,4367.5,4370.5,802
1786659600000,4370.10009765625,4372.5,4369.89990234375,4371.2001953125,235
1786659900000,4371.10009765625,4373.2998046875,4367.60009765625,4367.60009765625,269
1786660200000,4367.39990234375,4376.89990234375,4366.89990234375,4376.2998046875,913
1786660500000,4376,4378,4373.5,4376.60009765625,417
1786660800000,4375.7998046875,4377.39990234375,4373.2998046875,4376.2998046875,242
1786661100000,4376.5,4377.39990234375,4369.2998046875,4372,304
1786661400000,4371.7998046875,4373.5,4370.2001953125,4370.7998046875,186
1786661700000,4371.39990234375,4371.39990234375,4367.7001953125,4370.7001953125,258
1786662000000,4370.7001953125,4374.10009765625,4368.89990234375,4373.5,259
1786662300000,4373.5,4378.39990234375,4373.5,4374.7998046875,297
1786662600000,4374.7998046875,4378.7001953125,4373.60009765625,4375.2998046875,343
1786662900000,4375.39990234375,4377.89990234375,4375,4377.7998046875,140
1786663200000,4377.7998046875,4381.10009765625,4377.5,4380.2001953125,307
1786663500000,4380.5,4381.2001953125,4379.60009765625,4380.7998046875,122
1786663800000,4380.89990234375,4383.2001953125,4379.89990234375,4382.5,277
1786664100000,4382.7001953125,4383.7998046875,4380.89990234375,4382.10009765625,323
1786664400000,4382.2001953125,4382.2001953125,4380.60009765625,4381.2998046875,118
1786664700000,4381.39990234375,4382.2998046875,4381.10009765625,4381.7998046875,135
1786665000000,4382.10009765625,4382.2998046875,4379.60009765625,4379.7001953125,172
1786665300000,4379.7001953125,4380.39990234375,4379,4379.60009765625,58
1786665600000,4379.2001953125,4380.5,4378.39990234375,4378.60009765625,176
1786665900000,4378.39990234375,4380.39990234375,4378.2998046875,4379.39990234375,150
1786666200000,4379.60009765625,4382.7001953125,4378.7998046875,4381.7001953125,237
1786666500000,4381.2001953125,4383,4380.89990234375,4382,107
1786666800000,4382.2001953125,4384.60009765625,4381.2998046875,4382.39990234375,262
1786667100000,4382.2001953125,4382.7001953125,4380.2001953125,4380.2001953125,103
1786667400000,4380.7001953125,4381.2001953125,4378.39990234375,4379.60009765625,309
1786667700000,4379.5,4380.60009765625,4379.10009765625,4380.10009765625,82
1786668000000,4380.10009765625,4381.2001953125,4379.7001953125,4380.39990234375,80
1786668300000,4380.10009765625,4380.10009765625,4378.89990234375,4379.2998046875,55
1786668600000,4379.2001953125,4380,4378.2998046875,4379.7998046875,86
1786668900000,4379.7001953125,4382,4379.39990234375,4382,153
1786669200000,4382.2001953125,4382.2001953125,4378.7998046875,4380,140
1786669500000,4380.10009765625,4380.2998046875,4374.7001953125,4374.7001953125,230
1786669800000,4374.5,4376.89990234375,4374.2998046875,4374.7998046875,153
1786670100000,4374.89990234375,4375.10009765625,4372.39990234375,4373.60009765625,195
1786670400000,4373.2998046875,4374.10009765625,4371.89990234375,4373.2998046875,147
1786670700000,4373,4374.2998046875,4372,4373.2998046875,139
1786671000000,4372.89990234375,4373,4365.60009765625,4371.5,972
1786671300000,4371.7998046875,4379.7998046875,4371.5,4377.39990234375,468
1786671600000,4377.2998046875,4379.2998046875,4372.39990234375,4372.7001953125,280
1786671900000,4372.5,4379.2998046875,4372.5,4379.2001953125,281
1786672200000,4378.60009765625,4385.39990234375,4378.10009765625,4385,728
1786672500000,4385.7001953125,4389.5,4384.7998046875,4389.5,598
1786672800000,4389.60009765625,4392,4387.89990234375,4391.39990234375,537
1786673100000,4391.5,4392.60009765625,4385.60009765625,4386.5,431
1786673400000,4386.7001953125,4390,4385.5,4388.2998046875,227
1786673700000,4388.2001953125,4389.10009765625,4387.2001953125,4387.7001953125,179
1786674000000,4387.60009765625,4388.2001953125,4384.2001953125,4387,335
1786674300000,4387.60009765625,4388,4385,4385.2998046875,149
1786674600000,4385.10009765625,4386.2998046875,4384.2001953125,4384.2001953125,142
1786674900000,4385.10009765625,4386.39990234375,4383.89990234375,4385.2998046875,125
1786675200000,4385.2998046875,4388.7998046875,4383.60009765625,4388.60009765625,301
1786675500000,4389,4392.2001953125,4388.39990234375,4390.7998046875,411
1786675800000,4390.5,4391.2001953125,4389.10009765625,4390.2001953125,142
1786676100000,4389.60009765625,4391.89990234375,4389.60009765625,4391.60009765625,87
1786676400000,4391.39990234375,4393.2998046875,4389,4391.2001953125,449
1786676700000,4391.2001953125,4391.2001953125,4389.39990234375,4390.2001953125,212
1786677000000,4390.60009765625,4390.89990234375,4387,4387.10009765625,229
1786677300000,4387.10009765625,4389.2998046875,4387,4388.5,117
1786677600000,4388.39990234375,4392.39990234375,4385.7001953125,4392,436
1786677900000,4392.2001953125,4392.39990234375,4387.5,4387.7998046875,183
1786678200000,4388,4390,4387.2998046875,4389.39990234375,141
1786678500000,4389.7001953125,4392.60009765625,4389.7001953125,4392.60009765625,171
1786678800000,4392.5,4396.2998046875,4392.2998046875,4396,420
1786679100000,4396.2998046875,4399.60009765625,4395.5,4398.7998046875,638
1786679400000,4398.60009765625,4399.7998046875,4397.7998046875,4399.60009765625,340
1786679700000,4399.89990234375,4401.60009765625,4397.89990234375,4399.7998046875,397
1786680000000,4399.7998046875,4404.5,4398.5,4399.2998046875,729
1786680300000,4399,4402.2998046875,4398.10009765625,4401.39990234375,230
1786680600000,4401.2998046875,4404,4400.2001953125,4403.89990234375,297
1786680900000,4404,4405.2998046875,4402,4402.60009765625,395
1786681200000,4402.5,4402.89990234375,4399.39990234375,4400.10009765625,257
1786681500000,4400.2998046875,4401.7998046875,4399.7001953125,4401.7998046875,193
1786681800000,4401.7998046875,4402.7998046875,4400.2001953125,4400.5,170
1786682100000,4400.60009765625,4405.39990234375,4400.39990234375,4404.10009765625,266
1786682400000,4404.2998046875,4405.39990234375,4399.5,4399.7998046875,326
1786682700000,4399.7998046875,4400.89990234375,4398.7998046875,4400.5,267
1786683000000,4400.2998046875,4403.60009765625,4399.89990234375,4402.7998046875,285
1786683300000,4402.7001953125,4405.7001953125,4402.7001953125,4404.7001953125,193
1786683600000,4404.5,4405.2001953125,4403.10009765625,4403.89990234375,136
1786683900000,4403.39990234375,4405.2001953125,4402,4405,172
1786684200000,4404.60009765625,4406.89990234375,4403.89990234375,4406.7001953125,227
1786684500000,4406.7998046875,4407.7998046875,4405.10009765625,4405.2998046875,485
1786684800000,4405.2998046875,4408.60009765625,4404.39990234375,4408.10009765625,296
1786685100000,4408.10009765625,4410,4406,4407.39990234375,497
1786685400000,4407.7001953125,4410.5,4406.10009765625,4408.7998046875,718
1786685700000,4409.2998046875,4410.7998046875,4408.5,4408.89990234375,286
1786686000000,4409.2001953125,4409.89990234375,4408,4409.89990234375,192
1786686300000,4410,4411,4408.7001953125,4409.89990234375,293
1786686600000,4410.10009765625,4411.89990234375,4409.2998046875,4410.89990234375,368
1786686900000,4411.2998046875,4413.7998046875,4410,4413.60009765625,252
1786687200000,4413.60009765625,4413.7998046875,4412.10009765625,4413.2001953125,247
1786687500000,4412.89990234375,4415.10009765625,4412,4412.5,394
1786687800000,4412.5,4413.10009765625,4410,4410.60009765625,515
1786688100000,4410.60009765625,4411.39990234375,4408,4409.5,575
1786688400000,4409.7001953125,4410.2998046875,4408.60009765625,4410,263
1786688700000,4409.89990234375,4410.2001953125,4406,4407.2998046875,554
1786689000000,4407.5,4407.7001953125,4404.5,4406,598
1786689300000,4405.7998046875,4406.5,4405,4405.2001953125,138
1786689600000,4405.60009765625,4408,4405,4408,106
1786689900000,4407.89990234375,4408.7998046875,4407.5,4407.7998046875,150
1786690200000,4407.39990234375,4409.7001953125,4406.89990234375,4407.39990234375,220
1786690500000,4407.39990234375,4407.39990234375,4403.7001953125,4405.5,433
1786690800000,4405.5,4407.2998046875,4404.7001953125,4405.5,147
1786691100000,4405.60009765625,4407.7998046875,4405.2001953125,4407,151
1786691400000,4407,4408,4406.2998046875,4406.89990234375,105
1786691700000,4407.10009765625,4411.7998046875,4407.10009765625,4411.7001953125,262
1786692000000,4411.7998046875,4412.89990234375,4409.7001953125,4410.39990234375,345
1786692300000,4410.39990234375,4413.39990234375,4409.5,4413.10009765625,280
1786692600000,4413.10009765625,4418.2998046875,4412.7998046875,4417.89990234375,804
1786692900000,4418,4419.89990234375,4416.5,4417.89990234375,491
1786693200000,4418,4420,4417.7001953125,4418.7001953125,260
1786693500000,4418.89990234375,4419.39990234375,4417.2001953125,4417.89990234375,274
1786693800000,4417.7998046875,4424.89990234375,4417.7998046875,4423.39990234375,942
1786694100000,4423.5,4426,4422.10009765625,4425.7998046875,473
1786694400000,4425.5,4431.7998046875,4425.39990234375,4430.2001953125,1146
1786694700000,4430.10009765625,4433.2001953125,4428.10009765625,4428.2001953125,603
1786695000000,4428.2001953125,4428.5,4421.7998046875,4428,941
1786695300000,4428.2001953125,4429,4425.7998046875,4428.7001953125,487
1786695600000,4428.7998046875,4437.10009765625,4428.7998046875,4435.7001953125,1681
1786695900000,4435.7998046875,4437.5,4433.89990234375,4436.5,725
1786696200000,4436.89990234375,4444,4433.7001953125,4438.2001953125,3006
1786696500000,4438.2001953125,4438.7998046875,4432.7998046875,4434.7001953125,1010
1786696800000,4434.60009765625,4434.60009765625,4429.10009765625,4429.5,1034
1786697100000,4430,4433.89990234375,4427.7998046875,4431.7001953125,938
1786697400000,4431.60009765625,4434.89990234375,4429.5,4432.5,674
1786697700000,4432.2998046875,4432.7998046875,4429.5,4430.89990234375,718
1786698000000,4430.7001953125,4436.10009765625,4427.2998046875,4435.39990234375,1317
1786698300000,4435.2998046875,4437.5,4433.10009765625,4437,938
1786698600000,4436.7998046875,4438.2998046875,4431.7998046875,4432.39990234375,806
1786698900000,4432.39990234375,4438.2998046875,4432.2998046875,4438.2998046875,512
1786699200000,4438.2998046875,4442.7001953125,4436.2998046875,4442.5,812
1786699500000,4442.89990234375,4443.89990234375,4440.89990234375,4441.39990234375,630
1786699800000,4441.7001953125,4449,4440.7998046875,4448.5,1683
1786700100000,4448.7001953125,4454.60009765625,4448.5,4452.89990234375,2471
1786700400000,4453.10009765625,4453.89990234375,4448,4450.7998046875,1144
1786700700000,4451.39990234375,4452.2998046875,4443.60009765625,4444.2998046875,1093
1786701000000,4444.10009765625,4445.7998046875,4439.7998046875,4441.5,1313
1786701300000,4441.5,4443,4439.89990234375,4442,566
1786701600000,4441.60009765625,4450.2998046875,4441.2001953125,4448.60009765625,2002
1786701900000,4448.5,4449.2001953125,4446.2001953125,4446.5,514
1786702200000,4446.2998046875,4450.5,4444.39990234375,4447.7998046875,1052
1786702500000,4448,4449.5,4442.7001953125,4443.89990234375,564
1786702800000,4443.7001953125,4449.60009765625,4442.5,4449.39990234375,415
1786703100000,4449.39990234375,4452.2001953125,4447.7998046875,4447.89990234375,514
1786703400000,4448.2998046875,4448.7001953125,4441.5,4442,865
1786703700000,4441.7998046875,4444.60009765625,4441.2001953125,4443.2998046875,496
1786704000000,4443.89990234375,4443.89990234375,4438.7998046875,4441.60009765625,1079
1786704300000,4441.5,4441.60009765625,4436.2001953125,4437.60009765625,939
1786704600000,4437.60009765625,4440.2998046875,4436.7001953125,4438.7998046875,588
1786704900000,4438.89990234375,4440.2001953125,4437,4438.60009765625,553
1786705200000,4438.7001953125,4448.2001953125,4438.2998046875,4444.39990234375,1317
1786705500000,4444.5,4446.60009765625,4442.89990234375,4444,574
1786705800000,4443.89990234375,4451.7001953125,4443.5,4449.89990234375,1266
1786706100000,4450,4451.60009765625,4443.39990234375,4443.60009765625,1248
1786706400000,4443.39990234375,4444.7001953125,4440.5,4440.7001953125,649
1786706700000,4440.60009765625,4442.39990234375,4436.39990234375,4442.2001953125,1323
1786707000000,4442.39990234375,4446.7001953125,4441.10009765625,4444.89990234375,804
1786707300000,4444.89990234375,4447.5,4444.2001953125,4445.10009765625,584
1786707600000,4444.89990234375,4447.2998046875,4444.10009765625,4446.7001953125,400
1786707900000,4447,4452.2998046875,4446.89990234375,4450,1073
1786708200000,4449.60009765625,4450.7001953125,4447.39990234375,4447.7998046875,350
1786708500000,4448.10009765625,4450.39990234375,4447.7998046875,4449,236
1786708800000,4449,4454.2998046875,4448.10009765625,4448.10009765625,862
1786709100000,4448,4450.2001953125,4446.2998046875,4447.10009765625,393
1786709400000,4447.10009765625,4447.60009765625,4446,4446.7998046875,208
1786709700000,4446.89990234375,4449.39990234375,4446.89990234375,4449.10009765625,248
1786710000000,4449.10009765625,4450.2001953125,4446.60009765625,4447.10009765625,246
1786710300000,4446.7998046875,4446.7998046875,4443.89990234375,4444.5,331
1786710600000,4444.7001953125,4444.7001953125,4437.2001953125,4440.60009765625,1188
1786710900000,4440.39990234375,4446.2998046875,4440.10009765625,4445.2001953125,446
1786711200000,4445.2001953125,4445.39990234375,4442.60009765625,4442.7998046875,198
1786711500000,4443,4443.89990234375,4442.39990234375,4443.7998046875,199
1786711800000,4443.60009765625,4444.60009765625,4442.39990234375,4443.2998046875,176
1786712100000,4443.2998046875,4443.60009765625,4442,4442.7001953125,191
1786712400000,4443,4443.39990234375,4440.10009765625,4440.60009765625,226
1786712700000,4440.7001953125,4441.2001953125,4438.39990234375,4439.10009765625,292
1786713000000,4439.2001953125,4439.7001953125,4437.39990234375,4439.39990234375,307
1786713300000,4439.5,4442,4438.7998046875,4439,472
1786713600000,4438.7001953125,4440,4437,4439,370
1786713900000,4439.10009765625,4439.89990234375,4436.60009765625,4436.89990234375,1096
1786714200000,4436.7001953125,4440.39990234375,4436.60009765625,4440.2998046875,432
1786714500000,4440.10009765625,4440.2001953125,4436.60009765625,4436.7001953125,296
1786714800000,4436.60009765625,4438,4434.10009765625,4435,465
1786715100000,4434.7998046875,4435.2998046875,4433.60009765625,4433.89990234375,279
1786715400000,4433.89990234375,4436.2998046875,4433.60009765625,4435.2998046875,197
1786715700000,4435,4435.60009765625,4434.2998046875,4435.5,125
1786716000000,4435.89990234375,4438.60009765625,4433.60009765625,4438.5,326
1786716300000,4438.39990234375,4438.7998046875,4436.2001953125,4437.2001953125,287
1786716600000,4436.60009765625,4437.7998046875,4433.7998046875,4434.2001953125,432
1786716900000,4434.60009765625,4436,4434,4435.39990234375,124
1786717200000,4435.5,4437.2998046875,4435.2001953125,4436.60009765625,155
1786717500000,4437,4437.5,4434.7998046875,4436.39990234375,163
1786717800000,4436.2001953125,4436.60009765625,4434,4435.10009765625,169
1786718100000,4435.2001953125,4439.60009765625,4435.10009765625,4439.39990234375,216
1786718400000,4439.39990234375,4439.60009765625,4433.2001953125,4433.2001953125,1567
1786718700000,4433.5,4433.89990234375,4427.5,4430.89990234375,1831
1786719000000,4430.89990234375,4432.2998046875,4429.5,4430.10009765625,303
1786719300000,4430.2001953125,4431,4429.5,4430.2998046875,257
1786719600000,4430.2998046875,4430.39990234375,4429.10009765625,4429.39990234375,214
1786719900000,4429.5,4433.2998046875,4428.60009765625,4433,392
1786720200000,4433.10009765625,4433.60009765625,4432.2001953125,4432.39990234375,168
1786720500000,4432.2001953125,4433,4430.39990234375,4431.60009765625,176
1786720800000,4432,4433.60009765625,4431.89990234375,4432.7001953125,113
1786721100000,4432.7001953125,4434.2998046875,4432.7001953125,4433.5,129
1786721400000,4433.5,4434.10009765625,4432.7998046875,4433.5,178
1786721700000,4433.39990234375,4434.39990234375,4432.2998046875,4432.5,181
1786722000000,4432.7998046875,4433.7001953125,4431.39990234375,4431.7001953125,152
1786722300000,4431.7001953125,4432,4431.10009765625,4431.39990234375,190
1786722600000,4431.89990234375,4435.60009765625,4431.89990234375,4433.60009765625,487
1786722900000,4433.7998046875,4433.7998046875,4428.7998046875,4431.5,675
1786723200000,4431.39990234375,4431.5,4429.10009765625,4429.7998046875,195
1786723500000,4429.7001953125,4430.10009765625,4427.39990234375,4427.60009765625,428
1786723800000,4427.7001953125,4428.60009765625,4426.89990234375,4428.2998046875,302
1786724100000,4428.2998046875,4429.2998046875,4428.2998046875,4428.7998046875,80
1786724400000,4428.7998046875,4429.7001953125,4427.7998046875,4429.7001953125,237
1786724700000,4429.39990234375,4430.2001953125,4429.10009765625,4430,56
1786725000000,4429.89990234375,4430.2998046875,4429.10009765625,4429.60009765625,75
1786725300000,4429.2998046875,4431.7001953125,4428.89990234375,4431,144
1786725600000,4431.2001953125,4432.39990234375,4430.10009765625,4430.89990234375,97
1786725900000,4430.89990234375,4431.5,4430.7001953125,4430.7998046875,52
1786726200000,4431,4431.5,4430.39990234375,4431.5,79
1786726500000,4431.2001953125,4432.10009765625,4430.60009765625,4432.10009765625,125
1786726800000,4432,4437.2998046875,4432,4437.2998046875,1
1786903800000,4433.7001953125,4436,4431.2998046875,4432.60009765625,180
1786904100000,4432.60009765625,4433,4429.60009765625,4430.7998046875,158
1786904400000,4430.7998046875,4431.7998046875,4429.60009765625,4430,125
1786904700000,4429.60009765625,4431.39990234375,4429.2998046875,4430.60009765625,129
1786905000000,4430.7998046875,4434.10009765625,4430.7998046875,4433.2998046875,175
1786905300000,4433,4434.60009765625,4432.5,4434.2001953125,77
1786905600000,4434.60009765625,4434.7001953125,4432.5,4433.39990234375,80
1786905900000,4433.7998046875,4437,4433.60009765625,4436.7001953125,220
1786906200000,4436.39990234375,4440.2998046875,4436.2001953125,4439.39990234375,290
1786906500000,4439.10009765625,4442.5,4438.7001953125,4441.60009765625,181
1786906800000,4441.7998046875,4441.89990234375,4436.2998046875,4438.10009765625,329
1786907100000,4438,4438.7998046875,4436.7001953125,4438.7998046875,112
1786907400000,4438.7998046875,4439.2001953125,4435.39990234375,4435.39990234375,96
1786907700000,4435.5,4436.7001953125,4434,4435.2998046875,149
1786908000000,4435.2001953125,4436.5,4431,4431.7998046875,215
1786908300000,4431.7998046875,4432.10009765625,4428.10009765625,4430.10009765625,299
1786908600000,4430.2001953125,4431,4425.39990234375,4426.7001953125,467
1786908900000,4426.7001953125,4427.2998046875,4422.2998046875,4425.7998046875,452
1786909200000,4425.2001953125,4425.2001953125,4422.5,4424,119
1786909500000,4424.10009765625,4429.2001953125,4424.10009765625,4426.89990234375,180
1786909800000,4427.2001953125,4428.10009765625,4426.10009765625,4427.10009765625,110
1786910100000,4427,4427.2998046875,4424.7001953125,4425.5,88
1786910400000,4426,4431.5,4423.5,4430.7001953125,356
1786910700000,4430.60009765625,4431.7001953125,4427.7998046875,4427.7998046875,222
1786911000000,4428.10009765625,4435.2001953125,4428.10009765625,4434.39990234375,297
1786911300000,4434.5,4443,4434,4439.89990234375,496
1786911600000,4440.39990234375,4444.10009765625,4439.5,4442.2998046875,363
1786911900000,4442.2001953125,4446.89990234375,4442.10009765625,4445.7001953125,451
1786912200000,4445.7998046875,4450.2001953125,4445.2998046875,4448.2001953125,544
1786912500000,4448.7001953125,4449.10009765625,4444.39990234375,4445.2001953125,201
1786912800000,4444.89990234375,4453.60009765625,4443.5,4451.60009765625,507
1786913100000,4451.2998046875,4452.10009765625,4450,4450.7001953125,237
1786913400000,4451,4454.5,4450.2001953125,4453.60009765625,451
1786913700000,4453.89990234375,4459.39990234375,4453.2001953125,4457.2998046875,963
1786914000000,4457.10009765625,4465.7998046875,4456.10009765625,4464.39990234375,1445
1786914300000,4464,4468.10009765625,4461.39990234375,4463.2001953125,574
1786914600000,4463.2998046875,4468.10009765625,4460.7998046875,4465.7998046875,404
1786914900000,4465.60009765625,4466.89990234375,4462.7001953125,4464.7001953125,479
1786915200000,4464.7998046875,4473.2001953125,4464.2998046875,4469.10009765625,565
1786915500000,4469.10009765625,4471.5,4463,4463.7998046875,542
1786915800000,4463.7998046875,4464.7998046875,4457.7998046875,4458.7998046875,664
1786916100000,4458.7001953125,4459.89990234375,4455.39990234375,4457.2998046875,553
1786916400000,4457.2998046875,4460.2001953125,4454.10009765625,4459.89990234375,556
1786916700000,4460.2001953125,4460.60009765625,4450.7998046875,4451.7998046875,669
1786917000000,4451.60009765625,4455.39990234375,4448.60009765625,4454.10009765625,520
1786917300000,4453.5,4453.5,4449.7998046875,4452,241
1786917600000,4451.89990234375,4454.5,4451.2998046875,4451.89990234375,276
1786917900000,4452.39990234375,4453.89990234375,4449.2001953125,4452,364
1786918200000,4452,4452,4449.5,4451,149
1786918500000,4450.7998046875,4452.2998046875,4448.89990234375,4450.5,313
1786918800000,4449.7001953125,4452,4446.5,4451.2998046875,265
1786919100000,4451.7001953125,4454.10009765625,4451.39990234375,4451.39990234375,270
1786919400000,4452.2998046875,4454.7001953125,4448.89990234375,4450.10009765625,303
1786919700000,4449.7001953125,4451.7998046875,4448.2001953125,4449,213
1786920000000,4448.2001953125,4451.7998046875,4446.39990234375,4449.39990234375,308
1786920300000,4449.39990234375,4450.10009765625,4447.5,4448.5,146
1786920600000,4448.10009765625,4449.10009765625,4446.7998046875,4447.10009765625,89
1786920900000,4446.89990234375,4450.10009765625,4444.89990234375,4449.7998046875,338
1786921200000,4450.2001953125,4451.7998046875,4449.2001953125,4449.39990234375,113
1786921500000,4449.60009765625,4450.7001953125,4445.7998046875,4446.5,153
1786921800000,4446.7001953125,4448.2998046875,4445.39990234375,4446.5,168
1786922100000,4446.2001953125,4447.39990234375,4444.5,4447,172
1786922400000,4447.5,4448.10009765625,4446.2001953125,4446.7998046875,99
1786922700000,4447.10009765625,4449.89990234375,4444.89990234375,4449.2998046875,180
1786923000000,4449.39990234375,4451.89990234375,4447.2001953125,4451.60009765625,259
1786923300000,4450.5,4451.7001953125,4448.89990234375,4450.2998046875,160
1786923600000,4450.39990234375,4453.7998046875,4450.39990234375,4451.7998046875,206
1786923900000,4451.7001953125,4452.5,4449.2998046875,4452.2001953125,219
1786924200000,4451.7998046875,4452.2998046875,4451,4452,70
1786924500000,4451.7998046875,4453.7998046875,4450.7998046875,4453.7001953125,102
1786924800000,4453.5,4456,4453.10009765625,4454.2001953125,252
1786925100000,4454.2001953125,4455.2001953125,4452.89990234375,4454.7998046875,224
1786925400000,4453.89990234375,4456.2998046875,4453.89990234375,4455.10009765625,143
1786925700000,4455.10009765625,4455.39990234375,4453.2998046875,4453.7998046875,162
1786926000000,4453.2998046875,4453.2998046875,4449.5,4450.7001953125,298
1786926300000,4450.39990234375,4450.39990234375,4446.60009765625,4447.89990234375,177
1786926600000,4447.5,4448.7001953125,4445.5,4448.60009765625,166
1786926900000,4448.2001953125,4450,4446.7998046875,4449.10009765625,143
1786927200000,4449.2998046875,4453.2998046875,4448.5,4452.10009765625,249
1786927500000,4453,4454.60009765625,4452,4452.39990234375,159
1786927800000,4452.39990234375,4453.2001953125,4451.5,4451.60009765625,86
1786928100000,4451.7998046875,4452.10009765625,4446.2998046875,4447.10009765625,204
1786928400000,4447.2998046875,4449.2998046875,4446.7001953125,4449.2001953125,222
1786928700000,4449.10009765625,4449.7998046875,4446.39990234375,4448.7001953125,187
1786929000000,4448.5,4448.5,4443.39990234375,4444.39990234375,285
1786929300000,4444.2998046875,4449.89990234375,4443.60009765625,4449.7998046875,282
1786929600000,4449.7998046875,4453.5,4447.39990234375,4452.10009765625,343
1786929900000,4451.89990234375,4456,4451.10009765625,4456,258
1786930200000,4456.2998046875,4457.7001953125,4452.2001953125,4452.89990234375,555
1786930500000,4452.89990234375,4453.10009765625,4449,4452.39990234375,367
1786930800000,4451.60009765625,4453.5,4450.7001953125,4452.2998046875,137
1786931100000,4452.2001953125,4454,4449.2001953125,4453.60009765625,201
1786931400000,4454,4454,4449.2001953125,4449.60009765625,169
1786931700000,4449.7001953125,4452.60009765625,4449.39990234375,4451.2998046875,260
1786932000000,4451.60009765625,4454.89990234375,4451.2998046875,4452.2001953125,273
1786932300000,4452.10009765625,4454.60009765625,4450.2998046875,4452.10009765625,376
1786932600000,4452.2998046875,4454.2998046875,4449.2998046875,4453.5,238
1786932900000,4453,4453.10009765625,4449.10009765625,4450,118
1786933200000,4449.89990234375,4453.10009765625,4449.7001953125,4451.60009765625,233
1786933500000,4451,4456.2998046875,4450.7998046875,4455,561
1786933800000,4454.5,4454.89990234375,4451.10009765625,4451.39990234375,242
1786934100000,4451.89990234375,4451.89990234375,4449.7001953125,4451,237
1786934400000,4451.10009765625,4452.2998046875,4449.7001953125,4452.2998046875,188
1786934700000,4452.5,4457,4452.5,4456.5,519
1786935000000,4456.60009765625,4460.7001953125,4456.60009765625,4458.39990234375,426
1786935300000,4458.2998046875,4459.2998046875,4457,4459.2998046875,379
1786935600000,4459,4460.2001953125,4457.60009765625,4457.89990234375,429
1786935900000,4458.10009765625,4458.7998046875,4455.60009765625,4456.5,492
1786936200000,4456.5,4457.39990234375,4452.2001953125,4452.7001953125,427
1786936500000,4452.7001953125,4455.60009765625,4452.7001953125,4453.5,261
1786936800000,4453.89990234375,4453.89990234375,4452.39990234375,4453.39990234375,180
1786937100000,4453.60009765625,4461.60009765625,4452.7998046875,4461.2001953125,500
1786937400000,4461.2998046875,4464.7998046875,4460.89990234375,4463.2998046875,681
1786937700000,4463.60009765625,4467.89990234375,4463.10009765625,4464.10009765625,563
1786938000000,4464.2998046875,4467.2998046875,4463.60009765625,4465.5,225
1786938300000,4465.89990234375,4466.2998046875,4463.5,4463.89990234375,340
1786938600000,4463.7998046875,4464.60009765625,4460,4461,485
1786938900000,4461,4462.5,4460.60009765625,4461.5,197
1786939200000,4461.7998046875,4461.7998046875,4455.7998046875,4456.5,556
1786939500000,4456.5,4456.89990234375,4454.10009765625,4456.10009765625,223
1786939800000,4456.10009765625,4459.2998046875,4454.89990234375,4459.2998046875,222
1786940100000,4459.2998046875,4460.2001953125,4457,4457.60009765625,253
1786940400000,4457.39990234375,4459.39990234375,4456.7998046875,4458.7998046875,177
1786940700000,4458.5,4459.39990234375,4457.10009765625,4458,246
1786941000000,4458,4458,4455.7998046875,4456.2001953125,107
1786941300000,4456.39990234375,4458.39990234375,4455.39990234375,4456.89990234375,107
1786941600000,4457.60009765625,4457.7998046875,4452,4452.5,247
1786941900000,4452.39990234375,4453,4451.2001953125,4451.89990234375,246
1786942200000,4452.2001953125,4452.2001953125,4449.2001953125,4449.60009765625,248
1786942500000,4449.7998046875,4452.2998046875,4448.7998046875,4451.10009765625,177
1786942800000,4451.2998046875,4452.5,4449.5,4452.5,267
1786943100000,4452.7001953125,4455.89990234375,4451.39990234375,4455.89990234375,259
1786943400000,4456,4457,4455.10009765625,4455.2998046875,166
1786943700000,4455.39990234375,4456.39990234375,4453.39990234375,4454.7001953125,259
1786944000000,4454.5,4454.89990234375,4452.39990234375,4452.60009765625,241
1786944300000,4453,4454.2001953125,4451.60009765625,4453.10009765625,269
1786944600000,4453.2001953125,4453.5,4450.39990234375,4453.10009765625,740
1786944900000,4452.7998046875,4453.7001953125,4450.5,4450.7998046875,204
1786945200000,4451.2001953125,4453,4450,4451,166
1786945500000,4450.7998046875,4452.10009765625,4449.2001953125,4452,219
1786945800000,4452.2001953125,4452.7998046875,4449.89990234375,4450,225
1786946100000,4450.10009765625,4452.39990234375,4450,4452.39990234375,164
1786946400000,4452.39990234375,4452.7998046875,4450,4450.7001953125,164
1786946700000,4450.7998046875,4452.89990234375,4450.7998046875,4450.7998046875,187
1786947000000,4450.7001953125,4453.2001953125,4450.39990234375,4452.7001953125,315
1786947300000,4452.5,4456.7998046875,4451.60009765625,4452.5,346
1786947600000,4452.89990234375,4453.89990234375,4451.7998046875,4453.10009765625,218
1786947900000,4453.2001953125,4462.2998046875,4445.7001953125,4461.60009765625,1445
1786948200000,4461.60009765625,4462.60009765625,4453.39990234375,4453.7001953125,803
1786948500000,4454.10009765625,4455,4452.2001953125,4452.89990234375,342
1786948800000,4452.89990234375,4455.7001953125,4452.10009765625,4455,191
1786949100000,4455.10009765625,4456,4452.89990234375,4453.7998046875,236
1786949400000,4453.5,4455.2998046875,4453.39990234375,4454.2998046875,144
1786949700000,4454.60009765625,4456.39990234375,4453.7998046875,4455.7998046875,390
1786950000000,4455.89990234375,4459,4454.89990234375,4457,183
1786950300000,4457.10009765625,4460.39990234375,4456.89990234375,4458.7998046875,195
1786950600000,4458.5,4459.60009765625,4456.2001953125,4456.5,290
1786950900000,4456.39990234375,4456.7001953125,4453.7001953125,4455.10009765625,314
1786951200000,4455.10009765625,4460.7001953125,4455.10009765625,4460.5,562
1786951500000,4460.39990234375,4461.5,4459.39990234375,4460.2998046875,301
1786951800000,4460.39990234375,4461.7998046875,4458.89990234375,4460.89990234375,232
1786952100000,4460.60009765625,4461.60009765625,4459.5,4459.7001953125,141
1786952400000,4459.5,4459.60009765625,4455.89990234375,4456.39990234375,640
1786952700000,4456.60009765625,4457.60009765625,4452.89990234375,4453.60009765625,416
1786953000000,4453.5,4455.5,4451.7998046875,4453.7001953125,292
1786953300000,4453,4454.10009765625,4452.39990234375,4453.39990234375,203
1786953600000,4453.10009765625,4454,4450,4451.10009765625,372
1786953900000,4451,4451.7001953125,4448.2998046875,4449.2001953125,329
1786954200000,4448.60009765625,4451.7001953125,4447.7998046875,4450.60009765625,290
1786954500000,4450.39990234375,4452.10009765625,4449.39990234375,4451.10009765625,185
1786954800000,4450.89990234375,4455.39990234375,4448.2998046875,4449.10009765625,656
1786955100000,4449,4450,4437.5,4441.7001953125,2567
1786955400000,4442.2998046875,4446.7998046875,4440.2001953125,4445.5,864
1786955700000,4445.10009765625,4445.7001953125,4437.60009765625,4437.60009765625,762
1786956000000,4437.60009765625,4439.7001953125,4434.7001953125,4434.7001953125,945
1786956300000,4434.5,4436.7998046875,4433.39990234375,4434.5,934
1786956600000,4434.2998046875,4441.2001953125,4434.2998046875,4440.7998046875,754
1786956900000,4441,4443.10009765625,4440,4441.39990234375,517
1786957200000,4441.7001953125,4445,4438.10009765625,4440.7998046875,889
1786957500000,4441.10009765625,4442.89990234375,4438.60009765625,4442.10009765625,469
1786957800000,4441.7998046875,4446.2001953125,4441.7998046875,4442.60009765625,637
1786958100000,4443,4443.2998046875,4438.60009765625,4441.60009765625,568
1786958400000,4441.89990234375,4445.10009765625,4440.89990234375,4443,351
1786958700000,4443.2998046875,4445,4442.39990234375,4442.60009765625,255
1786959000000,4442.7998046875,4446.60009765625,4442.10009765625,4445.2998046875,567
1786959300000,4444.7998046875,4448.2998046875,4442.2998046875,4444.89990234375,680
1786959600000,4445,4445.7998046875,4441,4441.89990234375,562
1786959900000,4442.10009765625,4451.89990234375,4440.89990234375,4451.60009765625,742
1786960200000,4451.39990234375,4463.89990234375,4450.60009765625,4457.89990234375,2465
1786960500000,4457.89990234375,4473,4457.89990234375,4465.2998046875,2433
1786960800000,4465.2998046875,4467.10009765625,4460.89990234375,4464.89990234375,1535
1786961100000,4464.7998046875,4465.5,4461.5,4461.7998046875,627
1786961400000,4461.7001953125,4469.5,4460.39990234375,4469.2001953125,977
1786961700000,4469.2001953125,4478,4468.39990234375,4475.60009765625,3974
1786962000000,4475.7001953125,4484.89990234375,4474.39990234375,4481.60009765625,3036
1786962300000,4481.5,4483.60009765625,4472.7998046875,4475.39990234375,1727
1786962600000,4475.60009765625,4481.7998046875,4475.39990234375,4479.2998046875,1211
1786962900000,4479.7998046875,4480.89990234375,4473.7998046875,4474.89990234375,651
1786963200000,4474.7998046875,4479.10009765625,4474.7998046875,4474.7998046875,531
1786963500000,4475,4477.10009765625,4471.39990234375,4474.39990234375,680
1786963800000,4474.60009765625,4478.39990234375,4472.89990234375,4473.39990234375,394
1786964100000,4473.7001953125,4475.5,4471.60009765625,4474.5,330
1786964400000,4474.60009765625,4476.7001953125,4471.7998046875,4475.89990234375,510
1786964700000,4475.7001953125,4477.2998046875,4473.39990234375,4474.10009765625,337
1786965000000,4474,4479.7998046875,4473.2001953125,4478.5,428
1786965300000,4478.5,4480.7998046875,4476.7001953125,4479.2998046875,528
1786965600000,4479.2001953125,4481,4478.7001953125,4480.5,549
1786965900000,4480.60009765625,4483.39990234375,4478,4482.7001953125,527
1786966200000,4482.7998046875,4483.7001953125,4478.5,4479.89990234375,630
1786966500000,4479.7998046875,4481,4477.10009765625,4479.10009765625,440
1786966800000,4479,4480.60009765625,4475.7998046875,4476.10009765625,527
1786967100000,4476.2998046875,4481.5,4474.7998046875,4480.89990234375,603
1786967400000,4481.10009765625,4484.2001953125,4480.2998046875,4483.7998046875,570
1786967700000,4483.7998046875,4485.2998046875,4483.10009765625,4484.7998046875,672
1786968000000,4485,4485.5,4481.39990234375,4482.7998046875,541
1786968300000,4482.7998046875,4486,4481.60009765625,4484.89990234375,527
1786968600000,4485.10009765625,4486.5,4483,4483.39990234375,430
1786968900000,4483.7001953125,4484.89990234375,4482.5,4483.2001953125,243
1786969200000,4482.7001953125,4484.89990234375,4482,4482.39990234375,683
1786969500000,4482.5,4482.7001953125,4480.2998046875,4482.2998046875,325
1786969800000,4482.39990234375,4482.7998046875,4479.7001953125,4481.2998046875,299
1786970100000,4481.39990234375,4484.5,4480.7998046875,4483.89990234375,280
1786970400000,4484,4484.2001953125,4481.7001953125,4482,484
1786970700000,4482.10009765625,4482.2998046875,4480,4481.7998046875,239
1786971000000,4481.7001953125,4483,4480.10009765625,4480.5,305
1786971300000,4480.7998046875,4483,4480.7998046875,4481.5,340
1786971600000,4481.7001953125,4483.7001953125,4481.2001953125,4481.7998046875,342
1786971900000,4482.10009765625,4482.2001953125,4478.2998046875,4479.7001953125,472
1786972200000,4479.39990234375,4480.7001953125,4478.89990234375,4480.2998046875,330
1786972500000,4480.2998046875,4480.5,4476.10009765625,4476.7001953125,644
1786972800000,4476.7998046875,4477.7001953125,4473.10009765625,4474.2001953125,693
1786973100000,4474.2001953125,4474.89990234375,4470.7998046875,4474,1607
1786973400000,4474,4476.2998046875,4471.10009765625,4474.7001953125,891
1786973700000,4474.60009765625,4474.7998046875,4469.10009765625,4469.2998046875,786
1786974000000,4469.39990234375,4475,4468.2001953125,4474.7001953125,567
1786974300000,4474.7001953125,4477.89990234375,4474.5,4476.5,320
1786974600000,4476.5,4478.2001953125,4474.7001953125,4474.7998046875,250
1786974900000,4475,4475.60009765625,4470.7998046875,4471,389
1786975200000,4471.2998046875,4471.89990234375,4467.7998046875,4468.5,515
1786975500000,4468.60009765625,4470.5,4467.39990234375,4469,348
1786975800000,4468.7998046875,4471.2998046875,4467.60009765625,4471.2001953125,314
1786976100000,4471.2998046875,4474,4471,4472.7001953125,571
1786976400000,4472.2998046875,4473.10009765625,4466,4466.7998046875,1098
1786976700000,4466.60009765625,4467.2001953125,4461.5,4463.2001953125,1660
1786977000000,4463.2998046875,4463.7001953125,4454.5,4456.60009765625,1653
1786977300000,4456.60009765625,4459.10009765625,4455.89990234375,4458.39990234375,632
1786977600000,4458.7001953125,4461.2001953125,4458,4458,448
1786977900000,4458,4462.7001953125,4456.7998046875,4462.60009765625,333
1786978200000,4462.5,4463.7998046875,4461.7001953125,4463.2001953125,260
1786978500000,4462.7998046875,4463.2998046875,4462.10009765625,4463.10009765625,115
1786978800000,4462.89990234375,4463.5,4458.39990234375,4459.2998046875,681
1786979100000,4459,4460.10009765625,4456.60009765625,4460.10009765625,341
1786979400000,4460.2001953125,4464.7998046875,4460.2001953125,4464.5,272
1786979700000,4464.7998046875,4472.39990234375,4464.7998046875,4471.2001953125,1050
1786980000000,4471,4472.89990234375,4470.89990234375,4472.2998046875,287
1786980300000,4472,4473.60009765625,4470.60009765625,4470.60009765625,188
1786980600000,4470.89990234375,4472.7998046875,4470.39990234375,4472.7998046875,202
1786980900000,4472.60009765625,4473.60009765625,4471.2998046875,4472.5,150
1786981200000,4472.7998046875,4476.7998046875,4471.7998046875,4475.5,278
1786981500000,4475.5,4477,4474.39990234375,4476.10009765625,268
1786981800000,4476.2001953125,4476.2998046875,4472.10009765625,4473.89990234375,619
1786982100000,4473.7998046875,4476.7001953125,4473.39990234375,4475.7001953125,294
1786982400000,4475.89990234375,4477.5,4474.5,4475.2998046875,278
1786982700000,4474.89990234375,4474.89990234375,4472.5,4473.39990234375,92
1786983000000,4473.5,4474.39990234375,4473,4474.10009765625,81
1786983300000,4474.10009765625,4474.39990234375,4473.60009765625,4474.2998046875,40
1786983600000,4474.5,4474.5,4473.39990234375,4473.5,26
1786983900000,4473.5,4473.60009765625,4471.39990234375,4471.39990234375,94
1786984200000,4471.60009765625,4472,4471.2998046875,4471.7001953125,26
1786984500000,4471.7998046875,4471.89990234375,4471.10009765625,4471.5,130
1786984800000,4471.7001953125,4472.5,4471.39990234375,4472.2001953125,46
1786985100000,4471.7001953125,4473.2001953125,4471.5,4472,87
1786985400000,4472.2001953125,4472.60009765625,4471.5,4472.2001953125,51
1786985700000,4472.2998046875,4474,4472,4473.10009765625,116
1786989600000,4473.39990234375,4475.89990234375,4472.10009765625,4472.7001953125,0
1786989900000,4472.89990234375,4473,4471.5,4472,79
1786990200000,4472.10009765625,4473.5,4471.60009765625,4472.89990234375,80
1786990500000,4472.89990234375,4473.5,4471.89990234375,4471.89990234375,107
1786990800000,4472.2998046875,4472.7001953125,4471.39990234375,4471.7998046875,83
1786991100000,4471.89990234375,4471.89990234375,4468.2998046875,4468.89990234375,259
1786991400000,4468.39990234375,4469.7001953125,4467.60009765625,4468.39990234375,193
1786991700000,4468.89990234375,4470.7998046875,4468.39990234375,4469.2998046875,225
1786992000000,4469.5,4471.89990234375,4469,4470.89990234375,105
1786992300000,4470.7001953125,4472.39990234375,4470.2998046875,4471.2998046875,96
1786992600000,4471.39990234375,4471.7001953125,4468.2001953125,4468.2001953125,66
1786992900000,4468.2998046875,4469.5,4466.5,4467.89990234375,220
1786993200000,4468,4470.10009765625,4466,4469.60009765625,232
1786993500000,4469.89990234375,4470.60009765625,4469.2001953125,4470,162
1786993800000,4470.2001953125,4471,4469.39990234375,4470.7001953125,137
1786994100000,4471.10009765625,4474.7001953125,4471,4473.89990234375,236
1786994400000,4473.7998046875,4474.2998046875,4472.5,4473.5,111
1786994700000,4473.89990234375,4478.10009765625,4473.7998046875,4476.60009765625,349
1786995000000,4476.2998046875,4478.60009765625,4476.2998046875,4478.10009765625,94
1786995300000,4478.39990234375,4478.7998046875,4476.7998046875,4477.10009765625,157
1786995600000,4477.5,4479.2001953125,4476.2998046875,4479.10009765625,167
1786995900000,4478.89990234375,4480.39990234375,4477.89990234375,4479.7001953125,189
1786996200000,4480,4480.7001953125,4478.89990234375,4480.10009765625,184
1786996500000,4480.2001953125,4482.10009765625,4479.7001953125,4482,154
1786996800000,4482.2998046875,4486.5,4475.39990234375,4481.7998046875,836
1786997100000,4481.7001953125,4482.39990234375,4476.2998046875,4476.2998046875,188
1786997400000,4476.39990234375,4478.5,4475,4478.39990234375,169
1786997700000,4477.7001953125,4484.39990234375,4477.2001953125,4482.89990234375,379
1786998000000,4483.60009765625,4488.2001953125,4479,4484.2001953125,666
1786998300000,4484.60009765625,4488.10009765625,4481.60009765625,4487.7001953125,544
1786998600000,4487.7998046875,4488.5,4484.5,4487.89990234375,479
1786998900000,4487.60009765625,4490.2998046875,4486.89990234375,4489.2998046875,304
1786999200000,4489.60009765625,4489.60009765625,4485,4486.10009765625,218
1786999500000,4486.2001953125,4486.7998046875,4484.89990234375,4486.2998046875,96
1786999800000,4486,4487,4485,4486,107
1787000100000,4486,4491.7001953125,4485.39990234375,4491.2001953125,396
1787000400000,4491.60009765625,4493,4485.7998046875,4488.5,1016
1787000700000,4487.7001953125,4493.10009765625,4485.5,4487,362
1787001000000,4487.2998046875,4488.5,4485,4485.5,127
1787001300000,4485.89990234375,4487.39990234375,4479.10009765625,4481.7998046875,596
1787001600000,4482,4483.10009765625,4478.5,4480.2998046875,464
1787001900000,4480.2001953125,4482.5,4476.60009765625,4481.5,388
1787002200000,4481.5,4482.60009765625,4477.7998046875,4479,190
1787002500000,4478.7001953125,4480.2001953125,4476.60009765625,4476.60009765625,137
1787002800000,4477,4478.2998046875,4468.2998046875,4468.39990234375,683
1787003100000,4468.39990234375,4468.89990234375,4461.10009765625,4464.5,1081
1787003400000,4464.5,4465.2998046875,4460.89990234375,4464.60009765625,425
1787003700000,4464.5,4466.2001953125,4464.2998046875,4464.60009765625,244
1787004000000,4464.60009765625,4464.89990234375,4457.5,4458.60009765625,572
1787004300000,4458.89990234375,4460.5,4456.2001953125,4456.5,465
1787004600000,4456.7001953125,4459.2998046875,4454.7998046875,4457.39990234375,441
1787004900000,4457.2998046875,4461.89990234375,4456.7998046875,4460.39990234375,332
1787005200000,4460.10009765625,4460.89990234375,4458.2998046875,4460.7001953125,206
1787005500000,4460.7998046875,4461.5,4458.60009765625,4458.7001953125,179
1787005800000,4458.7998046875,4458.89990234375,4452.2001953125,4452.60009765625,684
1787006100000,4452.60009765625,4456.2998046875,4451.7001953125,4452.89990234375,379
1787006400000,4453,4453.2001953125,4450.2998046875,4451.39990234375,306
1787006700000,4451.2001953125,4454.2998046875,4450,4453.5,505
1787007000000,4453.2998046875,4454.7998046875,4452,4454.2001953125,266
1787007300000,4454.2001953125,4456.89990234375,4453.39990234375,4456.10009765625,446
1787007600000,4456.10009765625,4460.5,4456.10009765625,4459.5,597
1787007900000,4459.5,4459.89990234375,4455.7001953125,4457.7001953125,212
1787008200000,4458.10009765625,4458.7998046875,4455.39990234375,4457.89990234375,249
1787008500000,4458.10009765625,4458.7001953125,4451.89990234375,4452.7001953125,327
1787008800000,4453,4453.60009765625,4450,4451.39990234375,326
1787009100000,4451.2001953125,4453.89990234375,4451,4453.2998046875,163
1787009400000,4452.7998046875,4453.2998046875,4451.7998046875,4452.5,126
1787009700000,4452.5,4453.10009765625,4450.89990234375,4451.2998046875,90
1787010000000,4450.89990234375,4451.89990234375,4450.39990234375,4450.60009765625,130
1787010300000,4451.10009765625,4451.10009765625,4449.2998046875,4449.7001953125,243
1787010600000,4449.5,4449.60009765625,4447.2001953125,4448,333
1787010900000,4448,4448.39990234375,4446.2998046875,4448.10009765625,217
1787011200000,4447.39990234375,4448.2001953125,4445.89990234375,4446.2001953125,229
1787011500000,4446.39990234375,4447.89990234375,4445.39990234375,4446.7998046875,240
1787011800000,4446.89990234375,4448.60009765625,4446.60009765625,4447.89990234375,213
1787012100000,4447.89990234375,4449.2001953125,4446.5,4446.7998046875,259
1787012400000,4447.10009765625,4448.2001953125,4446.39990234375,4448.2001953125,116
1787012700000,4448.2001953125,4448.60009765625,4447.2001953125,4448.10009765625,97
1787013000000,4448.2001953125,4450.2998046875,4447,4448,265
1787013300000,4447.60009765625,4448.7001953125,4444,4446.7001953125,597
1787013600000,4446.89990234375,4449.7998046875,4445.7998046875,4448.7001953125,183
1787013900000,4448.7998046875,4450.39990234375,4447.7001953125,4450.10009765625,135
1787014200000,4449.89990234375,4450.7998046875,4448.7998046875,4450.7998046875,194
1787014500000,4450.7998046875,4450.89990234375,4448.39990234375,4448.89990234375,141
1787014800000,4448.7001953125,4449,4446.5,4446.89990234375,228
1787015100000,4447,4449.7998046875,4447,4449,102
1787015400000,4449.2998046875,4449.2998046875,4446.39990234375,4446.60009765625,99
1787015700000,4446.7998046875,4450.10009765625,4446.5,4450,94
1787016000000,4450.10009765625,4451.60009765625,4449.7998046875,4451.10009765625,244
1787016300000,4450.89990234375,4451.60009765625,4446.60009765625,4446.60009765625,139
1787016600000,4446.39990234375,4447,4441.39990234375,4443.10009765625,963
1787016900000,4442.60009765625,4446.7998046875,4442.2998046875,4445.7998046875,244
1787017200000,4446.10009765625,4450.2001953125,4444.2998046875,4449.2998046875,220
1787017500000,4449.5,4451.39990234375,4448.7998046875,4451.2001953125,227
1787017800000,4451.5,4453.2001953125,4449.5,4451.39990234375,354
1787018100000,4451.5,4452.5,4449.39990234375,4450.2001953125,181
1787018400000,4449.39990234375,4449.7998046875,4444.2998046875,4446.10009765625,813
1787018700000,4445.89990234375,4449.39990234375,4443.2001953125,4448.60009765625,443
1787019000000,4448.5,4451.10009765625,4447.7998046875,4450.89990234375,275
1787019300000,4450.7998046875,4451.89990234375,4449.39990234375,4450.7998046875,153
1787019600000,4450.7998046875,4453.39990234375,4449.7998046875,4453.10009765625,385
1787019900000,4453.2998046875,4455.10009765625,4452.2001953125,4454.89990234375,368
1787020200000,4454.7001953125,4455.60009765625,4450.7998046875,4450.7998046875,252
1787020500000,4450.7001953125,4453,4450.5,4452.39990234375,255
1787020800000,4452.39990234375,4454.2001953125,4452.10009765625,4452.5,218
1787021100000,4452.60009765625,4454.7001953125,4452.60009765625,4453.10009765625,232
1787021400000,4453.2998046875,4454.39990234375,4453,4453.60009765625,166
1787021700000,4453.7998046875,4454.5,4452.7998046875,4454.10009765625,221
1787022000000,4454.2998046875,4456.10009765625,4452.39990234375,4455,311
1787022300000,4455.5,4456.39990234375,4452.7001953125,4453.2001953125,369
1787022600000,4453.10009765625,4454.89990234375,4452.5,4453.2001953125,315
1787022900000,4453.2001953125,4456.39990234375,4453.2001953125,4455.10009765625,174
1787023200000,4455.5,4457.39990234375,4455.2998046875,4457,212
1787023500000,4456.89990234375,4459.39990234375,4456.60009765625,4459,509
1787023800000,4459.10009765625,4459.5,4452.2998046875,4453,503
1787024100000,4453,4458.5,4452.39990234375,4458,326
1787024400000,4457.7998046875,4459.2001953125,4456.10009765625,4457.39990234375,224
1787024700000,4457.60009765625,4458.5,4455.39990234375,4456,143
1787025000000,4455.39990234375,4456.39990234375,4453.89990234375,4454.2001953125,147
1787025300000,4454.10009765625,4454.39990234375,4451.2001953125,4451.2001953125,180
1787025600000,4451.60009765625,4451.89990234375,4450,4450,401
1787025900000,4450.2001953125,4450.2001953125,4445.39990234375,4446.2998046875,792
1787026200000,4446.2001953125,4450.39990234375,4443.5,4448.2001953125,495
1787026500000,4448.39990234375,4449.2001953125,4447.39990234375,4447.60009765625,205
1787026800000,4447.5,4448.10009765625,4442.39990234375,4444,426
1787027100000,4444,4445,4442.89990234375,4444.89990234375,217
1787027400000,4444.89990234375,4449.60009765625,4444.89990234375,4448.7998046875,266
1787027700000,4449.2001953125,4454.2001953125,4449.2001953125,4453.60009765625,460
1787028000000,4453.60009765625,4454.2001953125,4452.2001953125,4452.5,129
1787028300000,4452.2001953125,4452.2998046875,4447.2001953125,4448.89990234375,246
1787028600000,4448.60009765625,4449.2998046875,4447.10009765625,4449.2998046875,201
1787028900000,4449.39990234375,4450.2001953125,4448.10009765625,4448.89990234375,212
1787029200000,4448.7998046875,4449.39990234375,4447.60009765625,4448,171
1787029500000,4448,4448.7001953125,4446.60009765625,4447.5,147
1787029800000,4447.5,4449,4447.10009765625,4448.39990234375,135
1787030100000,4448.10009765625,4448.10009765625,4446.60009765625,4446.89990234375,61
1787030400000,4446.60009765625,4447.10009765625,4444.60009765625,4445.7998046875,222
1787030700000,4445.5,4447.10009765625,4444.2001953125,4444.89990234375,317
1787031000000,4444.7998046875,4449.60009765625,4444.7001953125,4449.60009765625,589
1787031300000,4449.7998046875,4451.10009765625,4446.60009765625,4447.5,258
1787031600000,4447.5,4447.89990234375,4443.2001953125,4444.5,300
1787031900000,4444.5,4448.60009765625,4443,4448.60009765625,236
1787032200000,4448.39990234375,4450.60009765625,4448.39990234375,4450,324
1787032500000,4450.2001953125,4451.2998046875,4449.10009765625,4449.7001953125,158
1787032800000,4449.7001953125,4452,4448.60009765625,4450.10009765625,207
1787033100000,4450.39990234375,4450.89990234375,4448.7998046875,4449.5,122
1787033400000,4449.60009765625,4451,4449,4450.7001953125,87
1787033700000,4450.89990234375,4452.5,4450.2001953125,4451.7998046875,114
1787034000000,4451.2998046875,4451.5,4447.7001953125,4447.7001953125,169
1787034300000,4448.2998046875,4448.5,4446.10009765625,4448.2998046875,271
1787034600000,4448.7001953125,4450.60009765625,4448.10009765625,4450.2001953125,168
1787034900000,4450.10009765625,4454.10009765625,4450.10009765625,4453.89990234375,213
1787035200000,4454.10009765625,4455.2001953125,4453.5,4455,271
1787035500000,4455.2998046875,4456.2001953125,4454.7001953125,4455.2998046875,228
1787035800000,4455.60009765625,4456,4452.89990234375,4453.39990234375,203
1787036100000,4453.7001953125,4454.39990234375,4453.2998046875,4454.39990234375,85
1787036400000,4454.2001953125,4455.7998046875,4450,4450.5,277
1787036700000,4450.5,4451.10009765625,4448.89990234375,4450,252
1787037000000,4450.10009765625,4450.5,4448.2998046875,4450.2001953125,76
1787037300000,4449.7001953125,4451.10009765625,4448.5,4449.39990234375,163
1787037600000,4449.39990234375,4450.10009765625,4446.39990234375,4446.60009765625,203
1787037900000,4446.5,4448.10009765625,4445.7998046875,4446.2998046875,234
1787038200000,4446.2998046875,4448.10009765625,4445.60009765625,4445.60009765625,232
1787038500000,4445.7998046875,4447.60009765625,4444.7998046875,4446.7998046875,283
1787038800000,4446.5,4448.7998046875,4446,4447.2001953125,188
1787039100000,4447,4450.2001953125,4447,4448.5,173
1787039400000,4448.7001953125,4449.2001953125,4446.39990234375,4447.10009765625,100
1787039700000,4447.2001953125,4453.2998046875,4446.89990234375,4452.2998046875,460
1787040000000,4452.60009765625,4453.2998046875,4448,4453.10009765625,320
1787040300000,4453,4453.39990234375,4446.60009765625,4448,563
1787040600000,4447.7001953125,4449.7998046875,4445.7998046875,4449.7001953125,291
1787040900000,4449.2001953125,4450.2001953125,4447.7998046875,4448.7001953125,246
1787041200000,4449.2001953125,4457.2998046875,4448.89990234375,4451.89990234375,1230
1787041500000,4452.10009765625,4452.5,4448.2001953125,4451.89990234375,749
1787041800000,4452,4454.7998046875,4449,4453.5,373
1787042100000,4453.10009765625,4454.39990234375,4449.2001953125,4450.60009765625,438
1787042400000,4450.39990234375,4450.7998046875,4447.39990234375,4448.7998046875,372
1787042700000,4448.7001953125,4453.10009765625,4448.7001953125,4452.5,411
1787043000000,4453.2001953125,4453.60009765625,4448.7998046875,4449.7001953125,450
1787043300000,4449.7001953125,4452.2001953125,4447.10009765625,4450.7001953125,590
1787043600000,4450.5,4453.7001953125,4446.5,4452,799
1787043900000,4451.89990234375,4452.89990234375,4445,4445.5,787
1787044200000,4445,4452.2001953125,4444.39990234375,4452,1222
1787044500000,4451.7998046875,4452.39990234375,4444.5,4447.10009765625,1181
1787044800000,4447.5,4449.7001953125,4444.2001953125,4445.7001953125,873
1787045100000,4445.89990234375,4448.7001953125,4444.2001953125,4445.39990234375,624
1787045400000,4445.5,4454.60009765625,4430.89990234375,4452.5,4268
1787045700000,4452.5,4459.39990234375,4451.10009765625,4458.7001953125,1759
1787046000000,4458.7998046875,4463,4455.60009765625,4457,1913
1787046300000,4457.2001953125,4458.2998046875,4447.2998046875,4451.7001953125,1730
1787046600000,4451,4454.2001953125,4445.5,4446.7998046875,930
1787046900000,4447,4451,4445.7998046875,4451,558
1787047200000,4450.5,4462.7998046875,4449.60009765625,4460.39990234375,2761
1787047500000,4460.2998046875,4461,4454.2001953125,4454.60009765625,855
1787047800000,4454.7001953125,4455.39990234375,4447.39990234375,4449.60009765625,1003
1787048100000,4449.5,4461.39990234375,4449.39990234375,4458.10009765625,1116
1787048400000,4457.89990234375,4459.2998046875,4452.10009765625,4454.10009765625,589
1787048700000,4454.2998046875,4455.5,4448.7001953125,4450.60009765625,637
1787049000000,4450.7001953125,4452.5,4441.2001953125,4446,2673
1787049300000,4445.89990234375,4446.2001953125,4438.5,4438.7001953125,1105
1787049600000,4439.10009765625,4441.2998046875,4434,4436,1911
1787049900000,4435.7001953125,4444.7001953125,4434.39990234375,4443.2001953125,915
1787050200000,4443.39990234375,4445.39990234375,4427.7998046875,4435.39990234375,2243
1787050500000,4435,4439,4419.10009765625,4422.2998046875,3212
1787050800000,4422.60009765625,4432.7001953125,4421.60009765625,4431.5,2306
1787051100000,4431.89990234375,4434.10009765625,4421,4421.60009765625,1163
1787051400000,4421.89990234375,4424,4412,4415.60009765625,2308
1787051700000,4415.39990234375,4420.7001953125,4410.39990234375,4410.60009765625,1620
1787052000000,4410.60009765625,4412.39990234375,4406.7998046875,4409.5,2546
1787052300000,4409.60009765625,4416.2998046875,4408.10009765625,4410.60009765625,1266
1787052600000,4410.2001953125,4417.7998046875,4409.7998046875,4415.2001953125,1779
1787052900000,4415.39990234375,4418,4412.10009765625,4417,693
1787053200000,4416.7001953125,4417.39990234375,4411.89990234375,4414.5,849
1787053500000,4413.7998046875,4420.2001953125,4413.7998046875,4419.2998046875,1212
1787053800000,4419.39990234375,4421.89990234375,4416.5,4419.89990234375,599
1787054100000,4420,4421,4418.39990234375,4420.2001953125,306
1787054400000,4420.2998046875,4424.60009765625,4420.2998046875,4423.2998046875,480
1787054700000,4423.2998046875,4426.89990234375,4422,4426.60009765625,757
1787055000000,4426.7998046875,4427,4423,4423.10009765625,411
1787055300000,4423.2001953125,4423.7001953125,4420,4422.5,418
1787055600000,4422.7998046875,4425.10009765625,4421.89990234375,4423.60009765625,340
1787055900000,4423.60009765625,4424.39990234375,4418.7001953125,4419.39990234375,293
1787056200000,4419.7001953125,4422.10009765625,4418.60009765625,4421,568
1787056500000,4421.2998046875,4422.60009765625,4418.2998046875,4420.39990234375,268
1787056800000,4420.39990234375,4423.7998046875,4420.39990234375,4422.7001953125,203
1787057100000,4422.7001953125,4422.89990234375,4418.2998046875,4418.7998046875,347
1787057400000,4418.89990234375,4424.10009765625,4417.7998046875,4423.7998046875,402
1787057700000,4423.5,4423.5,4418.5,4419,373
1787058000000,4419.10009765625,4420.89990234375,4418.39990234375,4419.89990234375,378
1787058300000,4419.7001953125,4421.5,4419.60009765625,4420.89990234375,432
1787058600000,4421.2001953125,4422.60009765625,4420,4422.39990234375,217
1787058900000,4422.60009765625,4423.7001953125,4418.7001953125,4419.7001953125,366
1787059200000,4420,4423,4420,4422.89990234375,189
1787059500000,4423.10009765625,4423.7998046875,4419.2001953125,4420.7998046875,887
1787059800000,4421,4421.7998046875,4416.7998046875,4420.10009765625,509
1787060100000,4420,4420.7001953125,4416.5,4418.2998046875,283
1787060400000,4418.39990234375,4420.7001953125,4414.39990234375,4414.39990234375,389
1787060700000,4414.2998046875,4416.10009765625,4412.7001953125,4413.7998046875,537
1787061000000,4413.5,4415.5,4413.5,4414.2998046875,129
1787061300000,4414.5,4414.7998046875,4412.39990234375,4413.2001953125,411
1787061600000,4413.60009765625,4413.60009765625,4408.10009765625,4408.89990234375,1023
1787061900000,4409.10009765625,4411.10009765625,4408.2998046875,4411,475
1787062200000,4411.2998046875,4413.5,4408,4412.89990234375,233
1787062500000,4413.2998046875,4414.39990234375,4411.7998046875,4414.2001953125,129
1787062800000,4414.2001953125,4414.89990234375,4410.7998046875,4412.10009765625,312
1787063100000,4412,4416.5,4411.5,4415.39990234375,239
1787063400000,4415.60009765625,4415.7998046875,4413,4414.39990234375,169
1787063700000,4415,4415.60009765625,4413.5,4415,171
1787064000000,4414.7998046875,4414.7998046875,4408.7998046875,4409.39990234375,688
1787064300000,4409.5,4410.7001953125,4407.89990234375,4409,174
1787064600000,4409.2998046875,4410.2998046875,4409.2998046875,4409.7001953125,101
1787064900000,4409.60009765625,4411.2001953125,4409,4409.39990234375,198
1787065200000,4409.5,4413.10009765625,4409.2001953125,4410.39990234375,252
1787065500000,4410.5,4412,4410,4410.2998046875,140
1787065800000,4410.2001953125,4413.5,4409.7001953125,4412.39990234375,212
1787066100000,4412.2998046875,4413.7001953125,4409.10009765625,4409.7998046875,463
1787066400000,4409.5,4411.2998046875,4407.7001953125,4408.2998046875,365
1787066700000,4408.10009765625,4410.7998046875,4407.5,4409.5,321
1787067000000,4409.7998046875,4411.5,4408.2001953125,4408.60009765625,230
1787067300000,4408.7998046875,4410.10009765625,4408,4409.39990234375,190
1787067600000,4409.5,4412.39990234375,4404.2001953125,4404.39990234375,616
1787067900000,4404.2998046875,4408.2001953125,4398.60009765625,4400.7998046875,1298
1787068200000,4400.7998046875,4401.7998046875,4396.5,4400.2998046875,1075
1787068500000,4400.39990234375,4401.10009765625,4392.2998046875,4400,1922
1787068800000,4400.10009765625,4401.2001953125,4397.2001953125,4398.2998046875,450
1787069100000,4398.2998046875,4398.89990234375,4397.10009765625,4397.39990234375,84
1787069400000,4397.7998046875,4398.2998046875,4395.39990234375,4396.5,227
1787069700000,4397.10009765625,4397.10009765625,4394.5,4396.60009765625,97
1787070000000,4396.5,4396.5,4388,4393,606
1787070300000,4393.10009765625,4393.5,4391.60009765625,4392.7998046875,82
1787070600000,4392.7998046875,4394.60009765625,4391.7001953125,4394.39990234375,103
1787070900000,4394.2998046875,4394.39990234375,4392.2998046875,4393.2998046875,75
1787071200000,4392.89990234375,4393.5,4386.60009765625,4387.60009765625,414
1787071500000,4387,4388.60009765625,4383.2998046875,4387.60009765625,477
1787071800000,4388.2001953125,4389.39990234375,4385.10009765625,4389.39990234375,216
1787072100000,4389.60009765625,4390.2998046875,4387.7001953125,4389.5,288
1787076000000,4391.39990234375,4394.60009765625,4390.39990234375,4394.10009765625,0
1787076300000,4394.10009765625,4395.2998046875,4393.10009765625,4394.60009765625,207
1787076600000,4394.5,4395.2998046875,4393.10009765625,4393.7998046875,182
1787076900000,4393.2001953125,4394.2998046875,4391.39990234375,4391.39990234375,323
1787077200000,4391.39990234375,4391.89990234375,4386.5,4388.2001953125,615
1787077500000,4388.10009765625,4391.60009765625,4387.60009765625,4389.39990234375,477
1787077800000,4389.2998046875,4389.7998046875,4388.39990234375,4388.89990234375,167
1787078100000,4389.10009765625,4389.7998046875,4386.2001953125,4386.7001953125,344
1787078400000,4387,4387.7998046875,4385.7998046875,4386.60009765625,165
1787078700000,4386.60009765625,4387.7998046875,4386.2001953125,4387.7998046875,96
1787079000000,4387.7001953125,4388.7001953125,4386.7998046875,4387.7001953125,127
1787079300000,4387.7001953125,4388.5,4386.2998046875,4386.7998046875,118
1787079600000,4387.2001953125,4389.5,4385.89990234375,4389,181
1787079900000,4389.10009765625,4391.5,4387.5,4388,251
1787080200000,4387.89990234375,4388.2001953125,4385.39990234375,4387.10009765625,132
1787080500000,4386.7998046875,4387.7998046875,4385,4385.2998046875,180
1787080800000,4385.5,4390.2998046875,4383.60009765625,4385.7001953125,379
1787081100000,4386.10009765625,4386.5,4382.5,4383.10009765625,515
1787081400000,4382.89990234375,4385.39990234375,4379.60009765625,4383.5,747
1787081700000,4383.2001953125,4384.60009765625,4379.7998046875,4381.5,226
1787082000000,4381.39990234375,4383.2998046875,4380.7001953125,4382.5,160
1787082300000,4383,4384.7998046875,4382.2998046875,4383.2998046875,185
1787082600000,4383.7001953125,4387,4382.7001953125,4386.7001953125,263
1787082900000,4386.2998046875,4386.89990234375,4384.39990234375,4386,135
1787083200000,4386.10009765625,4393.2001953125,4384.60009765625,4389.7001953125,586
1787083500000,4389.39990234375,4394,4389.10009765625,4392.7998046875,220
1787083800000,4392.7001953125,4397.7001953125,4390.89990234375,4395.7998046875,561
1787084100000,4395.89990234375,4399.39990234375,4395.5,4396.2998046875,313
1787084400000,4396.7001953125,4399.10009765625,4394.5,4396.39990234375,518
1787084700000,4396.2001953125,4397,4392.5,4396.2998046875,472
1787085000000,4396.39990234375,4399,4392.89990234375,4394.10009765625,413
1787085300000,4394.39990234375,4400.2998046875,4394.2001953125,4398.2998046875,459
1787085600000,4398.2001953125,4401,4396.7001953125,4397.39990234375,315
1787085900000,4397.60009765625,4398.2001953125,4396,4396.5,145
1787086200000,4396.2001953125,4398.60009765625,4394.7001953125,4395,207
1787086500000,4394.7998046875,4396,4390.7001953125,4391.7998046875,565
1787086800000,4391.5,4393.60009765625,4378,4386,2026
1787087100000,4385.89990234375,4396.39990234375,4385.10009765625,4393.89990234375,1198
1787087400000,4393.89990234375,4397.60009765625,4390.7998046875,4397.39990234375,373
1787087700000,4397.60009765625,4400,4388.10009765625,4391.39990234375,967
1787088000000,4391.5,4393.7001953125,4386.39990234375,4391,517
1787088300000,4391.2001953125,4396.2998046875,4388.89990234375,4396.10009765625,641
1787088600000,4396.2998046875,4404.7001953125,4396.2001953125,4404.10009765625,670
1787088900000,4404.39990234375,4410,4403.7001953125,4408.89990234375,788
1787089200000,4409.10009765625,4411.10009765625,4407.7001953125,4409.39990234375,488
1787089500000,4409,4410.2001953125,4404.39990234375,4404.60009765625,639
1787089800000,4404.2998046875,4409.10009765625,4404.10009765625,4407,323
1787090100000,4406.89990234375,4410.2001953125,4406.39990234375,4410.2001953125,256
1787090400000,4410,4410.89990234375,4405,4408.2998046875,271
1787090700000,4407.7998046875,4410.60009765625,4406.2998046875,4409.2998046875,390
1787091000000,4409.5,4409.60009765625,4405.89990234375,4407,622
1787091300000,4407.2001953125,4414.7998046875,4406,4412.39990234375,876
1787091600000,4412.2001953125,4415.7998046875,4411.5,4413.60009765625,540
1787091900000,4413.7001953125,4414.7998046875,4412.5,4413.39990234375,236
1787092200000,4413.39990234375,4413.89990234375,4409,4410,713
1787092500000,4410.2001953125,4411.7001953125,4407.7001953125,4408.7998046875,391
1787092800000,4408.7001953125,4411.7998046875,4408.2001953125,4408.60009765625,208
1787093100000,4408.7998046875,4410.39990234375,4407.39990234375,4409.5,194
1787093400000,4408.89990234375,4410,4406.5,4407.5,237
1787093700000,4407.60009765625,4408.5,4405,4408.5,318
1787094000000,4408.39990234375,4409.89990234375,4406.39990234375,4409.10009765625,209
1787094300000,4408.89990234375,4409,4405.39990234375,4407.10009765625,211
1787094600000,4407.2998046875,4408.89990234375,4407.10009765625,4407.7001953125,207
1787094900000,4408.10009765625,4409.7998046875,4405.2998046875,4406.2998046875,244
1787095200000,4406.2998046875,4409.39990234375,4405.2998046875,4409.2998046875,168
1787095500000,4409.89990234375,4411.7998046875,4409.60009765625,4410.7998046875,201
1787095800000,4411.10009765625,4412,4409.7998046875,4410.7998046875,153
1787096100000,4410.7001953125,4414.10009765625,4410.7001953125,4412,213
1787096400000,4411.89990234375,4412.89990234375,4410.89990234375,4412.60009765625,117
1787096700000,4412.60009765625,4413,4410.2001953125,4411.60009765625,101
1787097000000,4412.2998046875,4412.2998046875,4409.5,4409.7998046875,92
1787097300000,4409.7998046875,4410.2001953125,4409,4409,26
1787097600000,4408.89990234375,4409.60009765625,4407.2001953125,4407.60009765625,188
1787097900000,4407.5,4408.39990234375,4406.89990234375,4408.10009765625,62
1787098200000,4408.2001953125,4408.60009765625,4407.2001953125,4407.89990234375,58
1787098500000,4407.89990234375,4408,4403.2001953125,4405.89990234375,527
1787098800000,4405.7998046875,4406.10009765625,4404,4405,191
1787099100000,4404.7001953125,4404.7001953125,4403.5,4404.2001953125,89
1787099400000,4404.7998046875,4405.2998046875,4402.2998046875,4403,173
1787099700000,4403.2001953125,4404,4399.39990234375,4399.89990234375,461
1787100000000,4399.7998046875,4400.7001953125,4398.2001953125,4399.7998046875,256
1787100300000,4399.39990234375,4400.2001953125,4399,4400,115
1787100600000,4399.89990234375,4399.89990234375,4396.5,4398,312
1787100900000,4398.2001953125,4401.7998046875,4397.7998046875,4401.7998046875,290
1787101200000,4401.7001953125,4404.2001953125,4399.89990234375,4401,243
1787101500000,4400.7998046875,4401.5,4395.5,4396,258
1787101800000,4395.89990234375,4395.89990234375,4391.89990234375,4392.2001953125,333
1787102100000,4392.39990234375,4393,4390.10009765625,4391.2998046875,528
1787102400000,4391.2998046875,4396.2998046875,4391.2998046875,4395.2001953125,340
1787102700000,4395.2001953125,4399.10009765625,4394.2001953125,4398.89990234375,211
1787103000000,4399.10009765625,4399.2998046875,4390.39990234375,4391.7998046875,933
1787103300000,4391.7001953125,4396.39990234375,4390.2998046875,4396.39990234375,376
1787103600000,4396.10009765625,4396.89990234375,4393.2001953125,4395.7998046875,294
1787103900000,4395.2998046875,4395.39990234375,4388.5,4390.39990234375,591
1787104200000,4390.60009765625,4391.5,4388.2001953125,4388.89990234375,622
1787104500000,4388.7998046875,4392,4388.2998046875,4389,205
1787104800000,4389,4394.7001953125,4388.7001953125,4390.89990234375,666
1787105100000,4391.39990234375,4393.2001953125,4388.7998046875,4392.2998046875,321
1787105400000,4392.5,4395.2998046875,4390.2001953125,4390.7998046875,237
1787105700000,4390.60009765625,4399.60009765625,4390.2001953125,4398.7001953125,522
1787106000000,4398.5,4401.89990234375,4398,4399.39990234375,643
1787106300000,4399.60009765625,4400.39990234375,4394.2001953125,4396.2998046875,641
1787106600000,4396.60009765625,4396.89990234375,4390.7998046875,4392.2998046875,720
1787106900000,4392.39990234375,4399.2998046875,4392.39990234375,4397.5,424
1787107200000,4397.39990234375,4397.7998046875,4395.2001953125,4395.39990234375,272
1787107500000,4395.2998046875,4397.7001953125,4394.2998046875,4397.5,300
1787107800000,4397.60009765625,4401.7001953125,4397.5,4401.60009765625,288
1787108100000,4401.60009765625,4403.10009765625,4401,4402.7998046875,562
1787108400000,4402.7998046875,4405,4401.10009765625,4401.7001953125,630
1787108700000,4401.89990234375,4407.2998046875,4401.60009765625,4406.60009765625,416
1787109000000,4406.60009765625,4407.60009765625,4403.5,4404.2998046875,232
1787109300000,4403.7998046875,4405.2001953125,4401.10009765625,4404.2998046875,534
1787109600000,4404.60009765625,4408.60009765625,4402.60009765625,4407.89990234375,553
1787109900000,4407.89990234375,4410.7998046875,4407.7001953125,4410.5,475
1787110200000,4410.39990234375,4414.60009765625,4410.10009765625,4413.5,608
1787110500000,4413.10009765625,4417.2001953125,4410.7998046875,4411.7001953125,526
1787110800000,4411.2998046875,4411.7001953125,4406.5,4408.2001953125,349
1787111100000,4408.10009765625,4410.7998046875,4408.10009765625,4410,230
1787111400000,4410.2998046875,4411.39990234375,4408.2998046875,4409.5,202
1787111700000,4409.5,4410.10009765625,4408.2998046875,4408.2998046875,178
1787112000000,4408.39990234375,4411.7001953125,4404.7998046875,4411.10009765625,612
1787112300000,4410.7001953125,4415.10009765625,4409.7998046875,4414.7001953125,1029
1787112600000,4414.7998046875,4416.39990234375,4413.7001953125,4415.2001953125,276
1787112900000,4415.2998046875,4416.10009765625,4413.7001953125,4413.7001953125,192
1787113200000,4413.5,4413.7001953125,4411.10009765625,4413.60009765625,282
1787113500000,4413.7998046875,4414.60009765625,4411.89990234375,4414.60009765625,176
1787113800000,4414.2998046875,4414.89990234375,4410.2998046875,4410.89990234375,179
1787114100000,4410.89990234375,4414.89990234375,4410.7001953125,4413.7001953125,259
1787114400000,4414,4417.2001953125,4413.2998046875,4416.39990234375,249
1787114700000,4416.39990234375,4417.2001953125,4414.5,4415.7001953125,234
1787115000000,4415.7998046875,4415.7998046875,4412.2001953125,4412.2001953125,411
1787115300000,4412.2001953125,4412.2998046875,4408.7001953125,4409.7001953125,314
1787115600000,4409.7001953125,4413.10009765625,4409,4413,195
1787115900000,4413,4413.89990234375,4409.5,4410.10009765625,337
1787116200000,4410.10009765625,4411.89990234375,4409.5,4410.2998046875,207
1787116500000,4410.2001953125,4410.60009765625,4407.39990234375,4409.2998046875,367
1787116800000,4409.10009765625,4411.2998046875,4407.5,4410.10009765625,276
1787117100000,4410.2998046875,4411.60009765625,4408,4410.60009765625,166
1787117400000,4410.7001953125,4412,4409.5,4411.10009765625,349
1787117700000,4410.7998046875,4411.5,4410.39990234375,4411.10009765625,103
1787118000000,4411.2998046875,4415.39990234375,4411,4413.2998046875,322
1787118300000,4413.2998046875,4415.39990234375,4412.7001953125,4415.10009765625,159
1787118600000,4415.2998046875,4415.2998046875,4412.5,4414.5,252
1787118900000,4414.5,4416.39990234375,4413.39990234375,4416.39990234375,296
1787119200000,4416.5,4417.7001953125,4413.89990234375,4414.7998046875,327
1787119500000,4414.39990234375,4417.2001953125,4413.7998046875,4415.7998046875,169
1787119800000,4415.7998046875,4418.7998046875,4415.5,4418.39990234375,413
1787120100000,4418.39990234375,4423.2001953125,4418.10009765625,4422.7998046875,493
1787120400000,4423,4423.7998046875,4421.2001953125,4423.10009765625,495
1787120700000,4422.7998046875,4423.7998046875,4421.39990234375,4423.2001953125,220
1787121000000,4423.39990234375,4424.10009765625,4420.39990234375,4421.89990234375,397
1787121300000,4421.7001953125,4422.39990234375,4421.2001953125,4421.7001953125,168
1787121600000,4421.60009765625,4423.2001953125,4421,4422.5,226
1787121900000,4422.7998046875,4424.10009765625,4422,4423.2998046875,161
1787122200000,4423.2998046875,4423.39990234375,4421.7001953125,4422.10009765625,89
1787122500000,4422.2001953125,4422.7998046875,4421,4422.2001953125,125
1787122800000,4422.39990234375,4425.7998046875,4422.2001953125,4425.60009765625,484
1787123100000,4425.60009765625,4428.39990234375,4425.39990234375,4426,463
1787123400000,4425.7998046875,4428.89990234375,4425.60009765625,4428.10009765625,295
1787123700000,4428.39990234375,4429.10009765625,4424.39990234375,4425.39990234375,382
1787124000000,4425.39990234375,4426.2001953125,4423.60009765625,4425.89990234375,158
1787124300000,4425.5,4428.2001953125,4425.2998046875,4425.7998046875,233
1787124600000,4425.89990234375,4426.5,4423.2001953125,4424,446
1787124900000,4424.2001953125,4424.5,4421.60009765625,4422.7001953125,183
1787125200000,4422.7998046875,4422.7998046875,4417.7001953125,4418.39990234375,529
1787125500000,4418,4422.2998046875,4418,4422.10009765625,436
1787125800000,4421.89990234375,4422.2001953125,4418.2001953125,4420.89990234375,273
1787126100000,4420.7001953125,4421,4418.7998046875,4419.10009765625,173
1787126400000,4419.7001953125,4420,4417,4418.89990234375,438
1787126700000,4418.7001953125,4423.10009765625,4418.2001953125,4422.5,371
1787127000000,4422.5,4425.5,4421.5,4423.10009765625,477
1787127300000,4423.2001953125,4424.89990234375,4420.7001953125,4422.60009765625,381
1787127600000,4422.7998046875,4428.39990234375,4422.2998046875,4425,1215
1787127900000,4425,4426,4422.60009765625,4424.10009765625,384
1787128200000,4424.2998046875,4440,4423.39990234375,4439.2001953125,2518
1787128500000,4439.2001953125,4472.39990234375,4437.7998046875,4468,8147
1787128800000,4468.2001953125,4476.89990234375,4463.5,4474.7998046875,5233
1787129100000,4475.10009765625,4479.7998046875,4468.2998046875,4474.39990234375,4750
1787129400000,4474.39990234375,4486.39990234375,4468,4485.60009765625,5132
1787129700000,4486,4499.7998046875,4483.5,4496.2998046875,7011
1787130000000,4496.2998046875,4499.2001953125,4484,4484.2998046875,4390
1787130300000,4484.89990234375,4498.7001953125,4480.7998046875,4498.7001953125,2958
1787130600000,4498.89990234375,4518.7998046875,4498.2001953125,4513.39990234375,7090
1787130900000,4513.60009765625,4521.7998046875,4513,4517.5,3214
1787131200000,4517.7001953125,4520.2998046875,4512.39990234375,4517.10009765625,3565
1787131500000,4517,4519.39990234375,4513.2001953125,4516,2683
1787131800000,4516.2001953125,4524,4513.10009765625,4519.39990234375,4271
1787132100000,4519.7001953125,4519.7998046875,4500.7998046875,4513.39990234375,4383
1787132400000,4513.7998046875,4522.7001953125,4507.89990234375,4519.10009765625,3040
1787132700000,4518.7998046875,4520.10009765625,4507.5,4507.89990234375,2157
1787133000000,4507.89990234375,4514.39990234375,4502.39990234375,4511.39990234375,2123
1787133300000,4511.7998046875,4521.60009765625,4509.60009765625,4517.7998046875,2375
1787133600000,4518,4520.7998046875,4513.5,4518.7001953125,1601
1787133900000,4519,4530.60009765625,4518.7001953125,4530.2001953125,3238
1787134200000,4530,4533.7998046875,4527.39990234375,4532,2856
1787134500000,4532.2001953125,4536.7001953125,4529.39990234375,4529.7998046875,2868
1787134800000,4529.5,4538.7998046875,4528.39990234375,4536.60009765625,3408
1787135100000,4536.7998046875,4546.2998046875,4535.7001953125,4544.2998046875,3506
1787135400000,4544.39990234375,4550,4542.2998046875,4546.10009765625,5035
1787135700000,4546,4550.7001953125,4545.5,4548,3029
1787136000000,4548.10009765625,4557.60009765625,4545.89990234375,4548.5,4175
1787136300000,4548.60009765625,4548.60009765625,4536.89990234375,4538.10009765625,3184
1787136600000,4538.2001953125,4545.60009765625,4537.2001953125,4544.2998046875,1499
1787136900000,4544.7001953125,4548.60009765625,4543.89990234375,4546.7998046875,1299
1787137200000,4547,4547,4539.7998046875,4543.39990234375,2046
1787137500000,4543.7001953125,4546,4540.5,4540.60009765625,883
1787137800000,4540.7001953125,4546.7001953125,4538.39990234375,4544.10009765625,2322
1787138100000,4544.10009765625,4546,4542.2001953125,4544.39990234375,703
1787138400000,4544.10009765625,4546.2001953125,4539.2998046875,4539.2998046875,1341
1787138700000,4539.2001953125,4543.10009765625,4536.5,4542,1503
1787139000000,4541.89990234375,4544.7001953125,4538.5,4543,873
1787139300000,4543.39990234375,4546.89990234375,4543.2001953125,4545.5,579
1787139600000,4545.7001953125,4551.5,4543.10009765625,4548.7001953125,1164
1787139900000,4548.39990234375,4552.7998046875,4548.10009765625,4548.89990234375,1517
1787140200000,4548.89990234375,4551.39990234375,4546.89990234375,4549.5,699
1787140500000,4549.60009765625,4552.2001953125,4549.10009765625,4552.2001953125,1266
1787140800000,4552.2001953125,4555.89990234375,4551.5,4551.89990234375,1358
1787141100000,4551.7001953125,4556,4549.5,4555.7001953125,1296
1787141400000,4555.39990234375,4557.2001953125,4555.10009765625,4555.89990234375,1095
1787141700000,4556,4557.5,4552.7998046875,4552.7998046875,1092
1787142000000,4553,4554.7998046875,4551.2998046875,4552.60009765625,728
1787142300000,4552.7998046875,4553.5,4548.5,4548.7001953125,742
1787142600000,4549.10009765625,4553.89990234375,4548.39990234375,4553.60009765625,671
1787142900000,4553.7001953125,4554.2001953125,4550.10009765625,4553.2998046875,552
1787143200000,4553.60009765625,4554.2998046875,4551.7001953125,4553.2998046875,479
1787143500000,4552.7001953125,4554.5,4551.10009765625,4552.2998046875,388
1787143800000,4552.2001953125,4555.7001953125,4551.89990234375,4552.2998046875,407
1787144100000,4552,4553.10009765625,4550.89990234375,4551,584
1787144400000,4551,4557,4551,4554.5,1250
1787144700000,4554.60009765625,4555.10009765625,4549,4550.7001953125,1221
1787145000000,4550.5,4551.2998046875,4546.39990234375,4550.10009765625,1221
1787145300000,4550.2998046875,4550.2998046875,4544.2998046875,4546.7998046875,1004
1787145600000,4547.2001953125,4548.39990234375,4545.60009765625,4547.2998046875,782
1787145900000,4547.10009765625,4547.5,4544,4545.7998046875,1805
1787146200000,4545.89990234375,4546.7998046875,4541.89990234375,4545.89990234375,687
1787146500000,4546,4547.60009765625,4544.2998046875,4546,292
1787146800000,4546.10009765625,4549.2001953125,4544.60009765625,4546.60009765625,382
1787147100000,4546.2001953125,4547.39990234375,4545.60009765625,4546.5,278
1787147400000,4546.10009765625,4546.89990234375,4543.39990234375,4544.10009765625,326
1787147700000,4544,4545,4542,4545,451
1787148000000,4544.89990234375,4554.10009765625,4543.39990234375,4553.7998046875,1503
1787148300000,4553.89990234375,4554.60009765625,4544.2998046875,4547.10009765625,891
1787148600000,4547.2998046875,4548.5,4544.10009765625,4546.2998046875,550
1787148900000,4546.10009765625,4546.2001953125,4540.39990234375,4543.2001953125,716
1787149200000,4543.2998046875,4543.2998046875,4539.2001953125,4539.5,543
1787149500000,4539.5,4540.2998046875,4531.10009765625,4533.7998046875,3690
1787149800000,4533.89990234375,4539.60009765625,4530.39990234375,4538.60009765625,2888
1787150100000,4539.10009765625,4542.7001953125,4536.7998046875,4542.2001953125,800
1787150400000,4542.2998046875,4550,4541.7998046875,4548.60009765625,3091
1787150700000,4548.60009765625,4550.39990234375,4547.5,4549.7001953125,689
1787151000000,4549.7998046875,4556,4549.2001953125,4552.7001953125,731
1787151300000,4552.7998046875,4554.2001953125,4552.39990234375,4553.2998046875,352
1787151600000,4553.2998046875,4556.5,4552.2998046875,4555.10009765625,676
1787151900000,4554.7001953125,4564.10009765625,4553.5,4563.60009765625,2037
1787152200000,4563.60009765625,4563.60009765625,4560.39990234375,4561.60009765625,577
1787152500000,4561.5,4564.2001953125,4561.5,4562.60009765625,768
1787152800000,4562.5,4563.2998046875,4560.7998046875,4563.2001953125,339
1787153100000,4563.2001953125,4566,4561.5,4565.10009765625,1051
1787153400000,4565.2001953125,4568.89990234375,4564,4567.5,624
1787153700000,4567.2998046875,4568.10009765625,4561.2001953125,4563.7001953125,1280
1787154000000,4563.7001953125,4565.39990234375,4559.10009765625,4564.5,1165
1787154300000,4564.5,4568.7998046875,4562.60009765625,4568.2001953125,624
1787154600000,4568.2001953125,4569.39990234375,4565.60009765625,4568.60009765625,532
1787154900000,4568.60009765625,4569.60009765625,4565.5,4568,876
1787155200000,4568.39990234375,4568.89990234375,4566,4566.7001953125,414
1787155500000,4566.5,4567.89990234375,4565.10009765625,4567.89990234375,371
1787155800000,4567.89990234375,4569.5,4562.7998046875,4564.5,437
1787156100000,4564.7001953125,4569.2001953125,4564.2001953125,4568.2001953125,364
1787156400000,4568.39990234375,4578.10009765625,4568.10009765625,4576.39990234375,1321
1787156700000,4576.2998046875,4580.2998046875,4575.7998046875,4576.7001953125,1465
1787157000000,4576.7001953125,4582.2001953125,4576.2001953125,4579.89990234375,571
1787157300000,4579.7998046875,4580,4577.10009765625,4578.2998046875,225
1787157600000,4578.2001953125,4579.2001953125,4577.2998046875,4577.2998046875,207
1787157900000,4578.2998046875,4581,4577.89990234375,4579.2998046875,204
1787158200000,4579.10009765625,4582.39990234375,4579.10009765625,4582.39990234375,383
1787158500000,4582.2001953125,4582.7998046875,4580.60009765625,4580.7001953125,329
1787162400000,4580,4583.7998046875,4576.60009765625,4578.89990234375,0
1787162700000,4579.2001953125,4581.10009765625,4577.89990234375,4578.60009765625,153
1787163000000,4578.2998046875,4579.2998046875,4576.39990234375,4577.60009765625,207
1787163300000,4577.5,4578.2998046875,4576.39990234375,4577.2998046875,166
1787163600000,4577.2998046875,4578.60009765625,4576.2001953125,4578.60009765625,127
1787163900000,4578.7001953125,4578.7001953125,4576.7001953125,4578,174
1787164200000,4577.7001953125,4579,4575.2001953125,4576.2001953125,293
1787164500000,4576.5,4577,4574.7998046875,4575,255
1787164800000,4575.2001953125,4576.7001953125,4575,4575.7001953125,131
1787165100000,4575.89990234375,4578.2998046875,4575,4576.7998046875,161
1787165400000,4577.10009765625,4579.2001953125,4576.2998046875,4576.7001953125,133
1787165700000,4576.89990234375,4577.2998046875,4573.5,4575.89990234375,285
1787166000000,4576.39990234375,4581.10009765625,4574.7998046875,4578.5,421
1787166300000,4578.7998046875,4581.2001953125,4578.5,4579.39990234375,245
1787166600000,4579,4579.10009765625,4577,4577,84
1787166900000,4576.60009765625,4577.60009765625,4575.39990234375,4577.5,127
1787167200000,4577.10009765625,4577.2001953125,4572.2998046875,4576.2998046875,269
1787167500000,4576.39990234375,4576.39990234375,4573.10009765625,4574.7998046875,160
1787167800000,4575.10009765625,4575.5,4570.7001953125,4571.60009765625,201
1787168100000,4571.5,4573.5,4570.89990234375,4571.2001953125,321
1787168400000,4571.2001953125,4573,4570.89990234375,4571.60009765625,82
1787168700000,4571.7001953125,4574.89990234375,4571.39990234375,4571.89990234375,271
1787169000000,4572,4572.39990234375,4569.2998046875,4570.2998046875,178
1787169300000,4570.39990234375,4570.39990234375,4568.39990234375,4569.2001953125,195
1787169600000,4568.7001953125,4576.2998046875,4567.7001953125,4572.39990234375,485
1787169900000,4571.60009765625,4575.7001953125,4571.5,4572.2001953125,157
1787170200000,4572.2001953125,4574,4570,4573.7998046875,164
1787170500000,4574,4578.60009765625,4571.89990234375,4575.2001953125,355
1787170800000,4575.2001953125,4575.5,4567.5,4569.39990234375,440
1787171100000,4569.2001953125,4569.7998046875,4565.7998046875,4567.7998046875,309
1787171400000,4566.7998046875,4570.39990234375,4566.60009765625,4568.7001953125,204
1787171700000,4568.60009765625,4568.7998046875,4566.2001953125,4566.7998046875,233
1787172000000,4566.7998046875,4566.7998046875,4560.2001953125,4563.60009765625,761
1787172300000,4563.39990234375,4565.60009765625,4562.10009765625,4564.89990234375,325
1787172600000,4565.10009765625,4567.60009765625,4562.2001953125,4563.7998046875,352
1787172900000,4563.89990234375,4567.89990234375,4561.39990234375,4562,478
1787173200000,4562.2998046875,4567.89990234375,4550.5,4551,1873
1787173500000,4551.2001953125,4557.7001953125,4549.39990234375,4556.2001953125,984
1787173800000,4556.10009765625,4556.2998046875,4550.10009765625,4550.7998046875,859
1787174100000,4551.2998046875,4557.2001953125,4550.89990234375,4556.5,485
1787174400000,4556.60009765625,4561.10009765625,4556.60009765625,4559.39990234375,672
1787174700000,4559.2998046875,4560.7001953125,4555.2998046875,4558.2998046875,358
1787175000000,4558,4559,4553.2998046875,4555.7998046875,552
1787175300000,4556,4557.10009765625,4551,4552.5,260
1787175600000,4552.5,4556.7001953125,4551,4551.2998046875,303
1787175900000,4551.5,4553,4546.7998046875,4547.5,699
1787176200000,4547.7998046875,4548.5,4542.10009765625,4542.7998046875,1211
1787176500000,4543,4548.7998046875,4542.7001953125,4547.39990234375,482
1787176800000,4547.2998046875,4556.60009765625,4546.10009765625,4555.60009765625,848
1787177100000,4555.7998046875,4556.60009765625,4551.7001953125,4553.2001953125,479
1787177400000,4553.10009765625,4557.60009765625,4552.89990234375,4555.5,462
1787177700000,4555.2998046875,4555.60009765625,4547.10009765625,4549,375
1787178000000,4549,4551.89990234375,4547.2998046875,4551.7001953125,378
1787178300000,4551.60009765625,4552.5,4548.7998046875,4550.60009765625,222
1787178600000,4550.10009765625,4552.10009765625,4548.7001953125,4549.5,418
1787178900000,4549.60009765625,4551.2998046875,4548,4550.2001953125,172
1787179200000,4550,4551.7001953125,4547.60009765625,4548.2001953125,246
1787179500000,4547.89990234375,4549.2998046875,4546.7001953125,4546.7998046875,257
1787179800000,4546.7998046875,4552,4546.5,4551,282
1787180100000,4550.60009765625,4550.60009765625,4548,4548.10009765625,256
1787180400000,4548.2001953125,4553.89990234375,4548.2001953125,4553.10009765625,213
1787180700000,4553.2001953125,4554.5,4548.89990234375,4548.89990234375,201
1787181000000,4549.10009765625,4550.2001953125,4545.7001953125,4550.10009765625,385
1787181300000,4549.89990234375,4551.10009765625,4547.89990234375,4549.89990234375,229
1787181600000,4550.5,4553.5,4548.7001953125,4553,394
1787181900000,4552.89990234375,4554.2001953125,4550.7001953125,4551.10009765625,165
1787182200000,4550.7998046875,4556,4550,4555.5,364
1787182500000,4555.2998046875,4555.7001953125,4552.5,4555.7001953125,288
1787182800000,4555.2001953125,4556.7001953125,4553.7998046875,4555.7001953125,179
1787183100000,4555.60009765625,4556.2001953125,4555,4556,152
1787183400000,4556.10009765625,4558.5,4554.7998046875,4557.7998046875,188
1787183700000,4557.60009765625,4558.7998046875,4555.7001953125,4555.7001953125,274
1787184000000,4556.39990234375,4556.60009765625,4552.39990234375,4553.10009765625,595
1787184300000,4552.89990234375,4554.89990234375,4552.7998046875,4554.10009765625,242
1787184600000,4554,4554.89990234375,4553.2998046875,4553.60009765625,129
1787184900000,4553.60009765625,4554.2001953125,4552.2998046875,4553.89990234375,129
1787185200000,4554,4554.2998046875,4551.7001953125,4552.7001953125,234
1787185500000,4552.10009765625,4552.39990234375,4547.10009765625,4547.39990234375,339
1787185800000,4547.2001953125,4548.2998046875,4544.2001953125,4545.89990234375,432
1787186100000,4545.39990234375,4545.89990234375,4543.39990234375,4544.7998046875,192
1787186400000,4544.39990234375,4546.2998046875,4544.2001953125,4544.39990234375,184
1787186700000,4544.2998046875,4548,4544.10009765625,4548,210
1787187000000,4547.7001953125,4549.10009765625,4546.89990234375,4547.60009765625,171
1787187300000,4546.60009765625,4549.10009765625,4545.7998046875,4546.10009765625,98
1787187600000,4546,4549.10009765625,4545.7998046875,4548.7001953125,89
1787187900000,4549,4551.39990234375,4548.39990234375,4548.39990234375,207
1787188200000,4548.2001953125,4549,4541.5,4542.89990234375,463
1787188500000,4542.89990234375,4544.5,4541.7001953125,4542.2001953125,291
1787188800000,4541.89990234375,4544.39990234375,4541,4544,345
1787189100000,4543.7001953125,4543.7001953125,4540,4540.5,323
1787189400000,4540,4543.10009765625,4536.60009765625,4537.7001953125,621
1787189700000,4537.7001953125,4538.89990234375,4535.2001953125,4537.5,431
1787190000000,4537.5,4539.39990234375,4536.2998046875,4537.7998046875,237
1787190300000,4537.89990234375,4539,4536.5,4538.60009765625,183
1787190600000,4538.60009765625,4539,4535.60009765625,4535.7001953125,266
1787190900000,4535.7001953125,4540.5,4534.7998046875,4538.5,350
1787191200000,4538.60009765625,4546.2998046875,4537.2001953125,4545.89990234375,943
1787191500000,4545.60009765625,4548.89990234375,4545.2998046875,4547.2998046875,544
1787191800000,4547.5,4550.7001953125,4547.2001953125,4550.10009765625,494
1787192100000,4550.39990234375,4553.5,4549.10009765625,4551.2998046875,1089
1787192400000,4550.7998046875,4551.89990234375,4549.60009765625,4550.5,415
1787192700000,4550.7998046875,4553,4550.5,4551.2998046875,245
1787193000000,4551.2998046875,4552.7998046875,4549.60009765625,4552.5,393
1787193300000,4552.60009765625,4553,4550.7998046875,4551.2001953125,327
1787193600000,4551.2001953125,4552,4549.5,4550.10009765625,274
1787193900000,4550.39990234375,4553,4550.10009765625,4550.7998046875,419
1787194200000,4550.7001953125,4550.7998046875,4548.60009765625,4549.39990234375,449
1787194500000,4549.2001953125,4551.5,4548.5,4550.7998046875,432
1787194800000,4550.60009765625,4551,4544.5,4545.7998046875,638
1787195100000,4545.5,4547.5,4544.60009765625,4546,355
1787195400000,4545.7998046875,4547.10009765625,4543.89990234375,4544.5,265
1787195700000,4544.39990234375,4547.10009765625,4543.39990234375,4543.7998046875,352
1787196000000,4543.89990234375,4544.7998046875,4542.2998046875,4542.2998046875,296
1787196300000,4542.2001953125,4542.7998046875,4540.10009765625,4540.5,430
1787196600000,4540.7998046875,4546.5,4540.10009765625,4546.5,531
1787196900000,4546.2998046875,4547.89990234375,4545.5,4546.2001953125,463
1787197200000,4546.5,4550.2001953125,4545.89990234375,4547.89990234375,526
1787197500000,4547.5,4552.7001953125,4546.2001953125,4546.2001953125,594
1787197800000,4546.2001953125,4547.89990234375,4545.2998046875,4547.7998046875,212
1787198100000,4548,4549.2998046875,4545.89990234375,4547.60009765625,211
1787198400000,4547.89990234375,4552.2001953125,4547.60009765625,4549.39990234375,569
1787198700000,4549.2998046875,4551.39990234375,4548.10009765625,4551.2001953125,277
1787199000000,4550.89990234375,4552.2998046875,4548.5,4551.39990234375,605
1787199300000,4551.10009765625,4555.89990234375,4550.7998046875,4553.60009765625,874
1787199600000,4553.5,4555.2001953125,4552,4552.7001953125,424
1787199900000,4552.60009765625,4553.2001953125,4547,4548.60009765625,484
1787200200000,4548.10009765625,4550,4543.89990234375,4550,1061
1787200500000,4549.7998046875,4552.39990234375,4547.2001953125,4548.7001953125,392
1787200800000,4548.7001953125,4549.7998046875,4547.2001953125,4547.39990234375,202
1787201100000,4547.2998046875,4548.39990234375,4544.60009765625,4544.89990234375,267
1787201400000,4544.7998046875,4548.60009765625,4544.7001953125,4548.39990234375,180
1787201700000,4548.60009765625,4549,4544.39990234375,4546.10009765625,195
1787202000000,4546.2001953125,4547.89990234375,4545.2001953125,4547.5,351
1787202300000,4547.7001953125,4550,4545.39990234375,4548.2998046875,259
1787202600000,4548.7001953125,4551,4548.10009765625,4549.10009765625,247
1787202900000,4549,4550.5,4545.7998046875,4545.89990234375,312
1787203200000,4546,4549.5,4544.7001953125,4546.39990234375,357
1787203500000,4546.7001953125,4547.5,4544.7998046875,4546.7998046875,290
1787203800000,4546.60009765625,4547.2001953125,4543.7998046875,4544.60009765625,672
1787204100000,4544.39990234375,4545,4541,4542.7998046875,417
1787204400000,4542.7998046875,4547,4542.2998046875,4545.7001953125,428
1787204700000,4545.60009765625,4545.60009765625,4541.89990234375,4542.10009765625,250
1787205000000,4542.2001953125,4542.89990234375,4538.2001953125,4540.5,579
1787205300000,4540.5,4541.10009765625,4538.39990234375,4538.89990234375,398
1787205600000,4539.10009765625,4542.7001953125,4537,4542.10009765625,366
1787205900000,4541.89990234375,4546.60009765625,4541.89990234375,4546.10009765625,544
1787206200000,4546.10009765625,4547.7998046875,4544.7998046875,4547.10009765625,396
1787206500000,4547.39990234375,4548.2001953125,4546.39990234375,4547.2998046875,543
1787206800000,4547.10009765625,4547.2001953125,4542.60009765625,4545.2998046875,309
1787207100000,4545.2001953125,4550.5,4544.60009765625,4550.2001953125,471
1787207400000,4550.2998046875,4552.5,4549,4549.7001953125,467
1787207700000,4549.39990234375,4551.2998046875,4546.7001953125,4546.89990234375,466
1787208000000,4546.7001953125,4547.60009765625,4546.5,4547.5,128
1787208300000,4547.7001953125,4547.7001953125,4545,4546.7001953125,168
1787208600000,4546.7998046875,4547.2998046875,4543.7998046875,4544.2998046875,152
1787208900000,4543.89990234375,4547.10009765625,4543.89990234375,4546.39990234375,161
1787209200000,4546.7001953125,4547.89990234375,4544.2001953125,4545,730
1787209500000,4544.89990234375,4544.89990234375,4542.10009765625,4543.7998046875,1005
1787209800000,4543.89990234375,4544,4539.39990234375,4541.7998046875,701
1787210100000,4541.7001953125,4542.39990234375,4537.60009765625,4538.89990234375,386
1787210400000,4538.60009765625,4544,4537.89990234375,4544,517
1787210700000,4543.7998046875,4546.2998046875,4540.7001953125,4540.7998046875,282
1787211000000,4541.10009765625,4542.5,4539.2001953125,4541.2001953125,358
1787211300000,4541.2001953125,4543.2001953125,4536.2998046875,4537.89990234375,1218
1787211600000,4537.7998046875,4539,4530.10009765625,4530.89990234375,1207
1787211900000,4530.7998046875,4531.89990234375,4522,4527.39990234375,2288
1787212200000,4527.60009765625,4529.10009765625,4522.2001953125,4524,1144
1787212500000,4523.2998046875,4527.39990234375,4521.2001953125,4523.10009765625,833
1787212800000,4523.2998046875,4523.39990234375,4512.5,4513.60009765625,2063
1787213100000,4513.39990234375,4514.5,4506.2001953125,4512.39990234375,3045
1787213400000,4512.7001953125,4521.7998046875,4512.10009765625,4518,1622
1787213700000,4517.7998046875,4522.89990234375,4517.60009765625,4522.5,1130
1787214000000,4522.2001953125,4523.39990234375,4517.2001953125,4519.2001953125,1099
1787214300000,4519.2001953125,4519.2001953125,4512.2001953125,4514.2998046875,1183
1787214600000,4514.89990234375,4516.60009765625,4506,4508.60009765625,1497
1787214900000,4508.39990234375,4518.2001953125,4506.89990234375,4518.2001953125,1444
1787215200000,4517.89990234375,4522.2998046875,4515,4522,1212
1787215500000,4521.60009765625,4526.5,4519,4526.2998046875,1251
1787215800000,4526.2998046875,4530.39990234375,4524.7998046875,4527.2001953125,1153
1787216100000,4527.2001953125,4532.2998046875,4526.7001953125,4529.7001953125,824
1787216400000,4529.7998046875,4539.60009765625,4528.7001953125,4533.5,2316
1787216700000,4533.7001953125,4535.39990234375,4527.7998046875,4529,746
1787217000000,4528.39990234375,4530.7998046875,4526.7001953125,4527.89990234375,720
1787217300000,4528.2001953125,4531.89990234375,4525.89990234375,4529.5,783
1787217600000,4529.7998046875,4531.89990234375,4526.39990234375,4529.60009765625,423
1787217900000,4528.60009765625,4529.39990234375,4525,4526.7001953125,727
1787218200000,4526.7998046875,4532.39990234375,4524.10009765625,4530.60009765625,1681
1787218500000,4530.2998046875,4541.10009765625,4529.39990234375,4538.5,3159
1787218800000,4538.60009765625,4543,4532.60009765625,4541.89990234375,1470
1787219100000,4541.7001953125,4544.39990234375,4534.89990234375,4537,1653
1787219400000,4537.10009765625,4541.60009765625,4536.10009765625,4540.89990234375,1166
1787219700000,4541,4541.7998046875,4534.2998046875,4537,1107
1787220000000,4536.7998046875,4545.89990234375,4536.7001953125,4538.60009765625,2396
1787220300000,4538.2998046875,4542,4535.7998046875,4540.5,1283
1787220600000,4540.60009765625,4544.7998046875,4538.5,4541,1396
1787220900000,4541,4545.39990234375,4537.39990234375,4537.7001953125,1562
1787221200000,4538,4549.89990234375,4537.39990234375,4546.7001953125,1379
1787221500000,4546.60009765625,4549,4542.60009765625,4547.39990234375,1301
1787221800000,4547.60009765625,4553.5,4547.5,4550.10009765625,1694
1787222100000,4550.2001953125,4556.60009765625,4548.60009765625,4551.60009765625,1385
1787222400000,4551.7998046875,4556.89990234375,4549.2001953125,4555.10009765625,789
1787222700000,4555,4564.2998046875,4554.5,4563.39990234375,2148
1787223000000,4563.7998046875,4566,4560.2001953125,4565.5,1667
1787223300000,4565.60009765625,4572,4565,4571.7001953125,1959
1787223600000,4571.7998046875,4592.60009765625,4570.7001953125,4591.60009765625,8717
1787223900000,4591.5,4592.7001953125,4578.60009765625,4581.2001953125,4084
1787224200000,4581.2001953125,4593.7001953125,4577.7998046875,4591.5,2953
1787224500000,4591.2001953125,4597,4586.39990234375,4595.89990234375,2479
1787224800000,4595.89990234375,4597.10009765625,4579.2001953125,4583.2998046875,3176
1787225100000,4583,4590.39990234375,4581.7001953125,4588.60009765625,1987
1787225400000,4588.39990234375,4590,4578.39990234375,4580,1871
1787225700000,4580.2001953125,4582.89990234375,4573.2001953125,4574.60009765625,2147
1787226000000,4574.60009765625,4576.10009765625,4563.5,4567.60009765625,2343
1787226300000,4567.5,4577.2001953125,4566.7998046875,4576.10009765625,1375
1787226600000,4575.7001953125,4577.39990234375,4571.39990234375,4574.7998046875,742
1787226900000,4574.89990234375,4579.7998046875,4573.2998046875,4577.2998046875,928
1787227200000,4577.5,4580.7001953125,4575.10009765625,4575.5,782
1787227500000,4575.5,4578,4574.89990234375,4575.60009765625,356
1787227800000,4576.2001953125,4576.2001953125,4566.2001953125,4567.10009765625,1149
1787228100000,4566.89990234375,4569.2001953125,4564.5,4568.2001953125,859
1787228400000,4568.10009765625,4569.10009765625,4565.5,4567.89990234375,459
1787228700000,4567.89990234375,4567.89990234375,4561.39990234375,4565.60009765625,589
1787229000000,4565.89990234375,4566.60009765625,4559.2001953125,4565.5,1206
1787229300000,4565.89990234375,4569.2998046875,4563.60009765625,4563.7998046875,673
1787229600000,4563.7998046875,4566.7998046875,4563.7998046875,4565.7001953125,336
1787229900000,4565.60009765625,4569.10009765625,4563.89990234375,4568.60009765625,823
1787230200000,4568.5,4570.60009765625,4565.39990234375,4566,608
1787230500000,4566,4567.7998046875,4564.2001953125,4566.7001953125,634
1787230800000,4566.7001953125,4570.89990234375,4566.5,4567.89990234375,872
1787231100000,4568.2001953125,4568.2998046875,4564.2001953125,4566.39990234375,377
1787231400000,4566.2998046875,4567.2001953125,4564.10009765625,4565.7998046875,373
1787231700000,4565.60009765625,4567.7998046875,4564.2998046875,4565.2998046875,457
1787232000000,4565.5,4570.7001953125,4564.89990234375,4567.89990234375,1030
1787232300000,4567.7998046875,4573.39990234375,4566,4569.60009765625,1569
1787232600000,4569.60009765625,4575.10009765625,4567.2998046875,4575,902
1787232900000,4574.7001953125,4575.2001953125,4572.7001953125,4573.60009765625,183
1787233200000,4573.39990234375,4574.89990234375,4572.89990234375,4574.89990234375,228
1787233500000,4574.7001953125,4576.89990234375,4574,4575.60009765625,258
1787233800000,4575.89990234375,4576.60009765625,4573.60009765625,4575,265
1787234100000,4575.2998046875,4576.89990234375,4574.2998046875,4576,182
1787234400000,4576,4578.7001953125,4574.89990234375,4578.10009765625,401
1787234700000,4577.89990234375,4578.7998046875,4571.2998046875,4572.89990234375,596
1787235000000,4573,4573,4565.2998046875,4567.2998046875,1057
1787235300000,4567.39990234375,4572.39990234375,4564.7001953125,4572.2998046875,608
1787235600000,4572.2998046875,4574.5,4571.5,4572.39990234375,248
1787235900000,4572.7998046875,4576.60009765625,4572.7998046875,4575.89990234375,364
1787236200000,4575.2998046875,4577.7998046875,4575,4575.7998046875,242
1787236500000,4575.5,4579.7001953125,4575.2001953125,4577.60009765625,368
1787236800000,4577,4578,4576.10009765625,4576.5,151
1787237100000,4576.60009765625,4577.60009765625,4574.10009765625,4577.5,226
1787237400000,4577.5,4581.7001953125,4577.5,4580.89990234375,1000
1787237700000,4581.10009765625,4581.2998046875,4577.5,4578.5,279
1787238000000,4578.2998046875,4578.89990234375,4574.7001953125,4578.2001953125,277
1787238300000,4578.2998046875,4582.89990234375,4577.7998046875,4582.89990234375,285
1787238600000,4582.89990234375,4584.60009765625,4580.7998046875,4584.2001953125,276
1787238900000,4584.2001953125,4585.89990234375,4582.10009765625,4582.2001953125,294
1787239200000,4582.60009765625,4584.5,4580.2001953125,4583.5,446
1787239500000,4583.39990234375,4584.10009765625,4579.10009765625,4579.2001953125,255
1787239800000,4579,4580.89990234375,4578.2001953125,4580.10009765625,253
1787240100000,4579.7001953125,4585.7001953125,4579.2001953125,4584.7001953125,277
1787240400000,4584.7998046875,4584.89990234375,4582.2001953125,4582.2001953125,309
1787240700000,4582.39990234375,4586,4581,4584.7998046875,445
1787241000000,4584.60009765625,4588,4584.10009765625,4587.10009765625,472
1787241300000,4586.7998046875,4587.5,4582.60009765625,4584.89990234375,602
1787241600000,4584.5,4585.2001953125,4582,4583.2998046875,243
1787241900000,4583.10009765625,4584.10009765625,4578.89990234375,4579.5,258
1787242200000,4579.2001953125,4581.10009765625,4578.7998046875,4578.89990234375,171
1787242500000,4578.7001953125,4579,4576.7001953125,4578.2998046875,117
1787242800000,4578.2998046875,4578.5,4576.89990234375,4577.7998046875,130
1787243100000,4577.7998046875,4578.2001953125,4576.7001953125,4577.10009765625,168
1787243400000,4577.10009765625,4577.2001953125,4573,4574.2001953125,242
1787243700000,4574.2001953125,4574.7998046875,4573.5,4573.60009765625,120
1787244000000,4574,4574.89990234375,4573.89990234375,4574.39990234375,72
1787244300000,4574.60009765625,4575.2001953125,4574.10009765625,4574.60009765625,87
1787244600000,4574.39990234375,4577.2998046875,4574,4575.7001953125,299
1787244900000,4576.10009765625,4576.39990234375,4574.89990234375,4575.10009765625,119
1787248800000,4577,4577.7001953125,4571,4575.7001953125,0
1787249100000,4576.39990234375,4577.2998046875,4574.2998046875,4574.2998046875,95
1787249400000,4574.2998046875,4575.7001953125,4572.89990234375,4574.60009765625,121
1787249700000,4574.60009765625,4576.2001953125,4574.60009765625,4575.89990234375,73
1787250000000,4575.5,4576.10009765625,4574,4574.2998046875,87
1787250300000,4574.60009765625,4576.7998046875,4574.39990234375,4575.39990234375,230
1787250600000,4575.60009765625,4576.2998046875,4574.39990234375,4576,212
1787250900000,4576,4578.60009765625,4575.7001953125,4577.5,134
1787251200000,4577.39990234375,4579.7998046875,4577.2998046875,4578.7001953125,264
1787251500000,4578.89990234375,4579.7001953125,4575.5,4578,458
1787251800000,4578.10009765625,4580.2001953125,4577.60009765625,4579.7001953125,122
1787252100000,4579.5,4580.2001953125,4579.2998046875,4580.2001953125,106
1787252400000,4579.89990234375,4585.7998046875,4579.39990234375,4585.10009765625,461
1787252700000,4585.10009765625,4586.2001953125,4580.89990234375,4582.7001953125,538
1787253000000,4583.2001953125,4589,4583.2001953125,4587.60009765625,364
1787253300000,4587.5,4588.39990234375,4585.2998046875,4587.5,164
1787253600000,4587.60009765625,4587.60009765625,4584.10009765625,4584.7998046875,152
1787253900000,4584.89990234375,4586.39990234375,4578.5,4583.2001953125,666
1787254200000,4582.89990234375,4584.5,4578.2998046875,4579.39990234375,477
1787254500000,4579.39990234375,4580.5,4577.10009765625,4579.7001953125,248
1787254800000,4580.60009765625,4581.39990234375,4579.89990234375,4580.7998046875,52
1787255100000,4581,4583.7998046875,4579.2001953125,4583.5,118
1787255400000,4583.2001953125,4584.2998046875,4582.10009765625,4584.2001953125,61
1787255700000,4583.5,4584.10009765625,4581.89990234375,4582.2001953125,139
1787256000000,4582.2998046875,4583.7001953125,4578.5,4578.7998046875,184
1787256300000,4579.10009765625,4579.39990234375,4576,4576.39990234375,168
1787256600000,4576.5,4579.5,4573.7998046875,4575.10009765625,449
1787256900000,4574.89990234375,4576.39990234375,4571,4574.39990234375,401
1787257200000,4574.2001953125,4575.7001953125,4573,4574.2998046875,159
1787257500000,4575,4577.39990234375,4570.39990234375,4571.39990234375,299
1787257800000,4571.89990234375,4573.89990234375,4569.7998046875,4571.2001953125,277
1787258100000,4571.10009765625,4572.5,4568.39990234375,4569.39990234375,369
1787258400000,4569.7001953125,4571.39990234375,4567.39990234375,4570.39990234375,280
1787258700000,4570.7001953125,4570.89990234375,4566.7998046875,4568.60009765625,251
1787259000000,4568.39990234375,4569.39990234375,4567,4568.10009765625,135
1787259300000,4567.7998046875,4568.39990234375,4566.2998046875,4567.2001953125,154
1787259600000,4567.2001953125,4574.10009765625,4565.5,4569.60009765625,831
1787259900000,4570,4573,4568.89990234375,4570.39990234375,369
1787260200000,4570,4577.7001953125,4568.7998046875,4577.39990234375,469
1787260500000,4577.5,4583.5,4577,4580.89990234375,480
1787260800000,4581.10009765625,4586.5,4578.60009765625,4583.10009765625,503
1787261100000,4583.2998046875,4587.2998046875,4581.7998046875,4586.39990234375,354
1787261400000,4585.89990234375,4596.7001953125,4585.10009765625,4594,1290
1787261700000,4594.10009765625,4600.2998046875,4583,4584.7001953125,1482
1787262000000,4585.2998046875,4585.39990234375,4579.7998046875,4582.39990234375,433
1787262300000,4582.60009765625,4589.60009765625,4582.2001953125,4587.7001953125,442
1787262600000,4587.7998046875,4588.7001953125,4581.7998046875,4582.39990234375,310
1787262900000,4582.39990234375,4587.10009765625,4582.2998046875,4587,178
1787263200000,4586.7998046875,4587.5,4577.60009765625,4578.39990234375,959
1787263500000,4578.7998046875,4581.2998046875,4576.7998046875,4579,668
1787263800000,4578.7998046875,4579.5,4574,4576.2998046875,669
1787264100000,4577.2001953125,4578.2998046875,4576.10009765625,4578.2001953125,243
1787264400000,4578.5,4583.2998046875,4578,4583.2001953125,223
1787264700000,4583.2001953125,4585.2998046875,4582,4583.2998046875,238
1787265000000,4583.89990234375,4586.7001953125,4581.2998046875,4582.2998046875,534
1787265300000,4582.5,4588,4582.5,4587.39990234375,216
1787265600000,4587.5,4594,4587,4593.7001953125,378
1787265900000,4594.10009765625,4595.7001953125,4591,4595.2001953125,469
1787266200000,4595.10009765625,4599.2001953125,4590.7001953125,4597.10009765625,582
1787266500000,4597.2001953125,4597.5,4588.7001953125,4590,381
1787266800000,4590,4594.7001953125,4589.2998046875,4589.5,336
1787267100000,4590,4592,4588.2001953125,4590.89990234375,139
1787267400000,4590.7001953125,4593,4588.60009765625,4588.89990234375,149
1787267700000,4588.89990234375,4591.10009765625,4588.2001953125,4589.2001953125,204
1787268000000,4589.10009765625,4591.2001953125,4589.10009765625,4590,146
1787268300000,4590,4590.7998046875,4585.7001953125,4585.89990234375,234
1787268600000,4585.89990234375,4591.7998046875,4585.39990234375,4591.60009765625,312
1787268900000,4591.5,4591.5,4585.10009765625,4585.2998046875,201
1787269200000,4585,4585.39990234375,4582.60009765625,4585,257
1787269500000,4585.2001953125,4589.7998046875,4584.2001953125,4587.39990234375,341
1787269800000,4587.7001953125,4589.2998046875,4586.89990234375,4589.2998046875,78
1787270100000,4589,4590.89990234375,4588.2998046875,4590.89990234375,68
1787270400000,4591.5,4595.5,4591.2001953125,4594.7001953125,376
1787270700000,4594.5,4595.5,4592.10009765625,4594.2001953125,232
1787271000000,4594.5,4598.5,4593.39990234375,4596.60009765625,375
1787271300000,4596.39990234375,4597.2998046875,4594,4597.2998046875,230
1787271600000,4597.2998046875,4602.39990234375,4597.2998046875,4599.60009765625,820
1787271900000,4599.5,4603.89990234375,4598.89990234375,4603.2001953125,634
1787272200000,4603.39990234375,4604.39990234375,4599.7001953125,4600.39990234375,734
1787272500000,4601,4601.2001953125,4597.10009765625,4598.2001953125,228
1787272800000,4598.10009765625,4599.60009765625,4597,4598.10009765625,159
1787273100000,4598,4598.5,4596.60009765625,4597.2998046875,82
1787273400000,4597.60009765625,4598.7001953125,4597.2001953125,4597.60009765625,68
1787273700000,4597.5,4598.5,4596.2998046875,4596.7998046875,95
1787274000000,4596.39990234375,4596.89990234375,4593,4594.10009765625,262
1787274300000,4594.2001953125,4596.10009765625,4591.2001953125,4592.7998046875,412
1787274600000,4593.2998046875,4594,4590.89990234375,4593.60009765625,394
1787274900000,4593.7001953125,4595,4587,4590,749
1787275200000,4590.2998046875,4591,4589,4590.10009765625,137
1787275500000,4590.2998046875,4590.5,4586.7001953125,4586.7001953125,204
1787275800000,4586.5,4594.5,4585.39990234375,4594.39990234375,460
1787276100000,4594.5,4597,4591.7998046875,4592.39990234375,326
1787276400000,4592.39990234375,4599.7001953125,4592.2001953125,4599.5,384
1787276700000,4599.5,4602.7998046875,4597.7998046875,4602.39990234375,872
1787277000000,4602.2998046875,4605.39990234375,4599.2001953125,4604,637
1787277300000,4604.2998046875,4612.39990234375,4604,4610.10009765625,1071
1787277600000,4609.89990234375,4611.5,4603.89990234375,4605.7998046875,765
1787277900000,4605.60009765625,4608,4603.2001953125,4604.60009765625,312
1787278200000,4604.60009765625,4606.39990234375,4601.7998046875,4605.2001953125,341
1787278500000,4605.39990234375,4613.10009765625,4605.39990234375,4612,743
1787278800000,4612.10009765625,4613,4606.39990234375,4606.89990234375,501
1787279100000,4607,4615.10009765625,4606.39990234375,4612.2001953125,1452
1787279400000,4612,4620.39990234375,4611.2998046875,4618.2001953125,1182
1787279700000,4618.2001953125,4622.7998046875,4618.2001953125,4621.7998046875,979
1787280000000,4621.60009765625,4621.89990234375,4617.39990234375,4619.5,1006
1787280300000,4619.7001953125,4624.7001953125,4619.7001953125,4624.5,806
1787280600000,4624.2998046875,4624.5,4621.2998046875,4621.5,500
1787280900000,4621.5,4624.7001953125,4617.7998046875,4617.89990234375,545
1787281200000,4617.7998046875,4623,4616.39990234375,4623,670
1787281500000,4622.7998046875,4622.7998046875,4615.7998046875,4615.7998046875,819
1787281800000,4615.7001953125,4618.7001953125,4615.39990234375,4618.39990234375,530
1787282100000,4618.60009765625,4623.7998046875,4616.7001953125,4623.2001953125,596
1787282400000,4623.2001953125,4624.7998046875,4619.89990234375,4620.7001953125,447
1787282700000,4620.7001953125,4621.5,4617.60009765625,4618.60009765625,461
1787283000000,4618.5,4621.7998046875,4617.2998046875,4619.2998046875,538
1787283300000,4618.2998046875,4622,4617,4621.2001953125,373
1787283600000,4621.7001953125,4623.5,4619.60009765625,4621.10009765625,273
1787283900000,4621.39990234375,4625,4619.5,4623.10009765625,535
1787284200000,4623.5,4624,4617.89990234375,4618.7998046875,258
1787284500000,4618.7001953125,4622.2001953125,4618.10009765625,4621,390
1787284800000,4621.39990234375,4623.5,4618,4618.2001953125,779
1787285100000,4618,4619.39990234375,4615.7998046875,4618.5,383
1787285400000,4618.39990234375,4625,4618.2998046875,4622.2998046875,928
1787285700000,4622.60009765625,4630.60009765625,4620.7998046875,4629.60009765625,1692
1787286000000,4629.60009765625,4636.2998046875,4628.7998046875,4634.5,1445
1787286300000,4634.39990234375,4638.89990234375,4634.39990234375,4636.7001953125,1061
1787286600000,4636.7001953125,4638.60009765625,4634.7001953125,4637.7998046875,839
1787286900000,4638,4639.7001953125,4633.5,4636.5,1072
1787287200000,4636.5,4641.2001953125,4636,4639.7001953125,913
1787287500000,4639.60009765625,4640.39990234375,4637.39990234375,4638,287
1787287800000,4638,4640,4637,4638.5,393
1787288100000,4638.2998046875,4642,4637.10009765625,4641,546
1787288400000,4641.10009765625,4642.89990234375,4638.89990234375,4642.89990234375,559
1787288700000,4642.89990234375,4653.60009765625,4641.5,4653.39990234375,2810
1787289000000,4652.7998046875,4659,4652.5,4656.7998046875,2176
1787289300000,4656.89990234375,4659.39990234375,4650.39990234375,4650.7001953125,1448
1787289600000,4650.2998046875,4650.60009765625,4641.89990234375,4644.2001953125,1564
1787289900000,4644.10009765625,4644.89990234375,4638.2998046875,4639.60009765625,1021
1787290200000,4639.2998046875,4641.89990234375,4639.10009765625,4640.10009765625,960
1787290500000,4640.10009765625,4643.2998046875,4638.10009765625,4642.89990234375,727
1787290800000,4643.10009765625,4644.2998046875,4639,4640.39990234375,642
1787291100000,4640.2998046875,4641,4638.2001953125,4638.60009765625,811
1787291400000,4638.60009765625,4641.2998046875,4637.60009765625,4641.2998046875,658
1787291700000,4641.39990234375,4642.7998046875,4638.10009765625,4639.7001953125,460
1787292000000,4639.39990234375,4646,4639,4642.10009765625,809
1787292300000,4642.10009765625,4642.39990234375,4638.39990234375,4640.10009765625,1075
1787292600000,4640.39990234375,4641.10009765625,4634.5,4635.7001953125,964
1787292900000,4636,4644.2998046875,4635.2998046875,4641.2998046875,662
1787293200000,4641.39990234375,4643.7998046875,4640.2001953125,4642.89990234375,500
1787293500000,4643.10009765625,4646.39990234375,4642.7001953125,4645.60009765625,585
1787293800000,4645.7998046875,4648,4642.7001953125,4648,357
1787294100000,4647.60009765625,4650.7998046875,4646.7001953125,4650.7998046875,410
1787294400000,4651,4651.60009765625,4648.2001953125,4650.39990234375,521
1787294700000,4650.39990234375,4650.7001953125,4647,4647.7001953125,412
1787295000000,4647.7001953125,4650,4645.5,4647.2998046875,654
1787295300000,4647.39990234375,4648,4645,4645.7998046875,332
1787295600000,4645.5,4652.39990234375,4644.2998046875,4651.2001953125,543
1787295900000,4651.10009765625,4652.7998046875,4647.89990234375,4649.60009765625,497
1787296200000,4649.60009765625,4650.39990234375,4645.5,4647.5,370
1787296500000,4648.2001953125,4655.10009765625,4648.2001953125,4653.2998046875,692
1787296800000,4653.7001953125,4659.2998046875,4653.10009765625,4655.39990234375,1267
1787297100000,4654.89990234375,4657.10009765625,4652.89990234375,4655.7001953125,510
1787297400000,4655.89990234375,4656.10009765625,4650.2998046875,4652.2001953125,570
1787297700000,4652.2001953125,4661.7001953125,4652.2001953125,4654.60009765625,1094
1787298000000,4654.2001953125,4655,4650.60009765625,4654.2998046875,704
1787298300000,4654.2998046875,4657.7001953125,4653.7998046875,4657.10009765625,470
1787298600000,4656.7998046875,4657.5,4653,4654.89990234375,849
1787298900000,4655.2001953125,4656.10009765625,4653.5,4654.39990234375,384
1787299200000,4654.7001953125,4659.10009765625,4651,4652.89990234375,1642
1787299500000,4653.2001953125,4657.5,4649,4650.7001953125,1052
1787299800000,4651.10009765625,4651.2001953125,4646.5,4650,1072
1787300100000,4650.10009765625,4653.2001953125,4643.2001953125,4645.2001953125,1736
1787300400000,4645.2998046875,4646.39990234375,4638,4642.7998046875,2179
1787300700000,4642.7998046875,4644,4640.7998046875,4642.2001953125,399
1787301000000,4642,4642,4633.39990234375,4634.89990234375,2502
1787301300000,4635,4635.39990234375,4621.2001953125,4621.7998046875,2327
1787301600000,4621.7998046875,4632.7998046875,4620.5,4630.5,2033
1787301900000,4630.2998046875,4636.60009765625,4630.2001953125,4636.2998046875,1026
1787302200000,4636.39990234375,4637.89990234375,4633.7998046875,4636.60009765625,1342
1787302500000,4637,4637.89990234375,4631.39990234375,4634.7001953125,880
1787302800000,4634.60009765625,4641.5,4632.5,4637.60009765625,1385
1787303100000,4637.7001953125,4640.7998046875,4636.10009765625,4637.7001953125,654
1787303400000,4637.7998046875,4643.89990234375,4637,4642,1041
1787303700000,4642.39990234375,4644.7001953125,4636.5,4637.60009765625,650
1787304000000,4637.39990234375,4643.7001953125,4635.89990234375,4640,534
1787304300000,4639.89990234375,4642.2998046875,4638.39990234375,4641.10009765625,520
1787304600000,4640.89990234375,4643.7998046875,4630.60009765625,4631,1546
1787304900000,4630.7998046875,4647.89990234375,4630,4644.60009765625,2323
1787305200000,4644,4647.7001953125,4641.10009765625,4645,1217
1787305500000,4644.60009765625,4650.2001953125,4639.7001953125,4647.10009765625,1867
1787305800000,4646.5,4648,4633.7998046875,4638.2998046875,1837
1787306100000,4638.7001953125,4642.89990234375,4637.2001953125,4638.2998046875,1486
1787306400000,4638.10009765625,4646.2001953125,4637,4645.60009765625,1878
1787306700000,4645.7998046875,4647.7998046875,4640.10009765625,4644.2998046875,1180
1787307000000,4644.39990234375,4646.60009765625,4641.60009765625,4646.2998046875,486
1787307300000,4646.39990234375,4647.60009765625,4642.89990234375,4646.7001953125,795
1787307600000,4646.39990234375,4654.5,4646.2998046875,4653.7998046875,2084
1787307900000,4654,4659.7998046875,4654,4659.5,1651
1787308200000,4659.7001953125,4660.2001953125,4646.5,4646.60009765625,1999
1787308500000,4646.7001953125,4649.2001953125,4637.39990234375,4638.39990234375,2180
1787308800000,4638.2998046875,4646.2001953125,4636.5,4639,2215
1787309100000,4639.10009765625,4648.2998046875,4637,4647.89990234375,1390
1787309400000,4648,4652,4644.89990234375,4646.5,1122
1787309700000,4646.10009765625,4649.10009765625,4640.89990234375,4648.10009765625,896
1787310000000,4648.5,4651.10009765625,4644.10009765625,4650.2001953125,812
1787310300000,4650.2998046875,4655.10009765625,4649.10009765625,4651,1457
1787310600000,4651.10009765625,4654.7001953125,4650.7998046875,4652.2001953125,699
1787310900000,4652.2998046875,4656.2998046875,4652,4654.89990234375,793
1787311200000,4654.7998046875,4660.10009765625,4652.5,4659.7001953125,1094
1787311500000,4659.7998046875,4665.5,4657.39990234375,4660.2998046875,2402
1787311800000,4660.2998046875,4663.7998046875,4657,4663.60009765625,938
1787312100000,4663.60009765625,4666,4662.5,4664.2001953125,1119
1787312400000,4664,4668.2001953125,4663.10009765625,4666.89990234375,1112
1787312700000,4667.2001953125,4669,4664.2001953125,4665.10009765625,851
1787313000000,4665.2001953125,4673,4664.7001953125,4671.39990234375,1259
1787313300000,4671.5,4672.7998046875,4668.2001953125,4672,844
1787313600000,4672.10009765625,4675,4670.5,4674.2998046875,907
1787313900000,4674.2001953125,4674.5,4666.2998046875,4667.60009765625,1189
1787314200000,4667.7998046875,4673.39990234375,4667.60009765625,4672.10009765625,580
1787314500000,4672.10009765625,4673.5,4671.10009765625,4671.60009765625,468
1787314800000,4671.39990234375,4678.39990234375,4668.7001953125,4670.2001953125,1568
1787315100000,4670.2998046875,4672,4667.7998046875,4671.60009765625,525
1787315400000,4671.7001953125,4673.7001953125,4669.7998046875,4673.2001953125,526
1787315700000,4672.89990234375,4678.5,4672,4676.7001953125,1169
1787316000000,4676.7998046875,4679.60009765625,4674.89990234375,4678.89990234375,838
1787316300000,4678.89990234375,4682.2998046875,4678.39990234375,4681.10009765625,688
1787316600000,4681.2001953125,4685,4681.2001953125,4684.89990234375,1049
1787316900000,4684.7998046875,4687.2001953125,4683.2998046875,4686.60009765625,1278
1787317200000,4686.7001953125,4689,4684.60009765625,4685.60009765625,1453
1787317500000,4685.7001953125,4690.39990234375,4684,4689,1304
1787317800000,4688.7998046875,4689.7998046875,4679.7001953125,4681.39990234375,2070
1787318100000,4681.2998046875,4684.2001953125,4680.10009765625,4681.5,1131
1787318400000,4681.2001953125,4682.7001953125,4673.39990234375,4676.39990234375,2103
1787318700000,4676.39990234375,4683,4673.60009765625,4680.10009765625,2512
1787319000000,4680.39990234375,4680.5,4677.60009765625,4678.60009765625,650
1787319300000,4678.89990234375,4683.10009765625,4678.7998046875,4680.89990234375,528
1787319600000,4680.7998046875,4682.89990234375,4676.89990234375,4677.7001953125,986
1787319900000,4678,4678.2001953125,4675.10009765625,4676.2001953125,898
1787320200000,4677,4680.7001953125,4676.2001953125,4677.7998046875,825
1787320500000,4677.89990234375,4679.60009765625,4677.5,4678.7001953125,237
1787320800000,4679,4684.39990234375,4678.60009765625,4684.39990234375,387
1787321100000,4684.2998046875,4685.89990234375,4682.39990234375,4684,671
1787321400000,4684.10009765625,4684.2998046875,4681.39990234375,4682.5,210
1787321700000,4682.5,4685.2998046875,4682.5,4684.89990234375,179
1787322000000,4684.7998046875,4685.7998046875,4683.7001953125,4684.5,170
1787322300000,4684.7001953125,4686.10009765625,4682.7001953125,4683.5,289
1787322600000,4683.2998046875,4683.2998046875,4677.60009765625,4680.2001953125,1184
1787322900000,4680.5,4681.10009765625,4677.5,4677.7001953125,347
1787323200000,4678,4679.2998046875,4678,4678.5,176
1787323500000,4678.7998046875,4684,4678.7998046875,4682.2998046875,777
1787323800000,4682.39990234375,4682.60009765625,4680.5,4682.39990234375,164
1787324100000,4682.39990234375,4682.39990234375,4680.7998046875,4681.7998046875,401
1787324400000,4682.10009765625,4683.10009765625,4678.7998046875,4679.2998046875,432
1787324700000,4679.2998046875,4679.7998046875,4675.89990234375,4678.60009765625,539
1787325000000,4678.39990234375,4680.7998046875,4678,4680,188
1787325300000,4680.2001953125,4680.2001953125,4677.5,4679.7998046875,364
1787325600000,4679.7001953125,4680.39990234375,4679.2001953125,4679.5,235
1787325900000,4679.7001953125,4680.10009765625,4675.2998046875,4675.60009765625,352
1787326200000,4675.5,4676.89990234375,4674,4674.10009765625,345
1787326500000,4674.39990234375,4675.60009765625,4673,4674.89990234375,335
1787326800000,4675.39990234375,4676.7998046875,4675,4675.39990234375,310
1787327100000,4675.39990234375,4680.2998046875,4674.5,4680.10009765625,487
1787327400000,4679.7001953125,4680.60009765625,4678.2998046875,4679.89990234375,364
1787327700000,4679.60009765625,4679.7001953125,4673,4674.7001953125,717
1787328000000,4674.60009765625,4674.7998046875,4672.60009765625,4674.7998046875,245
1787328300000,4674.7001953125,4675.39990234375,4673,4673.7001953125,201
1787328600000,4674.10009765625,4675.2001953125,4673.5,4674.60009765625,153
1787328900000,4674.39990234375,4675,4668.7001953125,4670.10009765625,329
1787329200000,4670.2998046875,4670.7998046875,4667.7001953125,4668.5,129
1787329500000,4668.60009765625,4669.2001953125,4667.60009765625,4668,128
1787329800000,4668,4669.39990234375,4667.5,4668.5,132
1787330100000,4668.10009765625,4669.60009765625,4665.39990234375,4666,174
1787330400000,4666,4667.39990234375,4665.60009765625,4665.7998046875,104
1787330700000,4665.60009765625,4666.39990234375,4661,4664,355
1787331000000,4663.5,4664.89990234375,4661.39990234375,4663.2001953125,298
1787331300000,4663.2001953125,4680.60009765625,4661,4680.60009765625,332
1787508600000,4675.39990234375,4679.10009765625,4673.7998046875,4675.39990234375,241
1787508900000,4675.10009765625,4675.7998046875,4670.60009765625,4675.7998046875,222
1787509200000,4675.89990234375,4678.7001953125,4672.89990234375,4674.89990234375,280
1787509500000,4674.7998046875,4674.7998046875,4670.2001953125,4671.60009765625,211
1787509800000,4671.10009765625,4674.2001953125,4670.7998046875,4671.60009765625,238
1787510100000,4672,4673.89990234375,4668.7998046875,4668.89990234375,185
1787510400000,4668.89990234375,4669.5,4664,4667.5,298
1787510700000,4667.60009765625,4668,4664.2998046875,4665.89990234375,165
1787511000000,4665.60009765625,4666.2001953125,4664.10009765625,4665.10009765625,112
1787511300000,4664.89990234375,4665,4663,4663.10009765625,110
1787511600000,4663.5,4666.2998046875,4662.10009765625,4664.60009765625,232
1787511900000,4664.39990234375,4665,4661.89990234375,4665,123
1787512200000,4665,4666.5,4664.7998046875,4665,118
1787512500000,4664.7998046875,4665.2998046875,4664,4664.60009765625,135
1787512800000,4665,4670.7001953125,4664.7998046875,4669.39990234375,427
1787513100000,4669.7998046875,4673.89990234375,4668.39990234375,4672.60009765625,333
1787513400000,4672.39990234375,4675.7001953125,4671.39990234375,4675.2998046875,261
1787513700000,4675.10009765625,4676.2998046875,4670.7001953125,4670.7998046875,347
1787514000000,4670.7998046875,4671.7001953125,4664.7998046875,4665.5,406
1787514300000,4665.7001953125,4672.39990234375,4665.39990234375,4672.10009765625,320
1787514600000,4672.2998046875,4679.7998046875,4672.2998046875,4679.60009765625,574
1787514900000,4679.60009765625,4682,4679.39990234375,4681.60009765625,272
1787515200000,4681.60009765625,4685.5,4677.7998046875,4684.7998046875,615
1787515500000,4685,4696.7998046875,4685,4692.2001953125,1618
1787515800000,4692.2001953125,4698.60009765625,4691.2998046875,4694.89990234375,831
1787516100000,4694.7998046875,4698.10009765625,4686.2001953125,4686.89990234375,682
1787516400000,4687.10009765625,4687.60009765625,4669.39990234375,4670,1107
1787516700000,4670.10009765625,4670.2001953125,4651.7998046875,4661.60009765625,1664
1787517000000,4661.60009765625,4666,4659.5,4659.5,536
1787517300000,4659.60009765625,4665.7998046875,4658.2001953125,4658.5,827
1787517600000,4658.60009765625,4664.39990234375,4658.2998046875,4664.10009765625,238
1787517900000,4663.10009765625,4672.39990234375,4660.89990234375,4671.10009765625,675
1787518200000,4670.89990234375,4674.5,4668.60009765625,4674,298
1787518500000,4674.2998046875,4680.2998046875,4672.7998046875,4678.7998046875,502
1787518800000,4679,4692,4675.7001953125,4678.7998046875,1926
1787519100000,4680,4686.2998046875,4676.7998046875,4680,699
1787519400000,4680.2001953125,4684.60009765625,4678.7001953125,4679.10009765625,402
1787519700000,4679,4682.60009765625,4673.60009765625,4678.60009765625,549
1787520000000,4678.39990234375,4678.7001953125,4667.89990234375,4671.60009765625,574
1787520300000,4671.60009765625,4674.89990234375,4669,4671.39990234375,608
1787520600000,4671.5,4671.5,4664.60009765625,4671.2998046875,449
1787520900000,4671.2998046875,4677.7001953125,4669,4670.2998046875,809
1787521200000,4670.39990234375,4675,4664.60009765625,4674.60009765625,422
1787521500000,4674.7998046875,4675.39990234375,4671.5,4675.39990234375,263
1787521800000,4676,4686.60009765625,4676,4685.2998046875,955
1787522100000,4685.10009765625,4694.2998046875,4683,4688.60009765625,1246
1787522400000,4688.7001953125,4695.2998046875,4684.39990234375,4693.60009765625,902
1787522700000,4693.7001953125,4700,4690.7001953125,4699.2001953125,760
1787523000000,4699.60009765625,4709,4699,4707.5,1761
1787523300000,4707.10009765625,4712.2998046875,4706.2001953125,4711,695
1787523600000,4711.2001953125,4712,4706.2001953125,4711.10009765625,660
1787523900000,4710.60009765625,4712.39990234375,4706.5,4712.2998046875,415
1787524200000,4712.39990234375,4713.7998046875,4706.5,4708.7001953125,755
1787524500000,4708.89990234375,4710.7998046875,4701.89990234375,4702.5,721
1787524800000,4702,4702.89990234375,4694.60009765625,4694.89990234375,674
1787525100000,4694.60009765625,4695,4684.2998046875,4685.5,1265
1787525400000,4685.39990234375,4695,4684.7998046875,4695,790
1787525700000,4694.7998046875,4701.5,4694.2001953125,4700.39990234375,585
1787526000000,4700.39990234375,4700.7001953125,4694.7001953125,4696.89990234375,368
1787526300000,4696.5,4696.5,4691.5,4694.5,357
1787526600000,4694.5,4696.39990234375,4690,4694.10009765625,319
1787526900000,4694.2001953125,4698,4693.7998046875,4695,167
1787527200000,4695.39990234375,4700.5,4691.7998046875,4698.60009765625,369
1787527500000,4699.5,4705.10009765625,4699.2001953125,4700.5,426
1787527800000,4700.60009765625,4704.7001953125,4700.60009765625,4704.7001953125,271
1787528100000,4704.7001953125,4707,4703.5,4704.10009765625,326
1787528400000,4704.39990234375,4705,4699.60009765625,4700,229
1787528700000,4699.7998046875,4701.89990234375,4699.10009765625,4699.60009765625,155
1787529000000,4699.7001953125,4701.5,4697.7001953125,4698.10009765625,166
1787529300000,4698.10009765625,4700.39990234375,4696.7998046875,4698.2001953125,352
1787529600000,4698.2001953125,4699,4694.10009765625,4696.2998046875,326
1787529900000,4695.7998046875,4695.7998046875,4688.89990234375,4690.2001953125,498
1787530200000,4690,4695,4689.39990234375,4694.7001953125,242
1787530500000,4694.7001953125,4697.10009765625,4690.7998046875,4695.7998046875,222
1787530800000,4696.2998046875,4696.5,4693.39990234375,4693.39990234375,163
1787531100000,4694.10009765625,4698.10009765625,4694,4696.60009765625,211
1787531400000,4696.60009765625,4697,4689.10009765625,4691.2998046875,177
1787531700000,4691.5,4693.60009765625,4691,4692.89990234375,141
1787532000000,4693.2001953125,4694.60009765625,4691.2998046875,4694.39990234375,80
1787532300000,4694.10009765625,4695.2998046875,4692,4692.60009765625,105
1787532600000,4692.7001953125,4696.2998046875,4692,4696,146
1787532900000,4696.2001953125,4696.39990234375,4693.39990234375,4695.2001953125,89
1787533200000,4695.7998046875,4698,4694.89990234375,4696,232
1787533500000,4695.7998046875,4698.7998046875,4695.7998046875,4696.10009765625,221
1787533800000,4696.10009765625,4699.39990234375,4695.60009765625,4699.10009765625,115
1787534100000,4699.5,4702.5,4697.5,4699,316
1787534400000,4699.2001953125,4699.2001953125,4694.10009765625,4694.39990234375,252
1787534700000,4694.2998046875,4698.2998046875,4692.2001953125,4692.2001953125,249
1787535000000,4692,4695.60009765625,4685.5,4688.7998046875,990
1787535300000,4688.89990234375,4695,4687,4689.2998046875,446
1787535600000,4689.2998046875,4691.60009765625,4687.5,4689.39990234375,307
1787535900000,4689.2001953125,4694.5,4686.2998046875,4694.5,440
1787536200000,4694.7998046875,4699.2998046875,4692.60009765625,4694.7001953125,320
1787536500000,4694.7998046875,4697.60009765625,4693.89990234375,4697.2998046875,180
1787536800000,4697.5,4702.2998046875,4695.7998046875,4701.10009765625,462
1787537100000,4701.2001953125,4708,4699.39990234375,4705.39990234375,847
1787537400000,4705.5,4708.7998046875,4703.5,4708.2001953125,434
1787537700000,4708.5,4716.7001953125,4708.5,4712.7001953125,1905
1787538000000,4713.2001953125,4715,4702.89990234375,4706.60009765625,906
1787538300000,4706.2998046875,4706.5,4697.39990234375,4698.7001953125,753
1787538600000,4699.2998046875,4708.89990234375,4698.60009765625,4706.89990234375,483
1787538900000,4707.2998046875,4710.10009765625,4706.89990234375,4707.89990234375,345
1787539200000,4707.7998046875,4708.2998046875,4698.39990234375,4699.5,748
1787539500000,4699.5,4706.2998046875,4699,4706.2001953125,456
1787539800000,4706.10009765625,4710.10009765625,4702,4707.2998046875,616
1787540100000,4707.7001953125,4707.7001953125,4705.2001953125,4706.7001953125,374
1787540400000,4706.39990234375,4711,4703.7998046875,4705.10009765625,458
1787540700000,4705.10009765625,4706.5,4700.60009765625,4702.7001953125,556
1787541000000,4703,4705.7001953125,4700.7998046875,4704.39990234375,381
1787541300000,4704,4706.2001953125,4698.60009765625,4701.7001953125,425
1787541600000,4701.89990234375,4703.7998046875,4698.39990234375,4698.89990234375,283
1787541900000,4699.2998046875,4703.2001953125,4698,4699,295
1787542200000,4698.39990234375,4702.60009765625,4697.2001953125,4702.39990234375,351
1787542500000,4702.5,4704,4698.89990234375,4700.39990234375,353
1787542800000,4700.7001953125,4700.89990234375,4690.5,4690.60009765625,1237
1787543100000,4691.10009765625,4691.39990234375,4686.2001953125,4687.39990234375,1638
1787543400000,4687.39990234375,4692.89990234375,4686,4691.10009765625,589
1787543700000,4691.7001953125,4699.7001953125,4691.39990234375,4697.39990234375,728
1787544000000,4697.7998046875,4699.60009765625,4692.2001953125,4696.39990234375,708
1787544300000,4697.39990234375,4702,4692.39990234375,4694.10009765625,739
1787544600000,4694.2001953125,4696.39990234375,4691.39990234375,4692.7001953125,469
1787544900000,4693,4693.5,4687.10009765625,4691.2998046875,445
1787545200000,4692,4694.2998046875,4690.2998046875,4691.7998046875,222
1787545500000,4691.7998046875,4696.2001953125,4684.7998046875,4684.7998046875,1534
1787545800000,4685,4690.10009765625,4684.2001953125,4690.10009765625,975
1787546100000,4690,4693.2001953125,4689.2998046875,4693.10009765625,276
1787546400000,4692.89990234375,4701.7998046875,4691.7998046875,4700.89990234375,891
1787546700000,4701.2998046875,4702,4697.89990234375,4699.2001953125,562
1787547000000,4699.5,4700.2001953125,4695.89990234375,4697.2998046875,257
1787547300000,4697.5,4698.2001953125,4691.2001953125,4693.5,389
1787547600000,4693.7001953125,4698.7001953125,4692.89990234375,4697.7998046875,772
1787547900000,4698.10009765625,4700.2998046875,4695.60009765625,4697.7998046875,873
1787548200000,4697.89990234375,4699.2998046875,4694.60009765625,4697.2998046875,430
1787548500000,4697.2001953125,4697.2001953125,4690.2998046875,4691.89990234375,703
1787548800000,4692,4694.7001953125,4691.2998046875,4692.7998046875,346
1787549100000,4692.2001953125,4694.2001953125,4690.89990234375,4691.39990234375,730
1787549400000,4691.60009765625,4696.60009765625,4690,4691,1235
1787549700000,4691.2001953125,4693.10009765625,4688.7998046875,4692.7998046875,654
1787550000000,4693.10009765625,4695.89990234375,4692.5,4695.2998046875,471
1787550300000,4695.2998046875,4701.39990234375,4695.2001953125,4700.39990234375,651
1787550600000,4700.2998046875,4701.7998046875,4698.10009765625,4700.89990234375,419
1787550900000,4700.7001953125,4702.7001953125,4699.7001953125,4702.39990234375,351
1787551200000,4702.39990234375,4706.60009765625,4702.39990234375,4705.7001953125,687
1787551500000,4705.89990234375,4707,4703,4704,679
1787551800000,4704.2998046875,4707,4702.5,4704.89990234375,556
1787552100000,4705.2998046875,4705.60009765625,4703.2001953125,4703.60009765625,261
1787552400000,4704.2001953125,4704.39990234375,4699.89990234375,4701.7998046875,372
1787552700000,4701.7998046875,4703.2001953125,4699.2001953125,4700.7001953125,433
1787553000000,4700.39990234375,4702.7998046875,4699.89990234375,4702.5,216
1787553300000,4702.60009765625,4706.39990234375,4700.10009765625,4705.2998046875,476
1787553600000,4705,4705.89990234375,4701.10009765625,4701.2998046875,389
1787553900000,4701.39990234375,4702.5,4698.60009765625,4702.5,572
1787554200000,4702.7001953125,4704.2998046875,4701.5,4703,337
1787554500000,4702.89990234375,4703.7998046875,4699.7001953125,4700.2998046875,474
1787554800000,4700.10009765625,4703.89990234375,4697,4702.60009765625,620
1787555100000,4703.5,4703.5,4696.89990234375,4697.5,641
1787555400000,4697.39990234375,4701.89990234375,4696.2001953125,4699.2001953125,389
1787555700000,4699.60009765625,4702.60009765625,4698.7001953125,4701.89990234375,292
1787556000000,4702.10009765625,4703.2001953125,4697.89990234375,4698.60009765625,378
1787556300000,4698.2998046875,4705.39990234375,4698,4704,448
1787556600000,4704.10009765625,4709.60009765625,4700.89990234375,4709.5,836
1787556900000,4709.10009765625,4728.2998046875,4708,4718.39990234375,4943
1787557200000,4718.5,4724.60009765625,4711.60009765625,4716.7001953125,2322
1787557500000,4716.89990234375,4719.2001953125,4705.60009765625,4706.60009765625,1228
1787557800000,4706.7001953125,4717.89990234375,4705.7998046875,4716.89990234375,1297
1787558100000,4716.89990234375,4717.39990234375,4713,4715,530
1787558400000,4715.2001953125,4716.2001953125,4707.5,4709.89990234375,770
1787558700000,4709.89990234375,4714,4707.39990234375,4712.2998046875,496
1787559000000,4712.5,4717.7998046875,4711.5,4715.5,757
1787559300000,4714.7001953125,4714.7001953125,4709.39990234375,4710.7998046875,424
1787559600000,4710.60009765625,4717.5,4709,4715,1012
1787559900000,4715.10009765625,4720.5,4712.39990234375,4719.39990234375,784
1787560200000,4719.39990234375,4719.39990234375,4702,4712.2001953125,2153
1787560500000,4712,4721.7001953125,4712,4720.5,822
1787560800000,4720.7998046875,4726.89990234375,4712.7998046875,4715,1473
1787561100000,4715.2998046875,4719.7001953125,4711.89990234375,4719.7001953125,697
1787561400000,4719.5,4724.89990234375,4718.7998046875,4724.7001953125,734
1787561700000,4724.89990234375,4725.2001953125,4719.2001953125,4720.7001953125,561
1787562000000,4720.89990234375,4729.10009765625,4719.2998046875,4724.60009765625,1116
1787562300000,4725.2998046875,4732,4724.7998046875,4731.39990234375,1056
1787562600000,4731.2001953125,4735.7001953125,4731,4735,1588
1787562900000,4734.89990234375,4735.89990234375,4729,4729.7998046875,840
1787563200000,4729.7998046875,4730.2998046875,4725.10009765625,4728.2998046875,951
1787563500000,4728.2001953125,4732.10009765625,4725.60009765625,4730.10009765625,905
1787563800000,4730.10009765625,4737.7998046875,4727.60009765625,4737.2998046875,1887
1787564100000,4737.2001953125,4738.5,4724.10009765625,4724.39990234375,2013
1787564400000,4724.2998046875,4731.60009765625,4715.60009765625,4716,2181
1787564700000,4715.7998046875,4735.60009765625,4713.2998046875,4731.10009765625,2181
1787565000000,4731.2001953125,4733.2998046875,4715.2001953125,4724.2001953125,2287
1787565300000,4724.2001953125,4726.2998046875,4716.10009765625,4721.7998046875,1752
1787565600000,4721.5,4725.10009765625,4717,4719.7001953125,1590
1787565900000,4720.2998046875,4727.89990234375,4719.7001953125,4727.7001953125,1406
1787566200000,4727.5,4729.2001953125,4718.2998046875,4722.5,1209
1787566500000,4722.2998046875,4722.7998046875,4712,4722.2001953125,1817
1787566800000,4722.60009765625,4727,4721.7001953125,4723.7001953125,976
1787567100000,4723.60009765625,4732.2001953125,4723.2998046875,4729,988
1787567400000,4729.10009765625,4734.7001953125,4727.7998046875,4733.89990234375,1024
1787567700000,4734.10009765625,4736.10009765625,4732,4732.89990234375,976
1787568000000,4733.2998046875,4735.2998046875,4726.39990234375,4729.2001953125,1156
1787568300000,4729.5,4730.7001953125,4721.7001953125,4722.7001953125,859
1787568600000,4723.2001953125,4725.7001953125,4714,4725.60009765625,2611
1787568900000,4725.5,4733.2998046875,4724.2001953125,4727.60009765625,1357
1787569200000,4727.7998046875,4734,4722.60009765625,4732.7001953125,1302
1787569500000,4733,4733.60009765625,4730,4730.60009765625,626
1787569800000,4730.7998046875,4732.2998046875,4728.2998046875,4730.2998046875,469
1787570100000,4730.2998046875,4731.10009765625,4726.7001953125,4730.5,928
1787570400000,4730.5,4730.5,4725.2998046875,4727.10009765625,602
1787570700000,4727.5,4737,4726.5,4733,1610
1787571000000,4733.10009765625,4735.2001953125,4727.10009765625,4729.5,1287
1787571300000,4729.7998046875,4731.7001953125,4724.39990234375,4725.10009765625,659
1787571600000,4725.5,4725.5,4716.7998046875,4718,1797
1787571900000,4717.60009765625,4720.2998046875,4701.7998046875,4703.7998046875,4232
1787572200000,4703.5,4712.5,4703.5,4710.10009765625,1708
1787572500000,4710,4710,4696.5,4706,2893
1787572800000,4706,4718.89990234375,4703.10009765625,4715.7998046875,3166
1787573100000,4716.2998046875,4719,4711.2998046875,4712.10009765625,867
1787573400000,4711.60009765625,4715.2998046875,4710.7998046875,4714.7998046875,497
1787573700000,4714.5,4717.7001953125,4713.39990234375,4715.89990234375,553
1787574000000,4715.89990234375,4716.60009765625,4713.2998046875,4713.60009765625,311
1787574300000,4713.89990234375,4716.60009765625,4713.39990234375,4716.2001953125,452
1787574600000,4716.2001953125,4718.7998046875,4716,4717.7998046875,427
1787574900000,4717.7998046875,4719.60009765625,4716.60009765625,4717,310
1787575200000,4716.7998046875,4718.7998046875,4715.89990234375,4717.10009765625,395
1787575500000,4717.2998046875,4717.7001953125,4712.7001953125,4715,644
1787575800000,4715.2001953125,4715.2001953125,4708.60009765625,4709.89990234375,855
1787576100000,4709.5,4709.7001953125,4697.89990234375,4701.89990234375,2046
1787576400000,4702.10009765625,4704.89990234375,4698.7998046875,4702.7998046875,878
1787576700000,4703.7001953125,4712.7001953125,4701.2998046875,4709.7001953125,1659
1787577000000,4709.39990234375,4711.7998046875,4706.60009765625,4709,1065
1787577300000,4708.7998046875,4711.2001953125,4704.89990234375,4705.39990234375,775
1787577600000,4705.10009765625,4705.10009765625,4686.60009765625,4693.10009765625,4459
1787577900000,4693,4701.89990234375,4689.60009765625,4695,2354
1787578200000,4695.10009765625,4697.7998046875,4692.10009765625,4692.39990234375,781
1787578500000,4698.7001953125,4699.2001953125,4697.10009765625,4697.7001953125,804
1787578800000,4698,4698.89990234375,4695.10009765625,4695.5,323
1787579100000,4695.2001953125,4695.7998046875,4690.2998046875,4690.2998046875,581
1787579400000,4690.2998046875,4695.39990234375,4689.2998046875,4690.7001953125,998
1787579700000,4690.5,4694.10009765625,4689.5,4693.2998046875,749
1787580000000,4693,4697.5,4691.60009765625,4696.89990234375,651
1787580300000,4696.60009765625,4696.7998046875,4681.2001953125,4688.7001953125,2485
1787580600000,4688.7001953125,4691.5,4686.60009765625,4688.5,810
1787580900000,4688.89990234375,4691.10009765625,4684.10009765625,4684.7998046875,624
1787581200000,4684.7001953125,4693.2998046875,4683.7001953125,4693.2001953125,641
1787581500000,4693,4699,4693,4697.2998046875,1484
1787581800000,4697.2001953125,4698.7001953125,4688.2001953125,4688.7998046875,1066
1787582100000,4688.7998046875,4689.60009765625,4681.39990234375,4686.60009765625,818
1787582400000,4686.39990234375,4692.10009765625,4686.39990234375,4691.10009765625,350
1787582700000,4691.39990234375,4691.7001953125,4687.7998046875,4689.39990234375,279
1787583000000,4689.2998046875,4691.39990234375,4689.2001953125,4689.7001953125,164
1787583300000,4689.89990234375,4694,4689.89990234375,4693,267
1787583600000,4692.7001953125,4697,4692.5,4695.39990234375,388
1787583900000,4695.2001953125,4696.89990234375,4692.60009765625,4694.7998046875,195
1787584200000,4694.89990234375,4695.2998046875,4692.2001953125,4692.5,250
1787584500000,4692.7001953125,4699,4692.2001953125,4699,292
1787584800000,4698.7001953125,4701.2001953125,4697.5,4698.89990234375,356
1787585100000,4698.60009765625,4699.2001953125,4696.2998046875,4697.7001953125,214
1787585400000,4697.60009765625,4698.39990234375,4696.2001953125,4696.89990234375,158
1787585700000,4696.7998046875,4702.2001953125,4696.60009765625,4700.39990234375,233
1787586000000,4700.7998046875,4706.7001953125,4700.60009765625,4706,745
1787586300000,4705.89990234375,4711.2001953125,4705.7001953125,4710.89990234375,478
1787586600000,4711.2001953125,4712.10009765625,4707.39990234375,4709,745
1787586900000,4709,4710.10009765625,4706.2001953125,4707.5,492
1787587200000,4707.89990234375,4711.10009765625,4706.60009765625,4710.39990234375,627
1787587500000,4710.2998046875,4711.10009765625,4709.60009765625,4710.2998046875,242
1787587800000,4710.2001953125,4711.5,4706.39990234375,4707.2001953125,716
1787588100000,4706.89990234375,4710,4706.89990234375,4707.89990234375,435
1787588400000,4707.89990234375,4708.7001953125,4706.7998046875,4707,213
1787588700000,4706.60009765625,4706.7001953125,4705,4705.2998046875,111
1787589000000,4705.60009765625,4706.2001953125,4704.60009765625,4704.7998046875,78
1787589300000,4704.7998046875,4705.60009765625,4704.2001953125,4705,64
1787589600000,4704.60009765625,4704.89990234375,4703.5,4703.89990234375,42
1787589900000,4704.39990234375,4707.5,4703.39990234375,4707,353
1787590200000,4706.60009765625,4708,4705.39990234375,4707.7001953125,138
1787590500000,4708.10009765625,4710,4706.39990234375,4710,303
1787594400000,4710.10009765625,4714,4708.39990234375,4713.10009765625,0
1787594700000,4713,4718,4712.5,4716,261
1787595000000,4716.10009765625,4717,4714.7998046875,4715.60009765625,74
1787595300000,4715.89990234375,4716.39990234375,4714.7998046875,4714.7998046875,65
1787595600000,4714.39990234375,4715.7001953125,4714.39990234375,4715,37
1787595900000,4715.10009765625,4715.2001953125,4713.5,4714.2001953125,42
1787596200000,4714.89990234375,4716,4714,4716,118
1787596500000,4715.89990234375,4718,4715.89990234375,4717.2001953125,118
1787596800000,4717.60009765625,4718.10009765625,4717,4718,57
1787597100000,4718.2001953125,4719.5,4717.7998046875,4719.39990234375,87
1787597400000,4719,4722,4719,4721.39990234375,276
1787597700000,4721.2998046875,4725.60009765625,4720.7998046875,4724.5,316
1787598000000,4724.60009765625,4726.60009765625,4724.60009765625,4725.2998046875,183
1787598300000,4725,4726.2998046875,4723,4726.2998046875,158
1787598600000,4726,4729.39990234375,4725.7998046875,4729.2001953125,378
1787598900000,4729.2001953125,4733.7001953125,4729.2001953125,4731.7998046875,436
1787599200000,4731.60009765625,4732.5,4730.2998046875,4731.5,141
1787599500000,4731.39990234375,4731.60009765625,4726,4726,298
1787599800000,4726.10009765625,4730.10009765625,4724.5,4729.39990234375,495
1787600100000,4730.60009765625,4734.10009765625,4730.2998046875,4732.10009765625,286
1787600400000,4732.5,4734.10009765625,4732.39990234375,4734,165
1787600700000,4733.7998046875,4734.60009765625,4732,4734,329
1787601000000,4734.39990234375,4740.60009765625,4734.10009765625,4736.5,1080
1787601300000,4736.2998046875,4738.5,4735,4737.2001953125,276
1787601600000,4737.2998046875,4746.39990234375,4734.2998046875,4734.5,1163
1787601900000,4734,4744.5,4732.7001953125,4739,996
1787602200000,4738.7998046875,4749,4737.2001953125,4747.7998046875,572
1787602500000,4747.7998046875,4748.89990234375,4738.10009765625,4738.5,479
1787602800000,4738.7001953125,4740.10009765625,4736.10009765625,4737,371
1787603100000,4736.7001953125,4741.10009765625,4733.7998046875,4739.7998046875,599
1787603400000,4740,4750.60009765625,4739.10009765625,4745.2998046875,1159
1787603700000,4745.7001953125,4753.39990234375,4745.2001953125,4752.5,597
1787604000000,4752.5,4755,4749.5,4751.2998046875,688
1787604300000,4751.5,4752.39990234375,4745.39990234375,4749.89990234375,662
1787604600000,4749.7998046875,4751.2998046875,4744.5,4745.7001953125,270
1787604900000,4745.39990234375,4746.39990234375,4740.7001953125,4741,441
1787605200000,4740.7998046875,4743.2998046875,4727.60009765625,4734,1741
1787605500000,4734,4737.5,4728.2998046875,4735.60009765625,687
1787605800000,4735.89990234375,4737,4731.7998046875,4735,468
1787606100000,4734.10009765625,4737.10009765625,4730,4734.5,773
1787606400000,4734.5,4734.7001953125,4722.89990234375,4723.5,782
1787606700000,4723.39990234375,4729.2998046875,4720.60009765625,4726,858
1787607000000,4726.60009765625,4731.2998046875,4723.89990234375,4724.60009765625,484
1787607300000,4724.39990234375,4730.89990234375,4723.2998046875,4725.10009765625,625
1787607600000,4725,4729.89990234375,4724.2001953125,4726.7001953125,672
1787607900000,4726.89990234375,4732.5,4721.60009765625,4731.60009765625,1265
1787608200000,4731.2998046875,4731.39990234375,4720.10009765625,4721.39990234375,821
1787608500000,4721.7998046875,4721.7998046875,4713.2001953125,4714.7001953125,730
1787608800000,4714.5,4718.2998046875,4707.10009765625,4708.2001953125,953
1787609100000,4708.10009765625,4708.10009765625,4694.5,4701.2998046875,2160
1787609400000,4700.10009765625,4702.2998046875,4694.2001953125,4698.10009765625,747
1787609700000,4697.7001953125,4706.5,4697.10009765625,4705.89990234375,766
1787610000000,4706,4711.89990234375,4705.7998046875,4710.7001953125,551
1787610300000,4710.39990234375,4713,4708.7998046875,4712.7998046875,321
1787610600000,4712.5,4712.89990234375,4698.7998046875,4702.7998046875,1082
1787610900000,4702.7998046875,4703.39990234375,4695.7001953125,4699.89990234375,676
1787611200000,4699.7001953125,4703.7998046875,4686.7998046875,4686.7998046875,1725
1787611500000,4687.2998046875,4693.7001953125,4686.2001953125,4689.39990234375,1241
1787611800000,4689.10009765625,4692.7001953125,4670.5,4682.60009765625,2949
1787612100000,4682.60009765625,4685.5,4676.89990234375,4685.5,931
1787612400000,4685.7001953125,4687.2998046875,4678.10009765625,4679.5,918
1787612700000,4679.7998046875,4693.7998046875,4678.7001953125,4690.89990234375,1088
1787613000000,4690.7001953125,4693.7001953125,4687.60009765625,4689.5,369
1787613300000,4689.60009765625,4692.89990234375,4687.89990234375,4691.10009765625,269
1787613600000,4690.89990234375,4692.89990234375,4688.5,4690.39990234375,260
1787613900000,4690.7998046875,4694.10009765625,4690.7998046875,4693.89990234375,306
1787614200000,4693,4697.7001953125,4691.89990234375,4696,387
1787614500000,4696,4697,4690,4691.2001953125,470
1787614800000,4691.39990234375,4693.10009765625,4690,4690.10009765625,208
1787615100000,4690.10009765625,4691,4687.5,4689.7001953125,354
1787615400000,4688.89990234375,4690.39990234375,4687.2001953125,4688.89990234375,113
1787615700000,4689.10009765625,4691.60009765625,4688.2001953125,4688.2998046875,156
1787616000000,4689.39990234375,4691.2998046875,4686.39990234375,4690.39990234375,363
1787616300000,4690.5,4692.5,4690.10009765625,4691.7001953125,96
1787616600000,4692,4693.5,4690.89990234375,4693.2001953125,117
1787616900000,4692.60009765625,4693,4688.89990234375,4690,212
1787617200000,4691.5,4691.5,4686.7998046875,4688.60009765625,121
1787617500000,4688.39990234375,4688.7001953125,4684.60009765625,4686.7001953125,263
1787617800000,4686.60009765625,4688.2998046875,4681.2998046875,4685.7998046875,671
1787618100000,4685.7998046875,4686.7998046875,4682.10009765625,4682.89990234375,268
1787618400000,4682.89990234375,4683.2998046875,4679.5,4681.60009765625,276
1787618700000,4681.39990234375,4682.5,4680.39990234375,4682.2001953125,131
1787619000000,4681.5,4684.10009765625,4679.89990234375,4682.7998046875,188
1787619300000,4682.2998046875,4683.2001953125,4681,4681.10009765625,139
1787619600000,4681.2998046875,4684.39990234375,4679.2998046875,4683.89990234375,315
1787619900000,4685,4694.5,4684.89990234375,4691.2998046875,1111
1787620200000,4691.7001953125,4694.89990234375,4691.2001953125,4693.60009765625,409
1787620500000,4693.5,4699.89990234375,4693.5,4699.7998046875,887
1787620800000,4700,4701.89990234375,4698.7998046875,4700,467
1787621100000,4699.7998046875,4704,4698.60009765625,4702.39990234375,417
1787621400000,4702.5,4703.2998046875,4695.2001953125,4698.10009765625,711
1787621700000,4698.7001953125,4702.2001953125,4697.7998046875,4699.2998046875,251
1787622000000,4698.60009765625,4698.89990234375,4693.7001953125,4694.7001953125,555
1787622300000,4694.5,4698,4691.7001953125,4695.10009765625,521
1787622600000,4695.2001953125,4699.39990234375,4692.39990234375,4698.89990234375,360
1787622900000,4700.2998046875,4701.5,4696.89990234375,4698.5,456
1787623200000,4698.39990234375,4702,4697,4700.2001953125,712
1787623500000,4700.2001953125,4704.2998046875,4699.7001953125,4703.89990234375,370
1787623800000,4704,4706.60009765625,4704,4705.7001953125,528
1787624100000,4705.60009765625,4705.60009765625,4702.7001953125,4703.60009765625,153
1787624400000,4703.7998046875,4708.39990234375,4701.60009765625,4707.89990234375,635
1787624700000,4707.89990234375,4709.60009765625,4706,4706.2998046875,296
1787625000000,4706.2001953125,4709.60009765625,4705.2001953125,4707.89990234375,209
1787625300000,4707.39990234375,4708.5,4704.5,4706.2001953125,377
1787625600000,4706.10009765625,4708.7998046875,4704,4704,293
1787625900000,4704.2001953125,4705.7001953125,4702.7998046875,4704.10009765625,210
1787626200000,4704.2001953125,4704.2998046875,4696.60009765625,4698,376
1787626500000,4697.7001953125,4698.2998046875,4693,4694.60009765625,746
1787626800000,4695,4697.10009765625,4693.39990234375,4696.2001953125,558
1787627100000,4696.60009765625,4698.2998046875,4692.7998046875,4697.5,340
1787627400000,4697.39990234375,4697.89990234375,4694.2998046875,4696.2001953125,242
1787627700000,4695.7998046875,4699.5,4694.2001953125,4697.60009765625,471
1787628000000,4697.39990234375,4700.2998046875,4696.10009765625,4697,195
1787628300000,4697.39990234375,4697.39990234375,4690.5,4691.10009765625,740
1787628600000,4691.10009765625,4695.2998046875,4690.5,4691.39990234375,344
1787628900000,4691.60009765625,4693.2998046875,4690.2001953125,4692.60009765625,479
1787629200000,4693,4696.7001953125,4691.60009765625,4695.89990234375,343
1787629500000,4696.10009765625,4697.2001953125,4690.60009765625,4691.89990234375,468
1787629800000,4691.89990234375,4693.39990234375,4687.39990234375,4687.60009765625,712
1787630100000,4687.7001953125,4688,4685.7998046875,4686.10009765625,842
1787630400000,4686.10009765625,4687.60009765625,4681.7001953125,4682.2998046875,827
1787630700000,4681.89990234375,4685.2998046875,4676.2998046875,4679.2001953125,845
1787631000000,4679.60009765625,4683.10009765625,4679.2001953125,4683.10009765625,442
1787631300000,4682.7998046875,4686.5,4682.2001953125,4684.89990234375,413
1787631600000,4684.2998046875,4702,4683.10009765625,4700.10009765625,1573
1787631900000,4699.7001953125,4700,4688.10009765625,4689.10009765625,690
1787632200000,4689.10009765625,4691.5,4687.7998046875,4691,970
1787632500000,4690.39990234375,4690.60009765625,4685.2001953125,4686.2001953125,484
1787632800000,4686,4687.89990234375,4681.60009765625,4687.89990234375,454
1787633100000,4687.7001953125,4689.60009765625,4683.39990234375,4683.7998046875,412
1787633400000,4684.10009765625,4684.10009765625,4680.89990234375,4682.39990234375,337
1787633700000,4682.2001953125,4686.2998046875,4682.2001953125,4685.7001953125,169
1787634000000,4685.7001953125,4685.7001953125,4680.2998046875,4682.2998046875,340
1787634300000,4682,4689,4680.5,4688.60009765625,424
1787634600000,4688.5,4688.5,4685,4686,301
1787634900000,4686.2998046875,4689.10009765625,4685.5,4687.10009765625,292
1787635200000,4687,4688,4685.10009765625,4685.39990234375,193
1787635500000,4685.2001953125,4685.39990234375,4681.2998046875,4681.7001953125,269
1787635800000,4681.7998046875,4695.10009765625,4679.5,4692.7998046875,1365
1787636100000,4692.2001953125,4692.2998046875,4685,4685.7001953125,518
1787636400000,4685.89990234375,4694.39990234375,4684.89990234375,4692.7998046875,1196
1787636700000,4692.89990234375,4696.2998046875,4692,4696.2998046875,372
1787637000000,4696.2998046875,4698.10009765625,4693.2998046875,4693.5,412
1787637300000,4693.7998046875,4697.2001953125,4691.2001953125,4691.7001953125,598
1787637600000,4691.60009765625,4692.7001953125,4688.5,4689.7001953125,418
1787637900000,4690.39990234375,4692.2001953125,4688.7998046875,4690.89990234375,254
1787638200000,4690.7001953125,4694,4689.2001953125,4690.39990234375,284
1787638500000,4690.89990234375,4694.2998046875,4690.10009765625,4692.60009765625,278
1787638800000,4692.5,4694.10009765625,4690.7998046875,4691,164
1787639100000,4691.10009765625,4693.10009765625,4688.5,4689.39990234375,288
1787639400000,4689.39990234375,4692.5,4688.10009765625,4691.2998046875,289
1787639700000,4691.10009765625,4693.7998046875,4689.10009765625,4693.10009765625,171
1787640000000,4693.7001953125,4696.7001953125,4692.89990234375,4693.60009765625,355
1787640300000,4693.7001953125,4696.7001953125,4693.10009765625,4693.89990234375,295
1787640600000,4693.7001953125,4697.7998046875,4692.89990234375,4697,242
1787640900000,4696.60009765625,4698.2001953125,4695,4695,192
1787641200000,4694.7998046875,4696.2998046875,4693.39990234375,4695.7998046875,204
1787641500000,4695.89990234375,4698.7998046875,4691.89990234375,4695.89990234375,629
1787641800000,4696.2998046875,4696.2998046875,4696.2998046875,4696.2998046875,2
1787642400000,4697.7998046875,4700.2001953125,4696.2998046875,4697.89990234375,1413
1787642700000,4697.89990234375,4698.2998046875,4694.5,4697.2001953125,310
1787643000000,4697.10009765625,4700.2998046875,4696.2001953125,4698.7998046875,331
1787643300000,4699,4700.7001953125,4697.7998046875,4700.60009765625,330
1787643600000,4700.5,4701.2001953125,4696.39990234375,4696.60009765625,548
1787643900000,4696.7001953125,4701.89990234375,4696.60009765625,4700.89990234375,302
1787644200000,4700.7001953125,4703.5,4697.7001953125,4699.7998046875,567
1787644500000,4700.10009765625,4700.7998046875,4697.7998046875,4698.39990234375,288
1787644800000,4698.7001953125,4698.89990234375,4691,4692.60009765625,2116
1787645100000,4692.89990234375,4694.60009765625,4691.39990234375,4693.10009765625,358
1787645400000,4692.7001953125,4697.7998046875,4691.7998046875,4694.7998046875,576
1787645700000,4694.60009765625,4694.7998046875,4688.60009765625,4691.2001953125,1017
1787646000000,4691,4695.10009765625,4687.2998046875,4689.2001953125,970
1787646300000,4689.2998046875,4693.10009765625,4688.60009765625,4692.7998046875,534
1787646600000,4692.7001953125,4693,4688.10009765625,4688.39990234375,602
1787646900000,4688.2998046875,4690.2001953125,4685.7001953125,4686,648
1787647200000,4685.7001953125,4696,4685.2998046875,4693.7001953125,676
1787647500000,4693.39990234375,4698,4692.7998046875,4695.7001953125,550
1787647800000,4695.89990234375,4699.60009765625,4695,4696.7998046875,455
1787648100000,4695.89990234375,4696.60009765625,4693.7998046875,4695.7001953125,389
1787648400000,4696.2998046875,4696.60009765625,4685.10009765625,4689.60009765625,1694
1787648700000,4689.39990234375,4691.7998046875,4683.2001953125,4686.5,1013
1787649000000,4686.39990234375,4689.2001953125,4678.10009765625,4678.5,1274
1787649300000,4678.10009765625,4683.2001953125,4675.60009765625,4681.10009765625,1108
1787649600000,4681.10009765625,4681.5,4667.39990234375,4669.10009765625,2110
1787649900000,4669.7998046875,4673.7998046875,4663.39990234375,4664.7001953125,2199
1787650200000,4665.10009765625,4678.7001953125,4664.2001953125,4676.89990234375,1653
1787650500000,4676.60009765625,4676.7998046875,4664.5,4670.60009765625,1428
1787650800000,4671,4676.2001953125,4665.89990234375,4667.7001953125,963
1787651100000,4667.60009765625,4670.2001953125,4659.5,4661.7001953125,2394
1787651400000,4661.5,4667.2001953125,4660.39990234375,4662.7001953125,1508
1787651700000,4662.2001953125,4673,4660.5,4671.39990234375,1349
1787652000000,4671.2998046875,4676.5,4668.7998046875,4674.2998046875,2092
1787652300000,4674.39990234375,4680.60009765625,4673.39990234375,4678.60009765625,2517
1787652600000,4679.2998046875,4682.39990234375,4677.5,4678.2001953125,1173
1787652900000,4678.7001953125,4680.7998046875,4674.89990234375,4674.89990234375,888
1787653200000,4674.7001953125,4681.89990234375,4674.10009765625,4681.60009765625,1220
1787653500000,4681.60009765625,4684.5,4679.5,4679.7998046875,833
1787653800000,4679.7001953125,4687.60009765625,4667.2998046875,4685.60009765625,2973
1787654100000,4685.7001953125,4693.5,4685.60009765625,4692.89990234375,1805
1787654400000,4692.7001953125,4694.2001953125,4687.2001953125,4693.10009765625,1104
1787654700000,4693,4696,4691.60009765625,4692.60009765625,685
1787655000000,4693.2001953125,4694.2001953125,4688.7998046875,4690.89990234375,770
1787655300000,4691.39990234375,4693.5,4689,4691.60009765625,853
1787655600000,4691.7998046875,4693.2998046875,4686.39990234375,4688,633
1787655900000,4688.2001953125,4689.7001953125,4686.2998046875,4688.39990234375,630
1787656200000,4688.2998046875,4691.2998046875,4687,4689.2001953125,571
1787656500000,4689.2998046875,4695.7001953125,4685.10009765625,4694.89990234375,996
1787656800000,4694.60009765625,4701,4694.60009765625,4696.7001953125,978
1787657100000,4696.39990234375,4699.2998046875,4693,4695.7998046875,961
1787657400000,4696,4707.60009765625,4696,4705.2001953125,2162
1787657700000,4705.2001953125,4715.2998046875,4704.60009765625,4713,3271
1787658000000,4712.7001953125,4716.39990234375,4711.5,4713.2998046875,963
1787658300000,4713.2998046875,4714.10009765625,4707.7998046875,4708.89990234375,962
1787658600000,4708.7998046875,4709.39990234375,4705.89990234375,4707.39990234375,851
1787658900000,4707.7001953125,4710.89990234375,4706,4709.5,826
1787659200000,4709.60009765625,4710.2001953125,4704.39990234375,4704.7998046875,856
1787659500000,4705,4706,4701.60009765625,4701.60009765625,763
1787659800000,4701.5,4702.7998046875,4699.5,4701.39990234375,1005
1787660100000,4701.2001953125,4703.7998046875,4698.39990234375,4699.7998046875,773
1787660400000,4699.7998046875,4700.2001953125,4694.60009765625,4696.89990234375,1259
1787660700000,4697.10009765625,4699.7998046875,4695.89990234375,4698,959
1787661000000,4697.7998046875,4699.39990234375,4695.2001953125,4695.5,802
1787661300000,4695.5,4702.60009765625,4694.2998046875,4701.60009765625,557
1787661600000,4701.5,4702.39990234375,4700,4701.2001953125,686
1787661900000,4701.5,4703.5,4699.2001953125,4702.2998046875,593
1787662200000,4702.5,4703.7998046875,4700.7001953125,4701.10009765625,472
1787662500000,4701.2001953125,4702.60009765625,4697.7001953125,4700.7998046875,559
1787662800000,4700.60009765625,4700.60009765625,4695.7998046875,4697.7001953125,448
1787663100000,4697.7998046875,4697.7998046875,4692,4693.10009765625,931
1787663400000,4693.39990234375,4697.2001953125,4691.2998046875,4694.7998046875,724
1787663700000,4695.2998046875,4700.39990234375,4691.7998046875,4700.10009765625,686
1787664000000,4699.89990234375,4702.39990234375,4695.2998046875,4696.5,620
1787664300000,4696.39990234375,4698.39990234375,4693.2001953125,4694.2001953125,1646
1787664600000,4694.2001953125,4696.89990234375,4693.5,4695.7001953125,614
1787664900000,4695.5,4700.39990234375,4695.2998046875,4700,353
1787665200000,4700.10009765625,4701.7001953125,4698.2998046875,4700.2001953125,359
1787665500000,4700.2001953125,4704,4699.89990234375,4702.89990234375,267
1787665800000,4703.2998046875,4703.2998046875,4699.89990234375,4702.2001953125,257
1787666100000,4702,4705.7998046875,4702,4705.7998046875,561
1787666400000,4705.7998046875,4705.7998046875,4702,4702,479
1787666700000,4702,4705,4701.7001953125,4703.39990234375,214
1787667000000,4703.2998046875,4707.39990234375,4703,4704.5,309
1787667300000,4704.10009765625,4706.10009765625,4703.2998046875,4705.89990234375,536
1787667600000,4705.89990234375,4706.5,4705.10009765625,4705.7001953125,234
1787667900000,4705.7998046875,4707.60009765625,4705.7001953125,4706.7998046875,182
1787668200000,4707,4707,4703.39990234375,4704.39990234375,212
1787668500000,4704.60009765625,4705.7001953125,4702.7001953125,4705.10009765625,234
1787668800000,4705.2001953125,4707.2998046875,4704.7998046875,4706,283
1787669100000,4706,4709,4706,4707.89990234375,341
1787669400000,4708.10009765625,4708.10009765625,4706.5,4707.7001953125,96
1787669700000,4707.7001953125,4711.7998046875,4707.7001953125,4711.39990234375,583
1787670000000,4711.39990234375,4714.7998046875,4710.39990234375,4711.10009765625,710
1787670300000,4710.7998046875,4717.2001953125,4710.7001953125,4716.2001953125,609
1787670600000,4716.10009765625,4720,4715.89990234375,4719.2001953125,879
1787670900000,4719.2998046875,4725.60009765625,4718.7998046875,4723.89990234375,836
1787671200000,4723.89990234375,4724.2001953125,4720.2001953125,4721.5,385
1787671500000,4721.2998046875,4721.5,4717,4717.89990234375,423
1787671800000,4718,4718.7001953125,4715.5,4715.7998046875,355
1787672100000,4716.2001953125,4717.10009765625,4714.7001953125,4716.10009765625,369
1787672400000,4716.5,4721.89990234375,4716.2001953125,4719,698
1787672700000,4718.7998046875,4721.39990234375,4717.10009765625,4721.10009765625,377
1787673000000,4721,4724.2001953125,4718.89990234375,4722.10009765625,591
1787673300000,4722,4724.2998046875,4717.7998046875,4723.39990234375,1056
1787673600000,4723.2998046875,4724.39990234375,4721.2001953125,4721.7998046875,523
1787673900000,4722.2998046875,4725.5,4719.7001953125,4725.5,330
1787674200000,4725.39990234375,4726,4722.7001953125,4722.7001953125,448
1787674500000,4722.89990234375,4723.7001953125,4722.2998046875,4723.10009765625,137
1787674800000,4723.10009765625,4724.89990234375,4722.89990234375,4723.2998046875,229
1787675100000,4723.2998046875,4723.2998046875,4719,4719.5,212
1787675400000,4719.7001953125,4721.2001953125,4718.39990234375,4718.7998046875,251
1787675700000,4718.89990234375,4719.89990234375,4718.2998046875,4718.60009765625,106
1787676000000,4718.60009765625,4719.10009765625,4717.2998046875,4718.39990234375,117
1787676300000,4718.7998046875,4719.39990234375,4717.7998046875,4718.2998046875,164
1787676600000,4718,4718.7001953125,4716.5,4716.7001953125,193
1787676900000,4716.60009765625,4717.2998046875,4714.10009765625,4715.89990234375,254
1787680800000,4715.7001953125,4718.60009765625,4712.10009765625,4718.60009765625,0
1787681100000,4718.10009765625,4719,4717.2001953125,4718.2998046875,103
1787681400000,4718.10009765625,4722.2998046875,4718.10009765625,4721.7001953125,115
1787681700000,4721.60009765625,4724,4721.60009765625,4723.2001953125,219
1787682000000,4723.5,4724,4722.10009765625,4723.89990234375,170
1787682300000,4723.89990234375,4724.2998046875,4722.7001953125,4723.89990234375,104
1787682600000,4723.7998046875,4726.2998046875,4723.7998046875,4726.10009765625,164
1787682900000,4726.39990234375,4727.7998046875,4724,4727.39990234375,270
1787683200000,4727.2998046875,4727.39990234375,4725.7001953125,4727.2001953125,63
1787683500000,4727.2001953125,4729.89990234375,4727.2001953125,4729.10009765625,178
1787683800000,4729.10009765625,4730.89990234375,4729.10009765625,4729.7001953125,218
1787684100000,4730,4730.60009765625,4729.5,4729.7001953125,130
1787684400000,4729.7001953125,4730.60009765625,4727.39990234375,4729.5,200
1787684700000,4729.2001953125,4729.5,4726.2001953125,4726.2001953125,145
1787685000000,4726.39990234375,4726.89990234375,4724,4725.10009765625,157
1787685300000,4725,4725.10009765625,4723.39990234375,4724.39990234375,109
1787685600000,4724.10009765625,4724.5,4718.89990234375,4719.10009765625,314
1787685900000,4718.89990234375,4719.2001953125,4717.5,4718.2998046875,268
1787686200000,4718.5,4718.7998046875,4715.89990234375,4717.5,157
1787686500000,4717.39990234375,4718.10009765625,4716.5,4716.5,105
1787686800000,4716.5,4717.2001953125,4712.7998046875,4713.5,425
1787687100000,4713.10009765625,4716,4712.5,4712.89990234375,242
1787687400000,4713.10009765625,4714.39990234375,4711.2001953125,4711.7001953125,252
1787687700000,4712,4712.60009765625,4710.2998046875,4712.10009765625,213
1787688000000,4711.89990234375,4715.2001953125,4708.89990234375,4709.2998046875,491
1787688300000,4709.39990234375,4711.5,4708.7001953125,4710.89990234375,250
1787688600000,4710.7998046875,4711.7998046875,4707.39990234375,4708.39990234375,264
1787688900000,4708.2998046875,4712.2998046875,4707.60009765625,4708.39990234375,220
1787689200000,4708.39990234375,4708.60009765625,4702.10009765625,4702.89990234375,424
1787689500000,4702.7001953125,4704.7998046875,4700.10009765625,4703.7001953125,396
1787689800000,4704.2001953125,4707.2001953125,4701.2001953125,4702.2001953125,478
1787690100000,4702.10009765625,4702.5,4695.7001953125,4696.89990234375,770
1787690400000,4696.7001953125,4697.2001953125,4693.10009765625,4694.10009765625,448
1787690700000,4694,4695.5,4693,4693.2001953125,399
1787691000000,4693.39990234375,4695.60009765625,4691.10009765625,4692.7001953125,481
1787691300000,4693.2001953125,4695.7001953125,4692.5,4694.2001953125,297
1787691600000,4694.60009765625,4703.10009765625,4686.2001953125,4702.7001953125,1377
1787691900000,4702.2998046875,4704.7001953125,4697.60009765625,4701.7001953125,789
1787692200000,4701.39990234375,4703.2001953125,4697.7001953125,4700.7998046875,534
1787692500000,4701.5,4707.10009765625,4700.89990234375,4702.5,894
1787692800000,4702.10009765625,4705.89990234375,4700.89990234375,4700.89990234375,431
1787693100000,4700.89990234375,4704.2001953125,4700,4700.2998046875,229
1787693400000,4700.2998046875,4702.10009765625,4695.60009765625,4696,626
1787693700000,4696.2001953125,4703.5,4696,4701.89990234375,639
1787694000000,4702.39990234375,4703.89990234375,4696.2998046875,4701.10009765625,353
1787694300000,4702.10009765625,4707.89990234375,4700.10009765625,4707.60009765625,373
1787694600000,4707.7001953125,4710.7001953125,4707.2001953125,4708.39990234375,433
1787694900000,4708.60009765625,4717.7001953125,4708.5,4713.7998046875,810
1787695200000,4713.60009765625,4717.5,4711.60009765625,4716.7001953125,398
1787695500000,4716,4718.39990234375,4715.2001953125,4717.39990234375,374
1787695800000,4717.60009765625,4718.5,4714.7001953125,4717,256
1787696100000,4717,4718.2001953125,4715.89990234375,4718.10009765625,256
1787696400000,4718.10009765625,4718.7001953125,4715.7001953125,4716,187
1787696700000,4715.89990234375,4716.89990234375,4712.60009765625,4715.5,344
1787697000000,4715.39990234375,4720.60009765625,4714.5,4720.10009765625,610
1787697300000,4720.5,4722.89990234375,4716.39990234375,4720.39990234375,696
1787697600000,4720.2998046875,4728,4719.10009765625,4724.2998046875,642
1787697900000,4724.2001953125,4726,4722.2998046875,4722.60009765625,248
1787698200000,4722.7001953125,4723.7001953125,4717.60009765625,4718.2998046875,310
1787698500000,4718,4718.2001953125,4714.89990234375,4715.2001953125,208
1787698800000,4715.39990234375,4715.89990234375,4710.60009765625,4714,507
1787699100000,4714,4714.2001953125,4706.60009765625,4707.2001953125,489
1787699400000,4707.10009765625,4707.10009765625,4704.2001953125,4705.2998046875,432
1787699700000,4705.10009765625,4705.7001953125,4702.39990234375,4704.39990234375,308
1787700000000,4704.5,4708.10009765625,4704.39990234375,4706,462
1787700300000,4706.2001953125,4707.7001953125,4704.89990234375,4707.2998046875,336
1787700600000,4707.2001953125,4708.2998046875,4706.5,4706.7998046875,243
1787700900000,4707.10009765625,4708.39990234375,4703.7001953125,4705.5,260
1787701200000,4705.10009765625,4706,4702.2998046875,4702.5,227
1787701500000,4702.2998046875,4702.2998046875,4699.60009765625,4702,399
1787701800000,4702,4702.39990234375,4700.2001953125,4701.39990234375,119
1787702100000,4701.2001953125,4701.39990234375,4700.2998046875,4701.10009765625,71
1787702400000,4699.7998046875,4701.2001953125,4699.2001953125,4699.89990234375,205
1787702700000,4699.60009765625,4701,4698.89990234375,4700.60009765625,79
1787703000000,4700.7001953125,4701,4699.60009765625,4699.60009765625,98
1787703300000,4699.7001953125,4700.5,4698.39990234375,4698.89990234375,149
1787703600000,4698.89990234375,4700,4698.2998046875,4699.60009765625,148
1787703900000,4699.2001953125,4699.7998046875,4698.2001953125,4699.2001953125,110
1787704200000,4699.39990234375,4700.39990234375,4698,4698.5,130
1787704500000,4698.7001953125,4699.10009765625,4697.2001953125,4697.2998046875,254
1787704800000,4697.2001953125,4699.10009765625,4696.39990234375,4697.60009765625,164
1787705100000,4697.89990234375,4698.2001953125,4695.7001953125,4696.7001953125,321
1787705400000,4697.2998046875,4698.7998046875,4696.7001953125,4698,139
1787705700000,4698.10009765625,4698.7001953125,4696.5,4697.60009765625,101
1787706000000,4697.5,4700.7998046875,4697.2998046875,4699,295
1787706300000,4699.10009765625,4702.7998046875,4698.60009765625,4702.7001953125,358
1787706600000,4702.39990234375,4702.60009765625,4698.2998046875,4700.2001953125,206
1787706900000,4700.2001953125,4701.7001953125,4698.39990234375,4700.10009765625,180
1787707200000,4700.2001953125,4701.39990234375,4698.5,4700.60009765625,132
1787707500000,4700.89990234375,4702.2001953125,4699.39990234375,4700.2001953125,145
1787707800000,4700.39990234375,4706.2998046875,4697.7998046875,4702.7998046875,658
1787708100000,4702.2001953125,4702.5,4695.2001953125,4698.2998046875,416
1787708400000,4698.7001953125,4701.39990234375,4694.7001953125,4695,316
1787708700000,4694.60009765625,4697.2998046875,4692.2001953125,4694.2998046875,406
1787709000000,4694.2001953125,4696.89990234375,4693.60009765625,4695.5,141
1787709300000,4695.60009765625,4696.2998046875,4693.7998046875,4696.2998046875,202
1787709600000,4696.2001953125,4698,4692.60009765625,4697.5,402
1787709900000,4697.2001953125,4697.2001953125,4694.2001953125,4695.7001953125,203
1787710200000,4695.2001953125,4695.7998046875,4692.60009765625,4694.2001953125,170
1787710500000,4694.2001953125,4694.2001953125,4687.7998046875,4690.7998046875,494
1787710800000,4690.60009765625,4691.2001953125,4682.5,4684,716
1787711100000,4683.7998046875,4685.7001953125,4681.10009765625,4683.39990234375,467
1787711400000,4683.39990234375,4687.7998046875,4682.60009765625,4687.5,344
1787711700000,4687.7001953125,4688,4683.7998046875,4687.2998046875,415
1787712000000,4686.89990234375,4691.2001953125,4686.60009765625,4690.2001953125,408
1787712300000,4690.10009765625,4693.2998046875,4690.10009765625,4691.5,382
1787712600000,4691.39990234375,4692,4689,4689.7998046875,360
1787712900000,4689.89990234375,4690.89990234375,4687.10009765625,4690.60009765625,283
1787713200000,4690.60009765625,4695.7001953125,4690.60009765625,4695.2998046875,501
1787713500000,4695.5,4695.7001953125,4689.2998046875,4691.60009765625,442
1787713800000,4691.7998046875,4693.5,4689.60009765625,4693,207
1787714100000,4692.7001953125,4694.2998046875,4690.10009765625,4690.2001953125,203
1787714400000,4689.89990234375,4691.7001953125,4688.39990234375,4690.5,277
1787714700000,4690.60009765625,4692.39990234375,4686.89990234375,4687.5,328
1787715000000,4687.60009765625,4693,4687.39990234375,4689.7998046875,422
1787715300000,4689.5,4690.7001953125,4686.39990234375,4686.7001953125,285
1787715600000,4686.7998046875,4688.2998046875,4685.10009765625,4688.2998046875,203
1787715900000,4688.39990234375,4691.2001953125,4686.89990234375,4688.2001953125,250
1787716200000,4688,4688,4683.7001953125,4684.5,353
1787716500000,4684.89990234375,4686,4682.60009765625,4685.10009765625,580
1787716800000,4684.89990234375,4686.7001953125,4682.7001953125,4684.39990234375,322
1787717100000,4684.7001953125,4685.2998046875,4681.5,4683.7001953125,328
1787717400000,4683.7001953125,4684.2998046875,4681.39990234375,4681.5,343
1787717700000,4681.2998046875,4684.5,4678.7001953125,4680.39990234375,685
1787718000000,4680.7998046875,4682.2001953125,4677.2998046875,4682,359
1787718300000,4682,4685.10009765625,4681.39990234375,4684.89990234375,290
1787718600000,4685.2001953125,4686.39990234375,4680.60009765625,4683.5,337
1787718900000,4683.89990234375,4686.39990234375,4683.7001953125,4684.7001953125,203
1787719200000,4684.60009765625,4685,4683.7001953125,4685,148
1787719500000,4684.7998046875,4685.39990234375,4682.5,4684.2998046875,283
1787719800000,4684.2001953125,4684.39990234375,4682.7998046875,4683.2001953125,159
1787720100000,4683.10009765625,4684.10009765625,4681.2998046875,4683.7001953125,198
1787720400000,4684,4687,4681.5,4681.5,852
1787720700000,4681.5,4683,4679.7001953125,4679.7998046875,412
1787721000000,4679.39990234375,4683.2998046875,4679.2001953125,4680.39990234375,497
1787721300000,4680.2998046875,4680.7001953125,4676.60009765625,4676.60009765625,559
1787721600000,4676.89990234375,4677.2998046875,4674,4674.2998046875,727
1787721900000,4674.2001953125,4675.5,4671.2998046875,4672.39990234375,910
1787722200000,4672.10009765625,4678,4672,4676.10009765625,527
1787722500000,4676.7001953125,4676.89990234375,4675.5,4675.89990234375,188
1787722800000,4675.89990234375,4678.10009765625,4675.2998046875,4678,230
1787723100000,4677.7001953125,4681.60009765625,4677.7001953125,4680.39990234375,370
1787723400000,4679.7998046875,4681.39990234375,4679,4680.2001953125,255
1787723700000,4680.7001953125,4681.10009765625,4679.5,4679.5,141
1787724000000,4679.60009765625,4680,4676.2998046875,4679.60009765625,250
1787724300000,4679.10009765625,4679.10009765625,4676.5,4677.7001953125,118
1787724600000,4677.89990234375,4677.89990234375,4673.89990234375,4675.10009765625,250
1787724900000,4674.89990234375,4676.7998046875,4673.2998046875,4673.39990234375,217
1787725200000,4673,4676,4672.2001953125,4674.60009765625,340
1787725500000,4674.2998046875,4674.2998046875,4668.7998046875,4670.7998046875,999
1787725800000,4671.2001953125,4675.39990234375,4670.7001953125,4675.39990234375,334
1787726100000,4675.39990234375,4680.10009765625,4674.39990234375,4679.89990234375,393
1787726400000,4679.7001953125,4680.10009765625,4676.89990234375,4678.2998046875,204
1787726700000,4678.39990234375,4679.89990234375,4678.2001953125,4679.5,167
1787727000000,4679.7001953125,4679.7998046875,4677.39990234375,4678.5,267
1787727300000,4678.2001953125,4678.2998046875,4674.60009765625,4675.89990234375,183
1787727600000,4676.2998046875,4677.89990234375,4675.2998046875,4676.5,222
1787727900000,4676.2001953125,4676.2998046875,4672.60009765625,4673.5,197
1787728200000,4673.39990234375,4674.89990234375,4672.60009765625,4674.10009765625,620
1787728500000,4674.39990234375,4678.7998046875,4674,4678,764
1787728800000,4677.7998046875,4678.5,4672.10009765625,4672.5,246
1787729100000,4672.2998046875,4677.39990234375,4672.2998046875,4676,302
1787729400000,4676.39990234375,4678.89990234375,4674.2001953125,4674.7998046875,416
1787729700000,4674.60009765625,4675.5,4673,4674,216
1787730000000,4673.7998046875,4675.2001953125,4673,4674.5,184
1787730300000,4674.5,4674.7998046875,4672.39990234375,4674,248
1787730600000,4674.10009765625,4675.5,4673,4675,195
1787730900000,4675.2998046875,4681,4674.7998046875,4680.2998046875,445
1787731200000,4680.60009765625,4685,4679.39990234375,4683.2998046875,812
1787731500000,4683.2998046875,4685.60009765625,4682.7998046875,4683,806
1787731800000,4683.2001953125,4683.7001953125,4681,4681.2001953125,331
1787732100000,4681.2998046875,4685.89990234375,4680,4684.5,671
1787732400000,4685,4685.5,4680.7001953125,4681.60009765625,701
1787732700000,4682.10009765625,4686.60009765625,4681.39990234375,4686.60009765625,636
1787733000000,4686.60009765625,4690,4666.89990234375,4678.7998046875,3710
1787733300000,4678.5,4681.2998046875,4673.2001953125,4677.10009765625,1042
1787733600000,4677,4680.5,4669.7001953125,4677.7001953125,1247
1787733900000,4677.60009765625,4680.39990234375,4673.60009765625,4679.2001953125,671
1787734200000,4679.10009765625,4681.7001953125,4666,4671.60009765625,1673
1787734500000,4671.2998046875,4674,4668.10009765625,4669.5,847
1787734800000,4670,4676.89990234375,4663.89990234375,4667.5,2451
1787735100000,4667.5,4672.7998046875,4663.60009765625,4664.2001953125,1477
1787735400000,4664.10009765625,4668.2001953125,4662.60009765625,4666.2998046875,1744
1787735700000,4666.2001953125,4669.2998046875,4653.2998046875,4667,3668
1787736000000,4666.60009765625,4669.7998046875,4659.60009765625,4664.60009765625,1376
1787736300000,4664.5,4667.7998046875,4660.5,4666.5,709
1787736600000,4666.7001953125,4674,4665.5,4671.10009765625,1623
1787736900000,4671.2998046875,4672.2001953125,4667.5,4668.7998046875,862
1787737200000,4668.7998046875,4678.2998046875,4667,4675,1826
1787737500000,4675,4680.7998046875,4673.39990234375,4680.7998046875,936
1787737800000,4680.7001953125,4683.89990234375,4677.60009765625,4679,1440
1787738100000,4679.2998046875,4687,4679,4686.60009765625,2057
1787738400000,4686.7001953125,4688.60009765625,4677.5,4679.7998046875,1840
1787738700000,4680,4681.89990234375,4676.2998046875,4678.5,727
1787739000000,4678.5,4682.7998046875,4675,4676.10009765625,850
1787739300000,4676.2001953125,4680.2998046875,4675.2001953125,4678.7998046875,696
1787739600000,4679.10009765625,4682.7998046875,4675.10009765625,4676.60009765625,700
1787739900000,4677,4677.10009765625,4672,4672.5,916
1787740200000,4672.39990234375,4675.39990234375,4670.39990234375,4674.2001953125,592
1787740500000,4674.2998046875,4674.5,4668.60009765625,4672.7001953125,981
1787740800000,4673,4678.89990234375,4672.89990234375,4677.89990234375,710
1787741100000,4677.89990234375,4678.7998046875,4667.5,4668.60009765625,1388
1787741400000,4668.39990234375,4670.10009765625,4661.7001953125,4663.2001953125,1193
1787741700000,4663.5,4668.10009765625,4658,4658.2001953125,1866
1787742000000,4658.5,4660.7998046875,4648.2001953125,4653.2998046875,3928
1787742300000,4653.2998046875,4653.89990234375,4642.60009765625,4653,2638
1787742600000,4652.89990234375,4655.10009765625,4643.10009765625,4644,1505
1787742900000,4644,4649.39990234375,4638.2001953125,4646.2001953125,2594
1787743200000,4646.2001953125,4649.7998046875,4644.5,4647.10009765625,1171
1787743500000,4647.10009765625,4653.7001953125,4646,4650.39990234375,1578
1787743800000,4650,4653.60009765625,4649.89990234375,4653.2998046875,721
1787744100000,4653.89990234375,4656.7001953125,4652.7001953125,4656.7001953125,650
1787744400000,4656.7998046875,4660.2998046875,4655.5,4660.2001953125,852
1787744700000,4660.39990234375,4664.60009765625,4659.7998046875,4663.60009765625,1191
1787745000000,4663.7001953125,4663.7998046875,4653.7998046875,4656,1281
1787745300000,4655.7998046875,4659.60009765625,4651.39990234375,4651.39990234375,911
1787745600000,4651.60009765625,4654.7001953125,4645.89990234375,4652.7998046875,2092
1787745900000,4652.5,4656.7998046875,4652.39990234375,4654.60009765625,661
1787746200000,4654.5,4655.2998046875,4652,4655.2001953125,517
1787746500000,4655.39990234375,4655.7998046875,4651.7001953125,4654.2001953125,1815
1787746800000,4654.2001953125,4654.60009765625,4649.10009765625,4651,931
1787747100000,4651.2001953125,4652.2998046875,4648.7998046875,4649.89990234375,1118
1787747400000,4650.2001953125,4651.5,4648.10009765625,4649.39990234375,564
1787747700000,4649.39990234375,4650.7001953125,4642,4642.39990234375,801
1787748000000,4642.39990234375,4646.60009765625,4640.7998046875,4643.7001953125,1355
1787748300000,4643.2998046875,4650,4643.2998046875,4650,689
1787748600000,4649.89990234375,4652.5,4644.39990234375,4644.89990234375,737
1787748900000,4644.60009765625,4647.39990234375,4643.7998046875,4647.10009765625,456
1787749200000,4647.10009765625,4649.10009765625,4646.7001953125,4648.5,425
1787749500000,4648.7001953125,4651.60009765625,4645.89990234375,4649.39990234375,367
1787749800000,4649.60009765625,4650.7998046875,4648.60009765625,4650.2001953125,316
1787750100000,4650.2998046875,4651.39990234375,4648.7998046875,4651.2001953125,325
1787750400000,4651.5,4654.2998046875,4650.7001953125,4652.10009765625,932
1787750700000,4651.89990234375,4653.89990234375,4649.7998046875,4653.39990234375,1236
1787751000000,4653.2001953125,4657.60009765625,4652.2998046875,4656.2998046875,983
1787751300000,4656.5,4656.7001953125,4651.39990234375,4652,359
1787751600000,4652,4654.7001953125,4651,4652.60009765625,376
1787751900000,4652.5,4654.2001953125,4651.7001953125,4653.7001953125,227
1787752200000,4653.7998046875,4654.60009765625,4652.5,4652.7001953125,166
1787752500000,4652.7998046875,4653.2001953125,4649.39990234375,4653.2001953125,426
1787752800000,4653.10009765625,4659,4652.2998046875,4658.60009765625,430
1787753100000,4658.2998046875,4660.2998046875,4656.2001953125,4658.10009765625,776
1787753400000,4658,4659.2998046875,4655.39990234375,4655.89990234375,360
1787753700000,4656,4656.2001953125,4650.2998046875,4651,457
1787754000000,4651.2001953125,4651.2998046875,4648,4649.2001953125,479
1787754300000,4649.60009765625,4650.60009765625,4648.2998046875,4650.2001953125,447
1787754600000,4649.89990234375,4650.7998046875,4648.60009765625,4648.7001953125,315
1787754900000,4648.7998046875,4651.39990234375,4647.5,4649.60009765625,398
1787755200000,4649.5,4652.60009765625,4649,4652,339
1787755500000,4651.60009765625,4653,4651,4651.89990234375,157
1787755800000,4651.7998046875,4653,4651,4651.10009765625,172
1787756100000,4651,4651.2001953125,4648.2998046875,4648.5,462
1787756400000,4648.7998046875,4649.89990234375,4646,4647.2001953125,274
1787756700000,4647.39990234375,4648.2001953125,4645.7001953125,4647.60009765625,210
1787757000000,4647.60009765625,4650.39990234375,4647.60009765625,4649.10009765625,201
1787757300000,4649.10009765625,4650.39990234375,4646.2001953125,4646.5,229
1787757600000,4646.39990234375,4648.89990234375,4645.7998046875,4648.7998046875,179
1787757900000,4649.10009765625,4653.7001953125,4649.10009765625,4653.10009765625,523
1787758200000,4653.2001953125,4656.2998046875,4651.5,4652.2998046875,415
1787758500000,4652.2001953125,4653.10009765625,4651,4651.7998046875,186
1787758800000,4651.2001953125,4651.7998046875,4649,4650.2001953125,201
1787759100000,4650.5,4651.10009765625,4649.5,4650,203
1787759400000,4649.60009765625,4650,4647,4648.39990234375,280
1787759700000,4648.10009765625,4649.39990234375,4647,4648.89990234375,607
1787760000000,4649,4649.5,4647.2998046875,4648.60009765625,217
1787760300000,4648.89990234375,4651.39990234375,4648.89990234375,4649.5,139
1787760600000,4649.2998046875,4649.7998046875,4646,4646,143
1787760900000,4646.39990234375,4646.39990234375,4643.60009765625,4643.89990234375,162
1787761200000,4643.7998046875,4644.2001953125,4638.60009765625,4644.2001953125,492
1787761500000,4644.39990234375,4646.7001953125,4643.89990234375,4645.89990234375,85
1787761800000,4645.7998046875,4646.89990234375,4645,4646.60009765625,65
1787762100000,4646.7001953125,4648.39990234375,4646.60009765625,4648.2998046875,103
1787762400000,4648,4648,4646.2001953125,4646.39990234375,77
1787762700000,4646.60009765625,4648.39990234375,4646.5,4648.2998046875,62
1787763000000,4648.2001953125,4648.7998046875,4647.2001953125,4647.60009765625,80
1787763300000,4648.10009765625,4649.7001953125,4647.7998046875,4647.7998046875,113
1787767200000,4650,4659.39990234375,4648.10009765625,4656.7001953125,0
1787767500000,4656.60009765625,4659.2001953125,4656.5,4658.39990234375,123
1787767800000,4658.5,4660,4656,4656.60009765625,131
1787768100000,4657,4666.7001953125,4656.2001953125,4665,443
1787768400000,4664.7998046875,4667.7001953125,4660.5,4660.7998046875,264
1787768700000,4660.5,4665.60009765625,4659.7001953125,4665.10009765625,219
1787769000000,4665.2001953125,4666,4663.89990234375,4664.39990234375,109
1787769300000,4663.89990234375,4665.60009765625,4663.10009765625,4664.7001953125,136
1787769600000,4664.60009765625,4666,4663.10009765625,4665,131
1787769900000,4665.2998046875,4666.2001953125,4662.2998046875,4663.60009765625,197
1787770200000,4663.2001953125,4663.60009765625,4661.2998046875,4661.7001953125,204
1787770500000,4661.39990234375,4664,4660.7001953125,4663.2998046875,262
1787770800000,4663.2001953125,4665.7001953125,4660.89990234375,4662.2001953125,420
1787771100000,4662.2998046875,4666.2001953125,4662.2998046875,4665.2998046875,179
1787771400000,4665.39990234375,4669.5,4665,4669.5,264
1787771700000,4669.10009765625,4674.5,4668.2001953125,4674.39990234375,432
1787772000000,4674.5,4676,4674.2001953125,4674.60009765625,422
1787772300000,4674.7998046875,4676.10009765625,4673.2001953125,4673.7001953125,281
1787772600000,4674.10009765625,4674.89990234375,4672,4674.89990234375,130
1787772900000,4675,4678.7001953125,4672.7998046875,4678.5,288
1787773200000,4678.2998046875,4678.2998046875,4676,4676.7998046875,173
1787773500000,4676.2998046875,4678.89990234375,4674.7998046875,4677.39990234375,393
1787773800000,4677.2998046875,4678.39990234375,4674.89990234375,4675.10009765625,242
1787774100000,4675,4678.39990234375,4674.7001953125,4677.5,408
1787774400000,4677.89990234375,4681,4676.5,4678.5,471
1787774700000,4678.2998046875,4678.2998046875,4672.2001953125,4673.2001953125,297
1787775000000,4672.89990234375,4673.5,4670.2998046875,4672,251
1787775300000,4671.7001953125,4673.5,4667.39990234375,4673.2001953125,518
1787775600000,4673.10009765625,4675.2001953125,4672.39990234375,4673.2998046875,159
1787775900000,4674.10009765625,4675.2998046875,4671.2998046875,4673.10009765625,176
1787776200000,4673,4673,4666.89990234375,4667.60009765625,246
1787776500000,4667.2001953125,4669.2001953125,4664,4666.2001953125,569
1787776800000,4666.7001953125,4667.39990234375,4659.39990234375,4660.39990234375,957
1787777100000,4660.5,4665.2998046875,4660.39990234375,4663.7998046875,477
1787777400000,4663.60009765625,4663.60009765625,4654.5,4657,479
1787777700000,4656.5,4659.2001953125,4656,4659.2001953125,226
1787778000000,4658.89990234375,4669,4656.2001953125,4668.39990234375,1014
1787778300000,4668.7001953125,4673.89990234375,4666.10009765625,4670.7001953125,409
1787778600000,4671,4679.10009765625,4670.7001953125,4678.89990234375,488
1787778900000,4679.10009765625,4679.10009765625,4671.2001953125,4676.2998046875,581
1787779200000,4676.5,4679.5,4673,4679.5,503
1787779500000,4679.39990234375,4679.39990234375,4672.7998046875,4672.7998046875,265
1787779800000,4672.7001953125,4677,4672.39990234375,4676,320
1787780100000,4676.39990234375,4685,4674.2998046875,4682.7001953125,722
1787780400000,4683,4686,4676.5,4678.39990234375,1034
1787780700000,4678.39990234375,4686,4678.2998046875,4684.2998046875,513
1787781000000,4684.5,4689.89990234375,4683.39990234375,4689,745
1787781300000,4689.5,4695.39990234375,4689.10009765625,4694.60009765625,885
1787781600000,4694.60009765625,4697.7001953125,4692.60009765625,4693.2001953125,844
1787781900000,4693.5,4697.10009765625,4692.7001953125,4696.7001953125,348
1787782200000,4696.7998046875,4696.7998046875,4693.5,4695.39990234375,257
1787782500000,4695,4695.2001953125,4691.89990234375,4693.60009765625,432
1787782800000,4693.2001953125,4695,4691.5,4691.5,384
1787783100000,4691.7998046875,4692.2001953125,4687.39990234375,4687.89990234375,418
1787783400000,4687.7998046875,4688.39990234375,4683.10009765625,4683.89990234375,749
1787783700000,4684.2001953125,4685.2001953125,4679.2001953125,4682.7001953125,658
1787784000000,4682.7998046875,4683.2998046875,4678.10009765625,4681.60009765625,484
1787784300000,4681.7998046875,4685,4678.89990234375,4683.7998046875,355
1787784600000,4683.7001953125,4685.89990234375,4682.2998046875,4683.7998046875,309
1787784900000,4683.7001953125,4685.2998046875,4682.7998046875,4683.7001953125,176
1787785200000,4683.7998046875,4689.10009765625,4682.89990234375,4689,351
1787785500000,4689,4689.7001953125,4684.2998046875,4684.39990234375,226
1787785800000,4684.89990234375,4689.2001953125,4684,4689,160
1787786100000,4688.7001953125,4689.7998046875,4687.39990234375,4687.89990234375,150
1787786400000,4688.10009765625,4693.10009765625,4688,4693.10009765625,217
1787786700000,4692.10009765625,4692.10009765625,4689.2001953125,4690,153
1787787000000,4690,4690.2998046875,4688.2001953125,4688.39990234375,167
1787787300000,4688.7001953125,4688.7998046875,4686.5,4686.89990234375,146
1787787600000,4686.7998046875,4687,4683.39990234375,4684,273
1787787900000,4683.7001953125,4684.39990234375,4681.2001953125,4682,195
1787788200000,4682.10009765625,4682.2998046875,4680.10009765625,4681.39990234375,154
1787788500000,4681.39990234375,4681.5,4678.7998046875,4679,110
1787788800000,4679.7001953125,4681.7998046875,4679,4681,188
1787789100000,4680.89990234375,4681.2998046875,4679,4679.7998046875,108
1787789400000,4679.89990234375,4680.7001953125,4678.7998046875,4679.7998046875,116
1787789700000,4679.60009765625,4681.60009765625,4678.2998046875,4678.5,156
1787790000000,4678.7001953125,4679.2001953125,4677.10009765625,4677.60009765625,190
1787790300000,4677.39990234375,4678.39990234375,4675,4675,253
1787790600000,4674.89990234375,4675.2998046875,4672.7998046875,4673,257
1787790900000,4672.7998046875,4674.60009765625,4671.7001953125,4672.5,198
1787791200000,4672.10009765625,4674.39990234375,4671.39990234375,4673.39990234375,176
1787791500000,4673.2998046875,4674.89990234375,4671.89990234375,4674.5,250
1787791800000,4674.39990234375,4675,4673.39990234375,4674.5,217
1787792100000,4674.39990234375,4674.39990234375,4672,4673,225
1787792400000,4673.2998046875,4674.2998046875,4670.60009765625,4674.2998046875,277
1787792700000,4674.2001953125,4675.7001953125,4673.2001953125,4674.39990234375,205
1787793000000,4674.10009765625,4675.7001953125,4673.5,4673.89990234375,129
1787793300000,4674,4675.7998046875,4672.39990234375,4673.7001953125,247
1787793600000,4674.39990234375,4675.39990234375,4672.39990234375,4674.7001953125,189
1787793900000,4674.89990234375,4675.60009765625,4670.7998046875,4671.2001953125,236
1787794200000,4671.10009765625,4673.89990234375,4663.2998046875,4665.2998046875,1259
1787794500000,4665.10009765625,4666.89990234375,4662.2998046875,4665.39990234375,406
1787794800000,4664.89990234375,4664.89990234375,4658.7001953125,4659.7001953125,814
1787795100000,4659.5,4663.89990234375,4658.7001953125,4660.39990234375,646
1787795400000,4660.39990234375,4662.89990234375,4655,4657,921
1787795700000,4657.10009765625,4661.7001953125,4655.60009765625,4661.2001953125,688
1787796000000,4661,4661.5,4653.2998046875,4657.39990234375,1534
1787796300000,4657.7998046875,4659.5,4655,4658.7001953125,614
1787796600000,4658.7998046875,4660.7001953125,4653.89990234375,4660,654
1787796900000,4659.39990234375,4661.2998046875,4657.60009765625,4660.2998046875,419
1787797200000,4660.2001953125,4663.89990234375,4660,4663.39990234375,506
1787797500000,4663.2001953125,4664.2001953125,4660.89990234375,4664.2001953125,341
1787797800000,4664.39990234375,4665.7001953125,4659.2998046875,4661.39990234375,470
1787798100000,4661.2998046875,4662.2001953125,4658.60009765625,4661.39990234375,349
1787798400000,4661.39990234375,4663,4660.7998046875,4661.5,190
1787798700000,4661.60009765625,4663.5,4657.60009765625,4658.39990234375,390
1787799000000,4658.7001953125,4659.89990234375,4655.2001953125,4655.89990234375,600
1787799300000,4655.89990234375,4656.39990234375,4651.7001953125,4654.2998046875,819
1787799600000,4654.2998046875,4657.7001953125,4652.60009765625,4657.39990234375,473
1787799900000,4657.60009765625,4659.7001953125,4656.10009765625,4656.60009765625,542
1787800200000,4656.7001953125,4657.7001953125,4655,4657.7001953125,310
1787800500000,4657.5,4657.5,4649.60009765625,4651.2001953125,525
1787800800000,4651.2001953125,4652.7001953125,4649.7001953125,4650.60009765625,330
1787801100000,4650.39990234375,4653.39990234375,4647.2001953125,4653.2998046875,1079
1787801400000,4653.39990234375,4655.10009765625,4648.7001953125,4650.2001953125,427
1787801700000,4650.2998046875,4652.2998046875,4648.7001953125,4650.2998046875,305
1787802000000,4650.2001953125,4652.10009765625,4649.5,4651.5,164
1787802300000,4651.7998046875,4653,4649.7001953125,4651.2998046875,223
1787802600000,4651.2998046875,4653.39990234375,4649.39990234375,4651.60009765625,187
1787802900000,4651.7001953125,4656.2998046875,4651.7001953125,4653.39990234375,380
1787803200000,4654,4659.89990234375,4653.2001953125,4659,506
1787803500000,4659.10009765625,4660.5,4656.10009765625,4657,394
1787803800000,4656.7001953125,4658.2998046875,4656.39990234375,4656.7998046875,156
1787804100000,4657.2001953125,4659.7998046875,4656.2998046875,4657.5,293
1787804400000,4657.2998046875,4657.2998046875,4653.60009765625,4657,289
1787804700000,4657.10009765625,4657.60009765625,4654.2998046875,4654.7001953125,232
1787805000000,4654.5,4655.2998046875,4652.2001953125,4652.2998046875,287
1787805300000,4652.2998046875,4653.2001953125,4650.5,4651.7998046875,247
1787805600000,4651.7998046875,4652.39990234375,4647.89990234375,4649.2001953125,451
1787805900000,4649.2001953125,4652,4648.89990234375,4651.60009765625,185
1787806200000,4651.39990234375,4653.2001953125,4651,4652.7001953125,147
1787806500000,4652.7998046875,4655.5,4651.89990234375,4652.2998046875,368
1787806800000,4652.2998046875,4653.7998046875,4646.60009765625,4647.5,432
1787807100000,4647.7001953125,4650.39990234375,4647.10009765625,4649.5,237
1787807400000,4649.7001953125,4651.89990234375,4648.5,4648.7001953125,225
1787807700000,4649,4650.10009765625,4647.89990234375,4648.39990234375,168
1787808000000,4648.2998046875,4650.2001953125,4648,4650,326
1787808300000,4650,4652.5,4646.7998046875,4650.7001953125,1218
1787808600000,4650.89990234375,4652.10009765625,4645.89990234375,4647,1306
1787808900000,4647.10009765625,4647.2998046875,4631,4637.7001953125,2462
1787809200000,4637.7998046875,4637.7998046875,4634.39990234375,4635.60009765625,802
1787809500000,4635.39990234375,4637.39990234375,4633.60009765625,4635.5,532
1787809800000,4635.7998046875,4639,4634.39990234375,4635.2001953125,426
1787810100000,4635.39990234375,4635.5,4631.7001953125,4633.2001953125,812
1787810400000,4632.89990234375,4633.7998046875,4618.89990234375,4625.10009765625,2152
1787810700000,4625,4629.39990234375,4622.39990234375,4629.39990234375,912
1787811000000,4629.39990234375,4634.7001953125,4629.2998046875,4634.39990234375,910
1787811300000,4634,4636.2001953125,4629.89990234375,4633.5,632
1787811600000,4633.5,4635.2998046875,4632.7998046875,4635,295
1787811900000,4634.7001953125,4635.2001953125,4632.7998046875,4633.2001953125,368
1787812200000,4632.89990234375,4633.5,4631.10009765625,4631.7998046875,332
1787812500000,4631.7998046875,4632.2001953125,4629.2001953125,4629.60009765625,355
1787812800000,4629.60009765625,4639.10009765625,4628.89990234375,4638.60009765625,443
1787813100000,4638.60009765625,4640.7998046875,4638.39990234375,4639.7998046875,530
1787813400000,4639.60009765625,4642.2001953125,4638.89990234375,4642,359
1787813700000,4641.89990234375,4643.60009765625,4641.2001953125,4643,328
1787814000000,4643.10009765625,4644.2998046875,4640.2001953125,4641.89990234375,240
1787814300000,4642,4644.39990234375,4641.7998046875,4644,182
1787814600000,4643.5,4645.7001953125,4642.60009765625,4645.5,236
1787814900000,4645.39990234375,4645.7998046875,4644.2001953125,4645.39990234375,305
1787815200000,4645.7001953125,4649.7001953125,4645.39990234375,4649.5,767
1787815500000,4649.7998046875,4650.2001953125,4646,4647.39990234375,550
1787815800000,4647.89990234375,4652.2998046875,4647.10009765625,4648.89990234375,1154
1787816100000,4649.2001953125,4650.2998046875,4647.2998046875,4650.2998046875,433
1787816400000,4650.2001953125,4653,4650,4651,463
1787816700000,4651,4651,4648.10009765625,4648.60009765625,1913
1787817000000,4648.7001953125,4653.10009765625,4647.89990234375,4653.10009765625,312
1787817300000,4653.2001953125,4653.7001953125,4650.5,4652.2998046875,314
1787817600000,4652,4654.7001953125,4651.39990234375,4652.10009765625,959
1787817900000,4651.89990234375,4652.2998046875,4647.2001953125,4648.60009765625,459
1787818200000,4648.5,4649,4646,4646.10009765625,362
1787818500000,4646,4649.60009765625,4645,4648.10009765625,739
1787818800000,4648.2001953125,4654.10009765625,4648.2001953125,4649.89990234375,1064
1787819100000,4650,4650.2001953125,4646.10009765625,4650,405
1787819400000,4650.60009765625,4651,4646.39990234375,4647,603
1787819700000,4647.39990234375,4649.5,4641.5,4643.2001953125,1258
1787820000000,4642.89990234375,4643.89990234375,4640.7001953125,4641,479
1787820300000,4641,4641.5,4636.5,4637,643
1787820600000,4636.7998046875,4638.2998046875,4633.7001953125,4638.2001953125,586
1787820900000,4638.10009765625,4641.60009765625,4636.7001953125,4639.2998046875,548
1787821200000,4639.2001953125,4643.60009765625,4633,4641.7998046875,964
1787821500000,4641.5,4644,4639.10009765625,4639.60009765625,619
1787821800000,4639.89990234375,4643.39990234375,4637.39990234375,4638.5,406
1787822100000,4638.2001953125,4642.10009765625,4636,4638.89990234375,465
1787822400000,4639.5,4641.60009765625,4638.39990234375,4640.39990234375,405
1787822700000,4640.7998046875,4646.39990234375,4640,4643.10009765625,1482
1787823000000,4643,4646,4628.2001953125,4628.60009765625,2180
1787823300000,4628.39990234375,4634.2001953125,4626.7998046875,4628.5,1212
1787823600000,4627.7001953125,4636.39990234375,4624.5,4631.2998046875,1348
1787823900000,4630.7001953125,4632.5,4616,4629.39990234375,2299
1787824200000,4630,4635.89990234375,4623.60009765625,4625.10009765625,1786
1787824500000,4625.39990234375,4629.2001953125,4624.60009765625,4625.89990234375,957
1787824800000,4625.60009765625,4629.7001953125,4621.7001953125,4629.10009765625,2091
1787825100000,4629.2001953125,4632.7998046875,4625,4628.2998046875,1136
1787825400000,4628.10009765625,4631.39990234375,4625.7001953125,4627.60009765625,742
1787825700000,4627,4636,4627,4632.7998046875,780
1787826000000,4633,4637.89990234375,4628.60009765625,4631.60009765625,1414
1787826300000,4631.60009765625,4635,4627.2998046875,4634.60009765625,773
1787826600000,4634.39990234375,4639.39990234375,4634.39990234375,4639.10009765625,1086
1787826900000,4639.39990234375,4644.60009765625,4639.39990234375,4642.60009765625,1338
1787827200000,4642.89990234375,4651.5,4640.10009765625,4648.7998046875,2157
1787827500000,4648.89990234375,4652,4646.10009765625,4647,1131
1787827800000,4647.10009765625,4647.7998046875,4644.7998046875,4645.10009765625,606
1787828100000,4645.2001953125,4647,4641.89990234375,4645.10009765625,515
1787828400000,4645,4649.5,4645,4648,606
1787828700000,4647.7998046875,4649,4644.89990234375,4645.7998046875,399
1787829000000,4645.89990234375,4649,4645.7998046875,4646.5,290
1787829300000,4646.60009765625,4651.89990234375,4646.5,4651,482
1787829600000,4650.89990234375,4650.89990234375,4643.10009765625,4644.2001953125,567
1787829900000,4644.10009765625,4649.39990234375,4642.7001953125,4646.89990234375,337
1787830200000,4646.89990234375,4652.89990234375,4646.10009765625,4651.10009765625,512
1787830500000,4651.2998046875,4653.60009765625,4649.7998046875,4653.60009765625,1017
1787830800000,4653.7001953125,4660,4653.2998046875,4655.5,1433
1787831100000,4655.7001953125,4658.7998046875,4654.2998046875,4658.5,450
1787831400000,4658.60009765625,4664.2001953125,4657.5,4663.7998046875,863
1787831700000,4663.5,4665.5,4662.2001953125,4664.5,941
1787832000000,4664.7001953125,4666.89990234375,4663.10009765625,4665.7001953125,781
1787832300000,4665.5,4665.5,4660,4661.5,551
1787832600000,4661.2001953125,4661.7001953125,4658.7001953125,4658.89990234375,373
1787832900000,4658.89990234375,4659.7998046875,4656.5,4657.2001953125,416
1787833200000,4657.39990234375,4662.39990234375,4657.39990234375,4660.7001953125,480
1787833500000,4660.2998046875,4662.60009765625,4659.7998046875,4662,240
1787833800000,4661.7998046875,4663,4660,4662.7998046875,666
1787834100000,4662.7998046875,4667.10009765625,4661.7001953125,4666,704
1787834400000,4665.89990234375,4665.89990234375,4664.2998046875,4665.7001953125,398
1787834700000,4665.60009765625,4669.10009765625,4664.60009765625,4664.89990234375,644
1787835000000,4665.2001953125,4670.89990234375,4664.2998046875,4670.2998046875,923
1787835300000,4670.5,4670.5,4666.7001953125,4669.2998046875,395
1787835600000,4669.2001953125,4670.7001953125,4666.39990234375,4668.2001953125,529
1787835900000,4668.10009765625,4668.10009765625,4664.2001953125,4664.7001953125,439
1787836200000,4664.60009765625,4665.60009765625,4662.7001953125,4664.5,290
1787836500000,4664.39990234375,4664.60009765625,4662.5,4663.2001953125,231
1787836800000,4663.2998046875,4666,4663.2001953125,4665.89990234375,285
1787837100000,4665.89990234375,4666.2001953125,4662.7998046875,4664.2998046875,876
1787837400000,4664.5,4665.39990234375,4663.2998046875,4663.89990234375,315
1787837700000,4663.5,4665.39990234375,4662.39990234375,4665.39990234375,189
1787838000000,4665.5,4668.39990234375,4663.89990234375,4665.39990234375,450
1787838300000,4665.5,4665.89990234375,4660.60009765625,4664.2001953125,443
1787838600000,4663.7998046875,4664.60009765625,4660.7001953125,4662,242
1787838900000,4662.5,4663,4659.10009765625,4660.39990234375,544
1787839200000,4660.60009765625,4661.39990234375,4655.89990234375,4657,568
1787839500000,4656.7998046875,4662.10009765625,4656.7998046875,4658.5,341
1787839800000,4658.7001953125,4660.39990234375,4657.89990234375,4659.2001953125,234
1787840100000,4659.60009765625,4661.7001953125,4658.89990234375,4661.39990234375,168
1787840400000,4661.60009765625,4662,4656.89990234375,4657.2001953125,206
1787840700000,4657.2001953125,4657.5,4655.2001953125,4655.2998046875,375
1787841000000,4655.2998046875,4657.60009765625,4654.7001953125,4655.7998046875,271
1787841300000,4655.7998046875,4659,4655.7998046875,4658.2998046875,164
1787841600000,4658,4658.60009765625,4657.5,4658.2998046875,63
1787841900000,4658.39990234375,4660.7001953125,4658.2001953125,4659.7001953125,209
1787842200000,4659.5,4665.2001953125,4658.7998046875,4663.39990234375,615
1787842500000,4662.89990234375,4664.7998046875,4662.7001953125,4664.2998046875,147
1787842800000,4664.7001953125,4670.7998046875,4664.60009765625,4667.7998046875,353
1787843100000,4667.7001953125,4672.39990234375,4666.7998046875,4671.10009765625,605
1787843400000,4671.2001953125,4671.39990234375,4669.10009765625,4669.89990234375,300
1787843700000,4670.39990234375,4670.39990234375,4663.7998046875,4665.7001953125,347
1787844000000,4665.7001953125,4665.7001953125,4660.60009765625,4661.60009765625,467
1787844300000,4661.5,4662.39990234375,4658.2998046875,4660,316
1787844600000,4659.7998046875,4662,4658.60009765625,4661.10009765625,244
1787844900000,4661.2001953125,4662.10009765625,4660.39990234375,4661.7001953125,111
1787845200000,4661.7001953125,4664.2001953125,4661.5,4663.60009765625,180
1787845500000,4663.7001953125,4666.39990234375,4662.2998046875,4664.10009765625,246
1787845800000,4663.7998046875,4663.89990234375,4660.2998046875,4661.60009765625,254
1787846100000,4661.7998046875,4663.39990234375,4658.7998046875,4662.7001953125,504
1787846400000,4662.7998046875,4663.60009765625,4658.2998046875,4659,154
1787846700000,4658.7001953125,4658.7998046875,4657.5,4657.7998046875,142
1787847000000,4658,4659.89990234375,4657.5,4658.7001953125,144
1787847300000,4658.5,4658.89990234375,4658.2001953125,4658.7998046875,31
1787847600000,4658.7998046875,4659.2998046875,4658.2001953125,4658.7001953125,46
1787847900000,4658.39990234375,4658.39990234375,4656.60009765625,4657.2998046875,68
1787848200000,4657.5,4657.7001953125,4656.89990234375,4657.2998046875,49
1787848500000,4657.10009765625,4657.2998046875,4655.5,4657.2001953125,74
1787848800000,4657,4658.2998046875,4657,4657.7001953125,30
1787849100000,4657.89990234375,4658.5,4655.7001953125,4658.5,133
1787849400000,4658.60009765625,4658.60009765625,4654.2998046875,4654.7001953125,274
1787849700000,4654.60009765625,4655.7998046875,4653.7998046875,4654.7998046875,119
1787853600000,4656,4660.89990234375,4653.89990234375,4655,0
1787853900000,4654.89990234375,4658.89990234375,4654.10009765625,4658.5,50
1787854200000,4657.7998046875,4658.5,4657.2001953125,4657.89990234375,66
1787854500000,4658.39990234375,4659.5,4657.60009765625,4659.2998046875,104
1787854800000,4659.39990234375,4661.7001953125,4659.39990234375,4661.5,122
1787855100000,4661.5,4662,4659.89990234375,4661,169
1787855400000,4661.39990234375,4662.2998046875,4660,4661.7001953125,165
1787855700000,4661.7998046875,4662.60009765625,4661.2001953125,4662.2001953125,95
1787856000000,4662.5,4663.39990234375,4660.60009765625,4661.10009765625,207
1787856300000,4660.89990234375,4661.2001953125,4660,4660.7001953125,96
1787856600000,4660.60009765625,4663.2998046875,4659.7998046875,4662.39990234375,178
1787856900000,4662.10009765625,4664.10009765625,4662.10009765625,4664.10009765625,80
1787857200000,4664,4664.7998046875,4662.10009765625,4662.5,209
1787857500000,4662.2001953125,4662.7998046875,4658.39990234375,4658.60009765625,405
1787857800000,4658.7001953125,4658.7998046875,4656.10009765625,4656.10009765625,237
1787858100000,4655.7998046875,4656.7998046875,4655.2001953125,4655.7998046875,114
1787858400000,4655.10009765625,4656.10009765625,4652.89990234375,4655.39990234375,135
1787858700000,4655.7998046875,4655.89990234375,4653,4654.39990234375,92
1787859000000,4654.39990234375,4654.60009765625,4652.2001953125,4652.5,143
1787859300000,4652.2998046875,4655.2001953125,4651.5,4654.10009765625,437
1787859600000,4654.39990234375,4654.7001953125,4652.2998046875,4652.7998046875,93
1787859900000,4652.5,4652.89990234375,4648.5,4650,316
1787860200000,4649.2998046875,4649.60009765625,4647.5,4648.10009765625,153
1787860500000,4647.89990234375,4648.5,4647.2998046875,4647.60009765625,92
1787860800000,4647.7998046875,4653.39990234375,4646.5,4650,503
1787861100000,4650.10009765625,4653.2001953125,4649.7001953125,4653.10009765625,132
1787861400000,4652.89990234375,4655.7001953125,4652.7998046875,4653.5,172
1787861700000,4653.7998046875,4654.10009765625,4646.5,4646.5,213
1787862000000,4646.7001953125,4648.7998046875,4644.60009765625,4647.2001953125,352
1787862300000,4646.60009765625,4647.10009765625,4643.7998046875,4647.10009765625,189
1787862600000,4647.2998046875,4647.2998046875,4640.7001953125,4642.60009765625,313
1787862900000,4642.39990234375,4643.10009765625,4641.39990234375,4642.60009765625,156
1787863200000,4642.7998046875,4644.2001953125,4642.2001953125,4643.7998046875,125
1787863500000,4643.5,4644.10009765625,4638.89990234375,4640.2001953125,249
1787863800000,4640.60009765625,4642.2998046875,4639.89990234375,4640.5,314
1787864100000,4640.2998046875,4641.7001953125,4638.5,4641.2001953125,125
1787864400000,4642.39990234375,4649,4639.39990234375,4647.89990234375,672
1787864700000,4647.5,4653.2998046875,4644.7001953125,4653.2001953125,424
1787865000000,4653.2998046875,4655.39990234375,4645.39990234375,4647.2998046875,471
1787865300000,4647.5,4651,4644.5,4649,353
1787865600000,4648.89990234375,4650.2001953125,4643.89990234375,4645.2998046875,282
1787865900000,4645.10009765625,4646.39990234375,4637,4638.7998046875,569
1787866200000,4638.89990234375,4642.10009765625,4636.89990234375,4640.39990234375,380
1787866500000,4640.2998046875,4642,4633.10009765625,4633.60009765625,478
1787866800000,4633.5,4635.7001953125,4631.2001953125,4635.10009765625,487
1787867100000,4634.7001953125,4635.2998046875,4630.5,4635.2998046875,286
1787867400000,4635.2001953125,4636,4628.5,4629.7998046875,713
1787867700000,4629.60009765625,4631.7998046875,4628.10009765625,4628.89990234375,184
1787868000000,4628.60009765625,4630.89990234375,4628,4629.7001953125,186
1787868300000,4630.2001953125,4634.2998046875,4630.2001953125,4633.39990234375,238
1787868600000,4633.39990234375,4635.39990234375,4631.39990234375,4634.10009765625,285
1787868900000,4633.7001953125,4634.10009765625,4631.39990234375,4634,116
1787869200000,4634.10009765625,4637.39990234375,4633.10009765625,4636.89990234375,247
1787869500000,4636.7001953125,4637.60009765625,4635.5,4636.2998046875,170
1787869800000,4636.39990234375,4639.89990234375,4635.89990234375,4637.7998046875,275
1787870100000,4638.10009765625,4642.39990234375,4638.10009765625,4641.2001953125,219
1787870400000,4640.7998046875,4641.10009765625,4636.60009765625,4637.7998046875,205
1787870700000,4637.89990234375,4639,4634.89990234375,4639,280
1787871000000,4638.7998046875,4639.7998046875,4637.39990234375,4638.7001953125,84
1787871300000,4638.39990234375,4639,4635.5,4638.89990234375,207
1787871600000,4638.7001953125,4640.39990234375,4637.10009765625,4639.7998046875,128
1787871900000,4640.39990234375,4640.89990234375,4637.7998046875,4638.7998046875,134
1787872200000,4638.10009765625,4640.2001953125,4635,4637.10009765625,170
1787872500000,4636.7998046875,4641.2001953125,4636.7998046875,4639.7998046875,235
1787872800000,4639.2998046875,4642,4638.2001953125,4642,211
1787873100000,4641.89990234375,4642.2998046875,4639,4640.60009765625,164
1787873400000,4640.5,4640.5,4635.39990234375,4636.5,219
1787873700000,4636.39990234375,4636.39990234375,4634.5,4635.10009765625,130
1787874000000,4635,4635.5,4633.39990234375,4634.10009765625,110
1787874300000,4634,4634,4631.60009765625,4632.7998046875,138
1787874600000,4633,4633.2001953125,4630.89990234375,4631,92
1787874900000,4631.5,4632,4631,4631.39990234375,55
1787875200000,4632.2998046875,4632.89990234375,4631.10009765625,4631.2998046875,190
1787875500000,4631.5,4631.7001953125,4630.2001953125,4631.5,100
1787875800000,4631.5,4632.7001953125,4631.10009765625,4631.60009765625,93
1787876100000,4631.2001953125,4635.60009765625,4630.7998046875,4635.39990234375,289
1787876400000,4635.10009765625,4636.7998046875,4634.7998046875,4636.7001953125,178
1787876700000,4636.7998046875,4637.5,4635.39990234375,4636.7998046875,103
1787877000000,4636.5,4636.5,4633.7001953125,4633.7001953125,114
1787877300000,4633.60009765625,4633.7998046875,4630,4630.2998046875,156
1787877600000,4630.2001953125,4632.39990234375,4630,4632,90
1787877900000,4632,4634.39990234375,4630.2001953125,4632.89990234375,127
1787878200000,4633.10009765625,4634.7998046875,4633.10009765625,4634.10009765625,38
1787878500000,4633.7001953125,4637.5,4633.60009765625,4636.39990234375,136
1787878800000,4636.7001953125,4637.2998046875,4634.10009765625,4634.5,127
1787879100000,4633.7001953125,4634.60009765625,4631.2998046875,4631.2998046875,141
1787879400000,4631.5,4632.89990234375,4630.2998046875,4632.2998046875,156
1787879700000,4631.89990234375,4634.10009765625,4631.39990234375,4634.10009765625,122
1787880000000,4634.2001953125,4636.7998046875,4632.60009765625,4636.7001953125,177
1787880300000,4636.5,4638.60009765625,4634.60009765625,4636.39990234375,221
1787880600000,4636.2001953125,4636.2001953125,4630.10009765625,4630.39990234375,474
1787880900000,4631.2001953125,4631.7998046875,4626.89990234375,4627,423
1787881200000,4626.89990234375,4628.39990234375,4623,4625,572
1787881500000,4624.89990234375,4628,4623.7998046875,4626.2001953125,184
1787881800000,4627,4629.2001953125,4625.89990234375,4629.2001953125,145
1787882100000,4629.2998046875,4629.5,4624.60009765625,4625.5,210
1787882400000,4625.7001953125,4629.7998046875,4624.5,4629.39990234375,342
1787882700000,4629.2998046875,4633,4626.7001953125,4632.89990234375,243
1787883000000,4633,4636,4633,4634.2998046875,401
1787883300000,4634.10009765625,4637.5,4633,4635.2998046875,299
1787883600000,4635,4637.7998046875,4634.7001953125,4636,294
1787883900000,4636.10009765625,4638.10009765625,4635.7001953125,4637.2998046875,165
1787884200000,4637.10009765625,4639.2998046875,4635.60009765625,4636.2001953125,462
1787884500000,4636.2001953125,4640.39990234375,4636.2001953125,4638.60009765625,233
1787884800000,4638.2998046875,4640.89990234375,4636.60009765625,4640.60009765625,336
1787885100000,4640.7998046875,4652.39990234375,4640.7001953125,4652.2001953125,965
1787885400000,4652,4659.60009765625,4649.2001953125,4657.2001953125,1208
1787885700000,4657,4666.2001953125,4656.7001953125,4665.5,1160
1787886000000,4665.39990234375,4666.39990234375,4658.2998046875,4659.7001953125,946
1787886300000,4660.10009765625,4660.2001953125,4651.7998046875,4653.7001953125,671
1787886600000,4653.5,4656.2001953125,4648.7001953125,4653.5,914
1787886900000,4653.2998046875,4659.2998046875,4652.10009765625,4658.60009765625,472
1787887200000,4658.89990234375,4662.89990234375,4658.60009765625,4660.10009765625,564
1787887500000,4660.60009765625,4662.60009765625,4659.60009765625,4659.89990234375,189
1787887800000,4660.39990234375,4664.7001953125,4660.10009765625,4664.5,375
1787888100000,4664.39990234375,4667.39990234375,4662.7001953125,4663.5,613
1787888400000,4663.2998046875,4663.7001953125,4661,4662.2998046875,278
1787888700000,4662.10009765625,4664.5,4660.39990234375,4663.2001953125,386
1787889000000,4663.7001953125,4666.10009765625,4663,4664.60009765625,631
1787889300000,4664.7998046875,4666.60009765625,4662.89990234375,4665,200
1787889600000,4664.89990234375,4667.7001953125,4663.7001953125,4665.60009765625,442
1787889900000,4665.89990234375,4666.2998046875,4663.2001953125,4665.10009765625,202
1787890200000,4664.89990234375,4666.2998046875,4664.2998046875,4665.10009765625,197
1787890500000,4665.2998046875,4665.5,4662,4662.60009765625,313
1787890800000,4662.60009765625,4664.89990234375,4661.2998046875,4664.5,359
1787891100000,4664.39990234375,4664.7998046875,4662.2998046875,4662.2998046875,251
1787891400000,4662.7001953125,4665.10009765625,4661.5,4663.2998046875,186
1787891700000,4663.39990234375,4665.10009765625,4660.10009765625,4660.89990234375,249
1787892000000,4660.7998046875,4661.2001953125,4657,4657.10009765625,356
1787892300000,4657.10009765625,4657.2998046875,4654.2998046875,4655.5,434
1787892600000,4655.60009765625,4659.89990234375,4655.2998046875,4658.2001953125,396
1787892900000,4658.2998046875,4658.7998046875,4654.2998046875,4656.2998046875,387
1787893200000,4656.39990234375,4657.89990234375,4655.7001953125,4657.89990234375,200
1787893500000,4657.7998046875,4657.7998046875,4654.7001953125,4655.39990234375,171
1787893800000,4655,4656.5,4654.2998046875,4655.2998046875,122
1787894100000,4655,4656.10009765625,4653.5,4655.60009765625,232
1787894400000,4656.10009765625,4657.7001953125,4654.10009765625,4656.60009765625,319
1787894700000,4656.7001953125,4656.7998046875,4654,4655.5,251
1787895000000,4655.2001953125,4657.89990234375,4655.10009765625,4656,423
1787895300000,4656.10009765625,4658.7001953125,4654.60009765625,4657.39990234375,295
1787895600000,4657,4658.60009765625,4655.60009765625,4657.7001953125,299
1787895900000,4657.60009765625,4659,4656.7001953125,4658,128
1787896200000,4658.39990234375,4660.7998046875,4658.2001953125,4660.7998046875,244
1787896500000,4660.7998046875,4661.39990234375,4658.7001953125,4658.7001953125,220
1787896800000,4658.7998046875,4660.10009765625,4657,4659.2998046875,185
1787897100000,4659.2998046875,4661.10009765625,4659.2001953125,4661,140
1787897400000,4661.10009765625,4662.7998046875,4660.5,4662.2001953125,327
1787897700000,4662.39990234375,4663.5,4657.89990234375,4658,541
1787898000000,4657.7998046875,4658,4656,4657.2001953125,266
1787898300000,4657.5,4658.60009765625,4655,4658.5,326
1787898600000,4658.7001953125,4661.2001953125,4658.5,4660.60009765625,312
1787898900000,4660.5,4660.5,4656.2001953125,4657,116
1787899200000,4657.2001953125,4657.5,4655,4656,104
1787899500000,4655.7998046875,4656.5,4652.7998046875,4654.39990234375,238
1787899800000,4654.2001953125,4654.39990234375,4650.2998046875,4651.2001953125,618
1787900100000,4651.2001953125,4653.2998046875,4650.89990234375,4653.10009765625,177
1787900400000,4653.10009765625,4654.2001953125,4650.2001953125,4651.7001953125,429
1787900700000,4651.60009765625,4651.7998046875,4647.7001953125,4648.5,597
1787901000000,4648.5,4651.2998046875,4647.7998046875,4651.2998046875,273
1787901300000,4651.2998046875,4653.89990234375,4651,4652.60009765625,270
1787901600000,4652.5,4652.89990234375,4650.60009765625,4652.7001953125,137
1787901900000,4653.2998046875,4653.60009765625,4650.2001953125,4651.39990234375,158
1787902200000,4651.39990234375,4653.39990234375,4650.5,4651,215
1787902500000,4651,4651.39990234375,4646,4646.10009765625,803
1787902800000,4646.10009765625,4647.39990234375,4643.60009765625,4647.2001953125,866
1787903100000,4647,4648.60009765625,4645.7998046875,4647.10009765625,218
1787903400000,4647.10009765625,4648.5,4646.10009765625,4647.10009765625,141
1787903700000,4646.7998046875,4646.89990234375,4644,4645.60009765625,338
1787904000000,4645.60009765625,4648.10009765625,4643.2001953125,4646.89990234375,477
1787904300000,4647,4648.10009765625,4644.2998046875,4646.60009765625,342
1787904600000,4646.5,4649.2998046875,4644.7001953125,4646.89990234375,427
1787904900000,4647,4648.2998046875,4644.5,4647,353
1787905200000,4647,4654.2998046875,4646.60009765625,4654.10009765625,825
1787905500000,4654.10009765625,4656.39990234375,4653,4654.5,497
1787905800000,4654.2998046875,4655,4644.39990234375,4645.7998046875,953
1787906100000,4646.2001953125,4646.2001953125,4641.2001953125,4641.5,835
1787906400000,4641.7001953125,4645,4641.7001953125,4644.10009765625,437
1787906700000,4644.10009765625,4647.7998046875,4642.60009765625,4646.39990234375,531
1787907000000,4646.5,4649.7001953125,4644.2998046875,4648.7998046875,478
1787907300000,4648.7998046875,4655.2001953125,4648.7998046875,4654.10009765625,676
1787907600000,4654.2001953125,4656,4648.60009765625,4651.89990234375,852
1787907900000,4651.7998046875,4657.7001953125,4651.2998046875,4652.7001953125,827
1787908200000,4652.7998046875,4653.2998046875,4650,4651.2998046875,598
1787908500000,4651.5,4652.2998046875,4645.89990234375,4651,723
1787908800000,4650.60009765625,4653.2001953125,4648.39990234375,4653.2001953125,536
1787909100000,4653,4656.7001953125,4651.89990234375,4656.2998046875,905
1787909400000,4656.10009765625,4658,4651.10009765625,4657.2998046875,991
1787909700000,4657.10009765625,4659.7001953125,4653.2001953125,4658.2001953125,975
1787910000000,4658.5,4660.2998046875,4654.10009765625,4657,661
1787910300000,4657.2998046875,4664.89990234375,4657.10009765625,4662.39990234375,1541
1787910600000,4662.2001953125,4664.7001953125,4659.7001953125,4662.7001953125,915
1787910900000,4662.7998046875,4680.7998046875,4655.2001953125,4657.5,3444
1787911200000,4657.39990234375,4688,4626.2998046875,4630.10009765625,11458
1787911500000,4630.7001953125,4633.7998046875,4600.39990234375,4626.10009765625,11324
1787911800000,4625.5,4626.2998046875,4594.60009765625,4597.5,9156
1787912100000,4597.7001953125,4618.5,4596.2998046875,4605.89990234375,6338
1787912400000,4605.5,4620.5,4600,4609.60009765625,4264
1787912700000,4609.5,4611.2998046875,4580.2001953125,4603.2001953125,11198
1787913000000,4603.5,4622,4603,4621.89990234375,5533
1787913300000,4621.60009765625,4629.2001953125,4617.2001953125,4617.2998046875,4350
1787913600000,4617.60009765625,4621.2001953125,4609.7001953125,4613.2001953125,2844
1787913900000,4613.10009765625,4614.7998046875,4603,4604.2001953125,2686
1787914200000,4604.10009765625,4622.89990234375,4601.7001953125,4622.60009765625,2909
1787914500000,4622.89990234375,4633,4621.7001953125,4629,3036
1787914800000,4629.2998046875,4636.10009765625,4624.7998046875,4633.10009765625,4710
1787915100000,4633.2001953125,4634.7998046875,4625,4626.10009765625,1915
1787915400000,4625.7001953125,4626.89990234375,4609.5,4611.60009765625,2945
1787915700000,4611.7001953125,4617,4606.10009765625,4607.2001953125,2072
1787916000000,4607.2998046875,4617.60009765625,4603.5,4617.2001953125,2675
1787916300000,4617,4620.7001953125,4610.5,4618.7998046875,2362
1787916600000,4619,4619.7001953125,4607.2001953125,4609.89990234375,1817
1787916900000,4610,4615.2998046875,4599.60009765625,4600.2998046875,2217
1787917200000,4600.2998046875,4601,4586.5,4590.7998046875,3467
1787917500000,4591.60009765625,4598.10009765625,4583.60009765625,4588.10009765625,2499
1787917800000,4588,4597.89990234375,4586.5,4591.7001953125,2408
1787918100000,4591.7998046875,4593,4574.7998046875,4575.7001953125,5312
1787918400000,4575.89990234375,4580.89990234375,4570.7998046875,4572,3115
1787918700000,4571.60009765625,4571.7001953125,4559.39990234375,4559.7001953125,5562
1787919000000,4559.7001953125,4566.7001953125,4548,4549.2998046875,4308
1787919300000,4549.10009765625,4555,4532.7998046875,4533.10009765625,5941
1787919600000,4533.2001953125,4535.2001953125,4515.2998046875,4519.7998046875,7444
1787919900000,4519.7001953125,4532.7998046875,4516,4531.60009765625,4328
1787920200000,4531.60009765625,4538.2998046875,4521.5,4524.39990234375,4181
1787920500000,4524.39990234375,4536.60009765625,4523.7998046875,4535.39990234375,2607
1787920800000,4535.39990234375,4537.10009765625,4516.7001953125,4519.60009765625,2168
1787921100000,4519.7998046875,4532.5,4519.5,4532.39990234375,1802
1787921400000,4532.39990234375,4535.89990234375,4530.60009765625,4531.2998046875,1339
1787921700000,4531.60009765625,4533.2998046875,4525.7998046875,4529.89990234375,1324
1787922000000,4530.10009765625,4531.2001953125,4523.39990234375,4526.10009765625,2000
1787922300000,4526.39990234375,4533.60009765625,4525.39990234375,4530.89990234375,908
1787922600000,4530.7001953125,4531.2998046875,4521.89990234375,4531.2998046875,1390
1787922900000,4531.2998046875,4532.5,4525.39990234375,4531.2001953125,979
1787923200000,4531.2998046875,4537.2001953125,4530.2998046875,4535.60009765625,1920
1787923500000,4535.7001953125,4536.7998046875,4526.2001953125,4528.39990234375,3606
1787923800000,4528.5,4531.60009765625,4523.89990234375,4528.89990234375,1489
1787924100000,4529.2998046875,4532.10009765625,4521.10009765625,4522,1258
1787924400000,4522,4525.2001953125,4510.5,4517.5,2456
1787924700000,4517.2998046875,4526.10009765625,4516.7998046875,4524.89990234375,2067
1787925000000,4524.2998046875,4525.89990234375,4521.89990234375,4523,540
1787925300000,4522.7001953125,4522.89990234375,4516.7001953125,4519.7001953125,1769
1787925600000,4519.7001953125,4521.89990234375,4510.2001953125,4510.89990234375,1858
1787925900000,4511.10009765625,4516.7998046875,4509.5,4511.89990234375,2392
1787926200000,4511.89990234375,4515,4509.7001953125,4511.10009765625,890
1787926500000,4511.10009765625,4512.89990234375,4503.60009765625,4508.7998046875,2557
1787926800000,4508.60009765625,4513.5,4502.7001953125,4503.7998046875,1345
1787927100000,4503.60009765625,4513,4502.39990234375,4506.2001953125,889
1787927400000,4505.89990234375,4508.5,4501.60009765625,4506.7001953125,903
1787927700000,4506.60009765625,4506.89990234375,4501.2001953125,4502.5,922
1787928000000,4502.39990234375,4505,4495,4501,2186
1787928300000,4500.5,4504.7001953125,4498,4503,563
1787928600000,4503.10009765625,4506.2998046875,4501.2001953125,4503.7001953125,544
1787928900000,4503.89990234375,4507.89990234375,4502,4506.5,549
1787929200000,4506.5,4511.7998046875,4502.39990234375,4507.7001953125,1396
1787929500000,4507.5,4512.60009765625,4506.60009765625,4511.5,523
1787929800000,4511.7001953125,4511.89990234375,4504.10009765625,4506.7001953125,567
1787930100000,4506.5,4510.2001953125,4504.7001953125,4509.7001953125,415
1787930400000,4509.60009765625,4511.60009765625,4507.2001953125,4508.60009765625,357
1787930700000,4509.2998046875,4513.2001953125,4509.2998046875,4512,426
1787931000000,4511.60009765625,4514.60009765625,4510.7998046875,4512.89990234375,515
1787931300000,4512.10009765625,4517.2001953125,4511.60009765625,4516.10009765625,815
1787931600000,4516.10009765625,4516.39990234375,4514,4514.60009765625,546
1787931900000,4514.39990234375,4514.39990234375,4504.5,4506.89990234375,979
1787932200000,4506.7998046875,4509.10009765625,4502.2998046875,4506.10009765625,852
1787932500000,4506.10009765625,4510.7001953125,4505.2001953125,4507.89990234375,912
1787932800000,4507.89990234375,4512.2998046875,4504.89990234375,4510,875
1787933100000,4510,4511.2001953125,4509.39990234375,4510.10009765625,234
1787933400000,4510,4511.2001953125,4507,4507.5,290
1787933700000,4507.7001953125,4510.2001953125,4507.5,4507.89990234375,131
1787934000000,4507.7998046875,4507.7998046875,4503.2001953125,4504,167
1787934300000,4504,4507.60009765625,4503.39990234375,4507.39990234375,114
1787934600000,4507.5,4507.5,4505.10009765625,4505.7998046875,211
1787934900000,4505.60009765625,4506.7998046875,4504.7998046875,4505.2001953125,84
1787935200000,4505.2001953125,4506.60009765625,4503.39990234375,4506.60009765625,163
1787935500000,4507,4509.5,4505.60009765625,4509,235
1787935800000,4508.89990234375,4509.5,4503,4503.7001953125,323
1787936100000,4504,4529.89990234375,4502.7001953125,4529.89990234375,324
1788113400000,4506.2998046875,4510,4505,4509.2001953125,561
1788113700000,4508.7998046875,4513.5,4506.2001953125,4511.60009765625,408
1788114000000,4511.7998046875,4515.89990234375,4510.39990234375,4512,568
1788114300000,4512,4515.60009765625,4507.39990234375,4509.2001953125,1015
1788114600000,4509,4509.10009765625,4502.2001953125,4502.7001953125,426
1788114900000,4502.7001953125,4511,4502.5,4509.60009765625,355
1788115200000,4509.89990234375,4512,4505.89990234375,4507.2998046875,335
1788115500000,4507.2001953125,4510,4506.39990234375,4509.10009765625,234
1788115800000,4509,4509.5,4507.89990234375,4508.2001953125,64
1788116100000,4508.10009765625,4512,4508.10009765625,4510.89990234375,345
1788116400000,4510.7998046875,4512.2998046875,4508.7998046875,4511.89990234375,211
1788116700000,4511.39990234375,4516.60009765625,4511.39990234375,4514.60009765625,306
1788117000000,4514.2001953125,4514.7001953125,4509,4509.7998046875,324
1788117300000,4509.89990234375,4513,4509.2001953125,4512.5,191
1788117600000,4512.39990234375,4514.39990234375,4508,4508.89990234375,348
1788117900000,4508.60009765625,4508.89990234375,4503.89990234375,4506.7998046875,587
1788118200000,4506.39990234375,4507,4500.2001953125,4504.2001953125,588
1788118500000,4503.5,4503.60009765625,4499.2998046875,4499.60009765625,209
1788118800000,4499.5,4500.2998046875,4495.7001953125,4496.5,489
1788119100000,4496.2001953125,4496.2001953125,4485.2001953125,4488.7998046875,1139
1788119400000,4489.2001953125,4497.2998046875,4489.10009765625,4496.89990234375,525
1788119700000,4497.10009765625,4509.60009765625,4497,4507.7998046875,732
1788120000000,4507.7998046875,4511.2001953125,4502.39990234375,4507.2998046875,751
1788120300000,4507.2998046875,4509.2001953125,4503.60009765625,4506,301
1788120600000,4506,4512.89990234375,4504.2001953125,4511.2998046875,551
1788120900000,4511,4514.60009765625,4508.7998046875,4509.2998046875,372
1788121200000,4509,4510.2001953125,4505.60009765625,4506.7001953125,207
1788121500000,4507.2998046875,4507.5,4501.39990234375,4505.7001953125,306
1788121800000,4506.2001953125,4515.39990234375,4506.2001953125,4511.7001953125,479
1788122100000,4511.60009765625,4520.10009765625,4511.60009765625,4519.5,511
1788122400000,4519.5,4521.5,4513.2001953125,4514.5,509
1788122700000,4514.5,4518.2998046875,4513.7001953125,4514.89990234375,357
1788123000000,4515.10009765625,4515.7998046875,4511.89990234375,4515.60009765625,229
1788123300000,4515.2998046875,4516,4505.5,4505.7001953125,528
1788123600000,4505.7998046875,4512.39990234375,4487.60009765625,4511.39990234375,2332
1788123900000,4511.60009765625,4512.2001953125,4488.2998046875,4489.10009765625,1173
1788124200000,4488.7001953125,4494.10009765625,4485.2998046875,4493.2998046875,952
1788124500000,4492.7998046875,4501.7001953125,4491.7998046875,4501.7001953125,732
1788124800000,4501.2001953125,4503.5,4493.7001953125,4499.10009765625,605
1788125100000,4498.2001953125,4498.7998046875,4492.2001953125,4493.5,386
1788125400000,4493,4499.2998046875,4485.60009765625,4490.60009765625,615
1788125700000,4490.2998046875,4499.7998046875,4488.5,4498.39990234375,848
1788126000000,4498.10009765625,4503.10009765625,4492.39990234375,4500.2001953125,507
1788126300000,4500.2001953125,4501.89990234375,4486.39990234375,4486.39990234375,1076
1788126600000,4486.2998046875,4493.2998046875,4485,4493.2998046875,489
1788126900000,4493.7001953125,4495.7998046875,4488.5,4489.60009765625,521
1788127200000,4489.10009765625,4490.7001953125,4466,4476,3370
1788127500000,4476.39990234375,4483.60009765625,4474.60009765625,4477.89990234375,862
1788127800000,4478.2998046875,4482,4472.39990234375,4474,761
1788128100000,4473.89990234375,4474.2998046875,4467.5,4471,729
1788128400000,4471.39990234375,4476.7001953125,4470.60009765625,4476.7001953125,315
1788128700000,4476.5,4477.2001953125,4472.2001953125,4472.39990234375,374
1788129000000,4472.10009765625,4475.7001953125,4460.39990234375,4461.2001953125,1447
1788129300000,4461,4461.7998046875,4453.10009765625,4457.60009765625,1778
1788129600000,4456.10009765625,4457.2998046875,4451.2001953125,4452.10009765625,1089
1788129900000,4452.10009765625,4456.39990234375,4445.60009765625,4450.7998046875,1181
1788130200000,4451.10009765625,4466.60009765625,4448.7998046875,4466.10009765625,1124
1788130500000,4465.89990234375,4472.39990234375,4465.7998046875,4472.2998046875,513
1788130800000,4472.2998046875,4476.7001953125,4471.10009765625,4471.60009765625,703
1788131100000,4471.89990234375,4476.10009765625,4471.2001953125,4475,424
1788131400000,4474.89990234375,4477.7998046875,4473.7998046875,4477.7998046875,322
1788131700000,4478,4482,4477.39990234375,4477.7001953125,607
1788132000000,4477.7001953125,4483.60009765625,4477,4480.89990234375,485
1788132300000,4480.7001953125,4481.2998046875,4476,4477.2998046875,512
1788132600000,4477.2001953125,4477.2998046875,4473.10009765625,4473.10009765625,338
1788132900000,4473.2001953125,4474.7998046875,4469.5,4470.5,417
1788133200000,4470.2001953125,4473.60009765625,4470.10009765625,4472.2998046875,197
1788133500000,4472.5,4474.7998046875,4472.5,4473.7001953125,203
1788133800000,4473.89990234375,4476.7998046875,4473.60009765625,4474.2001953125,199
1788134100000,4474,4474.10009765625,4471.10009765625,4472,156
1788134400000,4472.2998046875,4472.2998046875,4468,4468,234
1788134700000,4468.2998046875,4468.60009765625,4466.39990234375,4468,271
1788135000000,4467.60009765625,4472.5,4466.60009765625,4471.10009765625,844
1788135300000,4471.2001953125,4471.2998046875,4467.7998046875,4468,223
1788135600000,4468.7998046875,4469.2001953125,4465.5,4467.7998046875,188
1788135900000,4468.39990234375,4470.5,4465.5,4465.5,133
1788136200000,4465.5,4466.2001953125,4462.5,4466.2001953125,436
1788136500000,4466.2998046875,4471.89990234375,4465.5,4470.2001953125,318
1788136800000,4470.2001953125,4470.2001953125,4467,4469.89990234375,166
1788137100000,4470.10009765625,4471.5,4469.10009765625,4469.10009765625,154
1788137400000,4469.10009765625,4471.10009765625,4468.60009765625,4470.5,123
1788137700000,4470.7001953125,4475,4469.2998046875,4474.60009765625,380
1788138000000,4474.60009765625,4477,4472.2001953125,4473.7001953125,491
1788138300000,4473.2998046875,4473.89990234375,4469.2001953125,4470.10009765625,332
1788138600000,4470.2001953125,4475.2001953125,4469.60009765625,4473,223
1788138900000,4472.60009765625,4477.39990234375,4472,4477.10009765625,261
1788139200000,4478.10009765625,4484.2001953125,4478.10009765625,4483.60009765625,410
1788139500000,4483.5,4490.5,4482.2998046875,4489.89990234375,503
1788139800000,4490.2998046875,4491.89990234375,4480.39990234375,4482.7001953125,870
1788140100000,4482.2998046875,4486.2001953125,4481.60009765625,4483.10009765625,261
1788140400000,4484.10009765625,4488.60009765625,4482.60009765625,4486.60009765625,298
1788140700000,4487.10009765625,4491,4485,4485,732
1788141000000,4485,4488.89990234375,4483.89990234375,4487.2001953125,300
1788141300000,4487.10009765625,4493.5,4484.89990234375,4492.7001953125,324
1788141600000,4492.7001953125,4493,4482.2998046875,4482.7998046875,538
1788141900000,4482.89990234375,4482.89990234375,4478.89990234375,4481.89990234375,391
1788142200000,4481.7001953125,4485,4481.7001953125,4482,263
1788142500000,4482.2998046875,4488.2001953125,4481.2001953125,4487.7998046875,552
1788142800000,4487.60009765625,4489,4484.7001953125,4487.7001953125,730
1788143100000,4487.89990234375,4488,4484.60009765625,4486,222
1788143400000,4485.7001953125,4486.89990234375,4481.2998046875,4484.10009765625,245
1788143700000,4484.10009765625,4491,4483.89990234375,4490,402
1788144000000,4490.2998046875,4491.10009765625,4488.7001953125,4489.5,222
1788144300000,4489.5,4493,4488.7001953125,4491.7998046875,279
1788144600000,4491.60009765625,4491.60009765625,4487.39990234375,4490.5,251
1788144900000,4489.5,4489.89990234375,4486.7001953125,4489.39990234375,176
1788145200000,4489.2001953125,4490.5,4487.10009765625,4489.5,264
1788145500000,4489.39990234375,4491.60009765625,4486.5,4487.60009765625,317
1788145800000,4487.5,4489.7001953125,4485.5,4485.89990234375,202
1788146100000,4486,4491.2001953125,4485,4489.2001953125,794
1788146400000,4489.2001953125,4495.7001953125,4488.60009765625,4495,381
1788146700000,4495.39990234375,4498.5,4493.7998046875,4494.10009765625,775
1788147000000,4494.10009765625,4496.7998046875,4491.2998046875,4494.2998046875,459
1788147300000,4494.2001953125,4495,4492.10009765625,4493.2998046875,230
1788147600000,4493.39990234375,4497.2998046875,4491.89990234375,4496.7001953125,262
1788147900000,4496.89990234375,4498.2001953125,4493.5,4494.89990234375,258
1788148200000,4494.7998046875,4495,4492.2998046875,4493.89990234375,272
1788148500000,4494.2001953125,4495.2001953125,4490.89990234375,4493.2998046875,243
1788148800000,4493.2998046875,4499.7001953125,4493,4498.60009765625,505
1788149100000,4498.60009765625,4498.7998046875,4492,4493.10009765625,395
1788149400000,4492.5,4492.89990234375,4487.10009765625,4489.10009765625,347
1788149700000,4489,4490.60009765625,4486.2001953125,4490,342
1788150000000,4490,4490.39990234375,4487.7998046875,4487.7998046875,184
1788150300000,4487.7998046875,4491.39990234375,4487.7998046875,4490.5,293
1788150600000,4490.2001953125,4490.2001953125,4485.7998046875,4485.89990234375,245
1788150900000,4486.2998046875,4488.2001953125,4485.39990234375,4486.89990234375,156
1788151200000,4486.60009765625,4487.5,4484.39990234375,4485.5,188
1788151500000,4485.39990234375,4487,4484.5,4486.5,367
1788151800000,4486.60009765625,4487,4483.89990234375,4484.2998046875,249
1788152100000,4484.39990234375,4486.2001953125,4484.39990234375,4485.60009765625,116
1788152400000,4485.7998046875,4489.2001953125,4485.7001953125,4488.89990234375,282
1788152700000,4489.2001953125,4491.60009765625,4486.60009765625,4486.7998046875,373
1788153000000,4486.7998046875,4493.10009765625,4485.89990234375,4493.10009765625,444
1788153300000,4493.2998046875,4494.5,4491,4491.10009765625,213
1788153600000,4491.2001953125,4491.7001953125,4488.7001953125,4489.7001953125,176
1788153900000,4489.7001953125,4490.2001953125,4488,4489.5,157
1788154200000,4489.60009765625,4494.7998046875,4489.2998046875,4494.60009765625,474
1788154500000,4494.7998046875,4495.2001953125,4491.7001953125,4492,181
1788154800000,4492.5,4493.89990234375,4491.2998046875,4493.7001953125,132
1788155100000,4493.7001953125,4495.39990234375,4493,4493.7998046875,146
1788155400000,4493.60009765625,4494.7001953125,4491.7998046875,4494.60009765625,254
1788155700000,4494,4496,4493,4496,93
1788156000000,4495.89990234375,4498.10009765625,4495.2001953125,4498.10009765625,207
1788156300000,4498.10009765625,4504.2001953125,4497.60009765625,4499,801
1788156600000,4498.89990234375,4502.2998046875,4496.7001953125,4502,317
1788156900000,4502.39990234375,4502.7998046875,4496.7998046875,4498.5,432
1788157200000,4499.10009765625,4500.2998046875,4497.89990234375,4497.89990234375,181
1788157500000,4498,4499.7998046875,4497.2998046875,4499.10009765625,213
1788157800000,4499.2001953125,4501.2998046875,4498.5,4499.5,253
1788158100000,4499.2001953125,4502,4498.7998046875,4500.60009765625,293
1788158400000,4500.60009765625,4502.89990234375,4499.2998046875,4501.7001953125,199
1788158700000,4501.89990234375,4502.2001953125,4500.2001953125,4501.7001953125,244
1788159000000,4501.60009765625,4506.7001953125,4501.60009765625,4504.7998046875,456
1788159300000,4504.7001953125,4506.60009765625,4504.2001953125,4504.5,263
1788159600000,4504.60009765625,4507.60009765625,4504.2001953125,4507,220
1788159900000,4506.60009765625,4507.7001953125,4503.7998046875,4507.5,327
1788160200000,4507.5,4508.39990234375,4504.2998046875,4504.39990234375,243
1788160500000,4504.5,4508,4503.10009765625,4507,376
1788160800000,4507,4509.10009765625,4506.7001953125,4508.7998046875,263
1788161100000,4508.89990234375,4514.89990234375,4508.7998046875,4514.10009765625,707
1788161400000,4514.10009765625,4514.89990234375,4509.39990234375,4509.39990234375,556
1788161700000,4509.2998046875,4510.5,4505.60009765625,4506.5,408
1788162000000,4506.39990234375,4510.2998046875,4504.5,4505.2998046875,491
1788162300000,4505.7001953125,4506.60009765625,4503.39990234375,4504,265
1788162600000,4504.2001953125,4505.5,4503.2001953125,4503.7001953125,357
1788162900000,4504.10009765625,4507.10009765625,4504.10009765625,4506.2001953125,284
1788163200000,4506.10009765625,4510.10009765625,4505.89990234375,4509,664
1788163500000,4509.2998046875,4511.89990234375,4500.7998046875,4507.89990234375,1325
1788163800000,4508.2001953125,4510.7001953125,4505.7998046875,4508.2001953125,783
1788164100000,4508.2998046875,4509.7001953125,4505.7998046875,4507.5,327
1788164400000,4507.60009765625,4508.10009765625,4501,4503.2998046875,700
1788164700000,4503.39990234375,4505.2998046875,4497.7998046875,4498.7001953125,1081
1788165000000,4498.39990234375,4500.89990234375,4496.2001953125,4497.7001953125,834
1788165300000,4497.5,4498.2998046875,4492.89990234375,4493.10009765625,1254
1788165600000,4493,4493.60009765625,4489.7998046875,4491.60009765625,713
1788165900000,4491.39990234375,4491.39990234375,4486.60009765625,4489.10009765625,938
1788166200000,4489.2998046875,4492.89990234375,4488,4488.10009765625,675
1788166500000,4488.10009765625,4490.60009765625,4486.5,4486.89990234375,830
1788166800000,4486.7001953125,4491.2001953125,4484.7998046875,4488.5,1087
1788167100000,4488.7998046875,4497,4487.5,4496.10009765625,1399
1788167400000,4496.10009765625,4497.7998046875,4493.89990234375,4497,546
1788167700000,4497.10009765625,4499.5,4492.5,4494.5,481
1788168000000,4494.2998046875,4495,4490.5,4492.2001953125,293
1788168300000,4492,4498.60009765625,4491.89990234375,4497.2998046875,722
1788168600000,4497.39990234375,4498.5,4488.7998046875,4489.7001953125,1264
1788168900000,4489.5,4494.5,4486.7998046875,4488,961
1788169200000,4488.10009765625,4489.2998046875,4483.10009765625,4484.60009765625,1209
1788169500000,4484.7001953125,4484.7998046875,4475.60009765625,4476.60009765625,2680
1788169800000,4476.39990234375,4480.10009765625,4469.89990234375,4475,2156
1788170100000,4475,4475.5,4466.39990234375,4469.10009765625,2399
1788170400000,4469.2998046875,4474.39990234375,4466.7001953125,4471.2998046875,1529
1788170700000,4471.5,4478.39990234375,4470.5,4477.89990234375,1162
1788171000000,4477.60009765625,4478.5,4471.7001953125,4477.60009765625,687
1788171300000,4477.7001953125,4481.60009765625,4475.2001953125,4477.60009765625,959
1788171600000,4477.2998046875,4477.5,4466.89990234375,4469.7001953125,1475
1788171900000,4469.39990234375,4473.60009765625,4467.89990234375,4470.60009765625,658
1788172200000,4470.5,4479,4470,4475.5,1463
1788172500000,4475.5,4487.2001953125,4475.2001953125,4484,1558
1788172800000,4483.89990234375,4486.2001953125,4481.7001953125,4483.10009765625,618
1788173100000,4483.5,4486.2998046875,4478.2998046875,4479,831
1788173400000,4478.7998046875,4483.60009765625,4476.2001953125,4482.89990234375,773
1788173700000,4482.7001953125,4486.2998046875,4480.7998046875,4481.7001953125,843
1788174000000,4481.7001953125,4486.5,4478.2998046875,4478.60009765625,853
1788174300000,4478.5,4484,4477.89990234375,4483.7998046875,525
1788174600000,4483.7998046875,4487.7001953125,4481.60009765625,4485.2001953125,729
1788174900000,4485.39990234375,4487.89990234375,4478.89990234375,4481.7998046875,782
1788175200000,4482.2001953125,4485.39990234375,4479.39990234375,4482.7998046875,661
1788175500000,4483.2998046875,4484.39990234375,4480.5,4482.89990234375,416
1788175800000,4482.39990234375,4484,4478.60009765625,4480,930
1788176100000,4480.2998046875,4482.5,4477,4479.39990234375,555
1788176400000,4479.60009765625,4481.2998046875,4476,4477.2001953125,623
1788176700000,4477.2998046875,4483.60009765625,4477,4481.5,705
1788177000000,4481.2001953125,4482.5,4476.89990234375,4477.60009765625,506
1788177300000,4477.7001953125,4478.5,4474.2998046875,4475.5,516
1788177600000,4475.89990234375,4482.2001953125,4473,4479.7998046875,979
1788177900000,4479.7001953125,4486,4479.60009765625,4484,666
1788178200000,4483.7998046875,4487.10009765625,4482.39990234375,4484.39990234375,620
1788178500000,4484.7001953125,4486.7998046875,4484,4484.5,263
1788178800000,4484.60009765625,4486.2001953125,4482.89990234375,4485.7998046875,400
1788179100000,4486,4488.7001953125,4484.89990234375,4488.2998046875,328
1788179400000,4488.60009765625,4490.2998046875,4485.10009765625,4486,617
1788179700000,4486.2001953125,4486.2001953125,4481,4481.7998046875,552
1788180000000,4481.7998046875,4487.2998046875,4481.10009765625,4485.39990234375,502
1788180300000,4485.2001953125,4486.60009765625,4481.7998046875,4483.39990234375,480
1788180600000,4483.39990234375,4487.10009765625,4483.2998046875,4483.7001953125,409
1788180900000,4483.7998046875,4483.7998046875,4481.7998046875,4482.60009765625,260
1788181200000,4482.7998046875,4484,4480.60009765625,4482.10009765625,314
1788181500000,4482.10009765625,4482.39990234375,4480,4481.10009765625,280
1788181800000,4481,4484.60009765625,4481,4482.89990234375,311
1788182100000,4483,4485.60009765625,4482,4485.5,369
1788182400000,4485.60009765625,4486.60009765625,4482.10009765625,4482.10009765625,505
1788182700000,4482.2998046875,4484.39990234375,4477.7998046875,4479.7998046875,2426
1788183000000,4479.7998046875,4484.10009765625,4479.10009765625,4482.10009765625,635
1788183300000,4482.2998046875,4485.10009765625,4482.2001953125,4482.7998046875,314
1788183600000,4482.60009765625,4486.2998046875,4482.2998046875,4486,410
1788183900000,4485.89990234375,4489.7001953125,4485.2001953125,4488.2998046875,434
1788184200000,4488.39990234375,4489.5,4486.7001953125,4487.10009765625,322
1788184500000,4487.2001953125,4487.60009765625,4485.10009765625,4485.60009765625,193
1788184800000,4486,4486.10009765625,4479.5,4481.39990234375,684
1788185100000,4481.5,4482.2001953125,4480.5,4480.7998046875,152
1788185400000,4480.7998046875,4483.2001953125,4479.89990234375,4483.2001953125,202
1788185700000,4483.10009765625,4484,4481,4481.2998046875,187
1788186000000,4481.2001953125,4482.7001953125,4481.10009765625,4482.2998046875,138
1788186300000,4482.2998046875,4482.39990234375,4478.89990234375,4478.89990234375,391
1788186600000,4478.89990234375,4478.89990234375,4475.5,4476.89990234375,433
1788186900000,4477,4478.2001953125,4476,4477,313
1788187200000,4477.7001953125,4479.5,4476.89990234375,4478.60009765625,167
1788187500000,4478.60009765625,4482.5,4478.39990234375,4482.2001953125,194
1788187800000,4482.2001953125,4484,4481.7998046875,4482.7001953125,281
1788188100000,4482.60009765625,4483.10009765625,4479.7001953125,4480.2998046875,169
1788188400000,4480.7001953125,4482.2998046875,4478.39990234375,4479.89990234375,305
1788188700000,4480,4484,4480,4484,137
1788189000000,4484.2001953125,4484.7001953125,4481.89990234375,4482.7998046875,299
1788189300000,4483.10009765625,4483.39990234375,4482.39990234375,4482.89990234375,144
1788189600000,4482.7998046875,4488.7998046875,4482.10009765625,4488.5,622
1788189900000,4488.60009765625,4491.7001953125,4487.39990234375,4489.7998046875,842
1788190200000,4489.7998046875,4490.7998046875,4488.89990234375,4490,351
1788190500000,4489.89990234375,4494.7998046875,4489.60009765625,4492.10009765625,633
1788190800000,4492.2998046875,4492.7001953125,4488.39990234375,4492.5,418
1788191100000,4492.2001953125,4498.39990234375,4490.7998046875,4498.10009765625,565
1788191400000,4498.10009765625,4501.7998046875,4496.7998046875,4499.5,1206
1788191700000,4499.39990234375,4502.7001953125,4496.89990234375,4502,1079
1788192000000,4502.2998046875,4504.89990234375,4501.5,4501.89990234375,654
1788192300000,4501.60009765625,4502,4500.7001953125,4501.10009765625,156
1788192600000,4502,4502.2998046875,4499.10009765625,4499.2001953125,78
1788192900000,4499.2998046875,4499.60009765625,4498,4498,157
1788193200000,4498.2998046875,4498.2998046875,4496.10009765625,4497.2001953125,100
1788193500000,4496.89990234375,4497.5,4496.2001953125,4496.5,81
1788193800000,4496.5,4498,4495.89990234375,4497.60009765625,99
1788194100000,4497.5,4498.7998046875,4497.2001953125,4497.7001953125,65
1788194400000,4497.60009765625,4498.39990234375,4497,4497.2998046875,45
1788194700000,4497.39990234375,4497.89990234375,4496.2998046875,4496.89990234375,70
1788195000000,4496.60009765625,4497.60009765625,4496.2001953125,4497.60009765625,114
1788195300000,4497.89990234375,4498.89990234375,4497,4497.2998046875,140
1788199200000,4498.7001953125,4503.5,4496.5,4503.2998046875,0
1788199500000,4503,4504.7998046875,4501.2001953125,4504.39990234375,124
1788199800000,4504.2001953125,4504.7001953125,4500.10009765625,4500.39990234375,181
1788200100000,4500.39990234375,4500.7001953125,4498.7998046875,4498.7998046875,86
1788200400000,4498.7001953125,4498.7001953125,4496.60009765625,4496.60009765625,217
1788200700000,4496.60009765625,4499.2998046875,4496.39990234375,4498.60009765625,169
1788201000000,4498.5,4500,4497.7998046875,4498.7998046875,182
1788201300000,4498.7998046875,4498.7998046875,4497,4497.2001953125,59
1788201600000,4497.60009765625,4497.60009765625,4495.89990234375,4496.89990234375,43
1788201900000,4496.60009765625,4496.89990234375,4494.60009765625,4495.39990234375,63
1788202200000,4495.60009765625,4496.10009765625,4494.2998046875,4494.39990234375,71
1788202500000,4494.89990234375,4496.60009765625,4494.7001953125,4495.5,57
1788202800000,4495.7998046875,4495.7998046875,4494.60009765625,4494.7998046875,79
1788203100000,4494.7998046875,4495.39990234375,4494.10009765625,4494.60009765625,129
1788203400000,4494.5,4495.2998046875,4492.2998046875,4492.60009765625,221
1788203700000,4492.39990234375,4492.5,4491.60009765625,4491.7001953125,131
1788204000000,4491.7001953125,4491.89990234375,4490.2998046875,4491.7001953125,130
1788204300000,4491.7001953125,4492.7998046875,4491.2998046875,4491.89990234375,100
1788204600000,4492,4496.5,4491.7998046875,4494.39990234375,207
1788204900000,4494.10009765625,4494.7001953125,4493,4493.5,79
1788205200000,4493.5,4495,4491.60009765625,4494.5,103
1788205500000,4494.5,4498.2998046875,4494.2001953125,4494.89990234375,158
1788205800000,4495.2998046875,4500.2998046875,4495,4499.5,172
1788206100000,4499.2001953125,4501,4497,4501,192
1788206400000,4501.2998046875,4503,4495,4502.7998046875,511
1788206700000,4502.5,4505,4500.10009765625,4504.39990234375,242
1788207000000,4504,4507.10009765625,4501.60009765625,4503.89990234375,405
1788207300000,4504.10009765625,4507.2001953125,4501.39990234375,4506.5,242
1788207600000,4506.39990234375,4510.5,4506.2998046875,4506.7998046875,306
1788207900000,4506.5,4510.2001953125,4505.7001953125,4509.2001953125,286
1788208200000,4509.5,4510.2998046875,4505.2998046875,4506.39990234375,236
1788208500000,4506.2001953125,4506.2001953125,4502.2001953125,4503.7001953125,222
1788208800000,4504.2001953125,4505.5,4500.7001953125,4502.10009765625,192
1788209100000,4502.39990234375,4505.7998046875,4501,4505,181
1788209400000,4504.7998046875,4510.39990234375,4504.60009765625,4505.7998046875,320
1788209700000,4506.2998046875,4506.2998046875,4499.89990234375,4502.7001953125,282
1788210000000,4502.60009765625,4505.89990234375,4497,4498.2001953125,650
1788210300000,4499.2998046875,4499.60009765625,4495.5,4496.10009765625,252
1788210600000,4496,4498,4494.2001953125,4495.2998046875,322
1788210900000,4495.60009765625,4496.7001953125,4492.2001953125,4492.2001953125,359
1788211200000,4492.2998046875,4493.7998046875,4487.60009765625,4489.2998046875,524
1788211500000,4489.2001953125,4489.5,4486.7001953125,4488.60009765625,214
1788211800000,4488.7998046875,4492,4485.2001953125,4491.7001953125,401
1788212100000,4491.60009765625,4494.60009765625,4490.2001953125,4492.89990234375,391
1788212400000,4493.2001953125,4494.7998046875,4490.2001953125,4494.7998046875,230
1788212700000,4494.89990234375,4495.60009765625,4489.5,4489.7998046875,208
1788213000000,4490.10009765625,4491.89990234375,4488.2998046875,4490.2998046875,204
1788213300000,4490.39990234375,4493.2998046875,4489.60009765625,4493.10009765625,143
1788213600000,4492.89990234375,4495.89990234375,4491.60009765625,4495.89990234375,157
1788213900000,4496,4497.7001953125,4490.7001953125,4490.89990234375,303
1788214200000,4490.89990234375,4498.2001953125,4490.89990234375,4493.7998046875,466
1788214500000,4494.10009765625,4495.60009765625,4493.7998046875,4495.60009765625,132
1788214800000,4496,4497.2998046875,4491.39990234375,4491.7001953125,193
1788215100000,4492,4492.2998046875,4489.2001953125,4489.2001953125,209
1788215400000,4489.2001953125,4489.7998046875,4483.89990234375,4486.2998046875,580
1788215700000,4486.2001953125,4486.39990234375,4481,4481.89990234375,696
1788216000000,4482.2001953125,4485.89990234375,4480.7001953125,4481.2001953125,562
1788216300000,4481,4485.5,4477.10009765625,4484.2998046875,935
1788216600000,4485,4489.5,4484,4488.7001953125,266
1788216900000,4487.89990234375,4492.60009765625,4487.89990234375,4492.39990234375,201
1788217200000,4492.7001953125,4493.5,4488.89990234375,4490,447
1788217500000,4490.39990234375,4491.60009765625,4488.7998046875,4490.2001953125,263
1788217800000,4489.5,4491,4487.7998046875,4489.39990234375,354
1788218100000,4488.89990234375,4489.60009765625,4485.60009765625,4486,112
1788218400000,4485.89990234375,4485.89990234375,4481.60009765625,4481.60009765625,380
1788218700000,4482.2001953125,4485.5,4480.89990234375,4483.5,352
1788219000000,4483.39990234375,4485.89990234375,4482.60009765625,4485.7001953125,130
1788219300000,4485.10009765625,4486.89990234375,4482.60009765625,4486.89990234375,250
1788219600000,4486.89990234375,4488,4486.2998046875,4487.60009765625,104
1788219900000,4487.7998046875,4492.10009765625,4487.7998046875,4490.39990234375,649
1788220200000,4490.2998046875,4492.39990234375,4490.2001953125,4491,222
1788220500000,4490.89990234375,4490.89990234375,4486.10009765625,4487,425
