ts,open,high,low,close,volume
1782864000000,3993.39990234375,3993.89990234375,3987.800048828125,3988.60009765625,245
1782864300000,3988.5,3990.39990234375,3988.300048828125,3988.300048828125,141
1782864600000,3988.300048828125,3989.300048828125,3987,3989,214
1782864900000,3988.60009765625,3989.199951171875,3987.300048828125,3988.800048828125,96
1782865200000,3988.699951171875,3989.89990234375,3987.60009765625,3989.60009765625,156
1782865500000,3989.60009765625,3990.89990234375,3988.89990234375,3990.10009765625,152
1782865800000,3990.10009765625,3993.5,3990.10009765625,3990.60009765625,265
1782866100000,3990.39990234375,3991.10009765625,3987,3987.39990234375,235
1782866400000,3987.10009765625,3987.699951171875,3985.300048828125,3987.699951171875,153
1782866700000,3987.5,3993,3987.10009765625,3992.60009765625,348
1782867000000,3992.39990234375,3994.199951171875,3991.60009765625,3993,253
1782867300000,3993.699951171875,3995.39990234375,3989.199951171875,3989.199951171875,373
1782867600000,3989.10009765625,3989.60009765625,3984.800048828125,3986.39990234375,197
1782867900000,3986.10009765625,3987.699951171875,3985.300048828125,3986,157
1782868200000,3985.800048828125,3985.800048828125,3982.300048828125,3984.800048828125,305
1782868500000,3984.5,3985.5,3982.60009765625,3984.699951171875,228
1782868800000,3984.699951171875,3988,3984.699951171875,3987.5,160
1782869100000,3987.60009765625,3987.60009765625,3985.5,3986.10009765625,161
1782869400000,3986.39990234375,3991.699951171875,3983.300048828125,3989,319
1782869700000,3990,3990.89990234375,3986.300048828125,3988.39990234375,243
1782870000000,3988,3988.300048828125,3984.699951171875,3987.60009765625,342
1782870300000,3986.39990234375,3989.300048828125,3986.300048828125,3988.10009765625,208
1782870600000,3987.800048828125,3990.60009765625,3986.5,3987.5,176
1782870900000,3987.699951171875,3992,3986.5,3986.60009765625,293
1782871200000,3986.60009765625,3990.300048828125,3985.89990234375,3987.800048828125,375
1782871500000,3987.699951171875,3988.699951171875,3977.199951171875,3979.199951171875,1096
1782871800000,3979.5,3981.699951171875,3976.199951171875,3978,527
1782872100000,3978.300048828125,3979.39990234375,3975.89990234375,3979.199951171875,520
1782872400000,3979.39990234375,3982.60009765625,3978.800048828125,3982.10009765625,562
1782872700000,3981.89990234375,3982.60009765625,3980,3980.39990234375,230
1782873000000,3980.60009765625,3981.300048828125,3976.199951171875,3978,393
1782873300000,3977.800048828125,3981,3977,3980.39990234375,292
1782873600000,3980.60009765625,3986.60009765625,3980.39990234375,3984.699951171875,696
1782873900000,3984.800048828125,3986,3981.800048828125,3982.89990234375,545
1782874200000,3983,3986.60009765625,3982.300048828125,3986,265
1782874500000,3986.199951171875,3986.199951171875,3983.800048828125,3985,236
1782874800000,3985,3986.699951171875,3978.5,3979.300048828125,580
1782875100000,3979,3979.39990234375,3973.300048828125,3977.39990234375,795
1782875400000,3977,3977.39990234375,3973.5,3974.5,346
1782875700000,3974.10009765625,3983.800048828125,3973,3983.199951171875,820
1782876000000,3982.800048828125,3984.89990234375,3980.199951171875,3980.5,384
1782876300000,3980.5,3984,3976.89990234375,3977.300048828125,548
1782876600000,3977.39990234375,3978.10009765625,3973.60009765625,3975.89990234375,947
1782876900000,3976.39990234375,3982.699951171875,3976.10009765625,3982.199951171875,309
1782877200000,3982.300048828125,3984.5,3981.300048828125,3984.199951171875,295
1782877500000,3984,3985.89990234375,3982.10009765625,3984,832
1782877800000,3983.89990234375,3988,3983.699951171875,3984,725
1782878100000,3984,3991,3983.800048828125,3988.699951171875,533
1782878400000,3988.800048828125,3989.300048828125,3983.199951171875,3984.60009765625,333
1782878700000,3984.5,3986,3982.89990234375,3984.5,205
1782879000000,3984.39990234375,3987.5,3982.5,3987.5,255
1782879300000,3987.5,3996.10009765625,3987.300048828125,3995.89990234375,614
1782879600000,3995.60009765625,3997.699951171875,3992,3992.300048828125,657
1782879900000,3992.60009765625,3995.60009765625,3991.800048828125,3992,358
1782880200000,3991.89990234375,3992.800048828125,3989,3991.199951171875,228
1782880500000,3990.89990234375,3990.89990234375,3985.800048828125,3986.39990234375,251
1782880800000,3986.10009765625,3992,3985.60009765625,3990.199951171875,234
1782881100000,3990.10009765625,3990.5,3987.699951171875,3988.10009765625,124
1782881400000,3988.39990234375,3990.800048828125,3988,3990.39990234375,118
1782881700000,3990.39990234375,3990.800048828125,3984.5,3987.699951171875,325
1782882000000,3987.199951171875,3989.199951171875,3986,3988.60009765625,186
1782882300000,3988.300048828125,3989.300048828125,3985.89990234375,3986.60009765625,227
1782882600000,3987.300048828125,3990.800048828125,3987.300048828125,3989.10009765625,116
1782882900000,3989,3993.699951171875,3988.89990234375,3991.699951171875,337
1782883200000,3991.699951171875,3992.699951171875,3990.300048828125,3990.60009765625,199
1782883500000,3990.699951171875,3992.300048828125,3990.300048828125,3992.300048828125,131
1782883800000,3991.800048828125,3994.699951171875,3990.800048828125,3993.39990234375,383
1782884100000,3993.39990234375,3995.800048828125,3992.800048828125,3995.60009765625,234
1782884400000,3995.60009765625,3995.699951171875,3992.5,3994.699951171875,218
1782884700000,3995.10009765625,3999.300048828125,3995.10009765625,3998.800048828125,273
1782885000000,3998.5,3998.699951171875,3996.5,3998.5,351
1782885300000,3998.300048828125,3999.300048828125,3996.89990234375,3997.89990234375,254
1782885600000,3997.800048828125,4002.89990234375,3997.699951171875,4001.39990234375,409
1782885900000,4001.300048828125,4003.5,4000.60009765625,4001,287
1782886200000,4000.89990234375,4001.300048828125,3996.39990234375,3997.60009765625,356
1782886500000,3997.800048828125,3998.39990234375,3995.199951171875,3995.5,270
1782886800000,3995.60009765625,3998.60009765625,3994.60009765625,3998.60009765625,159
1782887100000,3998.60009765625,4000.699951171875,3996.60009765625,4000.5,113
1782887400000,4000.39990234375,4005.39990234375,4000.10009765625,4004.5,322
1782887700000,4004.60009765625,4007.60009765625,4002.300048828125,4003,434
1782888000000,4002.89990234375,4003.300048828125,4000,4000.39990234375,281
1782888300000,4000.800048828125,4004.10009765625,4000.199951171875,4004.10009765625,222
1782888600000,4004.89990234375,4007.699951171875,4004.39990234375,4007.199951171875,262
1782888900000,4007.300048828125,4012,4007.300048828125,4011.89990234375,429
1782889200000,4011.5,4021.699951171875,4011.300048828125,4020.199951171875,1101
1782889500000,4020.199951171875,4024.39990234375,4020,4024.10009765625,517
1782889800000,4024,4033,4023.699951171875,4029.800048828125,994
1782890100000,4029.699951171875,4038.5,4028.699951171875,4036.199951171875,952
1782890400000,4036,4039.699951171875,4032.5,4037.800048828125,757
1782890700000,4038.10009765625,4042.60009765625,4035.300048828125,4039.89990234375,735
1782891000000,4040.300048828125,4042.10009765625,4036.89990234375,4038.199951171875,570
1782891300000,4038.300048828125,4040.300048828125,4037.60009765625,4038.300048828125,247
1782891600000,4038.300048828125,4045.800048828125,4037,4043.10009765625,644
1782891900000,4043.300048828125,4048.60009765625,4042.699951171875,4048,569
1782892200000,4047.800048828125,4049.39990234375,4043.39990234375,4046,682
1782892500000,4046.10009765625,4047.300048828125,4043.89990234375,4044,484
1782892800000,4044.5,4047.800048828125,4037.5,4037.60009765625,1050
1782893100000,4037.800048828125,4038.60009765625,4035.39990234375,4036.699951171875,713
1782893400000,4037,4038.300048828125,4033.199951171875,4036,963
1782893700000,4036,4042.199951171875,4035.800048828125,4042.10009765625,651
1782894000000,4041.699951171875,4044,4038.800048828125,4043.10009765625,657
1782894300000,4043.199951171875,4044.199951171875,4039.300048828125,4039.699951171875,387
1782894600000,4039.39990234375,4047.199951171875,4039.39990234375,4042.800048828125,852
1782894900000,4042.89990234375,4044,4037.60009765625,4038,892
1782895200000,4038,4044.89990234375,4037,4040.10009765625,697
1782895500000,4040.5,4041.699951171875,4038.60009765625,4040.199951171875,380
1782895800000,4040.10009765625,4043,4038.800048828125,4039.800048828125,323
1782896100000,4039.800048828125,4041.10009765625,4036.699951171875,4036.800048828125,470
1782896400000,4036.800048828125,4039.10009765625,4030.800048828125,4035.89990234375,1159
1782896700000,4036.10009765625,4036.39990234375,4026.60009765625,4031.699951171875,785
1782897000000,4031.60009765625,4036.300048828125,4028,4034.60009765625,756
1782897300000,4035,4045.89990234375,4035,4038.699951171875,1617
1782897600000,4038.699951171875,4061,4038.39990234375,4057.60009765625,2885
1782897900000,4057.39990234375,4061.699951171875,4052,4061.199951171875,1967
1782898200000,4061.199951171875,4068.699951171875,4055.300048828125,4062.5,2445
1782898500000,4062.800048828125,4086.39990234375,4061.199951171875,4085.699951171875,3254
1782898800000,4084.89990234375,4116,4084,4113.2998046875,5249
1782899100000,4113.10009765625,4122.60009765625,4099.60009765625,4105,4379
1782899400000,4104.7998046875,4113.10009765625,4100.10009765625,4102.2998046875,2411
1782899700000,4102.7998046875,4108,4100.5,4104.2001953125,1676
1782900000000,4104.7998046875,4116.39990234375,4096.89990234375,4100.2001953125,3565
1782900300000,4100,4110.5,4100,4108.7998046875,1765
1782900600000,4109.2998046875,4114.5,4106.89990234375,4107.39990234375,1416
1782900900000,4107.60009765625,4113.2998046875,4103.89990234375,4109,1336
1782901200000,4108.89990234375,4120.7998046875,4108.39990234375,4119.10009765625,2155
1782901500000,4119.5,4121.5,4110.2998046875,4115.2001953125,1475
1782901800000,4115.2001953125,4126.2001953125,4112.7998046875,4125.2001953125,1641
1782902100000,4125.2998046875,4131,4120.2998046875,4120.5,2038
1782902400000,4120.7998046875,4121.5,4106.39990234375,4107.10009765625,1377
1782902700000,4107.7998046875,4110.10009765625,4101.5,4103.39990234375,1131
1782903000000,4103.7998046875,4105.7998046875,4100.7998046875,4103.89990234375,667
1782903300000,4103.7001953125,4109.7001953125,4103.60009765625,4107.89990234375,755
1782903600000,4108,4108.7998046875,4102.5,4104.2998046875,573
1782903900000,4104.2998046875,4108.10009765625,4097.7998046875,4098.7998046875,926
1782904200000,4098.5,4100.60009765625,4095.89990234375,4099.5,795
1782904500000,4099.2001953125,4106.39990234375,4099.2001953125,4101.2001953125,964
1782904800000,4100.89990234375,4104.60009765625,4092.89990234375,4095.199951171875,1081
1782905100000,4095.199951171875,4099,4093.300048828125,4098.2998046875,579
1782905400000,4097.7998046875,4097.7998046875,4092,4092.5,734
1782905700000,4092.300048828125,4095.60009765625,4090.800048828125,4094.89990234375,874
1782906000000,4094.60009765625,4097,4093.10009765625,4096.7001953125,422
1782906300000,4096.39990234375,4099.7001953125,4095.699951171875,4098.2998046875,399
1782906600000,4098.2998046875,4102.60009765625,4097.5,4098.39990234375,469
1782906900000,4098.10009765625,4098.39990234375,4093.800048828125,4095.10009765625,439
1782907200000,4095.5,4101.39990234375,4095.5,4099.60009765625,448
1782907500000,4099.5,4102.89990234375,4098.2998046875,4098.2998046875,382
1782907800000,4098.60009765625,4099.10009765625,4095.89990234375,4097,226
1782908100000,4096.60009765625,4099,4095.5,4098.39990234375,233
1782908400000,4098.10009765625,4099.5,4095,4096.10009765625,328
1782908700000,4096.2001953125,4098.7001953125,4095.800048828125,4096.10009765625,146
1782909000000,4095.89990234375,4097.39990234375,4089.699951171875,4090.60009765625,641
1782909300000,4091,4094.89990234375,4090.89990234375,4091.300048828125,246
1782909600000,4091.5,4091.800048828125,4086.800048828125,4088.10009765625,505
1782909900000,4088.699951171875,4090.300048828125,4086.699951171875,4087.10009765625,415
1782910200000,4087,4088.60009765625,4084.300048828125,4087,469
1782910500000,4087.10009765625,4087.39990234375,4084,4085,286
1782910800000,4084.89990234375,4087.60009765625,4083.60009765625,4085.39990234375,445
1782911100000,4085,4085.199951171875,4081.60009765625,4082.60009765625,467
1782911400000,4083,4085.699951171875,4081.199951171875,4085,459
1782911700000,4085.300048828125,4085.89990234375,4081.60009765625,4083.60009765625,395
1782912000000,4084.199951171875,4085.5,4082.89990234375,4083.800048828125,524
1782912300000,4084.199951171875,4084.60009765625,4081.5,4081.800048828125,1410
1782912600000,4082,4085.800048828125,4081.699951171875,4084.5,434
1782912900000,4084.300048828125,4085.39990234375,4083.699951171875,4084.89990234375,137
1782913200000,4084.60009765625,4087.300048828125,4083.199951171875,4084.800048828125,255
1782913500000,4084.699951171875,4085.39990234375,4084,4084.699951171875,125
1782913800000,4085,4086.5,4083.10009765625,4083.89990234375,153
1782914100000,4083.800048828125,4084.199951171875,4081,4082.199951171875,261
1782914400000,4082.300048828125,4084.39990234375,4081.89990234375,4084.39990234375,201
1782914700000,4083.89990234375,4084.10009765625,4081.60009765625,4081.60009765625,114
1782915000000,4081.699951171875,4084.699951171875,4081,4082.699951171875,302
1782915300000,4082.800048828125,4083,4078.800048828125,4080.800048828125,220
1782915600000,4080.60009765625,4080.89990234375,4077.5,4078.800048828125,293
1782915900000,4079.5,4079.800048828125,4074.60009765625,4074.89990234375,215
1782916200000,4075.300048828125,4079.89990234375,4075.300048828125,4078.60009765625,209
1782916500000,4078.300048828125,4079,4076.800048828125,4077.300048828125,124
1782916800000,4077.5,4077.5,4075,4076.39990234375,235
1782917100000,4076.5,4076.89990234375,4074.300048828125,4075.10009765625,166
1782917400000,4075.5,4076,4071.300048828125,4072.199951171875,459
1782917700000,4072,4076.300048828125,4071.89990234375,4076,166
1782918000000,4075.5,4080,4075.300048828125,4079.89990234375,406
1782918300000,4079.699951171875,4082.199951171875,4078.10009765625,4081.699951171875,207
1782918600000,4081,4081,4078.10009765625,4079.199951171875,336
1782918900000,4079.199951171875,4080,4075.10009765625,4075.39990234375,383
1782919200000,4075.60009765625,4076.300048828125,4070.39990234375,4070.39990234375,907
1782919500000,4070.300048828125,4073.5,4070.300048828125,4072.699951171875,312
1782919800000,4072.800048828125,4073.39990234375,4069,4070.199951171875,264
1782920100000,4070.39990234375,4070.60009765625,4069,4069.300048828125,197
1782920400000,4069.60009765625,4069.60009765625,4066.199951171875,4067.60009765625,398
1782920700000,4067.39990234375,4068,4064.39990234375,4065.699951171875,369
1782921000000,4066,4066.39990234375,4052.800048828125,4055.5,1366
1782921300000,4055.699951171875,4056.300048828125,4048.39990234375,4052.300048828125,1062
1782921600000,4052.199951171875,4053.60009765625,4042.199951171875,4043.800048828125,849
1782921900000,4043.5,4048.699951171875,4042.10009765625,4048.199951171875,395
1782922200000,4047.699951171875,4050.300048828125,4046.800048828125,4049.199951171875,203
1782922500000,4049.199951171875,4050.5,4048,4049.39990234375,94
1782922800000,4049.10009765625,4051.5,4048.5,4051,169
1782923100000,4051.10009765625,4052.800048828125,4050.699951171875,4051.89990234375,118
1782923400000,4051.60009765625,4052.60009765625,4049.699951171875,4049.89990234375,120
1782923700000,4049.699951171875,4050,4047.89990234375,4048.39990234375,123
1782924000000,4048.300048828125,4049.10009765625,4046.800048828125,4047.5,112
1782924300000,4047.5,4047.89990234375,4045.199951171875,4046.5,156
1782924600000,4046.60009765625,4049.5,4045.89990234375,4045.89990234375,293
1782924900000,4046.199951171875,4046.199951171875,4043.800048828125,4044.60009765625,245
1782928800000,4049.199951171875,4051.89990234375,4045.10009765625,4051.89990234375,0
1782929100000,4051.10009765625,4053.60009765625,4047.699951171875,4047.800048828125,200
1782929400000,4048.10009765625,4050.10009765625,4047.60009765625,4049.199951171875,91
1782929700000,4049.39990234375,4050.199951171875,4047.39990234375,4047.800048828125,101
1782930000000,4048.199951171875,4051.800048828125,4047.800048828125,4051,210
1782930300000,4050.60009765625,4051.39990234375,4049.800048828125,4050.60009765625,113
1782930600000,4050.10009765625,4051,4049,4050.199951171875,248
1782930900000,4050.300048828125,4052.60009765625,4049.39990234375,4052.300048828125,180
1782931200000,4052.199951171875,4053,4051,4052,231
1782931500000,4052.300048828125,4056,4052,4055.5,245
1782931800000,4055.800048828125,4056.699951171875,4054.699951171875,4055,132
1782932100000,4054.5,4057.199951171875,4054.5,4057.199951171875,95
1782932400000,4056.800048828125,4057.10009765625,4054.800048828125,4055.5,99
1782932700000,4055.199951171875,4055.300048828125,4053.39990234375,4053.699951171875,131
1782933000000,4054,4054.800048828125,4049.5,4049.60009765625,408
1782933300000,4050.10009765625,4051.699951171875,4048.300048828125,4051.199951171875,148
1782933600000,4051.60009765625,4051.699951171875,4048,4048,148
1782933900000,4048.39990234375,4049.60009765625,4046.10009765625,4049.60009765625,394
1782934200000,4049.699951171875,4052.89990234375,4049.60009765625,4051.5,196
1782934500000,4050.89990234375,4051.800048828125,4047.300048828125,4047.300048828125,117
1782934800000,4047.5,4048.699951171875,4046.5,4048,83
1782935100000,4048,4048.5,4045.5,4046.199951171875,114
1782935400000,4046.300048828125,4049.39990234375,4045.89990234375,4048.60009765625,89
1782935700000,4049,4049,4047.300048828125,4047.39990234375,21
1782936000000,4047.10009765625,4048.39990234375,4042.800048828125,4045.199951171875,317
1782936300000,4045.5,4052.800048828125,4045.10009765625,4051.60009765625,408
1782936600000,4051.60009765625,4058.89990234375,4051.5,4057.39990234375,387
1782936900000,4056,4058.199951171875,4052.10009765625,4053.199951171875,240
1782937200000,4053.60009765625,4059,4053,4058.89990234375,249
1782937500000,4058.60009765625,4060.699951171875,4056.300048828125,4058.39990234375,188
1782937800000,4059,4059.39990234375,4054.800048828125,4057.300048828125,268
1782938100000,4057.10009765625,4058.699951171875,4054.39990234375,4054.89990234375,160
1782938400000,4055,4055,4050,4050.89990234375,243
1782938700000,4051.39990234375,4065,4051.39990234375,4063,524
1782939000000,4062.60009765625,4064.89990234375,4061.699951171875,4062.39990234375,254
1782939300000,4063.199951171875,4064.10009765625,4060.800048828125,4063.5,134
1782939600000,4063.5,4080.5,4062.39990234375,4077.199951171875,1448
1782939900000,4076.699951171875,4078.39990234375,4072.39990234375,4076.199951171875,278
1782940200000,4077,4080,4076.10009765625,4076.89990234375,250
1782940500000,4077.300048828125,4077.60009765625,4071.39990234375,4072.5,297
1782940800000,4072.89990234375,4073.10009765625,4063.800048828125,4064.199951171875,472
1782941100000,4064.300048828125,4067.39990234375,4062.199951171875,4065.199951171875,328
1782941400000,4065.60009765625,4066.800048828125,4058,4059.800048828125,329
1782941700000,4060.300048828125,4065,4058.699951171875,4065,207
1782942000000,4064.89990234375,4067.5,4059.800048828125,4059.800048828125,351
1782942300000,4059.5,4065.699951171875,4057,4064.800048828125,246
1782942600000,4064.5,4067.39990234375,4063.699951171875,4066.60009765625,175
1782942900000,4066.60009765625,4068.800048828125,4061.300048828125,4062.39990234375,220
1782943200000,4062.60009765625,4063.300048828125,4055.699951171875,4059.199951171875,261
1782943500000,4059.60009765625,4059.60009765625,4054.5,4056.5,170
1782943800000,4056.300048828125,4060.60009765625,4053.300048828125,4060.5,184
1782944100000,4060.60009765625,4066.60009765625,4060.199951171875,4066,317
1782944400000,4066,4067,4061,4063,164
1782944700000,4063,4065,4062.5,4063.89990234375,86
1782945000000,4063.699951171875,4066.10009765625,4060,4062.60009765625,250
1782945300000,4062.199951171875,4066.39990234375,4061.699951171875,4063.199951171875,141
1782945600000,4063.60009765625,4069.39990234375,4062.5,4068.300048828125,209
1782945900000,4068.5,4070.89990234375,4066.5,4069.10009765625,201
1782946200000,4069.300048828125,4071.39990234375,4068.300048828125,4070,167
1782946500000,4069.60009765625,4073.199951171875,4069.10009765625,4069.199951171875,197
1782946800000,4069.39990234375,4071.800048828125,4068.699951171875,4068.699951171875,159
1782947100000,4069,4072,4067.800048828125,4068,158
1782947400000,4068.199951171875,4071,4067.699951171875,4069.89990234375,147
1782947700000,4069.89990234375,4072.39990234375,4069.89990234375,4070.699951171875,207
1782948000000,4070.800048828125,4074.300048828125,4070.5,4074,342
1782948300000,4073.60009765625,4079.199951171875,4073,4077.199951171875,403
1782948600000,4077.300048828125,4078.89990234375,4075.39990234375,4076.10009765625,272
1782948900000,4075.89990234375,4078,4073.800048828125,4076.699951171875,274
1782949200000,4076.800048828125,4080,4076.800048828125,4078,250
1782949500000,4078.199951171875,4081.199951171875,4075,4080.800048828125,322
1782949800000,4080.800048828125,4084.89990234375,4079.89990234375,4084,301
1782950100000,4084.10009765625,4086.300048828125,4082.300048828125,4082.300048828125,241
1782950400000,4082.10009765625,4084.699951171875,4081.800048828125,4083.199951171875,253
1782950700000,4083.39990234375,4085,4082.699951171875,4083.10009765625,76
1782951000000,4082.5,4083.10009765625,4080.199951171875,4082.39990234375,123
1782951300000,4082.5,4082.60009765625,4078.39990234375,4079.300048828125,100
1782951600000,4079.5,4079.60009765625,4076.5,4076.5,161
1782951900000,4076.699951171875,4078.60009765625,4076.199951171875,4077.89990234375,150
1782952200000,4077.800048828125,4078.699951171875,4074.800048828125,4075.60009765625,99
1782952500000,4075.10009765625,4076.39990234375,4074.5,4075.300048828125,74
1782952800000,4075,4076.10009765625,4073.300048828125,4075.39990234375,106
1782953100000,4075.199951171875,4075.199951171875,4073.60009765625,4074,41
1782953400000,4074.39990234375,4077.10009765625,4074.39990234375,4075.199951171875,89
1782953700000,4075,4075.800048828125,4072.699951171875,4073.199951171875,229
1782954000000,4073.10009765625,4073.39990234375,4069.5,4071.199951171875,302
1782954300000,4071.199951171875,4072.800048828125,4069.699951171875,4070.199951171875,91
1782954600000,4070.300048828125,4071,4066.199951171875,4067.5,344
1782954900000,4067.60009765625,4070.699951171875,4066.699951171875,4070.699951171875,205
1782955200000,4070.60009765625,4074.60009765625,4070.199951171875,4073.5,193
1782955500000,4073.300048828125,4074,4069.300048828125,4069.60009765625,296
1782955800000,4069.699951171875,4074.10009765625,4065.199951171875,4067.10009765625,500
1782956100000,4067.89990234375,4078.10009765625,4067.300048828125,4074.699951171875,446
1782956400000,4074.60009765625,4076,4073.199951171875,4074,152
1782956700000,4073.699951171875,4077,4072.199951171875,4072.800048828125,183
1782957000000,4072.89990234375,4077.10009765625,4072.89990234375,4076.300048828125,154
1782957300000,4076,4079.800048828125,4074.60009765625,4078.199951171875,387
1782957600000,4078.300048828125,4088.10009765625,4077.89990234375,4082.60009765625,912
1782957900000,4082.800048828125,4085.89990234375,4080.60009765625,4082.199951171875,374
1782958200000,4082,4084.39990234375,4080.5,4080.89990234375,268
1782958500000,4081,4087.300048828125,4079.699951171875,4086.89990234375,275
1782958800000,4086.89990234375,4092.5,4086.699951171875,4090.699951171875,602
1782959100000,4090.60009765625,4092.5,4086.60009765625,4086.60009765625,424
1782959400000,4086.800048828125,4089.699951171875,4086.10009765625,4088.60009765625,187
1782959700000,4088.699951171875,4088.699951171875,4084.10009765625,4085.10009765625,276
1782960000000,4085,4085.300048828125,4078.5,4080.699951171875,191
1782960300000,4080.60009765625,4086.39990234375,4079.300048828125,4086.199951171875,228
1782960600000,4085.5,4087.60009765625,4082.199951171875,4085.39990234375,368
1782960900000,4085.199951171875,4089.10009765625,4084.800048828125,4086.199951171875,263
1782961200000,4086,4086.199951171875,4079.60009765625,4082,234
1782961500000,4082.10009765625,4084.89990234375,4080.10009765625,4084.89990234375,178
1782961800000,4084.5,4086.89990234375,4079.60009765625,4080.10009765625,322
1782962100000,4079.800048828125,4080.89990234375,4077.10009765625,4077.10009765625,233
1782962400000,4077.10009765625,4079.60009765625,4074,4074.300048828125,441
1782962700000,4074,4077.39990234375,4073.5,4075.5,177
1782963000000,4075.300048828125,4077.199951171875,4073.39990234375,4076.39990234375,238
1782963300000,4076.60009765625,4083.699951171875,4075.89990234375,4083.5,267
1782963600000,4083.60009765625,4088.199951171875,4083,4086.800048828125,285
1782963900000,4086.800048828125,4087.10009765625,4079.800048828125,4082.300048828125,268
1782964200000,4083,4083,4078.10009765625,4079.199951171875,108
1782964500000,4078.800048828125,4079.699951171875,4076.10009765625,4076.60009765625,149
1782964800000,4076.5,4079.199951171875,4073.60009765625,4078.60009765625,286
1782965100000,4078.300048828125,4084.300048828125,4078.199951171875,4083.89990234375,312
1782965400000,4083.60009765625,4086.60009765625,4080.89990234375,4081.89990234375,241
1782965700000,4082.39990234375,4085.60009765625,4080.89990234375,4085.60009765625,217
1782966000000,4086.5,4090.199951171875,4085.39990234375,4087.699951171875,325
1782966300000,4087.699951171875,4088,4085.60009765625,4087.199951171875,161
1782966600000,4087.300048828125,4087.89990234375,4084.60009765625,4086.300048828125,221
1782966900000,4085.699951171875,4088.300048828125,4084.39990234375,4087.699951171875,217
1782967200000,4087.699951171875,4090.39990234375,4086.60009765625,4087.60009765625,315
1782967500000,4087.89990234375,4092.5,4085.699951171875,4089.199951171875,337
1782967800000,4088.800048828125,4091.300048828125,4085.39990234375,4090.800048828125,360
1782968100000,4091.10009765625,4092.60009765625,4088.300048828125,4089.10009765625,234
1782968400000,4088.39990234375,4089.5,4086.800048828125,4088.199951171875,164
1782968700000,4087.89990234375,4087.89990234375,4082,4083.39990234375,309
1782969000000,4084,4085.10009765625,4082.800048828125,4085,111
1782969300000,4084.699951171875,4086.300048828125,4081.89990234375,4084.199951171875,258
1782969600000,4083.800048828125,4084.39990234375,4079.800048828125,4080.10009765625,212
1782969900000,4080.10009765625,4080.300048828125,4078.5,4079.89990234375,295
1782970200000,4080,4080.60009765625,4075.699951171875,4078.199951171875,969
1782970500000,4078.10009765625,4079.800048828125,4077.300048828125,4079.800048828125,214
1782970800000,4079.89990234375,4084.300048828125,4078,4081.5,228
1782971100000,4081.60009765625,4084.699951171875,4080.5,4081.199951171875,200
1782971400000,4081.39990234375,4082.89990234375,4078.39990234375,4078.39990234375,308
1782971700000,4077.89990234375,4079.699951171875,4076.89990234375,4077.60009765625,298
1782972000000,4077.89990234375,4079.10009765625,4075.300048828125,4076.60009765625,394
1782972300000,4076.10009765625,4077.89990234375,4075.5,4077.10009765625,126
1782972600000,4077.10009765625,4078.699951171875,4075,4075.800048828125,290
1782972900000,4075.699951171875,4078.89990234375,4074.5,4077.89990234375,291
1782973200000,4078.199951171875,4080.699951171875,4077,4079.60009765625,338
1782973500000,4079.699951171875,4080.199951171875,4078,4078.699951171875,126
1782973800000,4078.699951171875,4079.10009765625,4076.60009765625,4078.60009765625,169
1782974100000,4078.199951171875,4079.300048828125,4075.800048828125,4076.300048828125,277
1782974400000,4076.10009765625,4081.60009765625,4076.10009765625,4077.199951171875,395
1782974700000,4077,4077.10009765625,4074.199951171875,4074.199951171875,219
1782975000000,4074.300048828125,4077,4074.300048828125,4076.199951171875,158
1782975300000,4076.10009765625,4080.300048828125,4074.89990234375,4078.60009765625,521
1782975600000,4079.10009765625,4079.39990234375,4071.89990234375,4072.199951171875,518
1782975900000,4072.10009765625,4073,4069.699951171875,4071.699951171875,477
1782976200000,4072,4075.699951171875,4072,4075.699951171875,402
1782976500000,4075.800048828125,4079.39990234375,4074.89990234375,4077.60009765625,721
1782976800000,4077.89990234375,4077.89990234375,4075,4076.5,292
1782977100000,4076.10009765625,4078.300048828125,4074.89990234375,4077.199951171875,233
1782977400000,4077.800048828125,4079.199951171875,4076.39990234375,4077.199951171875,215
1782977700000,4077.39990234375,4079.300048828125,4075.39990234375,4079,190
1782978000000,4079,4083.800048828125,4077.39990234375,4083.300048828125,434
1782978300000,4083.5,4084.5,4080.39990234375,4083.39990234375,406
1782978600000,4083.5,4084.300048828125,4082.10009765625,4082.699951171875,115
1782978900000,4082.60009765625,4083.300048828125,4077.5,4077.5,345
1782979200000,4077.300048828125,4079,4074.800048828125,4078.800048828125,432
1782979500000,4079.10009765625,4085.800048828125,4079,4081.800048828125,562
1782979800000,4082.199951171875,4083.300048828125,4073.39990234375,4076.300048828125,555
1782980100000,4076.60009765625,4077.10009765625,4074.10009765625,4074.300048828125,474
1782980400000,4074.199951171875,4081.10009765625,4074.199951171875,4079.199951171875,555
1782980700000,4079.89990234375,4082.10009765625,4074.89990234375,4078.39990234375,645
1782981000000,4078.199951171875,4141.39990234375,4076.699951171875,4140,10393
1782981300000,4140.5,4152.2001953125,4137.10009765625,4150.39990234375,4000
1782981600000,4149.89990234375,4154.2001953125,4143.60009765625,4145.5,2199
1782981900000,4145.7001953125,4147.2001953125,4133.10009765625,4138.10009765625,2243
1782982200000,4137.89990234375,4143.89990234375,4132.2998046875,4133,1407
1782982500000,4133.60009765625,4134.60009765625,4124.7001953125,4130.5,1860
1782982800000,4130.7998046875,4143.2001953125,4128.7001953125,4140.10009765625,2574
1782983100000,4140.10009765625,4140.10009765625,4128.7001953125,4131,1172
1782983400000,4130.2998046875,4139.5,4130.2998046875,4137.2001953125,836
1782983700000,4136.7998046875,4137.2001953125,4127.5,4131.7998046875,844
1782984000000,4131.60009765625,4133.2998046875,4125.7998046875,4126.7001953125,842
1782984300000,4126.7001953125,4130,4121.7001953125,4125.7998046875,915
1782984600000,4125.39990234375,4142.7998046875,4122.60009765625,4141.2998046875,2011
1782984900000,4140.89990234375,4151.2998046875,4139.60009765625,4148.10009765625,1693
1782985200000,4148.39990234375,4151,4139.7001953125,4147.10009765625,1389
1782985500000,4147.60009765625,4156.2998046875,4146.7001953125,4153.7998046875,1419
1782985800000,4153.7001953125,4157.10009765625,4145.39990234375,4146.60009765625,1404
1782986100000,4146.60009765625,4153.89990234375,4145.39990234375,4149.7998046875,737
1782986400000,4149.60009765625,4151.60009765625,4140.7998046875,4143.2998046875,1151
1782986700000,4143.60009765625,4147.60009765625,4140.7001953125,4140.7001953125,881
1782987000000,4140.5,4144,4136.89990234375,4141.2998046875,1053
1782987300000,4141.39990234375,4149.2998046875,4139.7001953125,4143.5,1116
1782987600000,4143.5,4143.5,4133.89990234375,4136,918
1782987900000,4136.2998046875,4137.10009765625,4127,4129.10009765625,806
1782988200000,4129.60009765625,4138.7998046875,4127.7998046875,4132.7001953125,1253
1782988500000,4132.7998046875,4134,4129.5,4131.39990234375,605
1782988800000,4131.39990234375,4133.7998046875,4127.7001953125,4131.5,704
1782989100000,4131.89990234375,4136,4129,4135.2998046875,616
1782989400000,4135.7998046875,4139.39990234375,4134,4137.10009765625,584
1782989700000,4137.5,4143,4137.10009765625,4141.89990234375,578
1782990000000,4141.89990234375,4144.7001953125,4139,4140.2001953125,819
1782990300000,4140.5,4140.89990234375,4127.7998046875,4133.89990234375,995
1782990600000,4134.2998046875,4144,4134.2998046875,4139.89990234375,750
1782990900000,4139.7001953125,4142.10009765625,4133.60009765625,4135.39990234375,776
1782991200000,4135.39990234375,4144.60009765625,4135.2998046875,4142.7998046875,761
1782991500000,4142.7001953125,4143.2001953125,4135.2001953125,4135.7001953125,840
1782991800000,4135.7001953125,4144.10009765625,4135.60009765625,4143.2001953125,416
1782992100000,4143.39990234375,4144.2998046875,4140.2998046875,4140.60009765625,447
1782992400000,4141,4141.89990234375,4137.60009765625,4138.5,348
1782992700000,4138.2998046875,4143.2001953125,4138.2998046875,4141.7001953125,292
1782993000000,4141.39990234375,4141.5,4137.2001953125,4141.5,374
1782993300000,4141.5,4142.60009765625,4138.39990234375,4141.39990234375,178
1782993600000,4141.7001953125,4143.2001953125,4137.60009765625,4139.5,315
1782993900000,4139.39990234375,4140.2998046875,4134.60009765625,4135.5,320
1782994200000,4135.60009765625,4139,4134.89990234375,4136.39990234375,313
1782994500000,4136.5,4137,4133.60009765625,4136.2001953125,311
1782994800000,4136,4136.7001953125,4128.7001953125,4129.5,752
1782995100000,4130,4132.2998046875,4127.7998046875,4129,345
1782995400000,4128.60009765625,4128.89990234375,4114.5,4115.7998046875,1544
1782995700000,4116.10009765625,4123.7998046875,4113,4123.10009765625,985
1782996000000,4123.2001953125,4129.60009765625,4122.60009765625,4127.5,580
1782996300000,4127.7001953125,4131.39990234375,4126.89990234375,4130.2001953125,421
1782996600000,4130.60009765625,4133.89990234375,4128,4130.7001953125,414
1782996900000,4130.7001953125,4132.2998046875,4128.7998046875,4131.2001953125,399
1782997200000,4131.10009765625,4132.60009765625,4127.39990234375,4129.10009765625,599
1782997500000,4128.7998046875,4133.2998046875,4126.5,4129.89990234375,437
1782997800000,4129.89990234375,4131.60009765625,4127.89990234375,4131.39990234375,280
1782998100000,4131.39990234375,4133.10009765625,4129.2001953125,4130.2001953125,446
1782998400000,4129.60009765625,4130.7001953125,4124.7998046875,4127.89990234375,563
1782998700000,4128.10009765625,4129.39990234375,4124.2998046875,4125.89990234375,1767
1782999000000,4125.5,4127.60009765625,4123.39990234375,4125.2001953125,447
1782999300000,4124.60009765625,4126.5,4121.2001953125,4122.10009765625,245
1782999600000,4122,4122.5,4118.7998046875,4120.39990234375,246
1782999900000,4120,4123,4119.10009765625,4122.2998046875,231
1783000200000,4121.7998046875,4123.2001953125,4119.39990234375,4122.5,328
1783000500000,4122.2001953125,4122.7001953125,4118.5,4119.5,110
1783000800000,4119.7001953125,4127.39990234375,4118.60009765625,4127.39990234375,274
1783001100000,4126.89990234375,4135.7001953125,4126.7998046875,4135.2998046875,553
1783001400000,4136.2001953125,4137,4131.60009765625,4131.89990234375,352
1783001700000,4132.7998046875,4133.39990234375,4128.7001953125,4130,235
1783002000000,4130,4131.39990234375,4129.10009765625,4131.10009765625,137
1783002300000,4131.7998046875,4136.2998046875,4131.7998046875,4136.2001953125,223
1783002600000,4136.10009765625,4140.60009765625,4136,4138.2998046875,291
1783002900000,4138.39990234375,4139.39990234375,4137.2001953125,4138,142
1783003200000,4137.7998046875,4138.2001953125,4134.2998046875,4134.7001953125,367
1783003500000,4134.39990234375,4135.2998046875,4133,4135.2998046875,191
1783003800000,4135,4137.5,4134.10009765625,4134.5,220
1783004100000,4134.2001953125,4135.89990234375,4133.89990234375,4135.89990234375,97
1783004400000,4136.2001953125,4137.5,4130.60009765625,4130.7001953125,191
1783004700000,4131.39990234375,4132.7001953125,4128.89990234375,4129.60009765625,272
1783005000000,4129.7001953125,4130.10009765625,4126.2001953125,4127.7001953125,212
1783005300000,4127.39990234375,4128,4124.89990234375,4125.2001953125,153
1783005600000,4125,4125.39990234375,4121.60009765625,4122,148
1783005900000,4121.89990234375,4126.7998046875,4121.2998046875,4125.89990234375,182
1783006200000,4125.89990234375,4127.89990234375,4124.7001953125,4126.7998046875,139
1783006500000,4126.60009765625,4126.7998046875,4124.39990234375,4126,147
1783006800000,4125.7998046875,4127.2001953125,4125.5,4126.60009765625,113
1783007100000,4126.7001953125,4128.89990234375,4125.7001953125,4128.89990234375,123
1783007400000,4129,4136.89990234375,4128.7998046875,4136.89990234375,445
1783007700000,4137,4137.10009765625,4132.7998046875,4134,406
1783008000000,4134.2001953125,4134.5,4129.39990234375,4133.2998046875,548
1783008300000,4133.39990234375,4135.7998046875,4133,4134.7998046875,191
1783008600000,4134.60009765625,4134.60009765625,4132.7001953125,4133,103
1783008900000,4132.89990234375,4135.2001953125,4132.2001953125,4135.2001953125,135
1783009200000,4135.10009765625,4138.2998046875,4135.10009765625,4136.39990234375,349
1783009500000,4136.60009765625,4137.39990234375,4136.2001953125,4136.7001953125,82
1783009800000,4136.5,4138,4136.39990234375,4136.39990234375,79
1783010100000,4136.5,4136.89990234375,4134.7998046875,4135.10009765625,229
1783010400000,4134.2998046875,4135.7001953125,4134,4134.2001953125,75
1783010700000,4133.7998046875,4134.10009765625,4132.5,4132.89990234375,116
1783011000000,4132.60009765625,4134.89990234375,4131.7998046875,4134.5,134
1783011300000,4134.5,4137.10009765625,4134.5,4135.5,192
1783015200000,4138,4139.5,4137.2001953125,4138.39990234375,0
1783015500000,4138,4140.60009765625,4137.2001953125,4140.39990234375,68
1783015800000,4140.39990234375,4141.10009765625,4137.2998046875,4137.7998046875,57
1783016100000,4137.39990234375,4138,4136.2001953125,4137.60009765625,49
1783016400000,4137.2001953125,4138,4135.7001953125,4136.2001953125,77
1783016700000,4136.2001953125,4137,4135.10009765625,4137,150
1783017000000,4136.7998046875,4138.10009765625,4136.10009765625,4138.10009765625,53
1783017300000,4138.7001953125,4138.7998046875,4137.2001953125,4137.2998046875,25
1783017600000,4137.2998046875,4137.2998046875,4135.10009765625,4135.89990234375,35
1783017900000,4136,4137,4135.5,4136.5,27
1783018200000,4136.2998046875,4136.39990234375,4135.39990234375,4136.10009765625,31
1783018500000,4136.2001953125,4138.89990234375,4136.2001953125,4137.10009765625,124
1783018800000,4137.2001953125,4139.2001953125,4137.2001953125,4137.7001953125,37
1783019100000,4137.89990234375,4139.7998046875,4136.89990234375,4139.2998046875,101
1783019400000,4139.5,4139.7001953125,4137.7998046875,4138.2001953125,37
1783019700000,4137.60009765625,4140.39990234375,4137,4137.7998046875,153
1783020000000,4138,4140,4137.2998046875,4139.7001953125,79
1783020300000,4139.7998046875,4142.7001953125,4139.7998046875,4142.2998046875,134
1783020600000,4142.10009765625,4149.10009765625,4138.7998046875,4138.7998046875,425
1783020900000,4139.7998046875,4140.2998046875,4134.2001953125,4135.7001953125,225
1783021200000,4135.60009765625,4139.5,4133.7998046875,4137.60009765625,339
1783021500000,4137.89990234375,4143.2001953125,4137.60009765625,4143,118
1783021800000,4143.2998046875,4143.7998046875,4137,4141.39990234375,266
1783022100000,4141.10009765625,4144.60009765625,4138,4139.2001953125,423
1783022400000,4139,4145.5,4135.89990234375,4144.60009765625,382
1783022700000,4145.39990234375,4145.39990234375,4137.89990234375,4141.60009765625,291
1783023000000,4141.7998046875,4150.60009765625,4139.7998046875,4147.5,281
1783023300000,4147.5,4149.2998046875,4144.7998046875,4148.60009765625,240
1783023600000,4148.7001953125,4153.89990234375,4148.39990234375,4151.5,473
1783023900000,4151.39990234375,4154,4149.7001953125,4150.39990234375,136
1783024200000,4150.2998046875,4151.2998046875,4145.89990234375,4147.5,159
1783024500000,4147.5,4152.5,4147,4150.2998046875,123
1783024800000,4150.2998046875,4151.7998046875,4146.7998046875,4149.5,115
1783025100000,4148.5,4154,4147.5,4153.89990234375,149
1783025400000,4154,4161.10009765625,4152.89990234375,4159.7998046875,507
1783025700000,4159.89990234375,4164,4159.7001953125,4160,454
1783026000000,4159.7998046875,4174.5,4159.5,4174.5,960
1783026300000,4173.89990234375,4188.89990234375,4171.89990234375,4185.2001953125,1085
1783026600000,4185.10009765625,4192,4179.89990234375,4188.7001953125,1044
1783026900000,4188.7001953125,4194,4186.10009765625,4190.60009765625,820
1783027200000,4191.5,4206.7001953125,4191.2001953125,4204.2001953125,1171
1783027500000,4204.2001953125,4205.39990234375,4198.39990234375,4199.7998046875,920
1783027800000,4199.7001953125,4206,4194.7998046875,4205.2001953125,1143
1783028100000,4205.2001953125,4208.2998046875,4196.89990234375,4196.89990234375,689
1783028400000,4197.5,4197.5,4191.2001953125,4192.2001953125,497
1783028700000,4192.2001953125,4195.39990234375,4188.7001953125,4193.39990234375,294
1783029000000,4193.39990234375,4194,4187.7998046875,4192.2998046875,382
1783029300000,4192,4196.60009765625,4191.5,4194.89990234375,413
1783029600000,4194.5,4196.7998046875,4189.60009765625,4192.10009765625,229
1783029900000,4191.7001953125,4194.5,4191,4192.10009765625,100
1783030200000,4192.7998046875,4194.39990234375,4191.5,4192.60009765625,136
1783030500000,4192.2001953125,4194.2998046875,4189.2998046875,4189.39990234375,130
1783030800000,4190,4193.7001953125,4190,4191.39990234375,116
1783031100000,4191,4192.5,4189.60009765625,4191.89990234375,183
1783031400000,4192,4196,4190.89990234375,4193.39990234375,318
1783031700000,4193.60009765625,4199.7998046875,4192.5,4199,406
1783032000000,4199.2998046875,4199.89990234375,4194.60009765625,4196.5,316
1783032300000,4196.7998046875,4197.10009765625,4192,4193.2001953125,235
1783032600000,4193.39990234375,4199,4192,4196.7001953125,411
1783032900000,4196.7998046875,4199.7001953125,4195.2001953125,4196.7998046875,241
1783033200000,4196.7998046875,4197.5,4192.7998046875,4195.10009765625,276
1783033500000,4194.7001953125,4196.10009765625,4193.5,4194.39990234375,130
1783033800000,4195.2998046875,4196.89990234375,4194.89990234375,4195.7001953125,136
1783034100000,4196.2001953125,4196.60009765625,4194.5,4195,99
1783034400000,4194.5,4196.2998046875,4192.39990234375,4193.2998046875,173
1783034700000,4193,4195.7998046875,4192.89990234375,4194.5,86
1783035000000,4194.89990234375,4196,4192.5,4194.7998046875,197
1783035300000,4195,4195.60009765625,4192.2001953125,4193.39990234375,219
1783035600000,4193.2998046875,4195.2001953125,4190.2001953125,4190.60009765625,301
1783035900000,4190.5,4192.39990234375,4189.2998046875,4189.5,176
1783036200000,4189.5,4190.89990234375,4189.10009765625,4189.5,99
1783036500000,4189.60009765625,4189.7998046875,4188.39990234375,4188.5,172
1783274400000,4187.5,4199.7001953125,4184.39990234375,4191.7998046875,664
1783274700000,4191.89990234375,4198.2001953125,4190.39990234375,4190.39990234375,397
1783275000000,4192.5,4195,4190.89990234375,4192.7001953125,160
1783275300000,4193.5,4194.5,4187.2998046875,4189.2998046875,226
1783275600000,4190,4195.39990234375,4187.2998046875,4194.89990234375,79
1783275900000,4193.89990234375,4197.89990234375,4192.10009765625,4197.39990234375,256
1783276200000,4196.2998046875,4200.39990234375,4194.7998046875,4198.10009765625,205
1783276500000,4198.10009765625,4203.5,4197.39990234375,4202.2001953125,285
1783276800000,4202.60009765625,4202.7001953125,4187.2998046875,4200.10009765625,165
1783277100000,4200.2001953125,4202.39990234375,4187.2998046875,4196,239
1783277400000,4196.7001953125,4199.39990234375,4194.7998046875,4197.2001953125,239
1783277700000,4197.89990234375,4201.7001953125,4196.7998046875,4200.10009765625,220
1783278000000,4200.60009765625,4203.5,4199.89990234375,4201.7001953125,290
1783278300000,4201.7998046875,4203.10009765625,4187.2998046875,4201.5,91
1783278600000,4201.39990234375,4202.7001953125,4187.2998046875,4199.60009765625,147
1783278900000,4199.5,4202,4198.5,4200.2001953125,121
1783279200000,4200.60009765625,4203.5,4200.60009765625,4201.89990234375,130
1783279500000,4201.60009765625,4214.10009765625,4201.60009765625,4212.10009765625,744
1783279800000,4212.2998046875,4213.7001953125,4187.2998046875,4206.7001953125,493
1783280100000,4206.7998046875,4210.89990234375,4187.2998046875,4209.39990234375,203
1783280400000,4210.60009765625,4211.10009765625,4208.7001953125,4208.7001953125,168
1783280700000,4208.2998046875,4209.2998046875,4189.7998046875,4194.2998046875,837
1783281000000,4194.60009765625,4196.39990234375,4193.2001953125,4194.60009765625,145
1783281300000,4194.60009765625,4197.7001953125,4187.2998046875,4195.2001953125,139
1783281600000,4195.7998046875,4197.5,4182.39990234375,4187.60009765625,578
1783281900000,4188,4191.2001953125,4183.5,4189.5,316
1783282200000,4188.2001953125,4189.7998046875,4186,4186.89990234375,100
1783282500000,4187.2998046875,4193.89990234375,4186.7998046875,4190.7998046875,286
1783282800000,4190.2001953125,4191.2998046875,4187.2998046875,4188.39990234375,99
1783283100000,4190,4190,4183,4186.39990234375,367
1783283400000,4187.10009765625,4194,4186.2001953125,4193,291
1783283700000,4191.7998046875,4196.7001953125,4190,4196.39990234375,189
1783284000000,4196.2998046875,4199.60009765625,4194.7998046875,4197.60009765625,256
1783284300000,4198.2001953125,4200.7001953125,4187.2998046875,4197,220
1783284600000,4197.10009765625,4197.2001953125,4187.2998046875,4194.60009765625,129
1783284900000,4195.5,4199.89990234375,4186,4191.60009765625,585
1783285200000,4190.5,4204.39990234375,4184.2998046875,4199,739
1783285500000,4198.7998046875,4198.7998046875,4188,4193.39990234375,371
1783285800000,4192.89990234375,4201.2998046875,4187.2998046875,4200.60009765625,350
1783286100000,4200.60009765625,4204.7998046875,4187.2998046875,4200.7998046875,322
1783286400000,4200.7001953125,4202,4192,4195.60009765625,155
1783286700000,4196.2998046875,4201.39990234375,4195,4201.39990234375,234
1783287000000,4201.5,4209.5,4199.2001953125,4209.5,363
1783287300000,4209.89990234375,4212.60009765625,4187.2998046875,4208.2998046875,534
1783287600000,4208.39990234375,4212.7001953125,4187.2998046875,4209.89990234375,218
1783287900000,4209.10009765625,4215.5,4206.2998046875,4206.89990234375,666
1783288200000,4207.10009765625,4207.2998046875,4202.2998046875,4203.39990234375,235
1783288500000,4202.60009765625,4207,4197.7001953125,4198.10009765625,240
1783288800000,4198.5,4200.10009765625,4187.2998046875,4187.2998046875,414
1783289100000,4197.2998046875,4197.2998046875,4190.89990234375,4192.7001953125,428
1783289400000,4192.7001953125,4194.2998046875,4189.2998046875,4193.2001953125,408
1783289700000,4193.10009765625,4196.2001953125,4191.2001953125,4195.5,286
1783290000000,4195.5,4198.60009765625,4187.7998046875,4190.39990234375,434
1783290300000,4190.5,4192.2998046875,4187.2998046875,4189.39990234375,234
1783290600000,4189.2998046875,4190.60009765625,4184,4186.39990234375,410
1783290900000,4185.7998046875,4187.39990234375,4180.2998046875,4184.89990234375,352
1783291200000,4185.10009765625,4187.60009765625,4183,4183.7001953125,215
1783291500000,4184.7998046875,4187.39990234375,4184.5,4185.89990234375,134
1783291800000,4186.10009765625,4187.39990234375,4184.39990234375,4187.2998046875,131
1783292100000,4185.2998046875,4187,4181.89990234375,4185.5,180
1783292400000,4185.89990234375,4187.89990234375,4178,4182.2001953125,580
1783292700000,4182.7998046875,4183,4177.60009765625,4179.7001953125,322
1783293000000,4179,4183.89990234375,4177.10009765625,4178.39990234375,195
1783293300000,4178.10009765625,4187.2998046875,4176.10009765625,4177.2001953125,120
1783293600000,4177.10009765625,4178.2001953125,4174.7001953125,4174.7998046875,297
1783293900000,4174.89990234375,4178.5,4174.10009765625,4177.5,154
1783294200000,4177.2001953125,4179.39990234375,4176.5,4177.39990234375,102
1783294500000,4178,4181,4177.2998046875,4177.2998046875,142
1783294800000,4177.2998046875,4187.2998046875,4172.7001953125,4174.5,192
1783295100000,4174.5,4176.5,4174.5,4174.7998046875,50
1783295400000,4174.60009765625,4176,4173,4174.5,134
1783295700000,4174.7001953125,4178.60009765625,4174.10009765625,4177,121
1783296000000,4177,4178.39990234375,4173.2998046875,4175,145
1783296300000,4174.7998046875,4175.2001953125,4172.5,4172.89990234375,87
1783296600000,4173.60009765625,4175.89990234375,4173.60009765625,4175.39990234375,56
1783296900000,4175,4187.2998046875,4174.7998046875,4175.60009765625,74
1783297200000,4175.7001953125,4175.7001953125,4171.7998046875,4175,113
1783297500000,4174.60009765625,4175.10009765625,4172.7998046875,4173.2998046875,173
1783297800000,4173.2001953125,4174.60009765625,4169.2001953125,4171.89990234375,287
1783298100000,4171.39990234375,4172.7998046875,4170,4171.2001953125,175
1783298400000,4171,4187.2998046875,4170.7998046875,4172.10009765625,42
1783298700000,4171.7998046875,4172.7001953125,4170,4172,62
1783299000000,4171.7001953125,4172.7998046875,4169.7998046875,4170.10009765625,186
1783299300000,4171,4172.89990234375,4169.89990234375,4171.5,86
1783299600000,4171.2001953125,4187.2998046875,4165.7001953125,4166.10009765625,312
1783299900000,4165.7998046875,4187.2998046875,4163.60009765625,4165.60009765625,364
1783300200000,4165.2001953125,4167.7001953125,4162.60009765625,4163.5,216
1783300500000,4163.7001953125,4165,4162.39990234375,4163.2001953125,211
1783300800000,4163.2001953125,4164.10009765625,4161.89990234375,4163.5,233
1783301100000,4163.10009765625,4187.2998046875,4163.10009765625,4164.2001953125,162
1783301400000,4164.2998046875,4187.2998046875,4161,4168.2998046875,547
1783301700000,4168.10009765625,4172,4165,4166.5,265
1783302000000,4166.7001953125,4169.39990234375,4166.2998046875,4167,167
1783302300000,4166.60009765625,4167.7001953125,4164.10009765625,4165.7998046875,162
1783302600000,4165.2001953125,4187.2998046875,4165.2001953125,4167.7001953125,86
1783302900000,4167.7998046875,4187.2998046875,4156.39990234375,4159.7001953125,556
1783303200000,4159.5,4162.60009765625,4157.39990234375,4158.2001953125,377
1783303500000,4158,4164,4156.7998046875,4163,261
1783303800000,4163,4164.10009765625,4161.39990234375,4163.7001953125,96
1783304100000,4163.5,4187.2998046875,4160,4160.7001953125,170
1783304400000,4160.7001953125,4187.2998046875,4160,4164.2998046875,185
1783304700000,4165,4168.5,4164,4168.2998046875,301
1783305000000,4168.2998046875,4171.2001953125,4167.7998046875,4169.7998046875,263
1783305300000,4168.60009765625,4171.5,4166.2001953125,4167.89990234375,410
1783305600000,4167.89990234375,4187.2998046875,4164.89990234375,4167.39990234375,176
1783305900000,4167.7001953125,4187.2998046875,4165.89990234375,4167.2998046875,158
1783306200000,4167.5,4167.60009765625,4162.2001953125,4163.2001953125,118
1783306500000,4163.39990234375,4164.2998046875,4160.5,4161.89990234375,216
1783306800000,4162,4165,4160.2001953125,4164.7001953125,251
1783307100000,4164.39990234375,4187.2998046875,4159.60009765625,4160.7998046875,236
1783307400000,4160.5,4187.2998046875,4158.7001953125,4162.39990234375,247
1783307700000,4162.89990234375,4166.2998046875,4161.7998046875,4164.5,305
1783308000000,4164.60009765625,4167.60009765625,4162.60009765625,4166.10009765625,452
1783308300000,4165.7001953125,4166.39990234375,4163.10009765625,4165.5,105
1783308600000,4164.7998046875,4187.2998046875,4162.7001953125,4168.5,284
1783308900000,4168.2998046875,4187.2998046875,4167,4170.39990234375,181
1783309200000,4170.39990234375,4176.10009765625,4170.39990234375,4175.2998046875,337
1783309500000,4175.5,4178.10009765625,4174.2001953125,4177.60009765625,309
1783309800000,4177.2001953125,4177.5,4173.7001953125,4175.60009765625,174
1783310100000,4176,4187.2998046875,4174.7998046875,4175.7001953125,130
1783310400000,4176.39990234375,4187.2998046875,4172.39990234375,4172.60009765625,260
1783310700000,4172.39990234375,4174.5,4171.7001953125,4173.89990234375,169
1783311000000,4173,4173.10009765625,4168.39990234375,4169.39990234375,374
1783311300000,4169.60009765625,4170.2001953125,4164.2998046875,4168,680
1783311600000,4167.89990234375,4187.2998046875,4165,4166.2998046875,114
1783311900000,4166.2998046875,4187.2998046875,4165.7001953125,4167.2001953125,121
1783312200000,4167.10009765625,4167.39990234375,4165.2001953125,4165.60009765625,121
1783312500000,4165.7998046875,4166.60009765625,4160.7998046875,4162.2998046875,346
1783312800000,4162.39990234375,4164.7998046875,4160,4160.39990234375,295
1783313100000,4160.5,4187.2998046875,4158.10009765625,4160,253
1783313400000,4160.2998046875,4187.2998046875,4159.89990234375,4163.60009765625,116
1783313700000,4163.60009765625,4163.7998046875,4161.60009765625,4161.7998046875,124
1783314000000,4161.60009765625,4162,4159.60009765625,4160.10009765625,171
1783314300000,4160.2998046875,4162.7001953125,4159.2998046875,4161.2998046875,145
1783314600000,4160.7001953125,4187.2998046875,4160.39990234375,4161.2998046875,60
1783314900000,4161.10009765625,4187.2998046875,4157.5,4158.89990234375,393
1783315200000,4159,4160.5,4158,4158.60009765625,227
1783315500000,4158.2998046875,4159,4153.39990234375,4155.89990234375,870
1783315800000,4155.10009765625,4155.10009765625,4148.39990234375,4149.39990234375,1746
1783316100000,4149.7001953125,4187.2998046875,4148.7001953125,4153.60009765625,704
1783316400000,4153.2998046875,4187.2998046875,4151.7001953125,4151.89990234375,198
1783316700000,4151.2998046875,4153.2001953125,4151.10009765625,4152.2998046875,202
1783317000000,4152.7001953125,4155.7998046875,4152.5,4154.39990234375,184
1783317300000,4155.2001953125,4157.10009765625,4154.2001953125,4155.5,149
1783317600000,4155.5,4187.2998046875,4154.60009765625,4156.39990234375,123
1783317900000,4155.7998046875,4187.2998046875,4154.7001953125,4156.89990234375,75
1783318200000,4156.5,4161,4156.2001953125,4160.39990234375,247
1783318500000,4160.5,4163.2998046875,4159.7998046875,4162.2998046875,390
1783318800000,4162.39990234375,4163.10009765625,4161.2001953125,4162.7001953125,149
1783319100000,4162.7998046875,4187.2998046875,4160.7001953125,4161.10009765625,205
1783319400000,4161,4187.2998046875,4160.89990234375,4166.7998046875,324
1783319700000,4166.2998046875,4167.5,4164.7998046875,4165.7998046875,247
1783320000000,4165.7001953125,4168.2001953125,4165.2998046875,4166.7998046875,150
1783320300000,4166.89990234375,4167.5,4165.5,4166.2998046875,153
1783320600000,4166.2001953125,4187.2998046875,4164.7998046875,4165.7001953125,190
1783320900000,4165.39990234375,4187.2998046875,4164.7001953125,4167.39990234375,156
1783321200000,4167.2998046875,4168.7001953125,4164.2998046875,4164.89990234375,239
1783321500000,4164.89990234375,4166.39990234375,4164.2998046875,4164.7001953125,86
1783321800000,4164.89990234375,4167.60009765625,4164.10009765625,4167.2998046875,127
1783322100000,4167.39990234375,4187.2998046875,4166,4170,263
1783322400000,4169.89990234375,4187.2998046875,4168.10009765625,4169,120
1783322700000,4169.5,4172.2001953125,4167.39990234375,4167.89990234375,269
1783323000000,4167.5,4171.2001953125,4167.39990234375,4169.89990234375,125
1783323300000,4169.7001953125,4169.7001953125,4166.7998046875,4167.7998046875,139
1783323600000,4167.10009765625,4187.2998046875,4164.7998046875,4165.7001953125,158
1783323900000,4166.2001953125,4187.2998046875,4164.2998046875,4164.89990234375,95
1783324200000,4165.2001953125,4167.5,4163.89990234375,4167.5,140
1783324500000,4167.5,4168.10009765625,4166.2001953125,4167.39990234375,141
1783324800000,4167.39990234375,4170.89990234375,4165.7998046875,4168.39990234375,278
1783325100000,4168.7998046875,4187.2998046875,4168.60009765625,4168.7001953125,127
1783325400000,4168.7001953125,4187.2998046875,4165.5,4168,251
1783325700000,4168.2001953125,4169,4167.2998046875,4168.39990234375,113
1783326000000,4168,4169.7998046875,4158.39990234375,4158.7001953125,800
1783326300000,4158.89990234375,4161.2998046875,4156.60009765625,4157.7001953125,533
1783326600000,4157.5,4187.2998046875,4154.5,4155.2998046875,559
1783326900000,4155.2001953125,4187.2998046875,4150.39990234375,4151.60009765625,688
1783327200000,4151.2001953125,4151.89990234375,4143.2998046875,4144.89990234375,1084
1783327500000,4145.10009765625,4152.60009765625,4144.89990234375,4147.2001953125,778
1783327800000,4147.10009765625,4152.10009765625,4146.39990234375,4151.39990234375,787
1783328100000,4151.60009765625,4187.2998046875,4151.2001953125,4151.39990234375,385
1783328400000,4151.89990234375,4158.7998046875,4148.89990234375,4156.89990234375,1164
1783328700000,4156.2001953125,4160.7001953125,4154.60009765625,4157.7001953125,625
1783329000000,4157.7001953125,4160.5,4152.89990234375,4153.60009765625,511
1783329300000,4153.39990234375,4154.5,4150.7001953125,4151.7001953125,771
1783329600000,4151.7001953125,4187.2998046875,4151.5,4158.89990234375,713
1783329900000,4158.89990234375,4161,4154.7998046875,4154.7998046875,286
1783330200000,4154.2998046875,4162.60009765625,4154.2998046875,4161.2001953125,619
1783330500000,4161.2998046875,4161.60009765625,4156.2001953125,4161.2998046875,482
1783330800000,4161.2998046875,4162.60009765625,4156.5,4161.5,540
1783331100000,4161.5,4187.2998046875,4153.7001953125,4158.7001953125,733
1783331400000,4158.7998046875,4160.89990234375,4154.2001953125,4158.2001953125,663
1783331700000,4157.7001953125,4158.5,4147.10009765625,4153,1044
1783332000000,4152.5,4159.5,4150.60009765625,4152.7001953125,1210
1783332300000,4153.39990234375,4155.2998046875,4145.7998046875,4148.7998046875,1337
1783332600000,4148.39990234375,4187.2998046875,4148.39990234375,4152.5,750
1783332900000,4153.2998046875,4153.2998046875,4146.89990234375,4148.7001953125,797
1783333200000,4148.7001953125,4151.2001953125,4144.7001953125,4144.89990234375,647
1783333500000,4145.2998046875,4151.2001953125,4145.10009765625,4149.10009765625,686
1783333800000,4149.7001953125,4153.7001953125,4145.7998046875,4153.39990234375,675
1783334100000,4153.2001953125,4187.2998046875,4148.39990234375,4149.89990234375,436
1783334400000,4149.7998046875,4151.39990234375,4140.60009765625,4142.60009765625,987
1783334700000,4142.2001953125,4146.89990234375,4141.10009765625,4145.7001953125,580
1783335000000,4145.89990234375,4149,4145,4147.60009765625,446
1783335300000,4148,4150.7998046875,4146.5,4150.2001953125,320
1783335600000,4150.60009765625,4187.2998046875,4149.7998046875,4156.5,780
1783335900000,4156.60009765625,4158.7998046875,4154.5,4156.39990234375,539
1783336200000,4156.7998046875,4157,4150,4151.39990234375,415
1783336500000,4151.60009765625,4154.89990234375,4151.60009765625,4152.10009765625,456
1783336800000,4152,4187.2998046875,4150.5,4155.7001953125,669
1783337100000,4155.7001953125,4187.2998046875,4155.39990234375,4162.2001953125,569
1783337400000,4162.2998046875,4164,4159.7001953125,4162.2001953125,780
1783337700000,4162.2001953125,4163.10009765625,4158.89990234375,4162.89990234375,335
1783338000000,4162.89990234375,4162.89990234375,4160.60009765625,4161.60009765625,231
1783338300000,4162.10009765625,4187.2998046875,4158.5,4159.2001953125,264
1783338600000,4159.2998046875,4187.2998046875,4156.10009765625,4157.60009765625,403
1783338900000,4157.5,4160.7998046875,4156.5,4159.89990234375,380
1783339200000,4160.10009765625,4160.2001953125,4155,4155.7998046875,495
1783339500000,4155.2001953125,4156.7001953125,4155.2001953125,4155.60009765625,917
1783339800000,4155.89990234375,4187.2998046875,4152,4152,435
1783340100000,4152.2998046875,4187.2998046875,4152.10009765625,4155.39990234375,536
1783340400000,4155.2001953125,4157.39990234375,4154,4157.39990234375,352
1783340700000,4157.2001953125,4158.2998046875,4155.7998046875,4157.2001953125,255
1783341000000,4157.5,4160.39990234375,4157.2001953125,4159.39990234375,198
1783341300000,4158.7998046875,4187.2998046875,4158.5,4161.2001953125,206
1783341600000,4161.39990234375,4187.2998046875,4160.39990234375,4161.39990234375,142
1783341900000,4161.2001953125,4162,4160.60009765625,4162,213
1783342200000,4162.10009765625,4167.5,4162.10009765625,4166.10009765625,455
1783342500000,4166.2001953125,4168.10009765625,4164.60009765625,4166.89990234375,305
1783342800000,4166.89990234375,4187.2998046875,4164.10009765625,4164.60009765625,394
1783343100000,4165,4187.2998046875,4164.7998046875,4166.2001953125,241
1783343400000,4166.2001953125,4167.39990234375,4164.2998046875,4165.39990234375,365
1783343700000,4165.5,4166.2998046875,4162.7998046875,4163.2998046875,556
1783344000000,4163.39990234375,4170.5,4162.10009765625,4168.7998046875,776
1783344300000,4168.89990234375,4187.2998046875,4166.10009765625,4167.5,1406
1783344600000,4167.2001953125,4187.2998046875,4166.39990234375,4170,367
1783344900000,4169.60009765625,4170.60009765625,4168,4170.10009765625,222
1783345200000,4169.7998046875,4171,4168.2001953125,4168.39990234375,260
1783345500000,4168,4171.7001953125,4167.60009765625,4171.10009765625,137
1783345800000,4171.10009765625,4187.2998046875,4170.39990234375,4171.2001953125,178
1783346100000,4170.7998046875,4187.2998046875,4170.7001953125,4172.89990234375,213
1783346400000,4173.2998046875,4173.7998046875,4168.2998046875,4169.2998046875,607
1783346700000,4169.2998046875,4169.2998046875,4167.2001953125,4168.10009765625,196
1783347000000,4168,4170.2001953125,4167.10009765625,4170,141
1783347300000,4170.2001953125,4187.2998046875,4170.2001953125,4173,166
1783347600000,4172.7998046875,4187.2998046875,4172,4173.5,137
1783347900000,4173.7001953125,4175.2001953125,4173.10009765625,4173.89990234375,192
1783348200000,4173.7998046875,4176.10009765625,4171.60009765625,4175.89990234375,225
1783348500000,4175.5,4179.60009765625,4175.5,4177.10009765625,624
1783348800000,4177.39990234375,4187.2998046875,4174.7998046875,4176.2998046875,207
1783349100000,4175.7998046875,4187.2998046875,4175.7001953125,4176,100
1783349400000,4176.2998046875,4176.60009765625,4173.7998046875,4174.7001953125,193
1783349700000,4174.60009765625,4176.2001953125,4174.2998046875,4175.7998046875,86
1783350000000,4175.7998046875,4177.39990234375,4173.39990234375,4173.39990234375,169
1783350300000,4173.39990234375,4187.2998046875,4171.7001953125,4172.5,233
1783350600000,4172.7998046875,4187.2998046875,4170.7998046875,4171.2001953125,145
1783350900000,4171.10009765625,4173.10009765625,4170.5,4173.10009765625,118
1783351200000,4173.10009765625,4174.5,4172.39990234375,4174,134
1783351500000,4174,4175.5,4173.5,4174.7998046875,131
1783351800000,4175,4187.2998046875,4173.2998046875,4173.89990234375,101
1783352100000,4174,4187.2998046875,4171.5,4172,142
1783352400000,4171.60009765625,4173.10009765625,4171.5,4173.10009765625,80
1783352700000,4173.10009765625,4175.7001953125,4173,4175.2001953125,161
1783353000000,4174.89990234375,4176.7001953125,4174.5,4175.60009765625,122
1783353300000,4175.10009765625,4187.2998046875,4172.7998046875,4175.5,388
1783353600000,4175.39990234375,4187.2998046875,4174.2001953125,4174.60009765625,114
1783353900000,4174.2998046875,4174.5,4172.89990234375,4173.60009765625,45
1783354200000,4173.2998046875,4173.5,4172.7998046875,4172.7998046875,37
1783354500000,4172.7001953125,4173.2998046875,4172.60009765625,4173,26
1783354800000,4172.89990234375,4187.2998046875,4172.60009765625,4173.5,14
1783355100000,4173.7001953125,4187.2998046875,4173.5,4174.39990234375,60
1783355400000,4174.2998046875,4176.2001953125,4174.2001953125,4176.2001953125,54
1783355700000,4175.89990234375,4176.5,4175.2001953125,4175.2001953125,44
1783356000000,4175,4176,4174.5,4175,30
1783356300000,4174.60009765625,4187.2998046875,4174.60009765625,4174.7998046875,36
1783356600000,4175.2001953125,4187.2998046875,4174.7998046875,4176,65
1783356900000,4175.7998046875,4187.2998046875,4175.2998046875,4187.2998046875,72
1783360800000,4176.39990234375,4179,4174.60009765625,4175.7998046875,0
1783361100000,4175.5,4177.7001953125,4175.5,4177.10009765625,45
1783361400000,4176.7998046875,4177.39990234375,4175.89990234375,4177.39990234375,58
1783361700000,4177.7001953125,4178.7001953125,4177.7001953125,4178.60009765625,45
1783362000000,4178.2998046875,4178.2998046875,4177,4177,24
1783362300000,4176.5,4177.10009765625,4176.2998046875,4177.10009765625,17
1783362600000,4177.5,4179.5,4177.2001953125,4179.5,64
1783362900000,4179.5,4179.5,4177.2998046875,4178.2998046875,165
1783363200000,4178.60009765625,4179,4178.10009765625,4178.2998046875,10
1783363500000,4178.2998046875,4179.10009765625,4177,4177,39
1783363800000,4176.60009765625,4176.60009765625,4175.2001953125,4175.60009765625,36
1783364100000,4175.5,4176.60009765625,4175.2001953125,4175.89990234375,64
1783364400000,4175.39990234375,4176.39990234375,4175,4176.2001953125,54
1783364700000,4176.2001953125,4176.39990234375,4174,4175.2001953125,86
1783365000000,4175.2001953125,4176.60009765625,4174.7998046875,4176.60009765625,26
1783365300000,4176.39990234375,4176.39990234375,4174.7998046875,4175.7001953125,22
1783365600000,4175.7001953125,4175.7001953125,4174.39990234375,4175,16
1783365900000,4174.89990234375,4175.2001953125,4174,4174.2998046875,17
1783366200000,4174,4176.39990234375,4173.89990234375,4175.89990234375,38
1783366500000,4175.5,4175.5,4174,4174.2001953125,36
1783366800000,4174,4174,4172,4173,91
1783367100000,4173.10009765625,4174.89990234375,4172.39990234375,4174.60009765625,95
1783367400000,4174,4174.7998046875,4172.2001953125,4172.7998046875,120
1783367700000,4172.2998046875,4173.2001953125,4168,4168.7001953125,183
1783368000000,4168.5,4169,4166.10009765625,4168.2001953125,176
1783368300000,4168.2001953125,4169.7001953125,4167.39990234375,4167.7001953125,80
1783368600000,4168.7001953125,4169.7001953125,4164.5,4167.60009765625,177
1783368900000,4168,4168.7001953125,4163.39990234375,4168.7001953125,182
1783369200000,4168.10009765625,4172.2001953125,4167.7998046875,4169.7998046875,182
1783369500000,4170.10009765625,4171.7001953125,4168.7001953125,4171.39990234375,94
1783369800000,4171.7001953125,4174.5,4168.2001953125,4168.2998046875,208
1783370100000,4168.39990234375,4168.7998046875,4162.2998046875,4162.89990234375,226
1783370400000,4162.2998046875,4163,4159.7001953125,4161.60009765625,227
1783370700000,4160.7998046875,4164,4159.2998046875,4162.60009765625,134
1783371000000,4162.2001953125,4165,4162.10009765625,4164.89990234375,84
1783371300000,4164.7998046875,4165.5,4156.10009765625,4157.2001953125,432
1783371600000,4157.2998046875,4160.10009765625,4151.89990234375,4159.2001953125,823
1783371900000,4159.10009765625,4160.2001953125,4150.89990234375,4153.39990234375,417
1783372200000,4152.89990234375,4154.7998046875,4149.60009765625,4153.7001953125,305
1783372500000,4153.2998046875,4155,4146.60009765625,4148.10009765625,471
1783372800000,4147.2998046875,4148.7998046875,4143.7998046875,4145,400
1783373100000,4144.89990234375,4146.7001953125,4137.60009765625,4144.2998046875,854
1783373400000,4144.2001953125,4152.39990234375,4143.7998046875,4151.2001953125,443
1783373700000,4151.2001953125,4152.39990234375,4149.60009765625,4151,282
1783374000000,4150.89990234375,4154.39990234375,4149.89990234375,4153.89990234375,182
1783374300000,4154.39990234375,4158.60009765625,4154.10009765625,4156.2998046875,375
1783374600000,4156.2998046875,4157.10009765625,4153.89990234375,4156.10009765625,237
1783374900000,4156.39990234375,4157,4152.5,4153.89990234375,211
1783375200000,4154,4155,4151.89990234375,4153,139
1783375500000,4153.2001953125,4153.2001953125,4149.5,4149.89990234375,176
1783375800000,4150.39990234375,4156.5,4150.39990234375,4154,201
1783376100000,4154.2998046875,4155.5,4152.60009765625,4153.7001953125,145
1783376400000,4153.89990234375,4155.2998046875,4149.7001953125,4155.2001953125,319
1783376700000,4155.5,4157,4152.2998046875,4152.2998046875,201
1783377000000,4152,4152.5,4147.7998046875,4150.2001953125,267
1783377300000,4150.39990234375,4156.5,4150.10009765625,4154.2001953125,217
1783377600000,4153.2998046875,4154.7001953125,4150.2998046875,4150.60009765625,181
1783377900000,4151.2001953125,4151.2998046875,4145.60009765625,4146.7998046875,153
1783378200000,4146.89990234375,4148.5,4142.7998046875,4144.7001953125,396
1783378500000,4144.5,4148.39990234375,4143.39990234375,4147.89990234375,224
1783378800000,4147.7998046875,4150.7998046875,4146.5,4150.7998046875,143
1783379100000,4150.5,4151.39990234375,4148.7998046875,4149.89990234375,90
1783379400000,4149.7998046875,4149.89990234375,4147.60009765625,4148.2001953125,64
1783379700000,4147.7998046875,4148.60009765625,4145.60009765625,4147,140
1783380000000,4147.2998046875,4148.89990234375,4142.7998046875,4143.2998046875,204
1783380300000,4143.7001953125,4145.39990234375,4140.10009765625,4143.7998046875,266
1783380600000,4143.10009765625,4145.10009765625,4141.89990234375,4145.10009765625,128
1783380900000,4144.89990234375,4146.2001953125,4143.10009765625,4143.5,161
1783381200000,4143.60009765625,4144.39990234375,4138.39990234375,4140.39990234375,256
1783381500000,4140.5,4140.5,4135.2001953125,4137.5,404
1783381800000,4137.60009765625,4139.2998046875,4136.7998046875,4139,141
1783382100000,4139.2001953125,4142.7001953125,4137.7998046875,4141.7998046875,186
1783382400000,4142.39990234375,4145.2001953125,4141.7001953125,4144.2001953125,138
1783382700000,4144.2001953125,4151.2998046875,4144,4150.89990234375,297
1783383000000,4150.60009765625,4152.39990234375,4147.5,4147.60009765625,325
1783383300000,4147.7001953125,4148.89990234375,4142.2998046875,4143.5,208
1783383600000,4143.5,4145.7001953125,4142,4144,144
1783383900000,4144.39990234375,4145.5,4142.2998046875,4143.2001953125,72
1783384200000,4143.2998046875,4143.2998046875,4140.2998046875,4141.60009765625,218
1783384500000,4141.60009765625,4142,4140.2998046875,4141.7998046875,92
1783384800000,4141.5,4142.7998046875,4139.60009765625,4139.60009765625,132
1783385100000,4139.89990234375,4142.10009765625,4139.89990234375,4140.39990234375,49
1783385400000,4139.89990234375,4141.10009765625,4138.5,4138.89990234375,90
1783385700000,4138.7001953125,4138.7998046875,4136.7998046875,4137.60009765625,145
1783386000000,4137.60009765625,4139.2001953125,4133.39990234375,4139.2001953125,369
1783386300000,4139.60009765625,4142.2001953125,4135.7998046875,4137,324
1783386600000,4136.89990234375,4138.2001953125,4133,4133.10009765625,198
1783386900000,4133.10009765625,4137,4132.10009765625,4133.39990234375,283
1783387200000,4133.7001953125,4137.89990234375,4131.89990234375,4137.2001953125,369
1783387500000,4137.7998046875,4140,4136.39990234375,4139.5,137
1783387800000,4139.7001953125,4140,4131.2998046875,4133.7998046875,483
1783388100000,4133.7998046875,4137.7998046875,4130.39990234375,4131.2998046875,257
1783388400000,4131.10009765625,4133.5,4127.7001953125,4133.5,702
1783388700000,4133.7001953125,4135.2001953125,4131.60009765625,4133,175
1783389000000,4133.2001953125,4137.10009765625,4132.5,4136.2001953125,124
1783389300000,4136.60009765625,4138.2001953125,4134.60009765625,4135.2001953125,284
1783389600000,4135,4140.7998046875,4134.2998046875,4138.10009765625,395
1783389900000,4137.2998046875,4139.7001953125,4134,4134.7001953125,193
1783390200000,4134.60009765625,4135.2998046875,4132.5,4135.10009765625,228
1783390500000,4135,4137,4134.5,4134.60009765625,160
1783390800000,4135.2998046875,4139.5,4135.2998046875,4139.5,154
1783391100000,4139.60009765625,4140.89990234375,4137.89990234375,4138.10009765625,294
1783391400000,4138,4141,4136.2001953125,4139.7001953125,182
1783391700000,4139.7998046875,4140.5,4138.60009765625,4139.7998046875,94
1783392000000,4139.5,4143.89990234375,4139.5,4143.7998046875,186
1783392300000,4143.7998046875,4144.39990234375,4139.7001953125,4141.10009765625,216
1783392600000,4141.2001953125,4142.5,4140.5,4140.5,97
1783392900000,4140.2998046875,4142.5,4140.2001953125,4141.7001953125,145
1783393200000,4141.89990234375,4142.60009765625,4135.89990234375,4138.39990234375,308
1783393500000,4138.2001953125,4139,4135.7998046875,4137.89990234375,290
1783393800000,4137.60009765625,4141.5,4136.5,4140.7001953125,247
1783394100000,4140.7001953125,4143,4139.7998046875,4141.2001953125,168
1783394400000,4142.2001953125,4143.39990234375,4137.2001953125,4138,117
1783394700000,4138.5,4141,4138.2001953125,4138.2998046875,101
1783395000000,4138.2998046875,4139.7001953125,4137,4139,112
1783395300000,4139.10009765625,4141.2001953125,4138.39990234375,4140.10009765625,125
1783395600000,4140.2001953125,4142.39990234375,4138.5,4141.39990234375,151
1783395900000,4141.10009765625,4144.60009765625,4137.89990234375,4139,464
1783396200000,4138.2001953125,4139.39990234375,4137.2998046875,4138.10009765625,164
1783396500000,4137.7001953125,4137.89990234375,4135.39990234375,4135.7998046875,273
1783396800000,4135.39990234375,4141.60009765625,4135.39990234375,4139.5,294
1783397100000,4139.2001953125,4142,4138.7001953125,4141.2998046875,186
1783397400000,4142,4150.89990234375,4141.39990234375,4148.5,786
1783397700000,4148.60009765625,4149.39990234375,4145.7998046875,4146.89990234375,338
1783398000000,4147.10009765625,4149,4145.5,4147.7001953125,210
1783398300000,4147.60009765625,4150.2998046875,4147.60009765625,4150,181
1783398600000,4150.10009765625,4150.7001953125,4144.5,4145.7998046875,373
1783398900000,4145.89990234375,4146.39990234375,4139.2001953125,4143,458
1783399200000,4143.39990234375,4144.5,4140.2001953125,4142.10009765625,461
1783399500000,4142.10009765625,4142.2001953125,4138.89990234375,4139.10009765625,173
1783399800000,4139.5,4139.7998046875,4132.7001953125,4135.2998046875,451
1783400100000,4134.7998046875,4138.10009765625,4133.60009765625,4137.10009765625,350
1783400400000,4136.89990234375,4138.89990234375,4135.39990234375,4138.89990234375,206
1783400700000,4138.7998046875,4139.5,4137,4137.7998046875,180
1783401000000,4137.39990234375,4140.10009765625,4137.2998046875,4138.7001953125,194
1783401300000,4138.5,4142.2001953125,4138.5,4140.60009765625,298
1783401600000,4140.10009765625,4140.10009765625,4136.7998046875,4138.10009765625,146
1783401900000,4138.2001953125,4139.60009765625,4130.60009765625,4132.5,750
1783402200000,4132.60009765625,4139.10009765625,4132.39990234375,4138.2998046875,812
1783402500000,4138.5,4142.5,4137.39990234375,4140.2001953125,335
1783402800000,4140.39990234375,4144.60009765625,4140.2001953125,4143.7001953125,214
1783403100000,4143.7001953125,4144.10009765625,4138.5,4138.7001953125,164
1783403400000,4138.2998046875,4141.2001953125,4136.2998046875,4141.2001953125,224
1783403700000,4140.7001953125,4143.60009765625,4140.60009765625,4142.39990234375,153
1783404000000,4142.39990234375,4145.10009765625,4142.39990234375,4143.39990234375,166
1783404300000,4143.89990234375,4145.60009765625,4143.2001953125,4144.39990234375,165
1783404600000,4144.7001953125,4146.39990234375,4143.39990234375,4143.60009765625,191
1783404900000,4144,4148.39990234375,4143.2001953125,4147.89990234375,208
1783405200000,4147.60009765625,4148.89990234375,4146.10009765625,4148.89990234375,206
1783405500000,4148.60009765625,4150.5,4147.39990234375,4148.89990234375,211
1783405800000,4149.10009765625,4149.10009765625,4146,4147.2998046875,191
1783406100000,4147.10009765625,4148,4146.7001953125,4148,54
1783406400000,4148.2001953125,4148.89990234375,4146.7998046875,4147.2001953125,172
1783406700000,4147.2001953125,4147.60009765625,4145,4145.10009765625,115
1783407000000,4145.2001953125,4147.10009765625,4145.2001953125,4147.10009765625,154
1783407300000,4146.89990234375,4148.7998046875,4145.5,4147.10009765625,179
1783407600000,4147.10009765625,4147.39990234375,4144.89990234375,4145.39990234375,168
1783407900000,4145.39990234375,4146.60009765625,4143,4143.5,175
1783408200000,4143.39990234375,4145.2998046875,4143.10009765625,4144.10009765625,312
1783408500000,4144.2998046875,4154,4144.2998046875,4152.10009765625,578
1783408800000,4152,4155.7001953125,4150.89990234375,4155.7001953125,306
1783409100000,4155.39990234375,4156.7998046875,4153.7998046875,4154.2001953125,218
1783409400000,4154.10009765625,4155.10009765625,4150.7998046875,4154.2998046875,318
1783409700000,4154.2998046875,4159.10009765625,4153.7001953125,4156.5,463
1783410000000,4156.7998046875,4160.5,4156.2001953125,4159.60009765625,614
1783410300000,4159.5,4163.2998046875,4158.39990234375,4161.39990234375,699
1783410600000,4161.10009765625,4164.60009765625,4158.60009765625,4162.2001953125,472
1783410900000,4162.60009765625,4170,4162.2998046875,4168.60009765625,955
1783411200000,4168.60009765625,4171.5,4166,4170.7001953125,967
1783411500000,4170.60009765625,4183.5,4169.7001953125,4182,2081
1783411800000,4180.89990234375,4186.7001953125,4177.5,4185.2001953125,1716
1783412100000,4185.39990234375,4187,4180.2998046875,4180.7001953125,1294
1783412400000,4180.7001953125,4182.2998046875,4174.7001953125,4175.7001953125,986
1783412700000,4175.5,4181.10009765625,4174.5,4177.7998046875,667
1783413000000,4177.2998046875,4180,4175.2998046875,4175.2998046875,538
1783413300000,4175.60009765625,4179.2001953125,4173.7998046875,4177.7001953125,746
1783413600000,4177.7001953125,4179,4173.2001953125,4178,972
1783413900000,4177.7998046875,4180.39990234375,4175.89990234375,4177.10009765625,418
1783414200000,4177.10009765625,4181.89990234375,4177.10009765625,4178.60009765625,480
1783414500000,4178.7001953125,4184.5,4178.5,4184.10009765625,659
1783414800000,4184.10009765625,4190.60009765625,4176.39990234375,4177.2001953125,1712
1783415100000,4177.5,4178.39990234375,4173,4173.60009765625,673
1783415400000,4174,4182.89990234375,4171.2998046875,4182.60009765625,927
1783415700000,4182.5,4182.5,4179.2001953125,4180.2001953125,456
1783416000000,4179.89990234375,4183.89990234375,4176.5,4177.2001953125,465
1783416300000,4177.10009765625,4180.60009765625,4175.5,4177.2998046875,545
1783416600000,4177.60009765625,4182.60009765625,4174.7001953125,4180.5,766
1783416900000,4180.39990234375,4191.39990234375,4179.60009765625,4182,1730
1783417200000,4182,4192.39990234375,4180,4189.39990234375,1645
1783417500000,4189.39990234375,4192,4182.39990234375,4185,854
1783417800000,4184.7001953125,4186,4175.7001953125,4177.39990234375,1060
1783418100000,4177.10009765625,4179.10009765625,4167.2998046875,4170,1478
1783418400000,4169.7001953125,4175.10009765625,4164.2001953125,4165.7998046875,1707
1783418700000,4165.60009765625,4169.10009765625,4162.7998046875,4166.89990234375,1351
1783419000000,4166.7998046875,4168,4161.89990234375,4163.2998046875,936
1783419300000,4162.89990234375,4170.7998046875,4162.39990234375,4169.60009765625,839
1783419600000,4169.60009765625,4170,4163,4163.2001953125,572
1783419900000,4163.2001953125,4169.5,4162,4169,593
1783420200000,4169.7998046875,4170.7998046875,4162.2001953125,4162.2001953125,708
1783420500000,4162.2001953125,4162.5,4158,4160.39990234375,1260
1783420800000,4160.2998046875,4163.7998046875,4154.5,4163.39990234375,890
1783421100000,4163.2001953125,4168.7998046875,4163,4167.39990234375,907
1783421400000,4167.2001953125,4168.5,4164.60009765625,4164.7998046875,283
1783421700000,4164.7001953125,4167.89990234375,4164.7001953125,4165,301
1783422000000,4165,4165.39990234375,4160.89990234375,4162.2998046875,490
1783422300000,4162.7001953125,4166.7001953125,4160.5,4164.5,732
1783422600000,4164.5,4166.5,4159.2998046875,4159.60009765625,888
1783422900000,4159.7001953125,4159.7001953125,4152.60009765625,4155.7998046875,648
1783423200000,4155.60009765625,4157.7998046875,4154.7001953125,4156.2001953125,379
1783423500000,4156.10009765625,4157.7998046875,4152.7001953125,4154,457
1783423800000,4154,4157.2998046875,4153.7998046875,4154.89990234375,314
1783424100000,4154.2001953125,4157.2001953125,4153,4156.60009765625,439
1783424400000,4156.5,4159.2998046875,4155.2001953125,4157.5,378
1783424700000,4157.2998046875,4159,4153,4153,358
1783425000000,4152.7998046875,4154.2998046875,4148.2998046875,4149,656
1783425300000,4148.89990234375,4150.2998046875,4146.89990234375,4150.10009765625,450
1783425600000,4150.39990234375,4152.2001953125,4148.2001953125,4150.39990234375,509
1783425900000,4151.10009765625,4155,4150.39990234375,4151.2001953125,361
1783426200000,4151.5,4154,4150.60009765625,4152.39990234375,174
1783426500000,4152.2001953125,4156,4152.10009765625,4155.10009765625,358
1783426800000,4155.60009765625,4157.60009765625,4153.7998046875,4155.7998046875,652
1783427100000,4156,4158.7001953125,4155.2001953125,4157.5,281
1783427400000,4157.2998046875,4158.10009765625,4154.60009765625,4154.7998046875,281
1783427700000,4154.5,4156.7001953125,4153.7001953125,4156,318
1783428000000,4155.89990234375,4156.7001953125,4154.2998046875,4154.7001953125,229
1783428300000,4154.89990234375,4156.2998046875,4152.2001953125,4156.2998046875,474
1783428600000,4156,4158.2998046875,4155.7001953125,4156.2998046875,289
1783428900000,4155.89990234375,4156.7001953125,4154.5,4156.60009765625,157
1783429200000,4156.7001953125,4157.5,4155.5,4157.39990234375,266
1783429500000,4157.5,4158.5,4156.7001953125,4157.10009765625,130
1783429800000,4157,4157,4153.60009765625,4154.39990234375,149
1783430100000,4154.2001953125,4154.60009765625,4151.7998046875,4154.2998046875,344
1783430400000,4154.2998046875,4157.5,4153.10009765625,4156.60009765625,266
1783430700000,4156.89990234375,4158.2998046875,4155.2998046875,4157.5,1143
1783431000000,4157.7001953125,4159.7998046875,4157.10009765625,4157.60009765625,1157
1783431300000,4157.5,4158.2998046875,4156.10009765625,4157.7001953125,262
1783431600000,4157.39990234375,4159.2998046875,4157.39990234375,4158,112
1783431900000,4158.7001953125,4158.7001953125,4156.7001953125,4156.7001953125,93
1783432200000,4156.5,4156.5,4154.2998046875,4154.89990234375,127
1783432500000,4155.2998046875,4156.2998046875,4155,4155.89990234375,53
1783432800000,4156,4156.5,4152.60009765625,4153.60009765625,159
1783433100000,4153.89990234375,4154,4152.7001953125,4153,74
1783433400000,4152.89990234375,4154.2998046875,4152.2001953125,4153.7998046875,120
1783433700000,4153.7001953125,4153.7001953125,4151.2998046875,4153.10009765625,223
1783434000000,4153,4155.7998046875,4152.10009765625,4154.39990234375,150
1783434300000,4154.5,4155.60009765625,4152.89990234375,4153.10009765625,106
1783434600000,4152.89990234375,4153.39990234375,4147.7001953125,4150.5,418
1783434900000,4150.5,4153.7998046875,4150.5,4152.89990234375,100
1783435200000,4152.89990234375,4153.2001953125,4151.2998046875,4153,118
1783435500000,4153.7001953125,4154,4143.5,4146.60009765625,858
1783435800000,4146.10009765625,4148,4136.10009765625,4138.10009765625,1454
1783436100000,4138,4142.2001953125,4136.7001953125,4138,422
1783436400000,4137.89990234375,4138.7001953125,4128.89990234375,4132,1070
1783436700000,4132.5,4132.5,4118.5,4122,2100
1783437000000,4121.89990234375,4122.39990234375,4113.60009765625,4116.60009765625,1635
1783437300000,4116.10009765625,4116.2998046875,4102.7001953125,4109.39990234375,2434
1783437600000,4109.2998046875,4113.60009765625,4104.2001953125,4112.2998046875,1129
1783437900000,4112.2001953125,4117.7001953125,4108.89990234375,4114.2998046875,816
1783438200000,4114.2998046875,4124.2998046875,4114.2998046875,4123.2001953125,740
1783438500000,4123.5,4125.89990234375,4120.39990234375,4121.39990234375,674
1783438800000,4121.2001953125,4122.7001953125,4118.89990234375,4120,411
1783439100000,4120.2998046875,4124.7998046875,4119.2001953125,4123.10009765625,520
1783439400000,4123.39990234375,4126.7998046875,4121.39990234375,4126.60009765625,323
1783439700000,4126.39990234375,4128.89990234375,4124.60009765625,4125.10009765625,1400
1783440000000,4125.2998046875,4126.5,4123.60009765625,4126.10009765625,224
1783440300000,4125.89990234375,4126.5,4123.7998046875,4124.89990234375,138
1783440600000,4125.10009765625,4126.7001953125,4123.10009765625,4123.7001953125,192
1783440900000,4124,4124,4118.39990234375,4120.10009765625,529
1783441200000,4119.7998046875,4119.7998046875,4117.2998046875,4119.10009765625,132
1783441500000,4119.7001953125,4121.7998046875,4119.5,4121.60009765625,136
1783441800000,4121.5,4121.7998046875,4117.89990234375,4117.89990234375,135
1783442100000,4118,4118.2998046875,4115.39990234375,4115.7001953125,190
1783442400000,4115.5,4117.89990234375,4115.5,4116.2998046875,121
1783442700000,4116.39990234375,4117.5,4115.60009765625,4116.2001953125,63
1783443000000,4116,4116.89990234375,4114.2001953125,4116.10009765625,103
1783443300000,4116,4117.7001953125,4114.7998046875,4116.60009765625,179
1783447200000,4106.5,4116.5,4104,4115.2998046875,0
1783447500000,4115.89990234375,4116.89990234375,4111.2998046875,4112,605
1783447800000,4111.7001953125,4115.10009765625,4111.2001953125,4114.5,77
1783448100000,4114.7001953125,4115.10009765625,4112,4113.60009765625,171
1783448400000,4113.60009765625,4114.2001953125,4112.2001953125,4113.10009765625,53
1783448700000,4113.10009765625,4113.2001953125,4110.39990234375,4110.5,76
1783449000000,4110.2001953125,4111.5,4109.39990234375,4110.39990234375,110
1783449300000,4110.89990234375,4113.2998046875,4110.7998046875,4113.2001953125,118
1783449600000,4113.2001953125,4113.39990234375,4110.89990234375,4112,213
1783449900000,4111.7998046875,4111.7998046875,4108,4108.7998046875,157
1783450200000,4108.7998046875,4111.2001953125,4106.60009765625,4108.60009765625,410
1783450500000,4108.7001953125,4110.60009765625,4106.60009765625,4109.5,276
1783450800000,4109,4112.7998046875,4107.2998046875,4112.5,366
1783451100000,4111.60009765625,4118,4111.5,4116.60009765625,470
1783451400000,4116.2998046875,4118.89990234375,4115.2001953125,4116.60009765625,407
1783451700000,4116.39990234375,4116.39990234375,4112.2001953125,4113.2001953125,293
1783452000000,4113.5,4115.2001953125,4111.7998046875,4114.89990234375,171
1783452300000,4113.89990234375,4117.7998046875,4113.2998046875,4116,147
1783452600000,4115.89990234375,4116.2998046875,4111.5,4112.7001953125,66
1783452900000,4112.2998046875,4113.5,4111.7001953125,4112.7001953125,32
1783453200000,4112.2998046875,4114.7001953125,4107.89990234375,4109.2001953125,511
1783453500000,4108.7998046875,4109.7998046875,4106.2998046875,4108.5,332
1783453800000,4108.7001953125,4112,4108.5,4108.7998046875,94
1783454100000,4108.60009765625,4109.10009765625,4106.2998046875,4108.7998046875,94
1783454400000,4108.5,4112.7998046875,4107.39990234375,4112.7001953125,119
1783454700000,4113,4113,4108.39990234375,4110,102
1783455000000,4110.2998046875,4114.39990234375,4109.60009765625,4110.2998046875,175
1783455300000,4111.5,4113.39990234375,4109.10009765625,4113.2001953125,207
1783455600000,4114,4116.39990234375,4111,4116.39990234375,142
1783455900000,4116.2001953125,4118.60009765625,4114.5,4115.5,245
1783456200000,4116.2998046875,4120.39990234375,4114.7001953125,4120.2001953125,162
1783456500000,4120.2998046875,4134.10009765625,4118.2001953125,4133.7001953125,1002
1783456800000,4133.39990234375,4137.10009765625,4131.7001953125,4134.2001953125,500
1783457100000,4134.5,4136,4130.89990234375,4133.10009765625,236
1783457400000,4132.7998046875,4132.7998046875,4125.89990234375,4126.5,257
1783457700000,4126.2001953125,4129.39990234375,4122.10009765625,4122.5,480
1783458000000,4122.7998046875,4129,4118,4119.2001953125,693
1783458300000,4118.89990234375,4118.89990234375,4109.5,4115,1250
1783458600000,4114.89990234375,4122.5,4114.7998046875,4119.39990234375,467
1783458900000,4119.39990234375,4120.10009765625,4115.10009765625,4118.10009765625,298
1783459200000,4118.5,4121,4115.7001953125,4116.60009765625,220
1783459500000,4117.2998046875,4121.10009765625,4113,4113.7998046875,296
1783459800000,4113.39990234375,4116.60009765625,4108.5,4109.2001953125,312
1783460100000,4109,4111.5,4106.7998046875,4110.60009765625,368
1783460400000,4111.60009765625,4116.10009765625,4109.7998046875,4114.10009765625,453
1783460700000,4113.5,4123.39990234375,4112.7998046875,4121.2998046875,415
1783461000000,4121.10009765625,4123.7998046875,4115.2998046875,4120.10009765625,377
1783461300000,4120.10009765625,4122.60009765625,4118,4122.2998046875,184
1783461600000,4122.2001953125,4122.2998046875,4116.5,4119.2998046875,190
1783461900000,4119.2998046875,4128.2001953125,4119,4127.7001953125,681
1783462200000,4128,4129.39990234375,4122.89990234375,4123.2998046875,306
1783462500000,4123.7001953125,4127.39990234375,4123.5,4125.7998046875,136
1783462800000,4126,4132.7001953125,4124.60009765625,4130.7998046875,372
1783463100000,4130.10009765625,4135.5,4129.39990234375,4129.5,447
1783463400000,4129.5,4131.7998046875,4127,4129.7998046875,287
1783463700000,4129.7001953125,4131.2998046875,4127.7001953125,4130.89990234375,180
1783464000000,4130.60009765625,4131.10009765625,4129,4131.10009765625,121
1783464300000,4131.10009765625,4131.2998046875,4126.5,4127.60009765625,132
1783464600000,4127.2998046875,4128.10009765625,4125.2001953125,4126.7998046875,101
1783464900000,4125,4126.5,4124,4125,170
1783465200000,4125.5,4140,4125.5,4136.39990234375,599
1783465500000,4136.7001953125,4140.5,4132.89990234375,4137.39990234375,267
1783465800000,4137.5,4141.5,4136.60009765625,4138.89990234375,409
1783466100000,4138.7001953125,4139.5,4135.7001953125,4137.7998046875,271
1783466400000,4138,4140.2998046875,4137.2998046875,4139.7001953125,164
1783466700000,4139.2001953125,4142.2998046875,4138.5,4141.2998046875,230
1783467000000,4141.39990234375,4142.2998046875,4137.5,4139.10009765625,160
1783467300000,4139.10009765625,4139.5,4137,4138.10009765625,104
1783467600000,4138,4138.2001953125,4136.7998046875,4138.2001953125,52
1783467900000,4137.5,4140.2001953125,4137.2001953125,4139.7001953125,42
1783468200000,4139.7001953125,4139.7998046875,4137.7998046875,4138.5,57
1783468500000,4137.5,4137.5,4133.60009765625,4133.7001953125,435
1783468800000,4134.2001953125,4135.89990234375,4132.5,4133.7998046875,287
1783469100000,4133.5,4139.39990234375,4133.5,4139.2001953125,146
1783469400000,4138.7998046875,4138.7998046875,4135,4135.2001953125,218
1783469700000,4135,4135,4131.39990234375,4133.60009765625,408
1783470000000,4133.60009765625,4137.7998046875,4132.10009765625,4136.39990234375,300
1783470300000,4136.2001953125,4137.7998046875,4135.10009765625,4136.60009765625,293
1783470600000,4136.60009765625,4139.10009765625,4135.10009765625,4136.7001953125,235
1783470900000,4137.2998046875,4139.10009765625,4135.5,4136.2001953125,120
1783471200000,4136.39990234375,4136.60009765625,4132.89990234375,4136,126
1783471500000,4136,4137.7001953125,4135.10009765625,4135.60009765625,108
1783471800000,4135.5,4137,4134.7998046875,4134.7998046875,78
1783472100000,4134.60009765625,4137.60009765625,4134.2001953125,4135.89990234375,101
1783472400000,4135.89990234375,4139,4135.7001953125,4138.89990234375,95
1783472700000,4139.10009765625,4144.60009765625,4138.60009765625,4139.2998046875,436
1783473000000,4138.89990234375,4139.2998046875,4136,4136.39990234375,121
1783473300000,4136.2998046875,4140.2998046875,4136.2998046875,4138,215
1783473600000,4138,4138.2998046875,4133,4134.7001953125,206
1783473900000,4134.5,4136.60009765625,4132.39990234375,4132.5,100
1783474200000,4132.2998046875,4138.7001953125,4131.2998046875,4138.60009765625,347
1783474500000,4137.89990234375,4140.5,4136.5,4138.7001953125,189
1783474800000,4138.10009765625,4142,4137.2998046875,4138.5,142
1783475100000,4139.2998046875,4140.5,4135.89990234375,4135.89990234375,82
1783475400000,4135.7998046875,4137.39990234375,4135,4137,175
1783475700000,4136.7998046875,4140,4136.7998046875,4138.5,142
1783476000000,4138.7998046875,4139.89990234375,4134,4134,296
1783476300000,4133.7001953125,4136.2001953125,4132.89990234375,4136.2001953125,212
1783476600000,4135.5,4142.10009765625,4135.2998046875,4141.39990234375,272
1783476900000,4141.7998046875,4143.39990234375,4139.5,4140.60009765625,379
1783477200000,4140.89990234375,4144.7001953125,4139.60009765625,4143.10009765625,161
1783477500000,4142.89990234375,4143.5,4140.5,4140.89990234375,154
1783477800000,4140.2998046875,4140.5,4135.89990234375,4137,223
1783478100000,4137.10009765625,4138,4135.2001953125,4137.10009765625,166
1783478400000,4137.2998046875,4139.10009765625,4136.60009765625,4137.7001953125,342
1783478700000,4137.39990234375,4138.10009765625,4134.89990234375,4135.10009765625,138
1783479000000,4135.7001953125,4137.60009765625,4135.10009765625,4136,105
1783479300000,4136.10009765625,4136.39990234375,4133.89990234375,4134,167
1783479600000,4134.39990234375,4135.7998046875,4131.2001953125,4131.2998046875,267
1783479900000,4131.39990234375,4131.89990234375,4128.39990234375,4131.60009765625,467
1783480200000,4131,4131.5,4126.7998046875,4129,229
1783480500000,4128.89990234375,4129.39990234375,4125.39990234375,4126.89990234375,285
1783480800000,4126.89990234375,4130.7001953125,4125.60009765625,4130.7001953125,308
1783481100000,4130.5,4132.60009765625,4128.7001953125,4131.5,253
1783481400000,4131.89990234375,4137.5,4131.2001953125,4135.2998046875,444
1783481700000,4135,4135,4129,4131,342
1783482000000,4131.5,4138.89990234375,4131.39990234375,4138.89990234375,417
1783482300000,4138.89990234375,4139,4135.39990234375,4135.60009765625,278
1783482600000,4135.5,4136.5,4130.89990234375,4130.89990234375,369
1783482900000,4131.10009765625,4132.5,4130,4132,135
1783483200000,4132,4132.2998046875,4127.5,4127.89990234375,250
1783483500000,4128,4131.60009765625,4127.89990234375,4130.89990234375,302
1783483800000,4130.7998046875,4132.5,4127.60009765625,4128.7001953125,345
1783484100000,4129,4132.2001953125,4091.300048828125,4099.2998046875,4332
1783484400000,4098.7998046875,4108.39990234375,4093,4095.60009765625,1854
1783484700000,4095.89990234375,4102.2998046875,4090.89990234375,4099.5,1276
1783485000000,4099.5,4102.7998046875,4088,4093.699951171875,1484
1783485300000,4093.39990234375,4093.39990234375,4077.5,4078,1965
1783485600000,4077.800048828125,4078.89990234375,4071.5,4077,2537
1783485900000,4076.39990234375,4087,4075.5,4077.89990234375,1479
1783486200000,4077.10009765625,4079.699951171875,4071.199951171875,4073.60009765625,1438
1783486500000,4074,4075.60009765625,4062.199951171875,4066.800048828125,2018
1783486800000,4066.60009765625,4067,4060.89990234375,4065.89990234375,1117
1783487100000,4066.10009765625,4066.39990234375,4060.39990234375,4061.800048828125,634
1783487400000,4062.39990234375,4066.60009765625,4061.199951171875,4066.300048828125,452
1783487700000,4065.699951171875,4071.300048828125,4064.10009765625,4069.5,1382
1783488000000,4069.699951171875,4070.60009765625,4064.60009765625,4066.699951171875,904
1783488300000,4067.199951171875,4070.800048828125,4065.10009765625,4066.800048828125,526
1783488600000,4067,4067.800048828125,4061.5,4067.199951171875,839
1783488900000,4066.800048828125,4068.89990234375,4061.10009765625,4062.800048828125,487
1783489200000,4063.10009765625,4064.60009765625,4054.800048828125,4058.800048828125,1586
1783489500000,4058.60009765625,4063.199951171875,4057.39990234375,4060.60009765625,525
1783489800000,4060.5,4060.5,4056.39990234375,4058.199951171875,374
1783490100000,4057.800048828125,4057.89990234375,4051.60009765625,4053.10009765625,782
1783490400000,4053.5,4058.300048828125,4053.199951171875,4057.10009765625,801
1783490700000,4056.60009765625,4056.60009765625,4050,4051.89990234375,625
1783491000000,4052.10009765625,4055.300048828125,4051.39990234375,4054.5,440
1783491300000,4054.60009765625,4060.800048828125,4053.39990234375,4060.800048828125,486
1783491600000,4061,4066.10009765625,4060.5,4062.800048828125,843
1783491900000,4062.800048828125,4063.60009765625,4059.300048828125,4061,379
1783492200000,4060.60009765625,4067.10009765625,4060.199951171875,4065.10009765625,284
1783492500000,4064.800048828125,4067.10009765625,4062,4065,416
1783492800000,4065,4068.699951171875,4062.89990234375,4067.5,526
1783493100000,4067.800048828125,4069,4064.10009765625,4065.800048828125,362
1783493400000,4066.199951171875,4067.800048828125,4063.300048828125,4066.800048828125,266
1783493700000,4066.60009765625,4067.60009765625,4062.89990234375,4062.89990234375,218
1783494000000,4062.89990234375,4067.199951171875,4060.60009765625,4064.199951171875,471
1783494300000,4063.699951171875,4065.10009765625,4059,4059.39990234375,307
1783494600000,4059.800048828125,4062.39990234375,4058.10009765625,4060.800048828125,335
1783494900000,4060.39990234375,4064.800048828125,4060.300048828125,4062.5,324
1783495200000,4062,4064.39990234375,4057.5,4060.300048828125,525
1783495500000,4060.199951171875,4062.10009765625,4058.89990234375,4060.5,146
1783495800000,4060,4060.89990234375,4055.699951171875,4057.60009765625,325
1783496100000,4057.89990234375,4058.199951171875,4051.5,4052.300048828125,522
1783496400000,4053,4076.300048828125,4052.699951171875,4074.5,2142
1783496700000,4074.5,4083,4070.800048828125,4072.10009765625,1917
1783497000000,4071.89990234375,4074,4069.199951171875,4072.800048828125,632
1783497300000,4072.5,4074.699951171875,4069.699951171875,4072.300048828125,578
1783497600000,4071.89990234375,4076.300048828125,4068.5,4075.10009765625,689
1783497900000,4074.699951171875,4080,4074,4079.5,931
1783498200000,4079.199951171875,4083.60009765625,4078.800048828125,4081.800048828125,772
1783498500000,4082.199951171875,4087.60009765625,4078.699951171875,4085.300048828125,873
1783498800000,4085.39990234375,4086.60009765625,4075.199951171875,4077.5,743
1783499100000,4076.89990234375,4082.300048828125,4076.89990234375,4081,472
1783499400000,4080.89990234375,4084.199951171875,4078.39990234375,4083.60009765625,739
1783499700000,4083.300048828125,4083.699951171875,4077.89990234375,4083.300048828125,357
1783500000000,4083,4088.699951171875,4081.5,4088.39990234375,564
1783500300000,4088.5,4093.800048828125,4086.699951171875,4093.10009765625,1247
1783500600000,4093,4096.7998046875,4092.39990234375,4094.60009765625,1094
1783500900000,4094.199951171875,4096.2001953125,4081.10009765625,4082.89990234375,2159
1783501200000,4082.5,4090.5,4080.699951171875,4089.800048828125,1100
1783501500000,4089.89990234375,4093.800048828125,4082.89990234375,4085.39990234375,1336
1783501800000,4084.699951171875,4086.89990234375,4080.39990234375,4082.89990234375,1351
1783502100000,4082.800048828125,4086.89990234375,4082.39990234375,4083.5,618
1783502400000,4082.800048828125,4086.89990234375,4078.699951171875,4082.199951171875,908
1783502700000,4082,4085.39990234375,4075.800048828125,4077.5,1026
1783503000000,4077.5,4090.89990234375,4077.39990234375,4088.5,1311
1783503300000,4087.10009765625,4091.5,4083.60009765625,4090.199951171875,693
1783503600000,4089.89990234375,4091.199951171875,4081.300048828125,4084.199951171875,806
1783503900000,4083.89990234375,4090.10009765625,4080.199951171875,4080.199951171875,633
1783504200000,4080.300048828125,4084.39990234375,4079,4080.60009765625,719
1783504500000,4080.699951171875,4084,4079.60009765625,4081.60009765625,1572
1783504800000,4081.10009765625,4082,4073.89990234375,4077,1454
1783505100000,4077.10009765625,4079.699951171875,4071.699951171875,4074.699951171875,2076
1783505400000,4074.300048828125,4075.60009765625,4067.699951171875,4068.300048828125,1644
1783505700000,4068.199951171875,4072.39990234375,4062,4065.60009765625,1729
1783506000000,4065.39990234375,4073,4063.60009765625,4070.89990234375,1112
1783506300000,4071.5,4076.39990234375,4069.60009765625,4071.5,983
1783506600000,4071,4072.39990234375,4063,4066,1101
1783506900000,4066,4066.5,4052.89990234375,4053.89990234375,2129
1783507200000,4054,4060.199951171875,4045.10009765625,4046.800048828125,3429
1783507500000,4046.800048828125,4050.89990234375,4044,4046.300048828125,1763
1783507800000,4046.199951171875,4057.10009765625,4045.300048828125,4055.199951171875,1251
1783508100000,4055,4056.39990234375,4051,4051.800048828125,597
1783508400000,4052,4052.5,4046.300048828125,4048.199951171875,791
1783508700000,4048,4054.300048828125,4047.800048828125,4050.699951171875,543
1783509000000,4050.300048828125,4053.10009765625,4044.199951171875,4044.60009765625,873
1783509300000,4044.5,4045.60009765625,4038.10009765625,4042.5,2645
1783509600000,4042.60009765625,4046.699951171875,4036.699951171875,4037,766
1783509900000,4037.10009765625,4042.89990234375,4036.89990234375,4041.5,683
1783510200000,4042,4042.89990234375,4032.5,4035.800048828125,1489
1783510500000,4035.60009765625,4042.60009765625,4034.699951171875,4040,825
1783510800000,4039.39990234375,4044.300048828125,4039.300048828125,4042.89990234375,746
1783511100000,4042.800048828125,4044.60009765625,4039.800048828125,4044,738
1783511400000,4044.10009765625,4048.60009765625,4043.60009765625,4044.89990234375,869
1783511700000,4044.60009765625,4045.10009765625,4040.60009765625,4044.10009765625,467
1783512000000,4044.5,4047.5,4043.39990234375,4046.39990234375,616
1783512300000,4046.800048828125,4050.800048828125,4046.39990234375,4049.39990234375,599
1783512600000,4049.60009765625,4053.5,4049.10009765625,4049.89990234375,929
1783512900000,4050,4051.89990234375,4048,4050.800048828125,430
1783513200000,4051.300048828125,4052.39990234375,4048.10009765625,4048.60009765625,467
1783513500000,4048.60009765625,4055.89990234375,4048.60009765625,4053.89990234375,535
1783513800000,4053.60009765625,4057.5,4051.39990234375,4052,782
1783514100000,4051.699951171875,4057,4049.5,4055.10009765625,1150
1783514400000,4054.699951171875,4068.300048828125,4052.89990234375,4066.60009765625,1683
1783514700000,4066.39990234375,4069.199951171875,4063.300048828125,4068,946
1783515000000,4068.39990234375,4073,4067.5,4072.199951171875,989
1783515300000,4072.5,4075,4071.300048828125,4073.89990234375,636
1783515600000,4073.89990234375,4074.10009765625,4069.39990234375,4071,463
1783515900000,4070.89990234375,4079.199951171875,4070.699951171875,4075.800048828125,948
1783516200000,4075.199951171875,4080.699951171875,4073.800048828125,4075,1099
1783516500000,4075.199951171875,4077.39990234375,4073.5,4076.5,854
1783516800000,4076.10009765625,4081,4075.39990234375,4079.60009765625,2158
1783517100000,4079.60009765625,4084.699951171875,4079.60009765625,4083.39990234375,3609
1783517400000,4083.5,4086.89990234375,4081.5,4083,1990
1783517700000,4082.89990234375,4083.699951171875,4080.10009765625,4081.300048828125,539
1783518000000,4081.300048828125,4081.800048828125,4079.39990234375,4080.5,246
1783518300000,4080.300048828125,4081,4077.5,4078,361
1783518600000,4078.199951171875,4080.5,4077.10009765625,4078,270
1783518900000,4078,4078,4074.699951171875,4076.39990234375,337
1783519200000,4075.800048828125,4085.5,4073.800048828125,4079.60009765625,990
1783519500000,4080,4081.10009765625,4076.800048828125,4078.5,303
1783519800000,4078.199951171875,4086.39990234375,4077.5,4085.699951171875,485
1783520100000,4086,4086.10009765625,4080.89990234375,4082.10009765625,210
1783520400000,4082.10009765625,4082.10009765625,4078.800048828125,4080,228
1783520700000,4079.800048828125,4083.10009765625,4078,4080.800048828125,269
1783521000000,4080.5,4082,4077.60009765625,4080.300048828125,587
1783521300000,4080.39990234375,4086,4079.60009765625,4085.60009765625,266
1783521600000,4085.5,4090,4085.300048828125,4089.89990234375,499
1783521900000,4089.800048828125,4101.60009765625,4089,4100.89990234375,987
1783522200000,4100.2001953125,4101.5,4094.300048828125,4095.699951171875,553
1783522500000,4095.699951171875,4095.699951171875,4092.10009765625,4094.10009765625,312
1783522800000,4095,4101,4094.699951171875,4097.2001953125,384
1783523100000,4097.60009765625,4100.2001953125,4096.7001953125,4099.7001953125,215
1783523400000,4099.2001953125,4100.5,4095.5,4097.7998046875,257
1783523700000,4097.2998046875,4098,4094.800048828125,4096.60009765625,591
1783524000000,4096.5,4097.7998046875,4096,4097.2001953125,116
1783524300000,4097.2998046875,4098.60009765625,4095.10009765625,4098.5,164
1783524600000,4098.60009765625,4101.39990234375,4096.39990234375,4097.2001953125,659
1783524900000,4096.7998046875,4099.2998046875,4096.5,4097.2998046875,114
1783525200000,4097.39990234375,4097.5,4093.39990234375,4094.10009765625,309
1783525500000,4093.89990234375,4094.39990234375,4088.5,4089.300048828125,638
1783525800000,4089.199951171875,4093.5,4089,4092.89990234375,441
1783526100000,4093.300048828125,4093.300048828125,4090,4090.199951171875,412
1783526400000,4090.5,4090.5,4086.199951171875,4089.39990234375,412
1783526700000,4089.39990234375,4093.5,4088.699951171875,4091.300048828125,317
1783527000000,4090.89990234375,4091.699951171875,4087.89990234375,4089.199951171875,214
1783527300000,4089,4089.39990234375,4085.60009765625,4086.39990234375,180
1783527600000,4086.5,4086.699951171875,4084.10009765625,4085.39990234375,280
1783527900000,4085.5,4086.699951171875,4084.5,4086.60009765625,177
1783528200000,4086.699951171875,4088.60009765625,4083.199951171875,4083.800048828125,230
1783528500000,4083.89990234375,4084.199951171875,4081.39990234375,4084.199951171875,162
1783528800000,4084.39990234375,4085.89990234375,4084.10009765625,4085.10009765625,66
1783529100000,4084.699951171875,4086,4084.199951171875,4085.199951171875,59
1783529400000,4085.60009765625,4089.699951171875,4085.60009765625,4089.5,165
1783529700000,4089.800048828125,4089.800048828125,4082.39990234375,4086.60009765625,140
1783533600000,4087.60009765625,4089.199951171875,4081.199951171875,4082.89990234375,0
1783533900000,4083.5,4088.89990234375,4082.800048828125,4086.699951171875,121
1783534200000,4087.5,4088.39990234375,4086,4086.300048828125,55
1783534500000,4086.10009765625,4088.699951171875,4084.699951171875,4085.699951171875,95
1783534800000,4085.60009765625,4085.60009765625,4083,4083.89990234375,89
1783535100000,4084.699951171875,4085.39990234375,4082.699951171875,4083.800048828125,79
1783535400000,4084,4087,4083,4086.39990234375,112
1783535700000,4085.89990234375,4087.5,4084.60009765625,4086.39990234375,74
1783536000000,4087.199951171875,4088.800048828125,4085.60009765625,4086,183
1783536300000,4085.699951171875,4089.199951171875,4085.5,4088.800048828125,103
1783536600000,4088.60009765625,4089.60009765625,4087.699951171875,4087.800048828125,98
1783536900000,4088.10009765625,4088.10009765625,4085.699951171875,4085.699951171875,547
1783537200000,4086.300048828125,4086.300048828125,4083.60009765625,4084.300048828125,257
1783537500000,4085.199951171875,4086.800048828125,4085,4086.800048828125,23
1783537800000,4086,4086.800048828125,4085.39990234375,4086.5,19
1783538100000,4086.300048828125,4086.60009765625,4085,4085.39990234375,51
1783538400000,4085.10009765625,4085.699951171875,4084.800048828125,4085.10009765625,19
1783538700000,4085.5,4087.5,4085.5,4086.89990234375,26
1783539000000,4086.800048828125,4086.800048828125,4084.199951171875,4085,48
1783539300000,4084.89990234375,4087,4084.89990234375,4085.89990234375,22
1783539600000,4086.199951171875,4086.300048828125,4083.10009765625,4084.89990234375,115
1783539900000,4084.89990234375,4086.199951171875,4081.10009765625,4082.10009765625,287
1783540200000,4082.39990234375,4086.800048828125,4082,4085.300048828125,122
1783540500000,4085,4087.39990234375,4084.60009765625,4085.60009765625,68
1783540800000,4087.5,4091,4086.39990234375,4090.300048828125,252
1783541100000,4090.10009765625,4092.39990234375,4086.699951171875,4086.699951171875,387
1783541400000,4087.5,4097,4087.5,4096.7998046875,321
1783541700000,4096.89990234375,4099.10009765625,4092.300048828125,4093.199951171875,269
1783542000000,4093.5,4094.60009765625,4085.199951171875,4087,364
1783542300000,4087.300048828125,4087.60009765625,4083.60009765625,4087.39990234375,228
1783542600000,4087.89990234375,4091,4086.800048828125,4088.10009765625,205
1783542900000,4088.199951171875,4091.10009765625,4085.89990234375,4088.699951171875,360
1783543200000,4088.800048828125,4089.199951171875,4084.699951171875,4086.60009765625,121
1783543500000,4086.10009765625,4088.10009765625,4084.5,4087,193
1783543800000,4087.10009765625,4087.10009765625,4079.199951171875,4079.800048828125,267
1783544100000,4079.800048828125,4084.39990234375,4079.800048828125,4082.800048828125,322
1783544400000,4083.199951171875,4088.199951171875,4074.10009765625,4076.60009765625,922
1783544700000,4076.800048828125,4083.10009765625,4076.10009765625,4082.89990234375,310
1783545000000,4082.300048828125,4085.699951171875,4081.300048828125,4083.199951171875,266
1783545300000,4083.5,4086,4081.699951171875,4083.300048828125,287
1783545600000,4083.39990234375,4085.10009765625,4079.39990234375,4081.5,200
1783545900000,4081.699951171875,4082.300048828125,4075.89990234375,4075.89990234375,229
1783546200000,4076.39990234375,4082.199951171875,4071.39990234375,4080.5,947
1783546500000,4080.699951171875,4082.800048828125,4079.60009765625,4081.199951171875,148
1783546800000,4081,4084.39990234375,4079.39990234375,4082.199951171875,137
1783547100000,4081.800048828125,4085.199951171875,4081.5,4083,169
1783547400000,4082.60009765625,4083.39990234375,4077.699951171875,4078.300048828125,553
1783547700000,4078.199951171875,4082,4077.89990234375,4081.800048828125,91
1783548000000,4081.89990234375,4085.10009765625,4080.800048828125,4084.199951171875,409
1783548300000,4083.199951171875,4085,4082.800048828125,4084.5,187
1783548600000,4084.39990234375,4089,4084.39990234375,4088,358
1783548900000,4087.39990234375,4090.699951171875,4086.199951171875,4089.199951171875,198
1783549200000,4089.199951171875,4089.5,4086.800048828125,4088.5,188
1783549500000,4088.10009765625,4091.89990234375,4088.10009765625,4089.300048828125,407
1783549800000,4089.300048828125,4090.60009765625,4081.10009765625,4081.39990234375,523
1783550100000,4081.5,4083.300048828125,4079.199951171875,4081.699951171875,242
1783550400000,4082.60009765625,4083.60009765625,4078.699951171875,4079.699951171875,158
1783550700000,4079.800048828125,4080.800048828125,4077.199951171875,4078.10009765625,151
1783551000000,4077.10009765625,4077.199951171875,4074.39990234375,4075.800048828125,417
1783551300000,4076.699951171875,4077.699951171875,4073.10009765625,4073.800048828125,196
1783551600000,4073.39990234375,4076.300048828125,4072.89990234375,4075.60009765625,142
1783551900000,4075.5,4075.699951171875,4068.199951171875,4069.10009765625,516
1783552200000,4069.199951171875,4069.89990234375,4064.10009765625,4067.89990234375,433
1783552500000,4067.60009765625,4068.10009765625,4063.39990234375,4064.699951171875,180
1783552800000,4064.5,4068.39990234375,4063.39990234375,4067.800048828125,254
1783553100000,4068.39990234375,4070.199951171875,4066.39990234375,4067.39990234375,202
1783553400000,4067,4072.60009765625,4065.60009765625,4071.89990234375,177
1783553700000,4071.89990234375,4072,4068.699951171875,4069.89990234375,96
1783554000000,4069.89990234375,4071,4068.300048828125,4071,44
1783554300000,4071.300048828125,4072.10009765625,4070.199951171875,4070.39990234375,63
1783554600000,4070.300048828125,4072.800048828125,4070.300048828125,4071.89990234375,123
1783554900000,4072.10009765625,4072.300048828125,4070.89990234375,4072.10009765625,49
1783555200000,4073.60009765625,4073.60009765625,4068.39990234375,4070.39990234375,252
1783555500000,4070.60009765625,4072,4070.10009765625,4070.89990234375,33
1783555800000,4070.89990234375,4073.10009765625,4069.60009765625,4069.60009765625,87
1783556100000,4069.60009765625,4069.60009765625,4066.5,4067.300048828125,178
1783556400000,4067.10009765625,4070.199951171875,4066.89990234375,4068.89990234375,142
1783556700000,4069.199951171875,4069.300048828125,4067.5,4067.5,639
1783557000000,4068,4073.5,4068,4072.699951171875,252
1783557300000,4072.39990234375,4073.60009765625,4070.800048828125,4073.10009765625,211
1783557600000,4072.89990234375,4072.89990234375,4065.89990234375,4067.39990234375,420
1783557900000,4067.199951171875,4070.39990234375,4065.89990234375,4070.39990234375,205
1783558200000,4070.89990234375,4072,4069,4071.699951171875,188
1783558500000,4072.199951171875,4073.699951171875,4071.300048828125,4073.699951171875,151
1783558800000,4073.699951171875,4081.300048828125,4073,4075.89990234375,921
1783559100000,4076,4078.60009765625,4075.699951171875,4077.5,139
1783559400000,4077.800048828125,4085.300048828125,4077.60009765625,4082.89990234375,679
1783559700000,4083.10009765625,4083.39990234375,4077.199951171875,4077.300048828125,323
1783560000000,4077.39990234375,4079,4076.199951171875,4078.199951171875,106
1783560300000,4077.39990234375,4081.800048828125,4077.199951171875,4081.39990234375,133
1783560600000,4082,4083,4073.800048828125,4080.300048828125,578
1783560900000,4080.800048828125,4086.300048828125,4078.699951171875,4085.300048828125,424
1783561200000,4084.89990234375,4085.89990234375,4082.89990234375,4085,516
1783561500000,4085.300048828125,4089.10009765625,4083.39990234375,4089,252
1783561800000,4089.199951171875,4092.300048828125,4087.89990234375,4088.89990234375,545
1783562100000,4088.89990234375,4093.800048828125,4088.199951171875,4091.39990234375,328
1783562400000,4091.300048828125,4109.2998046875,4090.800048828125,4102.39990234375,1766
1783562700000,4102.5,4103.2998046875,4097.7998046875,4098.39990234375,596
1783563000000,4098.7998046875,4102.10009765625,4097.7998046875,4101.5,218
1783563300000,4101.2998046875,4105,4101,4102.7998046875,334
1783563600000,4103.7998046875,4110.7998046875,4102.7998046875,4107.7001953125,807
1783563900000,4107.39990234375,4112.60009765625,4107.2998046875,4111.2001953125,583
1783564200000,4111.7998046875,4116.7001953125,4109,4113.7001953125,514
1783564500000,4113.7001953125,4115.60009765625,4108,4108,532
1783564800000,4108.10009765625,4112.7001953125,4105.60009765625,4112.5,724
1783565100000,4112.2998046875,4115,4112,4112.60009765625,382
1783565400000,4113,4114.89990234375,4112.60009765625,4113.2998046875,134
1783565700000,4113.10009765625,4117.7001953125,4112.7001953125,4117.7001953125,326
1783566000000,4117.2998046875,4119.89990234375,4115.60009765625,4115.7998046875,547
1783566300000,4115.7001953125,4116.39990234375,4112.60009765625,4115.39990234375,296
1783566600000,4115.10009765625,4116.10009765625,4111.2998046875,4111.2998046875,285
1783566900000,4111.39990234375,4115,4111.39990234375,4114.2998046875,202
1783567200000,4114.2998046875,4115.7001953125,4112.89990234375,4115.39990234375,386
1783567500000,4115.60009765625,4119.5,4114.5,4118.60009765625,385
1783567800000,4118.60009765625,4119.2001953125,4113.2998046875,4116.60009765625,392
1783568100000,4116.39990234375,4119.2001953125,4115.7998046875,4117.7998046875,184
1783568400000,4118.2998046875,4120.89990234375,4117.7001953125,4118.89990234375,334
1783568700000,4118.60009765625,4120.89990234375,4116,4120.2998046875,253
1783569000000,4120.39990234375,4121,4118.2998046875,4118.2998046875,176
1783569300000,4118,4118.10009765625,4114.2001953125,4117.89990234375,275
1783569600000,4117.89990234375,4119.2001953125,4115,4117.39990234375,202
1783569900000,4117.10009765625,4120.39990234375,4116.5,4119.60009765625,386
1783570200000,4119.10009765625,4119.60009765625,4115.10009765625,4117.7998046875,157
1783570500000,4118,4122.60009765625,4117.60009765625,4118.5,495
1783570800000,4119.2001953125,4127.39990234375,4119.2001953125,4125.2001953125,1200
1783571100000,4125,4125.10009765625,4123.39990234375,4124.39990234375,138
1783571400000,4124.2001953125,4126,4119.2998046875,4119.89990234375,326
1783571700000,4120,4124.60009765625,4120,4124.5,268
1783572000000,4123.89990234375,4124.5,4122.39990234375,4122.89990234375,222
1783572300000,4123.10009765625,4123.10009765625,4116.7998046875,4118.7998046875,320
1783572600000,4118.89990234375,4120.2001953125,4118.2001953125,4119,288
1783572900000,4119,4120.10009765625,4117,4117.89990234375,195
1783573200000,4118,4118.2998046875,4115.60009765625,4117.7998046875,179
1783573500000,4117.7001953125,4118.7998046875,4115.2001953125,4115.7998046875,145
1783573800000,4116,4118.60009765625,4115.7001953125,4117.5,199
1783574100000,4117.7001953125,4121,4116.89990234375,4119.2998046875,259
1783574400000,4119,4121.39990234375,4116.89990234375,4117,353
1783574700000,4116.7998046875,4118.2001953125,4116.5,4117.5,144
1783575000000,4117.5,4119.5,4114.10009765625,4115.2998046875,554
1783575300000,4115.7998046875,4117.10009765625,4115,4115.7001953125,128
1783575600000,4115.7001953125,4115.7001953125,4112.60009765625,4113.2998046875,215
1783575900000,4113.10009765625,4114.5,4112.60009765625,4114.5,139
1783576200000,4114.89990234375,4115.7001953125,4113.2001953125,4115.10009765625,180
1783576500000,4115.2998046875,4116.7998046875,4114.39990234375,4115.7001953125,126
1783576800000,4115.7998046875,4119.2001953125,4113.39990234375,4119.10009765625,295
1783577100000,4119,4119,4114.5,4116.10009765625,144
1783577400000,4116.7001953125,4117.2001953125,4114,4114.5,372
1783577700000,4114.60009765625,4116.10009765625,4114.10009765625,4114.10009765625,80
1783578000000,4114.2998046875,4115.2998046875,4113.89990234375,4114.39990234375,91
1783578300000,4114.10009765625,4114.7001953125,4113.39990234375,4113.7998046875,201
1783578600000,4113.2001953125,4114.60009765625,4111,4113.7998046875,321
1783578900000,4113.5,4114.60009765625,4112.7001953125,4114,109
1783579200000,4113.60009765625,4113.7001953125,4112.2001953125,4112.7998046875,188
1783579500000,4112.7998046875,4113.2998046875,4108.7001953125,4110.2998046875,928
1783579800000,4110,4110.2998046875,4103.7001953125,4106.5,717
1783580100000,4106.39990234375,4108.5,4102.7998046875,4108,473
1783580400000,4108.2001953125,4113.2998046875,4106.89990234375,4112.2998046875,688
1783580700000,4112.2998046875,4112.39990234375,4109.7001953125,4111.60009765625,123
1783581000000,4111.7998046875,4114.60009765625,4111,4113.60009765625,236
1783581300000,4114.5,4116.7998046875,4113.5,4114.2001953125,232
1783581600000,4114.10009765625,4114.7001953125,4108.60009765625,4109.39990234375,451
1783581900000,4109.5,4110.7998046875,4108.2998046875,4109.5,378
1783582200000,4109.7998046875,4112,4109.5,4110.39990234375,209
1783582500000,4110.60009765625,4115,4108.2001953125,4114.7998046875,394
1783582800000,4114.60009765625,4119.39990234375,4114.2001953125,4116,687
1783583100000,4116,4117.7001953125,4114.60009765625,4115.89990234375,386
1783583400000,4115.60009765625,4117.7998046875,4114.39990234375,4117,165
1783583700000,4117.2001953125,4120.39990234375,4116.7001953125,4118.7001953125,323
1783584000000,4118.7001953125,4119.7998046875,4115.7001953125,4117.60009765625,207
1783584300000,4117.5,4130.2998046875,4115.89990234375,4125.2001953125,1166
1783584600000,4125.5,4127,4122.2001953125,4122.60009765625,501
1783584900000,4122.7998046875,4123.2998046875,4117.2998046875,4117.7998046875,545
1783585200000,4117.7001953125,4118.60009765625,4114.7998046875,4116.2998046875,894
1783585500000,4116.2001953125,4119.2001953125,4114.89990234375,4116.7001953125,390
1783585800000,4117,4126,4116.2998046875,4125.7001953125,1044
1783586100000,4125.7001953125,4131.39990234375,4124.7998046875,4130.5,2570
1783586400000,4130.5,4132.39990234375,4122.2998046875,4122.5,866
1783586700000,4122.89990234375,4123.10009765625,4120.5,4122.2001953125,487
1783587000000,4122.60009765625,4124.5,4120.5,4121.2001953125,418
1783587300000,4121.39990234375,4122.2998046875,4116.7998046875,4117.7001953125,669
1783587600000,4117.5,4124.39990234375,4116.60009765625,4121.5,722
1783587900000,4121.7998046875,4127.7998046875,4121,4126.10009765625,778
1783588200000,4126.39990234375,4131,4125.7001953125,4130.60009765625,888
1783588500000,4130.7001953125,4136.89990234375,4129.10009765625,4130.2001953125,1723
1783588800000,4130.39990234375,4135.39990234375,4128.39990234375,4135.2998046875,740
1783589100000,4135.39990234375,4137.2998046875,4133.2001953125,4135.7001953125,546
1783589400000,4136.10009765625,4139.2001953125,4129.39990234375,4135.5,1493
1783589700000,4135,4138,4132.10009765625,4134.89990234375,595
1783590000000,4135.2001953125,4139.60009765625,4131.7998046875,4137.2998046875,1882
1783590300000,4137.2998046875,4137.7001953125,4131.2998046875,4133.39990234375,1156
1783590600000,4133.5,4136.7001953125,4128.60009765625,4128.60009765625,813
1783590900000,4128.7001953125,4132.7001953125,4127.60009765625,4131.7001953125,1087
1783591200000,4131.2998046875,4145,4131.10009765625,4141.39990234375,2093
1783591500000,4141.2998046875,4147.39990234375,4135.60009765625,4136.39990234375,1390
1783591800000,4136.2998046875,4136.89990234375,4129.7998046875,4131.7998046875,1247
1783592100000,4132.10009765625,4132.10009765625,4125.5,4127.10009765625,1035
1783592400000,4126.89990234375,4133.2998046875,4123.7001953125,4132.89990234375,1450
1783592700000,4133,4135.7001953125,4131.2001953125,4134.2998046875,863
1783593000000,4134.7001953125,4135.10009765625,4130.7998046875,4134.5,509
1783593300000,4134.5,4136.60009765625,4131.10009765625,4133,537
1783593600000,4132.7001953125,4134.60009765625,4130.39990234375,4133.89990234375,567
1783593900000,4134.10009765625,4135.10009765625,4128.5,4129.2001953125,609
1783594200000,4129.10009765625,4134,4127.89990234375,4134,562
1783594500000,4133.7001953125,4138,4132.7001953125,4137.2998046875,608
1783594800000,4137.7001953125,4138.39990234375,4134.89990234375,4136.2001953125,513
1783595100000,4136.7001953125,4140.7998046875,4135.10009765625,4136.60009765625,551
1783595400000,4136.5,4137.2001953125,4134.60009765625,4135.2998046875,361
1783595700000,4135.10009765625,4137.7001953125,4134.7998046875,4137,618
1783596000000,4137,4140.5,4134.60009765625,4139.7001953125,425
1783596300000,4139.2998046875,4140.60009765625,4136.89990234375,4137.7001953125,618
1783596600000,4137.5,4138.5,4136.10009765625,4137,369
1783596900000,4136.89990234375,4140.39990234375,4136.60009765625,4140.39990234375,1106
1783597200000,4140.5,4141.2998046875,4138.39990234375,4139.89990234375,389
1783597500000,4140.2001953125,4143,4138.5,4139.2001953125,386
1783597800000,4139.2001953125,4141.5,4136.10009765625,4137.2001953125,656
1783598100000,4137.2998046875,4138.39990234375,4136.2001953125,4136.39990234375,446
1783598400000,4136.7998046875,4139.5,4135.39990234375,4135.7998046875,258
1783598700000,4135.89990234375,4138.89990234375,4135.60009765625,4138.7001953125,196
1783599000000,4138.7998046875,4141.39990234375,4137.60009765625,4140.2001953125,429
1783599300000,4140.10009765625,4143.60009765625,4139.10009765625,4139.60009765625,366
1783599600000,4139.5,4141.5,4138.7998046875,4140.5,325
1783599900000,4140.5,4142.89990234375,4138.7998046875,4142.89990234375,298
1783600200000,4142.2998046875,4148.39990234375,4142.10009765625,4145,1005
1783600500000,4144.39990234375,4145.7001953125,4141.2001953125,4142.7001953125,354
1783600800000,4142.5,4144,4141.60009765625,4143.7001953125,266
1783601100000,4143.2998046875,4144.2001953125,4140.7001953125,4140.7001953125,281
1783601400000,4141,4143.5,4140.60009765625,4143.2001953125,252
1783601700000,4142.89990234375,4142.89990234375,4137.7001953125,4137.7001953125,1686
1783602000000,4137.7998046875,4138.5,4135.60009765625,4138.2001953125,857
1783602300000,4138,4138.60009765625,4136.2998046875,4137.39990234375,796
1783602600000,4137.60009765625,4138,4135.2998046875,4137.2001953125,394
1783602900000,4136.7998046875,4137.7998046875,4134.5,4136.5,688
1783603200000,4136.2998046875,4138.5,4135.2998046875,4138,666
1783603500000,4138,4141.89990234375,4135.89990234375,4141.60009765625,3378
1783603800000,4141.7001953125,4144,4139.10009765625,4139.7998046875,1919
1783604100000,4139.7001953125,4144.2998046875,4139.5,4143.2001953125,327
1783604400000,4143.2998046875,4143.7998046875,4141.7001953125,4142,224
1783604700000,4141.89990234375,4148.2998046875,4141.7998046875,4145.89990234375,1583
1783605000000,4146.2998046875,4147.5,4144.89990234375,4145.2998046875,335
1783605300000,4145.2001953125,4146.89990234375,4144,4146.10009765625,297
1783605600000,4145.89990234375,4146.5,4140.7001953125,4141.2001953125,462
1783605900000,4141.2001953125,4142.10009765625,4139.39990234375,4140.7001953125,241
1783606200000,4140.5,4140.5,4137.10009765625,4138.7001953125,296
1783606500000,4138.39990234375,4138.39990234375,4136.39990234375,4137.2001953125,491
1783606800000,4136.89990234375,4137.10009765625,4133.5,4134.5,316
1783607100000,4134.39990234375,4134.89990234375,4132.7001953125,4133.7998046875,215
1783607400000,4133.7998046875,4134.7998046875,4132.5,4133.60009765625,142
1783607700000,4134.10009765625,4134.10009765625,4131.10009765625,4132.10009765625,227
1783608000000,4132,4135.2001953125,4131.89990234375,4135.2001953125,283
1783608300000,4135.2001953125,4135.2998046875,4133.39990234375,4133.89990234375,110
1783608600000,4134.2001953125,4134.2001953125,4132.10009765625,4133.7001953125,155
1783608900000,4133.7001953125,4135,4132.60009765625,4134.5,117
1783609200000,4134.10009765625,4136.89990234375,4133.10009765625,4134.5,218
1783609500000,4134.39990234375,4135.2001953125,4133,4133.2001953125,97
1783609800000,4133,4134.10009765625,4132.60009765625,4134.10009765625,105
1783610100000,4134.2998046875,4135,4133.10009765625,4133.39990234375,77
1783610400000,4133.7998046875,4134,4131.5,4131.60009765625,256
1783610700000,4131.39990234375,4131.7998046875,4130.2998046875,4130.60009765625,144
1783611000000,4130.60009765625,4131.39990234375,4129.2001953125,4130.5,284
1783611300000,4130.2998046875,4132.2998046875,4129.7998046875,4130.2001953125,202
1783611600000,4130.2001953125,4131.2001953125,4128.2998046875,4130,220
1783611900000,4130.2001953125,4132.10009765625,4129.7998046875,4132,130
1783612200000,4131.7998046875,4133.39990234375,4130.2998046875,4131.2998046875,283
1783612500000,4131.7001953125,4132.60009765625,4130.2001953125,4132.39990234375,303
1783612800000,4132.10009765625,4133.89990234375,4131.10009765625,4132,178
1783613100000,4131.7998046875,4132.2998046875,4131.2001953125,4131.5,58
1783613400000,4131.5,4131.60009765625,4130.2998046875,4131.2001953125,36
1783613700000,4131.2001953125,4131.7001953125,4130.7001953125,4131.5,30
1783614000000,4131.39990234375,4132.2998046875,4131,4131.2998046875,35
1783614300000,4131.39990234375,4131.60009765625,4130,4130.60009765625,40
1783614600000,4130.39990234375,4133.60009765625,4130.2998046875,4133.2998046875,244
1783614900000,4133.5,4135.10009765625,4133.10009765625,4133.2998046875,72
1783615200000,4133.39990234375,4134.39990234375,4133,4133.89990234375,73
1783615500000,4133.5,4133.5,4132.2998046875,4132.89990234375,54
1783615800000,4132.7001953125,4133.39990234375,4132.5,4133.39990234375,35
1783616100000,4133,4134,4132.39990234375,4132.60009765625,118
1783620000000,4135.39990234375,4135.5,4133.39990234375,4134.2001953125,0
1783620300000,4134.2001953125,4136.7998046875,4131.60009765625,4131.60009765625,219
1783620600000,4131.89990234375,4133,4130.7998046875,4132.7998046875,87
1783620900000,4132.5,4134,4132.39990234375,4132.39990234375,29
1783621200000,4132.10009765625,4132.7998046875,4131.5,4132.7998046875,24
1783621500000,4132.60009765625,4133.7001953125,4131.60009765625,4132.60009765625,95
1783621800000,4132.10009765625,4133.10009765625,4131.5,4132.2001953125,50
1783622100000,4132.10009765625,4134,4131.7998046875,4133,125
1783622400000,4132.7998046875,4133.2998046875,4131.5,4132.7001953125,105
1783622700000,4133,4133.2001953125,4131,4131.5,77
1783623000000,4131.5,4132.2001953125,4130.5,4132,152
1783623300000,4131.89990234375,4133,4130.7001953125,4130.7001953125,59
1783623600000,4130.7998046875,4132.2001953125,4130.10009765625,4132.2001953125,55
1783623900000,4132.2998046875,4133.89990234375,4131.89990234375,4133.2001953125,53
1783624200000,4133.10009765625,4133.7001953125,4132,4133,37
1783624500000,4133.2998046875,4133.60009765625,4133.2998046875,4133.60009765625,6
1783624800000,4133.7001953125,4134.2001953125,4131,4131.39990234375,94
1783625100000,4131.5,4132.39990234375,4130.2998046875,4131.39990234375,138
1783625400000,4131.2001953125,4131.5,4130.10009765625,4131,31
1783625700000,4131.2001953125,4132.10009765625,4131.2001953125,4132.10009765625,20
1783626000000,4132,4132.2998046875,4131.89990234375,4132,11
1783626300000,4132,4133.89990234375,4130.89990234375,4133.2001953125,89
1783626600000,4133.5,4133.7001953125,4131.89990234375,4132.2001953125,28
1783626900000,4132.10009765625,4133.10009765625,4132.10009765625,4132.60009765625,26
1783627200000,4132.5,4134.60009765625,4129,4133.10009765625,281
1783627500000,4133,4134.2001953125,4130.2998046875,4132.10009765625,125
1783627800000,4132.5,4132.5,4130.39990234375,4131.89990234375,41
1783628100000,4132.39990234375,4132.89990234375,4130,4130.2998046875,79
1783628400000,4130.2001953125,4131.5,4128,4128.5,285
1783628700000,4128.10009765625,4129.10009765625,4125.7998046875,4128.60009765625,233
1783629000000,4128.39990234375,4128.39990234375,4123.5,4124.7998046875,227
1783629300000,4125.2001953125,4129,4124.89990234375,4128.39990234375,129
1783629600000,4127.7001953125,4133,4127.39990234375,4132.39990234375,203
1783629900000,4132,4135,4131.2998046875,4133.60009765625,206
1783630200000,4134,4136.39990234375,4130.2998046875,4131.89990234375,264
1783630500000,4132,4137.7998046875,4132,4135.7998046875,379
1783630800000,4136.2001953125,4140.7998046875,4129.39990234375,4131.39990234375,736
1783631100000,4131.39990234375,4135.89990234375,4128.10009765625,4135.2001953125,319
1783631400000,4134.5,4136,4131.2001953125,4134,113
1783631700000,4134.5,4137.5,4132.7998046875,4135.39990234375,267
1783632000000,4135.2001953125,4135.39990234375,4130,4132.10009765625,145
1783632300000,4132.2001953125,4132.5,4129.89990234375,4130.7998046875,111
1783632600000,4131.7001953125,4133.2001953125,4128.2001953125,4129,187
1783632900000,4129.2001953125,4130.2998046875,4118.60009765625,4122.2998046875,974
1783633200000,4122.2001953125,4123.60009765625,4119.39990234375,4121.10009765625,484
1783633500000,4121.39990234375,4124.2998046875,4118.2998046875,4122.7001953125,402
1783633800000,4123.7998046875,4126.7998046875,4122.7998046875,4125.39990234375,144
1783634100000,4125.7998046875,4130.7998046875,4125,4127.10009765625,222
1783634400000,4126.7001953125,4128.60009765625,4125.89990234375,4128.39990234375,106
1783634700000,4127.2001953125,4136.10009765625,4127.2001953125,4134.5,361
1783635000000,4134,4138.60009765625,4133.7001953125,4134.7001953125,403
1783635300000,4134.7998046875,4137.89990234375,4133.5,4137.7001953125,171
1783635600000,4137.39990234375,4137.60009765625,4131.39990234375,4133.7001953125,221
1783635900000,4133.89990234375,4135.7998046875,4133.7998046875,4135.7998046875,93
1783636200000,4135.2998046875,4138.39990234375,4132.7001953125,4132.7001953125,189
1783636500000,4132.7001953125,4133.7998046875,4131.2001953125,4133.10009765625,116
1783636800000,4133.10009765625,4136.2001953125,4132.2998046875,4135.2998046875,222
1783637100000,4135.2001953125,4135.5,4133.2998046875,4135.5,70
1783637400000,4135.2998046875,4138.89990234375,4135.2998046875,4137.7001953125,179
1783637700000,4137.2998046875,4137.60009765625,4135.10009765625,4137.60009765625,92
1783638000000,4137.5,4141.89990234375,4136.89990234375,4139.2998046875,288
1783638300000,4139.39990234375,4144.60009765625,4138.10009765625,4140.89990234375,480
1783638600000,4141.39990234375,4141.60009765625,4136,4136.39990234375,351
1783638900000,4136.60009765625,4138.2998046875,4135.2998046875,4135.89990234375,162
1783639200000,4135.89990234375,4135.89990234375,4130.39990234375,4131.7998046875,386
1783639500000,4132.10009765625,4136.2001953125,4132,4135.10009765625,262
1783639800000,4134.7001953125,4137.5,4133.39990234375,4137,184
1783640100000,4137.2998046875,4137.2998046875,4132.10009765625,4132.5,262
1783640400000,4132.5,4133.10009765625,4130.7001953125,4131.10009765625,86
1783640700000,4130.7998046875,4131.7998046875,4130.10009765625,4130.7998046875,110
1783641000000,4130.7998046875,4131.5,4128.89990234375,4129.89990234375,171
1783641300000,4130.2001953125,4131.2001953125,4129,4129.5,51
1783641600000,4128.7998046875,4129.2001953125,4127,4129.10009765625,190
1783641900000,4129.7998046875,4130.10009765625,4127.10009765625,4127.39990234375,81
1783642200000,4127.5,4130.39990234375,4126,4130.10009765625,183
1783642500000,4130,4130.5,4128.60009765625,4129.10009765625,68
1783642800000,4129.10009765625,4129.5,4121.2001953125,4123.5,434
1783643100000,4123.10009765625,4127,4121.60009765625,4126.5,411
1783643400000,4126.2001953125,4127.39990234375,4125.89990234375,4127,69
1783643700000,4126.89990234375,4128.7001953125,4126.89990234375,4128.2998046875,51
1783644000000,4128.5,4128.7998046875,4127.2998046875,4128.2001953125,50
1783644300000,4128.2001953125,4128.2001953125,4125.7001953125,4126,76
1783644600000,4126,4126.2998046875,4124.39990234375,4126,66
1783644900000,4125.7998046875,4126.7001953125,4123.60009765625,4123.89990234375,97
1783645200000,4124.10009765625,4124.5,4122.10009765625,4123.60009765625,74
1783645500000,4123.60009765625,4125.2001953125,4122.10009765625,4122.7001953125,97
1783645800000,4122.7001953125,4123.5,4122,4122.7998046875,33
1783646100000,4123.10009765625,4126,4123.10009765625,4125.89990234375,170
1783646400000,4125.60009765625,4125.7998046875,4121.7001953125,4123.2001953125,235
1783646700000,4123.39990234375,4124.60009765625,4122.2998046875,4123,118
1783647000000,4122.7998046875,4124.10009765625,4118.60009765625,4121.7998046875,516
1783647300000,4121.89990234375,4123.10009765625,4117.7001953125,4118.2998046875,231
1783647600000,4118,4123,4117.7001953125,4122.7998046875,153
1783647900000,4122.2998046875,4122.7998046875,4117,4120.7998046875,273
1783648200000,4121.10009765625,4123.89990234375,4121.10009765625,4123.60009765625,122
1783648500000,4123.39990234375,4126,4122.2001953125,4125.5,199
1783648800000,4125.5,4128.10009765625,4124.39990234375,4126.60009765625,331
1783649100000,4126.60009765625,4127.7998046875,4125.2001953125,4126,134
1783649400000,4127.10009765625,4127.2001953125,4123.39990234375,4123.7998046875,96
1783649700000,4123.7001953125,4129,4122.5,4129,176
1783650000000,4128.5,4128.5,4125.2001953125,4126.7998046875,161
1783650300000,4127,4127.2001953125,4123.2998046875,4123.39990234375,213
1783650600000,4123.2998046875,4125.10009765625,4121.5,4123,168
1783650900000,4122.89990234375,4124.7998046875,4122.60009765625,4124.2001953125,156
1783651200000,4124.2998046875,4124.2998046875,4120,4120.60009765625,275
1783651500000,4120.2001953125,4123.2001953125,4120.10009765625,4121.7998046875,181
1783651800000,4122.5,4123.2001953125,4120.7998046875,4122.7001953125,103
1783652100000,4122.5,4122.7001953125,4120.2001953125,4120.60009765625,203
1783652400000,4120.2998046875,4121.89990234375,4119.39990234375,4121.2998046875,420
1783652700000,4121.2998046875,4122.5,4118.2998046875,4119.7998046875,422
1783653000000,4120.2998046875,4121.5,4117.7001953125,4120.2001953125,236
1783653300000,4120.39990234375,4123.10009765625,4117.5,4123.10009765625,410
1783653600000,4123.2998046875,4124.39990234375,4121.5,4123,167
1783653900000,4122.7998046875,4123.2001953125,4121,4121.5,110
1783654200000,4121.7001953125,4123.5,4120.39990234375,4121.7001953125,194
1783654500000,4122.5,4122.7998046875,4119.10009765625,4120.7001953125,164
1783654800000,4120.39990234375,4120.39990234375,4114.2001953125,4115.60009765625,354
1783655100000,4116,4116.39990234375,4113,4113.89990234375,300
1783655400000,4114.10009765625,4117.2001953125,4113.7001953125,4116.5,469
1783655700000,4116.89990234375,4118.7001953125,4114.5,4117.89990234375,294
1783656000000,4117.60009765625,4118.2998046875,4112.7998046875,4114,678
1783656300000,4113.89990234375,4116.7998046875,4113.60009765625,4115.89990234375,206
1783656600000,4115.89990234375,4116.2998046875,4114.10009765625,4116.2998046875,89
1783656900000,4116.39990234375,4117.39990234375,4115,4116.39990234375,95
1783657200000,4116.10009765625,4117.7998046875,4113.7001953125,4114,133
1783657500000,4114,4114.60009765625,4111.7998046875,4113.10009765625,372
1783657800000,4112.7001953125,4114.2998046875,4110.5,4110.7001953125,316
1783658100000,4111,4111.7998046875,4108.2001953125,4111.7001953125,354
1783658400000,4111.5,4111.5,4108.7998046875,4110.60009765625,229
1783658700000,4110.39990234375,4110.39990234375,4103.2998046875,4104.60009765625,594
1783659000000,4104.7001953125,4107.5,4104,4105.89990234375,859
1783659300000,4105.7001953125,4107.2998046875,4104.60009765625,4106.5,342
1783659600000,4106.5,4109.2001953125,4103,4107.2001953125,554
1783659900000,4107.2001953125,4108.7998046875,4107.10009765625,4108.10009765625,187
1783660200000,4107.89990234375,4110,4105.89990234375,4109.60009765625,328
1783660500000,4109.5,4111.60009765625,4109.10009765625,4110.10009765625,476
1783660800000,4110.60009765625,4111.2001953125,4108.7998046875,4111.2001953125,351
1783661100000,4111.2001953125,4112.7001953125,4109.5,4111.7001953125,418
1783661400000,4111.5,4111.89990234375,4109.5,4111,356
1783661700000,4110.89990234375,4111.39990234375,4107.60009765625,4110.60009765625,259
1783662000000,4110.5,4113.2001953125,4110.2001953125,4112,191
1783662300000,4112.10009765625,4113.39990234375,4111.5,4112.60009765625,96
1783662600000,4112.7998046875,4113.7998046875,4111.2001953125,4113.7001953125,175
1783662900000,4113.7001953125,4114.5,4112.39990234375,4113.7001953125,168
1783663200000,4113.7998046875,4117.60009765625,4113.10009765625,4117.60009765625,167
1783663500000,4117.39990234375,4117.60009765625,4114.7001953125,4115.10009765625,183
1783663800000,4115,4117.10009765625,4114.89990234375,4115.5,199
1783664100000,4115.60009765625,4117,4115.2998046875,4116.10009765625,114
1783664400000,4116.2998046875,4121.7998046875,4116.10009765625,4120.10009765625,654
1783664700000,4120.2998046875,4120.7001953125,4116.7998046875,4118.5,383
1783665000000,4118.7001953125,4119.7001953125,4115.39990234375,4115.7001953125,173
1783665300000,4115.7001953125,4118,4115.5,4117,160
1783665600000,4117,4118.2998046875,4116.2998046875,4118.2998046875,91
1783665900000,4118.39990234375,4118.39990234375,4116,4116.2001953125,164
1783666200000,4116.2998046875,4117.7998046875,4115.39990234375,4117.5,729
1783666500000,4117.2998046875,4117.5,4113.2001953125,4113.5,343
1783666800000,4113.2998046875,4117.10009765625,4113.2998046875,4115.89990234375,194
1783667100000,4115.7998046875,4116,4113.39990234375,4114.60009765625,410
1783667400000,4114.7001953125,4116.7998046875,4114.7001953125,4115.10009765625,211
1783667700000,4115.60009765625,4116.7998046875,4115.2998046875,4116.2001953125,105
1783668000000,4116,4116.89990234375,4114.39990234375,4116.39990234375,179
1783668300000,4116.7998046875,4117.10009765625,4108.60009765625,4108.60009765625,431
1783668600000,4108.7998046875,4112,4107.2998046875,4108.10009765625,360
1783668900000,4108,4108.60009765625,4104.5,4106.39990234375,339
1783669200000,4106.7998046875,4116.10009765625,4106.7001953125,4115.5,482
1783669500000,4115.2001953125,4116.7998046875,4114.5,4114.5,171
1783669800000,4114.60009765625,4116.89990234375,4114,4114,152
1783670100000,4114,4114,4110.7998046875,4111,229
1783670400000,4111.39990234375,4112.7998046875,4110.2998046875,4111.60009765625,168
1783670700000,4110.7998046875,4112.7001953125,4109.7998046875,4112.7001953125,95
1783671000000,4112.7998046875,4127,4111.5,4123.60009765625,2201
1783671300000,4123.89990234375,4125.10009765625,4116.7001953125,4117.7001953125,702
1783671600000,4117.5,4119.39990234375,4114,4115.7001953125,480
1783671900000,4115.5,4115.89990234375,4111.5,4114.7998046875,419
1783672200000,4114.7998046875,4115.60009765625,4110.2998046875,4110.60009765625,495
1783672500000,4110.7998046875,4111.39990234375,4106,4110.2998046875,677
1783672800000,4110,4111.10009765625,4106.60009765625,4106.7001953125,428
1783673100000,4106.7001953125,4111.60009765625,4106.39990234375,4110.2998046875,518
1783673400000,4110.39990234375,4113.60009765625,4108.5,4109,550
1783673700000,4109,4110.7001953125,4107.7001953125,4109.2998046875,541
1783674000000,4109.7001953125,4114,4107.39990234375,4109.2998046875,779
1783674300000,4109.2998046875,4114.7998046875,4108.7001953125,4114.39990234375,474
1783674600000,4113.89990234375,4114.2001953125,4110.10009765625,4113,283
1783674900000,4113.2001953125,4115.5,4109.10009765625,4111.2998046875,455
1783675200000,4111,4111.7001953125,4104.5,4105.2998046875,369
1783675500000,4105.5,4106.7001953125,4093.699951171875,4095.89990234375,2327
1783675800000,4096,4105.5,4095.300048828125,4098.60009765625,1182
1783676100000,4098.39990234375,4106,4096.10009765625,4105.89990234375,569
1783676400000,4106.10009765625,4111.2001953125,4103.89990234375,4107.2001953125,1042
1783676700000,4107.2001953125,4110.7998046875,4105.89990234375,4109.89990234375,510
1783677000000,4109.7001953125,4114.2998046875,4108.60009765625,4111.5,438
1783677300000,4111.2001953125,4111.2001953125,4106.5,4108.7001953125,533
1783677600000,4108.2998046875,4110.7001953125,4106.10009765625,4109.5,782
1783677900000,4109.7998046875,4111.7998046875,4108.2001953125,4109.2001953125,504
1783678200000,4109.2998046875,4112.2001953125,4106.60009765625,4108.7998046875,637
1783678500000,4108.7998046875,4114.2998046875,4106.10009765625,4113.10009765625,498
1783678800000,4113.7001953125,4116.60009765625,4111.5,4111.89990234375,867
1783679100000,4111.5,4118.60009765625,4109.2998046875,4114.2998046875,867
1783679400000,4114.7001953125,4116.7998046875,4081.699951171875,4098.7998046875,4499
1783679700000,4099.39990234375,4107.2001953125,4097,4104.5,1652
1783680000000,4104.89990234375,4111,4104.2998046875,4108.5,849
1783680300000,4108.2001953125,4117.10009765625,4107.7998046875,4116.60009765625,935
1783680600000,4116.10009765625,4116.39990234375,4109.2998046875,4110.5,541
1783680900000,4110.5,4110.89990234375,4100.7001953125,4101.7001953125,1029
1783681200000,4101.89990234375,4108.10009765625,4100.10009765625,4106,593
1783681500000,4106.5,4109.60009765625,4105.10009765625,4107.7001953125,389
1783681800000,4107.7001953125,4110,4106,4106.10009765625,383
1783682100000,4106.89990234375,4112.2998046875,4106.89990234375,4108.7001953125,495
1783682400000,4108.7001953125,4116,4107.89990234375,4114.60009765625,522
1783682700000,4114.2998046875,4117,4109.5,4111.39990234375,826
1783683000000,4111.5,4113,4110.60009765625,4112.5,345
1783683300000,4112.7001953125,4115.5,4110.7001953125,4115.2001953125,245
1783683600000,4115,4116.10009765625,4112.89990234375,4115.2998046875,295
1783683900000,4115.60009765625,4119.7001953125,4115,4119,612
1783684200000,4119.2001953125,4121.2001953125,4117.5,4119.60009765625,328
1783684500000,4119.7998046875,4122.7001953125,4118.60009765625,4122.10009765625,742
1783684800000,4122.39990234375,4124,4120.39990234375,4120.39990234375,594
1783685100000,4120.5,4121.5,4118.2001953125,4120.60009765625,416
1783685400000,4120.7001953125,4121.89990234375,4116.89990234375,4119.39990234375,432
1783685700000,4119.5,4122.5,4119.5,4120.2001953125,427
1783686000000,4119.7998046875,4120.39990234375,4116.2001953125,4120,461
1783686300000,4120.10009765625,4123.60009765625,4120,4123.60009765625,294
1783686600000,4123.5,4124.7998046875,4121.89990234375,4121.89990234375,250
1783686900000,4122.10009765625,4123.60009765625,4121.10009765625,4121.60009765625,378
1783687200000,4121.60009765625,4122.89990234375,4118,4118.2998046875,368
1783687500000,4118.60009765625,4119.10009765625,4116.7001953125,4116.89990234375,310
1783687800000,4116.89990234375,4118.39990234375,4115,4115.2998046875,827
1783688100000,4115.39990234375,4116,4113.2998046875,4113.60009765625,279
1783688400000,4113.39990234375,4114.39990234375,4111.7998046875,4112.2001953125,373
1783688700000,4111.7998046875,4114.60009765625,4111.2998046875,4112.89990234375,281
1783689000000,4113,4114.5,4111.60009765625,4112.7001953125,375
1783689300000,4113,4115.39990234375,4112.89990234375,4113.5,401
1783689600000,4114,4115.7998046875,4113.7998046875,4114.60009765625,393
1783689900000,4114.39990234375,4115,4112.7998046875,4114.39990234375,2360
1783690200000,4114.39990234375,4115.7998046875,4113.60009765625,4114.2001953125,395
1783690500000,4114,4114.2998046875,4112.39990234375,4112.7001953125,607
1783690800000,4113,4114.2001953125,4112.10009765625,4112.7998046875,185
1783691100000,4112.7001953125,4113.5,4111.7001953125,4112.2998046875,163
1783691400000,4112.2998046875,4114.10009765625,4112.2001953125,4112.7001953125,154
1783691700000,4112.7001953125,4112.7001953125,4109.39990234375,4109.60009765625,410
1783692000000,4109.7998046875,4111.7998046875,4108.89990234375,4111.7998046875,444
1783692300000,4111.7998046875,4112.89990234375,4110.7998046875,4112.2998046875,256
1783692600000,4112.60009765625,4114.2998046875,4112.10009765625,4113.7998046875,299
1783692900000,4113.89990234375,4113.89990234375,4111,4112.2998046875,195
1783693200000,4112,4113.39990234375,4111.39990234375,4111.39990234375,193
1783693500000,4111.60009765625,4114.7998046875,4111.39990234375,4111.7998046875,286
1783693800000,4112,4112.5,4110.10009765625,4112.2001953125,263
1783694100000,4111.89990234375,4112.2001953125,4108.2998046875,4108.60009765625,341
1783694400000,4108.5,4109.39990234375,4107.10009765625,4107.7001953125,257
1783694700000,4107.7001953125,4108.7998046875,4106.7998046875,4108.7998046875,202
1783695000000,4109,4110,4108.2998046875,4110,179
1783695300000,4109.7998046875,4110.2001953125,4108.89990234375,4109.7001953125,232
1783695600000,4109.7001953125,4109.7001953125,4106.2998046875,4106.39990234375,293
1783695900000,4106.7001953125,4111.10009765625,4106.2998046875,4109.89990234375,472
1783696200000,4109.7001953125,4110.39990234375,4107.39990234375,4110.2001953125,182
1783696500000,4110.2001953125,4111.5,4109.7998046875,4111.39990234375,137
1783696800000,4111.2998046875,4111.89990234375,4110.2998046875,4110.2998046875,88
1783697100000,4110.39990234375,4111.2001953125,4110.2998046875,4110.2998046875,143
1783697400000,4110.10009765625,4111.2001953125,4109,4109.7998046875,281
1783697700000,4109.89990234375,4111.39990234375,4109.39990234375,4110.60009765625,170
1783698000000,4110.60009765625,4112,4110.2001953125,4110.89990234375,179
1783698300000,4111.10009765625,4113.60009765625,4110.7998046875,4113.2998046875,193
1783698600000,4113.39990234375,4114.2998046875,4112.7001953125,4114,261
1783698900000,4114,4117,4113.60009765625,4116.60009765625,446
1783699200000,4116.39990234375,4123.39990234375,4116.2998046875,4122,370
1783699500000,4121.7001953125,4121.7001953125,4119.10009765625,4119.7998046875,127
1783699800000,4120.10009765625,4120.7998046875,4119.2998046875,4120.39990234375,84
1783700100000,4120.2001953125,4120.7001953125,4119,4120.5,92
1783700400000,4120.5,4121.2001953125,4120.10009765625,4120.60009765625,72
1783700700000,4120.2998046875,4120.60009765625,4119,4119.60009765625,72
1783701000000,4119.7001953125,4120.2998046875,4118.7998046875,4120.2001953125,64
1783701300000,4120.2998046875,4120.2998046875,4119.2001953125,4119.89990234375,31
1783701600000,4120,4120.89990234375,4119.5,4120.2998046875,38
1783701900000,4120,4122.10009765625,4120,4122,92
1783702200000,4121.89990234375,4128.2001953125,4121.39990234375,4127.39990234375,274
1783702500000,4127.2998046875,4129,4113.7001953125,4113.7001953125,247
1783879800000,4097.89990234375,4102.2001953125,4088.39990234375,4089,442
1783880100000,4089.39990234375,4096,4088.800048828125,4093.89990234375,273
1783880400000,4093.199951171875,4095.5,4089.89990234375,4089.89990234375,150
1783880700000,4090,4093.60009765625,4087.39990234375,4091.5,215
1783881000000,4091.60009765625,4094.199951171875,4090.199951171875,4090.699951171875,135
1783881300000,4090.89990234375,4092,4088.199951171875,4089.699951171875,84
1783881600000,4089.699951171875,4090,4085.39990234375,4085.60009765625,284
1783881900000,4086.39990234375,4087.10009765625,4076.800048828125,4085.89990234375,622
1783882200000,4085.60009765625,4088.800048828125,4084.199951171875,4085.10009765625,170
1783882500000,4084.699951171875,4087.10009765625,4082.699951171875,4084.300048828125,270
1783882800000,4084,4084.10009765625,4075.800048828125,4077.699951171875,499
1783883100000,4078.39990234375,4080.89990234375,4077.699951171875,4078.199951171875,126
1783883400000,4079.60009765625,4080,4076.800048828125,4078.199951171875,143
1783883700000,4078.199951171875,4079.699951171875,4077.39990234375,4077.5,115
1783884000000,4077.39990234375,4080.5,4076.60009765625,4080,140
1783884300000,4080,4083.39990234375,4079.199951171875,4082.300048828125,104
1783884600000,4082.300048828125,4082.5,4080.199951171875,4080.199951171875,52
1783884900000,4080.800048828125,4085.300048828125,4079.300048828125,4085.199951171875,194
1783885200000,4085.39990234375,4087.300048828125,4084.39990234375,4085.800048828125,182
1783885500000,4085.699951171875,4087.10009765625,4083.699951171875,4086.199951171875,132
1783885800000,4086.5,4091.39990234375,4086,4088.699951171875,247
1783886100000,4088.60009765625,4093.300048828125,4088,4092.89990234375,251
1783886400000,4093.10009765625,4095,4089,4092.300048828125,351
1783886700000,4092.60009765625,4099,4091.89990234375,4096.7998046875,437
1783887000000,4097.5,4099.7001953125,4094.199951171875,4095.39990234375,158
1783887300000,4095.800048828125,4096.10009765625,4088.199951171875,4090.300048828125,234
1783887600000,4090.60009765625,4091.89990234375,4088.39990234375,4090.89990234375,174
1783887900000,4090.60009765625,4090.89990234375,4082.800048828125,4083.10009765625,441
1783888200000,4082.800048828125,4083.60009765625,4069.39990234375,4071,1028
1783888500000,4070.39990234375,4078.5,4070.199951171875,4077.89990234375,446
1783888800000,4077.39990234375,4082,4076.39990234375,4081.89990234375,292
1783889100000,4082,4085.39990234375,4077.199951171875,4077.699951171875,372
1783889400000,4077.39990234375,4083.199951171875,4077.39990234375,4083.199951171875,404
1783889700000,4082.10009765625,4086.199951171875,4081.300048828125,4082.10009765625,264
1783890000000,4082.89990234375,4084.89990234375,4074,4080,973
1783890300000,4080,4089.89990234375,4079,4086.5,438
1783890600000,4086,4089.300048828125,4085.300048828125,4088.5,132
1783890900000,4088.199951171875,4091.10009765625,4081.300048828125,4082.10009765625,368
1783891200000,4082.300048828125,4084.60009765625,4079.39990234375,4082.60009765625,385
1783891500000,4083.10009765625,4088.89990234375,4082.89990234375,4087.699951171875,309
1783891800000,4087.699951171875,4098.2998046875,4086,4093.5,759
1783892100000,4092.699951171875,4097.2001953125,4090.60009765625,4096.60009765625,205
1783892400000,4096.2001953125,4096.2001953125,4091.39990234375,4092.5,173
1783892700000,4093.89990234375,4095.699951171875,4091.199951171875,4094.39990234375,199
1783893000000,4094.89990234375,4096.7998046875,4082.60009765625,4082.60009765625,744
1783893300000,4082.60009765625,4084.199951171875,4075.300048828125,4080.199951171875,1199
1783893600000,4080.5,4082.5,4077.89990234375,4078.5,388
1783893900000,4078.89990234375,4081.800048828125,4078,4081.10009765625,185
1783894200000,4081.5,4083,4078.300048828125,4080.5,371
1783894500000,4080,4082.300048828125,4078.800048828125,4081,152
1783894800000,4081.5,4082.300048828125,4077,4078.60009765625,296
1783895100000,4078.60009765625,4079.300048828125,4074.60009765625,4075.5,371
1783895400000,4075.39990234375,4082,4072.60009765625,4081.699951171875,605
1783895700000,4082,4085.5,4082,4083.39990234375,345
1783896000000,4083,4083,4079.199951171875,4080.699951171875,381
1783896300000,4080.10009765625,4080.89990234375,4076.199951171875,4077.300048828125,203
1783896600000,4077.89990234375,4079,4077,4078.800048828125,119
1783896900000,4078.89990234375,4080,4076.800048828125,4076.800048828125,80
1783897200000,4076.5,4077.199951171875,4071.5,4072.10009765625,383
1783897500000,4071.89990234375,4072.699951171875,4066.300048828125,4069.300048828125,986
1783897800000,4069.10009765625,4069.60009765625,4060.699951171875,4065.800048828125,954
1783898100000,4066.199951171875,4068.800048828125,4065.800048828125,4067.5,166
1783898400000,4067.699951171875,4069.800048828125,4066.199951171875,4069.300048828125,328
1783898700000,4069.10009765625,4070.300048828125,4066.60009765625,4069.89990234375,243
1783899000000,4069.5,4070.300048828125,4065.60009765625,4065.60009765625,205
1783899300000,4065.60009765625,4068.199951171875,4064.5,4067.39990234375,156
1783899600000,4067.199951171875,4068,4065.10009765625,4065.10009765625,74
1783899900000,4065.39990234375,4068.60009765625,4065.300048828125,4067.800048828125,69
1783900200000,4068.10009765625,4068.800048828125,4066.199951171875,4067.199951171875,60
1783900500000,4067.5,4067.89990234375,4066,4067.39990234375,32
1783900800000,4068.10009765625,4068.10009765625,4064,4064.60009765625,152
1783901100000,4065.39990234375,4066.199951171875,4063,4064,116
1783901400000,4063.60009765625,4064.800048828125,4060,4061.699951171875,231
1783901700000,4062.199951171875,4065.60009765625,4057.800048828125,4065.10009765625,549
1783902000000,4065,4065.300048828125,4063.699951171875,4065,213
1783902300000,4064.800048828125,4065,4061.199951171875,4063.10009765625,171
1783902600000,4063.10009765625,4065.300048828125,4061.60009765625,4063.699951171875,190
1783902900000,4063.5,4065,4062.699951171875,4064.300048828125,67
1783903200000,4064.39990234375,4064.39990234375,4060.800048828125,4062,119
1783903500000,4062.10009765625,4062.800048828125,4060.10009765625,4060.89990234375,81
1783903800000,4060.699951171875,4062.800048828125,4060.39990234375,4062.39990234375,53
1783904100000,4062.39990234375,4067.10009765625,4062.39990234375,4066.300048828125,284
1783904400000,4066.39990234375,4068.10009765625,4062.60009765625,4068,173
1783904700000,4067.199951171875,4078.800048828125,4067,4078.39990234375,701
1783905000000,4078.300048828125,4080.89990234375,4075.89990234375,4077.300048828125,489
1783905300000,4077.60009765625,4077.699951171875,4071.699951171875,4073.39990234375,273
1783905600000,4073.39990234375,4074.199951171875,4068,4068.89990234375,222
1783905900000,4069.10009765625,4071.39990234375,4065.10009765625,4065.800048828125,321
1783906200000,4065.699951171875,4070.39990234375,4059.5,4070.10009765625,711
1783906500000,4069.699951171875,4073.300048828125,4069.5,4071,367
1783906800000,4070.89990234375,4073.10009765625,4068.10009765625,4070.89990234375,357
1783907100000,4070.5,4070.699951171875,4066.800048828125,4070.60009765625,288
1783907400000,4070.60009765625,4072.199951171875,4065.300048828125,4066.39990234375,240
1783907700000,4065.89990234375,4066.89990234375,4060.699951171875,4061.800048828125,347
1783908000000,4061.89990234375,4064.300048828125,4056.60009765625,4058.800048828125,753
1783908300000,4059.39990234375,4062,4052,4060.800048828125,1339
1783908600000,4060.699951171875,4060.89990234375,4056.800048828125,4058.60009765625,211
1783908900000,4058.699951171875,4062,4058.60009765625,4061.10009765625,220
1783909200000,4061.60009765625,4064.699951171875,4061.199951171875,4063.10009765625,272
1783909500000,4062.699951171875,4069.10009765625,4062.699951171875,4068.89990234375,464
1783909800000,4069,4070,4066.39990234375,4067.39990234375,267
1783910100000,4067.300048828125,4071.39990234375,4066.89990234375,4069.800048828125,244
1783910400000,4070.60009765625,4071,4067.10009765625,4068,293
1783910700000,4067.89990234375,4068.5,4064.10009765625,4064.39990234375,372
1783911000000,4064.699951171875,4065.60009765625,4060.5,4061.89990234375,335
1783911300000,4061.699951171875,4063.699951171875,4059.699951171875,4063,417
1783911600000,4063.39990234375,4064.39990234375,4056.5,4061.800048828125,605
1783911900000,4061.300048828125,4068.300048828125,4059.199951171875,4066.10009765625,469
1783912200000,4066.300048828125,4069.300048828125,4062.300048828125,4063.39990234375,253
1783912500000,4063.699951171875,4065.89990234375,4063.699951171875,4065.60009765625,251
1783912800000,4064.89990234375,4066.89990234375,4063.699951171875,4065,158
1783913100000,4064.89990234375,4067.10009765625,4064.199951171875,4067.10009765625,146
1783913400000,4066.60009765625,4068.300048828125,4063.800048828125,4067.800048828125,159
1783913700000,4067.60009765625,4071,4067.199951171875,4068.39990234375,436
1783914000000,4068.300048828125,4069.699951171875,4065,4065,100
1783914300000,4065.699951171875,4067.5,4064.800048828125,4065.199951171875,129
1783914600000,4065.10009765625,4069.89990234375,4064,4069.300048828125,246
1783914900000,4069.5,4073.199951171875,4068.699951171875,4072.800048828125,444
1783915200000,4072.800048828125,4075.699951171875,4071.39990234375,4073.199951171875,345
1783915500000,4073.60009765625,4079.699951171875,4072.89990234375,4079.300048828125,528
1783915800000,4079.39990234375,4083.60009765625,4077.89990234375,4082.300048828125,691
1783916100000,4082.199951171875,4086.800048828125,4081.800048828125,4083.60009765625,770
1783916400000,4083.60009765625,4089.10009765625,4083.300048828125,4087,709
1783916700000,4086.60009765625,4087.800048828125,4082.300048828125,4082.60009765625,555
1783917000000,4082.300048828125,4084,4079.5,4081,331
1783917300000,4080.800048828125,4083.39990234375,4079.89990234375,4083.300048828125,167
1783917600000,4082.89990234375,4084.800048828125,4081.39990234375,4084.60009765625,182
1783917900000,4084,4085,4080.89990234375,4084.5,162
1783918200000,4084.89990234375,4087.199951171875,4084.10009765625,4086.39990234375,286
1783918500000,4086.5,4086.60009765625,4082.5,4083.10009765625,146
1783918800000,4082.800048828125,4084.39990234375,4081,4082.800048828125,134
1783919100000,4083.39990234375,4084,4082.300048828125,4082.300048828125,171
1783919400000,4082,4083.199951171875,4081,4082.89990234375,149
1783919700000,4082.89990234375,4082.89990234375,4080,4081.60009765625,309
1783920000000,4081.199951171875,4083.39990234375,4081.10009765625,4082.699951171875,176
1783920300000,4082.89990234375,4085,4079.199951171875,4081,261
1783920600000,4080.699951171875,4082,4078.39990234375,4080,596
1783920900000,4080,4080,4077.699951171875,4078,98
1783921200000,4078.10009765625,4081.699951171875,4077.800048828125,4080.800048828125,226
1783921500000,4080.800048828125,4082,4079.800048828125,4081,185
1783921800000,4081.199951171875,4081.199951171875,4078.10009765625,4079.300048828125,132
1783922100000,4079.39990234375,4080.10009765625,4076,4076.300048828125,189
1783922400000,4076.199951171875,4078.39990234375,4075.800048828125,4078.300048828125,184
1783922700000,4078.10009765625,4078.39990234375,4076.300048828125,4077.10009765625,235
1783923000000,4077.10009765625,4077.39990234375,4074.699951171875,4075.60009765625,86
1783923300000,4075.5,4077.199951171875,4074,4076.10009765625,215
1783923600000,4076.5,4076.89990234375,4074.300048828125,4075.60009765625,152
1783923900000,4075.199951171875,4075.60009765625,4071.5,4073,249
1783924200000,4072.89990234375,4075.5,4072.800048828125,4074.300048828125,94
1783924500000,4074.5,4076.300048828125,4074,4074.60009765625,170
1783924800000,4074.60009765625,4074.60009765625,4055,4060.699951171875,1795
1783925100000,4060.39990234375,4062.800048828125,4056.39990234375,4062.800048828125,637
1783925400000,4062.300048828125,4066.60009765625,4060,4066.39990234375,503
1783925700000,4066.5,4069.60009765625,4066.39990234375,4068.39990234375,682
1783926000000,4068.39990234375,4072.10009765625,4066,4071.10009765625,730
1783926300000,4071.300048828125,4075.800048828125,4071,4073.10009765625,1131
1783926600000,4072.699951171875,4073.699951171875,4070.300048828125,4071.699951171875,372
1783926900000,4071.89990234375,4072.89990234375,4068.89990234375,4069.300048828125,234
1783927200000,4069.39990234375,4069.60009765625,4066.10009765625,4066.800048828125,256
1783927500000,4066.60009765625,4071.5,4066.199951171875,4070.60009765625,376
1783927800000,4070.300048828125,4075.800048828125,4069.699951171875,4075.60009765625,323
1783928100000,4075.800048828125,4076.699951171875,4071,4071.699951171875,421
1783928400000,4072.10009765625,4075,4072.10009765625,4072.800048828125,176
1783928700000,4073.199951171875,4073.39990234375,4068.39990234375,4070.800048828125,168
1783929000000,4070.60009765625,4070.800048828125,4062.60009765625,4064.199951171875,545
1783929300000,4064.199951171875,4065.60009765625,4063.10009765625,4064,282
1783929600000,4064,4068.5,4064,4065.699951171875,842
1783929900000,4066.300048828125,4067.60009765625,4062.60009765625,4063.800048828125,283
1783930200000,4063.800048828125,4068.10009765625,4061.10009765625,4064,612
1783930500000,4063.60009765625,4068.699951171875,4063.60009765625,4067.10009765625,317
1783930800000,4067.10009765625,4070,4063,4069.89990234375,597
1783931100000,4069.800048828125,4071.300048828125,4066.300048828125,4066.89990234375,486
1783931400000,4066.699951171875,4070.800048828125,4066.39990234375,4070.800048828125,313
1783931700000,4070.5,4071.300048828125,4067.39990234375,4068.800048828125,320
1783932000000,4068.39990234375,4071.800048828125,4068.199951171875,4070.5,687
1783932300000,4070.699951171875,4074.5,4070.699951171875,4073.39990234375,658
1783932600000,4073.10009765625,4074.800048828125,4072.199951171875,4073.699951171875,333
1783932900000,4073.89990234375,4075.199951171875,4071.39990234375,4075.199951171875,562
1783933200000,4075.300048828125,4075.5,4067.10009765625,4070.89990234375,723
1783933500000,4070.5,4072.800048828125,4068.5,4071.199951171875,499
1783933800000,4071.199951171875,4071.199951171875,4066.699951171875,4069.60009765625,299
1783934100000,4069.60009765625,4069.60009765625,4066.199951171875,4068.5,482
1783934400000,4068.800048828125,4070.60009765625,4068.199951171875,4070.300048828125,311
1783934700000,4069.39990234375,4073.60009765625,4069,4069.699951171875,809
1783935000000,4070.199951171875,4071.800048828125,4064.199951171875,4066,1009
1783935300000,4066.199951171875,4069,4061.5,4062.199951171875,554
1783935600000,4061.89990234375,4066.300048828125,4059,4062.60009765625,1421
1783935900000,4062.10009765625,4065.800048828125,4057.39990234375,4058.300048828125,733
1783936200000,4058.5,4060.10009765625,4049.89990234375,4059.39990234375,2215
1783936500000,4058.39990234375,4060.699951171875,4049,4050.89990234375,1474
1783936800000,4050.5,4054.5,4045.300048828125,4047.300048828125,2143
1783937100000,4047.800048828125,4048.5,4036,4045.300048828125,2809
1783937400000,4045.10009765625,4047.199951171875,4041.300048828125,4043.39990234375,1572
1783937700000,4043.199951171875,4044.800048828125,4014.60009765625,4028.800048828125,5808
1783938000000,4029.300048828125,4029.5,4009,4028.39990234375,4275
1783938300000,4028.199951171875,4036.199951171875,4022.199951171875,4024.300048828125,2007
1783938600000,4023.89990234375,4024.5,4012,4017.300048828125,2777
1783938900000,4017.39990234375,4017.5,4010.699951171875,4015.10009765625,1547
1783939200000,4014.800048828125,4015.10009765625,4005.800048828125,4012.5,1772
1783939500000,4012.39990234375,4016.5,4008.39990234375,4013.5,2133
1783939800000,4013.60009765625,4018,4011.199951171875,4016.5,1412
1783940100000,4016.300048828125,4022.60009765625,4015.89990234375,4022.39990234375,1305
1783940400000,4022.39990234375,4024.89990234375,4018.5,4018.89990234375,909
1783940700000,4019.300048828125,4021.39990234375,4017.699951171875,4021.39990234375,570
1783941000000,4021.39990234375,4024,4020.89990234375,4021.60009765625,552
1783941300000,4022.10009765625,4026.800048828125,4020.39990234375,4026.300048828125,789
1783941600000,4026.10009765625,4027.5,4022.60009765625,4023.800048828125,450
1783941900000,4023.199951171875,4025.800048828125,4020.300048828125,4023.5,454
1783942200000,4024.10009765625,4025,4021.300048828125,4022.199951171875,552
1783942500000,4022.39990234375,4024.10009765625,4020.5,4023,299
1783942800000,4022.60009765625,4023.5,4019.60009765625,4020.5,332
1783943100000,4020.60009765625,4022.39990234375,4018.10009765625,4020.800048828125,427
1783943400000,4021.39990234375,4021.89990234375,4017.5,4020.699951171875,407
1783943700000,4020.60009765625,4023.5,4019.89990234375,4023.300048828125,373
1783944000000,4023.10009765625,4025.5,4021,4023.300048828125,684
1783944300000,4023.39990234375,4024.10009765625,4020.699951171875,4022.60009765625,269
1783944600000,4022.60009765625,4023.699951171875,4019.89990234375,4021.300048828125,840
1783944900000,4021.10009765625,4021.39990234375,4018.199951171875,4019.10009765625,997
1783945200000,4018.89990234375,4020.10009765625,4016.800048828125,4016.89990234375,798
1783945500000,4016.89990234375,4018,4007.60009765625,4011.39990234375,1027
1783945800000,4011.39990234375,4012,3999,4002,2229
1783946100000,4002.199951171875,4004.60009765625,3997.39990234375,4003.699951171875,3029
1783946400000,4003.60009765625,4007.89990234375,4002,4007.60009765625,946
1783946700000,4007.5,4010.39990234375,4004.199951171875,4005.5,1095
1783947000000,4005.5,4006,3998.60009765625,3999,2034
1783947300000,3998.300048828125,4000.5,3992.89990234375,4000.300048828125,1578
1783947600000,4000.5,4004.300048828125,3999.199951171875,4001.699951171875,685
1783947900000,4001.699951171875,4006.199951171875,4000.300048828125,4005.5,478
1783948200000,4005.300048828125,4006,4003.89990234375,4004.89990234375,541
1783948500000,4004.89990234375,4008.89990234375,4004.10009765625,4008.5,1109
1783948800000,4008.10009765625,4009.300048828125,4004.89990234375,4005.89990234375,567
1783949100000,4006.10009765625,4007.10009765625,4003.89990234375,4006.300048828125,3009
1783949400000,4006.39990234375,4008.5,4005.199951171875,4007.10009765625,982
1783949700000,4007.5,4007.5,4004.39990234375,4005.10009765625,435
1783950000000,4004.800048828125,4006.199951171875,4003.5,4004.300048828125,275
1783950300000,4005.300048828125,4006.699951171875,4001.5,4002.89990234375,457
1783950600000,4003.10009765625,4003.699951171875,4000.300048828125,4001.60009765625,340
1783950900000,4002,4002.699951171875,3999.39990234375,4000.60009765625,395
1783951200000,4000.699951171875,4002.39990234375,3997.60009765625,3997.89990234375,471
1783951500000,3997.699951171875,4001.89990234375,3997.699951171875,3998.60009765625,336
1783951800000,3998.89990234375,4001.199951171875,3996.300048828125,4000.800048828125,411
1783952100000,4001,4001.60009765625,3993.60009765625,3995.39990234375,601
1783952400000,3995.39990234375,4002,3993.60009765625,4001.89990234375,560
1783952700000,4001.60009765625,4003.89990234375,4001.300048828125,4002.300048828125,411
1783953000000,4002.5,4005.60009765625,4000.89990234375,4003.800048828125,419
1783953300000,4004.10009765625,4007.300048828125,4004,4006.10009765625,296
1783953600000,4006.10009765625,4008,4005.10009765625,4007.39990234375,235
1783953900000,4007.39990234375,4009.39990234375,4005.300048828125,4009.199951171875,255
1783954200000,4008.89990234375,4012.699951171875,4007.800048828125,4011,454
1783954500000,4010.89990234375,4012.199951171875,4005.39990234375,4008.5,557
1783954800000,4008.800048828125,4011.60009765625,4005.300048828125,4011.60009765625,328
1783955100000,4011.10009765625,4011.5,4006.300048828125,4007.699951171875,437
1783955400000,4007.199951171875,4007.199951171875,4004.800048828125,4005.5,366
1783955700000,4005.39990234375,4006.800048828125,4004.89990234375,4006.39990234375,154
1783956000000,4006.10009765625,4007.39990234375,4003.89990234375,4007.199951171875,357
1783956300000,4007.39990234375,4007.800048828125,4005.10009765625,4005.39990234375,247
1783956600000,4005.199951171875,4007.5,4004.89990234375,4006.10009765625,148
1783956900000,4006.300048828125,4006.300048828125,4000.5,4002.300048828125,460
1783957200000,4002.300048828125,4006.699951171875,4002.199951171875,4006.699951171875,229
1783957500000,4006.199951171875,4006.699951171875,4004.199951171875,4004.699951171875,171
1783957800000,4004.39990234375,4008.60009765625,4004.300048828125,4007.60009765625,390
1783958100000,4007.60009765625,4009.89990234375,4007.199951171875,4009.300048828125,502
1783958400000,4009.39990234375,4012,4008.199951171875,4012,281
1783958700000,4011.699951171875,4013.60009765625,4009,4009.699951171875,228
1783959000000,4010.10009765625,4010.300048828125,4005.800048828125,4005.800048828125,327
1783959300000,4006.300048828125,4007.300048828125,4002.800048828125,4006.800048828125,288
1783959600000,4006.699951171875,4007,4005.199951171875,4005.699951171875,111
1783959900000,4005.5,4007.60009765625,4005.5,4007.60009765625,37
1783960200000,4007.300048828125,4007.60009765625,4004.300048828125,4005.699951171875,192
1783960500000,4006.300048828125,4006.300048828125,4004.10009765625,4006.10009765625,61
1783960800000,4006.39990234375,4007.699951171875,4005.800048828125,4007,43
1783961100000,4007,4007.800048828125,4005.800048828125,4006.39990234375,89
1783961400000,4006.39990234375,4008,4005,4008,89
1783961700000,4008.199951171875,4009.39990234375,4007.60009765625,4008.699951171875,304
1783965600000,4005.89990234375,4015.5,4005.800048828125,4008.199951171875,0
1783965900000,4008.5,4012.5,4008.300048828125,4008.699951171875,152
1783966200000,4009,4011.300048828125,4008.699951171875,4011,58
1783966500000,4011,4012.800048828125,4010.800048828125,4012,75
1783966800000,4011.5,4012,4010.89990234375,4010.89990234375,157
1783967100000,4011.39990234375,4011.60009765625,4010.89990234375,4011.10009765625,24
1783967400000,4011,4011.199951171875,4010,4010.800048828125,86
1783967700000,4011.300048828125,4012.5,4009.60009765625,4010.199951171875,102
1783968000000,4010,4011.10009765625,4009.89990234375,4010.89990234375,63
1783968300000,4010.300048828125,4012.5,4009.89990234375,4010.60009765625,113
1783968600000,4010.39990234375,4010.89990234375,4008.60009765625,4009.89990234375,74
1783968900000,4009.60009765625,4009.60009765625,4007.39990234375,4007.39990234375,120
1783969200000,4007.699951171875,4009.89990234375,4007,4008,102
1783969500000,4007.89990234375,4009.89990234375,4007.300048828125,4009.10009765625,73
1783969800000,4008.300048828125,4008.39990234375,4006.199951171875,4007.300048828125,49
1783970100000,4007.300048828125,4007.300048828125,4005,4006.199951171875,107
1783970400000,4006.39990234375,4007.5,4004.300048828125,4006.10009765625,265
1783970700000,4006.39990234375,4007,4003.89990234375,4004.300048828125,52
1783971000000,4004,4004.199951171875,4000,4001.5,313
1783971300000,4001.89990234375,4003,4000.60009765625,4002.800048828125,72
1783971600000,4003,4004.10009765625,4002,4002.5,119
1783971900000,4001.699951171875,4005.89990234375,3999.10009765625,4004.39990234375,385
1783972200000,4004.39990234375,4007.5,4002.60009765625,4006.199951171875,121
1783972500000,4005.60009765625,4008.89990234375,4005.39990234375,4007.89990234375,130
1783972800000,4008.60009765625,4011.800048828125,4000,4001.300048828125,513
1783973100000,4001,4002,3990.39990234375,4001.800048828125,1128
1783973400000,4002,4005.699951171875,3997.89990234375,4002.699951171875,430
1783973700000,4002,4002.699951171875,3994.300048828125,3994.89990234375,329
1783974000000,3994.39990234375,3997,3992.60009765625,3997,364
1783974300000,3997,4003.800048828125,3995.699951171875,4001.800048828125,283
1783974600000,4002.5,4013.300048828125,4001.39990234375,4012.199951171875,554
1783974900000,4011.699951171875,4014.300048828125,4009,4009,296
1783975200000,4010.39990234375,4013,4006,4009.800048828125,520
1783975500000,4010.39990234375,4013.89990234375,4007.800048828125,4009.5,220
1783975800000,4009.60009765625,4012.89990234375,4009.60009765625,4011.5,184
1783976100000,4011.10009765625,4014.10009765625,4010.10009765625,4011.60009765625,272
1783976400000,4010.800048828125,4010.89990234375,3998.60009765625,4005.10009765625,961
1783976700000,4005.699951171875,4006.39990234375,3998.800048828125,4001.10009765625,401
1783977000000,4001.39990234375,4005.60009765625,3999.699951171875,4001.800048828125,331
1783977300000,4001.89990234375,4011.60009765625,4001.800048828125,4009.800048828125,391
1783977600000,4009.39990234375,4010,4003.800048828125,4004.10009765625,492
1783977900000,4003.89990234375,4006.199951171875,4002.5,4004.39990234375,218
1783978200000,4004.10009765625,4010.39990234375,4003,4005.300048828125,305
1783978500000,4005,4005.300048828125,3999.800048828125,4004.10009765625,302
1783978800000,4004.10009765625,4009.10009765625,4001.699951171875,4008.60009765625,458
1783979100000,4008.5,4010.39990234375,4005.699951171875,4009.39990234375,177
1783979400000,4009.5,4012.199951171875,4006.5,4010.699951171875,218
1783979700000,4011.199951171875,4019,4009,4017,656
1783980000000,4017.5,4017.800048828125,4012.699951171875,4016,388
1783980300000,4016.5,4020.199951171875,4014.800048828125,4018.300048828125,339
1783980600000,4018.300048828125,4024.300048828125,4017.89990234375,4023.5,859
1783980900000,4022.800048828125,4025.5,4021.60009765625,4024.300048828125,644
1783981200000,4024.5,4024.699951171875,4020.5,4021.300048828125,255
1783981500000,4021.199951171875,4024.5,4020.199951171875,4024.199951171875,362
1783981800000,4024.39990234375,4025.699951171875,4019.800048828125,4020.60009765625,320
1783982100000,4020.800048828125,4022,4019.199951171875,4020.5,191
1783982400000,4020.60009765625,4023,4017.39990234375,4017.800048828125,372
1783982700000,4017.699951171875,4019.60009765625,4016.60009765625,4016.800048828125,234
1783983000000,4016.5,4018.10009765625,4015.89990234375,4017.800048828125,116
1783983300000,4017.300048828125,4020.800048828125,4017.300048828125,4019.199951171875,96
1783983600000,4019.10009765625,4023.39990234375,4018.60009765625,4021.10009765625,270
1783983900000,4021.39990234375,4023.5,4019.89990234375,4020.5,149
1783984200000,4020,4022.199951171875,4018.5,4020.89990234375,184
1783984500000,4020.199951171875,4022.10009765625,4018.5,4019.800048828125,151
1783984800000,4019.699951171875,4023.10009765625,4017.5,4022.89990234375,231
1783985100000,4022.199951171875,4025.300048828125,4021.60009765625,4024,361
1783985400000,4024.60009765625,4025.699951171875,4021.10009765625,4021.60009765625,201
1783985700000,4021.39990234375,4024.300048828125,4021.10009765625,4022.10009765625,147
1783986000000,4021.800048828125,4022.60009765625,4020.199951171875,4021.89990234375,121
1783986300000,4022.10009765625,4023.300048828125,4021.5,4023.10009765625,82
1783986600000,4022.10009765625,4024.60009765625,4021.800048828125,4024.199951171875,72
1783986900000,4024.300048828125,4024.300048828125,4021.10009765625,4022.60009765625,67
1783987200000,4023.699951171875,4025.39990234375,4022.5,4023.300048828125,124
1783987500000,4023.800048828125,4024,4021.60009765625,4021.60009765625,34
1783987800000,4021.89990234375,4022.699951171875,4019.89990234375,4022.199951171875,218
1783988100000,4022.300048828125,4022.89990234375,4020.800048828125,4021.89990234375,198
1783988400000,4021.60009765625,4022.699951171875,4020.300048828125,4022,65
1783988700000,4022.10009765625,4023.800048828125,4021.89990234375,4022.199951171875,135
1783989000000,4022.300048828125,4029.39990234375,4022.10009765625,4028,474
1783989300000,4028.39990234375,4029.699951171875,4027.5,4027.89990234375,300
1783989600000,4028.300048828125,4028.800048828125,4026.89990234375,4027,126
1783989900000,4026.89990234375,4027.300048828125,4024.39990234375,4024.39990234375,168
1783990200000,4024.199951171875,4026.39990234375,4022.39990234375,4026,238
1783990500000,4026.300048828125,4027.89990234375,4024.10009765625,4026.699951171875,195
1783990800000,4027.199951171875,4029.39990234375,4026.39990234375,4026.39990234375,167
1783991100000,4026.60009765625,4029.89990234375,4026.199951171875,4029.5,261
1783991400000,4029.300048828125,4030.60009765625,4029.10009765625,4029.699951171875,145
1783991700000,4029.800048828125,4030.60009765625,4026.60009765625,4027.800048828125,164
1783992000000,4027.699951171875,4028.89990234375,4027,4027.39990234375,84
1783992300000,4027.10009765625,4029.89990234375,4026.5,4029.199951171875,136
1783992600000,4029.300048828125,4036.699951171875,4029,4034.800048828125,1074
1783992900000,4035.199951171875,4037.39990234375,4033.60009765625,4034.300048828125,358
1783993200000,4034,4040.39990234375,4034,4038.39990234375,799
1783993500000,4038.5,4039.300048828125,4035.89990234375,4037.699951171875,322
1783993800000,4036.699951171875,4037.60009765625,4035.300048828125,4037.199951171875,235
1783994100000,4037.199951171875,4038.5,4036.60009765625,4037.800048828125,395
1783994400000,4037.699951171875,4038.300048828125,4035.39990234375,4036.10009765625,270
1783994700000,4036.199951171875,4038.39990234375,4034.699951171875,4038.39990234375,182
1783995000000,4038.10009765625,4039.5,4036.699951171875,4037.300048828125,335
1783995300000,4036.60009765625,4037.300048828125,4034.39990234375,4034.800048828125,209
1783995600000,4034.10009765625,4035.10009765625,4032.60009765625,4033.800048828125,270
1783995900000,4033.89990234375,4033.89990234375,4029.10009765625,4029.39990234375,346
1783996200000,4029.39990234375,4032.5,4029,4031.60009765625,213
1783996500000,4032.10009765625,4032.60009765625,4029.10009765625,4030.39990234375,202
1783996800000,4030.39990234375,4031.89990234375,4028,4031.5,248
1783997100000,4031.89990234375,4032.60009765625,4029.800048828125,4030.800048828125,285
1783997400000,4030.89990234375,4033.5,4029.800048828125,4030.10009765625,170
1783997700000,4030.199951171875,4031.800048828125,4029.60009765625,4030.39990234375,181
1783998000000,4030.60009765625,4032.199951171875,4027.199951171875,4032,309
1783998300000,4032.199951171875,4035.199951171875,4032.199951171875,4035.10009765625,292
1783998600000,4035.199951171875,4035.199951171875,4030.800048828125,4031.10009765625,326
1783998900000,4031.10009765625,4034.300048828125,4031.10009765625,4033.10009765625,131
1783999200000,4033.5,4036.39990234375,4032.60009765625,4034.89990234375,138
1783999500000,4035.199951171875,4036,4032.60009765625,4033.10009765625,246
1783999800000,4033.10009765625,4033.10009765625,4029.39990234375,4032.39990234375,241
1784000100000,4032.39990234375,4036.10009765625,4031.60009765625,4033,230
1784000400000,4033.199951171875,4033.199951171875,4029.5,4029.89990234375,162
1784000700000,4030.10009765625,4030.699951171875,4028.60009765625,4029.699951171875,194
1784001000000,4030.10009765625,4033,4028.300048828125,4031.89990234375,216
1784001300000,4031.699951171875,4032.39990234375,4026.5,4027.300048828125,274
1784001600000,4027.300048828125,4029.10009765625,4023.5,4025.39990234375,451
1784001900000,4025.5,4026.5,4020.800048828125,4022.699951171875,755
1784002200000,4022.800048828125,4024.60009765625,4022.800048828125,4023.800048828125,181
1784002500000,4024.300048828125,4027.39990234375,4024,4025.89990234375,351
1784002800000,4025.60009765625,4027.5,4024.89990234375,4025.89990234375,292
1784003100000,4026.300048828125,4030.10009765625,4025.89990234375,4028.5,375
1784003400000,4028.300048828125,4031.10009765625,4025.39990234375,4026.60009765625,221
1784003700000,4026.39990234375,4027.5,4025.39990234375,4025.800048828125,109
1784004000000,4025.5,4029.199951171875,4025.300048828125,4025.89990234375,515
1784004300000,4026.199951171875,4027.60009765625,4025.10009765625,4025.89990234375,209
1784004600000,4026.10009765625,4027.199951171875,4024,4026.10009765625,179
1784004900000,4026.199951171875,4026.60009765625,4022.39990234375,4022.60009765625,223
1784005200000,4022.39990234375,4027,4020.39990234375,4026.39990234375,303
1784005500000,4026.89990234375,4028.89990234375,4025,4027.89990234375,225
1784005800000,4028,4031.199951171875,4026.5,4027.699951171875,250
1784006100000,4027.60009765625,4027.60009765625,4024.89990234375,4026.89990234375,240
1784006400000,4026.89990234375,4028.5,4023.800048828125,4025,315
1784006700000,4025.10009765625,4025.699951171875,4021.5,4022.39990234375,203
1784007000000,4022.199951171875,4024,4020.10009765625,4020.89990234375,448
1784007300000,4020.5,4023.199951171875,4020.39990234375,4022.800048828125,223
1784007600000,4022.699951171875,4024.89990234375,4022.699951171875,4024.300048828125,292
1784007900000,4023.699951171875,4030.89990234375,4023.300048828125,4029.89990234375,434
1784008200000,4030.199951171875,4030.800048828125,4027.5,4027.800048828125,427
1784008500000,4028.10009765625,4028.800048828125,4026.300048828125,4028.699951171875,250
1784008800000,4028.60009765625,4029.5,4025.10009765625,4026.60009765625,363
1784009100000,4026.39990234375,4027.10009765625,4024.5,4025.10009765625,230
1784009400000,4025.10009765625,4026.39990234375,4023.699951171875,4025,120
1784009700000,4025.10009765625,4027.10009765625,4024.10009765625,4025.89990234375,215
1784010000000,4025.699951171875,4025.89990234375,4023.39990234375,4024.89990234375,112
1784010300000,4024.39990234375,4025.10009765625,4022.199951171875,4025.10009765625,203
1784010600000,4024.800048828125,4026,4022,4022.699951171875,198
1784010900000,4022.699951171875,4026.199951171875,4021.89990234375,4025.60009765625,143
1784011200000,4025.800048828125,4026.699951171875,4024.800048828125,4025.89990234375,100
1784011500000,4025.5,4028.800048828125,4024.699951171875,4028.300048828125,249
1784011800000,4028.39990234375,4028.39990234375,4025.800048828125,4026.699951171875,115
1784012100000,4026.699951171875,4029.60009765625,4026.300048828125,4028.199951171875,173
1784012400000,4028.199951171875,4029.300048828125,4026.199951171875,4026.89990234375,176
1784012700000,4027.39990234375,4028.10009765625,4022.10009765625,4023,234
1784013000000,4023.199951171875,4030.699951171875,4023.10009765625,4030.10009765625,437
1784013300000,4029.39990234375,4030.89990234375,4027.5,4029.699951171875,255
1784013600000,4029.39990234375,4035.300048828125,4029.39990234375,4035.10009765625,818
1784013900000,4035.10009765625,4035.300048828125,4031.89990234375,4032.300048828125,271
1784014200000,4032,4036.300048828125,4031.60009765625,4034.89990234375,503
1784014500000,4035.10009765625,4037.699951171875,4034.39990234375,4035.800048828125,228
1784014800000,4035.699951171875,4037.10009765625,4034.199951171875,4035.199951171875,249
1784015100000,4035.199951171875,4037.800048828125,4032.89990234375,4035.89990234375,293
1784015400000,4035.39990234375,4036.699951171875,4033.60009765625,4036.10009765625,140
1784015700000,4037,4039,4035.60009765625,4038.10009765625,226
1784016000000,4038.5,4042.89990234375,4035.800048828125,4036.60009765625,1143
1784016300000,4036.60009765625,4037.699951171875,4031.89990234375,4032.5,685
1784016600000,4033,4035,4031.699951171875,4032.39990234375,284
1784016900000,4032.60009765625,4035.5,4031.5,4033.89990234375,191
1784017200000,4033.699951171875,4035.39990234375,4029.800048828125,4035.39990234375,521
1784017500000,4035.10009765625,4037.60009765625,4031.300048828125,4036,952
1784017800000,4036.10009765625,4112.5,4036,4104.2001953125,15031
1784018100000,4104,4108.89990234375,4089.89990234375,4095.199951171875,4086
1784018400000,4095.60009765625,4102.7001953125,4092.199951171875,4101.10009765625,2685
1784018700000,4101.2998046875,4103.2998046875,4090.10009765625,4092.89990234375,2195
1784019000000,4092.60009765625,4092.800048828125,4080,4081,2332
1784019300000,4081.199951171875,4084.89990234375,4076.199951171875,4083.89990234375,1934
1784019600000,4084,4091.39990234375,4079.60009765625,4080.199951171875,2758
1784019900000,4080.10009765625,4087.800048828125,4078.199951171875,4084.60009765625,1017
1784020200000,4085.10009765625,4087.800048828125,4079.5,4082.199951171875,1147
1784020500000,4082.199951171875,4087.800048828125,4081.5,4083.699951171875,619
1784020800000,4083.10009765625,4093.60009765625,4079.10009765625,4091.10009765625,1679
1784021100000,4091.199951171875,4093.199951171875,4088,4089.10009765625,783
1784021400000,4089.199951171875,4092.39990234375,4083.300048828125,4088.199951171875,1130
1784021700000,4088,4096.39990234375,4086,4093.89990234375,1195
1784022000000,4094.39990234375,4096.2998046875,4090.199951171875,4095.39990234375,840
1784022300000,4095.10009765625,4095.10009765625,4087.699951171875,4090.5,616
1784022600000,4090.60009765625,4092.699951171875,4081.60009765625,4084.199951171875,767
1784022900000,4084.199951171875,4086.39990234375,4082,4084,818
1784023200000,4084,4087.800048828125,4080.699951171875,4081.300048828125,1347
1784023500000,4081.60009765625,4088.89990234375,4080,4087.300048828125,676
1784023800000,4087.60009765625,4092.699951171875,4084.800048828125,4089.800048828125,900
1784024100000,4089.60009765625,4089.60009765625,4077.89990234375,4080.699951171875,1086
1784024400000,4080.39990234375,4092.5,4080.300048828125,4086.300048828125,1270
1784024700000,4086.39990234375,4087.199951171875,4081.199951171875,4084.199951171875,1127
1784025000000,4084.5,4098.39990234375,4080.39990234375,4087.60009765625,2081
1784025300000,4088.10009765625,4089,4082.199951171875,4087.10009765625,679
1784025600000,4087,4090.39990234375,4086.10009765625,4086.699951171875,868
1784025900000,4087.39990234375,4090.39990234375,4086.699951171875,4086.699951171875,531
1784026200000,4086.60009765625,4091.5,4085.5,4090.39990234375,457
1784026500000,4090.5,4095.199951171875,4089,4093,1020
1784026800000,4093,4100.89990234375,4086.10009765625,4096,1900
1784027100000,4096.2998046875,4108.7001953125,4093.800048828125,4103.7998046875,2486
1784027400000,4104.2998046875,4105.2998046875,4096.89990234375,4097.89990234375,1144
1784027700000,4097.7001953125,4098.7998046875,4093.199951171875,4094.39990234375,861
1784028000000,4094.10009765625,4098.7001953125,4092.60009765625,4094.699951171875,911
1784028300000,4094.39990234375,4094.39990234375,4089.60009765625,4092.199951171875,1279
1784028600000,4092,4094.300048828125,4087.5,4088.699951171875,656
1784028900000,4088.39990234375,4089.60009765625,4083,4083.300048828125,873
1784029200000,4083.300048828125,4084.39990234375,4073.5,4081,1735
1784029500000,4080.699951171875,4083.5,4077.800048828125,4078.300048828125,551
1784029800000,4078.39990234375,4079.199951171875,4072.60009765625,4073.699951171875,953
1784030100000,4073.5,4075,4071.300048828125,4073.10009765625,593
1784030400000,4073.199951171875,4073.800048828125,4068.89990234375,4070.199951171875,724
1784030700000,4070.800048828125,4070.800048828125,4063.39990234375,4067.10009765625,1052
1784031000000,4068.199951171875,4071.89990234375,4068.199951171875,4070.10009765625,468
1784031300000,4069.699951171875,4072.300048828125,4067.699951171875,4069.800048828125,334
1784031600000,4070.199951171875,4070.89990234375,4064.89990234375,4067.800048828125,901
1784031900000,4067.60009765625,4069.39990234375,4065.39990234375,4066.10009765625,311
1784032200000,4066.199951171875,4069.89990234375,4065.60009765625,4066.89990234375,618
1784032500000,4067.300048828125,4068.5,4064.10009765625,4067,368
1784032800000,4067.10009765625,4069.89990234375,4066,4067.800048828125,1045
1784033100000,4067.699951171875,4069.10009765625,4064.39990234375,4066.89990234375,293
1784033400000,4066.300048828125,4068.199951171875,4065.199951171875,4067,181
1784033700000,4067.39990234375,4069.199951171875,4066.60009765625,4068.300048828125,263
1784034000000,4068.800048828125,4071.699951171875,4066.60009765625,4067.199951171875,949
1784034300000,4067.5,4067.89990234375,4063.5,4066.60009765625,509
1784034600000,4066.300048828125,4066.800048828125,4061.800048828125,4063.5,517
1784034900000,4063.199951171875,4064,4061.10009765625,4063.89990234375,1416
1784035200000,4063.699951171875,4068.300048828125,4063.199951171875,4067.699951171875,1447
1784035500000,4067.699951171875,4071,4067.10009765625,4069.699951171875,3778
1784035800000,4069.60009765625,4072.199951171875,4068.5,4068.89990234375,981
1784036100000,4068.60009765625,4069.699951171875,4067.60009765625,4068.89990234375,669
1784036400000,4068.60009765625,4069.60009765625,4066.300048828125,4066.699951171875,176
1784036700000,4066.800048828125,4068.89990234375,4065,4068.5,435
1784037000000,4068.60009765625,4070.300048828125,4068.60009765625,4070.10009765625,157
1784037300000,4069.800048828125,4070.60009765625,4069.199951171875,4070.10009765625,129
1784037600000,4069.5,4069.60009765625,4066.5,4068.89990234375,292
1784037900000,4068.300048828125,4069.10009765625,4067,4067.300048828125,167
1784038200000,4067.300048828125,4068.60009765625,4066.699951171875,4068.5,117
1784038500000,4068.39990234375,4070.199951171875,4067.699951171875,4069.699951171875,182
1784038800000,4069.5,4069.5,4063.800048828125,4064.10009765625,336
1784039100000,4063.800048828125,4066,4063.5,4065.39990234375,411
1784039400000,4065.10009765625,4066.5,4061.800048828125,4063.39990234375,525
1784039700000,4063.199951171875,4063.5,4058.300048828125,4059.5,684
1784040000000,4059.10009765625,4061.10009765625,4049.199951171875,4053.10009765625,2310
1784040300000,4052.699951171875,4057.199951171875,4051.10009765625,4056,323
1784040600000,4056.10009765625,4058.39990234375,4053.199951171875,4058.300048828125,194
1784040900000,4058.699951171875,4061.300048828125,4057.800048828125,4060.699951171875,313
1784041200000,4060.300048828125,4061.5,4059.10009765625,4059.39990234375,397
1784041500000,4059.60009765625,4061.800048828125,4059.10009765625,4061.199951171875,102
1784041800000,4061.199951171875,4064.10009765625,4059.89990234375,4063.300048828125,129
1784042100000,4063.199951171875,4063.89990234375,4061.800048828125,4063,281
1784042400000,4063,4063,4058.800048828125,4059.300048828125,218
1784042700000,4059,4060,4057.800048828125,4058.10009765625,255
1784043000000,4058.300048828125,4058.300048828125,4054.199951171875,4057,537
1784043300000,4056.89990234375,4058.800048828125,4056.39990234375,4057.5,127
1784043600000,4057.5,4059.60009765625,4056.800048828125,4059,98
1784043900000,4059.5,4061.199951171875,4058.39990234375,4058.89990234375,116
1784044200000,4058.699951171875,4063.5,4058,4062,593
1784044500000,4062.199951171875,4063.5,4060.800048828125,4062.10009765625,501
1784044800000,4062.10009765625,4063.10009765625,4060.5,4061.199951171875,200
1784045100000,4061.199951171875,4062.199951171875,4061.10009765625,4061.199951171875,21
1784045400000,4061.10009765625,4062.199951171875,4060.39990234375,4060.5,93
1784045700000,4060.5,4060.89990234375,4059.10009765625,4059.10009765625,68
1784046000000,4059.199951171875,4060.60009765625,4058.699951171875,4060.39990234375,135
1784046300000,4059.800048828125,4060.60009765625,4059.300048828125,4059.39990234375,67
1784046600000,4059.800048828125,4060,4057.60009765625,4057.89990234375,135
1784046900000,4057.699951171875,4058.5,4056.199951171875,4056.60009765625,228
1784047200000,4056.60009765625,4058,4056,4057.10009765625,186
1784047500000,4056.699951171875,4056.699951171875,4055.5,4056.39990234375,36
1784047800000,4055.60009765625,4059.300048828125,4055.5,4058.5,435
1784048100000,4058.39990234375,4059.5,4057.699951171875,4058.300048828125,0
1784052000000,4059.800048828125,4060,4057.300048828125,4058.60009765625,120
1784052300000,4058.60009765625,4058.89990234375,4057.10009765625,4057.5,50
1784052600000,4057.60009765625,4057.60009765625,4054.800048828125,4056.89990234375,139
1784052900000,4056.60009765625,4057.10009765625,4054.800048828125,4056.10009765625,131
1784053200000,4056.10009765625,4058,4055.5,4056.300048828125,190
1784053500000,4056.300048828125,4058,4055.60009765625,4058,273
1784053800000,4057.5,4058.89990234375,4057.5,4058.5,225
1784054100000,4058.39990234375,4058.89990234375,4056,4056.60009765625,509
1784054400000,4057.10009765625,4058.199951171875,4054.800048828125,4056.60009765625,183
1784054700000,4056.800048828125,4056.89990234375,4054.39990234375,4055.300048828125,115
1784055000000,4055.60009765625,4056.39990234375,4054.60009765625,4055.5,65
1784055300000,4055.199951171875,4055.699951171875,4054.300048828125,4055.10009765625,81
1784055600000,4054.800048828125,4056.5,4054,4055,97
1784055900000,4055.10009765625,4055.800048828125,4054.39990234375,4055.60009765625,44
1784056200000,4055.300048828125,4055.300048828125,4053.10009765625,4053.800048828125,155
1784056500000,4054.199951171875,4054.60009765625,4052.699951171875,4054.199951171875,46
1784056800000,4054.199951171875,4056.5,4054.10009765625,4056,90
1784057100000,4055.60009765625,4060,4055.199951171875,4059.89990234375,115
1784057400000,4060,4061.10009765625,4057.5,4060.800048828125,189
1784057700000,4061,4062.39990234375,4059,4059.699951171875,341
1784058000000,4059.699951171875,4061.5,4059.699951171875,4061,48
1784058300000,4061,4061.5,4058.5,4058.699951171875,100
1784058600000,4058.89990234375,4060,4058.5,4059.800048828125,28
1784058900000,4060.5,4060.5,4058.199951171875,4058.800048828125,33
1784059200000,4059,4062.60009765625,4057.10009765625,4060.800048828125,119
1784059500000,4061.10009765625,4061.800048828125,4058.800048828125,4060,83
1784059800000,4060,4061.39990234375,4057.300048828125,4057.300048828125,60
1784060100000,4057.699951171875,4062.199951171875,4057.5,4058.60009765625,164
1784060400000,4058.199951171875,4062.89990234375,4058,4062.10009765625,259
1784060700000,4062,4064.89990234375,4061.300048828125,4064.699951171875,223
1784061000000,4065,4065.199951171875,4061.699951171875,4062.89990234375,186
1784061300000,4062.5,4062.5,4058.699951171875,4060.5,277
1784061600000,4060.800048828125,4061,4059.300048828125,4060.89990234375,81
1784061900000,4060.699951171875,4063.300048828125,4060.5,4061.5,149
1784062200000,4061.10009765625,4064.300048828125,4061,4064.199951171875,85
1784062500000,4064.39990234375,4067.199951171875,4063.60009765625,4065.10009765625,236
1784062800000,4066.300048828125,4068.60009765625,4061.89990234375,4064.5,340
1784063100000,4064.10009765625,4068.199951171875,4061.300048828125,4063.10009765625,401
1784063400000,4063.10009765625,4066,4061.5,4062.300048828125,182
1784063700000,4062,4063.5,4060,4061.89990234375,163
1784064000000,4061.89990234375,4062.199951171875,4059,4060.39990234375,207
1784064300000,4060.60009765625,4063.10009765625,4060.300048828125,4061,108
1784064600000,4061,4061.199951171875,4053.199951171875,4057,483
1784064900000,4056.89990234375,4056.89990234375,4051.39990234375,4052.39990234375,203
1784065200000,4052.60009765625,4052.60009765625,4042.5,4044.800048828125,844
1784065500000,4045.39990234375,4048.60009765625,4043.800048828125,4048,359
1784065800000,4047.300048828125,4047.5,4043.800048828125,4046.89990234375,218
1784066100000,4047.10009765625,4047.10009765625,4041.199951171875,4042.89990234375,243
1784066400000,4043,4046.300048828125,4039.60009765625,4045.300048828125,496
1784066700000,4045,4048.199951171875,4044.39990234375,4046.89990234375,215
1784067000000,4047.10009765625,4048.199951171875,4041.699951171875,4043.199951171875,377
1784067300000,4042.199951171875,4042.89990234375,4035.39990234375,4036.60009765625,770
1784067600000,4036.39990234375,4038.800048828125,4035.300048828125,4037.89990234375,237
1784067900000,4037.300048828125,4039.699951171875,4036.10009765625,4039.199951171875,184
1784068200000,4039.300048828125,4042.5,4038.699951171875,4042.300048828125,222
1784068500000,4042,4044.199951171875,4042,4044.10009765625,180
1784068800000,4044.39990234375,4048.300048828125,4043.5,4048.199951171875,196
1784069100000,4048.10009765625,4048.39990234375,4045.199951171875,4046.300048828125,179
1784069400000,4046,4046.10009765625,4040.800048828125,4041.39990234375,268
1784069700000,4041.39990234375,4045.60009765625,4041.39990234375,4041.699951171875,218
1784070000000,4041.300048828125,4046.199951171875,4040.800048828125,4045.800048828125,223
1784070300000,4045.699951171875,4046.60009765625,4042.199951171875,4043,160
1784070600000,4042.800048828125,4043.5,4038.89990234375,4040.5,156
1784070900000,4040,4041.300048828125,4037.800048828125,4038.39990234375,226
1784071200000,4038.39990234375,4039.5,4036.60009765625,4037.39990234375,302
1784071500000,4037.199951171875,4038.699951171875,4036.199951171875,4036.60009765625,203
1784071800000,4036.800048828125,4040.10009765625,4033.89990234375,4039.199951171875,560
1784072100000,4039.699951171875,4042,4038.5,4038.699951171875,561
1784072400000,4038.5,4038.60009765625,4034.300048828125,4035.5,365
1784072700000,4035.300048828125,4038.199951171875,4035.300048828125,4038.199951171875,108
1784073000000,4038.39990234375,4039.60009765625,4037.10009765625,4037.699951171875,114
1784073300000,4037.300048828125,4038.199951171875,4036.800048828125,4037.89990234375,28
1784073600000,4036.89990234375,4039.300048828125,4036.5,4037.39990234375,146
1784073900000,4037.199951171875,4038.60009765625,4036,4038.60009765625,90
1784074200000,4038.199951171875,4039.199951171875,4037.300048828125,4037.39990234375,93
1784074500000,4037.39990234375,4040.199951171875,4036.800048828125,4040,95
1784074800000,4040,4040.10009765625,4038.60009765625,4039.300048828125,68
1784075100000,4039.5,4041.199951171875,4039.199951171875,4039.89990234375,105
1784075400000,4039.89990234375,4041.300048828125,4038,4038,95
1784075700000,4037.5,4039.300048828125,4036.699951171875,4037.199951171875,176
1784076000000,4037.39990234375,4038.10009765625,4034.199951171875,4036.10009765625,248
1784076300000,4036.60009765625,4040.60009765625,4036.60009765625,4038.10009765625,191
1784076600000,4038.10009765625,4040.5,4038.10009765625,4039,257
1784076900000,4038.60009765625,4039.5,4038,4039.10009765625,35
1784077200000,4039.5,4042.199951171875,4037.800048828125,4037.800048828125,198
1784077500000,4038,4039.199951171875,4035.199951171875,4037.199951171875,129
1784077800000,4037.5,4037.60009765625,4031.10009765625,4032.199951171875,406
1784078100000,4032.5,4034.89990234375,4031.800048828125,4034,121
1784078400000,4033.699951171875,4035.10009765625,4032.60009765625,4033.60009765625,82
1784078700000,4033.5,4033.5,4030.800048828125,4031.300048828125,249
1784079000000,4031.5,4035.39990234375,4028,4034.39990234375,564
1784079300000,4034.39990234375,4038.39990234375,4033.199951171875,4037.699951171875,386
1784079600000,4037.699951171875,4044.699951171875,4035.5,4035.5,957
1784079900000,4036,4036.300048828125,4033.39990234375,4035.39990234375,576
1784080200000,4035,4036.10009765625,4034.199951171875,4035.89990234375,97
1784080500000,4036.39990234375,4041.89990234375,4034.699951171875,4041,490
1784080800000,4040.89990234375,4041.699951171875,4037,4037.699951171875,400
1784081100000,4038,4038,4033.89990234375,4035.699951171875,387
1784081400000,4035.699951171875,4036.10009765625,4033,4033.60009765625,271
1784081700000,4033.60009765625,4033.89990234375,4029.39990234375,4032.300048828125,405
1784082000000,4032.300048828125,4033.199951171875,4027.10009765625,4032.199951171875,340
1784082300000,4032.800048828125,4034.5,4031.5,4032.5,208
1784082600000,4032.39990234375,4034.39990234375,4028.800048828125,4034.39990234375,307
1784082900000,4033.800048828125,4037,4033.39990234375,4035.10009765625,632
1784083200000,4034.699951171875,4039.199951171875,4034.300048828125,4038.699951171875,203
1784083500000,4038.39990234375,4038.39990234375,4035.800048828125,4036.10009765625,258
1784083800000,4036.699951171875,4040,4036.300048828125,4038,211
1784084100000,4038.39990234375,4039.199951171875,4036.89990234375,4038,226
1784084400000,4038.199951171875,4040.60009765625,4035.5,4038.699951171875,185
1784084700000,4038.60009765625,4038.800048828125,4035.10009765625,4035.5,158
1784085000000,4035.699951171875,4037,4034.10009765625,4035.800048828125,173
1784085300000,4035.5,4036.10009765625,4034.10009765625,4035.39990234375,240
1784085600000,4035.60009765625,4035.60009765625,4031.39990234375,4032.300048828125,348
1784085900000,4032.10009765625,4032.300048828125,4025.800048828125,4029.800048828125,833
1784086200000,4029.800048828125,4033,4027.60009765625,4029.5,375
1784086500000,4029.5,4029.5,4025.699951171875,4026.39990234375,227
1784086800000,4026.300048828125,4028.60009765625,4025.60009765625,4028.60009765625,289
1784087100000,4029,4032.300048828125,4027.300048828125,4030.800048828125,499
1784087400000,4030.699951171875,4031.800048828125,4028.39990234375,4031.5,320
1784087700000,4031.39990234375,4032.699951171875,4029.5,4030.699951171875,295
1784088000000,4030.699951171875,4031.89990234375,4026.39990234375,4030.89990234375,734
1784088300000,4031.199951171875,4031.800048828125,4027.89990234375,4028.5,260
1784088600000,4028.10009765625,4029.39990234375,4023.300048828125,4023.800048828125,510
1784088900000,4023.699951171875,4031.39990234375,4023.699951171875,4029.800048828125,264
1784089200000,4030,4031,4028.60009765625,4030,407
1784089500000,4030.5,4033.199951171875,4028.699951171875,4032.699951171875,190
1784089800000,4032.60009765625,4035.5,4032,4034.199951171875,318
1784090100000,4034.39990234375,4034.800048828125,4030.800048828125,4032.60009765625,179
1784090400000,4032.60009765625,4035,4032.5,4035,282
1784090700000,4034.89990234375,4036.5,4033.60009765625,4035.699951171875,321
1784091000000,4035.699951171875,4037.39990234375,4035,4036.89990234375,151
1784091300000,4036.699951171875,4039.5,4035.89990234375,4037.699951171875,254
1784091600000,4037.699951171875,4040.60009765625,4037.10009765625,4039.800048828125,414
1784091900000,4039.39990234375,4040.699951171875,4036.199951171875,4038.300048828125,633
1784092200000,4038.60009765625,4039.300048828125,4035.699951171875,4036.300048828125,118
1784092500000,4036.699951171875,4037.39990234375,4035.10009765625,4037.39990234375,197
1784092800000,4037,4038.699951171875,4035.300048828125,4035.800048828125,192
1784093100000,4035.300048828125,4035.300048828125,4032.89990234375,4033.5,868
1784093400000,4033.199951171875,4035.800048828125,4032.60009765625,4032.60009765625,635
1784093700000,4032.800048828125,4033.800048828125,4031.5,4032.39990234375,121
1784094000000,4032.800048828125,4033.89990234375,4032.5,4033.39990234375,77
1784094300000,4033,4035.300048828125,4032.39990234375,4034.199951171875,384
1784094600000,4034.5,4034.60009765625,4032.89990234375,4034.5,153
1784094900000,4034.699951171875,4036.39990234375,4032.10009765625,4036.300048828125,200
1784095200000,4036.39990234375,4037.5,4034.89990234375,4036.60009765625,202
1784095500000,4036.199951171875,4039.199951171875,4034.89990234375,4036.5,200
1784095800000,4037,4042.39990234375,4035.60009765625,4040.199951171875,567
1784096100000,4040.10009765625,4040.10009765625,4038,4038.10009765625,107
1784096400000,4038.699951171875,4041.5,4035,4035.300048828125,303
1784096700000,4035.39990234375,4036,4032.10009765625,4034.60009765625,356
1784097000000,4034.60009765625,4037.199951171875,4034.300048828125,4036.39990234375,159
1784097300000,4036.10009765625,4040,4035.89990234375,4039.89990234375,137
1784097600000,4039.199951171875,4039.5,4036.39990234375,4037.199951171875,75
1784097900000,4036.800048828125,4037.300048828125,4033.10009765625,4034.800048828125,203
1784098200000,4034.5,4035.199951171875,4033.699951171875,4034.89990234375,123
1784098500000,4034.60009765625,4034.800048828125,4033.300048828125,4034.300048828125,103
1784098800000,4033.89990234375,4037.5,4033.89990234375,4035.300048828125,161
1784099100000,4034.60009765625,4037.60009765625,4034.60009765625,4037.39990234375,73
1784099400000,4037.10009765625,4039,4036.199951171875,4036.199951171875,177
1784099700000,4036.60009765625,4036.60009765625,4033.699951171875,4035.300048828125,244
1784100000000,4035.199951171875,4036.300048828125,4034.60009765625,4036.300048828125,84
1784100300000,4036.300048828125,4037.5,4034.699951171875,4036.800048828125,84
1784100600000,4036.60009765625,4039.60009765625,4035.39990234375,4039.10009765625,497
1784100900000,4039.39990234375,4041.699951171875,4038.199951171875,4041.5,466
1784101200000,4041.39990234375,4045.5,4041.300048828125,4043.800048828125,1019
1784101500000,4043.800048828125,4045,4041.699951171875,4042.699951171875,153
1784101800000,4042.699951171875,4046.5,4041.800048828125,4042.5,283
1784102100000,4042.699951171875,4045.5,4042.10009765625,4044.5,174
1784102400000,4044.89990234375,4048.699951171875,4044.300048828125,4047.10009765625,457
1784102700000,4047,4047,4043.199951171875,4043.60009765625,255
1784103000000,4043.800048828125,4045.199951171875,4041.800048828125,4044.10009765625,397
1784103300000,4044.5,4046.800048828125,4044.5,4045.699951171875,165
1784103600000,4045.89990234375,4047.199951171875,4044.199951171875,4045.800048828125,587
1784103900000,4045.800048828125,4046.5,4043.5,4045.300048828125,358
1784104200000,4045.10009765625,4061.39990234375,4045.10009765625,4060.699951171875,3093
1784104500000,4061,4073,4060.300048828125,4070.300048828125,2592
1784104800000,4070.5,4070.60009765625,4063.699951171875,4069.800048828125,1699
1784105100000,4070.10009765625,4072.300048828125,4067.60009765625,4071,871
1784105400000,4070.5,4073.60009765625,4068.800048828125,4070.300048828125,509
1784105700000,4070.5,4078.199951171875,4068,4074.60009765625,1264
1784106000000,4074.699951171875,4080,4071.60009765625,4079.10009765625,1127
1784106300000,4079,4080.699951171875,4075.699951171875,4075.699951171875,1472
1784106600000,4075.5,4076.5,4067.699951171875,4067.699951171875,1442
1784106900000,4067.800048828125,4072.60009765625,4067.199951171875,4072,450
1784107200000,4071.699951171875,4071.699951171875,4067.199951171875,4068.10009765625,269
1784107500000,4068,4068,4060.5,4062.10009765625,1702
1784107800000,4062.199951171875,4067.89990234375,4061.89990234375,4066.89990234375,863
1784108100000,4066.60009765625,4069.199951171875,4064,4068,427
1784108400000,4067.39990234375,4069.699951171875,4064.60009765625,4067.699951171875,490
1784108700000,4068,4068.699951171875,4061.699951171875,4063.5,865
1784109000000,4063.5,4067.39990234375,4061.800048828125,4065.800048828125,465
1784109300000,4065.60009765625,4073.10009765625,4064.60009765625,4068.5,1255
1784109600000,4068.699951171875,4072.300048828125,4066.800048828125,4070.300048828125,753
1784109900000,4070.5,4072.300048828125,4068.89990234375,4069.89990234375,253
1784110200000,4070,4072.5,4069,4070.800048828125,379
1784110500000,4071.300048828125,4073,4067.5,4069.60009765625,401
1784110800000,4069.89990234375,4070.10009765625,4061.800048828125,4064.39990234375,811
1784111100000,4064,4066.199951171875,4062,4065,483
1784111400000,4065,4070.39990234375,4064.300048828125,4069.10009765625,502
1784111700000,4069.39990234375,4070.60009765625,4067.60009765625,4068.89990234375,476
1784112000000,4069.10009765625,4069.5,4063.5,4063.699951171875,344
1784112300000,4063.800048828125,4067,4059.5,4066.800048828125,1080
1784112600000,4066.60009765625,4066.60009765625,4061.199951171875,4062.300048828125,369
1784112900000,4062.5,4067.5,4062.10009765625,4067.199951171875,535
1784113200000,4067.39990234375,4069.60009765625,4064.699951171875,4065.39990234375,470
1784113500000,4065.5,4065.5,4060.800048828125,4060.800048828125,314
1784113800000,4060.699951171875,4061.199951171875,4049.5,4050.699951171875,1261
1784114100000,4050.300048828125,4053.5,4049.5,4053,966
1784114400000,4052.60009765625,4053,4045.89990234375,4051.300048828125,941
1784114700000,4051.699951171875,4056.5,4050.800048828125,4055.800048828125,730
1784115000000,4056,4056.300048828125,4051.300048828125,4054.800048828125,459
1784115300000,4055.300048828125,4056,4053.300048828125,4055.300048828125,229
1784115600000,4055.60009765625,4057,4054.89990234375,4056.699951171875,630
1784115900000,4056,4057.5,4054.39990234375,4056.300048828125,439
1784116200000,4055.199951171875,4057.199951171875,4052.89990234375,4057.10009765625,227
1784116500000,4056.5,4056.5,4052.800048828125,4053.199951171875,603
1784116800000,4053.39990234375,4054.39990234375,4048.89990234375,4049.699951171875,434
1784117100000,4049.60009765625,4051,4048.199951171875,4048.39990234375,207
1784117400000,4048.800048828125,4049,4043.800048828125,4044.800048828125,812
1784117700000,4044.60009765625,4047.39990234375,4039.199951171875,4040.10009765625,943
1784118000000,4041.10009765625,4044.300048828125,4039.60009765625,4042.39990234375,592
1784118300000,4042,4044.300048828125,4039.300048828125,4041.300048828125,547
1784118600000,4041,4043.60009765625,4037,4037.39990234375,723
1784118900000,4037.199951171875,4037.699951171875,4033.39990234375,4036.39990234375,1301
1784119200000,4036.39990234375,4038.199951171875,4033,4035,481
1784119500000,4034.800048828125,4044,4033.699951171875,4042,1769
1784119800000,4041.800048828125,4044.5,4040.199951171875,4040.39990234375,393
1784120100000,4040.39990234375,4040.60009765625,4035.89990234375,4040.300048828125,619
1784120400000,4040.39990234375,4045.300048828125,4039.800048828125,4044.300048828125,449
1784120700000,4044.60009765625,4045.89990234375,4043.199951171875,4043.199951171875,472
1784121000000,4043.199951171875,4045.199951171875,4042.39990234375,4042.39990234375,303
1784121300000,4042.300048828125,4043.800048828125,4039.699951171875,4042.199951171875,720
1784121600000,4042.199951171875,4045.60009765625,4042.199951171875,4044.300048828125,697
1784121900000,4044.60009765625,4055,4044.10009765625,4054.199951171875,2054
1784122200000,4053.89990234375,4062.699951171875,4053.60009765625,4061.699951171875,2124
1784122500000,4061.39990234375,4066.800048828125,4060.300048828125,4064.199951171875,996
1784122800000,4063.60009765625,4069.89990234375,4063.39990234375,4069.10009765625,551
1784123100000,4069.10009765625,4073.699951171875,4068,4072.199951171875,811
1784123400000,4072,4072,4068.60009765625,4070,702
1784123700000,4070.5,4070.800048828125,4066.800048828125,4068.699951171875,393
1784124000000,4069.199951171875,4076.199951171875,4068.60009765625,4075,607
1784124300000,4074.699951171875,4077.60009765625,4073.10009765625,4074.5,626
1784124600000,4074.199951171875,4075.5,4072.60009765625,4074.800048828125,288
1784124900000,4075.60009765625,4077.300048828125,4074,4077,243
1784125200000,4077.10009765625,4079.300048828125,4076,4078.10009765625,322
1784125500000,4078,4082.800048828125,4076.39990234375,4081.300048828125,693
1784125800000,4081.699951171875,4089.10009765625,4079.199951171875,4079.699951171875,1421
1784126100000,4079.699951171875,4080.60009765625,4077.5,4077.89990234375,392
1784126400000,4077.89990234375,4078.39990234375,4074.800048828125,4075,400
1784126700000,4075,4076,4071,4071.800048828125,663
1784127000000,4071.699951171875,4071.800048828125,4069.39990234375,4070.5,254
1784127300000,4070.60009765625,4071.60009765625,4065.199951171875,4066.300048828125,587
1784127600000,4066.300048828125,4069.89990234375,4064.39990234375,4068.300048828125,336
1784127900000,4068.5,4068.60009765625,4065.800048828125,4067.39990234375,184
1784128200000,4067.5,4069.699951171875,4065.800048828125,4068.199951171875,256
1784128500000,4068.199951171875,4068.699951171875,4063.39990234375,4064.300048828125,263
1784128800000,4063.89990234375,4063.89990234375,4059.89990234375,4062.199951171875,820
1784129100000,4062,4065.60009765625,4061.699951171875,4063.60009765625,314
1784129400000,4063.800048828125,4065.10009765625,4055.800048828125,4057.10009765625,655
1784129700000,4056.699951171875,4059.300048828125,4055.199951171875,4057.699951171875,454
1784130000000,4057.5,4060.300048828125,4057.10009765625,4058.5,286
1784130300000,4058.5,4060.800048828125,4058,4059.39990234375,274
1784130600000,4059.699951171875,4061.89990234375,4058.5,4060.800048828125,280
1784130900000,4060.89990234375,4064.199951171875,4059.39990234375,4064,567
1784131200000,4063.699951171875,4065.300048828125,4062.300048828125,4065.10009765625,259
1784131500000,4064.699951171875,4065,4063.10009765625,4063.800048828125,102
1784131800000,4064,4064.5,4063.10009765625,4064,77
1784132100000,4064,4067.10009765625,4064,4066.300048828125,103
1784132400000,4065.800048828125,4068.300048828125,4065.699951171875,4067.10009765625,85
1784132700000,4067.199951171875,4069,4067.10009765625,4068,68
1784133000000,4068.300048828125,4068.300048828125,4067,4067,47
1784133300000,4067.39990234375,4069.800048828125,4067.39990234375,4069.699951171875,108
1784133600000,4069.39990234375,4069.60009765625,4067.39990234375,4068.60009765625,67
1784133900000,4068.300048828125,4068.699951171875,4067.800048828125,4068.39990234375,41
1784134200000,4068.300048828125,4069.699951171875,4067.300048828125,4067.60009765625,58
1784134500000,4068,4068,4066.5,4066.89990234375,0
1784138400000,4068.89990234375,4071.89990234375,4066.60009765625,4066.800048828125,277
1784138700000,4066.89990234375,4070,4066.89990234375,4068.800048828125,199
1784139000000,4069.300048828125,4070.300048828125,4068.800048828125,4069.5,170
1784139300000,4069.300048828125,4070.300048828125,4068.5,4068.5,60
1784139600000,4069.300048828125,4069.60009765625,4068,4068.60009765625,58
1784139900000,4068.199951171875,4068.199951171875,4067.199951171875,4068,138
1784140200000,4068.300048828125,4068.300048828125,4066.199951171875,4066.199951171875,106
1784140500000,4066.60009765625,4067.199951171875,4064.60009765625,4066.10009765625,159
1784140800000,4066.10009765625,4066.699951171875,4065.10009765625,4066.10009765625,85
1784141100000,4066.39990234375,4067,4065,4065.5,55
1784141400000,4065.699951171875,4065.89990234375,4063.800048828125,4065.199951171875,103
1784141700000,4065.300048828125,4067.199951171875,4065.199951171875,4065.60009765625,138
1784142000000,4065.800048828125,4068,4064.800048828125,4065.60009765625,151
1784142300000,4065.89990234375,4068,4065.300048828125,4067,134
1784142600000,4067.199951171875,4067.199951171875,4064.800048828125,4066.199951171875,188
1784142900000,4066.300048828125,4066.300048828125,4063.699951171875,4065,185
1784143200000,4065,4065.10009765625,4062.60009765625,4062.60009765625,78
1784143500000,4063,4065,4062.60009765625,4063.60009765625,184
1784143800000,4063.800048828125,4064.199951171875,4061.800048828125,4063.800048828125,62
1784144100000,4063.5,4065.10009765625,4062.5,4062.699951171875,117
1784144400000,4062.89990234375,4064,4061.10009765625,4063.5,76
1784144700000,4063.199951171875,4065.300048828125,4061.800048828125,4063.89990234375,258
1784145000000,4063.89990234375,4066.5,4062.39990234375,4063.89990234375,161
1784145300000,4063.699951171875,4065,4063.10009765625,4063.60009765625,48
1784145600000,4063.800048828125,4065.199951171875,4062,4063,121
1784145900000,4063.300048828125,4063.300048828125,4060.39990234375,4060.800048828125,115
1784146200000,4061.10009765625,4062.800048828125,4060.5,4062.300048828125,39
1784146500000,4061.699951171875,4063.39990234375,4061.699951171875,4062.5,106
1784146800000,4062.300048828125,4066.10009765625,4060.5,4064.300048828125,214
1784147100000,4064.300048828125,4066,4063.800048828125,4065,99
1784147400000,4064,4066.800048828125,4064,4066.800048828125,263
1784147700000,4066.89990234375,4067.10009765625,4064,4064.199951171875,180
1784148000000,4064,4064.199951171875,4059.60009765625,4061.300048828125,246
1784148300000,4060.800048828125,4065.800048828125,4060.800048828125,4065,393
1784148600000,4065,4067,4059.199951171875,4059.300048828125,344
1784148900000,4059.10009765625,4059.60009765625,4049.199951171875,4050.39990234375,776
1784149200000,4050.300048828125,4056.60009765625,4046.800048828125,4051,915
1784149500000,4051.10009765625,4052.699951171875,4048.39990234375,4051.5,198
1784149800000,4052,4055.10009765625,4048.10009765625,4051,537
1784150100000,4051.10009765625,4051.199951171875,4044.5,4046.800048828125,416
1784150400000,4047,4049.89990234375,4041.699951171875,4043.5,346
1784150700000,4043.39990234375,4044.699951171875,4039.39990234375,4042.699951171875,426
1784151000000,4042.39990234375,4047.199951171875,4042.39990234375,4045.10009765625,208
1784151300000,4048.39990234375,4050.5,4046,4050,361
1784151600000,4049.800048828125,4051.60009765625,4046.39990234375,4047.60009765625,495
1784151900000,4047.699951171875,4049.300048828125,4045.300048828125,4046.5,158
1784152200000,4045.89990234375,4046.39990234375,4042.5,4043.800048828125,273
1784152500000,4044.199951171875,4046.39990234375,4043.300048828125,4044.199951171875,121
1784152800000,4044.5,4045.300048828125,4041.199951171875,4041.39990234375,158
1784153100000,4041.300048828125,4041.60009765625,4038,4038.39990234375,370
1784153400000,4038,4040.800048828125,4036.5,4037.699951171875,205
1784153700000,4037.60009765625,4038.5,4034.10009765625,4038.39990234375,265
1784154000000,4038.39990234375,4040.39990234375,4036.89990234375,4038.60009765625,235
1784154300000,4038.60009765625,4040.199951171875,4037.300048828125,4040.199951171875,119
1784154600000,4040.199951171875,4041.300048828125,4035.5,4036.89990234375,231
1784154900000,4037.39990234375,4038.300048828125,4031.300048828125,4032.5,361
1784155200000,4032.39990234375,4033.800048828125,4029.39990234375,4033,451
1784155500000,4033,4035.60009765625,4032.89990234375,4034.800048828125,184
1784155800000,4034.39990234375,4034.800048828125,4030,4034.800048828125,395
1784156100000,4034.699951171875,4038.10009765625,4034.10009765625,4036.89990234375,256
1784156400000,4036.800048828125,4037.5,4035.60009765625,4035.800048828125,109
1784156700000,4036.300048828125,4038.39990234375,4035.60009765625,4038.300048828125,95
1784157000000,4038.39990234375,4038.60009765625,4034.800048828125,4035.300048828125,119
1784157300000,4035.5,4037,4034.39990234375,4035.300048828125,115
1784157600000,4035.10009765625,4035.800048828125,4033,4035,158
1784157900000,4034.199951171875,4039.699951171875,4034.199951171875,4039.699951171875,206
1784158200000,4039.699951171875,4040,4037.89990234375,4039.699951171875,106
1784158500000,4039.699951171875,4040.60009765625,4038.800048828125,4038.800048828125,80
1784158800000,4039.5,4041.60009765625,4039,4040.89990234375,115
1784159100000,4040.60009765625,4040.800048828125,4039.39990234375,4040.10009765625,141
1784159400000,4040.10009765625,4042,4039.800048828125,4041.300048828125,84
1784159700000,4041.10009765625,4042.199951171875,4040.699951171875,4040.699951171875,63
1784160000000,4041.800048828125,4041.800048828125,4039,4039.199951171875,101
1784160300000,4039.5,4039.699951171875,4037.10009765625,4037.10009765625,94
1784160600000,4037.10009765625,4043.10009765625,4037.10009765625,4042,182
1784160900000,4041.89990234375,4041.89990234375,4037.800048828125,4038.300048828125,103
1784161200000,4038.60009765625,4040.39990234375,4038,4038.300048828125,94
1784161500000,4037.800048828125,4039.300048828125,4037,4039.10009765625,152
1784161800000,4039.300048828125,4040.300048828125,4037,4038.300048828125,152
1784162100000,4038.199951171875,4039,4037.60009765625,4038.5,57
1784162400000,4038.5,4039.300048828125,4037.699951171875,4037.89990234375,64
1784162700000,4037.39990234375,4040.5,4037.300048828125,4039.800048828125,83
1784163000000,4039.39990234375,4040.300048828125,4039.300048828125,4040.10009765625,38
1784163300000,4039.39990234375,4039.89990234375,4038.300048828125,4038.300048828125,71
1784163600000,4038.199951171875,4038.89990234375,4035.800048828125,4037.199951171875,98
1784163900000,4037.199951171875,4037.39990234375,4035.300048828125,4036.5,232
1784164200000,4036.199951171875,4036.199951171875,4034.39990234375,4034.800048828125,98
1784164800000,4051.800048828125,4051.800048828125,4031.60009765625,4032.39990234375,525
1784165100000,4032,4034.699951171875,4031.89990234375,4032.699951171875,136
1784165400000,4032.60009765625,4037,4030.300048828125,4035.199951171875,433
1784165700000,4034.39990234375,4036.199951171875,4032.699951171875,4034.699951171875,163
1784166000000,4034.60009765625,4038.5,4032,4037.60009765625,304
1784166300000,4037.800048828125,4038.10009765625,4032.699951171875,4032.699951171875,184
1784166600000,4033.10009765625,4036.10009765625,4030.89990234375,4032.10009765625,450
1784166900000,4032.199951171875,4034.39990234375,4031.89990234375,4032.199951171875,190
1784167200000,4032.39990234375,4038.300048828125,4032.39990234375,4036.60009765625,449
1784167500000,4036.89990234375,4041.5,4036.89990234375,4040.60009765625,407
1784167800000,4039.60009765625,4039.60009765625,4036,4037.199951171875,250
1784168100000,4037.5,4038.10009765625,4033.300048828125,4034.300048828125,280
1784168400000,4034.699951171875,4036.89990234375,4032.699951171875,4036.5,342
1784168700000,4036.699951171875,4037.199951171875,4035.300048828125,4035.300048828125,228
1784169000000,4035.10009765625,4035.699951171875,4031.699951171875,4032.10009765625,474
1784169300000,4031.5,4031.800048828125,4027.699951171875,4031.39990234375,661
1784169600000,4031.10009765625,4032.199951171875,4030,4032.10009765625,277
1784169900000,4031.800048828125,4033.800048828125,4031.39990234375,4033.39990234375,131
1784170200000,4033.5,4035.199951171875,4033,4035.199951171875,156
1784170500000,4035.5,4036.60009765625,4035.300048828125,4035.800048828125,166
1784170800000,4035.60009765625,4035.800048828125,4032.5,4034.300048828125,165
1784171100000,4034.199951171875,4034.800048828125,4033,4034.39990234375,104
1784171400000,4034.699951171875,4034.800048828125,4030.800048828125,4031.5,224
1784171700000,4031.199951171875,4031.5,4028.699951171875,4029.39990234375,203
1784172000000,4029.800048828125,4031.800048828125,4029.60009765625,4030.300048828125,251
1784172300000,4030,4031.699951171875,4028.800048828125,4029.5,341
1784172600000,4029.10009765625,4030.300048828125,4027.800048828125,4028.699951171875,338
1784172900000,4029.10009765625,4030.699951171875,4028.10009765625,4030.300048828125,288
1784173200000,4030,4033.199951171875,4030,4031.39990234375,267
1784173500000,4031.39990234375,4037.10009765625,4031.10009765625,4035.60009765625,475
1784173800000,4035.699951171875,4036.199951171875,4031.89990234375,4033,264
1784174100000,4033.39990234375,4036.199951171875,4033.300048828125,4036.10009765625,246
1784174400000,4035.5,4039.300048828125,4034.300048828125,4035,410
1784174700000,4035.10009765625,4035.800048828125,4033.5,4033.5,255
1784175000000,4033.5,4034,4030.10009765625,4030.89990234375,361
1784175300000,4030.800048828125,4033.89990234375,4030,4033.89990234375,328
1784175600000,4034,4036.800048828125,4033.60009765625,4036.300048828125,293
1784175900000,4036.39990234375,4038.39990234375,4035.89990234375,4036.89990234375,205
1784176200000,4037,4039.89990234375,4036.89990234375,4036.89990234375,316
1784176500000,4037.300048828125,4040.699951171875,4037.300048828125,4038.10009765625,220
1784176800000,4038.199951171875,4039.199951171875,4036.89990234375,4038.699951171875,262
1784177100000,4039.300048828125,4041.699951171875,4038.699951171875,4041,190
1784177400000,4040.39990234375,4041.10009765625,4038.5,4038.5,156
1784177700000,4038.699951171875,4041,4038.300048828125,4040.300048828125,132
1784178000000,4040.60009765625,4042.60009765625,4040.39990234375,4040.39990234375,175
1784178300000,4040.39990234375,4042,4040.39990234375,4041.800048828125,135
1784178600000,4041.60009765625,4042.60009765625,4040.800048828125,4042.10009765625,113
1784178900000,4042.300048828125,4043.199951171875,4041,4041.10009765625,265
1784179200000,4041.300048828125,4041.300048828125,4037.60009765625,4037.89990234375,293
1784179500000,4038,4038.89990234375,4036,4038.10009765625,281
1784179800000,4038.39990234375,4039.199951171875,4035.699951171875,4037.300048828125,572
1784180100000,4037.199951171875,4040.10009765625,4036.800048828125,4038.60009765625,190
1784180400000,4038.89990234375,4040.699951171875,4038.199951171875,4039.699951171875,227
1784180700000,4040.10009765625,4040.10009765625,4037.199951171875,4037.699951171875,380
1784181000000,4038.10009765625,4041.89990234375,4037.699951171875,4041.699951171875,192
1784181300000,4041.60009765625,4042.10009765625,4037.39990234375,4037.39990234375,222
1784181600000,4037.199951171875,4037.89990234375,4035.300048828125,4036.800048828125,264
1784181900000,4036.699951171875,4038.300048828125,4035.89990234375,4038,156
1784182200000,4038.10009765625,4038.10009765625,4035,4037.10009765625,93
1784182500000,4037.39990234375,4038.5,4037.199951171875,4038,63
1784182800000,4037.5,4040.10009765625,4036.89990234375,4040.10009765625,140
1784183100000,4039.60009765625,4039.89990234375,4037.300048828125,4038.699951171875,74
1784183400000,4039.199951171875,4039.699951171875,4037.300048828125,4039,67
1784183700000,4039,4040.10009765625,4037.300048828125,4037.39990234375,34
1784184000000,4037.199951171875,4040.10009765625,4037,4038.60009765625,145
1784184300000,4038.699951171875,4038.699951171875,4036.199951171875,4036.199951171875,141
1784184600000,4036.300048828125,4038,4035.800048828125,4037.10009765625,163
1784184900000,4037,4037.5,4034.39990234375,4035.10009765625,177
1784185200000,4035.199951171875,4035.800048828125,4033,4034,281
1784185500000,4033.800048828125,4034.800048828125,4033.10009765625,4034.5,137
1784185800000,4034.199951171875,4035.199951171875,4031.39990234375,4033.300048828125,285
1784186100000,4033.10009765625,4033.10009765625,4030.199951171875,4031.60009765625,239
1784186400000,4031.39990234375,4032.5,4029.699951171875,4030.10009765625,300
1784186700000,4029.89990234375,4032.699951171875,4026.199951171875,4029.39990234375,655
1784187000000,4029.39990234375,4035.300048828125,4028.5,4034.89990234375,275
1784187300000,4035,4037.89990234375,4034.39990234375,4036.39990234375,455
1784187600000,4036.300048828125,4041.699951171875,4035.800048828125,4040.60009765625,449
1784187900000,4040.89990234375,4048.39990234375,4032.800048828125,4038,1514
1784188200000,4037.800048828125,4045.89990234375,4034.60009765625,4044.89990234375,1053
1784188500000,4045,4047.300048828125,4043,4044.10009765625,460
1784188800000,4044.39990234375,4048.699951171875,4041.5,4047.800048828125,444
1784189100000,4048.199951171875,4048.699951171875,4037.800048828125,4038.39990234375,1830
1784189400000,4038.5,4038.5,4032.699951171875,4036.89990234375,661
1784189700000,4036.800048828125,4037.39990234375,4017.39990234375,4033.300048828125,4892
1784190000000,4033.800048828125,4034.300048828125,4025.10009765625,4026.10009765625,1154
1784190300000,4025.39990234375,4030.5,4021.5,4030.199951171875,674
1784190600000,4030.300048828125,4034.5,4022.5,4027.39990234375,815
1784190900000,4027,4027.300048828125,4019.199951171875,4019.60009765625,981
1784191200000,4019.89990234375,4019.89990234375,4004.800048828125,4007.10009765625,3279
1784191500000,4006.89990234375,4013.300048828125,4003.300048828125,4003.300048828125,2080
1784191800000,4003.60009765625,4006.89990234375,3998.699951171875,4000.5,2123
1784192100000,4000.39990234375,4001.300048828125,3994.199951171875,3996.39990234375,2253
1784192400000,3996.300048828125,4001.10009765625,3979.10009765625,3982.199951171875,4652
1784192700000,3982.10009765625,3990.60009765625,3977.10009765625,3987.699951171875,1773
1784193000000,3987.5,3997.699951171875,3986.10009765625,3996,1844
1784193300000,3996.300048828125,4000,3995.39990234375,3999.5,986
1784193600000,3999.199951171875,4003.89990234375,3995.39990234375,4003.10009765625,1260
1784193900000,4002.699951171875,4010.5,4002.300048828125,4009.800048828125,1167
1784194200000,4010.10009765625,4012.60009765625,3997.199951171875,3997.39990234375,1813
1784194500000,3997.300048828125,3998,3985.5,3987.199951171875,2396
1784194800000,3987.10009765625,3993.39990234375,3987.10009765625,3990.300048828125,1203
1784195100000,3990.10009765625,3997.39990234375,3990,3996,921
1784195400000,3995.699951171875,4001.10009765625,3995.5,3998.199951171875,704
1784195700000,3997.89990234375,3997.89990234375,3992.300048828125,3994,530
1784196000000,3993.89990234375,4001.60009765625,3993.10009765625,4001.300048828125,1067
1784196300000,4001,4001,3995.10009765625,3997,625
1784196600000,3997,3998.60009765625,3991.199951171875,3992.800048828125,613
1784196900000,3993.10009765625,4001.699951171875,3991.60009765625,3999.800048828125,697
1784197200000,4000.199951171875,4000.699951171875,3994.800048828125,3996.699951171875,473
1784197500000,3996.39990234375,4005,3995.800048828125,4004,618
1784197800000,4003.300048828125,4009.199951171875,3999.800048828125,4007.300048828125,935
1784198100000,4006.800048828125,4008.5,4003.300048828125,4004.10009765625,869
1784198400000,4004.39990234375,4009.39990234375,4004.10009765625,4009.199951171875,515
1784198700000,4009.39990234375,4011,4003.300048828125,4003.60009765625,772
1784199000000,4003.699951171875,4004.699951171875,3999.10009765625,3999.5,667
1784199300000,3999.199951171875,4003.699951171875,3996.5,4002,585
1784199600000,4002.199951171875,4002.699951171875,3996.39990234375,3997.10009765625,515
1784199900000,3996.699951171875,4000.10009765625,3994.5,3999.699951171875,627
1784200200000,3999.199951171875,3999.300048828125,3993.300048828125,3997,657
1784200500000,3996.800048828125,4003.300048828125,3996.800048828125,4002.89990234375,955
1784200800000,4002.699951171875,4013.60009765625,4002.699951171875,4012.39990234375,1082
1784201100000,4012.5,4021.800048828125,4011.300048828125,4015.5,1491
1784201400000,4015.800048828125,4019.39990234375,4011.699951171875,4019,857
1784201700000,4018.800048828125,4021.199951171875,4015.300048828125,4018.5,763
1784202000000,4018.800048828125,4019,4014,4014.60009765625,640
1784202300000,4015.10009765625,4016,4012.5,4015.10009765625,731
1784202600000,4015.5,4017.699951171875,4012.800048828125,4013.800048828125,542
1784202900000,4013.800048828125,4014.10009765625,4009.89990234375,4011.800048828125,350
1784203200000,4011.39990234375,4012.300048828125,4003.39990234375,4004.300048828125,822
1784203500000,4004.300048828125,4005.800048828125,4002,4003.300048828125,511
1784203800000,4003.300048828125,4003.300048828125,3993.89990234375,3993.89990234375,758
1784204100000,3993.800048828125,3996,3989.699951171875,3991.39990234375,1248
1784204400000,3991.89990234375,3993.800048828125,3986.5,3991.199951171875,1104
1784204700000,3990.60009765625,3992.5,3988.699951171875,3991.5,461
1784205000000,3992,3994.5,3991.300048828125,3993.5,554
1784205300000,3993.39990234375,3996.39990234375,3993.39990234375,3995.199951171875,449
1784205600000,3995.39990234375,3996.800048828125,3992.800048828125,3996.300048828125,414
1784205900000,3996,3997,3993.5,3996.5,303
1784206200000,3995.5,4000,3995.10009765625,3999.199951171875,395
1784206500000,3998.89990234375,4001.39990234375,3996.199951171875,3996.39990234375,509
1784206800000,3996.699951171875,3997.300048828125,3994.39990234375,3995.39990234375,297
1784207100000,3995.39990234375,3995.39990234375,3991.60009765625,3992,326
1784207400000,3992.39990234375,3992.89990234375,3988.89990234375,3989.89990234375,1043
1784207700000,3990.300048828125,3992.89990234375,3989.39990234375,3992.199951171875,625
1784208000000,3992.39990234375,3993.5,3990.300048828125,3991.199951171875,240
1784208300000,3990.89990234375,3993.199951171875,3987.199951171875,3992.300048828125,2236
1784208600000,3992.10009765625,3993.300048828125,3987.699951171875,3989,757
1784208900000,3988.89990234375,3990.10009765625,3985.699951171875,3986.89990234375,427
1784209200000,3986.89990234375,3987.699951171875,3983.89990234375,3985.89990234375,525
1784209500000,3986.10009765625,3990.300048828125,3985.300048828125,3989.10009765625,208
1784209800000,3989.800048828125,3992.199951171875,3988.699951171875,3991.199951171875,240
1784210100000,3991.10009765625,3991.5,3988.10009765625,3989.5,146
1784210400000,3989.699951171875,3991.699951171875,3988.5,3990.10009765625,172
1784210700000,3990.39990234375,3992.800048828125,3988.300048828125,3992.10009765625,135
1784211000000,3992.60009765625,3994.10009765625,3990,3990,616
1784211300000,3989.800048828125,3993.699951171875,3988.89990234375,3992.89990234375,198
1784211600000,3992.699951171875,3995.199951171875,3991.39990234375,3991.699951171875,256
1784211900000,3991.60009765625,3992.300048828125,3990.39990234375,3991.39990234375,159
1784212200000,3991.10009765625,3991.10009765625,3983.300048828125,3983.699951171875,594
1784212500000,3983.60009765625,3984,3981,3983.10009765625,683
1784212800000,3983,3988.5,3982.300048828125,3987.699951171875,412
1784213100000,3987.5,3989.699951171875,3986.60009765625,3987.800048828125,233
1784213400000,3987.699951171875,3988.60009765625,3984.800048828125,3985.699951171875,117
1784213700000,3985.5,3987,3983.89990234375,3984.699951171875,267
1784214000000,3984.89990234375,3990.10009765625,3983.699951171875,3989.699951171875,271
1784214300000,3989.300048828125,3990.800048828125,3986.60009765625,3987.300048828125,133
1784214600000,3986.800048828125,3987,3983.300048828125,3985.10009765625,294
1784214900000,3984.800048828125,3987.300048828125,3984.39990234375,3987.10009765625,128
1784215200000,3987.39990234375,3988.89990234375,3984.800048828125,3985.699951171875,136
1784215500000,3986.199951171875,3986.300048828125,3983,3983.60009765625,214
1784215800000,3983.800048828125,3984,3979.300048828125,3980,383
1784216100000,3979.800048828125,3979.89990234375,3973.39990234375,3979.699951171875,1183
1784216400000,3979.300048828125,3981.800048828125,3979.300048828125,3980.199951171875,320
1784216700000,3979.699951171875,3981.10009765625,3977.199951171875,3979.300048828125,351
1784217000000,3979.5,3986.89990234375,3977.89990234375,3985.89990234375,304
1784217300000,3986.10009765625,3986.39990234375,3980.60009765625,3984.60009765625,480
1784217600000,3984.800048828125,3984.800048828125,3981.300048828125,3982.10009765625,260
1784217900000,3982.199951171875,3982.699951171875,3979.699951171875,3980.699951171875,133
1784218200000,3980.5,3980.800048828125,3978.699951171875,3979.300048828125,93
1784218500000,3978.89990234375,3979.39990234375,3976.699951171875,3977.10009765625,175
1784218800000,3976.89990234375,3977.60009765625,3976.199951171875,3976.800048828125,83
1784219100000,3977,3979.699951171875,3976.199951171875,3979,120
1784219400000,3979.300048828125,3979.5,3977.60009765625,3978.89990234375,48
1784219700000,3979.199951171875,3980.5,3979,3979,64
1784220000000,3978.800048828125,3979.699951171875,3978.5,3978.5,39
1784220300000,3978.5,3980.699951171875,3978.199951171875,3979.800048828125,93
1784220600000,3978.800048828125,3980,3978.199951171875,3979.60009765625,61
1784220900000,3979.60009765625,3981,3978.89990234375,3979.89990234375,148
1784224800000,3980.10009765625,3984.10009765625,3980,3982.300048828125,0
1784225100000,3981.89990234375,3981.89990234375,3980,3981.60009765625,98
1784225400000,3981.89990234375,3981.89990234375,3979.10009765625,3979.39990234375,136
1784225700000,3980.10009765625,3981.199951171875,3978.89990234375,3979.39990234375,81
1784226000000,3979.10009765625,3979.699951171875,3978.199951171875,3978.89990234375,82
1784226300000,3978.699951171875,3980.10009765625,3978.300048828125,3979.89990234375,56
1784226600000,3980.199951171875,3980.60009765625,3977.89990234375,3979.699951171875,54
1784226900000,3979.39990234375,3980.5,3978.60009765625,3979.800048828125,72
1784227200000,3979.5,3980,3976.800048828125,3977.39990234375,91
1784227500000,3977.10009765625,3978.199951171875,3976.89990234375,3977.199951171875,40
1784227800000,3977.60009765625,3979,3977.39990234375,3978.60009765625,29
1784228100000,3979.10009765625,3982.199951171875,3979.10009765625,3982.10009765625,179
1784228400000,3982.10009765625,3982.39990234375,3978.60009765625,3982.10009765625,206
1784228700000,3981.300048828125,3983.199951171875,3981.10009765625,3982.5,100
1784229000000,3982,3984,3981.5,3983.60009765625,52
1784229300000,3983.300048828125,3984.199951171875,3982.300048828125,3982.60009765625,64
1784229600000,3982.199951171875,3982.39990234375,3981.300048828125,3981.89990234375,105
1784229900000,3982.10009765625,3984.300048828125,3981.800048828125,3982.5,118
1784230200000,3981.89990234375,3982.10009765625,3979,3981.10009765625,258
1784230500000,3981.300048828125,3984.89990234375,3981.300048828125,3983.300048828125,154
1784230800000,3983.5,3985.699951171875,3983.39990234375,3984.89990234375,166
1784231100000,3984.89990234375,3985.10009765625,3980.199951171875,3981.60009765625,109
1784231400000,3982.5,3984.39990234375,3982.5,3984.300048828125,53
1784231700000,3983.800048828125,3989.89990234375,3983.800048828125,3989.199951171875,204
1784232000000,3989.5,3990.60009765625,3986.89990234375,3988.39990234375,146
1784232300000,3988.5,3991.10009765625,3987.10009765625,3989.39990234375,90
1784232600000,3989.800048828125,3990.39990234375,3986.800048828125,3987.10009765625,141
1784232900000,3987.800048828125,3994.300048828125,3987.699951171875,3991.60009765625,220
1784233200000,3991.199951171875,3993.699951171875,3990.10009765625,3990.199951171875,189
1784233500000,3990,3990,3987.199951171875,3988.199951171875,138
1784233800000,3988,3988.39990234375,3983.89990234375,3984.60009765625,251
1784234100000,3984.5,3988.10009765625,3984.5,3985,129
1784234400000,3984.89990234375,3986.39990234375,3983.800048828125,3985.5,140
1784234700000,3985.699951171875,3991,3985.300048828125,3989.699951171875,253
1784235000000,3989.89990234375,3992.39990234375,3989.800048828125,3991.39990234375,196
1784235300000,3991.60009765625,3995.89990234375,3989.699951171875,3995.89990234375,259
1784235600000,3996,3996.199951171875,3991.199951171875,3992.300048828125,436
1784235900000,3991.89990234375,3999,3991.89990234375,3994.39990234375,411
1784236200000,3994.199951171875,3997.5,3992.10009765625,3996,326
1784236500000,3995.800048828125,4000.10009765625,3995.10009765625,3998.39990234375,376
1784236800000,3997.199951171875,3999.199951171875,3992.800048828125,3994.300048828125,312
1784237100000,3994.300048828125,3995.800048828125,3991.5,3994.89990234375,309
1784237400000,3993.699951171875,3996.5,3992,3995.89990234375,199
1784237700000,3996,3999.10009765625,3994.699951171875,3995.800048828125,359
1784238000000,3996.10009765625,3998.10009765625,3994,3994.699951171875,165
1784238300000,3994.699951171875,3996.10009765625,3987.300048828125,3987.5,582
1784238600000,3987.60009765625,3988.699951171875,3983,3983.5,454
1784238900000,3983.39990234375,3986.60009765625,3982.699951171875,3986.5,267
1784239200000,3987,3991.10009765625,3985,3986.800048828125,213
1784239500000,3986.5,3986.800048828125,3983.60009765625,3983.60009765625,212
1784239800000,3983.39990234375,3985.60009765625,3983.300048828125,3984.5,84
1784240100000,3984.199951171875,3987.800048828125,3984.10009765625,3986.60009765625,98
1784240400000,3986.5,3987.199951171875,3984.39990234375,3987.199951171875,103
1784240700000,3986.800048828125,3987.89990234375,3984.10009765625,3986.60009765625,103
1784241000000,3986.10009765625,3987.39990234375,3979.699951171875,3981,323
1784241300000,3980.89990234375,3982.60009765625,3974.10009765625,3976.89990234375,355
1784241600000,3977.199951171875,3980,3975.89990234375,3978.39990234375,215
1784241900000,3978,3982.699951171875,3977.699951171875,3980.699951171875,198
1784242200000,3980.800048828125,3982.10009765625,3978.10009765625,3981.199951171875,224
1784242500000,3981.10009765625,3983.39990234375,3980.300048828125,3982.199951171875,218
1784242800000,3982.5,3993.10009765625,3982.199951171875,3992.199951171875,436
1784243100000,3992.5,3996.800048828125,3991.5,3993.89990234375,470
1784243400000,3993,3994.199951171875,3991.199951171875,3992.199951171875,263
1784243700000,3992.199951171875,4006.199951171875,3992.199951171875,4006,869
1784244000000,4006.199951171875,4012.199951171875,4006.199951171875,4006.89990234375,1186
1784244300000,4006.5,4007.5,4001.800048828125,4005.10009765625,440
1784244600000,4004.800048828125,4005.300048828125,3999.699951171875,4001.300048828125,230
1784244900000,4001.800048828125,4004.10009765625,4000.800048828125,4002.800048828125,348
1784245200000,4002.800048828125,4003.699951171875,3999.699951171875,4000.89990234375,185
1784245500000,4001.300048828125,4002.199951171875,3997.89990234375,3998.5,175
1784245800000,3998.5,3999.199951171875,3996.10009765625,3997.199951171875,271
1784246100000,3996.699951171875,3996.800048828125,3994,3995.699951171875,253
1784246400000,3995,3995.10009765625,3991.800048828125,3992.60009765625,267
1784246700000,3993,3993.60009765625,3990.199951171875,3990.60009765625,118
1784247000000,3991,3993.39990234375,3990.39990234375,3992.10009765625,317
1784247300000,3992.199951171875,3993.199951171875,3989.699951171875,3991.699951171875,257
1784247600000,3992.10009765625,3993.39990234375,3989.10009765625,3990,332
1784247900000,3989.5,3990.300048828125,3988.300048828125,3989.5,291
1784248200000,3989.60009765625,3991.60009765625,3986.800048828125,3988.199951171875,279
1784248500000,3988.300048828125,3989.699951171875,3984.10009765625,3986.60009765625,273
1784248800000,3986.39990234375,3986.800048828125,3983.10009765625,3984.800048828125,199
1784249100000,3985.5,3987.89990234375,3984.800048828125,3985.39990234375,269
1784249400000,3985.199951171875,3985.699951171875,3983.5,3984.39990234375,102
1784249700000,3984.5,3985.199951171875,3984.199951171875,3985,67
1784250000000,3984.800048828125,3986,3982.800048828125,3986,221
1784250300000,3985.800048828125,3985.800048828125,3980.199951171875,3981.699951171875,188
1784250600000,3981,3984.39990234375,3981,3983,264
1784250900000,3982.5,3983.60009765625,3979.199951171875,3979.39990234375,410
1784251200000,3979.10009765625,3983.300048828125,3978.39990234375,3982.39990234375,376
1784251500000,3982.5,3985.199951171875,3981.300048828125,3982.89990234375,432
1784251800000,3983,3989.89990234375,3981.5,3986,662
1784252100000,3986.10009765625,3989,3985,3989,354
1784252400000,3989.60009765625,3994,3988.10009765625,3990.5,433
1784252700000,3990.10009765625,3993.10009765625,3985.199951171875,3991.60009765625,351
1784253000000,3991.39990234375,3995.300048828125,3990.89990234375,3993.300048828125,337
1784253300000,3993.39990234375,3993.699951171875,3988.39990234375,3988.60009765625,300
1784253600000,3988.60009765625,3996,3988.5,3995.60009765625,354
1784253900000,3995.699951171875,3996.800048828125,3991.800048828125,3992.800048828125,265
1784254200000,3993,4004.5,3992.60009765625,4003.60009765625,506
1784254500000,4003.60009765625,4006.5,4001.39990234375,4005.800048828125,433
1784254800000,4006,4009.699951171875,4005.300048828125,4006.800048828125,373
1784255100000,4007,4009,4004.39990234375,4007.5,654
1784255400000,4007.199951171875,4010.699951171875,4006.800048828125,4008.39990234375,292
1784255700000,4008.199951171875,4008.300048828125,4002.300048828125,4003.199951171875,324
1784256000000,4003.300048828125,4003.800048828125,3999.300048828125,4000,242
1784256300000,3999.800048828125,4003.89990234375,3999.800048828125,4001.800048828125,209
1784256600000,4001.89990234375,4003,4000.300048828125,4001.10009765625,153
1784256900000,4001.800048828125,4005.300048828125,4001.60009765625,4003.10009765625,212
1784257200000,4003.10009765625,4006.60009765625,4000.699951171875,4005.10009765625,252
1784257500000,4005.10009765625,4005.89990234375,3998.39990234375,3999,369
1784257800000,3999.10009765625,4001.10009765625,3997.10009765625,4000.300048828125,307
1784258100000,4000.300048828125,4003.199951171875,3999.89990234375,4001.300048828125,143
1784258400000,4001,4001.300048828125,3998,4001.199951171875,193
1784258700000,4001.10009765625,4002.300048828125,3999.5,4000,144
1784259000000,4000.39990234375,4002.199951171875,3999.10009765625,4000.5,277
1784259300000,4000.39990234375,4000.89990234375,3998,4000.39990234375,104
1784259600000,4000.60009765625,4002.5,3998,4002.5,101
1784259900000,4002.5,4002.60009765625,3999.699951171875,4000.39990234375,122
1784260200000,4000.39990234375,4001.89990234375,3998.60009765625,3999.10009765625,76
1784260500000,3998.800048828125,3999.60009765625,3996.699951171875,3997,122
1784260800000,3996.60009765625,4003.800048828125,3996,4003.39990234375,190
1784261100000,4002.800048828125,4003.199951171875,4000.39990234375,4001.5,155
1784261400000,4001.39990234375,4001.5,3995.10009765625,3996.800048828125,298
1784261700000,3996.800048828125,3998.60009765625,3992.89990234375,3993.10009765625,406
1784262000000,3994.699951171875,3996.60009765625,3994.39990234375,3996.39990234375,140
1784262300000,3996,3999.199951171875,3992,3996.300048828125,969
1784262600000,3996.300048828125,3997.199951171875,3993.89990234375,3995.699951171875,113
1784262900000,3994.89990234375,3996,3991.300048828125,3992.89990234375,138
1784263200000,3993.199951171875,3996.89990234375,3992.800048828125,3996.89990234375,74
1784263500000,3996.800048828125,4003.39990234375,3995.60009765625,4002.199951171875,313
1784263800000,4002.10009765625,4002.300048828125,3997.89990234375,3999,200
1784264100000,3999.10009765625,4002.199951171875,3997.699951171875,3998.39990234375,256
1784264400000,3997.89990234375,3999.5,3996.800048828125,3997.39990234375,350
1784264700000,3998,4001.800048828125,3997.800048828125,3999.89990234375,100
1784265000000,3999.699951171875,4002.5,3999.199951171875,4002.10009765625,118
1784265300000,4002.10009765625,4002.300048828125,3999.800048828125,4000,180
1784265600000,4000,4006.39990234375,3999.800048828125,4005.699951171875,210
1784265900000,4005.699951171875,4006.5,4002.199951171875,4002.89990234375,477
1784266200000,4003.39990234375,4003.800048828125,3999.10009765625,3999.800048828125,262
1784266500000,3999.89990234375,4002.10009765625,3999.5,4000.699951171875,134
1784266800000,4001.39990234375,4003.199951171875,3999.300048828125,3999.5,147
1784267100000,3999.89990234375,4001,3998.800048828125,3999.300048828125,175
1784267400000,3999.60009765625,4002.39990234375,3998.60009765625,4001.5,201
1784267700000,4001.300048828125,4001.800048828125,3999.89990234375,4001.800048828125,99
1784268000000,4001.699951171875,4002.39990234375,3999.199951171875,4000.10009765625,105
1784268300000,4000.10009765625,4001.199951171875,3998.800048828125,4000.199951171875,262
1784268600000,4000.300048828125,4002.300048828125,3999.699951171875,4000.800048828125,115
1784268900000,4001.10009765625,4001.60009765625,3998,3998.5,228
1784269200000,3998.300048828125,4002.89990234375,3998.300048828125,3999,222
1784269500000,3999,4000.60009765625,3998.5,3999.60009765625,402
1784269800000,3999.800048828125,4000.89990234375,3998.39990234375,4000.39990234375,158
1784270100000,3999.89990234375,4000.10009765625,3997.699951171875,3999.5,183
1784270400000,3999.199951171875,4000.300048828125,3997.199951171875,4000,333
1784270700000,3999.800048828125,4000.89990234375,3998.699951171875,3999.5,95
1784271000000,3998.89990234375,3999.39990234375,3994.199951171875,3996.800048828125,384
1784271300000,3997.10009765625,3997.5,3994.10009765625,3994.39990234375,151
1784271600000,3994.5,3997.89990234375,3994.5,3996,166
1784271900000,3995.89990234375,3996.199951171875,3993.699951171875,3995,102
1784272200000,3994.89990234375,3996.89990234375,3994.5,3995.5,159
1784272500000,3995.300048828125,3997.300048828125,3993.60009765625,3997,223
1784272800000,3996.60009765625,4000.10009765625,3996.300048828125,3997.199951171875,260
1784273100000,3997.5,3999.89990234375,3997.199951171875,3999.39990234375,181
1784273400000,3999.800048828125,4000.300048828125,3995.39990234375,3996.39990234375,245
1784273700000,3996.60009765625,3997.60009765625,3995.10009765625,3997.10009765625,112
1784274000000,3997.39990234375,3998.699951171875,3995.60009765625,3995.800048828125,182
1784274300000,3995.699951171875,4000.199951171875,3995.199951171875,3997.699951171875,450
1784274600000,3997.60009765625,4002.699951171875,3997,4002.699951171875,218
1784274900000,4002.699951171875,4002.699951171875,3997.699951171875,3997.89990234375,485
1784275200000,3998.199951171875,3999.60009765625,3993.300048828125,3993.699951171875,496
1784275500000,3993.5,3995.300048828125,3991.800048828125,3994.300048828125,552
1784275800000,3994.5,3997.39990234375,3992.89990234375,3993.300048828125,595
1784276100000,3994.199951171875,3995.89990234375,3992.39990234375,3995.199951171875,294
1784276400000,3995.10009765625,3995.5,3987.89990234375,3988.89990234375,902
1784276700000,3988.800048828125,3991.39990234375,3987.800048828125,3990.800048828125,375
1784277000000,3991,3991.800048828125,3984.699951171875,3985.10009765625,614
1784277300000,3985.300048828125,3986.800048828125,3980.699951171875,3981.5,749
1784277600000,3981.199951171875,3981.89990234375,3968.60009765625,3973.300048828125,2234
1784277900000,3973,3976.800048828125,3968.699951171875,3971.39990234375,1192
1784278200000,3970.800048828125,3975.199951171875,3967.699951171875,3973,915
1784278500000,3972.89990234375,3977,3967.89990234375,3969.5,970
1784278800000,3970.10009765625,3979.60009765625,3963,3977.800048828125,3197
1784279100000,3978,3978.5,3972.699951171875,3973,663
1784279400000,3973.300048828125,3975.39990234375,3969.800048828125,3974.199951171875,604
1784279700000,3973.5,3976.199951171875,3971,3974.5,876
1784280000000,3974.39990234375,3978.699951171875,3970.800048828125,3973,492
1784280300000,3973.39990234375,3977,3970.699951171875,3971.89990234375,538
1784280600000,3971.89990234375,3975.800048828125,3967.10009765625,3969.300048828125,1192
1784280900000,3969.10009765625,4007.89990234375,3968.5,3997.39990234375,3976
1784281200000,3998,3998,3986,3988.5,1626
1784281500000,3989,3994.39990234375,3984.800048828125,3993.699951171875,911
1784281800000,3993.60009765625,3997.89990234375,3992,3992.800048828125,885
1784282100000,3992.699951171875,4001.39990234375,3991.39990234375,4001.39990234375,1495
1784282400000,4000.699951171875,4004.5,3994.199951171875,3998.199951171875,1936
1784282700000,3998.699951171875,4004.800048828125,3998.699951171875,4000.699951171875,1190
1784283000000,4000.699951171875,4005.10009765625,3997.89990234375,3999.199951171875,566
1784283300000,3999.10009765625,4005,3997.60009765625,4001.5,784
1784283600000,4001.199951171875,4008.89990234375,4000.300048828125,4007.199951171875,1067
1784283900000,4006.800048828125,4008.699951171875,4002.199951171875,4002.699951171875,796
1784284200000,4002.800048828125,4003,3996.300048828125,3998.60009765625,767
1784284500000,3999,4003.89990234375,3998.300048828125,4001.89990234375,577
1784284800000,4001.39990234375,4003,3999.5,4002.300048828125,414
1784285100000,4002.10009765625,4005.10009765625,3998.89990234375,4000.10009765625,664
1784285400000,4000.39990234375,4003.300048828125,3997.5,3998,407
1784285700000,3998,4005.800048828125,3997.199951171875,4005.5,515
1784286000000,4005.5,4018.199951171875,4002,4016.800048828125,2160
1784286300000,4016.800048828125,4019.39990234375,4007.60009765625,4012.800048828125,2476
1784286600000,4012.800048828125,4018.39990234375,4007.699951171875,4009.699951171875,1028
1784286900000,4010.300048828125,4012.699951171875,4009,4010.10009765625,555
1784287200000,4010,4016.89990234375,4009.199951171875,4012.89990234375,661
1784287500000,4012.699951171875,4018.10009765625,4010.89990234375,4018.10009765625,424
1784287800000,4017.89990234375,4021.199951171875,4013.60009765625,4015.300048828125,1398
1784288100000,4015.5,4021.10009765625,4014.60009765625,4018.800048828125,624
1784288400000,4019.199951171875,4021,4016.5,4020.199951171875,681
1784288700000,4020.300048828125,4023.300048828125,4018.5,4021.300048828125,620
1784289000000,4021.39990234375,4026.10009765625,4021.199951171875,4025.300048828125,1370
1784289300000,4025.5,4026.10009765625,4022.300048828125,4024.10009765625,584
1784289600000,4024.39990234375,4024.60009765625,4016,4021.89990234375,2089
1784289900000,4021.800048828125,4024,4019.300048828125,4022.5,436
1784290200000,4022.699951171875,4025.199951171875,4022.60009765625,4022.699951171875,481
1784290500000,4022.89990234375,4026.699951171875,4022.800048828125,4026.10009765625,462
1784290800000,4026.300048828125,4028.89990234375,4023,4028.5,600
1784291100000,4028.39990234375,4028.699951171875,4021.89990234375,4023.800048828125,1005
1784291400000,4023.800048828125,4024.10009765625,4020.10009765625,4020.89990234375,443
1784291700000,4021,4021.60009765625,4018,4018.39990234375,640
1784292000000,4018.89990234375,4022.800048828125,4017.5,4022.300048828125,528
1784292300000,4022.10009765625,4025.10009765625,4021.199951171875,4024.800048828125,1218
1784292600000,4025.300048828125,4025.39990234375,4020.199951171875,4020.800048828125,551
1784292900000,4020.89990234375,4021.5,4019.39990234375,4019.60009765625,392
1784293200000,4020,4024,4020,4021.60009765625,623
1784293500000,4021.800048828125,4023.300048828125,4021.300048828125,4022.60009765625,139
1784293800000,4022.39990234375,4023.300048828125,4018.10009765625,4018.39990234375,358
1784294100000,4018.10009765625,4020.300048828125,4017.199951171875,4017.800048828125,448
1784294400000,4017.89990234375,4020.39990234375,4017,4019.5,288
1784294700000,4019.699951171875,4020.800048828125,4017.89990234375,4018.699951171875,1213
1784295000000,4018.699951171875,4019.5,4016.10009765625,4017,270
1784295300000,4017,4017.89990234375,4014.699951171875,4017.39990234375,347
1784295600000,4017.199951171875,4017.300048828125,4014.699951171875,4016,198
1784295900000,4015.699951171875,4017.699951171875,4015.300048828125,4017.60009765625,167
1784296200000,4017.89990234375,4018.300048828125,4012.89990234375,4014.10009765625,501
1784296500000,4014.10009765625,4015.300048828125,4012.89990234375,4014.800048828125,197
1784296800000,4014.89990234375,4016.300048828125,4012.5,4014.89990234375,410
1784297100000,4014.5,4017.300048828125,4014.39990234375,4017.300048828125,192
1784297400000,4017.199951171875,4017.89990234375,4014.89990234375,4015.5,171
1784297700000,4015.300048828125,4018.39990234375,4014.10009765625,4016.800048828125,174
1784298000000,4016.800048828125,4018.39990234375,4015.199951171875,4017.39990234375,169
1784298300000,4017.39990234375,4021.10009765625,4016.60009765625,4020.699951171875,229
1784298600000,4020.300048828125,4021.300048828125,4016.60009765625,4018.10009765625,351
1784298900000,4018,4018.10009765625,4016.5,4016.60009765625,153
1784299200000,4016.60009765625,4016.89990234375,4012,4013,341
1784299500000,4013.10009765625,4013.699951171875,4011.60009765625,4012.89990234375,196
1784299800000,4012.300048828125,4015,4012,4015,149
1784300100000,4015.300048828125,4017.199951171875,4014.800048828125,4016.10009765625,260
1784300400000,4016.39990234375,4016.39990234375,4012.300048828125,4012.800048828125,197
1784300700000,4012.800048828125,4012.800048828125,4009.60009765625,4010.10009765625,314
1784301000000,4010.10009765625,4011,4008.89990234375,4010.800048828125,220
1784301300000,4010.5,4011.300048828125,4009.199951171875,4011.199951171875,240
1784301600000,4010.800048828125,4011.10009765625,4006.800048828125,4007.199951171875,249
1784301900000,4007.300048828125,4010.10009765625,4007.10009765625,4009.89990234375,194
1784302200000,4009.89990234375,4012.10009765625,4009.60009765625,4011.199951171875,311
1784302500000,4010.699951171875,4013.699951171875,4010.39990234375,4011.60009765625,234
1784302800000,4011,4014.800048828125,4010.5,4014.699951171875,120
1784303100000,4014.89990234375,4016,4013.89990234375,4015.300048828125,131
1784303400000,4015.199951171875,4020.39990234375,4015.10009765625,4020.199951171875,307
1784303700000,4020.10009765625,4020.89990234375,4019.199951171875,4019.89990234375,385
1784304000000,4019.89990234375,4020.300048828125,4017,4018.699951171875,279
1784304300000,4018.5,4018.5,4016.699951171875,4017.89990234375,70
1784304600000,4018,4018,4016.300048828125,4016.800048828125,80
1784304900000,4016.89990234375,4017.10009765625,4013.5,4013.89990234375,92
1784305200000,4014.10009765625,4015.300048828125,4013.60009765625,4014.60009765625,65
1784305500000,4015.10009765625,4016.10009765625,4013.800048828125,4015.39990234375,71
1784305800000,4015.699951171875,4015.699951171875,4013.199951171875,4013.89990234375,78
1784306100000,4013.5,4015.5,4013.5,4015.199951171875,68
1784306400000,4015,4018.10009765625,4015,4017.699951171875,84
1784306700000,4017.699951171875,4021.5,4017.5,4020.300048828125,249
1784307000000,4019.89990234375,4022.89990234375,4019.699951171875,4020.89990234375,242
1784307300000,4020.699951171875,4023,4018.800048828125,4018.800048828125,0
1784484600000,4001,4001.800048828125,3999.699951171875,4000.300048828125,54
1784484900000,4000,4002.89990234375,3999.10009765625,4002.800048828125,165
1784485200000,4003,4004.39990234375,4000.60009765625,4001.89990234375,160
1784485500000,4001.60009765625,4001.699951171875,3998.300048828125,3998.800048828125,118
1784485800000,3998,4002.800048828125,3996.89990234375,4001.60009765625,285
1784486100000,4001.39990234375,4002.699951171875,4000.199951171875,4000.5,57
1784486400000,4000.39990234375,4002.800048828125,4000.10009765625,4000.60009765625,172
1784486700000,4000.800048828125,4002.300048828125,3999.199951171875,4001,94
1784487000000,4001.300048828125,4001.60009765625,4000,4000.800048828125,66
1784487300000,4000.800048828125,4002.300048828125,3997.89990234375,3997.89990234375,98
1784487600000,3999.300048828125,3999.300048828125,3995,3998.89990234375,211
1784487900000,3999,3999.199951171875,3997,3997.89990234375,66
1784488200000,3998,3998,3994.300048828125,3994.5,92
1784488500000,3995,3998,3994.699951171875,3995,115
1784488800000,3994.800048828125,3997.300048828125,3993.800048828125,3997.300048828125,76
1784489100000,3997.39990234375,3997.699951171875,3995.5,3996.699951171875,34
1784489400000,3996.5,3998,3995.699951171875,3997.699951171875,60
1784489700000,3998,3998,3994.699951171875,3997.10009765625,83
1784490000000,3997.10009765625,3997.39990234375,3993.5,3996,171
1784490300000,3996.5,3997.39990234375,3993,3995.5,193
1784490600000,3995.5,4000.10009765625,3995.5,3996.89990234375,183
1784490900000,3997.39990234375,3999.60009765625,3997,3999.199951171875,84
1784491200000,3999.60009765625,3999.800048828125,3986.5,3991,877
1784491500000,3991.89990234375,3996.60009765625,3990.39990234375,3992.699951171875,315
1784491800000,3993,4003.10009765625,3991.5,4000,919
1784492100000,4000.10009765625,4004.800048828125,3997.800048828125,4004.199951171875,341
1784492400000,4003.699951171875,4010.10009765625,4003.60009765625,4006.300048828125,483
1784492700000,4006.699951171875,4009.699951171875,4005.5,4008.60009765625,156
1784493000000,4008.39990234375,4008.39990234375,4002.5,4006.800048828125,332
1784493300000,4006.89990234375,4011.800048828125,4004.39990234375,4004.60009765625,464
1784493600000,4004.199951171875,4008.199951171875,4002.39990234375,4002.89990234375,180
1784493900000,4003.5,4007.199951171875,4003.5,4004.10009765625,115
1784494200000,4004.10009765625,4006.5,4002.800048828125,4006.199951171875,93
1784494500000,4006.10009765625,4014.5,4004.699951171875,4013.699951171875,553
1784494800000,4013.5,4020.699951171875,4009.89990234375,4018.199951171875,1364
1784495100000,4018.699951171875,4021.5,4014.800048828125,4021.300048828125,536
1784495400000,4021.60009765625,4025.699951171875,4013.699951171875,4014.300048828125,897
1784495700000,4014.89990234375,4014.89990234375,4008.10009765625,4008.89990234375,446
1784496000000,4009.199951171875,4009.39990234375,4004.10009765625,4005.60009765625,698
1784496300000,4005.300048828125,4009.10009765625,4004.300048828125,4007.5,193
1784496600000,4007.300048828125,4010.39990234375,4007,4008.60009765625,179
1784496900000,4008.89990234375,4009.199951171875,4004.800048828125,4006.300048828125,166
1784497200000,4006.800048828125,4007.199951171875,4000.10009765625,4001.5,279
1784497500000,4001.60009765625,4008.5,4001.60009765625,4008.199951171875,229
1784497800000,4007.800048828125,4007.800048828125,4002.10009765625,4002.89990234375,160
1784498100000,4003.300048828125,4008.800048828125,4002.699951171875,4007,101
1784498400000,4007.300048828125,4014.699951171875,4006,4013.199951171875,408
1784498700000,4013.300048828125,4013.300048828125,4009.300048828125,4012.10009765625,257
1784499000000,4012.10009765625,4012.39990234375,4009.800048828125,4011.300048828125,115
1784499300000,4011.5,4011.60009765625,4008.800048828125,4009.300048828125,66
1784499600000,4009.5,4012.60009765625,4009.5,4011.89990234375,64
1784499900000,4012.39990234375,4013.39990234375,4010.699951171875,4011.5,78
1784500200000,4011.39990234375,4017.800048828125,4010.699951171875,4015.10009765625,263
1784500500000,4015,4019.199951171875,4015,4018.10009765625,194
1784500800000,4018,4021.10009765625,4014.300048828125,4019.800048828125,241
1784501100000,4019.60009765625,4034.199951171875,4019,4029.60009765625,1333
1784501400000,4029.699951171875,4031.699951171875,4025.800048828125,4027.699951171875,544
1784501700000,4028.10009765625,4028.89990234375,4026.10009765625,4027.10009765625,186
1784502000000,4026.699951171875,4027.5,4024.89990234375,4025.89990234375,190
1784502300000,4026.300048828125,4026.699951171875,4023.5,4025.300048828125,196
1784502600000,4025.199951171875,4029.10009765625,4025.199951171875,4029,135
1784502900000,4028.800048828125,4031.10009765625,4028,4030.300048828125,148
1784503200000,4030.10009765625,4031.699951171875,4029.5,4030.800048828125,144
1784503500000,4029.89990234375,4030.199951171875,4026.699951171875,4027.5,190
1784503800000,4027.60009765625,4029.89990234375,4024,4024.699951171875,242
1784504100000,4024.39990234375,4030.199951171875,4023.89990234375,4030.10009765625,288
1784504400000,4029.60009765625,4032.699951171875,4029.199951171875,4031.60009765625,124
1784504700000,4032.199951171875,4032.5,4030.89990234375,4031,62
1784505000000,4031,4032.39990234375,4029.39990234375,4029.5,89
1784505300000,4029.5,4029.5,4027.800048828125,4027.800048828125,80
1784505600000,4028.699951171875,4031.300048828125,4028.5,4030.199951171875,150
1784505900000,4030.39990234375,4031,4028.699951171875,4028.800048828125,58
1784506200000,4028.800048828125,4029.199951171875,4025.89990234375,4025.89990234375,78
1784506500000,4025.89990234375,4028.10009765625,4025.89990234375,4027.699951171875,80
1784506800000,4027.800048828125,4029,4025.89990234375,4025.89990234375,75
1784507100000,4026.10009765625,4029.89990234375,4026.10009765625,4029.800048828125,161
1784507400000,4029.800048828125,4029.800048828125,4026.60009765625,4028.10009765625,223
1784507700000,4028,4029,4026.89990234375,4028.699951171875,40
1784508000000,4027.89990234375,4028.10009765625,4027,4028,34
1784508300000,4027,4027.10009765625,4023.89990234375,4024,125
1784508600000,4024.699951171875,4026.199951171875,4023.60009765625,4025.300048828125,167
1784508900000,4025.300048828125,4026.5,4022.60009765625,4022.800048828125,101
1784509200000,4023.300048828125,4025.10009765625,4021,4022,153
1784509500000,4022,4023.39990234375,4019.5,4020.199951171875,206
1784509800000,4019.800048828125,4020,4015.89990234375,4018.199951171875,500
1784510100000,4018.5,4019.199951171875,4016.89990234375,4017.5,119
1784510400000,4017.199951171875,4017.199951171875,4015.199951171875,4016.199951171875,117
1784510700000,4015.89990234375,4017.199951171875,4013.60009765625,4014.5,202
1784511000000,4014.699951171875,4018.699951171875,4014.10009765625,4014.89990234375,299
1784511300000,4015.199951171875,4015.300048828125,4012,4014.300048828125,231
1784511600000,4014.89990234375,4016.699951171875,4013,4015,105
1784511900000,4013,4014.5,4009.5,4009.89990234375,182
1784512200000,4009.89990234375,4013.10009765625,4009.5,4011.89990234375,247
1784512500000,4011.60009765625,4014.699951171875,4011.300048828125,4012.300048828125,142
1784512800000,4012.39990234375,4015.800048828125,4012.39990234375,4014.5,255
1784513100000,4014.5,4015.89990234375,4011.10009765625,4013.800048828125,120
1784513400000,4013.800048828125,4014.10009765625,4011,4011.699951171875,82
1784513700000,4011.60009765625,4013.800048828125,4010.800048828125,4013.39990234375,129
1784514000000,4013.10009765625,4013.89990234375,4011,4012.60009765625,113
1784514300000,4012.39990234375,4012.89990234375,4008.10009765625,4009.89990234375,247
1784514600000,4009.10009765625,4010,4007,4008.89990234375,223
1784514900000,4009,4009.300048828125,4007.5,4009.300048828125,183
1784515200000,4008.699951171875,4011,4008.199951171875,4009,255
1784515500000,4009.10009765625,4011.89990234375,4009.10009765625,4010.60009765625,75
1784515800000,4011.39990234375,4011.5,4007.60009765625,4009.199951171875,146
1784516100000,4009.89990234375,4010,4007.5,4008.199951171875,75
1784516400000,4008,4010.89990234375,4006.5,4009.300048828125,282
1784516700000,4009.39990234375,4011.300048828125,4009.39990234375,4009.89990234375,146
1784517000000,4009.699951171875,4010.10009765625,4007.5,4008.5,170
1784517300000,4008.699951171875,4008.699951171875,4006.60009765625,4008.10009765625,153
1784517600000,4007.89990234375,4013.199951171875,4007.39990234375,4012.800048828125,264
1784517900000,4012.60009765625,4012.60009765625,4007.39990234375,4011.300048828125,391
1784518200000,4011.39990234375,4018.5,4011.300048828125,4017.60009765625,886
1784518500000,4018,4023,4017.60009765625,4021.300048828125,640
1784518800000,4021,4025.89990234375,4021,4025.89990234375,563
1784519100000,4026,4026.699951171875,4021,4022.39990234375,835
1784519400000,4022.39990234375,4023.39990234375,4020.699951171875,4022.10009765625,183
1784519700000,4022,4024,4021.60009765625,4022,295
1784520000000,4022.199951171875,4030.60009765625,4022.199951171875,4027.800048828125,603
1784520300000,4027.800048828125,4028,4023.5,4024.699951171875,160
1784520600000,4024.10009765625,4029.5,4023.89990234375,4029,286
1784520900000,4029,4033.10009765625,4028.5,4029.89990234375,500
1784521200000,4030.199951171875,4035.5,4028,4034.300048828125,506
1784521500000,4033.89990234375,4034.5,4026.800048828125,4027.10009765625,450
1784521800000,4026.699951171875,4027.10009765625,4023.60009765625,4026.39990234375,604
1784522100000,4026.199951171875,4029,4024.699951171875,4028.39990234375,445
1784522400000,4028.89990234375,4029.5,4026.300048828125,4026.300048828125,127
1784522700000,4026.5,4027.10009765625,4024.699951171875,4026.5,190
1784523000000,4026.60009765625,4026.89990234375,4021.800048828125,4023.39990234375,166
1784523300000,4023.5,4025,4022.699951171875,4023.300048828125,316
1784523600000,4023,4024.800048828125,4022.5,4022.60009765625,102
1784523900000,4022.89990234375,4024,4019.199951171875,4022.39990234375,284
1784524200000,4023,4025.300048828125,4022.800048828125,4023.39990234375,126
1784524500000,4023.60009765625,4026.199951171875,4023.5,4023.60009765625,77
1784524800000,4023.800048828125,4024.699951171875,4023.10009765625,4023.89990234375,110
1784525100000,4023.699951171875,4023.800048828125,4019.60009765625,4020.300048828125,227
1784525400000,4020.300048828125,4023.199951171875,4018.699951171875,4022.39990234375,407
1784525700000,4023,4024.800048828125,4022.199951171875,4024.39990234375,150
1784526000000,4024.300048828125,4025.39990234375,4023.5,4023.699951171875,84
1784526300000,4023.199951171875,4027.699951171875,4022,4027.39990234375,387
1784526600000,4027.5,4027.5,4023.5,4025.5,274
1784526900000,4025.39990234375,4025.39990234375,4023.199951171875,4025.300048828125,131
1784527200000,4025.800048828125,4026,4022.39990234375,4024.60009765625,230
1784527500000,4024.60009765625,4025.60009765625,4024.199951171875,4025,54
1784527800000,4024.39990234375,4026,4024.199951171875,4025.199951171875,57
1784528100000,4025.10009765625,4025.89990234375,4023.199951171875,4023.89990234375,138
1784528400000,4024.300048828125,4027.39990234375,4024.300048828125,4026,99
1784528700000,4025.699951171875,4027.89990234375,4025.60009765625,4026.699951171875,215
1784529000000,4026.300048828125,4029,4025.800048828125,4027.60009765625,152
1784529300000,4027.39990234375,4027.5,4025.800048828125,4026.800048828125,65
1784529600000,4026.800048828125,4027.5,4026.39990234375,4026.699951171875,117
1784529900000,4026.60009765625,4027.60009765625,4025.699951171875,4025.699951171875,48
1784530200000,4026,4030.39990234375,4025.60009765625,4029.60009765625,166
1784530500000,4029.5,4029.800048828125,4027,4029,261
1784530800000,4029,4032,4027.5,4029.199951171875,377
1784531100000,4029.199951171875,4030.300048828125,4027.39990234375,4027.39990234375,209
1784531400000,4027.60009765625,4027.60009765625,4024.39990234375,4027,184
1784531700000,4027,4028.5,4026.300048828125,4027.699951171875,196
1784532000000,4027.199951171875,4027.60009765625,4025.699951171875,4026,58
1784532300000,4025.800048828125,4028.199951171875,4024.5,4026.5,184
1784532600000,4026.5,4046,4025.89990234375,4041.800048828125,3687
1784532900000,4041.89990234375,4042.89990234375,4034,4037.39990234375,691
1784533200000,4037.39990234375,4038.5,4034.199951171875,4037.39990234375,397
1784533500000,4037.60009765625,4037.60009765625,4031.5,4032.60009765625,453
1784533800000,4032.39990234375,4033.5,4030.300048828125,4033,371
1784534100000,4032.39990234375,4033.300048828125,4029.89990234375,4030.5,148
1784534400000,4030,4030.199951171875,4016.5,4018.89990234375,1760
1784534700000,4019.199951171875,4021.89990234375,4016.89990234375,4020.5,557
1784535000000,4020.300048828125,4021.39990234375,4015.800048828125,4017,555
1784535300000,4016.60009765625,4019.199951171875,4012.800048828125,4017.60009765625,1273
1784535600000,4017.60009765625,4017.60009765625,4010.60009765625,4011.89990234375,1133
1784535900000,4011.699951171875,4017.5,4010.699951171875,4017,467
1784536200000,4017.10009765625,4018.39990234375,4015,4016.699951171875,675
1784536500000,4016.39990234375,4018.699951171875,4015.5,4015.5,323
1784536800000,4015.60009765625,4015.60009765625,4010.10009765625,4014.300048828125,855
1784537100000,4013.800048828125,4019.800048828125,4012.60009765625,4015.800048828125,1729
1784537400000,4015.699951171875,4015.89990234375,4012.89990234375,4012.89990234375,540
1784537700000,4013.5,4014.39990234375,4011.89990234375,4012,222
1784538000000,4012.199951171875,4017.89990234375,4011.800048828125,4016.300048828125,741
1784538300000,4016.39990234375,4017.10009765625,4012.199951171875,4012.60009765625,297
1784538600000,4012.5,4015,4011.89990234375,4012.5,371
1784538900000,4012.699951171875,4015.699951171875,4010.800048828125,4013.699951171875,364
1784539200000,4014.10009765625,4016.60009765625,4013.199951171875,4016.10009765625,341
1784539500000,4015.60009765625,4016.699951171875,4011.800048828125,4012.39990234375,423
1784539800000,4013.10009765625,4019.60009765625,4012.199951171875,4017.89990234375,664
1784540100000,4018.10009765625,4018.60009765625,4012.699951171875,4018.199951171875,547
1784540400000,4018.5,4021.60009765625,4016.60009765625,4017.199951171875,930
1784540700000,4017.300048828125,4017.60009765625,4013.199951171875,4014.89990234375,839
1784541000000,4015.10009765625,4017.5,4011,4013.89990234375,1150
1784541300000,4013.699951171875,4016.199951171875,4009.39990234375,4009.5,907
1784541600000,4009.39990234375,4011.89990234375,4005.300048828125,4008,2073
1784541900000,4008,4009.699951171875,4004.10009765625,4005,903
1784542200000,4004.699951171875,4006.199951171875,4001.60009765625,4002.89990234375,1089
1784542500000,4002.60009765625,4007.199951171875,4002.300048828125,4006.10009765625,812
1784542800000,4006,4007,4002,4007,496
1784543100000,4006.5,4010.699951171875,4006.5,4010.60009765625,550
1784543400000,4010.800048828125,4013.699951171875,4009.89990234375,4013.699951171875,934
1784543700000,4013.60009765625,4014.699951171875,4011,4013.60009765625,958
1784544000000,4013.800048828125,4015.199951171875,4011,4011.699951171875,663
1784544300000,4011.800048828125,4018.60009765625,4011,4017.39990234375,1057
1784544600000,4016.60009765625,4017.60009765625,4012.699951171875,4012.800048828125,714
1784544900000,4012.60009765625,4012.60009765625,4009.10009765625,4010.5,633
1784545200000,4010.39990234375,4015.199951171875,4008.699951171875,4013.699951171875,480
1784545500000,4013.89990234375,4023.89990234375,4011.199951171875,4023.60009765625,1655
1784545800000,4023.800048828125,4023.89990234375,4016.800048828125,4018.89990234375,1853
1784546100000,4018.699951171875,4019.89990234375,4015.300048828125,4016.5,574
1784546400000,4016.89990234375,4019.39990234375,4015.199951171875,4019.300048828125,519
1784546700000,4019.60009765625,4021.199951171875,4019.10009765625,4020.800048828125,602
1784547000000,4020.699951171875,4021.300048828125,4017,4018.10009765625,479
1784547300000,4017.5,4019,4014.60009765625,4015.800048828125,647
1784547600000,4015.39990234375,4017.199951171875,4014.39990234375,4017,247
1784547900000,4017.199951171875,4019.60009765625,4016.199951171875,4018.60009765625,235
1784548200000,4019.300048828125,4020.89990234375,4018.39990234375,4018.89990234375,340
1784548500000,4018.800048828125,4019.39990234375,4016.199951171875,4016.199951171875,346
1784548800000,4016.300048828125,4020.39990234375,4015.39990234375,4020.10009765625,397
1784549100000,4020.199951171875,4022.800048828125,4019.5,4021.800048828125,398
1784549400000,4021.89990234375,4022.5,4017.10009765625,4018.300048828125,393
1784549700000,4018.39990234375,4019,4016.60009765625,4016.800048828125,281
1784550000000,4017,4017.199951171875,4016.199951171875,4016.39990234375,122
1784550300000,4016.39990234375,4017.89990234375,4015.199951171875,4017,213
1784550600000,4016.800048828125,4017,4013.39990234375,4013.60009765625,300
1784550900000,4013.800048828125,4016.5,4013.800048828125,4016.39990234375,280
1784551200000,4016.300048828125,4016.89990234375,4005.199951171875,4013.800048828125,1633
1784551500000,4013.5,4014.199951171875,4010.89990234375,4013.10009765625,288
1784551800000,4012.699951171875,4013.699951171875,4010.39990234375,4012.10009765625,321
1784552100000,4012.10009765625,4014.60009765625,4011.60009765625,4013.89990234375,297
1784552400000,4013.89990234375,4016.39990234375,4013.89990234375,4015.300048828125,276
1784552700000,4015.10009765625,4016.199951171875,4014.199951171875,4015.699951171875,193
1784553000000,4015.89990234375,4016,4013.300048828125,4014.39990234375,193
1784553300000,4013.89990234375,4015.800048828125,4012.89990234375,4014.10009765625,228
1784553600000,4014.5,4017,4013.89990234375,4015.800048828125,260
1784553900000,4015.300048828125,4016.800048828125,4014.699951171875,4016.10009765625,3177
1784554200000,4016.199951171875,4017,4014.800048828125,4016.39990234375,182
1784554500000,4016.39990234375,4016.60009765625,4013.800048828125,4014.10009765625,164
1784554800000,4014.5,4014.699951171875,4011.60009765625,4012,290
1784555100000,4011.89990234375,4011.89990234375,4009.60009765625,4009.89990234375,414
1784555400000,4009.800048828125,4010,4007.89990234375,4008.89990234375,285
1784555700000,4009,4009.5,4007.800048828125,4009.199951171875,185
1784556000000,4009.39990234375,4013.300048828125,4009.300048828125,4011.60009765625,607
1784556300000,4011.60009765625,4014.300048828125,4011.60009765625,4014,128
1784556600000,4014.10009765625,4015.300048828125,4012.60009765625,4013.199951171875,205
1784556900000,4013.39990234375,4016.39990234375,4011.800048828125,4012.5,453
1784557200000,4012.60009765625,4013.10009765625,4007.699951171875,4009.199951171875,439
1784557500000,4008.89990234375,4011.800048828125,4008.89990234375,4011,130
1784557800000,4011.199951171875,4011.300048828125,4008.5,4008.800048828125,147
1784558100000,4009.60009765625,4011,4009.60009765625,4010.10009765625,136
1784558400000,4010.89990234375,4011.699951171875,4009.89990234375,4011,161
1784558700000,4010.699951171875,4012.800048828125,4009.5,4012.199951171875,137
1784559000000,4011.800048828125,4013,4011.10009765625,4012.199951171875,86
1784559300000,4011.800048828125,4012.10009765625,4010.199951171875,4012.10009765625,141
1784559600000,4011.5,4012.60009765625,4009.5,4010.60009765625,87
1784559900000,4010.199951171875,4011.199951171875,4009.60009765625,4011,52
1784560200000,4010.89990234375,4012,4008.699951171875,4009.5,59
1784560500000,4008.800048828125,4012.800048828125,4008.5,4012.800048828125,174
1784560800000,4012.800048828125,4014.89990234375,4012.699951171875,4012.699951171875,163
1784561100000,4012.39990234375,4017.5,4011.39990234375,4017.39990234375,431
1784561400000,4017.199951171875,4022.199951171875,4016.39990234375,4018.699951171875,563
1784561700000,4018.10009765625,4018.60009765625,4014,4014.89990234375,178
1784562000000,4014.800048828125,4015.39990234375,4009.300048828125,4010.300048828125,565
1784562300000,4010,4013.89990234375,4009.300048828125,4013.10009765625,333
1784562600000,4012.199951171875,4014.39990234375,4012,4013.39990234375,473
1784562900000,4013.39990234375,4013.39990234375,4009.800048828125,4010.699951171875,269
1784563200000,4011.10009765625,4013.300048828125,4010.5,4012.5,256
1784563500000,4012.199951171875,4013,4009.800048828125,4010,56
1784563800000,4010.199951171875,4012.300048828125,4009.89990234375,4011.60009765625,184
1784564100000,4011.5,4012.10009765625,4011,4011,62
1784564400000,4011.39990234375,4013.300048828125,4011.39990234375,4012.39990234375,67
1784564700000,4012.60009765625,4013.5,4012.10009765625,4012.10009765625,60
1784565000000,4012.60009765625,4013.10009765625,4011.300048828125,4013,91
1784565300000,4013.300048828125,4013.300048828125,4012.199951171875,4012.800048828125,23
1784565600000,4013.199951171875,4013.39990234375,4012.39990234375,4012.5,28
1784565900000,4012.60009765625,4012.800048828125,4011.60009765625,4011.699951171875,38
1784566200000,4012.199951171875,4013.10009765625,4011.199951171875,4012.199951171875,186
1784566500000,4012.699951171875,4013.10009765625,4008.39990234375,4011.800048828125,306
1784570400000,4013.39990234375,4014.699951171875,4012,4012,0
1784570700000,4011.5,4011.5,4009.300048828125,4009.800048828125,77
1784571000000,4010.800048828125,4011.5,4009.89990234375,4010.199951171875,36
1784571300000,4010.5,4011,4009.699951171875,4010.800048828125,42
1784571600000,4010.199951171875,4011.800048828125,4008.300048828125,4011.39990234375,401
1784571900000,4011.60009765625,4014.10009765625,4010.89990234375,4013.10009765625,224
1784572200000,4012.800048828125,4013.10009765625,4010.199951171875,4011.800048828125,263
1784572500000,4011.300048828125,4012.5,4009.10009765625,4011.39990234375,507
1784572800000,4011.39990234375,4011.5,4006.300048828125,4007.699951171875,370
1784573100000,4008.199951171875,4012.300048828125,4005.60009765625,4005.60009765625,183
1784573400000,4005.5,4006.89990234375,4003.39990234375,4004.10009765625,327
1784573700000,4004.800048828125,4006.199951171875,4003.300048828125,4004,529
1784574000000,4004.199951171875,4008.699951171875,4003.300048828125,4007.89990234375,247
1784574300000,4007.89990234375,4013.39990234375,4007.89990234375,4012.5,288
1784574600000,4012.300048828125,4012.300048828125,4004.10009765625,4007,437
1784574900000,4007.300048828125,4011.39990234375,4007.300048828125,4010.199951171875,152
1784575200000,4010.10009765625,4010.60009765625,4007.699951171875,4009.199951171875,108
1784575500000,4008.699951171875,4009.39990234375,4007.5,4007.89990234375,110
1784575800000,4007.89990234375,4012,4007.89990234375,4010.199951171875,150
1784576100000,4010.5,4011.800048828125,4008.800048828125,4009.39990234375,79
1784576400000,4009.699951171875,4013,4008.199951171875,4012,214
1784576700000,4011.699951171875,4012.300048828125,4008.39990234375,4011,124
1784577000000,4011.300048828125,4012.300048828125,4010.300048828125,4012.10009765625,35
1784577300000,4012.39990234375,4015.10009765625,4011.5,4014.39990234375,91
1784577600000,4014.5,4014.60009765625,4008.300048828125,4009.60009765625,217
1784577900000,4010.800048828125,4012.699951171875,4009.300048828125,4012,104
1784578200000,4012.5,4017.5,4011,4015,133
1784578500000,4015.800048828125,4020.60009765625,4012.5,4020.300048828125,253
1784578800000,4020.199951171875,4022,4017.199951171875,4022,180
1784579100000,4021.89990234375,4023,4019.10009765625,4019.60009765625,177
1784579400000,4018.800048828125,4022.5,4018.60009765625,4022.10009765625,227
1784579700000,4022,4026.60009765625,4021.10009765625,4023.699951171875,439
1784580000000,4023.10009765625,4029,4022.800048828125,4027,375
1784580300000,4027.5,4029.699951171875,4026.300048828125,4029.10009765625,144
1784580600000,4029.39990234375,4032,4028.10009765625,4029.5,224
1784580900000,4028.89990234375,4031,4028,4029.60009765625,175
1784581200000,4029.800048828125,4030.5,4022.5,4027.800048828125,680
1784581500000,4028.300048828125,4033.699951171875,4028.300048828125,4031.5,542
1784581800000,4032.39990234375,4034.699951171875,4030.89990234375,4033.5,571
1784582100000,4033.300048828125,4041,4031.60009765625,4039.10009765625,965
1784582400000,4038.60009765625,4038.60009765625,4030.699951171875,4032.300048828125,610
1784582700000,4032.300048828125,4036,4032,4032.89990234375,357
1784583000000,4033.39990234375,4035.39990234375,4031.39990234375,4034.699951171875,523
1784583300000,4035,4035,4027.199951171875,4028.10009765625,571
1784583600000,4028.199951171875,4030.800048828125,4027.800048828125,4028.5,263
1784583900000,4028.60009765625,4031,4026.699951171875,4029.699951171875,271
1784584200000,4030.199951171875,4032.300048828125,4028.89990234375,4032.10009765625,144
1784584500000,4031.800048828125,4031.800048828125,4025.39990234375,4027.60009765625,417
1784584800000,4027.5,4028.39990234375,4025.89990234375,4026.699951171875,167
1784585100000,4026.60009765625,4030.60009765625,4026.39990234375,4030,245
1784585400000,4030.300048828125,4030.60009765625,4027.5,4028.5,98
1784585700000,4028.199951171875,4029.699951171875,4026.10009765625,4026.800048828125,72
1784586000000,4027,4032.60009765625,4025.89990234375,4031.89990234375,306
1784586300000,4032.300048828125,4034.300048828125,4029.800048828125,4033.10009765625,175
1784586600000,4033.5,4036.699951171875,4032.199951171875,4035.10009765625,296
1784586900000,4034.800048828125,4049.800048828125,4034.39990234375,4042.10009765625,1780
1784587200000,4042.10009765625,4045,4039.60009765625,4039.89990234375,372
1784587500000,4040.199951171875,4041.10009765625,4038.199951171875,4038.5,132
1784587800000,4038.800048828125,4039.699951171875,4035.5,4037.5,228
1784588100000,4037.60009765625,4042.800048828125,4037.5,4042.699951171875,280
1784588400000,4042.300048828125,4046.800048828125,4042.199951171875,4045.300048828125,405
1784588700000,4045.10009765625,4046.60009765625,4042.699951171875,4045.39990234375,252
1784589000000,4045.60009765625,4046.199951171875,4042.39990234375,4043.10009765625,198
1784589300000,4042.300048828125,4043.39990234375,4041.300048828125,4041.89990234375,92
1784589600000,4041.699951171875,4046.60009765625,4041.5,4046.60009765625,165
1784589900000,4047,4057.199951171875,4046.10009765625,4052,1104
1784590200000,4052.10009765625,4054,4048.800048828125,4049.199951171875,290
1784590500000,4049.60009765625,4049.60009765625,4047.39990234375,4048.60009765625,181
1784590800000,4048.60009765625,4049.10009765625,4046.699951171875,4046.800048828125,103
1784591100000,4046.89990234375,4050.39990234375,4046.5,4050.10009765625,174
1784591400000,4050.39990234375,4051.39990234375,4049.300048828125,4050.39990234375,102
1784591700000,4050.10009765625,4051.89990234375,4050,4050.89990234375,112
1784592000000,4051.699951171875,4054.89990234375,4051.5,4052.800048828125,282
1784592300000,4052.39990234375,4056.60009765625,4051.800048828125,4053.300048828125,383
1784592600000,4052.89990234375,4053,4050.300048828125,4050.699951171875,197
1784592900000,4050.800048828125,4051.199951171875,4048.39990234375,4048.89990234375,147
1784593200000,4048.89990234375,4051.39990234375,4048.89990234375,4049.60009765625,124
1784593500000,4049.800048828125,4049.800048828125,4048.39990234375,4049.5,91
1784593800000,4049.5,4050.699951171875,4049,4050.5,65
1784594100000,4050.5,4051.5,4049.89990234375,4050.89990234375,98
1784594400000,4051.10009765625,4052.5,4049.800048828125,4051.89990234375,92
1784594700000,4051.699951171875,4052.5,4050.39990234375,4051,112
1784595000000,4051.300048828125,4052.199951171875,4050.199951171875,4051.89990234375,102
1784595300000,4051.89990234375,4054.60009765625,4051.10009765625,4054.300048828125,139
1784595600000,4054.10009765625,4055.39990234375,4053.199951171875,4053.300048828125,136
1784595900000,4053.300048828125,4055.199951171875,4051.10009765625,4055,250
1784596200000,4055.10009765625,4057,4053,4056.300048828125,371
1784596500000,4056.60009765625,4058.699951171875,4053.699951171875,4055.5,259
1784596800000,4055.10009765625,4056.5,4052.800048828125,4056,200
1784597100000,4056.10009765625,4061.5,4055.89990234375,4058.89990234375,520
1784597400000,4059.699951171875,4066,4059.5,4064.60009765625,703
1784597700000,4064.39990234375,4067,4063.800048828125,4066,548
1784598000000,4066.39990234375,4071.60009765625,4065.300048828125,4070.89990234375,1800
1784598300000,4071,4072.800048828125,4068.699951171875,4070.89990234375,860
1784598600000,4070.699951171875,4071.300048828125,4066.89990234375,4067.699951171875,510
1784598900000,4067.5,4069.5,4065.60009765625,4066,195
1784599200000,4066,4071.199951171875,4066,4069.5,576
1784599500000,4069.800048828125,4072.10009765625,4068.300048828125,4072,358
1784599800000,4072.199951171875,4077.10009765625,4071.300048828125,4075.699951171875,775
1784600100000,4076,4077.10009765625,4072.60009765625,4076,480
1784600400000,4076.5,4079,4074.199951171875,4077.699951171875,355
1784600700000,4077.699951171875,4078.60009765625,4075.5,4076.89990234375,325
1784601000000,4077.10009765625,4079.300048828125,4076.199951171875,4077,305
1784601300000,4077,4080.5,4077,4079,2414
1784601600000,4078.60009765625,4085.10009765625,4078.39990234375,4081.60009765625,1068
1784601900000,4082,4088.39990234375,4082,4087.39990234375,576
1784602200000,4087.39990234375,4087.5,4083.60009765625,4084.39990234375,317
1784602500000,4084.5,4085,4082.800048828125,4083,298
1784602800000,4083.300048828125,4084.800048828125,4081.60009765625,4082.10009765625,502
1784603100000,4082.199951171875,4082.60009765625,4079,4079.199951171875,544
1784603400000,4079.300048828125,4079.699951171875,4076,4076.39990234375,606
1784603700000,4076.60009765625,4078,4075.5,4078,455
1784604000000,4077.60009765625,4077.699951171875,4075.10009765625,4075.300048828125,366
1784604300000,4075.300048828125,4075.60009765625,4072.60009765625,4074.10009765625,405
1784604600000,4073.89990234375,4078.10009765625,4072.10009765625,4077.699951171875,446
1784604900000,4078,4079.89990234375,4077,4077.5,387
1784605200000,4077.5,4078.699951171875,4075.800048828125,4075.800048828125,182
1784605500000,4076.10009765625,4076.89990234375,4074.60009765625,4075.89990234375,931
1784605800000,4076.10009765625,4076.60009765625,4075,4075,282
1784606100000,4074.800048828125,4076.199951171875,4074.199951171875,4075.699951171875,318
1784606400000,4075.60009765625,4076.89990234375,4070.5,4070.60009765625,655
1784606700000,4071.10009765625,4074.300048828125,4070.10009765625,4071.39990234375,375
1784607000000,4071.10009765625,4072.800048828125,4070.60009765625,4072.5,114
1784607300000,4072.39990234375,4073.300048828125,4070.5,4071.5,327
1784607600000,4071.199951171875,4071.199951171875,4067.5,4068.60009765625,348
1784607900000,4068.39990234375,4069.10009765625,4067.300048828125,4067.89990234375,189
1784608200000,4067.699951171875,4069.699951171875,4066.300048828125,4067.199951171875,485
1784608500000,4067,4068,4065.39990234375,4066.800048828125,196
1784608800000,4066.800048828125,4068.800048828125,4066.39990234375,4066.699951171875,182
1784609100000,4066.800048828125,4066.89990234375,4063.60009765625,4064.39990234375,1333
1784609400000,4064.5,4068,4063.60009765625,4065.5,664
1784609700000,4065.60009765625,4068,4064.60009765625,4067.39990234375,194
1784610000000,4067.699951171875,4071.5,4067.699951171875,4070.699951171875,1084
1784610300000,4070.5,4071.300048828125,4068.5,4070.60009765625,567
1784610600000,4070.800048828125,4070.800048828125,4069.39990234375,4069.699951171875,117
1784610900000,4069.699951171875,4071.5,4069.300048828125,4071.10009765625,246
1784611200000,4071,4072.800048828125,4069.60009765625,4071.39990234375,360
1784611500000,4071.300048828125,4072.800048828125,4066.699951171875,4067.300048828125,384
1784611800000,4067.39990234375,4070,4066.10009765625,4067.699951171875,644
1784612100000,4067.5,4068.5,4066.300048828125,4067,509
1784612400000,4067.300048828125,4067.39990234375,4065.39990234375,4067,307
1784612700000,4066.800048828125,4071.699951171875,4066.5,4070.800048828125,670
1784613000000,4070.800048828125,4074.39990234375,4069.10009765625,4073.5,466
1784613300000,4073.300048828125,4073.60009765625,4070.10009765625,4070.199951171875,323
1784613600000,4070.5,4072.5,4067.89990234375,4068.39990234375,432
1784613900000,4068.5,4068.699951171875,4065.800048828125,4066.10009765625,259
1784614200000,4065.89990234375,4073,4065.10009765625,4070.89990234375,393
1784614500000,4071,4072.800048828125,4069.199951171875,4072.10009765625,325
1784614800000,4072.10009765625,4073.699951171875,4071.60009765625,4071.800048828125,216
1784615100000,4071.800048828125,4074,4070.89990234375,4071.699951171875,188
1784615400000,4071.60009765625,4073.300048828125,4070.800048828125,4073.300048828125,117
1784615700000,4072.699951171875,4074.800048828125,4072.5,4073.60009765625,161
1784616000000,4073.300048828125,4073.300048828125,4071.300048828125,4071.699951171875,116
1784616300000,4071.60009765625,4073.199951171875,4067.300048828125,4067.5,1514
1784616600000,4067.800048828125,4071,4067.39990234375,4069.5,233
1784616900000,4069.199951171875,4069.60009765625,4067,4067.300048828125,317
1784617200000,4067.699951171875,4068.300048828125,4060.699951171875,4061.10009765625,949
1784617500000,4061.300048828125,4063.60009765625,4059.89990234375,4060.60009765625,333
1784617800000,4060.60009765625,4063.699951171875,4060.60009765625,4063.199951171875,169
1784618100000,4062.800048828125,4064.10009765625,4062.39990234375,4062.39990234375,157
1784618400000,4062.39990234375,4063.800048828125,4060.699951171875,4063.800048828125,144
1784618700000,4063.800048828125,4064.699951171875,4061.699951171875,4062.60009765625,257
1784619000000,4062.800048828125,4064.10009765625,4061.800048828125,4063.60009765625,129
1784619300000,4063.5,4066.300048828125,4063.5,4064.60009765625,366
1784619600000,4064.699951171875,4064.699951171875,4060.199951171875,4060.60009765625,251
1784619900000,4060.60009765625,4062.800048828125,4058.89990234375,4062.800048828125,456
1784620200000,4062.39990234375,4063.5,4060.199951171875,4060.699951171875,91
1784620500000,4061.300048828125,4061.5,4059.300048828125,4060.60009765625,105
1784620800000,4060.5,4063.300048828125,4060.300048828125,4062.800048828125,276
1784621100000,4063,4065.699951171875,4062.800048828125,4062.89990234375,307
1784621400000,4062.800048828125,4064.199951171875,4060.89990234375,4063.800048828125,260
1784621700000,4064,4065,4060.5,4063.60009765625,297
1784622000000,4063.5,4070.39990234375,4062.10009765625,4069.699951171875,1059
1784622300000,4069.60009765625,4069.800048828125,4065.10009765625,4066,634
1784622600000,4066.300048828125,4068.199951171875,4063.39990234375,4063.699951171875,649
1784622900000,4064,4064,4058,4059.39990234375,717
1784623200000,4059.300048828125,4060.5,4055,4058,1224
1784623500000,4057.89990234375,4066.199951171875,4057.800048828125,4064.199951171875,887
1784623800000,4064.199951171875,4064.199951171875,4059.5,4059.89990234375,380
1784624100000,4059.89990234375,4060.300048828125,4057.10009765625,4058,551
1784624400000,4058.300048828125,4064.800048828125,4058.300048828125,4060.89990234375,765
1784624700000,4061.39990234375,4064.699951171875,4061.199951171875,4061.89990234375,312
1784625000000,4061.5,4064.5,4060.89990234375,4063.60009765625,679
1784625300000,4063.699951171875,4066.10009765625,4058.699951171875,4059.60009765625,763
1784625600000,4060.10009765625,4061.5,4055.800048828125,4056.60009765625,421
1784625900000,4057,4058.60009765625,4054.300048828125,4055.199951171875,702
1784626200000,4055.5,4061.5,4051.199951171875,4060,1860
1784626500000,4059.800048828125,4061.699951171875,4055.10009765625,4056.800048828125,656
1784626800000,4057.10009765625,4057.89990234375,4048.60009765625,4050.39990234375,1309
1784627100000,4050.199951171875,4055,4048.39990234375,4054.10009765625,888
1784627400000,4054.300048828125,4057.10009765625,4050.300048828125,4056.89990234375,546
1784627700000,4056.199951171875,4057.699951171875,4053.89990234375,4057.199951171875,385
1784628000000,4057.5,4061.199951171875,4055.39990234375,4060.800048828125,1189
1784628300000,4060.699951171875,4063.800048828125,4058.89990234375,4059.300048828125,764
1784628600000,4059.300048828125,4070.800048828125,4059.199951171875,4070.300048828125,1690
1784628900000,4070.5,4072.89990234375,4065.89990234375,4068.60009765625,1325
1784629200000,4068.699951171875,4070,4065.699951171875,4069.800048828125,786
1784629500000,4069.60009765625,4074.10009765625,4068.800048828125,4074.10009765625,958
1784629800000,4074,4079.10009765625,4071.300048828125,4071.300048828125,2039
1784630100000,4071.5,4072,4066.800048828125,4069.300048828125,661
1784630400000,4069.199951171875,4072.699951171875,4067.199951171875,4072,557
1784630700000,4072.300048828125,4075.300048828125,4070.699951171875,4074.300048828125,1181
1784631000000,4074.5,4075.300048828125,4070.800048828125,4073.699951171875,638
1784631300000,4074,4075,4071.199951171875,4072.89990234375,912
1784631600000,4072.5,4075.5,4072.10009765625,4072.300048828125,481
1784631900000,4072,4074.89990234375,4069.800048828125,4073.5,625
1784632200000,4073.39990234375,4078.300048828125,4073.199951171875,4077.800048828125,691
1784632500000,4077.89990234375,4083.300048828125,4077.89990234375,4081.60009765625,1683
1784632800000,4081,4083.800048828125,4079.89990234375,4083,878
1784633100000,4082.800048828125,4083,4080.199951171875,4081.39990234375,464
1784633400000,4080.89990234375,4087.199951171875,4080.60009765625,4085.60009765625,1152
1784633700000,4085.39990234375,4088,4083.39990234375,4084.800048828125,677
1784634000000,4084.39990234375,4085,4079.699951171875,4080.199951171875,611
1784634300000,4080.39990234375,4080.39990234375,4075.800048828125,4077.39990234375,716
1784634600000,4077.300048828125,4082.5,4077.300048828125,4081,647
1784634900000,4080.800048828125,4080.89990234375,4077.800048828125,4078.60009765625,805
1784635200000,4078.5,4082.199951171875,4077.39990234375,4081.800048828125,364
1784635500000,4082.10009765625,4082.5,4080.800048828125,4081.5,225
1784635800000,4081.300048828125,4083.5,4080.60009765625,4082.5,342
1784636100000,4082.60009765625,4082.800048828125,4080.800048828125,4081.699951171875,573
1784636400000,4081.5,4082.300048828125,4080.199951171875,4082.10009765625,194
1784636700000,4081.89990234375,4082.300048828125,4078.10009765625,4080,621
1784637000000,4079.800048828125,4080.5,4079.10009765625,4080.199951171875,277
1784637300000,4080.199951171875,4080.199951171875,4075.300048828125,4078.699951171875,644
1784637600000,4078.5,4079.5,4075.5,4076.199951171875,364
1784637900000,4076.300048828125,4077,4074.10009765625,4076.5,386
1784638200000,4076.39990234375,4077.5,4076,4077.199951171875,185
1784638500000,4077.300048828125,4077.5,4075.300048828125,4075.89990234375,201
1784638800000,4076,4076.39990234375,4073.60009765625,4074.5,247
1784639100000,4074.699951171875,4076.89990234375,4074.10009765625,4075.89990234375,315
1784639400000,4075.800048828125,4076.89990234375,4074.300048828125,4074.800048828125,202
1784639700000,4074.699951171875,4075.300048828125,4073.300048828125,4073.39990234375,317
1784640000000,4073.60009765625,4076.300048828125,4073.60009765625,4075.800048828125,182
1784640300000,4075.60009765625,4077.199951171875,4075.39990234375,4076.699951171875,887
1784640600000,4076.699951171875,4076.699951171875,4074.10009765625,4074.699951171875,667
1784640900000,4074.60009765625,4074.60009765625,4073.39990234375,4073.89990234375,114
1784641200000,4073.5,4073.800048828125,4071.199951171875,4072.60009765625,300
1784641500000,4072.39990234375,4072.800048828125,4071,4071.300048828125,164
1784641800000,4071.39990234375,4072.300048828125,4071.199951171875,4072.10009765625,72
1784642100000,4071.89990234375,4073,4071,4073,121
1784642400000,4072.89990234375,4074.300048828125,4072.10009765625,4072.199951171875,176
1784642700000,4072.199951171875,4076.300048828125,4071.89990234375,4076.10009765625,159
1784643000000,4075.89990234375,4076.5,4075.39990234375,4075.800048828125,124
1784643300000,4075.5,4078.199951171875,4075.39990234375,4077.5,166
1784643600000,4077.300048828125,4086.199951171875,4076.60009765625,4085.89990234375,1149
1784643900000,4085.60009765625,4092.5,4085.5,4088.699951171875,1577
1784644200000,4088.60009765625,4090.39990234375,4085.800048828125,4089.199951171875,590
1784644500000,4089.300048828125,4090.10009765625,4085.89990234375,4087.199951171875,195
1784644800000,4087.39990234375,4088.39990234375,4086.300048828125,4087.300048828125,251
1784645100000,4086.89990234375,4087.39990234375,4084.699951171875,4085.300048828125,225
1784645400000,4085.5,4086.300048828125,4083.89990234375,4085.699951171875,307
1784645700000,4086,4087.89990234375,4085.699951171875,4087,229
1784646000000,4087,4090,4087,4088.89990234375,204
1784646300000,4088.699951171875,4090.300048828125,4085.800048828125,4085.89990234375,203
1784646600000,4086,4086.39990234375,4084.699951171875,4085.300048828125,159
1784646900000,4086,4088.60009765625,4085.800048828125,4088.10009765625,178
1784647200000,4088.300048828125,4088.89990234375,4086.89990234375,4088.10009765625,113
1784647500000,4088.10009765625,4089.699951171875,4088.10009765625,4088.60009765625,183
1784647800000,4088.800048828125,4089.60009765625,4087.39990234375,4087.699951171875,215
1784648100000,4087.89990234375,4087.89990234375,4086.199951171875,4086.699951171875,255
1784648400000,4086.699951171875,4088.60009765625,4086.5,4087.5,121
1784648700000,4087.199951171875,4089.39990234375,4086.89990234375,4088.800048828125,235
1784649000000,4088.5,4089.5,4087.5,4088.39990234375,230
1784649300000,4088.39990234375,4089.60009765625,4087.39990234375,4088.60009765625,533
1784649600000,4088.60009765625,4090.89990234375,4087.5,4088.800048828125,392
1784649900000,4088.699951171875,4090.39990234375,4088,4089.60009765625,102
1784650200000,4089.5,4089.60009765625,4087.800048828125,4088.800048828125,126
1784650500000,4088.699951171875,4088.89990234375,4087.300048828125,4088.39990234375,152
1784650800000,4088,4088.10009765625,4085.89990234375,4087.300048828125,145
1784651100000,4087.300048828125,4087.300048828125,4086.10009765625,4086.89990234375,76
1784651400000,4087.10009765625,4089.800048828125,4087.10009765625,4087.5,153
1784651700000,4087.60009765625,4087.800048828125,4086.10009765625,4086.199951171875,113
1784652000000,4086.39990234375,4086.39990234375,4084,4085.39990234375,226
1784652300000,4085.10009765625,4085.39990234375,4081.89990234375,4082.60009765625,280
1784652600000,4082.5,4083.5,4081.800048828125,4082.199951171875,121
1784652900000,4081.89990234375,4082.39990234375,4080.89990234375,4082.199951171875,111
1784656800000,4084.699951171875,4085.89990234375,4082,4082.60009765625,0
1784657100000,4083,4083.699951171875,4081,4081.89990234375,89
1784657400000,4082,4083.199951171875,4081.300048828125,4083.199951171875,54
1784657700000,4083,4084.89990234375,4082.39990234375,4084.300048828125,118
1784658000000,4084.300048828125,4086.300048828125,4084.300048828125,4084.800048828125,72
1784658300000,4084.800048828125,4087.39990234375,4084.699951171875,4086.699951171875,146
1784658600000,4086.60009765625,4088.800048828125,4086.5,4087.39990234375,251
1784658900000,4087.5,4089,4086.300048828125,4088.39990234375,68
1784659200000,4087.699951171875,4089,4087.39990234375,4087.89990234375,270
1784659500000,4088.10009765625,4088.300048828125,4084.89990234375,4085,210
1784659800000,4085.199951171875,4085.800048828125,4082,4083.89990234375,290
1784660100000,4084,4085.300048828125,4084,4084.60009765625,100
1784660400000,4084.39990234375,4085.39990234375,4083.300048828125,4084.39990234375,157
1784660700000,4084.60009765625,4086.10009765625,4084.10009765625,4085.39990234375,69
1784661000000,4085.39990234375,4086.199951171875,4084.39990234375,4085.39990234375,40
1784661300000,4085.699951171875,4086.800048828125,4085,4086.39990234375,34
1784661600000,4086.699951171875,4086.800048828125,4085.10009765625,4086.199951171875,15
1784661900000,4086.300048828125,4086.699951171875,4085.199951171875,4085.199951171875,33
1784662200000,4085.300048828125,4085.89990234375,4084.699951171875,4084.89990234375,46
1784662500000,4085,4086.5,4084.699951171875,4086.10009765625,51
1784662800000,4086.10009765625,4086.699951171875,4083.39990234375,4084.89990234375,125
1784663100000,4084.699951171875,4087.39990234375,4083.89990234375,4085.60009765625,141
1784663400000,4085.39990234375,4085.60009765625,4084.800048828125,4085.199951171875,24
1784663700000,4085.199951171875,4085.60009765625,4083.39990234375,4085.199951171875,21
1784664000000,4085.5,4087.39990234375,4081.10009765625,4087.199951171875,271
1784664300000,4087.199951171875,4094.89990234375,4085.800048828125,4092.699951171875,708
1784664600000,4092.39990234375,4097.2998046875,4092.39990234375,4096.2998046875,492
1784664900000,4097.2001953125,4102.89990234375,4097.10009765625,4100.10009765625,723
1784665200000,4100.2998046875,4102.5,4097.60009765625,4101.7998046875,392
1784665500000,4102.2001953125,4103.60009765625,4101.2001953125,4103,297
1784665800000,4103,4107.5,4094.89990234375,4096.39990234375,1104
1784666100000,4096.10009765625,4102,4094.199951171875,4099.60009765625,357
1784666400000,4099.10009765625,4099.7001953125,4096.39990234375,4097.2998046875,353
1784666700000,4097.5,4104.2998046875,4096,4101.2998046875,347
1784667000000,4101,4101.89990234375,4098.2001953125,4098.7001953125,164
1784667300000,4098,4102.10009765625,4097.39990234375,4101.60009765625,237
1784667600000,4102.2998046875,4118,4100.7998046875,4115.10009765625,1693
1784667900000,4114.89990234375,4122.2001953125,4114.60009765625,4120.60009765625,1339
1784668200000,4120.10009765625,4126.10009765625,4118.2998046875,4125.5,982
1784668500000,4125.7001953125,4126.5,4116.39990234375,4117.5,811
1784668800000,4117,4120.5,4116,4116.7001953125,291
1784669100000,4116.60009765625,4121.2001953125,4116.60009765625,4120.2998046875,220
1784669400000,4119.39990234375,4121.5,4117.2998046875,4121.39990234375,294
1784669700000,4121,4126.2998046875,4119.2001953125,4124.10009765625,649
1784670000000,4124.2998046875,4127.39990234375,4122.39990234375,4125.89990234375,283
1784670300000,4126.2998046875,4128.39990234375,4123.2998046875,4124.10009765625,322
1784670600000,4123.89990234375,4125.7001953125,4123,4124.7001953125,170
1784670900000,4124,4127.2998046875,4121.7998046875,4126,376
1784671200000,4126.39990234375,4127.2998046875,4123.7998046875,4126,240
1784671500000,4126.2998046875,4126.2998046875,4123.10009765625,4125.7998046875,186
1784671800000,4125.39990234375,4128.10009765625,4124.7998046875,4126.2998046875,144
1784672100000,4126.2998046875,4129.7001953125,4124,4125.2001953125,247
1784672400000,4125,4130.10009765625,4124.89990234375,4129.2001953125,269
1784672700000,4129.39990234375,4130.5,4128.2998046875,4128.7998046875,115
1784673000000,4128.7998046875,4134.7998046875,4126.60009765625,4134.60009765625,808
1784673300000,4134.7001953125,4134.7001953125,4128.2001953125,4129.2998046875,539
1784673600000,4129.2998046875,4133.60009765625,4128.7001953125,4133,358
1784673900000,4132.7001953125,4135.2998046875,4132.10009765625,4132.60009765625,489
1784674200000,4132.60009765625,4133.60009765625,4130.7001953125,4132.7001953125,199
1784674500000,4133,4135,4131,4134.7001953125,197
1784674800000,4134.7998046875,4138,4133.60009765625,4138,680
1784675100000,4138,4145,4136.7998046875,4142,1554
1784675400000,4142,4142.7998046875,4139.5,4141.7998046875,318
1784675700000,4141.60009765625,4144.2001953125,4141.2001953125,4143.39990234375,233
1784676000000,4143,4146,4142.60009765625,4143.2001953125,961
1784676300000,4143.5,4144.2998046875,4141.5,4142.7998046875,307
1784676600000,4142.39990234375,4142.39990234375,4138.7998046875,4139.5,367
1784676900000,4139.60009765625,4140,4136.7998046875,4138.2998046875,319
1784677200000,4137.60009765625,4138.7001953125,4136.7998046875,4138.10009765625,201
1784677500000,4138.10009765625,4138.7001953125,4136.7001953125,4137.2998046875,122
1784677800000,4136.7001953125,4137.2001953125,4135.10009765625,4135.39990234375,163
1784678100000,4135.5,4136.2001953125,4134.60009765625,4135.5,195
1784678400000,4135.10009765625,4135.60009765625,4131.2998046875,4132.7998046875,618
1784678700000,4133.39990234375,4135.2001953125,4132.39990234375,4132.7001953125,134
1784679000000,4132.89990234375,4133.2998046875,4131,4131.7001953125,210
1784679300000,4131.7998046875,4134.2998046875,4131.7998046875,4133,133
1784679600000,4132.5,4134.2001953125,4132.10009765625,4133.5,174
1784679900000,4133.2998046875,4133.60009765625,4132.2998046875,4133.60009765625,116
1784680200000,4133.7001953125,4133.7998046875,4129.39990234375,4131.2001953125,336
1784680500000,4131.2001953125,4131.7001953125,4129.5,4130.89990234375,218
1784680800000,4131.39990234375,4132.2001953125,4131.10009765625,4131.89990234375,122
1784681100000,4131.7001953125,4131.7998046875,4130,4130.89990234375,114
1784681400000,4130.7001953125,4131.5,4129.7998046875,4130.60009765625,106
1784681700000,4130.60009765625,4132,4130.10009765625,4131.7998046875,72
1784682000000,4131.60009765625,4134,4130.60009765625,4133,145
1784682300000,4133,4133.7998046875,4131.2001953125,4131.7998046875,158
1784682600000,4132,4134.7001953125,4131.60009765625,4133.2001953125,180
1784682900000,4133.5,4133.5,4127.60009765625,4128.5,663
1784683200000,4128.5,4129.2998046875,4127.7998046875,4128.7998046875,112
1784683500000,4129.2001953125,4131,4128.10009765625,4128.2998046875,200
1784683800000,4127.7998046875,4133.2001953125,4127.5,4132,464
1784684100000,4132.2998046875,4138.60009765625,4132,4137,472
1784684400000,4137.10009765625,4137.7001953125,4134.60009765625,4136.89990234375,283
1784684700000,4136.7001953125,4136.7001953125,4134.7998046875,4136.2001953125,165
1784685000000,4135.89990234375,4137.89990234375,4133.60009765625,4133.60009765625,263
1784685300000,4134.2998046875,4136,4132.39990234375,4135.5,226
1784685600000,4135.39990234375,4140,4135.2998046875,4138.7998046875,405
1784685900000,4138.5,4138.5,4134.7998046875,4135.10009765625,395
1784686200000,4135.2001953125,4136.7998046875,4133.7001953125,4134,150
1784686500000,4134.2001953125,4136.5,4133.5,4134.7998046875,290
1784686800000,4135,4135.2998046875,4128.7001953125,4129.5,468
1784687100000,4129.39990234375,4129.39990234375,4118.2001953125,4121.7001953125,1290
1784687400000,4122.2001953125,4123.60009765625,4118.89990234375,4123.5,431
1784687700000,4123.7998046875,4124.7001953125,4120.60009765625,4121.10009765625,319
1784688000000,4121.5,4124.39990234375,4121.2001953125,4122.89990234375,195
1784688300000,4122.7998046875,4124.89990234375,4121,4121.60009765625,380
1784688600000,4121.5,4121.5,4118.2001953125,4121,2003
1784688900000,4120.5,4121.10009765625,4117.7998046875,4121,275
1784689200000,4120.7998046875,4121.60009765625,4116.10009765625,4116.89990234375,588
1784689500000,4117.2001953125,4119.60009765625,4116.60009765625,4117.7001953125,640
1784689800000,4117.60009765625,4120.7998046875,4116.7998046875,4120.5,397
1784690100000,4120.39990234375,4123.89990234375,4120.2998046875,4123.2998046875,393
1784690400000,4123.39990234375,4126.89990234375,4122.2998046875,4122.2998046875,579
1784690700000,4122.2998046875,4124.2998046875,4122,4124,161
1784691000000,4124.2001953125,4127.39990234375,4122.5,4122.7001953125,251
1784691300000,4122.2998046875,4122.89990234375,4119.39990234375,4119.60009765625,318
1784691600000,4119.2998046875,4119.7001953125,4115.39990234375,4116.5,473
1784691900000,4116.60009765625,4118.10009765625,4114.10009765625,4114.2998046875,566
1784692200000,4114.60009765625,4118.2001953125,4114,4118,178
1784692500000,4118.39990234375,4118.39990234375,4113.2998046875,4114.60009765625,265
1784692800000,4115,4119.5,4114.7998046875,4119.2998046875,349
1784693100000,4119.2001953125,4120.7998046875,4118,4118.7001953125,218
1784693400000,4119.2998046875,4120.2001953125,4116.60009765625,4118.89990234375,228
1784693700000,4119.2001953125,4120,4117.7998046875,4119,234
1784694000000,4119.60009765625,4122.2998046875,4119.2001953125,4121.2001953125,252
1784694300000,4121.39990234375,4122.10009765625,4119.7998046875,4121.7998046875,134
1784694600000,4121.7998046875,4123.7998046875,4120.7998046875,4122.39990234375,255
1784694900000,4123,4123.10009765625,4121,4121.10009765625,173
1784695200000,4121.2001953125,4121.7001953125,4118.5,4118.7998046875,302
1784695500000,4119.10009765625,4120.7998046875,4117.7001953125,4118.7998046875,144
1784695800000,4118.89990234375,4122,4118.2998046875,4121.7998046875,189
1784696100000,4122.2001953125,4124.39990234375,4121.7998046875,4122.2998046875,270
1784696400000,4122.60009765625,4125,4122.10009765625,4124,210
1784696700000,4124,4126.5,4122.2001953125,4124.2001953125,400
1784697000000,4124,4126.5,4123.7001953125,4125.7998046875,176
1784697300000,4126.10009765625,4126.39990234375,4123.89990234375,4126.2001953125,284
1784697600000,4126.2001953125,4126.60009765625,4123.5,4124.89990234375,432
1784697900000,4125.2998046875,4125.2998046875,4121.7001953125,4122.60009765625,409
1784698200000,4122.89990234375,4125.7998046875,4120.5,4121.5,638
1784698500000,4121.5,4123,4118.39990234375,4118.7998046875,335
1784698800000,4118.60009765625,4123.2001953125,4118.60009765625,4120.5,198
1784699100000,4120.39990234375,4121.7001953125,4119.89990234375,4121.10009765625,123
1784699400000,4121.2998046875,4121.89990234375,4117.5,4119.39990234375,195
1784699700000,4119.60009765625,4122.2001953125,4118.60009765625,4118.7998046875,315
1784700000000,4119.2001953125,4124.7998046875,4119.2001953125,4120.7001953125,500
1784700300000,4120.60009765625,4122.39990234375,4120.5,4120.60009765625,78
1784700600000,4120.7001953125,4122.5,4120.7001953125,4121.7998046875,99
1784700900000,4122,4123.39990234375,4120.60009765625,4122.2001953125,229
1784701200000,4122,4126,4121.7998046875,4125.5,164
1784701500000,4126,4126.10009765625,4123.2001953125,4123.5,98
1784701800000,4123.5,4124.10009765625,4122.10009765625,4123.2001953125,96
1784702100000,4123.2998046875,4123.2998046875,4120.7998046875,4121.10009765625,157
1784702400000,4120.7998046875,4121.7998046875,4119.89990234375,4121.2001953125,391
1784702700000,4120.39990234375,4123.2001953125,4120.39990234375,4123,102
1784703000000,4123.2001953125,4124.5,4122.10009765625,4122.7001953125,82
1784703300000,4122.2998046875,4122.2998046875,4120.39990234375,4121.2001953125,337
1784703600000,4121.7998046875,4122.39990234375,4119.2998046875,4121.2998046875,469
1784703900000,4121.10009765625,4123.2001953125,4120.39990234375,4123.2001953125,139
1784704200000,4123.10009765625,4125.7998046875,4122.10009765625,4123.39990234375,251
1784704500000,4123.39990234375,4127.5,4122.89990234375,4125.60009765625,413
1784704800000,4125.39990234375,4127.10009765625,4124.89990234375,4125,1775
1784705100000,4125.2001953125,4125.5,4122.2001953125,4123.2001953125,249
1784705400000,4123.2998046875,4125.7001953125,4122.89990234375,4124.7001953125,220
1784705700000,4124.2001953125,4124.2001953125,4121.89990234375,4122.89990234375,103
1784706000000,4123.5,4123.60009765625,4117.2001953125,4119.7998046875,1081
1784706300000,4119.5,4125.10009765625,4119.5,4124.89990234375,693
1784706600000,4124.7998046875,4126.2998046875,4122.89990234375,4124.39990234375,186
1784706900000,4124.5,4127.89990234375,4124,4127.39990234375,264
1784707200000,4127.5,4131.2001953125,4126.2998046875,4130,912
1784707500000,4129.7998046875,4132.2001953125,4128.2001953125,4129.7001953125,356
1784707800000,4129.7001953125,4132.5,4128.2998046875,4132,415
1784708100000,4132.5,4132.7998046875,4129.7998046875,4130.7998046875,481
1784708400000,4130.7998046875,4135.2001953125,4130.2001953125,4134.39990234375,889
1784708700000,4134.7001953125,4138,4133.2998046875,4137.5,793
1784709000000,4137.7998046875,4139.5,4132.2998046875,4132.39990234375,1937
1784709300000,4132.5,4133.2001953125,4129.60009765625,4131.7998046875,544
1784709600000,4131.89990234375,4133.39990234375,4130.2998046875,4132.2001953125,860
1784709900000,4132,4132.2998046875,4123.2001953125,4123.7001953125,1186
1784710200000,4123.39990234375,4124.2001953125,4121.2001953125,4122.2998046875,581
1784710500000,4122.2998046875,4123,4110.39990234375,4117,2319
1784710800000,4117.10009765625,4124.60009765625,4117,4123.39990234375,885
1784711100000,4123.2998046875,4125.60009765625,4121.7998046875,4125.60009765625,291
1784711400000,4125.2001953125,4130.10009765625,4124.7001953125,4130,500
1784711700000,4129.7998046875,4135.89990234375,4129,4135.10009765625,832
1784712000000,4135.10009765625,4138.7001953125,4133.10009765625,4138.10009765625,774
1784712300000,4138.5,4139.7998046875,4135.7998046875,4136.5,872
1784712600000,4136.7998046875,4152.10009765625,4136.7998046875,4147.2998046875,4406
1784712900000,4147.5,4151,4143.2001953125,4149.7998046875,1727
1784713200000,4149.5,4151.10009765625,4146,4147.39990234375,1025
1784713500000,4148,4156.5,4147.89990234375,4151.7001953125,1607
1784713800000,4151.7998046875,4153.60009765625,4149,4150.5,1102
1784714100000,4150.7998046875,4161.5,4149.7001953125,4160,1812
1784714400000,4159.7998046875,4168.7998046875,4158.7001953125,4162,4018
1784714700000,4162.10009765625,4164.2998046875,4158.60009765625,4161.7998046875,1361
1784715000000,4161.7001953125,4164.10009765625,4160.39990234375,4161.7001953125,637
1784715300000,4161.7998046875,4161.7998046875,4153.2001953125,4153.7001953125,1606
1784715600000,4153.7001953125,4157.7998046875,4153.2001953125,4154.60009765625,749
1784715900000,4154.7001953125,4155.2001953125,4149.10009765625,4151.10009765625,1258
1784716200000,4151.2001953125,4157.5,4150.89990234375,4155.7001953125,797
1784716500000,4155.60009765625,4157,4153.7001953125,4156.60009765625,391
1784716800000,4156.7998046875,4158.2001953125,4152.39990234375,4155.7001953125,831
1784717100000,4156,4157.7998046875,4150.60009765625,4153,577
1784717400000,4152.89990234375,4153.7001953125,4151,4152.7998046875,393
1784717700000,4152.5,4154.7998046875,4148.60009765625,4153.39990234375,448
1784718000000,4153.5,4159.89990234375,4153.39990234375,4159.60009765625,881
1784718300000,4159.39990234375,4161.39990234375,4158.7001953125,4159.60009765625,662
1784718600000,4159.60009765625,4163.5,4158.89990234375,4162.5,563
1784718900000,4162.39990234375,4162.7001953125,4158.10009765625,4159.89990234375,1071
1784719200000,4160.10009765625,4166.60009765625,4159.39990234375,4165,1106
1784719500000,4164.60009765625,4165.39990234375,4161.5,4162.2001953125,464
1784719800000,4162.2998046875,4163.60009765625,4161.2001953125,4162,680
1784720100000,4161.89990234375,4164,4160.7001953125,4162.39990234375,307
1784720400000,4162.5,4166.10009765625,4162.2998046875,4165.2001953125,582
1784720700000,4165.10009765625,4170.2998046875,4163.5,4169.39990234375,629
1784721000000,4169.60009765625,4171.39990234375,4167.39990234375,4167.60009765625,970
1784721300000,4167.5,4167.5,4163.2001953125,4164.10009765625,784
1784721600000,4164.39990234375,4164.5,4161,4162,517
1784721900000,4161.89990234375,4164.2998046875,4161.10009765625,4161.5,304
1784722200000,4161.5,4161.5,4158.2001953125,4159.5,700
1784722500000,4159.60009765625,4160.39990234375,4156,4160.10009765625,1152
1784722800000,4160,4160.7001953125,4156.89990234375,4157.2001953125,207
1784723100000,4157.60009765625,4157.60009765625,4153.10009765625,4154.5,1197
1784723400000,4154.60009765625,4156,4151.7001953125,4152,504
1784723700000,4152.10009765625,4154.7001953125,4150.10009765625,4153.7998046875,1358
1784724000000,4154.2001953125,4157.2998046875,4152.10009765625,4152.60009765625,668
1784724300000,4153.10009765625,4154,4151.60009765625,4152.7001953125,249
1784724600000,4153,4153.2001953125,4150.10009765625,4152.60009765625,321
1784724900000,4152.2998046875,4154.89990234375,4151.7001953125,4152.7998046875,533
1784725200000,4152.7998046875,4153.60009765625,4150.2001953125,4152.7998046875,487
1784725500000,4153,4153.2001953125,4148.7998046875,4149.7001953125,578
1784725800000,4150.10009765625,4151.7998046875,4148.7998046875,4151,494
1784726100000,4151,4151.60009765625,4148.5,4148.7998046875,335
1784726400000,4148.7001953125,4151.2998046875,4148.5,4149.39990234375,467
1784726700000,4149.2001953125,4152.89990234375,4148.89990234375,4151.60009765625,1240
1784727000000,4151.60009765625,4153.10009765625,4149.7998046875,4150.7001953125,598
1784727300000,4150.60009765625,4151.60009765625,4144.39990234375,4144.89990234375,1111
1784727600000,4144.7998046875,4147.10009765625,4143.7998046875,4146.2998046875,381
1784727900000,4146.39990234375,4149.2001953125,4145.89990234375,4148.7998046875,198
1784728200000,4148.89990234375,4149.60009765625,4147.7998046875,4148.39990234375,147
1784728500000,4148.2001953125,4149,4146.89990234375,4148.10009765625,240
1784728800000,4147.89990234375,4148.39990234375,4142.5,4143.2998046875,871
1784729100000,4143.10009765625,4147,4143.10009765625,4145,308
1784729400000,4144.7001953125,4146.2998046875,4143,4143.60009765625,177
1784729700000,4143.39990234375,4144.60009765625,4142.10009765625,4144.60009765625,213
1784730000000,4144.2998046875,4145.2001953125,4140.39990234375,4142.10009765625,450
1784730300000,4142.2998046875,4142.2998046875,4140.2001953125,4140.39990234375,202
1784730600000,4140.89990234375,4141,4137.5,4138.2998046875,617
1784730900000,4138.2998046875,4141.5,4137.7998046875,4141,193
1784731200000,4141.2001953125,4141.7001953125,4139,4141.39990234375,180
1784731500000,4141.10009765625,4143.7001953125,4140.60009765625,4142.7998046875,205
1784731800000,4143,4144.2998046875,4142.89990234375,4143,279
1784732100000,4142.7998046875,4143.60009765625,4141.2998046875,4141.7998046875,134
1784732400000,4141.39990234375,4141.5,4138.2001953125,4140.2998046875,212
1784732700000,4140.7001953125,4142.5,4140.60009765625,4141.10009765625,166
1784733000000,4141.10009765625,4141.10009765625,4139.60009765625,4139.60009765625,121
1784733300000,4139.60009765625,4141,4138.89990234375,4139.5,110
1784733600000,4140,4140.5,4137.10009765625,4139.89990234375,178
1784733900000,4139.7998046875,4140.5,4138,4140,227
1784734200000,4139.60009765625,4141.60009765625,4138,4141,380
1784734500000,4140.89990234375,4141.5,4138.89990234375,4139.60009765625,105
1784734800000,4139.5,4141.2998046875,4139,4139.10009765625,138
1784735100000,4139.2001953125,4140.2001953125,4138.2998046875,4139.7998046875,299
1784735400000,4140.39990234375,4140.60009765625,4133.89990234375,4135.60009765625,1019
1784735700000,4135.60009765625,4137.7998046875,4134.60009765625,4136.39990234375,428
1784736000000,4136.39990234375,4140,4135.10009765625,4135.89990234375,540
1784736300000,4135.7998046875,4139.2001953125,4135.60009765625,4138.39990234375,396
1784736600000,4138.10009765625,4140.2001953125,4137,4139.60009765625,163
1784736900000,4139.39990234375,4141.2001953125,4138.89990234375,4140.39990234375,113
1784737200000,4140.39990234375,4141.5,4139.2001953125,4141.5,85
1784737500000,4141.5,4142.7998046875,4141.39990234375,4141.7001953125,104
1784737800000,4141,4142.39990234375,4140.5,4140.5,130
1784738100000,4140.2001953125,4140.2001953125,4138.5,4139.2001953125,49
1784738400000,4139.39990234375,4140.60009765625,4135.7001953125,4135.7998046875,261
1784738700000,4135.7001953125,4136.10009765625,4133.2001953125,4135.2001953125,168
1784739000000,4134.89990234375,4135,4133.2998046875,4134.10009765625,80
1784739300000,4134,4135.39990234375,4133.7998046875,4135,75
1784743200000,4126,4129.7001953125,4074.60009765625,4123.60009765625,0
1784743500000,4123.10009765625,4129,4122.5,4125.89990234375,259
1784743800000,4125.60009765625,4126.89990234375,4123.7998046875,4126.89990234375,106
1784744100000,4127,4128.2001953125,4123.2001953125,4127.2998046875,313
1784744400000,4126.7001953125,4129,4125,4125.7998046875,300
1784744700000,4126.39990234375,4132.2001953125,4125.7001953125,4131.2998046875,482
1784745000000,4131.7998046875,4133,4128.5,4128.5,311
1784745300000,4128.2001953125,4130.7998046875,4127.2001953125,4128.60009765625,462
1784745600000,4128,4128.7001953125,4122.7001953125,4124.39990234375,446
1784745900000,4124.2001953125,4128.60009765625,4123.2001953125,4127.39990234375,403
1784746200000,4127.39990234375,4129,4123.7998046875,4126.5,565
1784746500000,4126.7001953125,4129.89990234375,4123.60009765625,4124.7001953125,587
1784746800000,4125.10009765625,4126.39990234375,4120.39990234375,4121.5,811
1784747100000,4122,4122.5,4118.89990234375,4120.89990234375,440
1784747400000,4121.10009765625,4127.39990234375,4119.10009765625,4126.60009765625,773
1784747700000,4126.2998046875,4126.60009765625,4122.2998046875,4122.89990234375,204
1784748000000,4123,4124.60009765625,4122.2998046875,4123.10009765625,129
1784748300000,4123.39990234375,4125.10009765625,4121.7001953125,4122.7001953125,225
1784748600000,4122.2998046875,4125.2001953125,4121.60009765625,4123.2001953125,67
1784748900000,4122.7998046875,4126.10009765625,4122.7998046875,4124.10009765625,135
1784749200000,4124,4127,4123.7001953125,4126.2001953125,117
1784749500000,4126.10009765625,4134.39990234375,4125.39990234375,4132.7001953125,609
1784749800000,4132.7998046875,4134.39990234375,4131.2998046875,4134.2998046875,149
1784750100000,4133.7998046875,4137.10009765625,4133.60009765625,4135.7998046875,358
1784750400000,4136.7998046875,4137.2001953125,4130.89990234375,4133.2998046875,476
1784750700000,4133.7998046875,4133.7998046875,4130,4131.7001953125,148
1784751000000,4131.10009765625,4131.2998046875,4129,4129.89990234375,119
1784751300000,4131,4132,4129.89990234375,4131.10009765625,74
1784751600000,4131.5,4136,4130.7001953125,4135.89990234375,121
1784751900000,4136,4138,4132,4132,233
1784752200000,4132,4134.5,4131.2001953125,4132.7998046875,180
1784752500000,4133.10009765625,4135.2001953125,4130.7998046875,4131.2998046875,140
1784752800000,4131.2998046875,4132.2001953125,4130,4130.7998046875,91
1784753100000,4130.7001953125,4133.2001953125,4130,4130.2001953125,108
1784753400000,4130.2998046875,4132.2998046875,4128.39990234375,4132.10009765625,114
1784753700000,4132.2998046875,4136.89990234375,4130.60009765625,4135.2998046875,245
1784754000000,4135.2001953125,4142.7001953125,4133.2001953125,4136.10009765625,937
1784754300000,4136.2001953125,4137.89990234375,4133.2998046875,4136.5,170
1784754600000,4136.60009765625,4140.2001953125,4135.2001953125,4137.39990234375,412
1784754900000,4137.2001953125,4140.7998046875,4136.7998046875,4138.5,287
1784755200000,4138.7998046875,4142.89990234375,4138,4141,250
1784755500000,4140.7998046875,4144,4139.2998046875,4140.2001953125,556
1784755800000,4140.5,4141.89990234375,4131.7998046875,4136.2001953125,752
1784756100000,4136.5,4136.5,4125.39990234375,4125.60009765625,843
1784756400000,4125.89990234375,4130.10009765625,4124.2001953125,4124.2001953125,469
1784756700000,4124.2001953125,4126,4119.5,4124,546
1784757000000,4123.7001953125,4125.10009765625,4120.5,4121.10009765625,253
1784757300000,4120.7001953125,4121.7998046875,4116.7001953125,4120.5,629
1784757600000,4120.10009765625,4121.39990234375,4115.5,4115.89990234375,386
1784757900000,4116.5,4119.60009765625,4114.7001953125,4116.89990234375,324
1784758200000,4116.5,4120.7001953125,4116.5,4119.7998046875,251
1784758500000,4120.10009765625,4120.60009765625,4115.60009765625,4117.2998046875,385
1784758800000,4117.2001953125,4119.5,4116.2001953125,4118.5,212
1784759100000,4118.7001953125,4119.2998046875,4116.5,4118.39990234375,230
1784759400000,4118.2998046875,4122,4116.10009765625,4119,342
1784759700000,4118.89990234375,4121.2001953125,4116.7998046875,4121.2001953125,137
1784760000000,4121.5,4124.89990234375,4120.2998046875,4124.60009765625,261
1784760300000,4124.7998046875,4128,4124.7998046875,4125.2001953125,316
1784760600000,4125.2998046875,4131.2001953125,4124,4128.10009765625,253
1784760900000,4127.7998046875,4131.2998046875,4127.7998046875,4130.7998046875,110
1784761200000,4130.89990234375,4131.7001953125,4128.5,4129,229
1784761500000,4128.60009765625,4130.2998046875,4126.60009765625,4127.60009765625,317
1784761800000,4127.89990234375,4130,4126.60009765625,4129.7001953125,128
1784762100000,4129.89990234375,4133.5,4129.2001953125,4133.2001953125,253
1784762400000,4133.2998046875,4135.60009765625,4133.10009765625,4135,183
1784762700000,4134.7001953125,4134.89990234375,4131.7998046875,4132.2001953125,170
1784763000000,4132.7998046875,4132.7998046875,4130.7001953125,4132.7001953125,121
1784763300000,4132.60009765625,4133.7998046875,4131.2001953125,4131.7998046875,122
1784763600000,4132.2998046875,4133.10009765625,4128.7001953125,4131.39990234375,295
1784763900000,4131.10009765625,4131.10009765625,4127.7001953125,4128.2998046875,109
1784764200000,4128.10009765625,4128.60009765625,4127.5,4128.5,66
1784764500000,4128.2001953125,4128.7001953125,4127.2001953125,4127.60009765625,36
1784764800000,4127.7001953125,4127.7001953125,4125.2001953125,4126.10009765625,158
1784765100000,4126.10009765625,4128.2001953125,4124.7998046875,4127.7001953125,91
1784765400000,4127.7001953125,4130,4126.39990234375,4129.89990234375,81
1784765700000,4130.60009765625,4130.60009765625,4127.60009765625,4128.2001953125,105
1784766000000,4128,4131.7001953125,4128,4130.60009765625,76
1784766300000,4130.7001953125,4132.5,4129.7998046875,4132.5,134
1784766600000,4132.2998046875,4132.89990234375,4128.10009765625,4129.60009765625,132
1784766900000,4129.5,4130,4128.5,4128.5,97
1784767200000,4128.2001953125,4128.2001953125,4125.5,4125.7998046875,150
1784767500000,4125.5,4126.60009765625,4124,4124.60009765625,95
1784767800000,4124.5,4125,4122.60009765625,4123.2001953125,57
1784768100000,4123.5,4124.2001953125,4122.5,4123.7998046875,46
1784768400000,4124,4125.2001953125,4121.60009765625,4123.10009765625,229
1784768700000,4123.2998046875,4126.7998046875,4123.10009765625,4126.5,94
1784769000000,4126.39990234375,4127.5,4125.89990234375,4127.10009765625,102
1784769300000,4126.89990234375,4126.89990234375,4123.7001953125,4123.7001953125,96
1784769600000,4124.10009765625,4125.5,4122.39990234375,4124.2001953125,209
1784769900000,4124.2001953125,4128,4124,4128,50
1784770200000,4128.2998046875,4131.2998046875,4126,4130.10009765625,432
1784770500000,4130.2998046875,4131.10009765625,4129.10009765625,4129.2998046875,157
1784770800000,4129,4130.2998046875,4127,4130.2998046875,240
1784771100000,4130.39990234375,4133.39990234375,4129.10009765625,4129.60009765625,506
1784771400000,4129.2001953125,4130,4126.7001953125,4128,269
1784771700000,4128.2001953125,4128.2998046875,4123.2998046875,4126.89990234375,276
1784772000000,4127.10009765625,4131,4126.2001953125,4126.7001953125,269
1784772300000,4127,4127.5,4124,4125.39990234375,159
1784772600000,4126.2998046875,4126.89990234375,4124.7998046875,4126.2998046875,159
1784772900000,4126.10009765625,4130.5,4125.39990234375,4129.60009765625,107
1784773200000,4129.5,4129.89990234375,4126.2001953125,4127.7001953125,138
1784773500000,4127.60009765625,4127.7998046875,4124,4124.89990234375,141
1784773800000,4124.7998046875,4126,4123.2998046875,4125,136
1784774100000,4124.89990234375,4126.7001953125,4123.89990234375,4123.89990234375,208
1784774400000,4123.10009765625,4124.39990234375,4119.5,4122.5,266
1784774700000,4122.39990234375,4125.10009765625,4121.89990234375,4125.10009765625,263
1784775000000,4124.2998046875,4125.10009765625,4122.7998046875,4123.2001953125,147
1784775300000,4122.89990234375,4123.2998046875,4120.5,4121.60009765625,156
1784775600000,4121.2998046875,4122.2001953125,4117,4117.7998046875,495
1784775900000,4118.2998046875,4119.2001953125,4112.5,4113.2998046875,558
1784776200000,4113.10009765625,4113.10009765625,4104.89990234375,4109.60009765625,1010
1784776500000,4109.39990234375,4114.89990234375,4109.39990234375,4112.10009765625,772
1784776800000,4112,4112.60009765625,4108.10009765625,4108.60009765625,567
1784777100000,4108.2998046875,4113.39990234375,4108.2998046875,4111.2001953125,321
1784777400000,4111.39990234375,4111.5,4105,4107.7001953125,447
1784777700000,4108,4108.7998046875,4102.5,4103.7001953125,748
1784778000000,4103.39990234375,4105,4094.300048828125,4098.5,931
1784778300000,4098.60009765625,4099.7998046875,4094.10009765625,4096.10009765625,519
1784778600000,4095.60009765625,4098.2998046875,4093,4096.89990234375,468
1784778900000,4096.2998046875,4100,4095.300048828125,4098.2998046875,640
1784779200000,4098.5,4100.39990234375,4093.10009765625,4095.89990234375,592
1784779500000,4095.60009765625,4099.60009765625,4095.60009765625,4099,286
1784779800000,4099.5,4100.7001953125,4092.89990234375,4094.10009765625,601
1784780100000,4094.5,4095.39990234375,4092.300048828125,4092.699951171875,223
1784780400000,4092.300048828125,4094.10009765625,4091.10009765625,4093.60009765625,321
1784780700000,4093.39990234375,4094.89990234375,4091.5,4094.39990234375,194
1784781000000,4094.10009765625,4096.39990234375,4092.39990234375,4095.60009765625,389
1784781300000,4095.39990234375,4096.7001953125,4093.89990234375,4094.89990234375,403
1784781600000,4094.39990234375,4095.39990234375,4091,4095.300048828125,310
1784781900000,4095.10009765625,4095.10009765625,4089.699951171875,4092.199951171875,427
1784782200000,4092.5,4095.60009765625,4091.39990234375,4095.60009765625,125
1784782500000,4095.699951171875,4097.39990234375,4095.5,4096,384
1784782800000,4095.89990234375,4102.39990234375,4095.300048828125,4101.89990234375,490
1784783100000,4101.2001953125,4101.89990234375,4099.39990234375,4100,296
1784783400000,4099.7001953125,4101.39990234375,4096.89990234375,4097.7001953125,191
1784783700000,4097.5,4099.7001953125,4096.7998046875,4099.7001953125,409
1784784000000,4099.2998046875,4099.2998046875,4095.5,4095.800048828125,516
1784784300000,4096.2001953125,4096.7001953125,4092.199951171875,4093.89990234375,426
1784784600000,4094.199951171875,4095.300048828125,4091.300048828125,4095.300048828125,783
1784784900000,4095,4095.800048828125,4094,4095,233
1784785200000,4094.89990234375,4096.5,4093.60009765625,4095,236
1784785500000,4095.300048828125,4097.5,4094.800048828125,4096.39990234375,185
1784785800000,4096.5,4097.10009765625,4092.89990234375,4096.2001953125,636
1784786100000,4096.2001953125,4096.2001953125,4091.5,4093.199951171875,206
1784786400000,4093.199951171875,4094.699951171875,4091.39990234375,4093.800048828125,391
1784786700000,4093.89990234375,4094.60009765625,4091,4092,246
1784787000000,4091.699951171875,4094.699951171875,4091.39990234375,4093.800048828125,217
1784787300000,4094.10009765625,4096,4092,4092.10009765625,243
1784787600000,4091.699951171875,4092.5,4088.699951171875,4090.699951171875,367
1784787900000,4090.699951171875,4093.699951171875,4090.699951171875,4093.300048828125,138
1784788200000,4092.89990234375,4096,4089.800048828125,4090.39990234375,557
1784788500000,4090.5,4093.39990234375,4090.300048828125,4093.300048828125,180
1784788800000,4092.800048828125,4093.199951171875,4090.199951171875,4092.5,214
1784789100000,4092.39990234375,4097,4090.39990234375,4096.39990234375,151
1784789400000,4096.7998046875,4097.7001953125,4095.10009765625,4097.60009765625,376
1784789700000,4097.39990234375,4098.60009765625,4095.39990234375,4096.7001953125,268
1784790000000,4096.60009765625,4097.39990234375,4093.800048828125,4095.10009765625,258
1784790300000,4094.199951171875,4094.699951171875,4091.699951171875,4092,193
1784790600000,4091.699951171875,4092.800048828125,4090.10009765625,4090.699951171875,496
1784790900000,4091.10009765625,4092.199951171875,4087.300048828125,4088.60009765625,612
1784791200000,4088.5,4090.199951171875,4083.800048828125,4087,700
1784791500000,4087,4088.10009765625,4084.5,4087.10009765625,378
1784791800000,4087.10009765625,4087.10009765625,4082.5,4083.699951171875,674
1784792100000,4083.199951171875,4086.10009765625,4082,4082.199951171875,627
1784792400000,4082,4082.5,4075.699951171875,4081.39990234375,1040
1784792700000,4081.39990234375,4085,4080.60009765625,4084.5,516
1784793000000,4084.800048828125,4092.5,4084.699951171875,4087.300048828125,820
1784793300000,4087.199951171875,4089.300048828125,4086,4088.89990234375,488
1784793600000,4088.39990234375,4089,4085.199951171875,4086.300048828125,321
1784793900000,4086.39990234375,4088.300048828125,4084.5,4086,396
1784794200000,4086.10009765625,4088.199951171875,4083.699951171875,4084.39990234375,331
1784794500000,4084.39990234375,4085.89990234375,4075,4081.10009765625,2376
1784794800000,4080.5,4081.199951171875,4072.800048828125,4075,1129
1784795100000,4075,4080,4073.699951171875,4077.60009765625,562
1784795400000,4076.800048828125,4077.89990234375,4070.5,4077.199951171875,1267
1784795700000,4077.300048828125,4077.5,4066.5,4075.89990234375,1541
1784796000000,4075.5,4076,4068.699951171875,4071.5,996
1784796300000,4071.60009765625,4072,4065.800048828125,4068.800048828125,1176
1784796600000,4068.60009765625,4071,4064.5,4067.199951171875,600
1784796900000,4067,4069.60009765625,4063.60009765625,4064.60009765625,666
1784797200000,4064.199951171875,4066.39990234375,4056.699951171875,4058.300048828125,2050
1784797500000,4058.10009765625,4059.699951171875,4047,4049.60009765625,4065
1784797800000,4049.5,4049.60009765625,4042.60009765625,4043,2822
1784798100000,4042.89990234375,4052,4042.60009765625,4051.10009765625,1655
1784798400000,4051,4057.699951171875,4050.60009765625,4053.699951171875,1484
1784798700000,4054.10009765625,4061.39990234375,4054.10009765625,4061.10009765625,1116
1784799000000,4060.89990234375,4070.10009765625,4060.699951171875,4066.60009765625,3205
1784799300000,4066,4067.5,4058.60009765625,4059.699951171875,1633
1784799600000,4059.800048828125,4065.300048828125,4058.5,4059.300048828125,1310
1784799900000,4059.5,4060.10009765625,4052.800048828125,4055.60009765625,1046
1784800200000,4055.800048828125,4061.800048828125,4054.699951171875,4059.300048828125,1092
1784800500000,4059,4060.699951171875,4045.300048828125,4045.800048828125,2592
1784800800000,4046.10009765625,4053.300048828125,4045.39990234375,4046.5,2513
1784801100000,4046.5,4049,4042.5,4048.300048828125,1659
1784801400000,4048.300048828125,4054.300048828125,4044.60009765625,4051,1841
1784801700000,4050.60009765625,4053.199951171875,4045.5,4047.300048828125,3100
1784802000000,4046.89990234375,4055.300048828125,4046,4055.10009765625,1222
1784802300000,4055,4060.199951171875,4054.10009765625,4059.60009765625,1794
1784802600000,4059.60009765625,4061,4054.800048828125,4057.39990234375,1311
1784802900000,4057.800048828125,4064.10009765625,4054.39990234375,4062.199951171875,1157
1784803200000,4062.199951171875,4063,4058.89990234375,4060.10009765625,506
1784803500000,4060,4064.699951171875,4059,4061.89990234375,478
1784803800000,4061.89990234375,4063.300048828125,4059.699951171875,4060,463
1784804100000,4059.699951171875,4063.10009765625,4059.60009765625,4061.10009765625,398
1784804400000,4061.5,4062.60009765625,4058.39990234375,4059.199951171875,407
1784804700000,4059.5,4060.60009765625,4054.199951171875,4054.699951171875,849
1784805000000,4054.699951171875,4057,4052.300048828125,4054.699951171875,1525
1784805300000,4054,4059.39990234375,4053,4055.39990234375,1350
1784805600000,4055.60009765625,4056.300048828125,4048,4053,1823
1784805900000,4053.10009765625,4053.10009765625,4049.199951171875,4049.699951171875,690
1784806200000,4049.5,4049.89990234375,4045,4048.300048828125,2528
1784806500000,4048.60009765625,4053.89990234375,4048.39990234375,4052.10009765625,1583
1784806800000,4052.10009765625,4056,4050.699951171875,4050.89990234375,1656
1784807100000,4050.60009765625,4053.800048828125,4049.89990234375,4052.300048828125,611
1784807400000,4051.60009765625,4053.800048828125,4049.5,4053,552
1784807700000,4053.199951171875,4053.60009765625,4049.300048828125,4051.199951171875,914
1784808000000,4051.5,4053.800048828125,4051,4051.300048828125,456
1784808300000,4051.300048828125,4053,4050,4051.300048828125,647
1784808600000,4051.10009765625,4053.5,4050.5,4053.10009765625,3275
1784808900000,4052.800048828125,4053.60009765625,4048.60009765625,4049.199951171875,439
1784809200000,4049.300048828125,4054.60009765625,4049.199951171875,4051.199951171875,875
1784809500000,4051.60009765625,4054.60009765625,4051.300048828125,4053.199951171875,1204
1784809800000,4053,4053.800048828125,4050.699951171875,4051.10009765625,860
1784810100000,4051.199951171875,4053.699951171875,4049.800048828125,4053.300048828125,549
1784810400000,4053.5,4054.10009765625,4052,4052.60009765625,888
1784810700000,4052.699951171875,4054.199951171875,4051.89990234375,4052,870
1784811000000,4051.89990234375,4052.699951171875,4051,4051.699951171875,417
1784811300000,4052.39990234375,4054.60009765625,4052.39990234375,4054.300048828125,930
1784811600000,4054.5,4057.5,4053.5,4054.60009765625,1229
1784811900000,4054.800048828125,4056.199951171875,4049.60009765625,4051,1205
1784812200000,4051.10009765625,4052.5,4049.800048828125,4050,764
1784812500000,4050.199951171875,4052.5,4048.800048828125,4049.199951171875,945
1784812800000,4049.39990234375,4053.39990234375,4049.39990234375,4051.39990234375,1120
1784813100000,4051.199951171875,4052.5,4049.10009765625,4049.699951171875,3310
1784813400000,4049.89990234375,4051.800048828125,4049.300048828125,4050,1019
1784813700000,4049.800048828125,4050.10009765625,4046.60009765625,4047.300048828125,460
1784814000000,4047.199951171875,4047.89990234375,4044.300048828125,4045.39990234375,621
1784814300000,4045.300048828125,4046.800048828125,4044.5,4046.60009765625,366
1784814600000,4046.300048828125,4046.699951171875,4044.39990234375,4045.5,540
1784814900000,4045.39990234375,4046,4043.89990234375,4043.89990234375,215
1784815200000,4044.39990234375,4045.699951171875,4042.5,4044.10009765625,875
1784815500000,4043.800048828125,4046.800048828125,4042.89990234375,4045.800048828125,295
1784815800000,4045.699951171875,4046.300048828125,4043.800048828125,4044.10009765625,413
1784816100000,4044,4047.10009765625,4042.800048828125,4045.39990234375,628
1784816400000,4045.5,4045.699951171875,4042.60009765625,4044.10009765625,388
1784816700000,4044,4047.60009765625,4043.199951171875,4047.199951171875,289
1784817000000,4046.800048828125,4050.60009765625,4046.800048828125,4047.800048828125,373
1784817300000,4047.800048828125,4049.300048828125,4047,4047.60009765625,185
1784817600000,4047.5,4049.199951171875,4047.300048828125,4048.89990234375,185
1784817900000,4049,4050.800048828125,4048.89990234375,4049.60009765625,222
1784818200000,4049.60009765625,4049.60009765625,4048.39990234375,4048.60009765625,123
1784818500000,4048.5,4049.699951171875,4047.10009765625,4048.800048828125,156
1784818800000,4049.199951171875,4051.39990234375,4047.5,4047.89990234375,222
1784819100000,4048,4048.89990234375,4046.10009765625,4046.10009765625,236
1784819400000,4046.199951171875,4046.89990234375,4045.300048828125,4045.60009765625,118
1784819700000,4045.5,4048.199951171875,4045.5,4047.5,123
1784820000000,4047.5,4050.60009765625,4047.300048828125,4050.10009765625,207
1784820300000,4050.300048828125,4051.5,4049,4050.10009765625,275
1784820600000,4050.39990234375,4053.10009765625,4047.800048828125,4049.699951171875,439
1784820900000,4049.300048828125,4050.39990234375,4049,4050.199951171875,87
1784821200000,4050.10009765625,4050.199951171875,4048,4048.10009765625,118
1784821500000,4048.10009765625,4049.199951171875,4047,4047.89990234375,134
1784821800000,4048.199951171875,4052.39990234375,4048.199951171875,4052.199951171875,331
1784822100000,4052.60009765625,4053.300048828125,4051.60009765625,4052.10009765625,644
1784822400000,4051.89990234375,4053.60009765625,4051,4051,704
1784822700000,4051.39990234375,4052.300048828125,4050.60009765625,4050.60009765625,186
1784823000000,4051,4052.5,4051,4051.800048828125,59
1784823300000,4051.800048828125,4052,4050.300048828125,4051.10009765625,100
1784823600000,4051,4051.5,4049.800048828125,4051.300048828125,66
1784823900000,4051.5,4053.39990234375,4051.300048828125,4052.60009765625,203
1784824200000,4052.89990234375,4053,4051.5,4052.10009765625,46
1784824500000,4052.199951171875,4053.199951171875,4052.10009765625,4052.699951171875,46
1784824800000,4052.5,4052.5,4051.300048828125,4052.199951171875,116
1784825100000,4052.10009765625,4052.39990234375,4051.10009765625,4052.10009765625,70
1784825400000,4052.10009765625,4052.10009765625,4049.89990234375,4050.5,99
1784825700000,4050.5,4052.5,4050.5,4052.300048828125,81
1784829600000,4053.39990234375,4053.5,4050.199951171875,4050.5,0
1784829900000,4050.89990234375,4053,4050.39990234375,4051.10009765625,68
1784830200000,4051.300048828125,4051.300048828125,4051,4051,131
1784830500000,4051.39990234375,4052.10009765625,4051.199951171875,4052,111
1784830800000,4052.300048828125,4052.800048828125,4051.699951171875,4052.5,42
1784831100000,4052.10009765625,4052.5,4051.5,4052.300048828125,34
1784831400000,4051.89990234375,4052.699951171875,4051.89990234375,4052.39990234375,24
1784831700000,4052.60009765625,4052.89990234375,4051.800048828125,4052.199951171875,85
1784832000000,4052.10009765625,4052.5,4051.10009765625,4051.60009765625,99
1784832300000,4051.699951171875,4052.300048828125,4050.800048828125,4051.10009765625,70
1784832600000,4051.199951171875,4052.800048828125,4051.199951171875,4052.300048828125,66
1784832900000,4052.5,4052.800048828125,4051,4052,116
1784833200000,4052.199951171875,4052.39990234375,4051.10009765625,4051.10009765625,36
1784833500000,4051.300048828125,4051.5,4049.89990234375,4050.39990234375,65
1784833800000,4050.5,4051.10009765625,4049.60009765625,4051.10009765625,70
1784834100000,4051,4051.699951171875,4049.60009765625,4049.60009765625,95
1784834400000,4049.5,4051.60009765625,4049.5,4051.60009765625,29
1784834700000,4051.699951171875,4052.300048828125,4051,4051.699951171875,271
1784835000000,4051.699951171875,4053.800048828125,4051.300048828125,4053,385
1784835300000,4052.800048828125,4053,4050.800048828125,4050.800048828125,78
1784835600000,4050.800048828125,4051.199951171875,4049.60009765625,4051,78
1784835900000,4050.60009765625,4052.199951171875,4049.5,4051.300048828125,206
1784836200000,4051.199951171875,4051.60009765625,4049.699951171875,4050,30
1784836500000,4049.800048828125,4050.60009765625,4048.800048828125,4049.39990234375,89
1784836800000,4049.800048828125,4052.300048828125,4049.39990234375,4049.39990234375,295
1784837100000,4049,4049.300048828125,4047,4047.5,128
1784837400000,4047.89990234375,4048.800048828125,4043.199951171875,4043.5,290
1784837700000,4044,4047.5,4043.5,4045.300048828125,204
1784838000000,4046.10009765625,4050.300048828125,4045.300048828125,4048.699951171875,193
1784838300000,4048.800048828125,4049.199951171875,4046.39990234375,4048.300048828125,278
1784838600000,4049.39990234375,4049.800048828125,4047.199951171875,4048.300048828125,172
1784838900000,4049.10009765625,4052.10009765625,4047.5,4050.699951171875,179
1784839200000,4051.10009765625,4052.699951171875,4050.199951171875,4052.199951171875,163
1784839500000,4051.89990234375,4053.300048828125,4051.300048828125,4051.300048828125,145
1784839800000,4051.60009765625,4052.5,4050.800048828125,4051.60009765625,106
1784840100000,4051.89990234375,4054.10009765625,4051.199951171875,4052.39990234375,348
1784840400000,4052.89990234375,4053.10009765625,4041.89990234375,4046.800048828125,1103
1784840700000,4046.10009765625,4047,4044.39990234375,4045.60009765625,186
1784841000000,4045.699951171875,4047,4042.39990234375,4044.699951171875,367
1784841300000,4044.800048828125,4048.300048828125,4043.699951171875,4046.800048828125,294
1784841600000,4046.300048828125,4047.699951171875,4044.5,4047.60009765625,143
1784841900000,4047.60009765625,4048.300048828125,4045,4045,184
1784842200000,4044.89990234375,4047.300048828125,4043.699951171875,4046.699951171875,115
1784842500000,4046,4047,4044.5,4045.699951171875,98
1784842800000,4047,4053.300048828125,4046.5,4052.60009765625,593
1784843100000,4052.5,4052.89990234375,4050.199951171875,4050.60009765625,210
1784843400000,4050.199951171875,4050.199951171875,4047.199951171875,4049.199951171875,284
1784843700000,4048.89990234375,4049,4043.60009765625,4046,153
1784844000000,4045.89990234375,4047.699951171875,4044.60009765625,4045.10009765625,95
1784844300000,4044.5,4047.199951171875,4043.300048828125,4047.199951171875,210
1784844600000,4046.89990234375,4048.10009765625,4046.5,4047.699951171875,154
1784844900000,4047.699951171875,4048.39990234375,4046.89990234375,4047.10009765625,61
1784845200000,4047,4048.60009765625,4044.800048828125,4048.60009765625,141
1784845500000,4048.699951171875,4051,4048,4048.800048828125,185
1784845800000,4049.199951171875,4050.5,4045.89990234375,4046.300048828125,176
1784846100000,4046.60009765625,4047,4043.199951171875,4044.39990234375,282
1784846400000,4044.5,4045.89990234375,4043,4043.60009765625,132
1784846700000,4043.39990234375,4043.60009765625,4028.39990234375,4028.800048828125,2334
1784847000000,4028.800048828125,4032.89990234375,4027.39990234375,4027.699951171875,1057
1784847300000,4027.89990234375,4029.89990234375,4025.300048828125,4026.699951171875,780
1784847600000,4027.10009765625,4029.800048828125,4025.39990234375,4029.10009765625,333
1784847900000,4028.89990234375,4031.300048828125,4028.89990234375,4029,150
1784848200000,4030,4034.800048828125,4028.39990234375,4034.60009765625,330
1784848500000,4034.10009765625,4036.10009765625,4031.60009765625,4031.60009765625,254
1784848800000,4031.39990234375,4034.199951171875,4030.800048828125,4032.699951171875,147
1784849100000,4032.699951171875,4033.39990234375,4031,4032.5,114
1784849400000,4033.300048828125,4035.39990234375,4033,4033.89990234375,153
1784849700000,4034.699951171875,4035.199951171875,4033.199951171875,4033.89990234375,69
1784850000000,4034.199951171875,4035,4033.199951171875,4034.10009765625,41
1784850300000,4033.60009765625,4034.5,4032.300048828125,4034.5,58
1784850600000,4033.800048828125,4034.39990234375,4032.800048828125,4032.89990234375,84
1784850900000,4031.89990234375,4032.199951171875,4030.39990234375,4031.10009765625,73
1784851200000,4031.300048828125,4031.89990234375,4029.89990234375,4031.39990234375,183
1784851500000,4031.800048828125,4032.5,4030.5,4031.5,154
1784851800000,4031,4031.300048828125,4029.5,4030.5,304
1784852100000,4030.5,4031.199951171875,4029.800048828125,4030.199951171875,198
1784852400000,4030.699951171875,4032.300048828125,4030.300048828125,4031.300048828125,66
1784852700000,4031.39990234375,4032.699951171875,4031.39990234375,4032.10009765625,64
1784853000000,4032.300048828125,4032.89990234375,4031.199951171875,4031.300048828125,54
1784853300000,4031.800048828125,4032.5,4029.199951171875,4029.39990234375,148
1784853600000,4029.5,4029.60009765625,4028.199951171875,4029,69
1784853900000,4029.300048828125,4029.5,4027.800048828125,4029.300048828125,74
1784854200000,4029.60009765625,4029.60009765625,4028.199951171875,4029,135
1784854500000,4029.199951171875,4031.10009765625,4028.89990234375,4029.800048828125,177
1784854800000,4029.800048828125,4031.10009765625,4027.5,4031.10009765625,220
1784855100000,4031.10009765625,4032.199951171875,4030,4030.89990234375,596
1784855400000,4031.39990234375,4034.60009765625,4029.89990234375,4030,330
1784855700000,4029.699951171875,4030.199951171875,4024.5,4026.39990234375,441
1784856000000,4026.699951171875,4031.800048828125,4026.300048828125,4029.199951171875,254
1784856300000,4029.5,4029.5,4027.60009765625,4028.300048828125,103
1784856600000,4028.300048828125,4033.60009765625,4028.10009765625,4033.39990234375,218
1784856900000,4033.300048828125,4033.300048828125,4027,4028.300048828125,564
1784857200000,4028.10009765625,4030.300048828125,4025.89990234375,4026.699951171875,315
1784857500000,4026.699951171875,4030.800048828125,4026.699951171875,4030,314
1784857800000,4030.300048828125,4031,4024.800048828125,4025.39990234375,135
1784858100000,4025.60009765625,4026,4024,4025,362
1784858400000,4025.199951171875,4027.89990234375,4025,4027.300048828125,271
1784858700000,4027.39990234375,4029.60009765625,4026.800048828125,4029.199951171875,241
1784859000000,4029.60009765625,4033.5,4028.699951171875,4033.10009765625,348
1784859300000,4033.39990234375,4036.699951171875,4031.199951171875,4036.10009765625,284
1784859600000,4036.199951171875,4039.5,4036,4038.5,354
1784859900000,4038.699951171875,4041.39990234375,4037.39990234375,4038.800048828125,254
1784860200000,4038.699951171875,4038.699951171875,4035.10009765625,4036.89990234375,224
1784860500000,4036.699951171875,4039.39990234375,4036.699951171875,4037.699951171875,148
1784860800000,4037.800048828125,4039.10009765625,4035.300048828125,4035.89990234375,177
1784861100000,4035.89990234375,4039.10009765625,4035.699951171875,4036.39990234375,479
1784861400000,4036.89990234375,4037.89990234375,4034,4037.89990234375,190
1784861700000,4037.39990234375,4041.39990234375,4037.300048828125,4038.39990234375,275
1784862000000,4038.199951171875,4043.10009765625,4037.5,4041,506
1784862300000,4040.60009765625,4048.39990234375,4040.60009765625,4048.199951171875,1041
1784862600000,4048.300048828125,4050,4046.89990234375,4047.699951171875,523
1784862900000,4048.199951171875,4050.39990234375,4046.5,4049.5,386
1784863200000,4050,4051.699951171875,4048.60009765625,4050.800048828125,258
1784863500000,4050.699951171875,4053.39990234375,4050.199951171875,4051.10009765625,304
1784863800000,4051.699951171875,4056.300048828125,4050.199951171875,4055.800048828125,690
1784864100000,4055.800048828125,4055.800048828125,4048.89990234375,4049.300048828125,314
1784864400000,4049.39990234375,4051.10009765625,4048.199951171875,4050.800048828125,239
1784864700000,4050.800048828125,4050.800048828125,4048.5,4050,214
1784865000000,4050.10009765625,4051.39990234375,4049.60009765625,4050.39990234375,116
1784865300000,4051.10009765625,4052.199951171875,4050.5,4051.10009765625,160
1784865600000,4051.199951171875,4051.5,4049.10009765625,4049.89990234375,164
1784865900000,4049.5,4050.39990234375,4047.60009765625,4050,155
1784866200000,4049.89990234375,4050.300048828125,4048.300048828125,4049.5,140
1784866500000,4049.10009765625,4050.39990234375,4047.5,4049.300048828125,264
1784866800000,4049.39990234375,4050.5,4048.60009765625,4049.300048828125,190
1784867100000,4048.800048828125,4055.300048828125,4048.699951171875,4054.89990234375,263
1784867400000,4054.800048828125,4054.800048828125,4052.5,4052.5,142
1784867700000,4052.800048828125,4055.699951171875,4051.39990234375,4055.39990234375,286
1784868000000,4055.60009765625,4058,4055.10009765625,4057.199951171875,489
1784868300000,4057.300048828125,4057.60009765625,4054.89990234375,4057.60009765625,300
1784868600000,4057.300048828125,4059.800048828125,4056.89990234375,4059.199951171875,229
1784868900000,4059,4061.5,4058.699951171875,4060,348
1784869200000,4060.39990234375,4064,4058.60009765625,4059.300048828125,1124
1784869500000,4059.10009765625,4060.300048828125,4057.800048828125,4060.199951171875,496
1784869800000,4060.39990234375,4060.60009765625,4055.89990234375,4056.89990234375,293
1784870100000,4056.699951171875,4059.89990234375,4055.89990234375,4057.89990234375,470
1784870400000,4057.800048828125,4057.89990234375,4055.89990234375,4057.39990234375,264
1784870700000,4057.199951171875,4058.699951171875,4055,4055.60009765625,193
1784871000000,4055.39990234375,4057.10009765625,4054.199951171875,4056.39990234375,688
1784871300000,4056.699951171875,4057.89990234375,4056.300048828125,4057.89990234375,99
1784871600000,4058,4059.199951171875,4056.89990234375,4058.5,313
1784871900000,4058.5,4059,4057.800048828125,4058.10009765625,97
1784872200000,4058.10009765625,4061.199951171875,4057.39990234375,4060.89990234375,379
1784872500000,4061.300048828125,4062.60009765625,4061.10009765625,4062.60009765625,104
1784872800000,4062.60009765625,4064.5,4061.5,4062.5,228
1784873100000,4062.89990234375,4063.39990234375,4061.60009765625,4063,186
1784873400000,4063.5,4063.5,4060.5,4061.10009765625,246
1784873700000,4061.199951171875,4065,4060.39990234375,4062.199951171875,298
1784874000000,4062.199951171875,4064.10009765625,4062,4063.10009765625,176
1784874300000,4063,4066.60009765625,4062.60009765625,4064.5,272
1784874600000,4064.39990234375,4067,4064.199951171875,4064.199951171875,180
1784874900000,4064,4064.39990234375,4062.5,4062.5,520
1784875200000,4062.699951171875,4062.699951171875,4060.699951171875,4061.10009765625,190
1784875500000,4061.199951171875,4061.89990234375,4060,4061.60009765625,145
1784875800000,4061.60009765625,4061.89990234375,4059.39990234375,4060.199951171875,314
1784876100000,4060,4062.5,4059.60009765625,4062.199951171875,105
1784876400000,4062.5,4065.10009765625,4060.800048828125,4064.60009765625,228
1784876700000,4064.60009765625,4065.89990234375,4062.60009765625,4063.60009765625,115
1784877000000,4063.199951171875,4063.5,4062.60009765625,4063.5,89
1784877300000,4063.800048828125,4064.10009765625,4062.199951171875,4063.800048828125,507
1784877600000,4063.39990234375,4064.10009765625,4062.699951171875,4063.89990234375,474
1784877900000,4063.699951171875,4063.699951171875,4061.5,4061.60009765625,287
1784878200000,4061.199951171875,4062.60009765625,4060.39990234375,4062,369
1784878500000,4062.199951171875,4062.199951171875,4058.800048828125,4059.39990234375,751
1784878800000,4059.300048828125,4060.199951171875,4057.5,4057.5,316
1784879100000,4058,4059,4055.300048828125,4057.39990234375,306
1784879400000,4057.300048828125,4057.300048828125,4054.60009765625,4054.60009765625,313
1784879700000,4054.699951171875,4063.89990234375,4053.5,4060.199951171875,734
1784880000000,4060.60009765625,4061.10009765625,4054.5,4056.10009765625,1162
1784880300000,4056.199951171875,4061.10009765625,4054.699951171875,4059.5,198
1784880600000,4059.300048828125,4059.89990234375,4057.800048828125,4059.300048828125,124
1784880900000,4059.10009765625,4059.800048828125,4058.10009765625,4059.5,176
1784881200000,4059.10009765625,4060.89990234375,4057.39990234375,4060.89990234375,358
1784881500000,4061,4062.89990234375,4058.300048828125,4062.10009765625,528
1784881800000,4061.89990234375,4062.10009765625,4058.60009765625,4060,424
1784882100000,4060,4060.800048828125,4057.60009765625,4058.199951171875,281
1784882400000,4058.10009765625,4059.39990234375,4054.300048828125,4057.60009765625,421
1784882700000,4057.5,4058.89990234375,4054.199951171875,4056.699951171875,351
1784883000000,4056.5,4058.5,4056.39990234375,4057.60009765625,271
1784883300000,4058,4058.699951171875,4054.5,4058.5,293
1784883600000,4058.800048828125,4061,4053.89990234375,4054.800048828125,638
1784883900000,4054.699951171875,4055.699951171875,4048.300048828125,4049,691
1784884200000,4049.10009765625,4052,4047.10009765625,4050.60009765625,1187
1784884500000,4050.39990234375,4050.800048828125,4046.89990234375,4048.300048828125,394
1784884800000,4048.800048828125,4052.10009765625,4047.89990234375,4048.800048828125,674
1784885100000,4049.39990234375,4051,4048,4048.800048828125,464
1784885400000,4048.5,4052.699951171875,4047,4051.60009765625,1102
1784885700000,4051.699951171875,4059.5,4051.699951171875,4058.60009765625,1216
1784886000000,4058.800048828125,4058.800048828125,4053.5,4054.39990234375,566
1784886300000,4054.199951171875,4063.39990234375,4050.300048828125,4060.800048828125,951
1784886600000,4060.300048828125,4064.10009765625,4058.199951171875,4062.300048828125,685
1784886900000,4062.5,4071.5,4059.300048828125,4070,1873
1784887200000,4069.89990234375,4073,4065.5,4065.5,2333
1784887500000,4065.800048828125,4067.89990234375,4060.300048828125,4065.5,2281
1784887800000,4065.39990234375,4066.699951171875,4061.699951171875,4061.699951171875,532
1784888100000,4061.89990234375,4063.199951171875,4058.39990234375,4060.89990234375,1316
1784888400000,4061,4067.699951171875,4059.699951171875,4067.39990234375,541
1784888700000,4067.89990234375,4072.300048828125,4067.300048828125,4068.89990234375,931
1784889000000,4069,4071.10009765625,4067.39990234375,4067.39990234375,614
1784889300000,4067.800048828125,4069.800048828125,4062.10009765625,4063.60009765625,553
1784889600000,4063.5,4065.39990234375,4062,4063.10009765625,619
1784889900000,4063.5,4066.699951171875,4061.39990234375,4065.89990234375,909
1784890200000,4066.300048828125,4067.800048828125,4063.89990234375,4064.300048828125,235
1784890500000,4064.300048828125,4069.39990234375,4064.199951171875,4066.199951171875,691
1784890800000,4066.10009765625,4070.10009765625,4064.800048828125,4067.89990234375,1065
1784891100000,4067,4067.89990234375,4064.699951171875,4066.5,245
1784891400000,4066.89990234375,4080,4066.89990234375,4077.89990234375,2067
1784891700000,4077.699951171875,4084.5,4075,4080.10009765625,5126
1784892000000,4080.300048828125,4085.199951171875,4075.800048828125,4077,1857
1784892300000,4077.199951171875,4080.10009765625,4075.39990234375,4077.89990234375,1259
1784892600000,4078.199951171875,4079.89990234375,4077,4077.10009765625,443
1784892900000,4077,4082,4076.39990234375,4080.89990234375,508
1784893200000,4080.800048828125,4082.5,4073.800048828125,4075.10009765625,1877
1784893500000,4075.10009765625,4076.39990234375,4073.5,4075.800048828125,2541
1784893800000,4076.10009765625,4079,4075.699951171875,4078.39990234375,239
1784894100000,4077.89990234375,4080.800048828125,4077.89990234375,4079.89990234375,293
1784894400000,4080.300048828125,4080.300048828125,4077.800048828125,4079.199951171875,321
1784894700000,4079.39990234375,4080.199951171875,4077.699951171875,4078.699951171875,270
1784895000000,4078.89990234375,4079.60009765625,4077,4077.5,359
1784895300000,4077.60009765625,4078.699951171875,4076.300048828125,4077.199951171875,271
1784895600000,4077.10009765625,4080.199951171875,4076.10009765625,4079.699951171875,647
1784895900000,4079.60009765625,4080.89990234375,4076.10009765625,4076.60009765625,339
1784896200000,4076.60009765625,4076.60009765625,4072.60009765625,4074.89990234375,897
1784896500000,4074.699951171875,4074.800048828125,4070.10009765625,4070.5,510
1784896800000,4070.60009765625,4071.60009765625,4069.199951171875,4070.10009765625,385
1784897100000,4070.10009765625,4070.300048828125,4066.699951171875,4067.699951171875,456
1784897400000,4067.60009765625,4068.39990234375,4066.5,4068.10009765625,383
1784897700000,4068,4070.300048828125,4067.89990234375,4069.5,416
1784898000000,4069.699951171875,4070.89990234375,4069.199951171875,4070.199951171875,374
1784898300000,4070.300048828125,4070.5,4066.39990234375,4068,586
1784898600000,4068.39990234375,4068.60009765625,4065.300048828125,4066.5,465
1784898900000,4066.89990234375,4069.5,4066.10009765625,4069.300048828125,405
1784899200000,4069.39990234375,4071.5,4067.60009765625,4071.39990234375,1157
1784899500000,4071.39990234375,4072.800048828125,4069.699951171875,4071.300048828125,3288
1784899800000,4071.199951171875,4072.699951171875,4070.199951171875,4071.300048828125,994
1784900100000,4071.300048828125,4071.60009765625,4070.199951171875,4070.60009765625,304
1784900400000,4070.39990234375,4071.5,4068.89990234375,4069.300048828125,261
1784900700000,4068.699951171875,4070,4067.39990234375,4068.800048828125,207
1784901000000,4068.60009765625,4069.5,4065.300048828125,4066,329
1784901300000,4066.39990234375,4067.800048828125,4065.60009765625,4065.800048828125,220
1784901600000,4066,4066.5,4063.60009765625,4065.39990234375,247
1784901900000,4065.300048828125,4067.300048828125,4065,4065.300048828125,309
1784902200000,4065.300048828125,4065.89990234375,4063.699951171875,4064,238
1784902500000,4064.199951171875,4065.39990234375,4062.5,4062.699951171875,482
1784902800000,4062.699951171875,4063.10009765625,4058.60009765625,4059.89990234375,1090
1784903100000,4060,4060.60009765625,4057.199951171875,4057.699951171875,848
1784903400000,4057.800048828125,4058.60009765625,4054.89990234375,4056.699951171875,523
1784903700000,4056.60009765625,4059.39990234375,4055.89990234375,4057.89990234375,515
1784904000000,4057.89990234375,4058,4053.5,4054.5,453
1784904300000,4054.60009765625,4057.5,4054,4055.800048828125,208
1784904600000,4055.89990234375,4058.300048828125,4055.10009765625,4056.60009765625,208
1784904900000,4056.800048828125,4057.60009765625,4056.300048828125,4056.699951171875,84
1784905200000,4056.89990234375,4058.699951171875,4054.60009765625,4056.800048828125,324
1784905500000,4057,4057.10009765625,4054.89990234375,4055.300048828125,100
1784905800000,4055,4056.89990234375,4054.10009765625,4054.5,155
1784906100000,4054.5,4054.5,4051.800048828125,4053.199951171875,375
1784906400000,4053.10009765625,4053.5,4051.699951171875,4051.800048828125,173
1784906700000,4051.89990234375,4054.300048828125,4051.300048828125,4053.800048828125,224
1784907000000,4053.699951171875,4056.60009765625,4053.199951171875,4056.39990234375,188
1784907300000,4056.10009765625,4058.699951171875,4055.800048828125,4057.699951171875,423
1784907600000,4057.89990234375,4060.199951171875,4057.89990234375,4059.199951171875,282
1784907900000,4059.5,4059.699951171875,4057.300048828125,4057.5,103
1784908200000,4058,4058.300048828125,4056.10009765625,4058,193
1784908500000,4057.60009765625,4057.60009765625,4055,4056.10009765625,412
1784908800000,4055.89990234375,4057.800048828125,4055.5,4056.699951171875,339
1784909100000,4056.699951171875,4056.699951171875,4055.199951171875,4055.300048828125,102
1784909400000,4055.10009765625,4055.800048828125,4054.39990234375,4054.89990234375,135
1784909700000,4054.800048828125,4055.800048828125,4054.10009765625,4054.89990234375,113
1784910000000,4054.800048828125,4055.800048828125,4054.199951171875,4055.699951171875,128
1784910300000,4055.800048828125,4057.10009765625,4055.5,4055.89990234375,144
1784910600000,4056.10009765625,4056.5,4053.89990234375,4054.800048828125,181
1784910900000,4055,4057,4055,4056.699951171875,88
1784911200000,4056.5,4058.39990234375,4056.300048828125,4057.89990234375,69
1784911500000,4057.699951171875,4058.60009765625,4056.60009765625,4056.89990234375,144
1784911800000,4057,4057.300048828125,4055.5,4056,230
1784912100000,4055.699951171875,4070.800048828125,4054.5,4070.800048828125,294
1785089400000,4091.5,4092.800048828125,4089.300048828125,4091,179
1785089700000,4091.199951171875,4091.199951171875,4086.89990234375,4091.199951171875,337
1785090000000,4090.699951171875,4093.199951171875,4090.300048828125,4090.89990234375,158
1785090300000,4090.39990234375,4090.699951171875,4088.199951171875,4089.89990234375,213
1785090600000,4089.39990234375,4095,4088.800048828125,4094.60009765625,296
1785090900000,4094.800048828125,4095.89990234375,4092.699951171875,4093.39990234375,314
1785091200000,4093.199951171875,4095.39990234375,4092.699951171875,4094,158
1785091500000,4094,4096.5,4092.199951171875,4093,307
1785091800000,4092.699951171875,4094.89990234375,4092.699951171875,4094.39990234375,132
1785092100000,4094.5,4094.60009765625,4091.39990234375,4092.199951171875,254
1785092400000,4092.89990234375,4094.10009765625,4089.39990234375,4089.699951171875,103
1785092700000,4089.89990234375,4091,4089.300048828125,4089.60009765625,45
1785093000000,4090,4090.199951171875,4086.800048828125,4087.5,273
1785093300000,4087.699951171875,4088.60009765625,4086.800048828125,4087.10009765625,51
1785093600000,4087.5,4089,4085.800048828125,4086.39990234375,124
1785093900000,4087,4088.10009765625,4086.10009765625,4086.699951171875,70
1785094200000,4087.300048828125,4089.300048828125,4087.300048828125,4088.800048828125,70
1785094500000,4088.699951171875,4090.199951171875,4088.699951171875,4088.800048828125,38
1785094800000,4088.89990234375,4091.800048828125,4088.89990234375,4091.800048828125,57
1785095100000,4090.699951171875,4097.2998046875,4090.699951171875,4097,226
1785095400000,4097.10009765625,4098.7001953125,4095.39990234375,4095.89990234375,282
1785095700000,4096.10009765625,4099,4095.39990234375,4096.89990234375,212
1785096000000,4097.2001953125,4107.5,4096.60009765625,4104.5,861
1785096300000,4105,4110.89990234375,4101.7998046875,4110.7001953125,589
1785096600000,4110.89990234375,4119.2998046875,4109.39990234375,4118.5,1311
1785096900000,4118.2998046875,4118.39990234375,4109.39990234375,4109.89990234375,397
1785097200000,4109.89990234375,4110,4104.5,4105.39990234375,531
1785097500000,4105.60009765625,4105.7998046875,4093.199951171875,4097.5,1207
1785097800000,4097.2998046875,4102.39990234375,4096.39990234375,4102.2001953125,548
1785098100000,4102.5,4104.89990234375,4101.7001953125,4101.7001953125,339
1785098400000,4102,4104.7001953125,4100.7001953125,4102.7998046875,113
1785098700000,4102.2998046875,4108.7998046875,4102.2001953125,4107,358
1785099000000,4106.89990234375,4111.60009765625,4106.89990234375,4107.7998046875,265
1785099300000,4108.5,4108.5,4101.2998046875,4102.60009765625,351
1785099600000,4103.10009765625,4114.2998046875,4103.10009765625,4109.2001953125,712
1785099900000,4110,4114.7998046875,4107.89990234375,4108.2998046875,517
1785100200000,4109,4112,4108.2001953125,4109.2998046875,254
1785100500000,4109.7001953125,4111.2998046875,4104.2001953125,4104.39990234375,494
1785100800000,4104.60009765625,4105.10009765625,4102,4103.7998046875,400
1785101100000,4102.7001953125,4102.7001953125,4098.89990234375,4101.7998046875,262
1785101400000,4102.5,4105.89990234375,4101.5,4102.39990234375,228
1785101700000,4102.10009765625,4106.2001953125,4099.7998046875,4105.7001953125,288
1785102000000,4105.60009765625,4106.2998046875,4104,4104.7001953125,121
1785102300000,4104.89990234375,4109.2001953125,4104.89990234375,4108,179
1785102600000,4108,4110.39990234375,4104.60009765625,4110,196
1785102900000,4110.39990234375,4112,4107.89990234375,4112,207
1785103200000,4112.2001953125,4112.89990234375,4107.2001953125,4107.2998046875,232
1785103500000,4107,4109.39990234375,4106,4106.2001953125,234
1785103800000,4106.2998046875,4107.89990234375,4105.5,4107.60009765625,209
1785104100000,4107.7998046875,4107.7998046875,4105.2998046875,4106.2001953125,145
1785104400000,4106.2001953125,4106.39990234375,4103.7001953125,4105.89990234375,92
1785104700000,4106.2001953125,4107.60009765625,4104.7998046875,4105.2001953125,139
1785105000000,4104.60009765625,4105,4101.2998046875,4102,191
1785105300000,4101.89990234375,4103,4099.7001953125,4100.39990234375,202
1785105600000,4099.7998046875,4100.7001953125,4097.5,4098.5,134
1785105900000,4098.7998046875,4099.5,4096.7998046875,4097.2001953125,140
1785106200000,4096.89990234375,4098.7001953125,4096,4098.2001953125,222
1785106500000,4098.10009765625,4098.10009765625,4095.60009765625,4095.699951171875,156
1785106800000,4095.5,4097.7998046875,4092.39990234375,4094.10009765625,307
1785107100000,4094.10009765625,4095.300048828125,4092.800048828125,4093.199951171875,152
1785107400000,4093.199951171875,4094.10009765625,4091,4093.89990234375,345
1785107700000,4093.89990234375,4095.39990234375,4093,4094.300048828125,212
1785108000000,4094.10009765625,4094.199951171875,4091,4091.60009765625,158
1785108300000,4092,4092,4087.300048828125,4087.300048828125,239
1785108600000,4087.39990234375,4092.199951171875,4087,4092,328
1785108900000,4092.39990234375,4092.60009765625,4090,4091.39990234375,163
1785109200000,4091.10009765625,4093,4091.10009765625,4091.60009765625,169
1785109500000,4091.39990234375,4091.800048828125,4090.5,4091.39990234375,62
1785109800000,4091.39990234375,4092.699951171875,4090.89990234375,4091,54
1785110100000,4091.5,4093.199951171875,4091.199951171875,4092.5,89
1785110400000,4093,4095,4092.5,4093,197
1785110700000,4093.60009765625,4093.800048828125,4091.5,4091.699951171875,140
1785111000000,4091.60009765625,4092.39990234375,4090.699951171875,4092,70
1785111300000,4092.10009765625,4092.39990234375,4088.89990234375,4090,138
1785111600000,4089.800048828125,4091.89990234375,4089.60009765625,4090.10009765625,69
1785111900000,4090.60009765625,4091.199951171875,4089.39990234375,4091.199951171875,76
1785112200000,4091,4092.699951171875,4091,4092.39990234375,42
1785112500000,4092.60009765625,4094.300048828125,4092.39990234375,4093.10009765625,70
1785112800000,4093.199951171875,4094,4091.89990234375,4091.89990234375,116
1785113100000,4092.199951171875,4093,4091.699951171875,4091.89990234375,40
1785113400000,4091.60009765625,4092.60009765625,4091.199951171875,4092.5,56
1785113700000,4092.300048828125,4092.800048828125,4091.5,4091.699951171875,48
1785114000000,4092.5,4094.60009765625,4090.60009765625,4092.89990234375,79
1785114300000,4092.699951171875,4096.39990234375,4091.800048828125,4095.300048828125,129
1785114600000,4095.199951171875,4097,4094.5,4096.7001953125,91
1785114900000,4096.39990234375,4096.39990234375,4093.800048828125,4094.10009765625,91
1785115200000,4093.89990234375,4093.89990234375,4090.300048828125,4090.300048828125,123
1785115500000,4090.10009765625,4090.199951171875,4088.199951171875,4089,186
1785115800000,4088.800048828125,4092.199951171875,4087.800048828125,4089.300048828125,270
1785116100000,4089.199951171875,4092.300048828125,4087.60009765625,4090.199951171875,245
1785116400000,4089.89990234375,4091.300048828125,4089,4089.5,81
1785116700000,4090.300048828125,4090.300048828125,4086.5,4087.89990234375,169
1785117000000,4088.199951171875,4091,4086.89990234375,4090.89990234375,102
1785117300000,4090.699951171875,4095.699951171875,4089.60009765625,4095.300048828125,235
1785117600000,4094.89990234375,4096.7001953125,4093.89990234375,4095.39990234375,174
1785117900000,4095.10009765625,4096.7001953125,4093.60009765625,4095.699951171875,223
1785118200000,4096.7001953125,4098.39990234375,4095.199951171875,4096.60009765625,323
1785118500000,4096.2998046875,4097.2998046875,4094.300048828125,4095.10009765625,316
1785118800000,4094.800048828125,4096.2001953125,4093.300048828125,4095.89990234375,322
1785119100000,4096.10009765625,4098.60009765625,4096,4097.7001953125,144
1785119400000,4098.10009765625,4098.60009765625,4096.5,4097.7998046875,139
1785119700000,4097.60009765625,4100.2998046875,4097.39990234375,4100.2001953125,198
1785120000000,4100.2001953125,4101.39990234375,4098.39990234375,4100.5,146
1785120300000,4101,4101.39990234375,4099.39990234375,4100.2001953125,135
1785120600000,4099.60009765625,4099.60009765625,4096.89990234375,4098.7001953125,493
1785120900000,4098.2998046875,4099.39990234375,4097.7998046875,4098.39990234375,165
1785121200000,4098.2001953125,4102.89990234375,4098,4100.7001953125,457
1785121500000,4101,4102.39990234375,4098.2001953125,4099.7998046875,331
1785121800000,4100.39990234375,4104,4098.89990234375,4104,542
1785122100000,4103.60009765625,4106.10009765625,4101.7001953125,4106,586
1785122400000,4106,4107.7998046875,4104.89990234375,4106.60009765625,274
1785122700000,4106.60009765625,4108.2998046875,4105,4105.39990234375,251
1785123000000,4105.39990234375,4105.7998046875,4103.60009765625,4105.10009765625,186
1785123300000,4105,4105.7998046875,4100.60009765625,4101.2001953125,248
1785123600000,4101.10009765625,4101.5,4097.7998046875,4099.10009765625,265
1785123900000,4099.39990234375,4100.7998046875,4098.2998046875,4099.39990234375,213
1785124200000,4099.10009765625,4099.10009765625,4095.199951171875,4095.5,266
1785124500000,4096.2001953125,4096.5,4090.5,4090.699951171875,798
1785124800000,4090.89990234375,4094.800048828125,4089.699951171875,4090.5,336
1785125100000,4089.699951171875,4094.5,4088.800048828125,4092,312
1785125400000,4092,4093.800048828125,4091.800048828125,4093.300048828125,231
1785125700000,4092.89990234375,4094,4091.5,4093.5,1147
1785126000000,4092.89990234375,4093.199951171875,4090.699951171875,4092.89990234375,325
1785126300000,4092.699951171875,4094.5,4092.699951171875,4093,306
1785126600000,4092.5,4092.89990234375,4089.10009765625,4089.10009765625,218
1785126900000,4089.199951171875,4092.60009765625,4089,4092.5,205
1785127200000,4092.5,4094.699951171875,4091.5,4092.800048828125,205
1785127500000,4093.300048828125,4095.300048828125,4092.60009765625,4095.10009765625,109
1785127800000,4094.800048828125,4097,4093.10009765625,4096.60009765625,99
1785128100000,4096.39990234375,4098.7001953125,4095.800048828125,4097.7001953125,229
1785128400000,4096.7998046875,4098.2998046875,4096.2001953125,4098,317
1785128700000,4098.2998046875,4100.2998046875,4096.89990234375,4096.89990234375,510
1785129000000,4096.5,4097.7998046875,4095.10009765625,4095.89990234375,293
1785129300000,4096.2001953125,4096.60009765625,4094.800048828125,4095,144
1785129600000,4095,4097.2001953125,4094,4095.60009765625,191
1785129900000,4095.89990234375,4097.7001953125,4092.800048828125,4093.5,606
1785130200000,4093.300048828125,4095.5,4091.800048828125,4093.89990234375,1153
1785130500000,4093.800048828125,4095.89990234375,4093,4094,380
1785130800000,4094.199951171875,4097,4093.199951171875,4096.60009765625,284
1785131100000,4096.10009765625,4100.10009765625,4096,4099.39990234375,505
1785131400000,4099.5,4101.39990234375,4098.5,4100.2998046875,351
1785131700000,4100.60009765625,4102.7001953125,4098.2998046875,4098.89990234375,902
1785132000000,4098.7998046875,4098.7998046875,4096.7001953125,4097.5,260
1785132300000,4097.2001953125,4097.2001953125,4095.300048828125,4096,390
1785132600000,4095.60009765625,4095.89990234375,4088.39990234375,4092.5,498
1785132900000,4092.60009765625,4094,4091,4093.10009765625,112
1785133200000,4093.10009765625,4095.800048828125,4092.89990234375,4094.699951171875,192
1785133500000,4094.60009765625,4096.2001953125,4094.60009765625,4095.10009765625,76
1785133800000,4095.60009765625,4098.60009765625,4095,4098.2001953125,259
1785134100000,4098.2001953125,4101.5,4097.2001953125,4100.39990234375,499
1785134400000,4100.60009765625,4104,4100,4102.7998046875,1142
1785134700000,4102.89990234375,4104.60009765625,4102.2001953125,4104.5,270
1785135000000,4104.2998046875,4104.2998046875,4101.7001953125,4103.7001953125,280
1785135300000,4103.89990234375,4104.60009765625,4100.89990234375,4102.10009765625,1050
1785135600000,4102.2001953125,4103.2001953125,4099.2001953125,4099.7998046875,453
1785135900000,4099.39990234375,4105.60009765625,4099.2001953125,4105,419
1785136200000,4105.10009765625,4107,4103.7998046875,4104.10009765625,287
1785136500000,4104.2001953125,4105.2998046875,4102.7001953125,4102.89990234375,255
1785136800000,4102.2001953125,4103.7001953125,4101.60009765625,4101.60009765625,186
1785137100000,4102.7001953125,4103.5,4098.7998046875,4098.7998046875,221
1785137400000,4098.89990234375,4102.2001953125,4098.2998046875,4099.5,214
1785137700000,4100,4101.2001953125,4098.60009765625,4098.89990234375,165
1785138000000,4098.7998046875,4100.2998046875,4096.60009765625,4098.2001953125,441
1785138300000,4098.2001953125,4099.2998046875,4095.800048828125,4097.60009765625,611
1785138600000,4097.5,4099.2998046875,4096.10009765625,4096.60009765625,204
1785138900000,4096.2001953125,4097.2001953125,4095.60009765625,4095.89990234375,456
1785139200000,4096.10009765625,4099.7998046875,4096.10009765625,4098.39990234375,378
1785139500000,4098.2001953125,4098.2001953125,4096.10009765625,4096.39990234375,241
1785139800000,4096.2001953125,4096.2001953125,4088.10009765625,4089.300048828125,1321
1785140100000,4089.300048828125,4091,4083.89990234375,4086.10009765625,1594
1785140400000,4085.89990234375,4087.10009765625,4083.10009765625,4084.800048828125,907
1785140700000,4085,4090.60009765625,4084.89990234375,4088.10009765625,496
1785141000000,4088.89990234375,4090.5,4085,4089.5,678
1785141300000,4089.199951171875,4089.699951171875,4086.5,4089,388
1785141600000,4088.800048828125,4089.199951171875,4085.89990234375,4088.5,459
1785141900000,4088.199951171875,4091.10009765625,4084.10009765625,4084.5,2953
1785142200000,4084.39990234375,4087.800048828125,4083.39990234375,4084.699951171875,875
1785142500000,4084.5,4088.199951171875,4082.39990234375,4085.199951171875,823
1785142800000,4085.800048828125,4090.800048828125,4085.199951171875,4086,3395
1785143100000,4085.699951171875,4087.89990234375,4084,4085.699951171875,690
1785143400000,4085.199951171875,4089.699951171875,4082.699951171875,4086.60009765625,738
1785143700000,4086.60009765625,4089.199951171875,4083.199951171875,4085.60009765625,897
1785144000000,4085.800048828125,4087.199951171875,4083.199951171875,4085.89990234375,636
1785144300000,4086.199951171875,4086.800048828125,4077.699951171875,4077.800048828125,1646
1785144600000,4078,4084,4077.39990234375,4081.300048828125,1498
1785144900000,4082.199951171875,4089.699951171875,4081.60009765625,4087.300048828125,1162
1785145200000,4087.39990234375,4091.39990234375,4086,4088.89990234375,2678
1785145500000,4088.89990234375,4091.800048828125,4086.800048828125,4090.10009765625,622
1785145800000,4089.39990234375,4091.300048828125,4085.800048828125,4086,633
1785146100000,4085.800048828125,4085.800048828125,4071.60009765625,4075.800048828125,2956
1785146400000,4075.89990234375,4081,4072.699951171875,4077.199951171875,2261
1785146700000,4077.5,4080,4075,4079.10009765625,2233
1785147000000,4079.300048828125,4079.60009765625,4074.199951171875,4078.800048828125,1831
1785147300000,4078.800048828125,4080.60009765625,4077,4078.199951171875,1173
1785147600000,4077.89990234375,4078.5,4074.199951171875,4075.60009765625,583
1785147900000,4075.5,4076,4068.60009765625,4069.800048828125,2294
1785148200000,4070.39990234375,4071.699951171875,4068.199951171875,4069.89990234375,1475
1785148500000,4069.699951171875,4072.800048828125,4067.89990234375,4070.5,1497
1785148800000,4069.89990234375,4071.5,4067.10009765625,4070.5,837
1785149100000,4070.5,4075.199951171875,4070.5,4073.300048828125,755
1785149400000,4073.60009765625,4076.89990234375,4072.300048828125,4075.199951171875,825
1785149700000,4075.199951171875,4079.60009765625,4073.60009765625,4078.39990234375,622
1785150000000,4078.300048828125,4078.60009765625,4074.699951171875,4077.5,848
1785150300000,4077.5,4077.5,4074.39990234375,4074.39990234375,3373
1785150600000,4074.60009765625,4078.60009765625,4073.89990234375,4078.300048828125,1586
1785150900000,4077.89990234375,4081.10009765625,4077.800048828125,4080.10009765625,642
1785151200000,4080.10009765625,4081.800048828125,4077,4077.5,976
1785151500000,4077.699951171875,4079.199951171875,4076.699951171875,4078.89990234375,159
1785151800000,4078.60009765625,4080.5,4075.10009765625,4075.39990234375,779
1785152100000,4075.60009765625,4077.199951171875,4074.800048828125,4075.800048828125,548
1785152400000,4076,4079.10009765625,4075.60009765625,4078.10009765625,441
1785152700000,4078.5,4079,4076.89990234375,4078.5,950
1785153000000,4078.60009765625,4082.199951171875,4078.300048828125,4079.800048828125,332
1785153300000,4079.800048828125,4081.5,4079.800048828125,4080.60009765625,460
1785153600000,4080.800048828125,4082,4079.89990234375,4081.60009765625,181
1785153900000,4081.300048828125,4087,4080.199951171875,4086.60009765625,844
1785154200000,4086.39990234375,4086.60009765625,4082.699951171875,4083.10009765625,276
1785154500000,4083.300048828125,4083.800048828125,4081.60009765625,4082.60009765625,309
1785154800000,4082.39990234375,4085,4082.39990234375,4083,151
1785155100000,4083,4090.89990234375,4083,4087.10009765625,2000
1785155400000,4087,4095.10009765625,4087,4093.5,1138
1785155700000,4093.5,4095.699951171875,4091.800048828125,4092.5,464
1785156000000,4092.5,4092.800048828125,4088.89990234375,4090.10009765625,439
1785156300000,4090.300048828125,4090.39990234375,4085.60009765625,4085.800048828125,351
1785156600000,4085.800048828125,4085.800048828125,4082.5,4083.800048828125,989
1785156900000,4083.60009765625,4084.300048828125,4082.5,4084.10009765625,171
1785157200000,4084,4084.10009765625,4076.89990234375,4077.699951171875,756
1785157500000,4078,4078.699951171875,4075.10009765625,4076.800048828125,1650
1785157800000,4077,4077.60009765625,4072.199951171875,4075.300048828125,1979
1785158100000,4075.39990234375,4077.39990234375,4074.10009765625,4075.800048828125,1535
1785158400000,4076.39990234375,4078.10009765625,4075.10009765625,4075.89990234375,303
1785158700000,4076.10009765625,4078.699951171875,4075.39990234375,4076.39990234375,1923
1785159000000,4076.5,4077.800048828125,4075.300048828125,4075.60009765625,295
1785159300000,4075.300048828125,4076.39990234375,4073.89990234375,4075.300048828125,224
1785159600000,4074.800048828125,4076.39990234375,4074.699951171875,4076.300048828125,88
1785159900000,4076,4077.300048828125,4075,4077,418
1785160200000,4076.699951171875,4079,4076.60009765625,4077.5,180
1785160500000,4077.89990234375,4078.699951171875,4077.60009765625,4078.199951171875,135
1785160800000,4078.199951171875,4081,4077.800048828125,4079.800048828125,318
1785161100000,4079,4080.800048828125,4079,4080.199951171875,110
1785161400000,4080.300048828125,4080.300048828125,4077.89990234375,4078.39990234375,216
1785161700000,4078.5,4078.60009765625,4075.89990234375,4076.699951171875,222
1785162000000,4076.5,4078.199951171875,4075.89990234375,4078.199951171875,159
1785162300000,4078.10009765625,4078.800048828125,4077.60009765625,4078.60009765625,422
1785162600000,4078.39990234375,4078.89990234375,4076.39990234375,4076.5,373
1785162900000,4076.300048828125,4076.89990234375,4074.800048828125,4075.10009765625,179
1785163200000,4075.10009765625,4081.199951171875,4074.5,4078,1249
1785163500000,4077.60009765625,4078.10009765625,4076.699951171875,4076.89990234375,248
1785163800000,4076.800048828125,4080.300048828125,4076.10009765625,4079.5,239
1785164100000,4079.60009765625,4081.199951171875,4079.10009765625,4079.800048828125,153
1785164400000,4079.89990234375,4080.800048828125,4078.699951171875,4078.89990234375,145
1785164700000,4079.10009765625,4082,4078,4081.800048828125,179
1785165000000,4081.800048828125,4083.699951171875,4081.60009765625,4082.39990234375,568
1785165300000,4082.39990234375,4086.800048828125,4081.199951171875,4086.5,687
1785165600000,4086.60009765625,4090.89990234375,4086.199951171875,4087,691
1785165900000,4087.5,4087.89990234375,4085.5,4087.800048828125,103
1785166200000,4088,4088.800048828125,4085.89990234375,4087.39990234375,166
1785166500000,4087.60009765625,4089.10009765625,4087.5,4088.199951171875,128
1785166800000,4088.5,4089.5,4087.300048828125,4089.199951171875,376
1785167100000,4089.300048828125,4091.60009765625,4088.300048828125,4091.60009765625,218
1785167400000,4091.300048828125,4091.800048828125,4088.10009765625,4089.5,387
1785167700000,4089.300048828125,4089.39990234375,4084.5,4085.5,477
1785168000000,4085.39990234375,4086.39990234375,4084,4084.199951171875,647
1785168300000,4084.199951171875,4084.699951171875,4083.60009765625,4084.5,164
1785168600000,4084.60009765625,4085.10009765625,4083.800048828125,4084.39990234375,97
1785168900000,4084.199951171875,4084.39990234375,4082.800048828125,4083.10009765625,60
1785169200000,4083.10009765625,4083.199951171875,4080.699951171875,4082.199951171875,136
1785169500000,4082.39990234375,4083.300048828125,4079.800048828125,4081,142
1785169800000,4081.10009765625,4081.60009765625,4079,4079.300048828125,175
1785170100000,4079.39990234375,4080.39990234375,4077.60009765625,4078.89990234375,188
1785170400000,4078.699951171875,4079.699951171875,4078.699951171875,4079,55
1785170700000,4079.10009765625,4079.60009765625,4078,4078.5,70
1785171000000,4078.699951171875,4079.39990234375,4077.60009765625,4079,285
1785171300000,4078.800048828125,4079.800048828125,4078.199951171875,4078.60009765625,79
1785175200000,4083,4085.699951171875,4079.60009765625,4082.300048828125,0
1785175500000,4082.60009765625,4083,4080.300048828125,4081,42
1785175800000,4080.5,4080.5,4076.39990234375,4079.10009765625,178
1785176100000,4078.89990234375,4079.10009765625,4077.199951171875,4077.699951171875,101
1785176400000,4078.10009765625,4078.199951171875,4073.10009765625,4074,263
1785176700000,4074,4074.60009765625,4072.300048828125,4073.89990234375,127
1785177000000,4073.699951171875,4075.60009765625,4073.699951171875,4075.60009765625,35
1785177300000,4076.10009765625,4076.300048828125,4075.10009765625,4075.800048828125,48
1785177600000,4075.39990234375,4076.39990234375,4075.39990234375,4076.300048828125,58
1785177900000,4076.300048828125,4076.300048828125,4074.89990234375,4075.5,104
1785178200000,4075.5,4076.10009765625,4075,4075.89990234375,49
1785178500000,4075.300048828125,4076.39990234375,4075.10009765625,4075.10009765625,44
1785178800000,4075.39990234375,4075.39990234375,4073.199951171875,4074.199951171875,81
1785179100000,4074.300048828125,4076,4074.300048828125,4075,70
1785179400000,4075.5,4076.10009765625,4074.699951171875,4075.5,62
1785179700000,4075.300048828125,4075.800048828125,4074.300048828125,4074.300048828125,48
1785180000000,4074.699951171875,4075.199951171875,4074,4074.300048828125,35
1785180300000,4074.60009765625,4075,4073.10009765625,4074.5,67
1785180600000,4074.199951171875,4074.89990234375,4073.699951171875,4074.699951171875,36
1785180900000,4074.60009765625,4074.89990234375,4073.5,4074.5,29
1785181200000,4074.300048828125,4074.300048828125,4073,4073.199951171875,38
1785181500000,4073.5,4073.699951171875,4071,4071.39990234375,83
1785181800000,4071.199951171875,4074.10009765625,4071.10009765625,4073.199951171875,40
1785182100000,4072.800048828125,4074.39990234375,4072.699951171875,4074.39990234375,46
1785182400000,4074.39990234375,4075.5,4065.800048828125,4066.89990234375,360
1785182700000,4067.10009765625,4067.89990234375,4063,4067.800048828125,701
1785183000000,4068,4068.5,4066,4067.60009765625,101
1785183300000,4068.10009765625,4068.199951171875,4063.199951171875,4066.10009765625,422
1785183600000,4066,4067.10009765625,4060.800048828125,4061.199951171875,494
1785183900000,4061.800048828125,4064,4059.60009765625,4062.89990234375,360
1785184200000,4063.300048828125,4065.300048828125,4061.300048828125,4064.60009765625,392
1785184500000,4065.10009765625,4065.800048828125,4064.10009765625,4064.199951171875,136
1785184800000,4064.699951171875,4066.89990234375,4063.10009765625,4066,69
1785185100000,4065.800048828125,4065.800048828125,4059.699951171875,4060,352
1785185400000,4060.300048828125,4060.699951171875,4058.300048828125,4060.199951171875,173
1785185700000,4060,4062.10009765625,4058.10009765625,4058.5,224
1785186000000,4058.300048828125,4061.199951171875,4054.199951171875,4060,1244
1785186300000,4059.5,4060,4055,4057,313
1785186600000,4056.800048828125,4059.10009765625,4055.60009765625,4058.300048828125,267
1785186900000,4058.699951171875,4059.60009765625,4053.800048828125,4054,397
1785187200000,4054.5,4055,4049.39990234375,4050.699951171875,722
1785187500000,4050.199951171875,4050.699951171875,4046.199951171875,4048.199951171875,694
1785187800000,4047.5,4050.800048828125,4044,4046.5,431
1785188100000,4047,4051.199951171875,4046.699951171875,4049.800048828125,299
1785188400000,4049.800048828125,4050.300048828125,4047.60009765625,4049.699951171875,130
1785188700000,4049.39990234375,4049.39990234375,4046,4046.89990234375,97
1785189000000,4047.300048828125,4047.800048828125,4042.89990234375,4045.5,262
1785189300000,4045.60009765625,4045.89990234375,4044.300048828125,4045.699951171875,179
1785189600000,4045.89990234375,4046.5,4043.10009765625,4044.199951171875,223
1785189900000,4044.39990234375,4047.800048828125,4042.800048828125,4046.60009765625,339
1785190200000,4046.89990234375,4048.10009765625,4046.10009765625,4046.89990234375,195
1785190500000,4046.800048828125,4048.60009765625,4045.699951171875,4048.10009765625,141
1785190800000,4048.5,4049.699951171875,4047.199951171875,4047.89990234375,220
1785191100000,4047.39990234375,4048.800048828125,4045.800048828125,4046.60009765625,160
1785191400000,4046.10009765625,4048.199951171875,4045.800048828125,4047,106
1785191700000,4046.60009765625,4047.39990234375,4045.10009765625,4045.39990234375,132
1785192000000,4045,4046.10009765625,4041.800048828125,4044.800048828125,486
1785192300000,4044.60009765625,4045.89990234375,4043,4043.89990234375,154
1785192600000,4043.89990234375,4045.800048828125,4043.300048828125,4044.199951171875,206
1785192900000,4044.300048828125,4044.300048828125,4041.10009765625,4042.300048828125,232
1785193200000,4042.300048828125,4044.300048828125,4040.699951171875,4044.300048828125,175
1785193500000,4043.39990234375,4046.39990234375,4043.39990234375,4046,157
1785193800000,4046,4047.89990234375,4045.800048828125,4046.5,250
1785194100000,4046.39990234375,4049.800048828125,4045.699951171875,4049.60009765625,259
1785194400000,4049.699951171875,4049.800048828125,4047.39990234375,4048.89990234375,173
1785194700000,4049.10009765625,4049.199951171875,4046.699951171875,4048.10009765625,178
1785195000000,4047.699951171875,4051.5,4047.699951171875,4050.39990234375,265
1785195300000,4050.199951171875,4050.5,4048.699951171875,4048.800048828125,98
1785195600000,4049.5,4049.800048828125,4047.699951171875,4048.300048828125,138
1785195900000,4049.10009765625,4051.10009765625,4048.39990234375,4050.300048828125,103
1785196200000,4050.300048828125,4050.89990234375,4048.699951171875,4050.10009765625,74
1785196500000,4049.800048828125,4050.300048828125,4048.199951171875,4049.60009765625,70
1785196800000,4049,4049.699951171875,4048.10009765625,4048.39990234375,118
1785197100000,4047.800048828125,4048.300048828125,4045.60009765625,4046.60009765625,197
1785197400000,4046.10009765625,4047,4043.199951171875,4044.300048828125,249
1785197700000,4043.800048828125,4047.5,4043.5,4047.199951171875,211
1785198000000,4047.89990234375,4048,4046.800048828125,4046.800048828125,96
1785198300000,4046.60009765625,4047.199951171875,4045.60009765625,4045.60009765625,56
1785198600000,4045.800048828125,4046.800048828125,4044,4046.5,158
1785198900000,4046.89990234375,4047.10009765625,4045.89990234375,4046,63
1785199200000,4045.89990234375,4047.800048828125,4045.39990234375,4047.60009765625,50
1785199500000,4047.89990234375,4048,4043.10009765625,4043.5,208
1785199800000,4043.300048828125,4044.60009765625,4043.199951171875,4043.800048828125,110
1785200100000,4043.89990234375,4044.39990234375,4041.199951171875,4042.10009765625,173
1785200400000,4041.89990234375,4042.60009765625,4039.60009765625,4041.199951171875,208
1785200700000,4041,4042.699951171875,4040.5,4041.300048828125,341
1785201000000,4041.300048828125,4043.800048828125,4041.300048828125,4042.699951171875,174
1785201300000,4042.5,4043.39990234375,4042,4042.60009765625,97
1785201600000,4042.699951171875,4043.800048828125,4041.699951171875,4042.89990234375,154
1785201900000,4042.60009765625,4043.39990234375,4040.699951171875,4043.300048828125,117
1785202200000,4042.699951171875,4045.5,4037.10009765625,4037.60009765625,679
1785202500000,4037.39990234375,4038,4034.60009765625,4037.60009765625,360
1785202800000,4037.60009765625,4042.199951171875,4036.800048828125,4041.89990234375,236
1785203100000,4041.89990234375,4044.10009765625,4039.39990234375,4042,196
1785203400000,4042,4044.300048828125,4041.60009765625,4044.300048828125,105
1785203700000,4044.5,4046.89990234375,4043.800048828125,4045.199951171875,164
1785204000000,4045.5,4048,4045.300048828125,4047,167
1785204300000,4046.199951171875,4047,4044.39990234375,4044.699951171875,178
1785204600000,4045,4046.199951171875,4042.89990234375,4044.699951171875,155
1785204900000,4044.5,4047.60009765625,4044.300048828125,4045.5,146
1785205200000,4046.800048828125,4047.60009765625,4044.39990234375,4045.60009765625,185
1785205500000,4045.699951171875,4050,4045.39990234375,4048.10009765625,214
1785205800000,4047.800048828125,4050.10009765625,4047.10009765625,4049.699951171875,257
1785206100000,4049.5,4050.5,4048.5,4050.5,684
1785206400000,4050.60009765625,4052.800048828125,4050,4050.199951171875,793
1785206700000,4050,4050.5,4048.300048828125,4050.39990234375,596
1785207000000,4050.199951171875,4051.39990234375,4049.699951171875,4051.199951171875,140
1785207300000,4051.39990234375,4052,4048.39990234375,4048.699951171875,523
1785207600000,4048.300048828125,4050.5,4047.699951171875,4048.800048828125,505
1785207900000,4048.89990234375,4050.699951171875,4047.800048828125,4050.300048828125,244
1785208200000,4050.5,4051.39990234375,4049.10009765625,4049.39990234375,311
1785208500000,4049.10009765625,4052.300048828125,4048.800048828125,4051.5,2639
1785208800000,4051.10009765625,4052.89990234375,4049.800048828125,4050.89990234375,438
1785209100000,4051.10009765625,4052.5,4049.60009765625,4050.39990234375,2968
1785209400000,4050.60009765625,4050.89990234375,4049,4049,2913
1785209700000,4049.199951171875,4051,4048.5,4050.800048828125,308
1785210000000,4050.800048828125,4051.300048828125,4048.89990234375,4049.699951171875,334
1785210300000,4050,4050,4046.800048828125,4047.800048828125,410
1785210600000,4048,4050,4047.60009765625,4049.199951171875,263
1785210900000,4049.300048828125,4049.300048828125,4045.800048828125,4047.300048828125,384
1785211200000,4047.300048828125,4052.89990234375,4046.39990234375,4051.300048828125,351
1785211500000,4051.300048828125,4055.60009765625,4048.39990234375,4048.800048828125,479
1785211800000,4048.89990234375,4048.89990234375,4043.10009765625,4044.5,406
1785212100000,4044.60009765625,4050.39990234375,4044.60009765625,4048.60009765625,379
1785212400000,4048.39990234375,4051.5,4047.699951171875,4051.5,271
1785212700000,4050.699951171875,4050.800048828125,4048.89990234375,4049.89990234375,105
1785213000000,4050.10009765625,4050.10009765625,4044.800048828125,4045.89990234375,411
1785213300000,4046,4046.699951171875,4042.300048828125,4042.699951171875,215
1785213600000,4042.699951171875,4045.39990234375,4042.199951171875,4043.60009765625,425
1785213900000,4043.60009765625,4046.300048828125,4043.39990234375,4046,239
1785214200000,4045.89990234375,4046.10009765625,4041.89990234375,4042.60009765625,248
1785214500000,4042.300048828125,4045.699951171875,4042.300048828125,4045.699951171875,460
1785214800000,4045.5,4046.10009765625,4043.199951171875,4043.39990234375,269
1785215100000,4042.800048828125,4043.39990234375,4041.300048828125,4042.800048828125,444
1785215400000,4042.39990234375,4043.300048828125,4040.89990234375,4040.89990234375,155
1785215700000,4041.300048828125,4044,4041.300048828125,4043.699951171875,238
1785216000000,4043.699951171875,4044.300048828125,4042.39990234375,4042.5,142
1785216300000,4042.5,4042.800048828125,4039.199951171875,4040.10009765625,431
1785216600000,4040,4040.39990234375,4036,4038,1653
1785216900000,4038,4038.300048828125,4029.300048828125,4032,1547
1785217200000,4032.300048828125,4034,4031.800048828125,4033.10009765625,360
1785217500000,4033,4034.199951171875,4029.60009765625,4031.199951171875,1691
1785217800000,4031.10009765625,4031.89990234375,4028.39990234375,4030,491
1785218100000,4029.800048828125,4030.10009765625,4018.10009765625,4023.300048828125,2193
1785218400000,4023.10009765625,4025.39990234375,4021.39990234375,4024.60009765625,1308
1785218700000,4024.800048828125,4027.199951171875,4021.60009765625,4021.89990234375,1113
1785219000000,4022,4024.199951171875,4020.199951171875,4024.199951171875,2408
1785219300000,4023.699951171875,4025.699951171875,4021.60009765625,4021.699951171875,362
1785219600000,4021.800048828125,4022.39990234375,4016.89990234375,4018.699951171875,607
1785219900000,4019.300048828125,4020,4016.5,4016.800048828125,650
1785220200000,4016.800048828125,4023.199951171875,4016.60009765625,4022.300048828125,668
1785220500000,4021.89990234375,4022.800048828125,4019.10009765625,4021.60009765625,2408
1785220800000,4021.39990234375,4022.10009765625,4019.800048828125,4022,149
1785221100000,4022,4025.699951171875,4021.5,4023.300048828125,789
1785221400000,4023.5,4027.89990234375,4023.199951171875,4027.60009765625,692
1785221700000,4027.5,4028.199951171875,4025.5,4025.60009765625,265
1785222000000,4026,4028.5,4024.39990234375,4026.10009765625,326
1785222300000,4025.699951171875,4028,4024.60009765625,4027,263
1785222600000,4026.800048828125,4027.300048828125,4022.5,4023.5,366
1785222900000,4023.60009765625,4031.89990234375,4023.60009765625,4030.10009765625,435
1785223200000,4030.10009765625,4030.39990234375,4028.199951171875,4028.199951171875,474
1785223500000,4028.10009765625,4028.89990234375,4026,4027.199951171875,627
1785223800000,4026.800048828125,4028.39990234375,4025.800048828125,4026.699951171875,496
1785224100000,4027,4031.10009765625,4027,4029.300048828125,289
1785224400000,4028.89990234375,4029.10009765625,4026.10009765625,4026.60009765625,700
1785224700000,4026.800048828125,4027.39990234375,4025,4026.5,350
1785225000000,4025.800048828125,4026.199951171875,4023.199951171875,4024,293
1785225300000,4023.800048828125,4028,4023.800048828125,4027.800048828125,562
1785225600000,4027.300048828125,4028,4023.199951171875,4025.699951171875,560
1785225900000,4025.800048828125,4028.199951171875,4024.800048828125,4025.60009765625,724
1785226200000,4025.5,4027.5,4022.199951171875,4027.199951171875,1548
1785226500000,4027.5,4030.699951171875,4025.60009765625,4030.199951171875,270
1785226800000,4030,4033.89990234375,4029.300048828125,4033.800048828125,777
1785227100000,4033.60009765625,4034.60009765625,4030.699951171875,4034.10009765625,1333
1785227400000,4034.10009765625,4034.60009765625,4024.800048828125,4028,823
1785227700000,4027.89990234375,4030,4026,4028.199951171875,1694
1785228000000,4027.699951171875,4034.60009765625,4027.699951171875,4033.300048828125,1554
1785228300000,4033.300048828125,4037.89990234375,4032.89990234375,4034.39990234375,636
1785228600000,4034.199951171875,4034.60009765625,4031.10009765625,4032.199951171875,404
1785228900000,4032.10009765625,4032.60009765625,4027.800048828125,4029.39990234375,1450
1785229200000,4029.39990234375,4034.300048828125,4029,4033,914
1785229500000,4032.10009765625,4035.60009765625,4030.60009765625,4032.699951171875,1695
1785229800000,4033,4033.89990234375,4032.10009765625,4032.699951171875,210
1785230100000,4032.60009765625,4032.89990234375,4029.699951171875,4030.199951171875,375
1785230400000,4030.800048828125,4036,4030.800048828125,4034.300048828125,540
1785230700000,4034.199951171875,4036.10009765625,4028.5,4028.699951171875,497
1785231000000,4028.699951171875,4032.800048828125,4026.89990234375,4031,1841
1785231300000,4031.39990234375,4032.60009765625,4021.300048828125,4021.39990234375,2353
1785231600000,4021.800048828125,4024.89990234375,4019.300048828125,4024.89990234375,3394
1785231900000,4024.699951171875,4026.60009765625,4021.699951171875,4024.60009765625,1373
1785232200000,4025,4028.5,4024.199951171875,4027.10009765625,1217
1785232500000,4026.89990234375,4027,4021.300048828125,4021.39990234375,1456
1785232800000,4021.89990234375,4027,4021.39990234375,4026.39990234375,1826
1785233100000,4025.699951171875,4031.39990234375,4025.699951171875,4030.10009765625,1107
1785233400000,4029.699951171875,4034.10009765625,4025.300048828125,4025.60009765625,3022
1785233700000,4026.199951171875,4027,4020,4020,890
1785234000000,4020.300048828125,4020.699951171875,4011.10009765625,4016.60009765625,3648
1785234300000,4017,4023,4016.199951171875,4022,616
1785234600000,4021.89990234375,4025.300048828125,4019.89990234375,4020.199951171875,1130
1785234900000,4019.89990234375,4023.60009765625,4019.199951171875,4020.60009765625,1011
1785235200000,4019.89990234375,4023.89990234375,4018.5,4022.60009765625,574
1785235500000,4022.60009765625,4028.60009765625,4021,4028.10009765625,1126
1785235800000,4027.800048828125,4029.39990234375,4025.699951171875,4027.5,823
1785236100000,4027,4028,4023.800048828125,4023.800048828125,501
1785236400000,4024.60009765625,4029.89990234375,4023.800048828125,4024.60009765625,684
1785236700000,4024.39990234375,4027.699951171875,4021.89990234375,4027.5,957
1785237000000,4027.699951171875,4036.199951171875,4027.60009765625,4033.699951171875,2976
1785237300000,4033.89990234375,4036.39990234375,4031.699951171875,4035.60009765625,1240
1785237600000,4035.89990234375,4041.300048828125,4035.199951171875,4035.89990234375,1469
1785237900000,4036.300048828125,4040.39990234375,4034.89990234375,4035.60009765625,946
1785238200000,4035.699951171875,4036.60009765625,4032.300048828125,4033.60009765625,1077
1785238500000,4033.800048828125,4038.699951171875,4033,4037.39990234375,832
1785238800000,4037.5,4042.60009765625,4037.10009765625,4041.699951171875,2213
1785239100000,4041.89990234375,4045.800048828125,4041.5,4043.60009765625,1656
1785239400000,4043.699951171875,4047.39990234375,4041.800048828125,4046.199951171875,836
1785239700000,4046.300048828125,4047.300048828125,4044.89990234375,4046.5,631
1785240000000,4046.699951171875,4046.800048828125,4042.60009765625,4042.60009765625,677
1785240300000,4042.89990234375,4045.199951171875,4042.699951171875,4043.60009765625,427
1785240600000,4043.699951171875,4046.199951171875,4042.5,4044.800048828125,403
1785240900000,4045.199951171875,4045.800048828125,4043.800048828125,4045.5,294
1785241200000,4045.5,4046.10009765625,4043.300048828125,4043.89990234375,1751
1785241500000,4044.300048828125,4045.10009765625,4042.10009765625,4042.300048828125,2057
1785241800000,4042.5,4044.10009765625,4041.300048828125,4043,630
1785242100000,4043.10009765625,4044,4041.60009765625,4042.10009765625,1234
1785242400000,4042.300048828125,4043.5,4040.39990234375,4041,1274
1785242700000,4040.699951171875,4041.699951171875,4037.699951171875,4038.10009765625,2375
1785243000000,4038.10009765625,4038.699951171875,4036.89990234375,4038.60009765625,940
1785243300000,4038.5,4038.5,4036.60009765625,4037.60009765625,321
1785243600000,4037.89990234375,4040.39990234375,4037.60009765625,4040,502
1785243900000,4040.199951171875,4041.5,4038.39990234375,4038.699951171875,842
1785244200000,4038.5,4039,4035.60009765625,4037.39990234375,1157
1785244500000,4037.300048828125,4037.300048828125,4035.60009765625,4035.60009765625,600
1785244800000,4035.699951171875,4041.89990234375,4035.300048828125,4036.89990234375,1040
1785245100000,4036.60009765625,4040,4036.199951171875,4037.89990234375,8317
1785245400000,4038.10009765625,4038.10009765625,4034.39990234375,4035.199951171875,1458
1785245700000,4035.199951171875,4035.300048828125,4031.10009765625,4031.300048828125,826
1785246000000,4031.10009765625,4031.60009765625,4027.5,4028.39990234375,1543
1785246300000,4028.699951171875,4029.800048828125,4025.300048828125,4029.800048828125,433
1785246600000,4029.10009765625,4029.300048828125,4026,4026.60009765625,430
1785246900000,4026.800048828125,4028.300048828125,4025.89990234375,4028,910
1785247200000,4028.10009765625,4029.800048828125,4027.39990234375,4029.800048828125,163
1785247500000,4029.39990234375,4030.5,4029.10009765625,4029.89990234375,551
1785247800000,4029.89990234375,4029.89990234375,4027.800048828125,4028.39990234375,139
1785248100000,4028.300048828125,4030.10009765625,4028.199951171875,4029,169
1785248400000,4028.699951171875,4029,4026.60009765625,4026.89990234375,185
1785248700000,4026.89990234375,4027.800048828125,4026,4027.199951171875,520
1785249000000,4027.39990234375,4027.699951171875,4023.89990234375,4024.5,286
1785249300000,4024.5,4024.800048828125,4023.10009765625,4023.699951171875,275
1785249600000,4023.89990234375,4024.800048828125,4023,4023.60009765625,203
1785249900000,4023.10009765625,4025.89990234375,4023.10009765625,4023.800048828125,146
1785250200000,4023.89990234375,4024.300048828125,4022,4022.699951171875,225
1785250500000,4022.60009765625,4023.300048828125,4021.39990234375,4023.10009765625,172
1785250800000,4022.800048828125,4024.699951171875,4022.300048828125,4024.199951171875,452
1785251100000,4024.300048828125,4025.60009765625,4023.60009765625,4024.39990234375,261
1785251400000,4024.199951171875,4024.60009765625,4023.5,4023.699951171875,285
1785251700000,4023.60009765625,4024.699951171875,4023.39990234375,4023.39990234375,258
1785252000000,4023.5,4023.89990234375,4022,4022.800048828125,207
1785252300000,4022.39990234375,4023.300048828125,4021.5,4022.60009765625,943
1785252600000,4023.10009765625,4027.60009765625,4022.300048828125,4027.39990234375,511
1785252900000,4027.39990234375,4027.39990234375,4023.89990234375,4024.39990234375,162
1785253200000,4024.60009765625,4025.60009765625,4024.300048828125,4025.60009765625,52
1785253800000,4038.699951171875,4038.699951171875,4025.60009765625,4027,757
1785254100000,4026.699951171875,4027.5,4025.5,4025.89990234375,786
1785254400000,4025.800048828125,4025.800048828125,4022.60009765625,4023,386
1785254700000,4023,4023.800048828125,4022.199951171875,4022.800048828125,97
1785255000000,4022.60009765625,4024.5,4022.60009765625,4023.39990234375,230
1785255300000,4023.39990234375,4026.39990234375,4023.39990234375,4026.300048828125,315
1785255600000,4026.300048828125,4026.300048828125,4025.39990234375,4025.699951171875,75
1785255900000,4025.89990234375,4027.5,4025.5,4027.10009765625,175
1785256200000,4027.10009765625,4028.300048828125,4027.10009765625,4028,93
1785256500000,4028.10009765625,4029.699951171875,4027,4027.60009765625,177
1785256800000,4028,4030.10009765625,4028,4030,102
1785257100000,4029.89990234375,4030.60009765625,4027.699951171875,4027.699951171875,133
1785257400000,4027,4028.5,4026.5,4028.5,231
1785257700000,4028,4029,4027.89990234375,4028.800048828125,78
1785261600000,4020.89990234375,4034,4020.89990234375,4025.800048828125,0
1785261900000,4026.800048828125,4026.800048828125,4025.5,4026.699951171875,25
1785262200000,4026.800048828125,4026.89990234375,4024.199951171875,4024.199951171875,97
1785262500000,4024.199951171875,4024.39990234375,4021.800048828125,4022,71
1785262800000,4022.39990234375,4022.5,4016.10009765625,4016.800048828125,203
1785263100000,4017.10009765625,4020.39990234375,4016.800048828125,4020.39990234375,103
1785263400000,4020.10009765625,4020.5,4013.199951171875,4016.60009765625,186
1785263700000,4016.60009765625,4016.60009765625,4013.5,4013.89990234375,104
1785264000000,4015.5,4018.199951171875,4015.5,4017.699951171875,132
1785264300000,4017.300048828125,4017.300048828125,4014.300048828125,4015.89990234375,58
1785264600000,4015.800048828125,4018.10009765625,4015.800048828125,4017.39990234375,43
1785264900000,4017.300048828125,4019.199951171875,4017,4017.89990234375,40
1785265200000,4017.39990234375,4017.89990234375,4015.5,4015.89990234375,58
1785265500000,4016.5,4018.699951171875,4016,4017.699951171875,54
1785265800000,4017.39990234375,4022.39990234375,4017.39990234375,4022.10009765625,58
1785266100000,4021.5,4021.5,4015,4015,66
1785266400000,4016.39990234375,4018.800048828125,4015.89990234375,4017.10009765625,28
1785266700000,4018.300048828125,4018.800048828125,4015,4017.39990234375,84
1785267000000,4018.699951171875,4018.699951171875,4017.10009765625,4018,22
1785267300000,4018.60009765625,4019.699951171875,4018.60009765625,4018.800048828125,161
1785267600000,4019,4022.60009765625,4017.60009765625,4022.39990234375,68
1785267900000,4021.800048828125,4021.800048828125,4019.10009765625,4021.699951171875,61
1785268200000,4022,4023.39990234375,4021.10009765625,4023,53
1785268500000,4022.5,4026,4022.5,4024.300048828125,62
1785268800000,4025,4025.5,4017.10009765625,4022.10009765625,186
1785269100000,4021.39990234375,4024,4018,4018,47
1785269400000,4018.300048828125,4022,4018.300048828125,4019.800048828125,41
1785269700000,4022.699951171875,4026.199951171875,4021.699951171875,4025.800048828125,60
1785270000000,4024.800048828125,4030.699951171875,4023.89990234375,4023.89990234375,228
1785270300000,4024.199951171875,4026.5,4021.5,4022.39990234375,44
1785270600000,4022.89990234375,4024.699951171875,4021,4023.800048828125,39
1785270900000,4023.5,4027.699951171875,4023.300048828125,4025.60009765625,83
1785271200000,4024.89990234375,4026.10009765625,4024.10009765625,4026.10009765625,22
1785271500000,4025.300048828125,4025.699951171875,4020.800048828125,4020.800048828125,44
1785271800000,4020.89990234375,4022.800048828125,4020.89990234375,4022.10009765625,40
1785272100000,4020.199951171875,4021.89990234375,4020,4021.300048828125,51
1785272400000,4021,4021,4009.300048828125,4011.199951171875,359
1785272700000,4010.300048828125,4014.699951171875,4010,4014.39990234375,109
1785273000000,4015,4016.800048828125,4011,4012.199951171875,124
1785273300000,4011.699951171875,4015.699951171875,4011.199951171875,4015.699951171875,64
1785273600000,4015.800048828125,4016.5,4013.10009765625,4013.199951171875,74
1785273900000,4014.39990234375,4019,4014.39990234375,4017.699951171875,71
1785274200000,4016,4023.39990234375,4014.39990234375,4023.39990234375,76
1785274500000,4023.60009765625,4030,4021.800048828125,4028.60009765625,180
1785274800000,4028.39990234375,4029.300048828125,4025,4025.699951171875,54
1785275100000,4026.89990234375,4027.10009765625,4023.39990234375,4023.89990234375,50
1785275400000,4023.300048828125,4024.39990234375,4021,4022.10009765625,59
1785275700000,4022.5,4025,4022.5,4025,45
1785276000000,4025,4028.199951171875,4024.60009765625,4027.60009765625,54
1785276300000,4026.89990234375,4026.89990234375,4022.300048828125,4023.89990234375,50
1785276600000,4025.10009765625,4027.199951171875,4024.699951171875,4026.89990234375,27
1785276900000,4027.10009765625,4029,4025,4025.39990234375,89
1785277200000,4026.300048828125,4034.300048828125,4026.10009765625,4033.300048828125,182
1785277500000,4032,4033.60009765625,4030.10009765625,4032,56
1785277800000,4032.300048828125,4035.199951171875,4030,4030.10009765625,91
1785278100000,4030.699951171875,4034,4030.60009765625,4034,44
1785278400000,4034.199951171875,4036.800048828125,4033.39990234375,4034.300048828125,32
1785278700000,4033.5,4034.199951171875,4031,4031.60009765625,57
1785279000000,4031.60009765625,4031.60009765625,4028.5,4029.5,20
1785279300000,4029.699951171875,4030.89990234375,4028.300048828125,4028.300048828125,89
1785279600000,4028.199951171875,4029.5,4027.300048828125,4027.39990234375,36
1785279900000,4027.39990234375,4031.39990234375,4027.39990234375,4028.60009765625,32
1785280200000,4029.300048828125,4029.300048828125,4026.199951171875,4026.89990234375,33
1785280500000,4026.699951171875,4027.5,4026,4026.800048828125,35
1785280800000,4026.800048828125,4026.89990234375,4024.800048828125,4025.39990234375,30
1785281100000,4024.800048828125,4026.800048828125,4024.699951171875,4025.10009765625,36
1785281400000,4024.89990234375,4025.10009765625,4022.89990234375,4025,49
1785281700000,4025,4027.800048828125,4025,4025.39990234375,77
1785282000000,4025,4025,4023.39990234375,4024.300048828125,54
1785282300000,4024.39990234375,4025.39990234375,4023.89990234375,4025,65
1785282600000,4024,4024.699951171875,4022.5,4022.5,68
1785282900000,4022.39990234375,4022.800048828125,4021.5,4021.5,24
1785283200000,4022,4023.10009765625,4019.800048828125,4020.39990234375,101
1785283500000,4020.39990234375,4021.199951171875,4019.800048828125,4020.800048828125,27
1785283800000,4021.300048828125,4021.39990234375,4020,4020,56
1785284100000,4019.5,4020.5,4019.300048828125,4019.300048828125,26
1785284400000,4021,4022.60009765625,4021,4022.199951171875,47
1785284700000,4022.89990234375,4023.699951171875,4021.199951171875,4021.300048828125,53
1785285000000,4021.699951171875,4025.300048828125,4021.699951171875,4025,52
1785285300000,4023.39990234375,4024.300048828125,4023.199951171875,4023.60009765625,38
1785285600000,4023.699951171875,4025.5,4023.699951171875,4025.199951171875,57
1785285900000,4026,4026,4021.89990234375,4022.300048828125,64
1785286200000,4022.199951171875,4024.60009765625,4022.199951171875,4024.5,100
1785286500000,4025.39990234375,4026,4024.300048828125,4025.39990234375,69
1785286800000,4025.89990234375,4027.5,4025.39990234375,4026.89990234375,53
1785287100000,4026.800048828125,4026.800048828125,4025.39990234375,4025.89990234375,69
1785287400000,4025.300048828125,4029.89990234375,4025.300048828125,4028.300048828125,110
1785287700000,4027.89990234375,4027.89990234375,4025.89990234375,4025.89990234375,64
1785288000000,4026.10009765625,4029.199951171875,4026,4029,76
1785288300000,4029,4029.199951171875,4027.699951171875,4028.60009765625,64
1785288600000,4028.800048828125,4032.39990234375,4028.300048828125,4029.300048828125,96
1785288900000,4030.60009765625,4031.5,4028.800048828125,4030.199951171875,109
1785289200000,4029.60009765625,4037.89990234375,4029.60009765625,4037.699951171875,134
1785289500000,4037.800048828125,4038.199951171875,4031.699951171875,4032.10009765625,236
1785289800000,4032.199951171875,4034.10009765625,4031.699951171875,4033,80
1785290100000,4032.39990234375,4032.89990234375,4030,4031.300048828125,142
1785290400000,4032.199951171875,4035.60009765625,4032.199951171875,4035.60009765625,91
1785290700000,4035.5,4035.5,4033.300048828125,4033.5,159
1785291000000,4033.5,4036.5,4033.5,4036.5,49
1785291300000,4036.5,4038,4036.10009765625,4036.39990234375,70
1785291600000,4036.199951171875,4040.800048828125,4034.10009765625,4040.199951171875,122
1785291900000,4038.89990234375,4039.5,4038.89990234375,4039,63
1785292200000,4039.199951171875,4042,4039.199951171875,4042,199
1785292500000,4041.800048828125,4043.199951171875,4040.5,4041.800048828125,613
1785292800000,4041.800048828125,4042.199951171875,4039.89990234375,4041.39990234375,196
1785293100000,4040.699951171875,4040.800048828125,4038.39990234375,4038.5,35
1785293400000,4038.800048828125,4040.60009765625,4038.800048828125,4039.699951171875,388
1785293700000,4039.699951171875,4040.800048828125,4038.89990234375,4039.800048828125,522
1785294000000,4039.89990234375,4043,4039.89990234375,4041.60009765625,293
1785294300000,4041,4043.5,4040.800048828125,4043.39990234375,257
1785294600000,4043.699951171875,4045.300048828125,4043.300048828125,4044.39990234375,190
1785294900000,4043.39990234375,4044.5,4043.10009765625,4044.199951171875,81
1785295200000,4044.300048828125,4046.699951171875,4044.10009765625,4045.800048828125,218
1785295500000,4045.5,4046.10009765625,4043.5,4045.10009765625,79
1785295800000,4045.10009765625,4105.7998046875,4044.60009765625,4104.7998046875,9993
1785296100000,4104.60009765625,4106.7001953125,4104.60009765625,4104.89990234375,404
1785296400000,4105.10009765625,4106.60009765625,4104.7001953125,4105.2001953125,255
1785296700000,4105.10009765625,4106.10009765625,4103.2001953125,4103.7001953125,290
1785297000000,4103.5,4103.7001953125,4101.5,4102.2998046875,377
1785297300000,4102.7001953125,4103.2998046875,4101.7001953125,4102.60009765625,170
1785297600000,4103,4103.5,4101.39990234375,4102.7001953125,164
1785297900000,4102.5,4102.7001953125,4099.60009765625,4100.2001953125,972
1785298200000,4100.2001953125,4101.2998046875,4098.10009765625,4098.10009765625,345
1785298500000,4100,4100,4099.7001953125,4099.7998046875,180
1785298800000,4099.5,4099.5,4096.2998046875,4096.60009765625,558
1785299100000,4096.39990234375,4097.10009765625,4094.60009765625,4096.2998046875,213
1785299400000,4096.2998046875,4096.7001953125,4094.699951171875,4094.89990234375,423
1785299700000,4095,4097.7001953125,4094.699951171875,4096.7998046875,312
1785300000000,4096.60009765625,4097.7998046875,4096.5,4097.10009765625,87
1785300300000,4097.10009765625,4098.7998046875,4096.2998046875,4096.7001953125,460
1785300600000,4096.5,4099.39990234375,4096.10009765625,4098,284
1785300900000,4098.5,4098.7001953125,4096,4096.5,233
1785301200000,4096.7998046875,4097.60009765625,4095.5,4096.2998046875,353
1785301500000,4096.60009765625,4097.2998046875,4094.800048828125,4096.7001953125,165
1785301800000,4096.89990234375,4096.89990234375,4094.60009765625,4095.199951171875,477
1785302100000,4095.300048828125,4096.7998046875,4095.10009765625,4096.10009765625,136
1785302400000,4095.89990234375,4096.10009765625,4092.89990234375,4093.60009765625,348
1785302700000,4093.60009765625,4093.699951171875,4092.5,4092.60009765625,224
1785303000000,4093,4094,4090.39990234375,4093,829
1785303300000,4092.60009765625,4094.10009765625,4091.699951171875,4092.10009765625,231
1785303600000,4092,4094.300048828125,4091.39990234375,4093.5,298
1785303900000,4093.300048828125,4095.10009765625,4093.300048828125,4094.89990234375,276
1785304200000,4095,4095.5,4094.10009765625,4094.699951171875,147
1785304500000,4094.199951171875,4094.199951171875,4091.199951171875,4091.89990234375,128
1785304800000,4091.5,4093,4091.199951171875,4092.199951171875,150
1785305100000,4092.10009765625,4093.10009765625,4090.199951171875,4091.699951171875,312
1785305400000,4091.800048828125,4092.60009765625,4089.89990234375,4090.800048828125,449
1785305700000,4090.800048828125,4091.39990234375,4089.199951171875,4091.39990234375,626
1785306000000,4091.5,4091.89990234375,4090.39990234375,4090.5,51
1785306300000,4090.60009765625,4092.5,4089.5,4092.300048828125,145
1785306600000,4092,4093.699951171875,4091.300048828125,4091.300048828125,413
1785306900000,4091.199951171875,4091.699951171875,4088.10009765625,4088.10009765625,841
1785307200000,4088.5,4088.800048828125,4085.39990234375,4087,365
1785307500000,4086.60009765625,4087.300048828125,4085.699951171875,4086.699951171875,104
1785307800000,4086.60009765625,4087.699951171875,4085.10009765625,4086.10009765625,599
1785308100000,4086.199951171875,4086.5,4085.199951171875,4086.10009765625,273
1785308400000,4086.800048828125,4088.800048828125,4086.300048828125,4087,252
1785308700000,4087.10009765625,4087.5,4084,4085.300048828125,406
1785309000000,4085.39990234375,4088.699951171875,4085.39990234375,4088.60009765625,151
1785309300000,4089,4092.199951171875,4087.60009765625,4091.699951171875,242
1785309600000,4091.800048828125,4092.5,4091,4091.800048828125,189
1785309900000,4091.60009765625,4092.699951171875,4091,4091.699951171875,152
1785310200000,4092,4092,4090.5,4091.5,210
1785310500000,4090.800048828125,4091.199951171875,4089.60009765625,4090.800048828125,1605
1785310800000,4091.300048828125,4091.60009765625,4090,4090.39990234375,145
1785311100000,4090.10009765625,4095.39990234375,4089.800048828125,4094,443
1785311400000,4093.5,4094.39990234375,4091.199951171875,4091.39990234375,840
1785311700000,4091.60009765625,4091.699951171875,4090.39990234375,4091.5,465
1785312000000,4091.699951171875,4092.5,4089.300048828125,4089.39990234375,243
1785312300000,4089.5,4090.39990234375,4087.89990234375,4089,478
1785312600000,4088.699951171875,4090,4084.800048828125,4085.89990234375,573
1785312900000,4086.199951171875,4086.39990234375,4077.39990234375,4077.39990234375,1607
1785313200000,4077.5,4078.89990234375,4072.39990234375,4074,1880
1785313500000,4074.300048828125,4075.800048828125,4070.800048828125,4072,2235
1785313800000,4071.199951171875,4077,4067.39990234375,4076.60009765625,1159
1785314100000,4076.800048828125,4080.699951171875,4075.199951171875,4079.699951171875,787
1785314400000,4079.89990234375,4080.300048828125,4075.800048828125,4079.199951171875,610
1785314700000,4079.199951171875,4081.39990234375,4077.699951171875,4078.89990234375,1820
1785315000000,4078.60009765625,4080.699951171875,4077.39990234375,4080,269
1785315300000,4080.39990234375,4082.300048828125,4079.60009765625,4080.89990234375,871
1785315600000,4081.300048828125,4084.800048828125,4077.10009765625,4077.199951171875,1372
1785315900000,4077.10009765625,4077.5,4073.89990234375,4075,419
1785316200000,4074.39990234375,4077.199951171875,4073.5,4074.199951171875,485
1785316500000,4073.800048828125,4076.89990234375,4072.5,4075.39990234375,692
1785316800000,4075.300048828125,4081.699951171875,4074.300048828125,4078.60009765625,2894
1785317100000,4078.60009765625,4081.5,4071.89990234375,4072.5,1960
1785317400000,4072.800048828125,4075.39990234375,4068,4075.199951171875,1579
1785317700000,4074.800048828125,4075.699951171875,4071.60009765625,4074,883
1785318000000,4073.89990234375,4073.89990234375,4070.39990234375,4071.699951171875,1108
1785318300000,4071.10009765625,4073.89990234375,4068.60009765625,4073,1016
1785318600000,4072.39990234375,4073,4064,4067.10009765625,1383
1785318900000,4066.699951171875,4066.699951171875,4060.300048828125,4064.800048828125,3449
1785319200000,4065.10009765625,4066.39990234375,4059.199951171875,4064.300048828125,3851
1785319500000,4064.39990234375,4065.300048828125,4057,4057.60009765625,1614
1785319800000,4057.699951171875,4059.300048828125,4053.89990234375,4057.300048828125,2755
1785320100000,4057.10009765625,4067.10009765625,4056.800048828125,4065.39990234375,2185
1785320400000,4065.699951171875,4068.39990234375,4064.39990234375,4068,876
1785320700000,4067.699951171875,4067.699951171875,4061.699951171875,4063.89990234375,2639
1785321000000,4063.60009765625,4067.800048828125,4062.39990234375,4066.300048828125,468
1785321300000,4066.10009765625,4066.5,4061.5,4062.10009765625,1656
1785321600000,4062.60009765625,4065,4057.5,4059.5,2006
1785321900000,4059.300048828125,4061,4056.39990234375,4059.60009765625,621
1785322200000,4060,4063.800048828125,4059,4063.800048828125,507
1785322500000,4063.5,4064,4060.60009765625,4063.199951171875,498
1785322800000,4063.60009765625,4067.5,4061.699951171875,4066.60009765625,1269
1785323100000,4066.60009765625,4068.5,4064.800048828125,4068.5,582
1785323400000,4068,4068,4064.199951171875,4065.800048828125,267
1785323700000,4065.800048828125,4067,4063.60009765625,4063.60009765625,228
1785324000000,4063.5,4069.60009765625,4062.39990234375,4068.60009765625,1359
1785324300000,4068.39990234375,4069.89990234375,4066.5,4069.10009765625,341
1785324600000,4069.199951171875,4072.10009765625,4068.199951171875,4068.699951171875,500
1785324900000,4068.5,4070.800048828125,4066.5,4067.300048828125,694
1785325200000,4067.10009765625,4068.89990234375,4065.39990234375,4068.89990234375,381
1785325500000,4069,4071.300048828125,4067.800048828125,4071,724
1785325800000,4070.89990234375,4072.199951171875,4069.10009765625,4070.10009765625,1035
1785326100000,4070.10009765625,4070.10009765625,4066.5,4068.5,538
1785326400000,4068.5,4070.300048828125,4066.300048828125,4067.89990234375,316
1785326700000,4068.10009765625,4074.60009765625,4067.199951171875,4073.300048828125,1420
1785327000000,4073.300048828125,4074.199951171875,4068.39990234375,4068.5,1309
1785327300000,4068.300048828125,4070.10009765625,4066.300048828125,4070.10009765625,304
1785327600000,4070,4076.39990234375,4069.60009765625,4073.60009765625,893
1785327900000,4074.300048828125,4075.800048828125,4073.60009765625,4075.10009765625,463
1785328200000,4075,4077.60009765625,4073.39990234375,4075.800048828125,1087
1785328500000,4075.39990234375,4076.60009765625,4073.60009765625,4075.5,478
1785328800000,4075.300048828125,4076.10009765625,4074.10009765625,4075.199951171875,286
1785329100000,4075.5,4076.5,4073.5,4076.300048828125,610
1785329400000,4076.10009765625,4084.300048828125,4076.10009765625,4084.10009765625,824
1785329700000,4084.10009765625,4091.699951171875,4083.800048828125,4086.10009765625,1180
1785330000000,4086.199951171875,4096.2998046875,4086.10009765625,4095.60009765625,1044
1785330300000,4095.800048828125,4100,4093.699951171875,4097.5,2030
1785330600000,4097.2998046875,4109.2998046875,4096.10009765625,4100.7001953125,1720
1785330900000,4100.39990234375,4106.39990234375,4099.2001953125,4103.7001953125,1476
1785331200000,4103.39990234375,4109,4103.10009765625,4105.60009765625,1328
1785331500000,4105.39990234375,4106.2998046875,4095.199951171875,4097.2001953125,3681
1785331800000,4097.10009765625,4099.7998046875,4095.699951171875,4096.60009765625,1532
1785332100000,4096.5,4099.89990234375,4094.10009765625,4099.60009765625,1516
1785332400000,4099.60009765625,4105,4098.89990234375,4104,493
1785332700000,4104,4106.39990234375,4102.89990234375,4105.5,604
1785333000000,4105.2998046875,4105.7998046875,4102.7998046875,4103.2998046875,1019
1785333300000,4102.2998046875,4103.39990234375,4099.39990234375,4102.89990234375,1315
1785333600000,4103.10009765625,4149.39990234375,4101.2998046875,4126.7998046875,8293
1785333900000,4126.7998046875,4143.2001953125,4126,4136.60009765625,2669
1785334200000,4136,4146.10009765625,4131.89990234375,4140.5,1835
1785334500000,4140.60009765625,4143.7001953125,4130.60009765625,4131,1222
1785334800000,4130.7001953125,4132.39990234375,4125,4125.7998046875,1161
1785335100000,4125.5,4127,4123,4127,664
1785335400000,4126.60009765625,4132.10009765625,4111.10009765625,4118.60009765625,2108
1785335700000,4119.2001953125,4131.89990234375,4112.7998046875,4130.2001953125,1439
1785336000000,4130.10009765625,4146.89990234375,4128.7998046875,4143.2001953125,2182
1785336300000,4143.2001953125,4161.2001953125,4141.2001953125,4159.2998046875,3334
1785336600000,4159.7998046875,4170.2998046875,4152.5,4165.2001953125,3217
1785336900000,4165.2998046875,4169.60009765625,4161,4166.7998046875,2254
1785337200000,4167.10009765625,4176.7998046875,4161.2001953125,4163.2001953125,2993
1785337500000,4163.5,4165.2998046875,4153.5,4156.5,1611
1785337800000,4156.5,4162,4149.7998046875,4159.2001953125,1072
1785338100000,4159.60009765625,4164.39990234375,4157,4158.39990234375,929
1785338400000,4158,4159.2001953125,4144.60009765625,4146.5,1603
1785338700000,4146.5,4147.2998046875,4140.10009765625,4143.60009765625,874
1785339000000,4143.7001953125,4147.7998046875,4125.2998046875,4132.2998046875,2110
1785339300000,4132,4135.2001953125,4124.60009765625,4127.89990234375,1401
1785339600000,4128.2998046875,4132.2001953125,4124.5,4128.2998046875,917
1785339900000,4128.39990234375,4131.39990234375,4125,4130.7001953125,890
1785340200000,4130.39990234375,4130.39990234375,4120.60009765625,4121.10009765625,1318
1785340500000,4120.89990234375,4121.10009765625,4103.7998046875,4104.7001953125,2322
1785340800000,4104.2001953125,4112.2998046875,4101.7001953125,4111.89990234375,1147
1785341100000,4112.10009765625,4112.7998046875,4108.2998046875,4112.5,630
1785341400000,4111.7998046875,4115,4108,4110.7998046875,565
1785341700000,4110.39990234375,4110.39990234375,4106.39990234375,4107.89990234375,338
1785342000000,4107.5,4109.2998046875,4102.60009765625,4107.5,375
1785342300000,4107.7998046875,4116.2001953125,4106.7998046875,4114.2001953125,375
1785342600000,4114.2001953125,4118.2998046875,4112.7001953125,4117.89990234375,266
1785342900000,4117.7001953125,4122.39990234375,4117,4122.2998046875,768
1785343200000,4122,4127.7001953125,4122,4125.7001953125,422
1785343500000,4125.39990234375,4128.89990234375,4124,4124.7998046875,443
1785343800000,4124.7001953125,4125,4122.10009765625,4124,358
1785344100000,4124.2001953125,4127.10009765625,4123.7001953125,4126,211
1785348000000,4126.7001953125,4133.5,4121.10009765625,4131.7998046875,0
1785348300000,4131.5,4132.10009765625,4122,4127.2001953125,420
1785348600000,4127.5,4135.39990234375,4127.5,4134.2998046875,248
1785348900000,4133.89990234375,4135.5,4131.5,4132.2001953125,142
1785349200000,4132.39990234375,4132.7998046875,4130.60009765625,4132.5,195
1785349500000,4132.2998046875,4133.10009765625,4130.2998046875,4132.7001953125,132
1785349800000,4132.5,4133.60009765625,4130.5,4133.2998046875,211
1785350100000,4133.39990234375,4136.60009765625,4133.2001953125,4133.7001953125,185
1785350400000,4133.5,4139.10009765625,4133.10009765625,4138.5,218
1785350700000,4139.2998046875,4143.2001953125,4137.5,4142.5,425
1785351000000,4142.39990234375,4143.89990234375,4141.2001953125,4142.89990234375,222
1785351300000,4142.60009765625,4148.2001953125,4142.60009765625,4146.2998046875,371
1785351600000,4146.5,4153.5,4146.2001953125,4152.7998046875,271
1785351900000,4152.89990234375,4158,4152,4154,348
1785352200000,4154.7001953125,4154.7001953125,4147.89990234375,4148.60009765625,242
1785352500000,4149.39990234375,4152.39990234375,4148.2001953125,4151.5,111
1785352800000,4151.60009765625,4152.39990234375,4149.5,4150.2001953125,155
1785353100000,4149.5,4152.5,4148.7001953125,4151.10009765625,333
1785353400000,4151.60009765625,4151.60009765625,4148.60009765625,4150.60009765625,168
1785353700000,4151.2998046875,4152.5,4149.89990234375,4149.89990234375,152
1785354000000,4149.7998046875,4150,4147.2998046875,4147.60009765625,120
1785354300000,4148,4150.7001953125,4146.60009765625,4149,169
1785354600000,4148.89990234375,4150.10009765625,4144.2998046875,4145.10009765625,137
1785354900000,4145.5,4146.5,4142,4142,196
1785355200000,4142.5,4144.2998046875,4137.2001953125,4138.7001953125,451
1785355500000,4138.89990234375,4143.10009765625,4138.2001953125,4140.5,256
1785355800000,4139.2998046875,4140.60009765625,4136.7001953125,4139.2001953125,168
1785356100000,4138.60009765625,4141,4134.39990234375,4134.39990234375,171
1785356400000,4135.2998046875,4138.39990234375,4132.60009765625,4138.39990234375,228
1785356700000,4137.89990234375,4138.39990234375,4130.10009765625,4132.60009765625,468
1785357000000,4133.7998046875,4134.2998046875,4129.60009765625,4129.89990234375,212
1785357300000,4129.2998046875,4131,4125.5,4126.7001953125,283
1785357600000,4127,4128.60009765625,4122.2998046875,4123.60009765625,396
1785357900000,4124.10009765625,4125.7998046875,4122.5,4124.7998046875,458
1785358200000,4124.10009765625,4125.5,4122.60009765625,4125.5,235
1785358500000,4125.60009765625,4130.5,4124.5,4129.7001953125,521
1785358800000,4130,4147.5,4127.7998046875,4147.2001953125,1525
1785359100000,4147.5,4151.5,4144.10009765625,4144.60009765625,544
1785359400000,4144.60009765625,4145.7998046875,4132.89990234375,4133.39990234375,830
1785359700000,4133.2001953125,4136.39990234375,4131.10009765625,4133.2998046875,530
1785360000000,4133.89990234375,4139.2998046875,4131.89990234375,4138.7001953125,409
1785360300000,4138.39990234375,4142.60009765625,4138,4139,235
1785360600000,4138.7998046875,4144.10009765625,4138.2001953125,4143.7998046875,261
1785360900000,4143.2001953125,4146,4142.10009765625,4145,315
1785361200000,4145,4147.5,4144.2998046875,4144.2998046875,284
1785361500000,4144,4147.39990234375,4141.39990234375,4146.2998046875,204
1785361800000,4145.7998046875,4148.10009765625,4144.5,4146.2001953125,187
1785362100000,4145.89990234375,4149,4141.5,4142.39990234375,367
1785362400000,4142.10009765625,4148,4141.89990234375,4146.5,181
1785362700000,4147.39990234375,4147.7001953125,4144.89990234375,4145.2998046875,249
1785363000000,4146,4146,4139.89990234375,4140.5,128
1785363300000,4140,4140,4137.5,4139.5,189
1785363600000,4139.89990234375,4141,4138.5,4140.5,142
1785363900000,4140.10009765625,4141,4137.89990234375,4140.5,52
1785364200000,4140.2001953125,4140.2001953125,4133,4133.7001953125,373
1785364500000,4134.7001953125,4135.7998046875,4132.2001953125,4134.10009765625,285
1785364800000,4135,4136.5,4131,4134.2998046875,158
1785365100000,4134.2001953125,4134.7998046875,4131.39990234375,4131.89990234375,90
1785365400000,4132,4132.60009765625,4127.7998046875,4128.5,420
1785365700000,4128.89990234375,4129.2998046875,4120.7001953125,4121.39990234375,446
1785366000000,4121.10009765625,4127.5,4120,4126.2998046875,338
1785366300000,4127.2998046875,4127.5,4121.5,4121.5,132
1785366600000,4122,4122.7001953125,4117.7998046875,4120,255
1785366900000,4120.39990234375,4121.39990234375,4113.89990234375,4115.2001953125,336
1785367200000,4114.7998046875,4115.89990234375,4112.5,4113.89990234375,403
1785367500000,4114,4114.7998046875,4109.89990234375,4111.10009765625,529
1785367800000,4111.2998046875,4112.5,4108.60009765625,4110.60009765625,275
1785368100000,4111.10009765625,4113.2001953125,4107.60009765625,4108.2998046875,317
1785368400000,4108.39990234375,4110.7998046875,4108.10009765625,4109.2001953125,237
1785368700000,4109.10009765625,4115.2998046875,4109.10009765625,4115.2001953125,402
1785369000000,4114.7998046875,4116.7001953125,4114.2001953125,4115.5,297
1785369300000,4115.2998046875,4116.89990234375,4113.7001953125,4114.10009765625,100
1785369600000,4115.89990234375,4117.10009765625,4112.5,4113.7001953125,327
1785369900000,4113.2998046875,4114,4111.39990234375,4113.7001953125,152
1785370200000,4112.7001953125,4112.89990234375,4108.89990234375,4110.10009765625,161
1785370500000,4110.39990234375,4111.5,4108.60009765625,4109,62
1785370800000,4109,4110.5,4107.60009765625,4109.2001953125,174
1785371100000,4109.2001953125,4111.89990234375,4109.10009765625,4110.7001953125,142
1785371400000,4110.89990234375,4110.89990234375,4108,4108.39990234375,197
1785371700000,4108.5,4108.7998046875,4105.60009765625,4106.5,269
1785372000000,4106.2001953125,4107,4104.10009765625,4105.60009765625,346
1785372300000,4105.2998046875,4108.7001953125,4102.60009765625,4103.2998046875,304
1785372600000,4103.2001953125,4104.89990234375,4102.2001953125,4104.10009765625,281
1785372900000,4103.7998046875,4104.10009765625,4100.2998046875,4102.5,351
1785373200000,4102.2001953125,4102.2001953125,4098.2001953125,4101.39990234375,442
1785373500000,4101.2001953125,4101.7998046875,4098.2998046875,4101.7001953125,271
1785373800000,4101.39990234375,4102.10009765625,4100.39990234375,4101.89990234375,73
1785374100000,4102.2998046875,4102.7998046875,4093.89990234375,4098.2001953125,455
1785374400000,4098.2998046875,4101.10009765625,4098.10009765625,4100.10009765625,152
1785374700000,4100.5,4104,4099.39990234375,4103.5,274
1785375000000,4103.2001953125,4108,4102,4104.7001953125,592
1785375300000,4104.7001953125,4104.7998046875,4085,4088.199951171875,1126
1785375600000,4088.199951171875,4093.800048828125,4086.89990234375,4090.39990234375,524
1785375900000,4089.89990234375,4095.199951171875,4087.60009765625,4089,361
1785376200000,4089.39990234375,4092.300048828125,4087.39990234375,4090.199951171875,284
1785376500000,4089.89990234375,4093,4087,4090.39990234375,303
1785376800000,4090.800048828125,4095.39990234375,4090.699951171875,4095.39990234375,588
1785377100000,4095.60009765625,4096.39990234375,4092.10009765625,4092.39990234375,278
1785377400000,4093.199951171875,4094.300048828125,4088.199951171875,4089.300048828125,216
1785377700000,4089,4091,4087.60009765625,4090.5,257
1785378000000,4090.199951171875,4096.2998046875,4090.10009765625,4094.10009765625,301
1785378300000,4094.800048828125,4094.800048828125,4086.300048828125,4090.5,349
1785378600000,4090.10009765625,4093.5,4088.300048828125,4092.699951171875,185
1785378900000,4092.60009765625,4094.300048828125,4091.699951171875,4094.199951171875,99
1785379200000,4094.60009765625,4095.699951171875,4091.699951171875,4093,443
1785379500000,4092.89990234375,4095.199951171875,4091.60009765625,4093.800048828125,1108
1785379800000,4093.89990234375,4098.10009765625,4093.60009765625,4095.800048828125,309
1785380100000,4095.699951171875,4096,4092.300048828125,4093.800048828125,189
1785380400000,4093.800048828125,4105,4092.699951171875,4102.39990234375,843
1785380700000,4102,4102.7001953125,4100,4102.7001953125,658
1785381000000,4103,4104.7001953125,4101.10009765625,4103.7998046875,211
1785381300000,4104,4108.5,4103.7001953125,4107.10009765625,706
1785381600000,4106.7001953125,4107.7998046875,4101.7001953125,4105.2001953125,265
1785381900000,4105.2001953125,4105.2998046875,4100.60009765625,4103.2001953125,805
1785382200000,4103,4103.39990234375,4097.39990234375,4098.39990234375,1077
1785382500000,4098.60009765625,4099.2998046875,4093,4097.2001953125,665
1785382800000,4097.7998046875,4104.7001953125,4097.7998046875,4103.2001953125,774
1785383100000,4103.10009765625,4103.7998046875,4099.2001953125,4099.2998046875,165
1785383400000,4099,4102.89990234375,4097.7001953125,4098.7001953125,379
1785383700000,4098,4098.39990234375,4095.10009765625,4096.10009765625,283
1785384000000,4096.10009765625,4103.2001953125,4093.89990234375,4102.89990234375,494
1785384300000,4103.2998046875,4111.2001953125,4102.2001953125,4107.89990234375,745
1785384600000,4108.2001953125,4113.7998046875,4107.10009765625,4110.89990234375,519
1785384900000,4110.5,4114.60009765625,4109.7998046875,4114.60009765625,254
1785385200000,4114.7001953125,4121.7998046875,4113.2001953125,4117.7998046875,733
1785385500000,4118,4126.39990234375,4117.60009765625,4122,675
1785385800000,4122.10009765625,4130.89990234375,4121.10009765625,4126.2998046875,1081
1785386100000,4126.2001953125,4129.60009765625,4122.39990234375,4122.60009765625,1187
1785386400000,4122.2998046875,4124.39990234375,4121.10009765625,4123.7998046875,348
1785386700000,4123.7998046875,4128.7001953125,4121.10009765625,4121.39990234375,333
1785387000000,4121.39990234375,4122.2998046875,4117.7001953125,4118.10009765625,314
1785387300000,4118.2998046875,4119.89990234375,4117.2001953125,4119.2001953125,397
1785387600000,4119.39990234375,4125.5,4118.2998046875,4124.39990234375,370
1785387900000,4124,4127,4123.39990234375,4125.10009765625,430
1785388200000,4125.10009765625,4127,4123.10009765625,4123.89990234375,383
1785388500000,4124.10009765625,4125.7001953125,4122.60009765625,4124.39990234375,246
1785388800000,4124.7001953125,4130.2998046875,4124.5,4128.5,679
1785389100000,4128.10009765625,4130.2998046875,4125.2998046875,4125.60009765625,604
1785389400000,4125.5,4126.39990234375,4118.39990234375,4124.7001953125,872
1785389700000,4124.39990234375,4127.60009765625,4123.39990234375,4123.5,521
1785390000000,4123.7998046875,4124.5,4122.7001953125,4123.7998046875,583
1785390300000,4124,4127.7001953125,4122.2001953125,4127.39990234375,346
1785390600000,4127.7998046875,4131.5,4125,4125.2001953125,748
1785390900000,4125.10009765625,4125.60009765625,4120.5,4121.5,224
1785391200000,4121.7998046875,4126.2998046875,4121.2001953125,4123.5,298
1785391500000,4123.60009765625,4130.7998046875,4123.2998046875,4129.7001953125,497
1785391800000,4129.60009765625,4133.2998046875,4122.7001953125,4127,1246
1785392100000,4126.7998046875,4136,4126,4134,796
1785392400000,4134.5,4136.10009765625,4132.60009765625,4134.60009765625,430
1785392700000,4135,4136.2998046875,4133.89990234375,4134.7998046875,413
1785393000000,4134.7998046875,4137.7998046875,4133.5,4135.7998046875,517
1785393300000,4135.7998046875,4140,4135.2001953125,4135.60009765625,432
1785393600000,4135.7001953125,4141.2001953125,4135.7001953125,4139.60009765625,578
1785393900000,4139.7001953125,4142.2001953125,4138,4138,507
1785394200000,4138.2001953125,4140.39990234375,4136.5,4137.39990234375,325
1785394500000,4137.2001953125,4138.2001953125,4136.2998046875,4136.39990234375,190
1785394800000,4136.5,4139.2001953125,4136,4137.60009765625,204
1785395100000,4137.39990234375,4141,4137.2001953125,4140.10009765625,262
1785395400000,4140.5,4141.5,4136.7998046875,4138,439
1785395700000,4137.7001953125,4140.39990234375,4136.2998046875,4136.2998046875,149
1785396000000,4136.39990234375,4139.89990234375,4134.89990234375,4139.7998046875,142
1785396300000,4140,4140,4134.89990234375,4136.60009765625,232
1785396600000,4136.7001953125,4137.2001953125,4134.7001953125,4135.2998046875,210
1785396900000,4135.60009765625,4137.2998046875,4134.7998046875,4136,192
1785397200000,4135.5,4137.7001953125,4135.2001953125,4135.5,232
1785397500000,4135.7001953125,4136.10009765625,4133.60009765625,4134.60009765625,246
1785397800000,4135,4138.89990234375,4134.5,4138.5,372
1785398100000,4138.10009765625,4138.5,4134.7998046875,4136,425
1785398400000,4136,4137.7001953125,4132.7001953125,4136.60009765625,372
1785398700000,4136.89990234375,4141,4136.89990234375,4140.10009765625,563
1785399000000,4140.2998046875,4140.2998046875,4133.10009765625,4137.10009765625,649
1785399300000,4137,4137,4131.10009765625,4133,405
1785399600000,4133.2001953125,4134.89990234375,4129.7998046875,4134.60009765625,602
1785399900000,4134.7001953125,4139.7998046875,4134.60009765625,4135.39990234375,482
1785400200000,4139,4145.39990234375,4129.7998046875,4131.7998046875,1475
1785400500000,4131.7998046875,4136.5,4130.2001953125,4136.2001953125,738
1785400800000,4136.2998046875,4140.10009765625,4132.2001953125,4135.7998046875,592
1785401100000,4136.2001953125,4137.60009765625,4131.2001953125,4133.5,436
1785401400000,4133.5,4135.89990234375,4125.39990234375,4128.39990234375,798
1785401700000,4128.2001953125,4132.10009765625,4126.60009765625,4127.39990234375,422
1785402000000,4127.2998046875,4132.2998046875,4123.2001953125,4126.5,1107
1785402300000,4126.60009765625,4135.2001953125,4124.89990234375,4132.2001953125,608
1785402600000,4132.10009765625,4135.10009765625,4128.2998046875,4135.10009765625,413
1785402900000,4134.7998046875,4135.89990234375,4131.2998046875,4131.2998046875,765
1785403200000,4131.10009765625,4142.2001953125,4130.7001953125,4140.5,788
1785403500000,4140.7001953125,4141.2998046875,4132.7001953125,4138.60009765625,643
1785403800000,4138.60009765625,4140.39990234375,4133.7001953125,4134.10009765625,930
1785404100000,4134,4157.7001953125,4133.2001953125,4150,3904
1785404400000,4149.7001953125,4155.2998046875,4143.7001953125,4148.10009765625,1873
1785404700000,4148.10009765625,4160.7001953125,4144.5,4153.89990234375,2523
1785405000000,4154.10009765625,4162.10009765625,4152.60009765625,4162.10009765625,1610
1785405300000,4161.7998046875,4172.5,4160.10009765625,4172,2680
1785405600000,4172.10009765625,4180.2001953125,4166,4167,7251
1785405900000,4167.39990234375,4169.2998046875,4153.39990234375,4159,3853
1785406200000,4158.7998046875,4162,4155.60009765625,4157.2998046875,1084
1785406500000,4157.60009765625,4159.60009765625,4149.7001953125,4150.10009765625,1883
1785406800000,4150.2001953125,4158,4146.10009765625,4148.7998046875,2181
1785407100000,4148.60009765625,4155.2001953125,4145.60009765625,4155.2001953125,984
1785407400000,4155.2998046875,4162.10009765625,4154,4159.7001953125,927
1785407700000,4159.39990234375,4165.39990234375,4159.39990234375,4164.89990234375,741
1785408000000,4165.39990234375,4170.7001953125,4163.2998046875,4170.2001953125,1431
1785408300000,4170.39990234375,4172.7001953125,4161.2001953125,4164.5,967
1785408600000,4164.2001953125,4164.2001953125,4157.89990234375,4158.89990234375,958
1785408900000,4158.7001953125,4160.10009765625,4155.7001953125,4159.10009765625,667
1785409200000,4159.39990234375,4159.39990234375,4155.39990234375,4156.89990234375,847
1785409500000,4156.5,4157.7998046875,4148.60009765625,4150.2001953125,2135
1785409800000,4149.7998046875,4150,4141.89990234375,4144.60009765625,1294
1785410100000,4144.39990234375,4155.7998046875,4143.7001953125,4154.60009765625,773
1785410400000,4155,4156.2001953125,4151.2998046875,4153.7001953125,479
1785410700000,4153.7001953125,4155.39990234375,4151.10009765625,4155.10009765625,374
1785411000000,4155,4159.2998046875,4151.7998046875,4158.5,567
1785411300000,4158.7998046875,4159.89990234375,4156.89990234375,4158.10009765625,575
1785411600000,4158.10009765625,4165.7998046875,4157.7001953125,4164.39990234375,755
1785411900000,4164.39990234375,4166.10009765625,4162.39990234375,4165,642
1785412200000,4164.89990234375,4166.89990234375,4163.5,4165.89990234375,345
1785412500000,4166.10009765625,4169.2001953125,4165.89990234375,4167,584
1785412800000,4166.7998046875,4175,4166.7998046875,4173.7998046875,1141
1785413100000,4173.7001953125,4174,4170.10009765625,4170.2001953125,516
1785413400000,4170.2001953125,4174.7998046875,4168.10009765625,4173.2001953125,706
1785413700000,4173.10009765625,4175.2001953125,4172.7998046875,4173.39990234375,370
1785414000000,4173.10009765625,4178.2998046875,4172.39990234375,4178.10009765625,701
1785414300000,4177.7998046875,4178.2001953125,4174.7001953125,4175.39990234375,354
1785414600000,4175.39990234375,4175.5,4171.7001953125,4172.2998046875,514
1785414900000,4172.39990234375,4173.89990234375,4169.2998046875,4169.7001953125,455
1785415200000,4169.89990234375,4171.2001953125,4167.2998046875,4167.60009765625,391
1785415500000,4167.89990234375,4168.7998046875,4166.10009765625,4168.7001953125,405
1785415800000,4168.7001953125,4169.2998046875,4165.60009765625,4167,285
1785416100000,4166.7998046875,4169.7998046875,4166.60009765625,4169.7998046875,294
1785416400000,4169.7998046875,4170.2001953125,4165.60009765625,4167,589
1785416700000,4166.7998046875,4168,4165.7998046875,4166.60009765625,199
1785417000000,4166.39990234375,4167.7998046875,4163.7998046875,4163.7998046875,487
1785417300000,4163.7998046875,4165.89990234375,4162.7001953125,4165.39990234375,413
1785417600000,4165.7998046875,4167.2998046875,4163.60009765625,4167.2998046875,202
1785417900000,4166.89990234375,4166.89990234375,4157.10009765625,4160.7998046875,2260
1785418200000,4160.5,4161.5,4159,4159.7998046875,524
1785418500000,4160.2001953125,4167.39990234375,4158.89990234375,4161.7998046875,696
1785418800000,4161.60009765625,4165.7001953125,4161.60009765625,4165,427
1785419100000,4164.7998046875,4167.39990234375,4163.2001953125,4163.2001953125,455
1785419400000,4163.2001953125,4163.39990234375,4161.5,4162.10009765625,321
1785419700000,4162,4162.5,4159.89990234375,4161.5,178
1785420000000,4161.5,4164.7001953125,4161.5,4163.7998046875,277
1785420300000,4164.2001953125,4165.5,4163.39990234375,4164.89990234375,192
1785420600000,4164.89990234375,4165.7998046875,4163.7998046875,4165.5,164
1785420900000,4165.60009765625,4165.60009765625,4162.60009765625,4163.10009765625,145
1785421200000,4162.7001953125,4164.5,4160.10009765625,4161,627
1785421500000,4161.2001953125,4162.7001953125,4159.89990234375,4162.2998046875,254
1785421800000,4162.89990234375,4166.7998046875,4162,4165.2998046875,494
1785422100000,4165.2001953125,4165.60009765625,4163.2998046875,4163.5,114
1785422400000,4163.39990234375,4164.60009765625,4162.7998046875,4163.5,126
1785422700000,4163.7001953125,4164.10009765625,4159.2001953125,4159.7998046875,326
1785423000000,4160,4160.2001953125,4157.7001953125,4158,232
1785423300000,4158.10009765625,4159.2001953125,4157.89990234375,4158.7998046875,175
1785423600000,4158.7001953125,4162.60009765625,4158,4162.39990234375,289
1785423900000,4162.60009765625,4164.60009765625,4161.7998046875,4164.2001953125,417
1785424200000,4164.39990234375,4164.7998046875,4162.10009765625,4163.89990234375,176
1785424500000,4163.60009765625,4172.10009765625,4162,4169.7001953125,614
1785424800000,4169.7001953125,4170.7001953125,4168,4170.2998046875,271
1785425100000,4170.2001953125,4174.10009765625,4169.7001953125,4172,532
1785425400000,4171.5,4173.5,4171.2998046875,4173.5,159
1785425700000,4173.5,4174.5,4171.2001953125,4171.7998046875,128
1785426000000,4172.2001953125,4173.2998046875,4170.2998046875,4171.2998046875,356
1785426300000,4171.39990234375,4172.2998046875,4170.10009765625,4171.60009765625,150
1785426600000,4171.39990234375,4172.10009765625,4168.5,4168.5,322
1785426900000,4168.5,4171.7998046875,4168.2001953125,4171.2001953125,362
1785427200000,4171.2998046875,4176.7001953125,4169.2998046875,4176.7001953125,871
1785427500000,4176.2998046875,4176.2998046875,4172.60009765625,4173.7998046875,213
1785427800000,4173.7001953125,4174.7998046875,4172.2001953125,4173.2001953125,117
1785428100000,4173.2001953125,4174.2001953125,4171.2998046875,4172.89990234375,320
1785428400000,4172.89990234375,4173.2998046875,4171.7998046875,4172.60009765625,98
1785428700000,4172.7998046875,4173.5,4170.7001953125,4171.2998046875,199
1785429000000,4171.39990234375,4171.7998046875,4166.89990234375,4168.5,217
1785429300000,4168.2998046875,4168.2998046875,4165.2001953125,4166.39990234375,115
1785429600000,4166.10009765625,4166.5,4161.2998046875,4162.39990234375,280
1785429900000,4161.89990234375,4163,4159.2998046875,4159.39990234375,469
1785430200000,4159.39990234375,4161.7998046875,4158,4160.5,185
1785430500000,4160.5,4163.10009765625,4159.7998046875,4162.7998046875,166
1785434400000,4163.89990234375,4165.5,4158,4161.60009765625,0
1785434700000,4161.7001953125,4164.2998046875,4161.2001953125,4163.2001953125,95
1785435000000,4164.39990234375,4166.2998046875,4163.5,4165.2001953125,187
1785435300000,4165.5,4166.7998046875,4164.7998046875,4166.60009765625,112
1785435600000,4166.7001953125,4166.7998046875,4165.5,4166,41
1785435900000,4166.10009765625,4166.7998046875,4165.2998046875,4165.7998046875,85
1785436200000,4165.7998046875,4166.7998046875,4165.39990234375,4166.10009765625,81
1785436500000,4166.5,4169,4166.5,4168.5,111
1785436800000,4168.60009765625,4169,4168,4168.7998046875,76
1785437100000,4168.89990234375,4169.7001953125,4167.39990234375,4169.39990234375,179
1785437400000,4169,4169.7998046875,4168.39990234375,4169.60009765625,105
1785437700000,4169,4169,4167.39990234375,4167.39990234375,96
1785438000000,4168.10009765625,4169.89990234375,4168.10009765625,4169.39990234375,72
1785438300000,4169.2998046875,4170.7001953125,4167.39990234375,4168.39990234375,131
1785438600000,4167.89990234375,4167.89990234375,4164.7998046875,4166.10009765625,118
1785438900000,4165.60009765625,4165.89990234375,4164.7998046875,4164.7998046875,82
1785439200000,4164.7998046875,4166.10009765625,4163,4164.7998046875,170
1785439500000,4164.39990234375,4164.89990234375,4161.7998046875,4162.7998046875,111
1785439800000,4162.7998046875,4163.7001953125,4161.2998046875,4162.5,135
1785440100000,4162.39990234375,4164.89990234375,4160.7998046875,4164.89990234375,179
1785440400000,4165.2998046875,4166.89990234375,4163.10009765625,4164.2998046875,131
1785440700000,4165.10009765625,4168.7998046875,4165.10009765625,4167.10009765625,149
1785441000000,4166.7001953125,4167.7998046875,4164.7998046875,4165.60009765625,94
1785441300000,4165.5,4165.7998046875,4164.2998046875,4164.39990234375,28
1785441600000,4164.7998046875,4165.39990234375,4160.10009765625,4163.60009765625,292
1785441900000,4162.60009765625,4162.7001953125,4160.2998046875,4162.2998046875,47
1785442200000,4161.10009765625,4162.60009765625,4159.2001953125,4159.89990234375,80
1785442500000,4159.7998046875,4161.2998046875,4158.60009765625,4159.89990234375,73
1785442800000,4159.7998046875,4162.39990234375,4157,4161.39990234375,193
1785443100000,4161.10009765625,4161.10009765625,4154.5,4154.89990234375,269
1785443400000,4155.10009765625,4156.2998046875,4152,4152.5,145
1785443700000,4152.2998046875,4152.2998046875,4150.2001953125,4151.2998046875,100
1785444000000,4151.2001953125,4152.2001953125,4149,4151.5,171
1785444300000,4151,4153.10009765625,4149,4152.2001953125,133
1785444600000,4152.2001953125,4153.89990234375,4151.2001953125,4151.7001953125,124
1785444900000,4152.2001953125,4155,4151.2001953125,4153.5,199
1785445200000,4153.5,4160,4153.39990234375,4156,597
1785445500000,4156.10009765625,4159.7001953125,4153.7998046875,4156.39990234375,339
1785445800000,4156,4156.2001953125,4146.7998046875,4147.2998046875,345
1785446100000,4147.5,4152.7001953125,4144.5,4152.7001953125,488
1785446400000,4152.60009765625,4153.2001953125,4149.60009765625,4150.89990234375,210
1785446700000,4150.7998046875,4152.89990234375,4148.7001953125,4150.2998046875,227
1785447000000,4150.2998046875,4150.2998046875,4144.7998046875,4145.7998046875,426
1785447300000,4145.89990234375,4146.2998046875,4142,4143.2001953125,268
1785447600000,4142.89990234375,4145.7998046875,4142.5,4144.10009765625,221
1785447900000,4143.7001953125,4147.39990234375,4141.2998046875,4142,287
1785448200000,4142.5,4144.10009765625,4140,4143.2001953125,311
1785448500000,4143.2001953125,4145.7998046875,4142.5,4142.5,182
1785448800000,4142.7001953125,4144.60009765625,4139.7998046875,4143.5,348
1785449100000,4143.89990234375,4147.89990234375,4143.89990234375,4147.2001953125,198
1785449400000,4147,4148.7998046875,4143.39990234375,4143.89990234375,190
1785449700000,4143.7001953125,4143.7001953125,4140,4140.60009765625,363
1785450000000,4141.2998046875,4142.2001953125,4140.60009765625,4140.7001953125,98
1785450300000,4140.5,4141.39990234375,4139.89990234375,4140.2998046875,93
1785450600000,4140,4142.5,4139.2001953125,4140.10009765625,161
1785450900000,4140,4140.89990234375,4139.2001953125,4139.7998046875,113
1785451200000,4140.2001953125,4140.2001953125,4133.39990234375,4133.39990234375,419
1785451500000,4133.89990234375,4136.10009765625,4132.7998046875,4135.60009765625,568
1785451800000,4134.89990234375,4135.60009765625,4132.5,4134.7998046875,166
1785452100000,4134.7998046875,4136.60009765625,4134,4134.10009765625,154
1785452400000,4134,4134.10009765625,4131.39990234375,4131.39990234375,120
1785452700000,4131.7001953125,4134.2998046875,4131.60009765625,4132.7001953125,164
1785453000000,4132,4133.39990234375,4129.7001953125,4131.39990234375,304
1785453300000,4131.10009765625,4132,4130,4131.2998046875,131
1785453600000,4131.39990234375,4132.5,4130.10009765625,4131.2998046875,122
1785453900000,4131.60009765625,4133.7998046875,4130.5,4133.2001953125,150
1785454200000,4133.2998046875,4135,4133,4134.89990234375,224
1785454500000,4134.2998046875,4137.39990234375,4132.89990234375,4136.60009765625,292
1785454800000,4136.10009765625,4136.39990234375,4133.5,4134.5,108
1785455100000,4134.89990234375,4135.5,4133.39990234375,4133.89990234375,38
1785455400000,4133.7998046875,4134.39990234375,4132.5,4132.7001953125,97
1785455700000,4133,4133.10009765625,4132,4133.10009765625,60
1785456000000,4132.60009765625,4133.7001953125,4131.89990234375,4132.2001953125,143
1785456300000,4133,4133.10009765625,4131.5,4133.10009765625,84
1785456600000,4133.2001953125,4135,4131,4134.89990234375,204
1785456900000,4134.7998046875,4135.7998046875,4133.60009765625,4133.89990234375,116
1785457200000,4133.7001953125,4136.60009765625,4132.2998046875,4136.2998046875,396
1785457500000,4136.2001953125,4138.10009765625,4135.39990234375,4138,280
1785457800000,4137.89990234375,4139,4137.39990234375,4137.7001953125,263
1785458100000,4137.7998046875,4139.5,4137.7998046875,4139.5,125
1785458400000,4139.39990234375,4139.39990234375,4137.10009765625,4137.10009765625,70
1785458700000,4137,4137.60009765625,4133.10009765625,4133.10009765625,372
1785459000000,4133.2001953125,4135.7001953125,4132.5,4135.5,94
1785459300000,4135.5,4138,4135.5,4137.60009765625,82
1785459600000,4138,4140.60009765625,4137.60009765625,4140.60009765625,142
1785459900000,4140.10009765625,4141.2998046875,4138.7001953125,4139.5,124
1785460200000,4139.60009765625,4140.10009765625,4137.5,4137.7998046875,87
1785460500000,4137.7001953125,4140.2998046875,4137.5,4140,103
1785460800000,4139.60009765625,4140.89990234375,4138.2998046875,4140.60009765625,133
1785461100000,4140.10009765625,4140.2998046875,4138,4138.89990234375,135
1785461400000,4139,4139.7001953125,4136.7998046875,4137,195
1785461700000,4137.2001953125,4139.10009765625,4135.39990234375,4137.7001953125,313
1785462000000,4137.5,4137.89990234375,4133.7001953125,4134.2998046875,183
1785462300000,4134.2001953125,4134.2001953125,4131.5,4133.60009765625,293
1785462600000,4133.39990234375,4133.5,4131,4133.2998046875,132
1785462900000,4133.10009765625,4133.7001953125,4131.2998046875,4132.10009765625,167
1785463200000,4132.39990234375,4135.7001953125,4130.5,4135.60009765625,271
1785463500000,4135.60009765625,4140.10009765625,4135.5,4140,241
1785463800000,4139.7998046875,4140.60009765625,4137.89990234375,4140.2998046875,139
1785464100000,4139.89990234375,4145.2998046875,4138.7998046875,4144.10009765625,413
1785464400000,4144.2998046875,4145,4140.10009765625,4141.2001953125,245
1785464700000,4142,4144.2998046875,4139.89990234375,4143.2001953125,145
1785465000000,4142.7001953125,4142.7001953125,4135.2998046875,4136.5,267
1785465300000,4136.5,4138.10009765625,4134.89990234375,4136.60009765625,139
1785465600000,4136.7001953125,4136.89990234375,4135.5,4135.7998046875,87
1785465900000,4135.5,4139.39990234375,4134.2001953125,4135.2998046875,323
1785466200000,4135.7998046875,4136.39990234375,4134.2001953125,4136.2001953125,130
1785466500000,4136.7998046875,4137.2001953125,4135.2001953125,4135.39990234375,173
1785466800000,4135,4135.7001953125,4133,4135.39990234375,252
1785467100000,4135.5,4136.7998046875,4134.7998046875,4136.10009765625,238
1785467400000,4136.10009765625,4136.2998046875,4133,4135.2001953125,212
1785467700000,4135.10009765625,4136.7998046875,4134,4136.2001953125,189
1785468000000,4136.2001953125,4136.2001953125,4132,4132.60009765625,203
1785468300000,4132.60009765625,4133.5,4129.5,4130.5,387
1785468600000,4130.2001953125,4130.2001953125,4126.5,4127.2998046875,557
1785468900000,4127,4130,4125.5,4129.5,395
1785469200000,4129.7001953125,4131.39990234375,4129.2001953125,4129.5,250
1785469500000,4129.7998046875,4132,4128.60009765625,4129.10009765625,441
1785469800000,4129.60009765625,4129.7998046875,4127,4128.5,449
1785470100000,4128.5,4129.2998046875,4124.7001953125,4125.10009765625,328
1785470400000,4125.39990234375,4125.39990234375,4120,4120.7001953125,622
1785470700000,4120.7001953125,4122.7001953125,4120.10009765625,4122.2001953125,264
1785471000000,4122.39990234375,4122.60009765625,4118.39990234375,4119.39990234375,335
1785471300000,4119.39990234375,4123.7998046875,4118.5,4123.60009765625,346
1785471600000,4123.5,4124.60009765625,4116.2001953125,4117.2998046875,819
1785471900000,4117.2001953125,4118.5,4114.89990234375,4115.7001953125,414
1785472200000,4115.7001953125,4116.5,4110.7998046875,4114.2998046875,804
1785472500000,4114.39990234375,4117.2001953125,4114,4116.89990234375,319
1785472800000,4116.60009765625,4118.39990234375,4115.2001953125,4116.10009765625,506
1785473100000,4115.89990234375,4119.7998046875,4114.60009765625,4118.10009765625,262
1785473400000,4118.10009765625,4119.2001953125,4115.2001953125,4115.2998046875,144
1785473700000,4115.2998046875,4121.2998046875,4115.10009765625,4117.60009765625,778
1785474000000,4117.2998046875,4120.7998046875,4117.10009765625,4117.2001953125,477
1785474300000,4116.89990234375,4118.7001953125,4114.5,4114.5,453
1785474600000,4114.39990234375,4114.89990234375,4111.60009765625,4113.39990234375,491
1785474900000,4113.39990234375,4113.7998046875,4111.2998046875,4112.39990234375,220
1785475200000,4112.2001953125,4114.2001953125,4108.2998046875,4109.2998046875,331
1785475500000,4109,4110,4107.7998046875,4108.7001953125,546
1785475800000,4108.39990234375,4111,4107.39990234375,4107.39990234375,402
1785476100000,4107.7001953125,4108.7001953125,4106.5,4107.5,404
1785476400000,4107.7001953125,4109.5,4107.2998046875,4109.39990234375,146
1785476700000,4109.2998046875,4113.39990234375,4108.39990234375,4113,444
1785477000000,4112.7001953125,4113.60009765625,4112.2001953125,4112.2001953125,152
1785477300000,4112.10009765625,4112.39990234375,4110.2001953125,4111.2998046875,134
1785477600000,4111.2001953125,4112.7998046875,4109.5,4112.7001953125,149
1785477900000,4112.5,4114.7001953125,4112,4114.10009765625,289
1785478200000,4113.89990234375,4113.89990234375,4111.60009765625,4112.2001953125,252
1785478500000,4112.2998046875,4112.39990234375,4109,4109.60009765625,199
1785478800000,4109.7001953125,4111.2998046875,4108.39990234375,4108.39990234375,109
1785479100000,4108.60009765625,4110.89990234375,4108.60009765625,4109.60009765625,130
1785479400000,4109.2001953125,4112.7998046875,4109.2001953125,4111.39990234375,133
1785479700000,4111.7001953125,4112.7001953125,4109.2998046875,4109.89990234375,93
1785480000000,4110.10009765625,4112,4109.7001953125,4111.10009765625,218
1785480300000,4111,4113.5,4110.7998046875,4112.2001953125,270
1785480600000,4112.2998046875,4112.7001953125,4110.7001953125,4111.10009765625,91
1785480900000,4111.10009765625,4111.5,4110.2001953125,4110.7998046875,78
1785481200000,4110.7001953125,4112,4108.2001953125,4111.89990234375,274
1785481500000,4111.5,4114.10009765625,4110.10009765625,4113.89990234375,283
1785481800000,4113.7998046875,4116,4113.10009765625,4113.7998046875,244
1785482100000,4113.60009765625,4115,4110.39990234375,4112.7998046875,238
1785482400000,4112.89990234375,4117.39990234375,4112.2998046875,4117,182
1785482700000,4117.10009765625,4117.2001953125,4113.89990234375,4115,207
1785483000000,4114.89990234375,4115,4109.7001953125,4110.39990234375,364
1785483300000,4110.39990234375,4112,4109.2998046875,4109.5,223
1785483600000,4109.60009765625,4109.89990234375,4106.7001953125,4108.39990234375,448
1785483900000,4108.2998046875,4109.60009765625,4107.2998046875,4108.5,149
1785484200000,4108.5,4111.2001953125,4108.2998046875,4111.2001953125,158
1785484500000,4111.10009765625,4111.60009765625,4109.60009765625,4110,315
1785484800000,4110.2998046875,4114.2998046875,4108.7998046875,4114.2998046875,344
1785485100000,4114.39990234375,4115.39990234375,4112.89990234375,4113.5,401
1785485400000,4113.7001953125,4115.7001953125,4111.60009765625,4115.39990234375,220
1785485700000,4115.60009765625,4115.7001953125,4111.89990234375,4113.10009765625,388
1785486000000,4113.10009765625,4114.89990234375,4106,4106.7998046875,682
1785486300000,4107.10009765625,4108.5,4103.10009765625,4103.5,766
1785486600000,4103.39990234375,4107.60009765625,4100.2998046875,4104.5,1839
1785486900000,4104,4107.7998046875,4100,4100.5,1299
1785487200000,4100.7998046875,4101.7001953125,4098.5,4100.89990234375,731
1785487500000,4100.5,4101.7998046875,4097.10009765625,4097.7001953125,727
1785487800000,4097.7001953125,4102.39990234375,4096.7001953125,4101.5,1144
1785488100000,4101.2998046875,4101.2998046875,4096.39990234375,4096.7998046875,739
1785488400000,4096.60009765625,4098.89990234375,4092.199951171875,4095.60009765625,1864
1785488700000,4096.10009765625,4096.10009765625,4091.39990234375,4092.39990234375,821
1785489000000,4092.800048828125,4094.10009765625,4090.5,4092.300048828125,688
1785489300000,4092.300048828125,4094.5,4091.5,4094,402
1785489600000,4093.60009765625,4103.39990234375,4091.800048828125,4101.10009765625,1874
1785489900000,4101.60009765625,4101.60009765625,4096.5,4098.89990234375,1048
1785490200000,4098.5,4100.2001953125,4091.199951171875,4091.89990234375,1937
1785490500000,4091.5,4093.699951171875,4082.800048828125,4083.89990234375,2875
1785490800000,4083.699951171875,4086.300048828125,4078.300048828125,4081,2239
1785491100000,4081.10009765625,4084.60009765625,4077.60009765625,4079,1211
1785491400000,4078.89990234375,4085.300048828125,4078.10009765625,4085.199951171875,1148
1785491700000,4084.60009765625,4088.300048828125,4080.800048828125,4081.5,1084
1785492000000,4080.800048828125,4088.39990234375,4080.699951171875,4085.89990234375,1380
1785492300000,4085.89990234375,4086.10009765625,4076.39990234375,4083.199951171875,1461
1785492600000,4083.300048828125,4088.699951171875,4081.699951171875,4088.199951171875,1089
1785492900000,4088.300048828125,4091.60009765625,4086,4089.5,1173
1785493200000,4089.699951171875,4094.800048828125,4088.5,4091.300048828125,1078
1785493500000,4091.699951171875,4096.5,4091.60009765625,4095.10009765625,866
1785493800000,4094.89990234375,4097,4092.800048828125,4096.7998046875,591
1785494100000,4096.5,4098.7998046875,4095.699951171875,4097.5,505
1785494400000,4097.5,4099.2998046875,4096.2998046875,4097.60009765625,554
1785494700000,4097.7001953125,4102,4097.10009765625,4099.89990234375,786
1785495000000,4100,4105.2998046875,4098.89990234375,4102.5,1028
1785495300000,4102.60009765625,4106.89990234375,4101.2001953125,4105.60009765625,719
1785495600000,4105.7998046875,4107.2001953125,4101,4101.39990234375,1773
1785495900000,4101.5,4105.60009765625,4100.7998046875,4102.10009765625,1006
1785496200000,4102.2998046875,4104,4099.2001953125,4103.60009765625,1037
1785496500000,4103.2998046875,4109.10009765625,4098.60009765625,4101.60009765625,1638
1785496800000,4101.7998046875,4102.60009765625,4098.2998046875,4099.7001953125,472
1785497100000,4099.5,4101,4096.60009765625,4097.2998046875,551
1785497400000,4097.2998046875,4098.60009765625,4093,4095.10009765625,688
1785497700000,4095.10009765625,4099.60009765625,4093.800048828125,4098.2998046875,571
1785498000000,4098.60009765625,4099.7001953125,4096.7998046875,4098.39990234375,336
1785498300000,4098.2998046875,4099.10009765625,4096.2998046875,4096.5,310
1785498600000,4096.60009765625,4102.5,4096.10009765625,4101.2998046875,862
1785498900000,4101.39990234375,4103,4100.7998046875,4101.7998046875,329
1785499200000,4101.7998046875,4102.2998046875,4099.60009765625,4100.39990234375,267
1785499500000,4100.10009765625,4100.7001953125,4097.60009765625,4100.10009765625,169
1785499800000,4100.2001953125,4103,4100,4101.89990234375,306
1785500100000,4102.7998046875,4102.89990234375,4099.10009765625,4101.2001953125,235
1785500400000,4101.2998046875,4103.7998046875,4101.10009765625,4102.39990234375,367
1785500700000,4102.10009765625,4104.60009765625,4100.5,4103.60009765625,585
1785501000000,4103.7001953125,4105.7998046875,4103.2001953125,4105.39990234375,376
1785501300000,4105.5,4106,4103,4103,278
1785501600000,4103,4103.5,4097.2001953125,4098.7998046875,632
1785501900000,4098.7001953125,4100.7998046875,4098.2001953125,4100,267
1785502200000,4100.39990234375,4101.2001953125,4099.2001953125,4099.5,188
1785502500000,4099.39990234375,4099.89990234375,4098.10009765625,4099.2998046875,232
1785502800000,4099.2001953125,4101.7001953125,4098.2998046875,4098.7998046875,290
1785503100000,4099,4100.5,4097.60009765625,4098,240
1785503400000,4098,4102.39990234375,4097.2998046875,4101.60009765625,544
1785503700000,4101.60009765625,4103.10009765625,4100.89990234375,4102.7998046875,318
1785504000000,4102.7001953125,4104.7001953125,4101.10009765625,4103.89990234375,552
1785504300000,4103.7001953125,4109.7998046875,4101.10009765625,4106.60009765625,2375
1785504600000,4106.7998046875,4109.7998046875,4104.2998046875,4104.2998046875,1160
1785504900000,4104.39990234375,4107.7001953125,4103.7998046875,4106.5,442
1785505200000,4106.7001953125,4108.39990234375,4106.10009765625,4108,362
1785505500000,4108,4110.7998046875,4106.2998046875,4108.5,724
1785505800000,4108.5,4111,4108.2998046875,4109.10009765625,245
1785506100000,4109,4110.2998046875,4108.5,4109.7998046875,195
1785506400000,4110,4111.2998046875,4108.10009765625,4108.60009765625,228
1785506700000,4108,4108.5,4105.7998046875,4107.39990234375,307
1785507000000,4107.39990234375,4107.39990234375,4102.89990234375,4104.10009765625,562
1785507300000,4103.89990234375,4106.7001953125,4103.60009765625,4105.7001953125,262
1785507600000,4105.89990234375,4107.7998046875,4105.39990234375,4107.2001953125,233
1785507900000,4107.2001953125,4107.89990234375,4106.10009765625,4107.10009765625,184
1785508200000,4107,4107.39990234375,4105,4105.39990234375,139
1785508500000,4105,4107.7998046875,4103.89990234375,4106.89990234375,232
1785508800000,4106.7001953125,4107.7001953125,4105.2998046875,4105.60009765625,275
1785509100000,4105.39990234375,4106.10009765625,4104.10009765625,4106.10009765625,167
1785509400000,4106.10009765625,4107.5,4105.89990234375,4106.2001953125,157
1785509700000,4106.2001953125,4107.10009765625,4105.39990234375,4106.60009765625,146
1785510000000,4106.7998046875,4109,4104.60009765625,4105.2998046875,411
1785510300000,4105.10009765625,4105.7001953125,4104.10009765625,4105.5,166
1785510600000,4105.5,4106.2001953125,4102.60009765625,4104.2001953125,161
1785510900000,4104.2001953125,4105.10009765625,4103.2001953125,4104.89990234375,346
1785511200000,4104.7998046875,4105.7001953125,4103.89990234375,4105.10009765625,151
1785511500000,4105.2998046875,4106.60009765625,4105,4106.39990234375,93
1785511800000,4106.39990234375,4107.60009765625,4104.89990234375,4106.2001953125,295
1785512100000,4106.39990234375,4107.5,4105.7001953125,4105.89990234375,130
1785512400000,4105.7001953125,4110.7001953125,4105.60009765625,4109.89990234375,338
1785512700000,4109.89990234375,4111.89990234375,4109.2998046875,4111.10009765625,266
1785513000000,4110.7998046875,4110.7998046875,4107.10009765625,4107.39990234375,376
1785513300000,4107.5,4109.10009765625,4106.39990234375,4107.7001953125,682
1785513600000,4107.60009765625,4108.39990234375,4105.2001953125,4105.39990234375,261
1785513900000,4105.10009765625,4105.2001953125,4101.89990234375,4103.7001953125,331
1785514200000,4103.10009765625,4104.60009765625,4103,4104.39990234375,98
1785514500000,4104.39990234375,4104.89990234375,4103,4104.60009765625,105
1785514800000,4104.5,4105.2998046875,4103.89990234375,4104.7001953125,91
1785515100000,4104.60009765625,4104.60009765625,4103.10009765625,4104.39990234375,62
1785515400000,4104.2998046875,4107.5,4103.60009765625,4106.60009765625,190
1785515700000,4107.5,4109.2001953125,4107,4107.10009765625,128
1785516000000,4107.2998046875,4108.60009765625,4107,4107.2998046875,63
1785516300000,4107.7001953125,4108.60009765625,4107,4107.7001953125,135
1785516600000,4107.39990234375,4108.5,4100.89990234375,4103.5,502
1785516900000,4102.5,4107,4097.39990234375,4107,547
